ISO-10303-21;
HEADER;
/* Generated by software containing ST-Developer
 * from STEP Tools, Inc. (www.steptools.com) 
 */

FILE_DESCRIPTION(
/* description */ (''),
/* implementation_level */ '2;1');

FILE_NAME(
/* name */ '2.5 mold inside.stp',
/* time_stamp */ '2026-01-16T13:14:22+13:00',
/* author */ ('cloudy'),
/* organization */ (''),
/* preprocessor_version */ 'ST-DEVELOPER v20',
/* originating_system */ 'Autodesk Inventor 2025',
/* authorisation */ '');

FILE_SCHEMA (('AUTOMOTIVE_DESIGN { 1 0 10303 214 3 1 1 }'));
ENDSEC;

DATA;
#10=MECHANICAL_DESIGN_GEOMETRIC_PRESENTATION_REPRESENTATION('',(#13),#2089);
#11=SHAPE_REPRESENTATION_RELATIONSHIP('SRR','None',#2100,#12);
#12=ADVANCED_BREP_SHAPE_REPRESENTATION('',(#14),#2088);
#13=STYLED_ITEM('',(#2109),#14);
#14=MANIFOLD_SOLID_BREP('Solid1',#1177);
#15=FACE_BOUND('',#122,.T.);
#16=FACE_BOUND('',#123,.T.);
#17=FACE_BOUND('',#124,.T.);
#18=FACE_BOUND('',#125,.T.);
#19=FACE_BOUND('',#126,.T.);
#20=FACE_BOUND('',#127,.T.);
#21=FACE_BOUND('',#136,.T.);
#22=FACE_BOUND('',#138,.T.);
#23=FACE_BOUND('',#140,.T.);
#24=FACE_BOUND('',#142,.T.);
#25=FACE_BOUND('',#144,.T.);
#26=FACE_BOUND('',#146,.T.);
#27=FACE_BOUND('',#197,.T.);
#28=FACE_BOUND('',#198,.T.);
#29=FACE_BOUND('',#199,.T.);
#30=FACE_BOUND('',#200,.T.);
#31=FACE_BOUND('',#201,.T.);
#32=FACE_BOUND('',#202,.T.);
#33=FACE_BOUND('',#203,.T.);
#34=PLANE('',#1202);
#35=PLANE('',#1221);
#36=PLANE('',#1223);
#37=PLANE('',#1230);
#38=PLANE('',#1237);
#39=PLANE('',#1244);
#40=PLANE('',#1251);
#41=PLANE('',#1258);
#42=PLANE('',#1267);
#43=PLANE('',#1274);
#44=PLANE('',#1285);
#45=PLANE('',#1292);
#46=PLANE('',#1299);
#47=PLANE('',#1306);
#48=PLANE('',#1313);
#49=PLANE('',#1320);
#50=PLANE('',#1327);
#51=PLANE('',#1334);
#52=PLANE('',#1341);
#53=PLANE('',#1348);
#54=PLANE('',#1351);
#55=FACE_OUTER_BOUND('',#120,.T.);
#56=FACE_OUTER_BOUND('',#121,.T.);
#57=FACE_OUTER_BOUND('',#128,.T.);
#58=FACE_OUTER_BOUND('',#129,.T.);
#59=FACE_OUTER_BOUND('',#130,.T.);
#60=FACE_OUTER_BOUND('',#131,.T.);
#61=FACE_OUTER_BOUND('',#132,.T.);
#62=FACE_OUTER_BOUND('',#133,.T.);
#63=FACE_OUTER_BOUND('',#134,.T.);
#64=FACE_OUTER_BOUND('',#135,.T.);
#65=FACE_OUTER_BOUND('',#137,.T.);
#66=FACE_OUTER_BOUND('',#139,.T.);
#67=FACE_OUTER_BOUND('',#141,.T.);
#68=FACE_OUTER_BOUND('',#143,.T.);
#69=FACE_OUTER_BOUND('',#145,.T.);
#70=FACE_OUTER_BOUND('',#147,.T.);
#71=FACE_OUTER_BOUND('',#148,.T.);
#72=FACE_OUTER_BOUND('',#149,.T.);
#73=FACE_OUTER_BOUND('',#150,.T.);
#74=FACE_OUTER_BOUND('',#151,.T.);
#75=FACE_OUTER_BOUND('',#152,.T.);
#76=FACE_OUTER_BOUND('',#153,.T.);
#77=FACE_OUTER_BOUND('',#154,.T.);
#78=FACE_OUTER_BOUND('',#155,.T.);
#79=FACE_OUTER_BOUND('',#156,.T.);
#80=FACE_OUTER_BOUND('',#157,.T.);
#81=FACE_OUTER_BOUND('',#158,.T.);
#82=FACE_OUTER_BOUND('',#159,.T.);
#83=FACE_OUTER_BOUND('',#160,.T.);
#84=FACE_OUTER_BOUND('',#161,.T.);
#85=FACE_OUTER_BOUND('',#162,.T.);
#86=FACE_OUTER_BOUND('',#163,.T.);
#87=FACE_OUTER_BOUND('',#164,.T.);
#88=FACE_OUTER_BOUND('',#165,.T.);
#89=FACE_OUTER_BOUND('',#166,.T.);
#90=FACE_OUTER_BOUND('',#167,.T.);
#91=FACE_OUTER_BOUND('',#168,.T.);
#92=FACE_OUTER_BOUND('',#169,.T.);
#93=FACE_OUTER_BOUND('',#170,.T.);
#94=FACE_OUTER_BOUND('',#171,.T.);
#95=FACE_OUTER_BOUND('',#172,.T.);
#96=FACE_OUTER_BOUND('',#173,.T.);
#97=FACE_OUTER_BOUND('',#174,.T.);
#98=FACE_OUTER_BOUND('',#175,.T.);
#99=FACE_OUTER_BOUND('',#176,.T.);
#100=FACE_OUTER_BOUND('',#177,.T.);
#101=FACE_OUTER_BOUND('',#178,.T.);
#102=FACE_OUTER_BOUND('',#179,.T.);
#103=FACE_OUTER_BOUND('',#180,.T.);
#104=FACE_OUTER_BOUND('',#181,.T.);
#105=FACE_OUTER_BOUND('',#182,.T.);
#106=FACE_OUTER_BOUND('',#183,.T.);
#107=FACE_OUTER_BOUND('',#184,.T.);
#108=FACE_OUTER_BOUND('',#185,.T.);
#109=FACE_OUTER_BOUND('',#186,.T.);
#110=FACE_OUTER_BOUND('',#187,.T.);
#111=FACE_OUTER_BOUND('',#188,.T.);
#112=FACE_OUTER_BOUND('',#189,.T.);
#113=FACE_OUTER_BOUND('',#190,.T.);
#114=FACE_OUTER_BOUND('',#191,.T.);
#115=FACE_OUTER_BOUND('',#192,.T.);
#116=FACE_OUTER_BOUND('',#193,.T.);
#117=FACE_OUTER_BOUND('',#194,.T.);
#118=FACE_OUTER_BOUND('',#195,.T.);
#119=FACE_OUTER_BOUND('',#196,.T.);
#120=EDGE_LOOP('',(#732,#733,#734,#735));
#121=EDGE_LOOP('',(#736));
#122=EDGE_LOOP('',(#737));
#123=EDGE_LOOP('',(#738));
#124=EDGE_LOOP('',(#739));
#125=EDGE_LOOP('',(#740));
#126=EDGE_LOOP('',(#741));
#127=EDGE_LOOP('',(#742));
#128=EDGE_LOOP('',(#743,#744,#745,#746));
#129=EDGE_LOOP('',(#747,#748,#749,#750));
#130=EDGE_LOOP('',(#751,#752,#753,#754));
#131=EDGE_LOOP('',(#755,#756,#757,#758));
#132=EDGE_LOOP('',(#759,#760,#761,#762));
#133=EDGE_LOOP('',(#763,#764,#765,#766));
#134=EDGE_LOOP('',(#767));
#135=EDGE_LOOP('',(#768,#769,#770,#771,#772,#773,#774,#775));
#136=EDGE_LOOP('',(#776));
#137=EDGE_LOOP('',(#777,#778,#779,#780,#781,#782,#783,#784));
#138=EDGE_LOOP('',(#785));
#139=EDGE_LOOP('',(#786,#787,#788,#789,#790,#791,#792,#793));
#140=EDGE_LOOP('',(#794));
#141=EDGE_LOOP('',(#795,#796,#797,#798,#799,#800,#801,#802));
#142=EDGE_LOOP('',(#803));
#143=EDGE_LOOP('',(#804,#805,#806,#807,#808,#809,#810,#811));
#144=EDGE_LOOP('',(#812));
#145=EDGE_LOOP('',(#813,#814,#815,#816,#817,#818,#819,#820));
#146=EDGE_LOOP('',(#821));
#147=EDGE_LOOP('',(#822,#823,#824,#825));
#148=EDGE_LOOP('',(#826,#827,#828,#829));
#149=EDGE_LOOP('',(#830,#831,#832,#833));
#150=EDGE_LOOP('',(#834,#835,#836,#837));
#151=EDGE_LOOP('',(#838,#839,#840,#841));
#152=EDGE_LOOP('',(#842,#843,#844,#845));
#153=EDGE_LOOP('',(#846,#847,#848,#849));
#154=EDGE_LOOP('',(#850,#851,#852,#853));
#155=EDGE_LOOP('',(#854,#855,#856,#857));
#156=EDGE_LOOP('',(#858,#859,#860,#861));
#157=EDGE_LOOP('',(#862,#863,#864,#865));
#158=EDGE_LOOP('',(#866,#867,#868,#869));
#159=EDGE_LOOP('',(#870,#871,#872,#873));
#160=EDGE_LOOP('',(#874,#875,#876,#877));
#161=EDGE_LOOP('',(#878,#879,#880,#881));
#162=EDGE_LOOP('',(#882,#883,#884,#885));
#163=EDGE_LOOP('',(#886,#887,#888,#889));
#164=EDGE_LOOP('',(#890,#891,#892,#893));
#165=EDGE_LOOP('',(#894,#895,#896,#897));
#166=EDGE_LOOP('',(#898,#899,#900,#901));
#167=EDGE_LOOP('',(#902,#903,#904,#905));
#168=EDGE_LOOP('',(#906,#907,#908,#909));
#169=EDGE_LOOP('',(#910,#911,#912,#913));
#170=EDGE_LOOP('',(#914,#915,#916,#917));
#171=EDGE_LOOP('',(#918,#919,#920,#921));
#172=EDGE_LOOP('',(#922,#923,#924,#925));
#173=EDGE_LOOP('',(#926,#927,#928,#929));
#174=EDGE_LOOP('',(#930,#931,#932,#933));
#175=EDGE_LOOP('',(#934,#935,#936,#937));
#176=EDGE_LOOP('',(#938,#939,#940,#941));
#177=EDGE_LOOP('',(#942,#943,#944,#945));
#178=EDGE_LOOP('',(#946,#947,#948,#949));
#179=EDGE_LOOP('',(#950,#951,#952,#953));
#180=EDGE_LOOP('',(#954,#955,#956,#957));
#181=EDGE_LOOP('',(#958,#959,#960,#961));
#182=EDGE_LOOP('',(#962,#963,#964,#965));
#183=EDGE_LOOP('',(#966,#967,#968,#969));
#184=EDGE_LOOP('',(#970,#971,#972,#973));
#185=EDGE_LOOP('',(#974,#975,#976,#977));
#186=EDGE_LOOP('',(#978,#979,#980,#981));
#187=EDGE_LOOP('',(#982,#983,#984,#985));
#188=EDGE_LOOP('',(#986,#987,#988,#989));
#189=EDGE_LOOP('',(#990,#991,#992,#993));
#190=EDGE_LOOP('',(#994,#995,#996,#997));
#191=EDGE_LOOP('',(#998,#999,#1000,#1001));
#192=EDGE_LOOP('',(#1002,#1003,#1004,#1005));
#193=EDGE_LOOP('',(#1006,#1007,#1008,#1009));
#194=EDGE_LOOP('',(#1010,#1011,#1012,#1013));
#195=EDGE_LOOP('',(#1014,#1015,#1016,#1017));
#196=EDGE_LOOP('',(#1018));
#197=EDGE_LOOP('',(#1019,#1020,#1021,#1022,#1023,#1024,#1025,#1026));
#198=EDGE_LOOP('',(#1027,#1028,#1029,#1030,#1031,#1032,#1033,#1034));
#199=EDGE_LOOP('',(#1035,#1036,#1037,#1038,#1039,#1040,#1041,#1042));
#200=EDGE_LOOP('',(#1043,#1044,#1045,#1046,#1047,#1048,#1049,#1050));
#201=EDGE_LOOP('',(#1051,#1052,#1053,#1054,#1055,#1056,#1057,#1058));
#202=EDGE_LOOP('',(#1059));
#203=EDGE_LOOP('',(#1060,#1061,#1062,#1063,#1064,#1065,#1066,#1067));
#204=LINE('',#1745,#284);
#205=LINE('',#1763,#285);
#206=LINE('',#1767,#286);
#207=LINE('',#1771,#287);
#208=LINE('',#1775,#288);
#209=LINE('',#1779,#289);
#210=LINE('',#1783,#290);
#211=LINE('',#1796,#291);
#212=LINE('',#1803,#292);
#213=LINE('',#1813,#293);
#214=LINE('',#1820,#294);
#215=LINE('',#1830,#295);
#216=LINE('',#1837,#296);
#217=LINE('',#1847,#297);
#218=LINE('',#1854,#298);
#219=LINE('',#1864,#299);
#220=LINE('',#1871,#300);
#221=LINE('',#1881,#301);
#222=LINE('',#1888,#302);
#223=LINE('',#1891,#303);
#224=LINE('',#1894,#304);
#225=LINE('',#1897,#305);
#226=LINE('',#1898,#306);
#227=LINE('',#1901,#307);
#228=LINE('',#1904,#308);
#229=LINE('',#1908,#309);
#230=LINE('',#1912,#310);
#231=LINE('',#1915,#311);
#232=LINE('',#1916,#312);
#233=LINE('',#1919,#313);
#234=LINE('',#1922,#314);
#235=LINE('',#1926,#315);
#236=LINE('',#1929,#316);
#237=LINE('',#1932,#317);
#238=LINE('',#1936,#318);
#239=LINE('',#1940,#319);
#240=LINE('',#1943,#320);
#241=LINE('',#1944,#321);
#242=LINE('',#1947,#322);
#243=LINE('',#1950,#323);
#244=LINE('',#1954,#324);
#245=LINE('',#1958,#325);
#246=LINE('',#1961,#326);
#247=LINE('',#1962,#327);
#248=LINE('',#1965,#328);
#249=LINE('',#1968,#329);
#250=LINE('',#1972,#330);
#251=LINE('',#1976,#331);
#252=LINE('',#1979,#332);
#253=LINE('',#1980,#333);
#254=LINE('',#1983,#334);
#255=LINE('',#1986,#335);
#256=LINE('',#1992,#336);
#257=LINE('',#1995,#337);
#258=LINE('',#1996,#338);
#259=LINE('',#2000,#339);
#260=LINE('',#2004,#340);
#261=LINE('',#2008,#341);
#262=LINE('',#2010,#342);
#263=LINE('',#2014,#343);
#264=LINE('',#2018,#344);
#265=LINE('',#2022,#345);
#266=LINE('',#2024,#346);
#267=LINE('',#2028,#347);
#268=LINE('',#2032,#348);
#269=LINE('',#2036,#349);
#270=LINE('',#2038,#350);
#271=LINE('',#2042,#351);
#272=LINE('',#2046,#352);
#273=LINE('',#2050,#353);
#274=LINE('',#2052,#354);
#275=LINE('',#2056,#355);
#276=LINE('',#2060,#356);
#277=LINE('',#2064,#357);
#278=LINE('',#2066,#358);
#279=LINE('',#2070,#359);
#280=LINE('',#2074,#360);
#281=LINE('',#2078,#361);
#282=LINE('',#2080,#362);
#283=LINE('',#2083,#363);
#284=VECTOR('',#1358,1.25);
#285=VECTOR('',#1379,0.0885);
#286=VECTOR('',#1384,0.0885);
#287=VECTOR('',#1389,0.0885);
#288=VECTOR('',#1394,0.0885);
#289=VECTOR('',#1399,0.0885);
#290=VECTOR('',#1404,0.0885);
#291=VECTOR('',#1417,0.393700787401575);
#292=VECTOR('',#1424,0.393700787401575);
#293=VECTOR('',#1433,0.393700787401575);
#294=VECTOR('',#1440,0.393700787401575);
#295=VECTOR('',#1449,0.393700787401575);
#296=VECTOR('',#1456,0.393700787401575);
#297=VECTOR('',#1465,0.393700787401575);
#298=VECTOR('',#1472,0.393700787401575);
#299=VECTOR('',#1481,0.393700787401575);
#300=VECTOR('',#1488,0.393700787401575);
#301=VECTOR('',#1497,0.393700787401575);
#302=VECTOR('',#1504,0.393700787401575);
#303=VECTOR('',#1507,0.393700787401575);
#304=VECTOR('',#1510,0.393700787401575);
#305=VECTOR('',#1513,0.393700787401575);
#306=VECTOR('',#1514,0.393700787401575);
#307=VECTOR('',#1517,0.393700787401575);
#308=VECTOR('',#1520,0.393700787401575);
#309=VECTOR('',#1525,0.393700787401575);
#310=VECTOR('',#1530,0.393700787401575);
#311=VECTOR('',#1533,0.393700787401575);
#312=VECTOR('',#1534,0.393700787401575);
#313=VECTOR('',#1537,0.393700787401575);
#314=VECTOR('',#1540,0.393700787401575);
#315=VECTOR('',#1545,0.393700787401575);
#316=VECTOR('',#1548,0.393700787401575);
#317=VECTOR('',#1551,0.393700787401575);
#318=VECTOR('',#1556,0.393700787401575);
#319=VECTOR('',#1561,0.393700787401575);
#320=VECTOR('',#1564,0.393700787401575);
#321=VECTOR('',#1565,0.393700787401575);
#322=VECTOR('',#1568,0.393700787401575);
#323=VECTOR('',#1571,0.393700787401575);
#324=VECTOR('',#1576,0.393700787401575);
#325=VECTOR('',#1581,0.393700787401575);
#326=VECTOR('',#1584,0.393700787401575);
#327=VECTOR('',#1585,0.393700787401575);
#328=VECTOR('',#1588,0.393700787401575);
#329=VECTOR('',#1591,0.393700787401575);
#330=VECTOR('',#1596,0.393700787401575);
#331=VECTOR('',#1601,0.393700787401575);
#332=VECTOR('',#1604,0.393700787401575);
#333=VECTOR('',#1605,0.393700787401575);
#334=VECTOR('',#1608,0.393700787401575);
#335=VECTOR('',#1611,0.393700787401575);
#336=VECTOR('',#1620,0.393700787401575);
#337=VECTOR('',#1623,0.393700787401575);
#338=VECTOR('',#1624,0.393700787401575);
#339=VECTOR('',#1629,0.393700787401575);
#340=VECTOR('',#1634,0.393700787401575);
#341=VECTOR('',#1639,0.393700787401575);
#342=VECTOR('',#1642,0.393700787401575);
#343=VECTOR('',#1647,0.393700787401575);
#344=VECTOR('',#1652,0.393700787401575);
#345=VECTOR('',#1657,0.393700787401575);
#346=VECTOR('',#1660,0.393700787401575);
#347=VECTOR('',#1665,0.393700787401575);
#348=VECTOR('',#1670,0.393700787401575);
#349=VECTOR('',#1675,0.393700787401575);
#350=VECTOR('',#1678,0.393700787401575);
#351=VECTOR('',#1683,0.393700787401575);
#352=VECTOR('',#1688,0.393700787401575);
#353=VECTOR('',#1693,0.393700787401575);
#354=VECTOR('',#1696,0.393700787401575);
#355=VECTOR('',#1701,0.393700787401575);
#356=VECTOR('',#1706,0.393700787401575);
#357=VECTOR('',#1711,0.393700787401575);
#358=VECTOR('',#1714,0.393700787401575);
#359=VECTOR('',#1719,0.393700787401575);
#360=VECTOR('',#1724,0.393700787401575);
#361=VECTOR('',#1729,0.393700787401575);
#362=VECTOR('',#1732,0.393700787401575);
#363=VECTOR('',#1735,0.2);
#364=CIRCLE('',#1200,1.25);
#365=CIRCLE('',#1201,1.25);
#366=CIRCLE('',#1203,0.0885);
#367=CIRCLE('',#1204,0.0885);
#368=CIRCLE('',#1205,0.0885);
#369=CIRCLE('',#1206,0.0885);
#370=CIRCLE('',#1207,0.0885);
#371=CIRCLE('',#1208,0.0885);
#372=CIRCLE('',#1210,0.0885);
#373=CIRCLE('',#1212,0.0885);
#374=CIRCLE('',#1214,0.0885);
#375=CIRCLE('',#1216,0.0885);
#376=CIRCLE('',#1218,0.0885);
#377=CIRCLE('',#1220,0.0885);
#378=CIRCLE('',#1222,0.2);
#379=CIRCLE('',#1224,0.125);
#380=CIRCLE('',#1225,1.0625);
#381=CIRCLE('',#1226,0.125);
#382=CIRCLE('',#1227,0.125);
#383=CIRCLE('',#1228,0.4375);
#384=CIRCLE('',#1229,0.125);
#385=CIRCLE('',#1231,0.125);
#386=CIRCLE('',#1232,1.0625);
#387=CIRCLE('',#1233,0.125);
#388=CIRCLE('',#1234,0.125);
#389=CIRCLE('',#1235,0.4375);
#390=CIRCLE('',#1236,0.125);
#391=CIRCLE('',#1238,0.125);
#392=CIRCLE('',#1239,1.0625);
#393=CIRCLE('',#1240,0.125);
#394=CIRCLE('',#1241,0.125);
#395=CIRCLE('',#1242,0.4375);
#396=CIRCLE('',#1243,0.125);
#397=CIRCLE('',#1245,0.125);
#398=CIRCLE('',#1246,1.0625);
#399=CIRCLE('',#1247,0.125);
#400=CIRCLE('',#1248,0.125);
#401=CIRCLE('',#1249,0.4375);
#402=CIRCLE('',#1250,0.125);
#403=CIRCLE('',#1252,0.125);
#404=CIRCLE('',#1253,1.0625);
#405=CIRCLE('',#1254,0.125);
#406=CIRCLE('',#1255,0.125);
#407=CIRCLE('',#1256,0.4375);
#408=CIRCLE('',#1257,0.125);
#409=CIRCLE('',#1259,0.125);
#410=CIRCLE('',#1260,1.0625);
#411=CIRCLE('',#1261,0.125);
#412=CIRCLE('',#1262,0.125);
#413=CIRCLE('',#1263,0.4375);
#414=CIRCLE('',#1264,0.125);
#415=CIRCLE('',#1266,0.125);
#416=CIRCLE('',#1269,0.125);
#417=CIRCLE('',#1271,1.0625);
#418=CIRCLE('',#1273,0.125);
#419=CIRCLE('',#1276,0.125);
#420=CIRCLE('',#1278,1.0625);
#421=CIRCLE('',#1280,0.125);
#422=CIRCLE('',#1282,1.0625);
#423=CIRCLE('',#1284,0.125);
#424=CIRCLE('',#1287,0.125);
#425=CIRCLE('',#1289,1.0625);
#426=CIRCLE('',#1291,0.125);
#427=CIRCLE('',#1294,0.125);
#428=CIRCLE('',#1296,1.0625);
#429=CIRCLE('',#1298,0.125);
#430=CIRCLE('',#1301,0.125);
#431=CIRCLE('',#1303,1.0625);
#432=CIRCLE('',#1305,0.125);
#433=CIRCLE('',#1308,0.125);
#434=CIRCLE('',#1310,0.4375);
#435=CIRCLE('',#1312,0.125);
#436=CIRCLE('',#1315,0.125);
#437=CIRCLE('',#1317,0.4375);
#438=CIRCLE('',#1319,0.125);
#439=CIRCLE('',#1322,0.125);
#440=CIRCLE('',#1324,0.4375);
#441=CIRCLE('',#1326,0.125);
#442=CIRCLE('',#1329,0.125);
#443=CIRCLE('',#1331,0.4375);
#444=CIRCLE('',#1333,0.125);
#445=CIRCLE('',#1336,0.125);
#446=CIRCLE('',#1338,0.4375);
#447=CIRCLE('',#1340,0.125);
#448=CIRCLE('',#1343,0.125);
#449=CIRCLE('',#1345,0.4375);
#450=CIRCLE('',#1347,0.125);
#451=CIRCLE('',#1350,0.2);
#452=VERTEX_POINT('',#1742);
#453=VERTEX_POINT('',#1744);
#454=VERTEX_POINT('',#1748);
#455=VERTEX_POINT('',#1750);
#456=VERTEX_POINT('',#1752);
#457=VERTEX_POINT('',#1754);
#458=VERTEX_POINT('',#1756);
#459=VERTEX_POINT('',#1758);
#460=VERTEX_POINT('',#1761);
#461=VERTEX_POINT('',#1765);
#462=VERTEX_POINT('',#1769);
#463=VERTEX_POINT('',#1773);
#464=VERTEX_POINT('',#1777);
#465=VERTEX_POINT('',#1781);
#466=VERTEX_POINT('',#1785);
#467=VERTEX_POINT('',#1788);
#468=VERTEX_POINT('',#1789);
#469=VERTEX_POINT('',#1791);
#470=VERTEX_POINT('',#1793);
#471=VERTEX_POINT('',#1795);
#472=VERTEX_POINT('',#1797);
#473=VERTEX_POINT('',#1799);
#474=VERTEX_POINT('',#1801);
#475=VERTEX_POINT('',#1805);
#476=VERTEX_POINT('',#1806);
#477=VERTEX_POINT('',#1808);
#478=VERTEX_POINT('',#1810);
#479=VERTEX_POINT('',#1812);
#480=VERTEX_POINT('',#1814);
#481=VERTEX_POINT('',#1816);
#482=VERTEX_POINT('',#1818);
#483=VERTEX_POINT('',#1822);
#484=VERTEX_POINT('',#1823);
#485=VERTEX_POINT('',#1825);
#486=VERTEX_POINT('',#1827);
#487=VERTEX_POINT('',#1829);
#488=VERTEX_POINT('',#1831);
#489=VERTEX_POINT('',#1833);
#490=VERTEX_POINT('',#1835);
#491=VERTEX_POINT('',#1839);
#492=VERTEX_POINT('',#1840);
#493=VERTEX_POINT('',#1842);
#494=VERTEX_POINT('',#1844);
#495=VERTEX_POINT('',#1846);
#496=VERTEX_POINT('',#1848);
#497=VERTEX_POINT('',#1850);
#498=VERTEX_POINT('',#1852);
#499=VERTEX_POINT('',#1856);
#500=VERTEX_POINT('',#1857);
#501=VERTEX_POINT('',#1859);
#502=VERTEX_POINT('',#1861);
#503=VERTEX_POINT('',#1863);
#504=VERTEX_POINT('',#1865);
#505=VERTEX_POINT('',#1867);
#506=VERTEX_POINT('',#1869);
#507=VERTEX_POINT('',#1873);
#508=VERTEX_POINT('',#1874);
#509=VERTEX_POINT('',#1876);
#510=VERTEX_POINT('',#1878);
#511=VERTEX_POINT('',#1880);
#512=VERTEX_POINT('',#1882);
#513=VERTEX_POINT('',#1884);
#514=VERTEX_POINT('',#1886);
#515=VERTEX_POINT('',#1890);
#516=VERTEX_POINT('',#1892);
#517=VERTEX_POINT('',#1896);
#518=VERTEX_POINT('',#1900);
#519=VERTEX_POINT('',#1902);
#520=VERTEX_POINT('',#1906);
#521=VERTEX_POINT('',#1910);
#522=VERTEX_POINT('',#1914);
#523=VERTEX_POINT('',#1918);
#524=VERTEX_POINT('',#1920);
#525=VERTEX_POINT('',#1924);
#526=VERTEX_POINT('',#1928);
#527=VERTEX_POINT('',#1930);
#528=VERTEX_POINT('',#1934);
#529=VERTEX_POINT('',#1938);
#530=VERTEX_POINT('',#1942);
#531=VERTEX_POINT('',#1946);
#532=VERTEX_POINT('',#1948);
#533=VERTEX_POINT('',#1952);
#534=VERTEX_POINT('',#1956);
#535=VERTEX_POINT('',#1960);
#536=VERTEX_POINT('',#1964);
#537=VERTEX_POINT('',#1966);
#538=VERTEX_POINT('',#1970);
#539=VERTEX_POINT('',#1974);
#540=VERTEX_POINT('',#1978);
#541=VERTEX_POINT('',#1982);
#542=VERTEX_POINT('',#1984);
#543=VERTEX_POINT('',#1990);
#544=VERTEX_POINT('',#1994);
#545=VERTEX_POINT('',#1998);
#546=VERTEX_POINT('',#2002);
#547=VERTEX_POINT('',#2006);
#548=VERTEX_POINT('',#2012);
#549=VERTEX_POINT('',#2016);
#550=VERTEX_POINT('',#2020);
#551=VERTEX_POINT('',#2026);
#552=VERTEX_POINT('',#2030);
#553=VERTEX_POINT('',#2034);
#554=VERTEX_POINT('',#2040);
#555=VERTEX_POINT('',#2044);
#556=VERTEX_POINT('',#2048);
#557=VERTEX_POINT('',#2054);
#558=VERTEX_POINT('',#2058);
#559=VERTEX_POINT('',#2062);
#560=VERTEX_POINT('',#2068);
#561=VERTEX_POINT('',#2072);
#562=VERTEX_POINT('',#2076);
#563=VERTEX_POINT('',#2082);
#564=EDGE_CURVE('',#452,#452,#364,.T.);
#565=EDGE_CURVE('',#452,#453,#204,.T.);
#566=EDGE_CURVE('',#453,#453,#365,.T.);
#567=EDGE_CURVE('',#454,#454,#366,.T.);
#568=EDGE_CURVE('',#455,#455,#367,.T.);
#569=EDGE_CURVE('',#456,#456,#368,.T.);
#570=EDGE_CURVE('',#457,#457,#369,.T.);
#571=EDGE_CURVE('',#458,#458,#370,.T.);
#572=EDGE_CURVE('',#459,#459,#371,.T.);
#573=EDGE_CURVE('',#460,#460,#372,.T.);
#574=EDGE_CURVE('',#460,#454,#205,.T.);
#575=EDGE_CURVE('',#461,#461,#373,.T.);
#576=EDGE_CURVE('',#461,#455,#206,.T.);
#577=EDGE_CURVE('',#462,#462,#374,.T.);
#578=EDGE_CURVE('',#462,#456,#207,.T.);
#579=EDGE_CURVE('',#463,#463,#375,.T.);
#580=EDGE_CURVE('',#463,#457,#208,.T.);
#581=EDGE_CURVE('',#464,#464,#376,.T.);
#582=EDGE_CURVE('',#464,#458,#209,.T.);
#583=EDGE_CURVE('',#465,#465,#377,.T.);
#584=EDGE_CURVE('',#465,#459,#210,.T.);
#585=EDGE_CURVE('',#466,#466,#378,.T.);
#586=EDGE_CURVE('',#467,#468,#379,.T.);
#587=EDGE_CURVE('',#468,#469,#380,.T.);
#588=EDGE_CURVE('',#469,#470,#381,.T.);
#589=EDGE_CURVE('',#470,#471,#211,.T.);
#590=EDGE_CURVE('',#471,#472,#382,.T.);
#591=EDGE_CURVE('',#472,#473,#383,.T.);
#592=EDGE_CURVE('',#473,#474,#384,.T.);
#593=EDGE_CURVE('',#474,#467,#212,.T.);
#594=EDGE_CURVE('',#475,#476,#385,.T.);
#595=EDGE_CURVE('',#476,#477,#386,.T.);
#596=EDGE_CURVE('',#477,#478,#387,.T.);
#597=EDGE_CURVE('',#478,#479,#213,.T.);
#598=EDGE_CURVE('',#479,#480,#388,.T.);
#599=EDGE_CURVE('',#480,#481,#389,.T.);
#600=EDGE_CURVE('',#481,#482,#390,.T.);
#601=EDGE_CURVE('',#482,#475,#214,.T.);
#602=EDGE_CURVE('',#483,#484,#391,.T.);
#603=EDGE_CURVE('',#484,#485,#392,.T.);
#604=EDGE_CURVE('',#485,#486,#393,.T.);
#605=EDGE_CURVE('',#486,#487,#215,.T.);
#606=EDGE_CURVE('',#487,#488,#394,.T.);
#607=EDGE_CURVE('',#488,#489,#395,.T.);
#608=EDGE_CURVE('',#489,#490,#396,.T.);
#609=EDGE_CURVE('',#490,#483,#216,.T.);
#610=EDGE_CURVE('',#491,#492,#397,.T.);
#611=EDGE_CURVE('',#492,#493,#398,.T.);
#612=EDGE_CURVE('',#493,#494,#399,.T.);
#613=EDGE_CURVE('',#494,#495,#217,.T.);
#614=EDGE_CURVE('',#495,#496,#400,.T.);
#615=EDGE_CURVE('',#496,#497,#401,.T.);
#616=EDGE_CURVE('',#497,#498,#402,.T.);
#617=EDGE_CURVE('',#498,#491,#218,.T.);
#618=EDGE_CURVE('',#499,#500,#403,.T.);
#619=EDGE_CURVE('',#500,#501,#404,.T.);
#620=EDGE_CURVE('',#501,#502,#405,.T.);
#621=EDGE_CURVE('',#502,#503,#219,.T.);
#622=EDGE_CURVE('',#503,#504,#406,.T.);
#623=EDGE_CURVE('',#504,#505,#407,.T.);
#624=EDGE_CURVE('',#505,#506,#408,.T.);
#625=EDGE_CURVE('',#506,#499,#220,.T.);
#626=EDGE_CURVE('',#507,#508,#409,.T.);
#627=EDGE_CURVE('',#508,#509,#410,.T.);
#628=EDGE_CURVE('',#509,#510,#411,.T.);
#629=EDGE_CURVE('',#510,#511,#221,.T.);
#630=EDGE_CURVE('',#511,#512,#412,.T.);
#631=EDGE_CURVE('',#512,#513,#413,.T.);
#632=EDGE_CURVE('',#513,#514,#414,.T.);
#633=EDGE_CURVE('',#514,#507,#222,.T.);
#634=EDGE_CURVE('',#515,#469,#223,.T.);
#635=EDGE_CURVE('',#516,#515,#415,.T.);
#636=EDGE_CURVE('',#470,#516,#224,.T.);
#637=EDGE_CURVE('',#516,#517,#225,.T.);
#638=EDGE_CURVE('',#517,#471,#226,.T.);
#639=EDGE_CURVE('',#518,#507,#227,.T.);
#640=EDGE_CURVE('',#519,#518,#416,.T.);
#641=EDGE_CURVE('',#508,#519,#228,.T.);
#642=EDGE_CURVE('',#519,#520,#417,.T.);
#643=EDGE_CURVE('',#520,#509,#229,.T.);
#644=EDGE_CURVE('',#521,#520,#418,.T.);
#645=EDGE_CURVE('',#510,#521,#230,.T.);
#646=EDGE_CURVE('',#521,#522,#231,.T.);
#647=EDGE_CURVE('',#522,#511,#232,.T.);
#648=EDGE_CURVE('',#523,#499,#233,.T.);
#649=EDGE_CURVE('',#524,#523,#419,.T.);
#650=EDGE_CURVE('',#500,#524,#234,.T.);
#651=EDGE_CURVE('',#524,#525,#420,.T.);
#652=EDGE_CURVE('',#525,#501,#235,.T.);
#653=EDGE_CURVE('',#526,#491,#236,.T.);
#654=EDGE_CURVE('',#527,#526,#421,.T.);
#655=EDGE_CURVE('',#492,#527,#237,.T.);
#656=EDGE_CURVE('',#527,#528,#422,.T.);
#657=EDGE_CURVE('',#528,#493,#238,.T.);
#658=EDGE_CURVE('',#529,#525,#423,.T.);
#659=EDGE_CURVE('',#502,#529,#239,.T.);
#660=EDGE_CURVE('',#529,#530,#240,.T.);
#661=EDGE_CURVE('',#530,#503,#241,.T.);
#662=EDGE_CURVE('',#531,#483,#242,.T.);
#663=EDGE_CURVE('',#532,#531,#424,.T.);
#664=EDGE_CURVE('',#484,#532,#243,.T.);
#665=EDGE_CURVE('',#532,#533,#425,.T.);
#666=EDGE_CURVE('',#533,#485,#244,.T.);
#667=EDGE_CURVE('',#534,#528,#426,.T.);
#668=EDGE_CURVE('',#494,#534,#245,.T.);
#669=EDGE_CURVE('',#534,#535,#246,.T.);
#670=EDGE_CURVE('',#535,#495,#247,.T.);
#671=EDGE_CURVE('',#536,#475,#248,.T.);
#672=EDGE_CURVE('',#537,#536,#427,.T.);
#673=EDGE_CURVE('',#476,#537,#249,.T.);
#674=EDGE_CURVE('',#537,#538,#428,.T.);
#675=EDGE_CURVE('',#538,#477,#250,.T.);
#676=EDGE_CURVE('',#539,#533,#429,.T.);
#677=EDGE_CURVE('',#486,#539,#251,.T.);
#678=EDGE_CURVE('',#539,#540,#252,.T.);
#679=EDGE_CURVE('',#540,#487,#253,.T.);
#680=EDGE_CURVE('',#541,#467,#254,.T.);
#681=EDGE_CURVE('',#542,#541,#430,.T.);
#682=EDGE_CURVE('',#468,#542,#255,.T.);
#683=EDGE_CURVE('',#542,#515,#431,.T.);
#684=EDGE_CURVE('',#543,#538,#432,.T.);
#685=EDGE_CURVE('',#478,#543,#256,.T.);
#686=EDGE_CURVE('',#543,#544,#257,.T.);
#687=EDGE_CURVE('',#544,#479,#258,.T.);
#688=EDGE_CURVE('',#545,#544,#433,.T.);
#689=EDGE_CURVE('',#480,#545,#259,.T.);
#690=EDGE_CURVE('',#545,#546,#434,.T.);
#691=EDGE_CURVE('',#546,#481,#260,.T.);
#692=EDGE_CURVE('',#547,#546,#435,.T.);
#693=EDGE_CURVE('',#482,#547,#261,.T.);
#694=EDGE_CURVE('',#547,#536,#262,.T.);
#695=EDGE_CURVE('',#548,#540,#436,.T.);
#696=EDGE_CURVE('',#488,#548,#263,.T.);
#697=EDGE_CURVE('',#548,#549,#437,.T.);
#698=EDGE_CURVE('',#549,#489,#264,.T.);
#699=EDGE_CURVE('',#550,#549,#438,.T.);
#700=EDGE_CURVE('',#490,#550,#265,.T.);
#701=EDGE_CURVE('',#550,#531,#266,.T.);
#702=EDGE_CURVE('',#551,#535,#439,.T.);
#703=EDGE_CURVE('',#496,#551,#267,.T.);
#704=EDGE_CURVE('',#551,#552,#440,.T.);
#705=EDGE_CURVE('',#552,#497,#268,.T.);
#706=EDGE_CURVE('',#553,#552,#441,.T.);
#707=EDGE_CURVE('',#498,#553,#269,.T.);
#708=EDGE_CURVE('',#553,#526,#270,.T.);
#709=EDGE_CURVE('',#554,#530,#442,.T.);
#710=EDGE_CURVE('',#504,#554,#271,.T.);
#711=EDGE_CURVE('',#554,#555,#443,.T.);
#712=EDGE_CURVE('',#555,#505,#272,.T.);
#713=EDGE_CURVE('',#556,#555,#444,.T.);
#714=EDGE_CURVE('',#506,#556,#273,.T.);
#715=EDGE_CURVE('',#556,#523,#274,.T.);
#716=EDGE_CURVE('',#557,#522,#445,.T.);
#717=EDGE_CURVE('',#512,#557,#275,.T.);
#718=EDGE_CURVE('',#557,#558,#446,.T.);
#719=EDGE_CURVE('',#558,#513,#276,.T.);
#720=EDGE_CURVE('',#559,#558,#447,.T.);
#721=EDGE_CURVE('',#514,#559,#277,.T.);
#722=EDGE_CURVE('',#559,#518,#278,.T.);
#723=EDGE_CURVE('',#560,#517,#448,.T.);
#724=EDGE_CURVE('',#472,#560,#279,.T.);
#725=EDGE_CURVE('',#560,#561,#449,.T.);
#726=EDGE_CURVE('',#561,#473,#280,.T.);
#727=EDGE_CURVE('',#562,#561,#450,.T.);
#728=EDGE_CURVE('',#474,#562,#281,.T.);
#729=EDGE_CURVE('',#562,#541,#282,.T.);
#730=EDGE_CURVE('',#466,#563,#283,.T.);
#731=EDGE_CURVE('',#563,#563,#451,.T.);
#732=ORIENTED_EDGE('',*,*,#564,.F.);
#733=ORIENTED_EDGE('',*,*,#565,.T.);
#734=ORIENTED_EDGE('',*,*,#566,.T.);
#735=ORIENTED_EDGE('',*,*,#565,.F.);
#736=ORIENTED_EDGE('',*,*,#564,.T.);
#737=ORIENTED_EDGE('',*,*,#567,.T.);
#738=ORIENTED_EDGE('',*,*,#568,.T.);
#739=ORIENTED_EDGE('',*,*,#569,.T.);
#740=ORIENTED_EDGE('',*,*,#570,.T.);
#741=ORIENTED_EDGE('',*,*,#571,.T.);
#742=ORIENTED_EDGE('',*,*,#572,.T.);
#743=ORIENTED_EDGE('',*,*,#573,.F.);
#744=ORIENTED_EDGE('',*,*,#574,.T.);
#745=ORIENTED_EDGE('',*,*,#567,.F.);
#746=ORIENTED_EDGE('',*,*,#574,.F.);
#747=ORIENTED_EDGE('',*,*,#575,.F.);
#748=ORIENTED_EDGE('',*,*,#576,.T.);
#749=ORIENTED_EDGE('',*,*,#568,.F.);
#750=ORIENTED_EDGE('',*,*,#576,.F.);
#751=ORIENTED_EDGE('',*,*,#577,.F.);
#752=ORIENTED_EDGE('',*,*,#578,.T.);
#753=ORIENTED_EDGE('',*,*,#569,.F.);
#754=ORIENTED_EDGE('',*,*,#578,.F.);
#755=ORIENTED_EDGE('',*,*,#579,.F.);
#756=ORIENTED_EDGE('',*,*,#580,.T.);
#757=ORIENTED_EDGE('',*,*,#570,.F.);
#758=ORIENTED_EDGE('',*,*,#580,.F.);
#759=ORIENTED_EDGE('',*,*,#581,.F.);
#760=ORIENTED_EDGE('',*,*,#582,.T.);
#761=ORIENTED_EDGE('',*,*,#571,.F.);
#762=ORIENTED_EDGE('',*,*,#582,.F.);
#763=ORIENTED_EDGE('',*,*,#583,.F.);
#764=ORIENTED_EDGE('',*,*,#584,.T.);
#765=ORIENTED_EDGE('',*,*,#572,.F.);
#766=ORIENTED_EDGE('',*,*,#584,.F.);
#767=ORIENTED_EDGE('',*,*,#585,.T.);
#768=ORIENTED_EDGE('',*,*,#586,.T.);
#769=ORIENTED_EDGE('',*,*,#587,.T.);
#770=ORIENTED_EDGE('',*,*,#588,.T.);
#771=ORIENTED_EDGE('',*,*,#589,.T.);
#772=ORIENTED_EDGE('',*,*,#590,.T.);
#773=ORIENTED_EDGE('',*,*,#591,.T.);
#774=ORIENTED_EDGE('',*,*,#592,.T.);
#775=ORIENTED_EDGE('',*,*,#593,.T.);
#776=ORIENTED_EDGE('',*,*,#575,.T.);
#777=ORIENTED_EDGE('',*,*,#594,.T.);
#778=ORIENTED_EDGE('',*,*,#595,.T.);
#779=ORIENTED_EDGE('',*,*,#596,.T.);
#780=ORIENTED_EDGE('',*,*,#597,.T.);
#781=ORIENTED_EDGE('',*,*,#598,.T.);
#782=ORIENTED_EDGE('',*,*,#599,.T.);
#783=ORIENTED_EDGE('',*,*,#600,.T.);
#784=ORIENTED_EDGE('',*,*,#601,.T.);
#785=ORIENTED_EDGE('',*,*,#581,.T.);
#786=ORIENTED_EDGE('',*,*,#602,.T.);
#787=ORIENTED_EDGE('',*,*,#603,.T.);
#788=ORIENTED_EDGE('',*,*,#604,.T.);
#789=ORIENTED_EDGE('',*,*,#605,.T.);
#790=ORIENTED_EDGE('',*,*,#606,.T.);
#791=ORIENTED_EDGE('',*,*,#607,.T.);
#792=ORIENTED_EDGE('',*,*,#608,.T.);
#793=ORIENTED_EDGE('',*,*,#609,.T.);
#794=ORIENTED_EDGE('',*,*,#579,.T.);
#795=ORIENTED_EDGE('',*,*,#610,.T.);
#796=ORIENTED_EDGE('',*,*,#611,.T.);
#797=ORIENTED_EDGE('',*,*,#612,.T.);
#798=ORIENTED_EDGE('',*,*,#613,.T.);
#799=ORIENTED_EDGE('',*,*,#614,.T.);
#800=ORIENTED_EDGE('',*,*,#615,.T.);
#801=ORIENTED_EDGE('',*,*,#616,.T.);
#802=ORIENTED_EDGE('',*,*,#617,.T.);
#803=ORIENTED_EDGE('',*,*,#573,.T.);
#804=ORIENTED_EDGE('',*,*,#618,.T.);
#805=ORIENTED_EDGE('',*,*,#619,.T.);
#806=ORIENTED_EDGE('',*,*,#620,.T.);
#807=ORIENTED_EDGE('',*,*,#621,.T.);
#808=ORIENTED_EDGE('',*,*,#622,.T.);
#809=ORIENTED_EDGE('',*,*,#623,.T.);
#810=ORIENTED_EDGE('',*,*,#624,.T.);
#811=ORIENTED_EDGE('',*,*,#625,.T.);
#812=ORIENTED_EDGE('',*,*,#577,.T.);
#813=ORIENTED_EDGE('',*,*,#626,.T.);
#814=ORIENTED_EDGE('',*,*,#627,.T.);
#815=ORIENTED_EDGE('',*,*,#628,.T.);
#816=ORIENTED_EDGE('',*,*,#629,.T.);
#817=ORIENTED_EDGE('',*,*,#630,.T.);
#818=ORIENTED_EDGE('',*,*,#631,.T.);
#819=ORIENTED_EDGE('',*,*,#632,.T.);
#820=ORIENTED_EDGE('',*,*,#633,.T.);
#821=ORIENTED_EDGE('',*,*,#583,.T.);
#822=ORIENTED_EDGE('',*,*,#588,.F.);
#823=ORIENTED_EDGE('',*,*,#634,.F.);
#824=ORIENTED_EDGE('',*,*,#635,.F.);
#825=ORIENTED_EDGE('',*,*,#636,.F.);
#826=ORIENTED_EDGE('',*,*,#636,.T.);
#827=ORIENTED_EDGE('',*,*,#637,.T.);
#828=ORIENTED_EDGE('',*,*,#638,.T.);
#829=ORIENTED_EDGE('',*,*,#589,.F.);
#830=ORIENTED_EDGE('',*,*,#626,.F.);
#831=ORIENTED_EDGE('',*,*,#639,.F.);
#832=ORIENTED_EDGE('',*,*,#640,.F.);
#833=ORIENTED_EDGE('',*,*,#641,.F.);
#834=ORIENTED_EDGE('',*,*,#641,.T.);
#835=ORIENTED_EDGE('',*,*,#642,.T.);
#836=ORIENTED_EDGE('',*,*,#643,.T.);
#837=ORIENTED_EDGE('',*,*,#627,.F.);
#838=ORIENTED_EDGE('',*,*,#628,.F.);
#839=ORIENTED_EDGE('',*,*,#643,.F.);
#840=ORIENTED_EDGE('',*,*,#644,.F.);
#841=ORIENTED_EDGE('',*,*,#645,.F.);
#842=ORIENTED_EDGE('',*,*,#645,.T.);
#843=ORIENTED_EDGE('',*,*,#646,.T.);
#844=ORIENTED_EDGE('',*,*,#647,.T.);
#845=ORIENTED_EDGE('',*,*,#629,.F.);
#846=ORIENTED_EDGE('',*,*,#618,.F.);
#847=ORIENTED_EDGE('',*,*,#648,.F.);
#848=ORIENTED_EDGE('',*,*,#649,.F.);
#849=ORIENTED_EDGE('',*,*,#650,.F.);
#850=ORIENTED_EDGE('',*,*,#650,.T.);
#851=ORIENTED_EDGE('',*,*,#651,.T.);
#852=ORIENTED_EDGE('',*,*,#652,.T.);
#853=ORIENTED_EDGE('',*,*,#619,.F.);
#854=ORIENTED_EDGE('',*,*,#610,.F.);
#855=ORIENTED_EDGE('',*,*,#653,.F.);
#856=ORIENTED_EDGE('',*,*,#654,.F.);
#857=ORIENTED_EDGE('',*,*,#655,.F.);
#858=ORIENTED_EDGE('',*,*,#655,.T.);
#859=ORIENTED_EDGE('',*,*,#656,.T.);
#860=ORIENTED_EDGE('',*,*,#657,.T.);
#861=ORIENTED_EDGE('',*,*,#611,.F.);
#862=ORIENTED_EDGE('',*,*,#620,.F.);
#863=ORIENTED_EDGE('',*,*,#652,.F.);
#864=ORIENTED_EDGE('',*,*,#658,.F.);
#865=ORIENTED_EDGE('',*,*,#659,.F.);
#866=ORIENTED_EDGE('',*,*,#659,.T.);
#867=ORIENTED_EDGE('',*,*,#660,.T.);
#868=ORIENTED_EDGE('',*,*,#661,.T.);
#869=ORIENTED_EDGE('',*,*,#621,.F.);
#870=ORIENTED_EDGE('',*,*,#602,.F.);
#871=ORIENTED_EDGE('',*,*,#662,.F.);
#872=ORIENTED_EDGE('',*,*,#663,.F.);
#873=ORIENTED_EDGE('',*,*,#664,.F.);
#874=ORIENTED_EDGE('',*,*,#664,.T.);
#875=ORIENTED_EDGE('',*,*,#665,.T.);
#876=ORIENTED_EDGE('',*,*,#666,.T.);
#877=ORIENTED_EDGE('',*,*,#603,.F.);
#878=ORIENTED_EDGE('',*,*,#612,.F.);
#879=ORIENTED_EDGE('',*,*,#657,.F.);
#880=ORIENTED_EDGE('',*,*,#667,.F.);
#881=ORIENTED_EDGE('',*,*,#668,.F.);
#882=ORIENTED_EDGE('',*,*,#668,.T.);
#883=ORIENTED_EDGE('',*,*,#669,.T.);
#884=ORIENTED_EDGE('',*,*,#670,.T.);
#885=ORIENTED_EDGE('',*,*,#613,.F.);
#886=ORIENTED_EDGE('',*,*,#594,.F.);
#887=ORIENTED_EDGE('',*,*,#671,.F.);
#888=ORIENTED_EDGE('',*,*,#672,.F.);
#889=ORIENTED_EDGE('',*,*,#673,.F.);
#890=ORIENTED_EDGE('',*,*,#673,.T.);
#891=ORIENTED_EDGE('',*,*,#674,.T.);
#892=ORIENTED_EDGE('',*,*,#675,.T.);
#893=ORIENTED_EDGE('',*,*,#595,.F.);
#894=ORIENTED_EDGE('',*,*,#604,.F.);
#895=ORIENTED_EDGE('',*,*,#666,.F.);
#896=ORIENTED_EDGE('',*,*,#676,.F.);
#897=ORIENTED_EDGE('',*,*,#677,.F.);
#898=ORIENTED_EDGE('',*,*,#677,.T.);
#899=ORIENTED_EDGE('',*,*,#678,.T.);
#900=ORIENTED_EDGE('',*,*,#679,.T.);
#901=ORIENTED_EDGE('',*,*,#605,.F.);
#902=ORIENTED_EDGE('',*,*,#586,.F.);
#903=ORIENTED_EDGE('',*,*,#680,.F.);
#904=ORIENTED_EDGE('',*,*,#681,.F.);
#905=ORIENTED_EDGE('',*,*,#682,.F.);
#906=ORIENTED_EDGE('',*,*,#634,.T.);
#907=ORIENTED_EDGE('',*,*,#587,.F.);
#908=ORIENTED_EDGE('',*,*,#682,.T.);
#909=ORIENTED_EDGE('',*,*,#683,.T.);
#910=ORIENTED_EDGE('',*,*,#596,.F.);
#911=ORIENTED_EDGE('',*,*,#675,.F.);
#912=ORIENTED_EDGE('',*,*,#684,.F.);
#913=ORIENTED_EDGE('',*,*,#685,.F.);
#914=ORIENTED_EDGE('',*,*,#685,.T.);
#915=ORIENTED_EDGE('',*,*,#686,.T.);
#916=ORIENTED_EDGE('',*,*,#687,.T.);
#917=ORIENTED_EDGE('',*,*,#597,.F.);
#918=ORIENTED_EDGE('',*,*,#598,.F.);
#919=ORIENTED_EDGE('',*,*,#687,.F.);
#920=ORIENTED_EDGE('',*,*,#688,.F.);
#921=ORIENTED_EDGE('',*,*,#689,.F.);
#922=ORIENTED_EDGE('',*,*,#689,.T.);
#923=ORIENTED_EDGE('',*,*,#690,.T.);
#924=ORIENTED_EDGE('',*,*,#691,.T.);
#925=ORIENTED_EDGE('',*,*,#599,.F.);
#926=ORIENTED_EDGE('',*,*,#600,.F.);
#927=ORIENTED_EDGE('',*,*,#691,.F.);
#928=ORIENTED_EDGE('',*,*,#692,.F.);
#929=ORIENTED_EDGE('',*,*,#693,.F.);
#930=ORIENTED_EDGE('',*,*,#671,.T.);
#931=ORIENTED_EDGE('',*,*,#601,.F.);
#932=ORIENTED_EDGE('',*,*,#693,.T.);
#933=ORIENTED_EDGE('',*,*,#694,.T.);
#934=ORIENTED_EDGE('',*,*,#606,.F.);
#935=ORIENTED_EDGE('',*,*,#679,.F.);
#936=ORIENTED_EDGE('',*,*,#695,.F.);
#937=ORIENTED_EDGE('',*,*,#696,.F.);
#938=ORIENTED_EDGE('',*,*,#696,.T.);
#939=ORIENTED_EDGE('',*,*,#697,.T.);
#940=ORIENTED_EDGE('',*,*,#698,.T.);
#941=ORIENTED_EDGE('',*,*,#607,.F.);
#942=ORIENTED_EDGE('',*,*,#608,.F.);
#943=ORIENTED_EDGE('',*,*,#698,.F.);
#944=ORIENTED_EDGE('',*,*,#699,.F.);
#945=ORIENTED_EDGE('',*,*,#700,.F.);
#946=ORIENTED_EDGE('',*,*,#662,.T.);
#947=ORIENTED_EDGE('',*,*,#609,.F.);
#948=ORIENTED_EDGE('',*,*,#700,.T.);
#949=ORIENTED_EDGE('',*,*,#701,.T.);
#950=ORIENTED_EDGE('',*,*,#614,.F.);
#951=ORIENTED_EDGE('',*,*,#670,.F.);
#952=ORIENTED_EDGE('',*,*,#702,.F.);
#953=ORIENTED_EDGE('',*,*,#703,.F.);
#954=ORIENTED_EDGE('',*,*,#703,.T.);
#955=ORIENTED_EDGE('',*,*,#704,.T.);
#956=ORIENTED_EDGE('',*,*,#705,.T.);
#957=ORIENTED_EDGE('',*,*,#615,.F.);
#958=ORIENTED_EDGE('',*,*,#616,.F.);
#959=ORIENTED_EDGE('',*,*,#705,.F.);
#960=ORIENTED_EDGE('',*,*,#706,.F.);
#961=ORIENTED_EDGE('',*,*,#707,.F.);
#962=ORIENTED_EDGE('',*,*,#653,.T.);
#963=ORIENTED_EDGE('',*,*,#617,.F.);
#964=ORIENTED_EDGE('',*,*,#707,.T.);
#965=ORIENTED_EDGE('',*,*,#708,.T.);
#966=ORIENTED_EDGE('',*,*,#622,.F.);
#967=ORIENTED_EDGE('',*,*,#661,.F.);
#968=ORIENTED_EDGE('',*,*,#709,.F.);
#969=ORIENTED_EDGE('',*,*,#710,.F.);
#970=ORIENTED_EDGE('',*,*,#710,.T.);
#971=ORIENTED_EDGE('',*,*,#711,.T.);
#972=ORIENTED_EDGE('',*,*,#712,.T.);
#973=ORIENTED_EDGE('',*,*,#623,.F.);
#974=ORIENTED_EDGE('',*,*,#624,.F.);
#975=ORIENTED_EDGE('',*,*,#712,.F.);
#976=ORIENTED_EDGE('',*,*,#713,.F.);
#977=ORIENTED_EDGE('',*,*,#714,.F.);
#978=ORIENTED_EDGE('',*,*,#648,.T.);
#979=ORIENTED_EDGE('',*,*,#625,.F.);
#980=ORIENTED_EDGE('',*,*,#714,.T.);
#981=ORIENTED_EDGE('',*,*,#715,.T.);
#982=ORIENTED_EDGE('',*,*,#630,.F.);
#983=ORIENTED_EDGE('',*,*,#647,.F.);
#984=ORIENTED_EDGE('',*,*,#716,.F.);
#985=ORIENTED_EDGE('',*,*,#717,.F.);
#986=ORIENTED_EDGE('',*,*,#717,.T.);
#987=ORIENTED_EDGE('',*,*,#718,.T.);
#988=ORIENTED_EDGE('',*,*,#719,.T.);
#989=ORIENTED_EDGE('',*,*,#631,.F.);
#990=ORIENTED_EDGE('',*,*,#632,.F.);
#991=ORIENTED_EDGE('',*,*,#719,.F.);
#992=ORIENTED_EDGE('',*,*,#720,.F.);
#993=ORIENTED_EDGE('',*,*,#721,.F.);
#994=ORIENTED_EDGE('',*,*,#639,.T.);
#995=ORIENTED_EDGE('',*,*,#633,.F.);
#996=ORIENTED_EDGE('',*,*,#721,.T.);
#997=ORIENTED_EDGE('',*,*,#722,.T.);
#998=ORIENTED_EDGE('',*,*,#590,.F.);
#999=ORIENTED_EDGE('',*,*,#638,.F.);
#1000=ORIENTED_EDGE('',*,*,#723,.F.);
#1001=ORIENTED_EDGE('',*,*,#724,.F.);
#1002=ORIENTED_EDGE('',*,*,#724,.T.);
#1003=ORIENTED_EDGE('',*,*,#725,.T.);
#1004=ORIENTED_EDGE('',*,*,#726,.T.);
#1005=ORIENTED_EDGE('',*,*,#591,.F.);
#1006=ORIENTED_EDGE('',*,*,#592,.F.);
#1007=ORIENTED_EDGE('',*,*,#726,.F.);
#1008=ORIENTED_EDGE('',*,*,#727,.F.);
#1009=ORIENTED_EDGE('',*,*,#728,.F.);
#1010=ORIENTED_EDGE('',*,*,#680,.T.);
#1011=ORIENTED_EDGE('',*,*,#593,.F.);
#1012=ORIENTED_EDGE('',*,*,#728,.T.);
#1013=ORIENTED_EDGE('',*,*,#729,.T.);
#1014=ORIENTED_EDGE('',*,*,#585,.F.);
#1015=ORIENTED_EDGE('',*,*,#730,.T.);
#1016=ORIENTED_EDGE('',*,*,#731,.T.);
#1017=ORIENTED_EDGE('',*,*,#730,.F.);
#1018=ORIENTED_EDGE('',*,*,#566,.F.);
#1019=ORIENTED_EDGE('',*,*,#651,.F.);
#1020=ORIENTED_EDGE('',*,*,#649,.T.);
#1021=ORIENTED_EDGE('',*,*,#715,.F.);
#1022=ORIENTED_EDGE('',*,*,#713,.T.);
#1023=ORIENTED_EDGE('',*,*,#711,.F.);
#1024=ORIENTED_EDGE('',*,*,#709,.T.);
#1025=ORIENTED_EDGE('',*,*,#660,.F.);
#1026=ORIENTED_EDGE('',*,*,#658,.T.);
#1027=ORIENTED_EDGE('',*,*,#704,.F.);
#1028=ORIENTED_EDGE('',*,*,#702,.T.);
#1029=ORIENTED_EDGE('',*,*,#669,.F.);
#1030=ORIENTED_EDGE('',*,*,#667,.T.);
#1031=ORIENTED_EDGE('',*,*,#656,.F.);
#1032=ORIENTED_EDGE('',*,*,#654,.T.);
#1033=ORIENTED_EDGE('',*,*,#708,.F.);
#1034=ORIENTED_EDGE('',*,*,#706,.T.);
#1035=ORIENTED_EDGE('',*,*,#697,.F.);
#1036=ORIENTED_EDGE('',*,*,#695,.T.);
#1037=ORIENTED_EDGE('',*,*,#678,.F.);
#1038=ORIENTED_EDGE('',*,*,#676,.T.);
#1039=ORIENTED_EDGE('',*,*,#665,.F.);
#1040=ORIENTED_EDGE('',*,*,#663,.T.);
#1041=ORIENTED_EDGE('',*,*,#701,.F.);
#1042=ORIENTED_EDGE('',*,*,#699,.T.);
#1043=ORIENTED_EDGE('',*,*,#690,.F.);
#1044=ORIENTED_EDGE('',*,*,#688,.T.);
#1045=ORIENTED_EDGE('',*,*,#686,.F.);
#1046=ORIENTED_EDGE('',*,*,#684,.T.);
#1047=ORIENTED_EDGE('',*,*,#674,.F.);
#1048=ORIENTED_EDGE('',*,*,#672,.T.);
#1049=ORIENTED_EDGE('',*,*,#694,.F.);
#1050=ORIENTED_EDGE('',*,*,#692,.T.);
#1051=ORIENTED_EDGE('',*,*,#725,.F.);
#1052=ORIENTED_EDGE('',*,*,#723,.T.);
#1053=ORIENTED_EDGE('',*,*,#637,.F.);
#1054=ORIENTED_EDGE('',*,*,#635,.T.);
#1055=ORIENTED_EDGE('',*,*,#683,.F.);
#1056=ORIENTED_EDGE('',*,*,#681,.T.);
#1057=ORIENTED_EDGE('',*,*,#729,.F.);
#1058=ORIENTED_EDGE('',*,*,#727,.T.);
#1059=ORIENTED_EDGE('',*,*,#731,.F.);
#1060=ORIENTED_EDGE('',*,*,#646,.F.);
#1061=ORIENTED_EDGE('',*,*,#644,.T.);
#1062=ORIENTED_EDGE('',*,*,#642,.F.);
#1063=ORIENTED_EDGE('',*,*,#640,.T.);
#1064=ORIENTED_EDGE('',*,*,#722,.F.);
#1065=ORIENTED_EDGE('',*,*,#720,.T.);
#1066=ORIENTED_EDGE('',*,*,#718,.F.);
#1067=ORIENTED_EDGE('',*,*,#716,.T.);
#1068=CYLINDRICAL_SURFACE('',#1199,1.25);
#1069=CYLINDRICAL_SURFACE('',#1209,0.0885);
#1070=CYLINDRICAL_SURFACE('',#1211,0.0885);
#1071=CYLINDRICAL_SURFACE('',#1213,0.0885);
#1072=CYLINDRICAL_SURFACE('',#1215,0.0885);
#1073=CYLINDRICAL_SURFACE('',#1217,0.0885);
#1074=CYLINDRICAL_SURFACE('',#1219,0.0885);
#1075=CYLINDRICAL_SURFACE('',#1265,0.125);
#1076=CYLINDRICAL_SURFACE('',#1268,0.125);
#1077=CYLINDRICAL_SURFACE('',#1270,1.0625);
#1078=CYLINDRICAL_SURFACE('',#1272,0.125);
#1079=CYLINDRICAL_SURFACE('',#1275,0.125);
#1080=CYLINDRICAL_SURFACE('',#1277,1.0625);
#1081=CYLINDRICAL_SURFACE('',#1279,0.125);
#1082=CYLINDRICAL_SURFACE('',#1281,1.0625);
#1083=CYLINDRICAL_SURFACE('',#1283,0.125);
#1084=CYLINDRICAL_SURFACE('',#1286,0.125);
#1085=CYLINDRICAL_SURFACE('',#1288,1.0625);
#1086=CYLINDRICAL_SURFACE('',#1290,0.125);
#1087=CYLINDRICAL_SURFACE('',#1293,0.125);
#1088=CYLINDRICAL_SURFACE('',#1295,1.0625);
#1089=CYLINDRICAL_SURFACE('',#1297,0.125);
#1090=CYLINDRICAL_SURFACE('',#1300,0.125);
#1091=CYLINDRICAL_SURFACE('',#1302,1.0625);
#1092=CYLINDRICAL_SURFACE('',#1304,0.125);
#1093=CYLINDRICAL_SURFACE('',#1307,0.125);
#1094=CYLINDRICAL_SURFACE('',#1309,0.4375);
#1095=CYLINDRICAL_SURFACE('',#1311,0.125);
#1096=CYLINDRICAL_SURFACE('',#1314,0.125);
#1097=CYLINDRICAL_SURFACE('',#1316,0.4375);
#1098=CYLINDRICAL_SURFACE('',#1318,0.125);
#1099=CYLINDRICAL_SURFACE('',#1321,0.125);
#1100=CYLINDRICAL_SURFACE('',#1323,0.4375);
#1101=CYLINDRICAL_SURFACE('',#1325,0.125);
#1102=CYLINDRICAL_SURFACE('',#1328,0.125);
#1103=CYLINDRICAL_SURFACE('',#1330,0.4375);
#1104=CYLINDRICAL_SURFACE('',#1332,0.125);
#1105=CYLINDRICAL_SURFACE('',#1335,0.125);
#1106=CYLINDRICAL_SURFACE('',#1337,0.4375);
#1107=CYLINDRICAL_SURFACE('',#1339,0.125);
#1108=CYLINDRICAL_SURFACE('',#1342,0.125);
#1109=CYLINDRICAL_SURFACE('',#1344,0.4375);
#1110=CYLINDRICAL_SURFACE('',#1346,0.125);
#1111=CYLINDRICAL_SURFACE('',#1349,0.2);
#1112=ADVANCED_FACE('',(#55),#1068,.T.);
#1113=ADVANCED_FACE('',(#56,#15,#16,#17,#18,#19,#20),#34,.F.);
#1114=ADVANCED_FACE('',(#57),#1069,.F.);
#1115=ADVANCED_FACE('',(#58),#1070,.F.);
#1116=ADVANCED_FACE('',(#59),#1071,.F.);
#1117=ADVANCED_FACE('',(#60),#1072,.F.);
#1118=ADVANCED_FACE('',(#61),#1073,.F.);
#1119=ADVANCED_FACE('',(#62),#1074,.F.);
#1120=ADVANCED_FACE('',(#63),#35,.T.);
#1121=ADVANCED_FACE('',(#64,#21),#36,.T.);
#1122=ADVANCED_FACE('',(#65,#22),#37,.T.);
#1123=ADVANCED_FACE('',(#66,#23),#38,.T.);
#1124=ADVANCED_FACE('',(#67,#24),#39,.T.);
#1125=ADVANCED_FACE('',(#68,#25),#40,.T.);
#1126=ADVANCED_FACE('',(#69,#26),#41,.T.);
#1127=ADVANCED_FACE('',(#70),#1075,.T.);
#1128=ADVANCED_FACE('',(#71),#42,.F.);
#1129=ADVANCED_FACE('',(#72),#1076,.T.);
#1130=ADVANCED_FACE('',(#73),#1077,.T.);
#1131=ADVANCED_FACE('',(#74),#1078,.T.);
#1132=ADVANCED_FACE('',(#75),#43,.F.);
#1133=ADVANCED_FACE('',(#76),#1079,.T.);
#1134=ADVANCED_FACE('',(#77),#1080,.T.);
#1135=ADVANCED_FACE('',(#78),#1081,.T.);
#1136=ADVANCED_FACE('',(#79),#1082,.T.);
#1137=ADVANCED_FACE('',(#80),#1083,.T.);
#1138=ADVANCED_FACE('',(#81),#44,.F.);
#1139=ADVANCED_FACE('',(#82),#1084,.T.);
#1140=ADVANCED_FACE('',(#83),#1085,.T.);
#1141=ADVANCED_FACE('',(#84),#1086,.T.);
#1142=ADVANCED_FACE('',(#85),#45,.F.);
#1143=ADVANCED_FACE('',(#86),#1087,.T.);
#1144=ADVANCED_FACE('',(#87),#1088,.T.);
#1145=ADVANCED_FACE('',(#88),#1089,.T.);
#1146=ADVANCED_FACE('',(#89),#46,.F.);
#1147=ADVANCED_FACE('',(#90),#1090,.T.);
#1148=ADVANCED_FACE('',(#91),#1091,.T.);
#1149=ADVANCED_FACE('',(#92),#1092,.T.);
#1150=ADVANCED_FACE('',(#93),#47,.F.);
#1151=ADVANCED_FACE('',(#94),#1093,.T.);
#1152=ADVANCED_FACE('',(#95),#1094,.F.);
#1153=ADVANCED_FACE('',(#96),#1095,.T.);
#1154=ADVANCED_FACE('',(#97),#48,.F.);
#1155=ADVANCED_FACE('',(#98),#1096,.T.);
#1156=ADVANCED_FACE('',(#99),#1097,.F.);
#1157=ADVANCED_FACE('',(#100),#1098,.T.);
#1158=ADVANCED_FACE('',(#101),#49,.F.);
#1159=ADVANCED_FACE('',(#102),#1099,.T.);
#1160=ADVANCED_FACE('',(#103),#1100,.F.);
#1161=ADVANCED_FACE('',(#104),#1101,.T.);
#1162=ADVANCED_FACE('',(#105),#50,.F.);
#1163=ADVANCED_FACE('',(#106),#1102,.T.);
#1164=ADVANCED_FACE('',(#107),#1103,.F.);
#1165=ADVANCED_FACE('',(#108),#1104,.T.);
#1166=ADVANCED_FACE('',(#109),#51,.F.);
#1167=ADVANCED_FACE('',(#110),#1105,.T.);
#1168=ADVANCED_FACE('',(#111),#1106,.F.);
#1169=ADVANCED_FACE('',(#112),#1107,.T.);
#1170=ADVANCED_FACE('',(#113),#52,.F.);
#1171=ADVANCED_FACE('',(#114),#1108,.T.);
#1172=ADVANCED_FACE('',(#115),#1109,.F.);
#1173=ADVANCED_FACE('',(#116),#1110,.T.);
#1174=ADVANCED_FACE('',(#117),#53,.F.);
#1175=ADVANCED_FACE('',(#118),#1111,.T.);
#1176=ADVANCED_FACE('',(#119,#27,#28,#29,#30,#31,#32,#33),#54,.F.);
#1177=CLOSED_SHELL('',(#1112,#1113,#1114,#1115,#1116,#1117,#1118,#1119,
#1120,#1121,#1122,#1123,#1124,#1125,#1126,#1127,#1128,#1129,#1130,#1131,
#1132,#1133,#1134,#1135,#1136,#1137,#1138,#1139,#1140,#1141,#1142,#1143,
#1144,#1145,#1146,#1147,#1148,#1149,#1150,#1151,#1152,#1153,#1154,#1155,
#1156,#1157,#1158,#1159,#1160,#1161,#1162,#1163,#1164,#1165,#1166,#1167,
#1168,#1169,#1170,#1171,#1172,#1173,#1174,#1175,#1176));
#1178=DERIVED_UNIT_ELEMENT(#1180,1.);
#1179=DERIVED_UNIT_ELEMENT(#2094,-3.);
#1180=(
CONVERSION_BASED_UNIT('gram',#1182)
MASS_UNIT()
NAMED_UNIT(#2091)
);
#1181=(
MASS_UNIT()
NAMED_UNIT(*)
SI_UNIT(.KILO.,.GRAM.)
);
#1182=MASS_MEASURE_WITH_UNIT(MASS_MEASURE(0.001),#1181);
#1183=DERIVED_UNIT((#1178,#1179));
#1184=MEASURE_REPRESENTATION_ITEM('density measure',
POSITIVE_RATIO_MEASURE(1.),#1183);
#1185=PROPERTY_DEFINITION_REPRESENTATION(#1190,#1187);
#1186=PROPERTY_DEFINITION_REPRESENTATION(#1191,#1188);
#1187=REPRESENTATION('material name',(#1189),#2088);
#1188=REPRESENTATION('density',(#1184),#2088);
#1189=DESCRIPTIVE_REPRESENTATION_ITEM('Generic','Generic');
#1190=PROPERTY_DEFINITION('material property','material name',#2102);
#1191=PROPERTY_DEFINITION('material property','density of part',#2102);
#1192=DATE_TIME_ROLE('creation_date');
#1193=APPLIED_DATE_AND_TIME_ASSIGNMENT(#1194,#1192,(#2102));
#1194=DATE_AND_TIME(#1195,#1196);
#1195=CALENDAR_DATE(2026,16,1);
#1196=LOCAL_TIME(0,0,0.,#1197);
#1197=COORDINATED_UNIVERSAL_TIME_OFFSET(0,0,.BEHIND.);
#1198=AXIS2_PLACEMENT_3D('',#1740,#1352,#1353);
#1199=AXIS2_PLACEMENT_3D('',#1741,#1354,#1355);
#1200=AXIS2_PLACEMENT_3D('',#1743,#1356,#1357);
#1201=AXIS2_PLACEMENT_3D('',#1746,#1359,#1360);
#1202=AXIS2_PLACEMENT_3D('',#1747,#1361,#1362);
#1203=AXIS2_PLACEMENT_3D('',#1749,#1363,#1364);
#1204=AXIS2_PLACEMENT_3D('',#1751,#1365,#1366);
#1205=AXIS2_PLACEMENT_3D('',#1753,#1367,#1368);
#1206=AXIS2_PLACEMENT_3D('',#1755,#1369,#1370);
#1207=AXIS2_PLACEMENT_3D('',#1757,#1371,#1372);
#1208=AXIS2_PLACEMENT_3D('',#1759,#1373,#1374);
#1209=AXIS2_PLACEMENT_3D('',#1760,#1375,#1376);
#1210=AXIS2_PLACEMENT_3D('',#1762,#1377,#1378);
#1211=AXIS2_PLACEMENT_3D('',#1764,#1380,#1381);
#1212=AXIS2_PLACEMENT_3D('',#1766,#1382,#1383);
#1213=AXIS2_PLACEMENT_3D('',#1768,#1385,#1386);
#1214=AXIS2_PLACEMENT_3D('',#1770,#1387,#1388);
#1215=AXIS2_PLACEMENT_3D('',#1772,#1390,#1391);
#1216=AXIS2_PLACEMENT_3D('',#1774,#1392,#1393);
#1217=AXIS2_PLACEMENT_3D('',#1776,#1395,#1396);
#1218=AXIS2_PLACEMENT_3D('',#1778,#1397,#1398);
#1219=AXIS2_PLACEMENT_3D('',#1780,#1400,#1401);
#1220=AXIS2_PLACEMENT_3D('',#1782,#1402,#1403);
#1221=AXIS2_PLACEMENT_3D('',#1784,#1405,#1406);
#1222=AXIS2_PLACEMENT_3D('',#1786,#1407,#1408);
#1223=AXIS2_PLACEMENT_3D('',#1787,#1409,#1410);
#1224=AXIS2_PLACEMENT_3D('',#1790,#1411,#1412);
#1225=AXIS2_PLACEMENT_3D('',#1792,#1413,#1414);
#1226=AXIS2_PLACEMENT_3D('',#1794,#1415,#1416);
#1227=AXIS2_PLACEMENT_3D('',#1798,#1418,#1419);
#1228=AXIS2_PLACEMENT_3D('',#1800,#1420,#1421);
#1229=AXIS2_PLACEMENT_3D('',#1802,#1422,#1423);
#1230=AXIS2_PLACEMENT_3D('',#1804,#1425,#1426);
#1231=AXIS2_PLACEMENT_3D('',#1807,#1427,#1428);
#1232=AXIS2_PLACEMENT_3D('',#1809,#1429,#1430);
#1233=AXIS2_PLACEMENT_3D('',#1811,#1431,#1432);
#1234=AXIS2_PLACEMENT_3D('',#1815,#1434,#1435);
#1235=AXIS2_PLACEMENT_3D('',#1817,#1436,#1437);
#1236=AXIS2_PLACEMENT_3D('',#1819,#1438,#1439);
#1237=AXIS2_PLACEMENT_3D('',#1821,#1441,#1442);
#1238=AXIS2_PLACEMENT_3D('',#1824,#1443,#1444);
#1239=AXIS2_PLACEMENT_3D('',#1826,#1445,#1446);
#1240=AXIS2_PLACEMENT_3D('',#1828,#1447,#1448);
#1241=AXIS2_PLACEMENT_3D('',#1832,#1450,#1451);
#1242=AXIS2_PLACEMENT_3D('',#1834,#1452,#1453);
#1243=AXIS2_PLACEMENT_3D('',#1836,#1454,#1455);
#1244=AXIS2_PLACEMENT_3D('',#1838,#1457,#1458);
#1245=AXIS2_PLACEMENT_3D('',#1841,#1459,#1460);
#1246=AXIS2_PLACEMENT_3D('',#1843,#1461,#1462);
#1247=AXIS2_PLACEMENT_3D('',#1845,#1463,#1464);
#1248=AXIS2_PLACEMENT_3D('',#1849,#1466,#1467);
#1249=AXIS2_PLACEMENT_3D('',#1851,#1468,#1469);
#1250=AXIS2_PLACEMENT_3D('',#1853,#1470,#1471);
#1251=AXIS2_PLACEMENT_3D('',#1855,#1473,#1474);
#1252=AXIS2_PLACEMENT_3D('',#1858,#1475,#1476);
#1253=AXIS2_PLACEMENT_3D('',#1860,#1477,#1478);
#1254=AXIS2_PLACEMENT_3D('',#1862,#1479,#1480);
#1255=AXIS2_PLACEMENT_3D('',#1866,#1482,#1483);
#1256=AXIS2_PLACEMENT_3D('',#1868,#1484,#1485);
#1257=AXIS2_PLACEMENT_3D('',#1870,#1486,#1487);
#1258=AXIS2_PLACEMENT_3D('',#1872,#1489,#1490);
#1259=AXIS2_PLACEMENT_3D('',#1875,#1491,#1492);
#1260=AXIS2_PLACEMENT_3D('',#1877,#1493,#1494);
#1261=AXIS2_PLACEMENT_3D('',#1879,#1495,#1496);
#1262=AXIS2_PLACEMENT_3D('',#1883,#1498,#1499);
#1263=AXIS2_PLACEMENT_3D('',#1885,#1500,#1501);
#1264=AXIS2_PLACEMENT_3D('',#1887,#1502,#1503);
#1265=AXIS2_PLACEMENT_3D('',#1889,#1505,#1506);
#1266=AXIS2_PLACEMENT_3D('',#1893,#1508,#1509);
#1267=AXIS2_PLACEMENT_3D('',#1895,#1511,#1512);
#1268=AXIS2_PLACEMENT_3D('',#1899,#1515,#1516);
#1269=AXIS2_PLACEMENT_3D('',#1903,#1518,#1519);
#1270=AXIS2_PLACEMENT_3D('',#1905,#1521,#1522);
#1271=AXIS2_PLACEMENT_3D('',#1907,#1523,#1524);
#1272=AXIS2_PLACEMENT_3D('',#1909,#1526,#1527);
#1273=AXIS2_PLACEMENT_3D('',#1911,#1528,#1529);
#1274=AXIS2_PLACEMENT_3D('',#1913,#1531,#1532);
#1275=AXIS2_PLACEMENT_3D('',#1917,#1535,#1536);
#1276=AXIS2_PLACEMENT_3D('',#1921,#1538,#1539);
#1277=AXIS2_PLACEMENT_3D('',#1923,#1541,#1542);
#1278=AXIS2_PLACEMENT_3D('',#1925,#1543,#1544);
#1279=AXIS2_PLACEMENT_3D('',#1927,#1546,#1547);
#1280=AXIS2_PLACEMENT_3D('',#1931,#1549,#1550);
#1281=AXIS2_PLACEMENT_3D('',#1933,#1552,#1553);
#1282=AXIS2_PLACEMENT_3D('',#1935,#1554,#1555);
#1283=AXIS2_PLACEMENT_3D('',#1937,#1557,#1558);
#1284=AXIS2_PLACEMENT_3D('',#1939,#1559,#1560);
#1285=AXIS2_PLACEMENT_3D('',#1941,#1562,#1563);
#1286=AXIS2_PLACEMENT_3D('',#1945,#1566,#1567);
#1287=AXIS2_PLACEMENT_3D('',#1949,#1569,#1570);
#1288=AXIS2_PLACEMENT_3D('',#1951,#1572,#1573);
#1289=AXIS2_PLACEMENT_3D('',#1953,#1574,#1575);
#1290=AXIS2_PLACEMENT_3D('',#1955,#1577,#1578);
#1291=AXIS2_PLACEMENT_3D('',#1957,#1579,#1580);
#1292=AXIS2_PLACEMENT_3D('',#1959,#1582,#1583);
#1293=AXIS2_PLACEMENT_3D('',#1963,#1586,#1587);
#1294=AXIS2_PLACEMENT_3D('',#1967,#1589,#1590);
#1295=AXIS2_PLACEMENT_3D('',#1969,#1592,#1593);
#1296=AXIS2_PLACEMENT_3D('',#1971,#1594,#1595);
#1297=AXIS2_PLACEMENT_3D('',#1973,#1597,#1598);
#1298=AXIS2_PLACEMENT_3D('',#1975,#1599,#1600);
#1299=AXIS2_PLACEMENT_3D('',#1977,#1602,#1603);
#1300=AXIS2_PLACEMENT_3D('',#1981,#1606,#1607);
#1301=AXIS2_PLACEMENT_3D('',#1985,#1609,#1610);
#1302=AXIS2_PLACEMENT_3D('',#1987,#1612,#1613);
#1303=AXIS2_PLACEMENT_3D('',#1988,#1614,#1615);
#1304=AXIS2_PLACEMENT_3D('',#1989,#1616,#1617);
#1305=AXIS2_PLACEMENT_3D('',#1991,#1618,#1619);
#1306=AXIS2_PLACEMENT_3D('',#1993,#1621,#1622);
#1307=AXIS2_PLACEMENT_3D('',#1997,#1625,#1626);
#1308=AXIS2_PLACEMENT_3D('',#1999,#1627,#1628);
#1309=AXIS2_PLACEMENT_3D('',#2001,#1630,#1631);
#1310=AXIS2_PLACEMENT_3D('',#2003,#1632,#1633);
#1311=AXIS2_PLACEMENT_3D('',#2005,#1635,#1636);
#1312=AXIS2_PLACEMENT_3D('',#2007,#1637,#1638);
#1313=AXIS2_PLACEMENT_3D('',#2009,#1640,#1641);
#1314=AXIS2_PLACEMENT_3D('',#2011,#1643,#1644);
#1315=AXIS2_PLACEMENT_3D('',#2013,#1645,#1646);
#1316=AXIS2_PLACEMENT_3D('',#2015,#1648,#1649);
#1317=AXIS2_PLACEMENT_3D('',#2017,#1650,#1651);
#1318=AXIS2_PLACEMENT_3D('',#2019,#1653,#1654);
#1319=AXIS2_PLACEMENT_3D('',#2021,#1655,#1656);
#1320=AXIS2_PLACEMENT_3D('',#2023,#1658,#1659);
#1321=AXIS2_PLACEMENT_3D('',#2025,#1661,#1662);
#1322=AXIS2_PLACEMENT_3D('',#2027,#1663,#1664);
#1323=AXIS2_PLACEMENT_3D('',#2029,#1666,#1667);
#1324=AXIS2_PLACEMENT_3D('',#2031,#1668,#1669);
#1325=AXIS2_PLACEMENT_3D('',#2033,#1671,#1672);
#1326=AXIS2_PLACEMENT_3D('',#2035,#1673,#1674);
#1327=AXIS2_PLACEMENT_3D('',#2037,#1676,#1677);
#1328=AXIS2_PLACEMENT_3D('',#2039,#1679,#1680);
#1329=AXIS2_PLACEMENT_3D('',#2041,#1681,#1682);
#1330=AXIS2_PLACEMENT_3D('',#2043,#1684,#1685);
#1331=AXIS2_PLACEMENT_3D('',#2045,#1686,#1687);
#1332=AXIS2_PLACEMENT_3D('',#2047,#1689,#1690);
#1333=AXIS2_PLACEMENT_3D('',#2049,#1691,#1692);
#1334=AXIS2_PLACEMENT_3D('',#2051,#1694,#1695);
#1335=AXIS2_PLACEMENT_3D('',#2053,#1697,#1698);
#1336=AXIS2_PLACEMENT_3D('',#2055,#1699,#1700);
#1337=AXIS2_PLACEMENT_3D('',#2057,#1702,#1703);
#1338=AXIS2_PLACEMENT_3D('',#2059,#1704,#1705);
#1339=AXIS2_PLACEMENT_3D('',#2061,#1707,#1708);
#1340=AXIS2_PLACEMENT_3D('',#2063,#1709,#1710);
#1341=AXIS2_PLACEMENT_3D('',#2065,#1712,#1713);
#1342=AXIS2_PLACEMENT_3D('',#2067,#1715,#1716);
#1343=AXIS2_PLACEMENT_3D('',#2069,#1717,#1718);
#1344=AXIS2_PLACEMENT_3D('',#2071,#1720,#1721);
#1345=AXIS2_PLACEMENT_3D('',#2073,#1722,#1723);
#1346=AXIS2_PLACEMENT_3D('',#2075,#1725,#1726);
#1347=AXIS2_PLACEMENT_3D('',#2077,#1727,#1728);
#1348=AXIS2_PLACEMENT_3D('',#2079,#1730,#1731);
#1349=AXIS2_PLACEMENT_3D('',#2081,#1733,#1734);
#1350=AXIS2_PLACEMENT_3D('',#2084,#1736,#1737);
#1351=AXIS2_PLACEMENT_3D('',#2085,#1738,#1739);
#1352=DIRECTION('axis',(0.,0.,1.));
#1353=DIRECTION('refdir',(1.,0.,0.));
#1354=DIRECTION('center_axis',(0.,1.,0.));
#1355=DIRECTION('ref_axis',(1.,0.,0.));
#1356=DIRECTION('center_axis',(0.,1.,0.));
#1357=DIRECTION('ref_axis',(1.,0.,0.));
#1358=DIRECTION('',(0.,-1.,0.));
#1359=DIRECTION('center_axis',(0.,1.,0.));
#1360=DIRECTION('ref_axis',(-1.,0.,0.));
#1361=DIRECTION('center_axis',(0.,-1.,0.));
#1362=DIRECTION('ref_axis',(0.,0.,-1.));
#1363=DIRECTION('center_axis',(0.,-1.,0.));
#1364=DIRECTION('ref_axis',(1.,0.,0.));
#1365=DIRECTION('center_axis',(0.,-1.,0.));
#1366=DIRECTION('ref_axis',(1.,0.,0.));
#1367=DIRECTION('center_axis',(0.,-1.,0.));
#1368=DIRECTION('ref_axis',(1.,0.,0.));
#1369=DIRECTION('center_axis',(0.,-1.,0.));
#1370=DIRECTION('ref_axis',(1.,0.,0.));
#1371=DIRECTION('center_axis',(0.,-1.,0.));
#1372=DIRECTION('ref_axis',(1.,0.,0.));
#1373=DIRECTION('center_axis',(0.,-1.,0.));
#1374=DIRECTION('ref_axis',(1.,0.,0.));
#1375=DIRECTION('center_axis',(0.,1.,0.));
#1376=DIRECTION('ref_axis',(1.,0.,0.));
#1377=DIRECTION('center_axis',(0.,1.,0.));
#1378=DIRECTION('ref_axis',(1.,0.,0.));
#1379=DIRECTION('',(0.,1.,0.));
#1380=DIRECTION('center_axis',(0.,1.,0.));
#1381=DIRECTION('ref_axis',(1.,0.,0.));
#1382=DIRECTION('center_axis',(0.,1.,0.));
#1383=DIRECTION('ref_axis',(1.,0.,0.));
#1384=DIRECTION('',(0.,1.,0.));
#1385=DIRECTION('center_axis',(0.,1.,0.));
#1386=DIRECTION('ref_axis',(1.,0.,0.));
#1387=DIRECTION('center_axis',(0.,1.,0.));
#1388=DIRECTION('ref_axis',(1.,0.,0.));
#1389=DIRECTION('',(0.,1.,0.));
#1390=DIRECTION('center_axis',(0.,1.,0.));
#1391=DIRECTION('ref_axis',(1.,0.,0.));
#1392=DIRECTION('center_axis',(0.,1.,0.));
#1393=DIRECTION('ref_axis',(1.,0.,0.));
#1394=DIRECTION('',(0.,1.,0.));
#1395=DIRECTION('center_axis',(0.,1.,0.));
#1396=DIRECTION('ref_axis',(1.,0.,0.));
#1397=DIRECTION('center_axis',(0.,1.,0.));
#1398=DIRECTION('ref_axis',(1.,0.,0.));
#1399=DIRECTION('',(0.,1.,0.));
#1400=DIRECTION('center_axis',(0.,1.,0.));
#1401=DIRECTION('ref_axis',(1.,0.,0.));
#1402=DIRECTION('center_axis',(0.,1.,0.));
#1403=DIRECTION('ref_axis',(1.,0.,0.));
#1404=DIRECTION('',(0.,1.,0.));
#1405=DIRECTION('center_axis',(0.,-1.,0.));
#1406=DIRECTION('ref_axis',(0.,0.,-1.));
#1407=DIRECTION('center_axis',(0.,-1.,0.));
#1408=DIRECTION('ref_axis',(1.,0.,0.));
#1409=DIRECTION('center_axis',(0.,-1.,0.));
#1410=DIRECTION('ref_axis',(0.,0.,-1.));
#1411=DIRECTION('center_axis',(0.,-1.,0.));
#1412=DIRECTION('ref_axis',(0.922315636962187,0.,0.386437402194762));
#1413=DIRECTION('center_axis',(0.,-1.,0.));
#1414=DIRECTION('ref_axis',(0.394642394146952,0.,-0.918834795130203));
#1415=DIRECTION('center_axis',(0.,-1.,0.));
#1416=DIRECTION('ref_axis',(-0.922315636962186,0.,0.386437402194764));
#1417=DIRECTION('',(0.5,0.,-0.866025403784439));
#1418=DIRECTION('center_axis',(0.,-1.,0.));
#1419=DIRECTION('ref_axis',(-0.472456933846622,0.,-0.881353757387037));
#1420=DIRECTION('center_axis',(0.,1.,0.));
#1421=DIRECTION('ref_axis',(-0.231721594097258,0.,0.972782145615875));
#1422=DIRECTION('center_axis',(0.,-1.,0.));
#1423=DIRECTION('ref_axis',(0.472456933846622,0.,-0.881353757387037));
#1424=DIRECTION('',(0.5,0.,0.866025403784439));
#1425=DIRECTION('center_axis',(0.,-1.,0.));
#1426=DIRECTION('ref_axis',(0.,0.,-1.));
#1427=DIRECTION('center_axis',(0.,-1.,0.));
#1428=DIRECTION('ref_axis',(0.795822425754222,0.,-0.605530070819498));
#1429=DIRECTION('center_axis',(0.,-1.,0.));
#1430=DIRECTION('ref_axis',(-0.598413077390349,0.,-0.801187736306673));
#1431=DIRECTION('center_axis',(0.,-1.,0.));
#1432=DIRECTION('ref_axis',(-0.126493211207966,0.,0.99196747301426));
#1433=DIRECTION('',(-0.5,0.,-0.866025403784439));
#1434=DIRECTION('center_axis',(0.,-1.,0.));
#1435=DIRECTION('ref_axis',(-0.999503210541352,0.,-0.0315171717882399));
#1436=DIRECTION('center_axis',(0.,1.,0.));
#1437=DIRECTION('ref_axis',(0.726593253402651,0.,0.68706785990159));
#1438=DIRECTION('center_axis',(0.,-1.,0.));
#1439=DIRECTION('ref_axis',(-0.52704627669473,0.,-0.849836585598798));
#1440=DIRECTION('',(1.,0.,0.));
#1441=DIRECTION('center_axis',(0.,-1.,0.));
#1442=DIRECTION('ref_axis',(0.,0.,-1.));
#1443=DIRECTION('center_axis',(0.,-1.,0.));
#1444=DIRECTION('ref_axis',(-0.126493211207965,0.,-0.99196747301426));
#1445=DIRECTION('center_axis',(0.,-1.,0.));
#1446=DIRECTION('ref_axis',(-0.993055471537302,0.,0.117647058823529));
#1447=DIRECTION('center_axis',(0.,-1.,0.));
#1448=DIRECTION('ref_axis',(0.795822425754222,0.,0.605530070819498));
#1449=DIRECTION('',(-1.,0.,-1.37482017305322E-16));
#1450=DIRECTION('center_axis',(0.,-1.,0.));
#1451=DIRECTION('ref_axis',(-0.52704627669473,0.,0.849836585598797));
#1452=DIRECTION('center_axis',(0.,1.,0.));
#1453=DIRECTION('ref_axis',(0.95831484749991,0.,-0.285714285714286));
#1454=DIRECTION('center_axis',(0.,-1.,0.));
#1455=DIRECTION('ref_axis',(-0.999503210541352,0.,0.031517171788239));
#1456=DIRECTION('',(0.5,0.,-0.866025403784438));
#1457=DIRECTION('center_axis',(0.,-1.,0.));
#1458=DIRECTION('ref_axis',(0.,0.,-1.));
#1459=DIRECTION('center_axis',(0.,-1.,0.));
#1460=DIRECTION('ref_axis',(-0.922315636962186,0.,-0.386437402194764));
#1461=DIRECTION('center_axis',(0.,-1.,0.));
#1462=DIRECTION('ref_axis',(-0.394642394146953,0.,0.918834795130202));
#1463=DIRECTION('center_axis',(0.,-1.,0.));
#1464=DIRECTION('ref_axis',(0.922315636962187,0.,-0.386437402194762));
#1465=DIRECTION('',(-0.500000000000001,0.,0.866025403784438));
#1466=DIRECTION('center_axis',(0.,-1.,0.));
#1467=DIRECTION('ref_axis',(0.472456933846622,0.,0.881353757387037));
#1468=DIRECTION('center_axis',(0.,1.,0.));
#1469=DIRECTION('ref_axis',(0.231721594097259,0.,-0.972782145615875));
#1470=DIRECTION('center_axis',(0.,-1.,0.));
#1471=DIRECTION('ref_axis',(-0.472456933846623,0.,0.881353757387037));
#1472=DIRECTION('',(-0.499999999999999,0.,-0.866025403784439));
#1473=DIRECTION('center_axis',(0.,-1.,0.));
#1474=DIRECTION('ref_axis',(0.,0.,-1.));
#1475=DIRECTION('center_axis',(0.,-1.,0.));
#1476=DIRECTION('ref_axis',(-0.795822425754221,0.,0.605530070819499));
#1477=DIRECTION('center_axis',(0.,-1.,0.));
#1478=DIRECTION('ref_axis',(0.598413077390349,0.,0.801187736306674));
#1479=DIRECTION('center_axis',(0.,-1.,0.));
#1480=DIRECTION('ref_axis',(0.126493211207967,0.,-0.99196747301426));
#1481=DIRECTION('',(0.499999999999999,0.,0.866025403784439));
#1482=DIRECTION('center_axis',(0.,-1.,0.));
#1483=DIRECTION('ref_axis',(0.999503210541352,0.,0.0315171717882398));
#1484=DIRECTION('center_axis',(0.,1.,0.));
#1485=DIRECTION('ref_axis',(-0.726593253402651,0.,-0.68706785990159));
#1486=DIRECTION('center_axis',(0.,-1.,0.));
#1487=DIRECTION('ref_axis',(0.52704627669473,0.,0.849836585598797));
#1488=DIRECTION('',(-1.,0.,1.37482017305322E-16));
#1489=DIRECTION('center_axis',(0.,-1.,0.));
#1490=DIRECTION('ref_axis',(0.,0.,-1.));
#1491=DIRECTION('center_axis',(0.,-1.,0.));
#1492=DIRECTION('ref_axis',(0.126493211207967,0.,0.99196747301426));
#1493=DIRECTION('center_axis',(0.,-1.,0.));
#1494=DIRECTION('ref_axis',(0.598413077390349,0.,0.801187736306674));
#1495=DIRECTION('center_axis',(0.,-1.,0.));
#1496=DIRECTION('ref_axis',(-0.795822425754221,0.,-0.605530070819499));
#1497=DIRECTION('',(1.,0.,0.));
#1498=DIRECTION('center_axis',(0.,-1.,0.));
#1499=DIRECTION('ref_axis',(0.52704627669473,0.,-0.849836585598798));
#1500=DIRECTION('center_axis',(0.,1.,0.));
#1501=DIRECTION('ref_axis',(-0.95831484749991,0.,0.285714285714286));
#1502=DIRECTION('center_axis',(0.,-1.,0.));
#1503=DIRECTION('ref_axis',(0.999503210541352,0.,-0.0315171717882394));
#1504=DIRECTION('',(-0.5,0.,0.866025403784439));
#1505=DIRECTION('center_axis',(0.,1.,0.));
#1506=DIRECTION('ref_axis',(-0.922315636962186,0.,0.386437402194764));
#1507=DIRECTION('',(0.,-1.,0.));
#1508=DIRECTION('center_axis',(0.,1.,0.));
#1509=DIRECTION('ref_axis',(-0.922315636962186,0.,0.386437402194764));
#1510=DIRECTION('',(0.,1.,0.));
#1511=DIRECTION('center_axis',(0.866025403784439,0.,0.5));
#1512=DIRECTION('ref_axis',(0.5,0.,-0.866025403784439));
#1513=DIRECTION('',(0.5,0.,-0.866025403784439));
#1514=DIRECTION('',(0.,-1.,0.));
#1515=DIRECTION('center_axis',(0.,1.,0.));
#1516=DIRECTION('ref_axis',(0.126493211207967,0.,0.99196747301426));
#1517=DIRECTION('',(0.,-1.,0.));
#1518=DIRECTION('center_axis',(0.,1.,0.));
#1519=DIRECTION('ref_axis',(0.126493211207967,0.,0.99196747301426));
#1520=DIRECTION('',(0.,1.,0.));
#1521=DIRECTION('center_axis',(0.,1.,0.));
#1522=DIRECTION('ref_axis',(0.598413077390349,0.,0.801187736306674));
#1523=DIRECTION('center_axis',(0.,-1.,0.));
#1524=DIRECTION('ref_axis',(0.598413077390349,0.,0.801187736306674));
#1525=DIRECTION('',(0.,-1.,0.));
#1526=DIRECTION('center_axis',(0.,1.,0.));
#1527=DIRECTION('ref_axis',(-0.795822425754221,0.,-0.605530070819499));
#1528=DIRECTION('center_axis',(0.,1.,0.));
#1529=DIRECTION('ref_axis',(-0.795822425754221,0.,-0.605530070819499));
#1530=DIRECTION('',(0.,1.,0.));
#1531=DIRECTION('center_axis',(0.,0.,1.));
#1532=DIRECTION('ref_axis',(1.,0.,0.));
#1533=DIRECTION('',(1.,0.,0.));
#1534=DIRECTION('',(0.,-1.,0.));
#1535=DIRECTION('center_axis',(0.,1.,0.));
#1536=DIRECTION('ref_axis',(-0.795822425754221,0.,0.605530070819499));
#1537=DIRECTION('',(0.,-1.,0.));
#1538=DIRECTION('center_axis',(0.,1.,0.));
#1539=DIRECTION('ref_axis',(-0.795822425754221,0.,0.605530070819499));
#1540=DIRECTION('',(0.,1.,0.));
#1541=DIRECTION('center_axis',(0.,1.,0.));
#1542=DIRECTION('ref_axis',(0.598413077390349,0.,0.801187736306674));
#1543=DIRECTION('center_axis',(0.,-1.,0.));
#1544=DIRECTION('ref_axis',(0.598413077390349,0.,0.801187736306674));
#1545=DIRECTION('',(0.,-1.,0.));
#1546=DIRECTION('center_axis',(0.,1.,0.));
#1547=DIRECTION('ref_axis',(-0.922315636962186,0.,-0.386437402194764));
#1548=DIRECTION('',(0.,-1.,0.));
#1549=DIRECTION('center_axis',(0.,1.,0.));
#1550=DIRECTION('ref_axis',(-0.922315636962186,0.,-0.386437402194764));
#1551=DIRECTION('',(0.,1.,0.));
#1552=DIRECTION('center_axis',(0.,1.,0.));
#1553=DIRECTION('ref_axis',(-0.394642394146953,0.,0.918834795130202));
#1554=DIRECTION('center_axis',(0.,-1.,0.));
#1555=DIRECTION('ref_axis',(-0.394642394146953,0.,0.918834795130202));
#1556=DIRECTION('',(0.,-1.,0.));
#1557=DIRECTION('center_axis',(0.,1.,0.));
#1558=DIRECTION('ref_axis',(0.126493211207967,0.,-0.99196747301426));
#1559=DIRECTION('center_axis',(0.,1.,0.));
#1560=DIRECTION('ref_axis',(0.126493211207967,0.,-0.99196747301426));
#1561=DIRECTION('',(0.,1.,0.));
#1562=DIRECTION('center_axis',(-0.866025403784439,0.,0.499999999999999));
#1563=DIRECTION('ref_axis',(0.499999999999999,0.,0.866025403784439));
#1564=DIRECTION('',(0.499999999999999,0.,0.866025403784439));
#1565=DIRECTION('',(0.,-1.,0.));
#1566=DIRECTION('center_axis',(0.,1.,0.));
#1567=DIRECTION('ref_axis',(-0.126493211207965,0.,-0.99196747301426));
#1568=DIRECTION('',(0.,-1.,0.));
#1569=DIRECTION('center_axis',(0.,1.,0.));
#1570=DIRECTION('ref_axis',(-0.126493211207965,0.,-0.99196747301426));
#1571=DIRECTION('',(0.,1.,0.));
#1572=DIRECTION('center_axis',(0.,1.,0.));
#1573=DIRECTION('ref_axis',(-0.993055471537302,0.,0.117647058823529));
#1574=DIRECTION('center_axis',(0.,-1.,0.));
#1575=DIRECTION('ref_axis',(-0.993055471537302,0.,0.117647058823529));
#1576=DIRECTION('',(0.,-1.,0.));
#1577=DIRECTION('center_axis',(0.,1.,0.));
#1578=DIRECTION('ref_axis',(0.922315636962187,0.,-0.386437402194762));
#1579=DIRECTION('center_axis',(0.,1.,0.));
#1580=DIRECTION('ref_axis',(0.922315636962187,0.,-0.386437402194762));
#1581=DIRECTION('',(0.,1.,0.));
#1582=DIRECTION('center_axis',(-0.866025403784438,0.,-0.500000000000001));
#1583=DIRECTION('ref_axis',(-0.500000000000001,0.,0.866025403784438));
#1584=DIRECTION('',(-0.500000000000001,0.,0.866025403784438));
#1585=DIRECTION('',(0.,-1.,0.));
#1586=DIRECTION('center_axis',(0.,1.,0.));
#1587=DIRECTION('ref_axis',(0.795822425754222,0.,-0.605530070819498));
#1588=DIRECTION('',(0.,-1.,0.));
#1589=DIRECTION('center_axis',(0.,1.,0.));
#1590=DIRECTION('ref_axis',(0.795822425754222,0.,-0.605530070819498));
#1591=DIRECTION('',(0.,1.,0.));
#1592=DIRECTION('center_axis',(0.,1.,0.));
#1593=DIRECTION('ref_axis',(-0.598413077390349,0.,-0.801187736306673));
#1594=DIRECTION('center_axis',(0.,-1.,0.));
#1595=DIRECTION('ref_axis',(-0.598413077390349,0.,-0.801187736306673));
#1596=DIRECTION('',(0.,-1.,0.));
#1597=DIRECTION('center_axis',(0.,1.,0.));
#1598=DIRECTION('ref_axis',(0.795822425754222,0.,0.605530070819498));
#1599=DIRECTION('center_axis',(0.,1.,0.));
#1600=DIRECTION('ref_axis',(0.795822425754222,0.,0.605530070819498));
#1601=DIRECTION('',(0.,1.,0.));
#1602=DIRECTION('center_axis',(1.37482017305322E-16,0.,-1.));
#1603=DIRECTION('ref_axis',(-1.,0.,-1.37482017305322E-16));
#1604=DIRECTION('',(-1.,0.,-1.37482017305322E-16));
#1605=DIRECTION('',(0.,-1.,0.));
#1606=DIRECTION('center_axis',(0.,1.,0.));
#1607=DIRECTION('ref_axis',(0.922315636962187,0.,0.386437402194762));
#1608=DIRECTION('',(0.,-1.,0.));
#1609=DIRECTION('center_axis',(0.,1.,0.));
#1610=DIRECTION('ref_axis',(0.922315636962187,0.,0.386437402194762));
#1611=DIRECTION('',(0.,1.,0.));
#1612=DIRECTION('center_axis',(0.,1.,0.));
#1613=DIRECTION('ref_axis',(0.394642394146952,0.,-0.918834795130203));
#1614=DIRECTION('center_axis',(0.,-1.,0.));
#1615=DIRECTION('ref_axis',(0.394642394146952,0.,-0.918834795130203));
#1616=DIRECTION('center_axis',(0.,1.,0.));
#1617=DIRECTION('ref_axis',(-0.126493211207966,0.,0.99196747301426));
#1618=DIRECTION('center_axis',(0.,1.,0.));
#1619=DIRECTION('ref_axis',(-0.126493211207966,0.,0.99196747301426));
#1620=DIRECTION('',(0.,1.,0.));
#1621=DIRECTION('center_axis',(0.866025403784439,0.,-0.5));
#1622=DIRECTION('ref_axis',(-0.5,0.,-0.866025403784439));
#1623=DIRECTION('',(-0.5,0.,-0.866025403784439));
#1624=DIRECTION('',(0.,-1.,0.));
#1625=DIRECTION('center_axis',(0.,1.,0.));
#1626=DIRECTION('ref_axis',(-0.999503210541352,0.,-0.0315171717882399));
#1627=DIRECTION('center_axis',(0.,1.,0.));
#1628=DIRECTION('ref_axis',(-0.999503210541352,0.,-0.0315171717882399));
#1629=DIRECTION('',(0.,1.,0.));
#1630=DIRECTION('center_axis',(0.,1.,0.));
#1631=DIRECTION('ref_axis',(0.726593253402651,0.,0.68706785990159));
#1632=DIRECTION('center_axis',(0.,1.,0.));
#1633=DIRECTION('ref_axis',(0.726593253402651,0.,0.68706785990159));
#1634=DIRECTION('',(0.,-1.,0.));
#1635=DIRECTION('center_axis',(0.,1.,0.));
#1636=DIRECTION('ref_axis',(-0.52704627669473,0.,-0.849836585598798));
#1637=DIRECTION('center_axis',(0.,1.,0.));
#1638=DIRECTION('ref_axis',(-0.52704627669473,0.,-0.849836585598798));
#1639=DIRECTION('',(0.,1.,0.));
#1640=DIRECTION('center_axis',(0.,0.,1.));
#1641=DIRECTION('ref_axis',(1.,0.,0.));
#1642=DIRECTION('',(1.,0.,0.));
#1643=DIRECTION('center_axis',(0.,1.,0.));
#1644=DIRECTION('ref_axis',(-0.52704627669473,0.,0.849836585598797));
#1645=DIRECTION('center_axis',(0.,1.,0.));
#1646=DIRECTION('ref_axis',(-0.52704627669473,0.,0.849836585598797));
#1647=DIRECTION('',(0.,1.,0.));
#1648=DIRECTION('center_axis',(0.,1.,0.));
#1649=DIRECTION('ref_axis',(0.95831484749991,0.,-0.285714285714286));
#1650=DIRECTION('center_axis',(0.,1.,0.));
#1651=DIRECTION('ref_axis',(0.95831484749991,0.,-0.285714285714286));
#1652=DIRECTION('',(0.,-1.,0.));
#1653=DIRECTION('center_axis',(0.,1.,0.));
#1654=DIRECTION('ref_axis',(-0.999503210541352,0.,0.031517171788239));
#1655=DIRECTION('center_axis',(0.,1.,0.));
#1656=DIRECTION('ref_axis',(-0.999503210541352,0.,0.031517171788239));
#1657=DIRECTION('',(0.,1.,0.));
#1658=DIRECTION('center_axis',(0.866025403784439,0.,0.5));
#1659=DIRECTION('ref_axis',(0.5,0.,-0.866025403784438));
#1660=DIRECTION('',(0.5,0.,-0.866025403784438));
#1661=DIRECTION('center_axis',(0.,1.,0.));
#1662=DIRECTION('ref_axis',(0.472456933846622,0.,0.881353757387037));
#1663=DIRECTION('center_axis',(0.,1.,0.));
#1664=DIRECTION('ref_axis',(0.472456933846622,0.,0.881353757387037));
#1665=DIRECTION('',(0.,1.,0.));
#1666=DIRECTION('center_axis',(0.,1.,0.));
#1667=DIRECTION('ref_axis',(0.231721594097259,0.,-0.972782145615875));
#1668=DIRECTION('center_axis',(0.,1.,0.));
#1669=DIRECTION('ref_axis',(0.231721594097259,0.,-0.972782145615875));
#1670=DIRECTION('',(0.,-1.,0.));
#1671=DIRECTION('center_axis',(0.,1.,0.));
#1672=DIRECTION('ref_axis',(-0.472456933846623,0.,0.881353757387037));
#1673=DIRECTION('center_axis',(0.,1.,0.));
#1674=DIRECTION('ref_axis',(-0.472456933846623,0.,0.881353757387037));
#1675=DIRECTION('',(0.,1.,0.));
#1676=DIRECTION('center_axis',(0.866025403784439,0.,-0.499999999999999));
#1677=DIRECTION('ref_axis',(-0.499999999999999,0.,-0.866025403784439));
#1678=DIRECTION('',(-0.499999999999999,0.,-0.866025403784439));
#1679=DIRECTION('center_axis',(0.,1.,0.));
#1680=DIRECTION('ref_axis',(0.999503210541352,0.,0.0315171717882398));
#1681=DIRECTION('center_axis',(0.,1.,0.));
#1682=DIRECTION('ref_axis',(0.999503210541352,0.,0.0315171717882398));
#1683=DIRECTION('',(0.,1.,0.));
#1684=DIRECTION('center_axis',(0.,1.,0.));
#1685=DIRECTION('ref_axis',(-0.726593253402651,0.,-0.68706785990159));
#1686=DIRECTION('center_axis',(0.,1.,0.));
#1687=DIRECTION('ref_axis',(-0.726593253402651,0.,-0.68706785990159));
#1688=DIRECTION('',(0.,-1.,0.));
#1689=DIRECTION('center_axis',(0.,1.,0.));
#1690=DIRECTION('ref_axis',(0.52704627669473,0.,0.849836585598797));
#1691=DIRECTION('center_axis',(0.,1.,0.));
#1692=DIRECTION('ref_axis',(0.52704627669473,0.,0.849836585598797));
#1693=DIRECTION('',(0.,1.,0.));
#1694=DIRECTION('center_axis',(-1.37482017305322E-16,0.,-1.));
#1695=DIRECTION('ref_axis',(-1.,0.,1.37482017305322E-16));
#1696=DIRECTION('',(-1.,0.,1.37482017305322E-16));
#1697=DIRECTION('center_axis',(0.,1.,0.));
#1698=DIRECTION('ref_axis',(0.52704627669473,0.,-0.849836585598798));
#1699=DIRECTION('center_axis',(0.,1.,0.));
#1700=DIRECTION('ref_axis',(0.52704627669473,0.,-0.849836585598798));
#1701=DIRECTION('',(0.,1.,0.));
#1702=DIRECTION('center_axis',(0.,1.,0.));
#1703=DIRECTION('ref_axis',(-0.95831484749991,0.,0.285714285714286));
#1704=DIRECTION('center_axis',(0.,1.,0.));
#1705=DIRECTION('ref_axis',(-0.95831484749991,0.,0.285714285714286));
#1706=DIRECTION('',(0.,-1.,0.));
#1707=DIRECTION('center_axis',(0.,1.,0.));
#1708=DIRECTION('ref_axis',(0.999503210541352,0.,-0.0315171717882394));
#1709=DIRECTION('center_axis',(0.,1.,0.));
#1710=DIRECTION('ref_axis',(0.999503210541352,0.,-0.0315171717882394));
#1711=DIRECTION('',(0.,1.,0.));
#1712=DIRECTION('center_axis',(-0.866025403784439,0.,-0.5));
#1713=DIRECTION('ref_axis',(-0.5,0.,0.866025403784439));
#1714=DIRECTION('',(-0.5,0.,0.866025403784439));
#1715=DIRECTION('center_axis',(0.,1.,0.));
#1716=DIRECTION('ref_axis',(-0.472456933846622,0.,-0.881353757387037));
#1717=DIRECTION('center_axis',(0.,1.,0.));
#1718=DIRECTION('ref_axis',(-0.472456933846622,0.,-0.881353757387037));
#1719=DIRECTION('',(0.,1.,0.));
#1720=DIRECTION('center_axis',(0.,1.,0.));
#1721=DIRECTION('ref_axis',(-0.231721594097258,0.,0.972782145615875));
#1722=DIRECTION('center_axis',(0.,1.,0.));
#1723=DIRECTION('ref_axis',(-0.231721594097258,0.,0.972782145615875));
#1724=DIRECTION('',(0.,-1.,0.));
#1725=DIRECTION('center_axis',(0.,1.,0.));
#1726=DIRECTION('ref_axis',(0.472456933846622,0.,-0.881353757387037));
#1727=DIRECTION('center_axis',(0.,1.,0.));
#1728=DIRECTION('ref_axis',(0.472456933846622,0.,-0.881353757387037));
#1729=DIRECTION('',(0.,1.,0.));
#1730=DIRECTION('center_axis',(-0.866025403784439,0.,0.5));
#1731=DIRECTION('ref_axis',(0.5,0.,0.866025403784439));
#1732=DIRECTION('',(0.5,0.,0.866025403784439));
#1733=DIRECTION('center_axis',(0.,1.,0.));
#1734=DIRECTION('ref_axis',(1.,0.,0.));
#1735=DIRECTION('',(0.,1.,0.));
#1736=DIRECTION('center_axis',(0.,-1.,0.));
#1737=DIRECTION('ref_axis',(1.,0.,0.));
#1738=DIRECTION('center_axis',(0.,1.,0.));
#1739=DIRECTION('ref_axis',(0.,0.,1.));
#1740=CARTESIAN_POINT('',(0.,0.,0.));
#1741=CARTESIAN_POINT('Origin',(0.,0.0393700787401575,0.));
#1742=CARTESIAN_POINT('',(-1.25,0.578740157480315,1.53080849893419E-16));
#1743=CARTESIAN_POINT('Origin',(0.,0.578740157480315,0.));
#1744=CARTESIAN_POINT('',(-1.25,0.539370078740158,0.));
#1745=CARTESIAN_POINT('',(-1.25,0.0393700787401575,1.53080849893419E-16));
#1746=CARTESIAN_POINT('Origin',(0.,0.539370078740158,0.));
#1747=CARTESIAN_POINT('Origin',(0.,0.578740157480315,0.));
#1748=CARTESIAN_POINT('',(-0.0885000000000002,0.578740157480315,-0.791666666666667));
#1749=CARTESIAN_POINT('Origin',(-2.18547839493141E-16,0.578740157480315,
-0.791666666666667));
#1750=CARTESIAN_POINT('',(-0.0884999999999993,0.578740157480315,0.791666666666667));
#1751=CARTESIAN_POINT('Origin',(6.55643518479423E-16,0.578740157480315,
0.791666666666667));
#1752=CARTESIAN_POINT('',(-0.774103444662681,0.578740157480315,-0.395833333333333));
#1753=CARTESIAN_POINT('Origin',(-0.685603444662681,0.578740157480315,-0.395833333333333));
#1754=CARTESIAN_POINT('',(0.59710344466268,0.578740157480315,-0.395833333333333));
#1755=CARTESIAN_POINT('Origin',(0.68560344466268,0.578740157480315,-0.395833333333333));
#1756=CARTESIAN_POINT('',(0.597103444662681,0.578740157480315,0.395833333333333));
#1757=CARTESIAN_POINT('Origin',(0.685603444662681,0.578740157480315,0.395833333333333));
#1758=CARTESIAN_POINT('',(-0.774103444662681,0.578740157480315,0.395833333333333));
#1759=CARTESIAN_POINT('Origin',(-0.685603444662681,0.578740157480315,0.395833333333333));
#1760=CARTESIAN_POINT('Origin',(-2.18547839493141E-16,0.0393700787401575,
-0.791666666666667));
#1761=CARTESIAN_POINT('',(-0.0885000000000002,0.0393700787401575,-0.791666666666667));
#1762=CARTESIAN_POINT('Origin',(-2.18547839493141E-16,0.0393700787401575,
-0.791666666666667));
#1763=CARTESIAN_POINT('',(-0.0885000000000002,0.0393700787401575,-0.791666666666667));
#1764=CARTESIAN_POINT('Origin',(6.55643518479423E-16,0.0393700787401575,
0.791666666666667));
#1765=CARTESIAN_POINT('',(-0.0884999999999993,0.0393700787401575,0.791666666666667));
#1766=CARTESIAN_POINT('Origin',(6.55643518479423E-16,0.0393700787401575,
0.791666666666667));
#1767=CARTESIAN_POINT('',(-0.0884999999999993,0.0393700787401575,0.791666666666667));
#1768=CARTESIAN_POINT('Origin',(-0.685603444662681,0.0393700787401575,-0.395833333333333));
#1769=CARTESIAN_POINT('',(-0.774103444662681,0.0393700787401575,-0.395833333333333));
#1770=CARTESIAN_POINT('Origin',(-0.685603444662681,0.0393700787401575,-0.395833333333333));
#1771=CARTESIAN_POINT('',(-0.774103444662681,0.0393700787401575,-0.395833333333333));
#1772=CARTESIAN_POINT('Origin',(0.68560344466268,0.0393700787401575,-0.395833333333333));
#1773=CARTESIAN_POINT('',(0.59710344466268,0.0393700787401575,-0.395833333333333));
#1774=CARTESIAN_POINT('Origin',(0.68560344466268,0.0393700787401575,-0.395833333333333));
#1775=CARTESIAN_POINT('',(0.59710344466268,0.0393700787401575,-0.395833333333333));
#1776=CARTESIAN_POINT('Origin',(0.685603444662681,0.0393700787401575,0.395833333333333));
#1777=CARTESIAN_POINT('',(0.597103444662681,0.0393700787401575,0.395833333333333));
#1778=CARTESIAN_POINT('Origin',(0.685603444662681,0.0393700787401575,0.395833333333333));
#1779=CARTESIAN_POINT('',(0.597103444662681,0.0393700787401575,0.395833333333333));
#1780=CARTESIAN_POINT('Origin',(-0.685603444662681,0.0393700787401575,0.395833333333333));
#1781=CARTESIAN_POINT('',(-0.774103444662681,0.0393700787401575,0.395833333333333));
#1782=CARTESIAN_POINT('Origin',(-0.685603444662681,0.0393700787401575,0.395833333333333));
#1783=CARTESIAN_POINT('',(-0.774103444662681,0.0393700787401575,0.395833333333333));
#1784=CARTESIAN_POINT('Origin',(0.,0.0393700787401575,0.));
#1785=CARTESIAN_POINT('',(-0.2,0.0393700787401575,2.44929359829471E-17));
#1786=CARTESIAN_POINT('Origin',(0.,0.0393700787401575,0.));
#1787=CARTESIAN_POINT('Origin',(0.,0.0393700787401575,0.));
#1788=CARTESIAN_POINT('',(0.343522833739475,0.0393700787401575,0.844999001596807));
#1789=CARTESIAN_POINT('',(0.266638946035276,0.0393700787401575,1.02849886847638));
#1790=CARTESIAN_POINT('Origin',(0.23526965826642,0.0393700787401575,0.907499001596807));
#1791=CARTESIAN_POINT('',(-0.266638946035277,0.0393700787401575,1.02849886847638));
#1792=CARTESIAN_POINT('Origin',(0.,0.0393700787401575,0.));
#1793=CARTESIAN_POINT('',(-0.343522833739475,0.0393700787401575,0.844999001596807));
#1794=CARTESIAN_POINT('Origin',(-0.235269658266421,0.0393700787401575,0.907499001596807));
#1795=CARTESIAN_POINT('',(-0.143692379161275,0.0393700787401575,0.498882501367779));
#1796=CARTESIAN_POINT('',(-0.419307543781137,0.0393700787401575,0.97626196982584));
#1797=CARTESIAN_POINT('',(-0.0275638250908379,0.0393700787401575,0.436630834397162));
#1798=CARTESIAN_POINT('Origin',(-0.0354392036882201,0.0393700787401575,
0.561382501367779));
#1799=CARTESIAN_POINT('',(0.0275638250908377,0.0393700787401575,0.436630834397162));
#1800=CARTESIAN_POINT('Origin',(0.,0.0393700787401575,0.));
#1801=CARTESIAN_POINT('',(0.143692379161275,0.0393700787401575,0.498882501367779));
#1802=CARTESIAN_POINT('Origin',(0.03543920368822,0.0393700787401575,0.561382501367779));
#1803=CARTESIAN_POINT('',(0.10137819741755,0.0393700787401575,0.425592188706945));
#1804=CARTESIAN_POINT('Origin',(0.,0.0393700787401575,0.));
#1805=CARTESIAN_POINT('',(0.90355201842506,0.0393700787401575,0.125));
#1806=CARTESIAN_POINT('',(1.02402562088173,0.0393700787401575,0.283333333333333));
#1807=CARTESIAN_POINT('Origin',(0.90355201842506,0.0393700787401575,0.25));
#1808=CARTESIAN_POINT('',(0.757386674846458,0.0393700787401575,0.745165535143048));
#1809=CARTESIAN_POINT('Origin',(0.,0.0393700787401575,0.));
#1810=CARTESIAN_POINT('',(0.560029184685585,0.0393700787401575,0.719999001596807));
#1811=CARTESIAN_POINT('Origin',(0.66828236015864,0.0393700787401575,0.657499001596808));
#1812=CARTESIAN_POINT('',(0.360198730107384,0.0393700787401575,0.37388250136778));
#1813=CARTESIAN_POINT('',(0.635813894727246,0.0393700787401575,0.85126196982584));
#1814=CARTESIAN_POINT('',(0.364351482118119,0.0393700787401575,0.242186389952717));
#1815=CARTESIAN_POINT('Origin',(0.468451905580439,0.0393700787401575,0.31138250136778));
#1816=CARTESIAN_POINT('',(0.391915307208957,0.0393700787401575,0.194444444444444));
#1817=CARTESIAN_POINT('Origin',(0.,0.0393700787401575,0.));
#1818=CARTESIAN_POINT('',(0.503891109268659,0.0393700787401575,0.125));
#1819=CARTESIAN_POINT('Origin',(0.503891109268659,0.0393700787401575,0.25));
#1820=CARTESIAN_POINT('',(0.419262745781211,0.0393700787401575,0.125));
#1821=CARTESIAN_POINT('Origin',(0.,0.0393700787401575,0.));
#1822=CARTESIAN_POINT('',(0.560029184685585,0.0393700787401575,-0.719999001596807));
#1823=CARTESIAN_POINT('',(0.757386674846458,0.0393700787401575,-0.745165535143048));
#1824=CARTESIAN_POINT('Origin',(0.66828236015864,0.0393700787401575,-0.657499001596807));
#1825=CARTESIAN_POINT('',(1.02402562088173,0.0393700787401575,-0.283333333333333));
#1826=CARTESIAN_POINT('Origin',(0.,0.0393700787401575,0.));
#1827=CARTESIAN_POINT('',(0.90355201842506,0.0393700787401575,-0.125));
#1828=CARTESIAN_POINT('Origin',(0.90355201842506,0.0393700787401575,-0.25));
#1829=CARTESIAN_POINT('',(0.503891109268659,0.0393700787401575,-0.125));
#1830=CARTESIAN_POINT('',(1.05512143850838,0.0393700787401575,-0.125));
#1831=CARTESIAN_POINT('',(0.391915307208957,0.0393700787401575,-0.194444444444444));
#1832=CARTESIAN_POINT('Origin',(0.503891109268659,0.0393700787401575,-0.25));
#1833=CARTESIAN_POINT('',(0.36435148211812,0.0393700787401575,-0.242186389952717));
#1834=CARTESIAN_POINT('Origin',(0.,0.0393700787401575,0.));
#1835=CARTESIAN_POINT('',(0.360198730107385,0.0393700787401575,-0.373882501367779));
#1836=CARTESIAN_POINT('Origin',(0.468451905580439,0.0393700787401575,-0.311382501367779));
#1837=CARTESIAN_POINT('',(0.31788454836366,0.0393700787401575,-0.300592188706945));
#1838=CARTESIAN_POINT('Origin',(0.,0.0393700787401575,0.));
#1839=CARTESIAN_POINT('',(-0.343522833739475,0.0393700787401575,-0.844999001596808));
#1840=CARTESIAN_POINT('',(-0.266638946035276,0.0393700787401575,-1.02849886847638));
#1841=CARTESIAN_POINT('Origin',(-0.23526965826642,0.0393700787401575,-0.907499001596807));
#1842=CARTESIAN_POINT('',(0.266638946035277,0.0393700787401575,-1.02849886847638));
#1843=CARTESIAN_POINT('Origin',(0.,0.0393700787401575,0.));
#1844=CARTESIAN_POINT('',(0.343522833739476,0.0393700787401575,-0.844999001596807));
#1845=CARTESIAN_POINT('Origin',(0.235269658266421,0.0393700787401575,-0.907499001596807));
#1846=CARTESIAN_POINT('',(0.143692379161275,0.0393700787401575,-0.498882501367779));
#1847=CARTESIAN_POINT('',(0.419307543781137,0.0393700787401575,-0.97626196982584));
#1848=CARTESIAN_POINT('',(0.0275638250908379,0.0393700787401575,-0.436630834397162));
#1849=CARTESIAN_POINT('Origin',(0.0354392036882201,0.0393700787401575,-0.561382501367779));
#1850=CARTESIAN_POINT('',(-0.0275638250908375,0.0393700787401575,-0.436630834397162));
#1851=CARTESIAN_POINT('Origin',(0.,0.0393700787401575,0.));
#1852=CARTESIAN_POINT('',(-0.143692379161274,0.0393700787401575,-0.498882501367779));
#1853=CARTESIAN_POINT('Origin',(-0.0354392036882197,0.0393700787401575,
-0.561382501367779));
#1854=CARTESIAN_POINT('',(-0.10137819741755,0.0393700787401575,-0.425592188706945));
#1855=CARTESIAN_POINT('Origin',(0.,0.0393700787401575,0.));
#1856=CARTESIAN_POINT('',(-0.90355201842506,0.0393700787401575,-0.125));
#1857=CARTESIAN_POINT('',(-1.02402562088173,0.0393700787401575,-0.283333333333333));
#1858=CARTESIAN_POINT('Origin',(-0.90355201842506,0.0393700787401575,-0.25));
#1859=CARTESIAN_POINT('',(-0.757386674846458,0.0393700787401575,-0.745165535143049));
#1860=CARTESIAN_POINT('Origin',(0.,0.0393700787401575,0.));
#1861=CARTESIAN_POINT('',(-0.560029184685584,0.0393700787401575,-0.719999001596808));
#1862=CARTESIAN_POINT('Origin',(-0.668282360158639,0.0393700787401575,-0.657499001596808));
#1863=CARTESIAN_POINT('',(-0.360198730107384,0.0393700787401575,-0.37388250136778));
#1864=CARTESIAN_POINT('',(-0.635813894727246,0.0393700787401575,-0.851261969825841));
#1865=CARTESIAN_POINT('',(-0.364351482118119,0.0393700787401575,-0.242186389952717));
#1866=CARTESIAN_POINT('Origin',(-0.468451905580439,0.0393700787401575,-0.31138250136778));
#1867=CARTESIAN_POINT('',(-0.391915307208957,0.0393700787401575,-0.194444444444444));
#1868=CARTESIAN_POINT('Origin',(0.,0.0393700787401575,0.));
#1869=CARTESIAN_POINT('',(-0.503891109268659,0.0393700787401575,-0.125));
#1870=CARTESIAN_POINT('Origin',(-0.503891109268659,0.0393700787401575,-0.25));
#1871=CARTESIAN_POINT('',(-0.419262745781211,0.0393700787401575,-0.125));
#1872=CARTESIAN_POINT('Origin',(0.,0.0393700787401575,0.));
#1873=CARTESIAN_POINT('',(-0.560029184685585,0.0393700787401575,0.719999001596807));
#1874=CARTESIAN_POINT('',(-0.757386674846458,0.0393700787401575,0.745165535143048));
#1875=CARTESIAN_POINT('Origin',(-0.66828236015864,0.0393700787401575,0.657499001596807));
#1876=CARTESIAN_POINT('',(-1.02402562088173,0.0393700787401575,0.283333333333333));
#1877=CARTESIAN_POINT('Origin',(0.,0.0393700787401575,0.));
#1878=CARTESIAN_POINT('',(-0.90355201842506,0.0393700787401575,0.125));
#1879=CARTESIAN_POINT('Origin',(-0.90355201842506,0.0393700787401575,0.25));
#1880=CARTESIAN_POINT('',(-0.503891109268659,0.0393700787401575,0.125));
#1881=CARTESIAN_POINT('',(-1.05512143850838,0.0393700787401575,0.125));
#1882=CARTESIAN_POINT('',(-0.391915307208957,0.0393700787401575,0.194444444444444));
#1883=CARTESIAN_POINT('Origin',(-0.503891109268659,0.0393700787401575,0.25));
#1884=CARTESIAN_POINT('',(-0.364351482118119,0.0393700787401575,0.242186389952717));
#1885=CARTESIAN_POINT('Origin',(0.,0.0393700787401575,0.));
#1886=CARTESIAN_POINT('',(-0.360198730107384,0.0393700787401575,0.373882501367779));
#1887=CARTESIAN_POINT('Origin',(-0.468451905580439,0.0393700787401575,0.311382501367779));
#1888=CARTESIAN_POINT('',(-0.31788454836366,0.0393700787401575,0.300592188706945));
#1889=CARTESIAN_POINT('Origin',(-0.235269658266421,0.0393700787401575,0.907499001596807));
#1890=CARTESIAN_POINT('',(-0.266638946035277,0.539370078740158,1.02849886847638));
#1891=CARTESIAN_POINT('',(-0.266638946035277,0.0393700787401575,1.02849886847638));
#1892=CARTESIAN_POINT('',(-0.343522833739475,0.539370078740158,0.844999001596807));
#1893=CARTESIAN_POINT('Origin',(-0.235269658266421,0.539370078740158,0.907499001596807));
#1894=CARTESIAN_POINT('',(-0.343522833739475,0.0393700787401575,0.844999001596807));
#1895=CARTESIAN_POINT('Origin',(-0.419307543781137,0.0393700787401575,0.97626196982584));
#1896=CARTESIAN_POINT('',(-0.143692379161275,0.539370078740158,0.498882501367779));
#1897=CARTESIAN_POINT('',(-0.419307543781137,0.539370078740158,0.97626196982584));
#1898=CARTESIAN_POINT('',(-0.143692379161275,0.0393700787401575,0.498882501367779));
#1899=CARTESIAN_POINT('Origin',(-0.66828236015864,0.0393700787401575,0.657499001596807));
#1900=CARTESIAN_POINT('',(-0.560029184685585,0.539370078740158,0.719999001596807));
#1901=CARTESIAN_POINT('',(-0.560029184685585,0.0393700787401575,0.719999001596807));
#1902=CARTESIAN_POINT('',(-0.757386674846458,0.539370078740158,0.745165535143048));
#1903=CARTESIAN_POINT('Origin',(-0.66828236015864,0.539370078740158,0.657499001596807));
#1904=CARTESIAN_POINT('',(-0.757386674846458,0.0393700787401575,0.745165535143048));
#1905=CARTESIAN_POINT('Origin',(0.,0.0393700787401575,0.));
#1906=CARTESIAN_POINT('',(-1.02402562088173,0.539370078740158,0.283333333333333));
#1907=CARTESIAN_POINT('Origin',(0.,0.539370078740158,0.));
#1908=CARTESIAN_POINT('',(-1.02402562088173,0.0393700787401575,0.283333333333333));
#1909=CARTESIAN_POINT('Origin',(-0.90355201842506,0.0393700787401575,0.25));
#1910=CARTESIAN_POINT('',(-0.90355201842506,0.539370078740158,0.125));
#1911=CARTESIAN_POINT('Origin',(-0.90355201842506,0.539370078740158,0.25));
#1912=CARTESIAN_POINT('',(-0.90355201842506,0.0393700787401575,0.125));
#1913=CARTESIAN_POINT('Origin',(-1.05512143850838,0.0393700787401575,0.125));
#1914=CARTESIAN_POINT('',(-0.503891109268659,0.539370078740158,0.125));
#1915=CARTESIAN_POINT('',(-1.05512143850838,0.539370078740158,0.125));
#1916=CARTESIAN_POINT('',(-0.503891109268659,0.0393700787401575,0.125));
#1917=CARTESIAN_POINT('Origin',(-0.90355201842506,0.0393700787401575,-0.25));
#1918=CARTESIAN_POINT('',(-0.90355201842506,0.539370078740158,-0.125));
#1919=CARTESIAN_POINT('',(-0.90355201842506,0.0393700787401575,-0.125));
#1920=CARTESIAN_POINT('',(-1.02402562088173,0.539370078740158,-0.283333333333333));
#1921=CARTESIAN_POINT('Origin',(-0.90355201842506,0.539370078740158,-0.25));
#1922=CARTESIAN_POINT('',(-1.02402562088173,0.0393700787401575,-0.283333333333333));
#1923=CARTESIAN_POINT('Origin',(0.,0.0393700787401575,0.));
#1924=CARTESIAN_POINT('',(-0.757386674846458,0.539370078740158,-0.745165535143049));
#1925=CARTESIAN_POINT('Origin',(0.,0.539370078740158,0.));
#1926=CARTESIAN_POINT('',(-0.757386674846458,0.0393700787401575,-0.745165535143049));
#1927=CARTESIAN_POINT('Origin',(-0.23526965826642,0.0393700787401575,-0.907499001596807));
#1928=CARTESIAN_POINT('',(-0.343522833739475,0.539370078740158,-0.844999001596808));
#1929=CARTESIAN_POINT('',(-0.343522833739475,0.0393700787401575,-0.844999001596808));
#1930=CARTESIAN_POINT('',(-0.266638946035276,0.539370078740158,-1.02849886847638));
#1931=CARTESIAN_POINT('Origin',(-0.23526965826642,0.539370078740158,-0.907499001596807));
#1932=CARTESIAN_POINT('',(-0.266638946035276,0.0393700787401575,-1.02849886847638));
#1933=CARTESIAN_POINT('Origin',(0.,0.0393700787401575,0.));
#1934=CARTESIAN_POINT('',(0.266638946035277,0.539370078740158,-1.02849886847638));
#1935=CARTESIAN_POINT('Origin',(0.,0.539370078740158,0.));
#1936=CARTESIAN_POINT('',(0.266638946035277,0.0393700787401575,-1.02849886847638));
#1937=CARTESIAN_POINT('Origin',(-0.668282360158639,0.0393700787401575,-0.657499001596808));
#1938=CARTESIAN_POINT('',(-0.560029184685584,0.539370078740158,-0.719999001596808));
#1939=CARTESIAN_POINT('Origin',(-0.668282360158639,0.539370078740158,-0.657499001596808));
#1940=CARTESIAN_POINT('',(-0.560029184685584,0.0393700787401575,-0.719999001596808));
#1941=CARTESIAN_POINT('Origin',(-0.635813894727246,0.0393700787401575,-0.851261969825841));
#1942=CARTESIAN_POINT('',(-0.360198730107384,0.539370078740158,-0.37388250136778));
#1943=CARTESIAN_POINT('',(-0.635813894727246,0.539370078740158,-0.851261969825841));
#1944=CARTESIAN_POINT('',(-0.360198730107384,0.0393700787401575,-0.37388250136778));
#1945=CARTESIAN_POINT('Origin',(0.66828236015864,0.0393700787401575,-0.657499001596807));
#1946=CARTESIAN_POINT('',(0.560029184685585,0.539370078740158,-0.719999001596807));
#1947=CARTESIAN_POINT('',(0.560029184685585,0.0393700787401575,-0.719999001596807));
#1948=CARTESIAN_POINT('',(0.757386674846458,0.539370078740158,-0.745165535143048));
#1949=CARTESIAN_POINT('Origin',(0.66828236015864,0.539370078740158,-0.657499001596807));
#1950=CARTESIAN_POINT('',(0.757386674846458,0.0393700787401575,-0.745165535143048));
#1951=CARTESIAN_POINT('Origin',(0.,0.0393700787401575,0.));
#1952=CARTESIAN_POINT('',(1.02402562088173,0.539370078740158,-0.283333333333333));
#1953=CARTESIAN_POINT('Origin',(0.,0.539370078740158,0.));
#1954=CARTESIAN_POINT('',(1.02402562088173,0.0393700787401575,-0.283333333333333));
#1955=CARTESIAN_POINT('Origin',(0.235269658266421,0.0393700787401575,-0.907499001596807));
#1956=CARTESIAN_POINT('',(0.343522833739476,0.539370078740158,-0.844999001596807));
#1957=CARTESIAN_POINT('Origin',(0.235269658266421,0.539370078740158,-0.907499001596807));
#1958=CARTESIAN_POINT('',(0.343522833739476,0.0393700787401575,-0.844999001596807));
#1959=CARTESIAN_POINT('Origin',(0.419307543781137,0.0393700787401575,-0.97626196982584));
#1960=CARTESIAN_POINT('',(0.143692379161275,0.539370078740158,-0.498882501367779));
#1961=CARTESIAN_POINT('',(0.419307543781137,0.539370078740158,-0.97626196982584));
#1962=CARTESIAN_POINT('',(0.143692379161275,0.0393700787401575,-0.498882501367779));
#1963=CARTESIAN_POINT('Origin',(0.90355201842506,0.0393700787401575,0.25));
#1964=CARTESIAN_POINT('',(0.90355201842506,0.539370078740158,0.125));
#1965=CARTESIAN_POINT('',(0.90355201842506,0.0393700787401575,0.125));
#1966=CARTESIAN_POINT('',(1.02402562088173,0.539370078740158,0.283333333333333));
#1967=CARTESIAN_POINT('Origin',(0.90355201842506,0.539370078740158,0.25));
#1968=CARTESIAN_POINT('',(1.02402562088173,0.0393700787401575,0.283333333333333));
#1969=CARTESIAN_POINT('Origin',(0.,0.0393700787401575,0.));
#1970=CARTESIAN_POINT('',(0.757386674846458,0.539370078740158,0.745165535143048));
#1971=CARTESIAN_POINT('Origin',(0.,0.539370078740158,0.));
#1972=CARTESIAN_POINT('',(0.757386674846458,0.0393700787401575,0.745165535143048));
#1973=CARTESIAN_POINT('Origin',(0.90355201842506,0.0393700787401575,-0.25));
#1974=CARTESIAN_POINT('',(0.90355201842506,0.539370078740158,-0.125));
#1975=CARTESIAN_POINT('Origin',(0.90355201842506,0.539370078740158,-0.25));
#1976=CARTESIAN_POINT('',(0.90355201842506,0.0393700787401575,-0.125));
#1977=CARTESIAN_POINT('Origin',(1.05512143850838,0.0393700787401575,-0.125));
#1978=CARTESIAN_POINT('',(0.503891109268659,0.539370078740158,-0.125));
#1979=CARTESIAN_POINT('',(1.05512143850838,0.539370078740158,-0.125));
#1980=CARTESIAN_POINT('',(0.503891109268659,0.0393700787401575,-0.125));
#1981=CARTESIAN_POINT('Origin',(0.23526965826642,0.0393700787401575,0.907499001596807));
#1982=CARTESIAN_POINT('',(0.343522833739475,0.539370078740158,0.844999001596807));
#1983=CARTESIAN_POINT('',(0.343522833739475,0.0393700787401575,0.844999001596807));
#1984=CARTESIAN_POINT('',(0.266638946035276,0.539370078740158,1.02849886847638));
#1985=CARTESIAN_POINT('Origin',(0.23526965826642,0.539370078740158,0.907499001596807));
#1986=CARTESIAN_POINT('',(0.266638946035276,0.0393700787401575,1.02849886847638));
#1987=CARTESIAN_POINT('Origin',(0.,0.0393700787401575,0.));
#1988=CARTESIAN_POINT('Origin',(0.,0.539370078740158,0.));
#1989=CARTESIAN_POINT('Origin',(0.66828236015864,0.0393700787401575,0.657499001596808));
#1990=CARTESIAN_POINT('',(0.560029184685585,0.539370078740158,0.719999001596807));
#1991=CARTESIAN_POINT('Origin',(0.66828236015864,0.539370078740158,0.657499001596808));
#1992=CARTESIAN_POINT('',(0.560029184685585,0.0393700787401575,0.719999001596807));
#1993=CARTESIAN_POINT('Origin',(0.635813894727246,0.0393700787401575,0.85126196982584));
#1994=CARTESIAN_POINT('',(0.360198730107384,0.539370078740158,0.37388250136778));
#1995=CARTESIAN_POINT('',(0.635813894727246,0.539370078740158,0.85126196982584));
#1996=CARTESIAN_POINT('',(0.360198730107384,0.0393700787401575,0.373882501367779));
#1997=CARTESIAN_POINT('Origin',(0.468451905580439,0.0393700787401575,0.31138250136778));
#1998=CARTESIAN_POINT('',(0.364351482118119,0.539370078740158,0.242186389952717));
#1999=CARTESIAN_POINT('Origin',(0.468451905580439,0.539370078740158,0.31138250136778));
#2000=CARTESIAN_POINT('',(0.364351482118119,0.0393700787401575,0.242186389952717));
#2001=CARTESIAN_POINT('Origin',(0.,0.0393700787401575,0.));
#2002=CARTESIAN_POINT('',(0.391915307208957,0.539370078740158,0.194444444444444));
#2003=CARTESIAN_POINT('Origin',(0.,0.539370078740158,0.));
#2004=CARTESIAN_POINT('',(0.391915307208957,0.0393700787401575,0.194444444444444));
#2005=CARTESIAN_POINT('Origin',(0.503891109268659,0.0393700787401575,0.25));
#2006=CARTESIAN_POINT('',(0.503891109268659,0.539370078740158,0.125));
#2007=CARTESIAN_POINT('Origin',(0.503891109268659,0.539370078740158,0.25));
#2008=CARTESIAN_POINT('',(0.503891109268659,0.0393700787401575,0.125));
#2009=CARTESIAN_POINT('Origin',(0.419262745781211,0.0393700787401575,0.125));
#2010=CARTESIAN_POINT('',(0.419262745781211,0.539370078740158,0.125));
#2011=CARTESIAN_POINT('Origin',(0.503891109268659,0.0393700787401575,-0.25));
#2012=CARTESIAN_POINT('',(0.391915307208957,0.539370078740158,-0.194444444444444));
#2013=CARTESIAN_POINT('Origin',(0.503891109268659,0.539370078740158,-0.25));
#2014=CARTESIAN_POINT('',(0.391915307208957,0.0393700787401575,-0.194444444444444));
#2015=CARTESIAN_POINT('Origin',(0.,0.0393700787401575,0.));
#2016=CARTESIAN_POINT('',(0.36435148211812,0.539370078740158,-0.242186389952717));
#2017=CARTESIAN_POINT('Origin',(0.,0.539370078740158,0.));
#2018=CARTESIAN_POINT('',(0.36435148211812,0.0393700787401575,-0.242186389952717));
#2019=CARTESIAN_POINT('Origin',(0.468451905580439,0.0393700787401575,-0.311382501367779));
#2020=CARTESIAN_POINT('',(0.360198730107385,0.539370078740158,-0.373882501367779));
#2021=CARTESIAN_POINT('Origin',(0.468451905580439,0.539370078740158,-0.311382501367779));
#2022=CARTESIAN_POINT('',(0.360198730107385,0.0393700787401575,-0.373882501367779));
#2023=CARTESIAN_POINT('Origin',(0.31788454836366,0.0393700787401575,-0.300592188706945));
#2024=CARTESIAN_POINT('',(0.31788454836366,0.539370078740158,-0.300592188706945));
#2025=CARTESIAN_POINT('Origin',(0.0354392036882201,0.0393700787401575,-0.561382501367779));
#2026=CARTESIAN_POINT('',(0.0275638250908379,0.539370078740158,-0.436630834397162));
#2027=CARTESIAN_POINT('Origin',(0.0354392036882201,0.539370078740158,-0.561382501367779));
#2028=CARTESIAN_POINT('',(0.0275638250908379,0.0393700787401575,-0.436630834397162));
#2029=CARTESIAN_POINT('Origin',(0.,0.0393700787401575,0.));
#2030=CARTESIAN_POINT('',(-0.0275638250908375,0.539370078740158,-0.436630834397162));
#2031=CARTESIAN_POINT('Origin',(0.,0.539370078740158,0.));
#2032=CARTESIAN_POINT('',(-0.0275638250908375,0.0393700787401575,-0.436630834397162));
#2033=CARTESIAN_POINT('Origin',(-0.0354392036882197,0.0393700787401575,
-0.561382501367779));
#2034=CARTESIAN_POINT('',(-0.143692379161274,0.539370078740158,-0.498882501367779));
#2035=CARTESIAN_POINT('Origin',(-0.0354392036882197,0.539370078740158,-0.561382501367779));
#2036=CARTESIAN_POINT('',(-0.143692379161275,0.0393700787401575,-0.498882501367779));
#2037=CARTESIAN_POINT('Origin',(-0.10137819741755,0.0393700787401575,-0.425592188706945));
#2038=CARTESIAN_POINT('',(-0.10137819741755,0.539370078740158,-0.425592188706945));
#2039=CARTESIAN_POINT('Origin',(-0.468451905580439,0.0393700787401575,-0.31138250136778));
#2040=CARTESIAN_POINT('',(-0.364351482118119,0.539370078740158,-0.242186389952717));
#2041=CARTESIAN_POINT('Origin',(-0.468451905580439,0.539370078740158,-0.31138250136778));
#2042=CARTESIAN_POINT('',(-0.364351482118119,0.0393700787401575,-0.242186389952717));
#2043=CARTESIAN_POINT('Origin',(0.,0.0393700787401575,0.));
#2044=CARTESIAN_POINT('',(-0.391915307208957,0.539370078740158,-0.194444444444444));
#2045=CARTESIAN_POINT('Origin',(0.,0.539370078740158,0.));
#2046=CARTESIAN_POINT('',(-0.391915307208957,0.0393700787401575,-0.194444444444444));
#2047=CARTESIAN_POINT('Origin',(-0.503891109268659,0.0393700787401575,-0.25));
#2048=CARTESIAN_POINT('',(-0.503891109268659,0.539370078740158,-0.125));
#2049=CARTESIAN_POINT('Origin',(-0.503891109268659,0.539370078740158,-0.25));
#2050=CARTESIAN_POINT('',(-0.503891109268659,0.0393700787401575,-0.125));
#2051=CARTESIAN_POINT('Origin',(-0.419262745781211,0.0393700787401575,-0.125));
#2052=CARTESIAN_POINT('',(-0.419262745781211,0.539370078740158,-0.125));
#2053=CARTESIAN_POINT('Origin',(-0.503891109268659,0.0393700787401575,0.25));
#2054=CARTESIAN_POINT('',(-0.391915307208957,0.539370078740158,0.194444444444444));
#2055=CARTESIAN_POINT('Origin',(-0.503891109268659,0.539370078740158,0.25));
#2056=CARTESIAN_POINT('',(-0.391915307208957,0.0393700787401575,0.194444444444444));
#2057=CARTESIAN_POINT('Origin',(0.,0.0393700787401575,0.));
#2058=CARTESIAN_POINT('',(-0.364351482118119,0.539370078740158,0.242186389952717));
#2059=CARTESIAN_POINT('Origin',(0.,0.539370078740158,0.));
#2060=CARTESIAN_POINT('',(-0.364351482118119,0.0393700787401575,0.242186389952717));
#2061=CARTESIAN_POINT('Origin',(-0.468451905580439,0.0393700787401575,0.311382501367779));
#2062=CARTESIAN_POINT('',(-0.360198730107384,0.539370078740158,0.373882501367779));
#2063=CARTESIAN_POINT('Origin',(-0.468451905580439,0.539370078740158,0.311382501367779));
#2064=CARTESIAN_POINT('',(-0.360198730107384,0.0393700787401575,0.373882501367779));
#2065=CARTESIAN_POINT('Origin',(-0.31788454836366,0.0393700787401575,0.300592188706945));
#2066=CARTESIAN_POINT('',(-0.31788454836366,0.539370078740158,0.300592188706945));
#2067=CARTESIAN_POINT('Origin',(-0.0354392036882201,0.0393700787401575,
0.561382501367779));
#2068=CARTESIAN_POINT('',(-0.0275638250908379,0.539370078740158,0.436630834397162));
#2069=CARTESIAN_POINT('Origin',(-0.0354392036882201,0.539370078740158,0.561382501367779));
#2070=CARTESIAN_POINT('',(-0.0275638250908379,0.0393700787401575,0.436630834397162));
#2071=CARTESIAN_POINT('Origin',(0.,0.0393700787401575,0.));
#2072=CARTESIAN_POINT('',(0.0275638250908377,0.539370078740158,0.436630834397162));
#2073=CARTESIAN_POINT('Origin',(0.,0.539370078740158,0.));
#2074=CARTESIAN_POINT('',(0.0275638250908377,0.0393700787401575,0.436630834397162));
#2075=CARTESIAN_POINT('Origin',(0.03543920368822,0.0393700787401575,0.561382501367779));
#2076=CARTESIAN_POINT('',(0.143692379161275,0.539370078740158,0.498882501367779));
#2077=CARTESIAN_POINT('Origin',(0.03543920368822,0.539370078740158,0.561382501367779));
#2078=CARTESIAN_POINT('',(0.143692379161275,0.0393700787401575,0.498882501367779));
#2079=CARTESIAN_POINT('Origin',(0.10137819741755,0.0393700787401575,0.425592188706945));
#2080=CARTESIAN_POINT('',(0.10137819741755,0.539370078740158,0.425592188706945));
#2081=CARTESIAN_POINT('Origin',(0.,0.0393700787401575,0.));
#2082=CARTESIAN_POINT('',(-0.2,0.539370078740158,2.44929359829471E-17));
#2083=CARTESIAN_POINT('',(-0.2,0.0393700787401575,2.44929359829471E-17));
#2084=CARTESIAN_POINT('Origin',(0.,0.539370078740158,0.));
#2085=CARTESIAN_POINT('Origin',(0.,0.539370078740158,0.));
#2086=UNCERTAINTY_MEASURE_WITH_UNIT(LENGTH_MEASURE(0.000393700787401575),
#2092,'DISTANCE_ACCURACY_VALUE',
'Maximum model space distance between geometric entities at asserted c
onnectivities');
#2087=UNCERTAINTY_MEASURE_WITH_UNIT(LENGTH_MEASURE(0.000393700787401575),
#2092,'DISTANCE_ACCURACY_VALUE',
'Maximum model space distance between geometric entities at asserted c
onnectivities');
#2088=(
GEOMETRIC_REPRESENTATION_CONTEXT(3)
GLOBAL_UNCERTAINTY_ASSIGNED_CONTEXT((#2086))
GLOBAL_UNIT_ASSIGNED_CONTEXT((#2092,#2096,#2097))
REPRESENTATION_CONTEXT('','3D')
);
#2089=(
GEOMETRIC_REPRESENTATION_CONTEXT(3)
GLOBAL_UNCERTAINTY_ASSIGNED_CONTEXT((#2087))
GLOBAL_UNIT_ASSIGNED_CONTEXT((#2092,#2096,#2097))
REPRESENTATION_CONTEXT('','3D')
);
#2090=DIMENSIONAL_EXPONENTS(1.,0.,0.,0.,0.,0.,0.);
#2091=DIMENSIONAL_EXPONENTS(0.,1.,0.,0.,0.,0.,0.);
#2092=(
CONVERSION_BASED_UNIT('inch',#2095)
LENGTH_UNIT()
NAMED_UNIT(#2090)
);
#2093=(
LENGTH_UNIT()
NAMED_UNIT(*)
SI_UNIT(.MILLI.,.METRE.)
);
#2094=(
LENGTH_UNIT()
NAMED_UNIT(*)
SI_UNIT(.CENTI.,.METRE.)
);
#2095=LENGTH_MEASURE_WITH_UNIT(LENGTH_MEASURE(25.4),#2093);
#2096=(
NAMED_UNIT(*)
PLANE_ANGLE_UNIT()
SI_UNIT($,.RADIAN.)
);
#2097=(
NAMED_UNIT(*)
SI_UNIT($,.STERADIAN.)
SOLID_ANGLE_UNIT()
);
#2098=SHAPE_DEFINITION_REPRESENTATION(#2099,#2100);
#2099=PRODUCT_DEFINITION_SHAPE('',$,#2102);
#2100=SHAPE_REPRESENTATION('',(#1198),#2088);
#2101=PRODUCT_DEFINITION_CONTEXT('part definition',#2106,'design');
#2102=PRODUCT_DEFINITION('2.5 mold inside','2.5 mold inside',#2103,#2101);
#2103=PRODUCT_DEFINITION_FORMATION('',$,#2108);
#2104=PRODUCT_RELATED_PRODUCT_CATEGORY('2.5 mold inside',
'2.5 mold inside',(#2108));
#2105=APPLICATION_PROTOCOL_DEFINITION('international standard',
'automotive_design',2009,#2106);
#2106=APPLICATION_CONTEXT(
'Core Data for Automotive Mechanical Design Process');
#2107=PRODUCT_CONTEXT('part definition',#2106,'mechanical');
#2108=PRODUCT('2.5 mold inside','2.5 mold inside',$,(#2107));
#2109=PRESENTATION_STYLE_ASSIGNMENT((#2110));
#2110=SURFACE_STYLE_USAGE(.BOTH.,#2113);
#2111=SURFACE_STYLE_RENDERING_WITH_PROPERTIES($,#2117,(#2112));
#2112=SURFACE_STYLE_TRANSPARENT(0.);
#2113=SURFACE_SIDE_STYLE('',(#2114,#2111));
#2114=SURFACE_STYLE_FILL_AREA(#2115);
#2115=FILL_AREA_STYLE('',(#2116));
#2116=FILL_AREA_STYLE_COLOUR('',#2117);
#2117=COLOUR_RGB('',0.749019607843137,0.749019607843137,0.749019607843137);
ENDSEC;
END-ISO-10303-21;
