ISO-10303-21;
HEADER;
/* Generated by software containing ST-Developer
 * from STEP Tools, Inc. (www.steptools.com) 
 */

FILE_DESCRIPTION(
/* description */ (''),
/* implementation_level */ '2;1');

FILE_NAME(
/* name */ '2in mould inside.stp',
/* time_stamp */ '2026-01-14T12:32:54+13:00',
/* author */ ('cloudy'),
/* organization */ (''),
/* preprocessor_version */ 'ST-DEVELOPER v20',
/* originating_system */ 'Autodesk Inventor 2025',
/* authorisation */ '');

FILE_SCHEMA (('AUTOMOTIVE_DESIGN { 1 0 10303 214 3 1 1 }'));
ENDSEC;

DATA;
#10=MECHANICAL_DESIGN_GEOMETRIC_PRESENTATION_REPRESENTATION('',(#13),#2252);
#11=SHAPE_REPRESENTATION_RELATIONSHIP('SRR','None',#2263,#12);
#12=ADVANCED_BREP_SHAPE_REPRESENTATION('',(#14),#2251);
#13=STYLED_ITEM('',(#2272),#14);
#14=MANIFOLD_SOLID_BREP('Solid1',#1284);
#15=FACE_BOUND('',#133,.T.);
#16=FACE_BOUND('',#134,.T.);
#17=FACE_BOUND('',#135,.T.);
#18=FACE_BOUND('',#136,.T.);
#19=FACE_BOUND('',#137,.T.);
#20=FACE_BOUND('',#138,.T.);
#21=FACE_BOUND('',#147,.T.);
#22=FACE_BOUND('',#149,.T.);
#23=FACE_BOUND('',#151,.T.);
#24=FACE_BOUND('',#153,.T.);
#25=FACE_BOUND('',#155,.T.);
#26=FACE_BOUND('',#157,.T.);
#27=FACE_BOUND('',#213,.T.);
#28=FACE_BOUND('',#214,.T.);
#29=FACE_BOUND('',#215,.T.);
#30=FACE_BOUND('',#216,.T.);
#31=FACE_BOUND('',#217,.T.);
#32=FACE_BOUND('',#218,.T.);
#33=FACE_BOUND('',#219,.T.);
#34=PLANE('',#1309);
#35=PLANE('',#1328);
#36=PLANE('',#1329);
#37=PLANE('',#1336);
#38=PLANE('',#1343);
#39=PLANE('',#1350);
#40=PLANE('',#1357);
#41=PLANE('',#1364);
#42=PLANE('',#1373);
#43=PLANE('',#1380);
#44=PLANE('',#1387);
#45=PLANE('',#1394);
#46=PLANE('',#1401);
#47=PLANE('',#1408);
#48=PLANE('',#1415);
#49=PLANE('',#1422);
#50=PLANE('',#1429);
#51=PLANE('',#1436);
#52=PLANE('',#1443);
#53=PLANE('',#1450);
#54=PLANE('',#1455);
#55=PLANE('',#1456);
#56=PLANE('',#1457);
#57=PLANE('',#1458);
#58=PLANE('',#1459);
#59=PLANE('',#1460);
#60=PLANE('',#1461);
#61=FACE_OUTER_BOUND('',#131,.T.);
#62=FACE_OUTER_BOUND('',#132,.T.);
#63=FACE_OUTER_BOUND('',#139,.T.);
#64=FACE_OUTER_BOUND('',#140,.T.);
#65=FACE_OUTER_BOUND('',#141,.T.);
#66=FACE_OUTER_BOUND('',#142,.T.);
#67=FACE_OUTER_BOUND('',#143,.T.);
#68=FACE_OUTER_BOUND('',#144,.T.);
#69=FACE_OUTER_BOUND('',#145,.T.);
#70=FACE_OUTER_BOUND('',#146,.T.);
#71=FACE_OUTER_BOUND('',#148,.T.);
#72=FACE_OUTER_BOUND('',#150,.T.);
#73=FACE_OUTER_BOUND('',#152,.T.);
#74=FACE_OUTER_BOUND('',#154,.T.);
#75=FACE_OUTER_BOUND('',#156,.T.);
#76=FACE_OUTER_BOUND('',#158,.T.);
#77=FACE_OUTER_BOUND('',#159,.T.);
#78=FACE_OUTER_BOUND('',#160,.T.);
#79=FACE_OUTER_BOUND('',#161,.T.);
#80=FACE_OUTER_BOUND('',#162,.T.);
#81=FACE_OUTER_BOUND('',#163,.T.);
#82=FACE_OUTER_BOUND('',#164,.T.);
#83=FACE_OUTER_BOUND('',#165,.T.);
#84=FACE_OUTER_BOUND('',#166,.T.);
#85=FACE_OUTER_BOUND('',#167,.T.);
#86=FACE_OUTER_BOUND('',#168,.T.);
#87=FACE_OUTER_BOUND('',#169,.T.);
#88=FACE_OUTER_BOUND('',#170,.T.);
#89=FACE_OUTER_BOUND('',#171,.T.);
#90=FACE_OUTER_BOUND('',#172,.T.);
#91=FACE_OUTER_BOUND('',#173,.T.);
#92=FACE_OUTER_BOUND('',#174,.T.);
#93=FACE_OUTER_BOUND('',#175,.T.);
#94=FACE_OUTER_BOUND('',#176,.T.);
#95=FACE_OUTER_BOUND('',#177,.T.);
#96=FACE_OUTER_BOUND('',#178,.T.);
#97=FACE_OUTER_BOUND('',#179,.T.);
#98=FACE_OUTER_BOUND('',#180,.T.);
#99=FACE_OUTER_BOUND('',#181,.T.);
#100=FACE_OUTER_BOUND('',#182,.T.);
#101=FACE_OUTER_BOUND('',#183,.T.);
#102=FACE_OUTER_BOUND('',#184,.T.);
#103=FACE_OUTER_BOUND('',#185,.T.);
#104=FACE_OUTER_BOUND('',#186,.T.);
#105=FACE_OUTER_BOUND('',#187,.T.);
#106=FACE_OUTER_BOUND('',#188,.T.);
#107=FACE_OUTER_BOUND('',#189,.T.);
#108=FACE_OUTER_BOUND('',#190,.T.);
#109=FACE_OUTER_BOUND('',#191,.T.);
#110=FACE_OUTER_BOUND('',#192,.T.);
#111=FACE_OUTER_BOUND('',#193,.T.);
#112=FACE_OUTER_BOUND('',#194,.T.);
#113=FACE_OUTER_BOUND('',#195,.T.);
#114=FACE_OUTER_BOUND('',#196,.T.);
#115=FACE_OUTER_BOUND('',#197,.T.);
#116=FACE_OUTER_BOUND('',#198,.T.);
#117=FACE_OUTER_BOUND('',#199,.T.);
#118=FACE_OUTER_BOUND('',#200,.T.);
#119=FACE_OUTER_BOUND('',#201,.T.);
#120=FACE_OUTER_BOUND('',#202,.T.);
#121=FACE_OUTER_BOUND('',#203,.T.);
#122=FACE_OUTER_BOUND('',#204,.T.);
#123=FACE_OUTER_BOUND('',#205,.T.);
#124=FACE_OUTER_BOUND('',#206,.T.);
#125=FACE_OUTER_BOUND('',#207,.T.);
#126=FACE_OUTER_BOUND('',#208,.T.);
#127=FACE_OUTER_BOUND('',#209,.T.);
#128=FACE_OUTER_BOUND('',#210,.T.);
#129=FACE_OUTER_BOUND('',#211,.T.);
#130=FACE_OUTER_BOUND('',#212,.T.);
#131=EDGE_LOOP('',(#805,#806,#807,#808));
#132=EDGE_LOOP('',(#809));
#133=EDGE_LOOP('',(#810));
#134=EDGE_LOOP('',(#811));
#135=EDGE_LOOP('',(#812));
#136=EDGE_LOOP('',(#813));
#137=EDGE_LOOP('',(#814));
#138=EDGE_LOOP('',(#815));
#139=EDGE_LOOP('',(#816,#817,#818,#819));
#140=EDGE_LOOP('',(#820,#821,#822,#823));
#141=EDGE_LOOP('',(#824,#825,#826,#827));
#142=EDGE_LOOP('',(#828,#829,#830,#831));
#143=EDGE_LOOP('',(#832,#833,#834,#835));
#144=EDGE_LOOP('',(#836,#837,#838,#839));
#145=EDGE_LOOP('',(#840,#841,#842,#843,#844,#845));
#146=EDGE_LOOP('',(#846,#847,#848,#849,#850,#851,#852,#853));
#147=EDGE_LOOP('',(#854));
#148=EDGE_LOOP('',(#855,#856,#857,#858,#859,#860,#861,#862));
#149=EDGE_LOOP('',(#863));
#150=EDGE_LOOP('',(#864,#865,#866,#867,#868,#869,#870,#871));
#151=EDGE_LOOP('',(#872));
#152=EDGE_LOOP('',(#873,#874,#875,#876,#877,#878,#879,#880));
#153=EDGE_LOOP('',(#881));
#154=EDGE_LOOP('',(#882,#883,#884,#885,#886,#887,#888,#889));
#155=EDGE_LOOP('',(#890));
#156=EDGE_LOOP('',(#891,#892,#893,#894,#895,#896,#897,#898));
#157=EDGE_LOOP('',(#899));
#158=EDGE_LOOP('',(#900,#901,#902,#903));
#159=EDGE_LOOP('',(#904,#905,#906,#907));
#160=EDGE_LOOP('',(#908,#909,#910,#911));
#161=EDGE_LOOP('',(#912,#913,#914,#915));
#162=EDGE_LOOP('',(#916,#917,#918,#919));
#163=EDGE_LOOP('',(#920,#921,#922,#923));
#164=EDGE_LOOP('',(#924,#925,#926,#927));
#165=EDGE_LOOP('',(#928,#929,#930,#931));
#166=EDGE_LOOP('',(#932,#933,#934,#935));
#167=EDGE_LOOP('',(#936,#937,#938,#939));
#168=EDGE_LOOP('',(#940,#941,#942,#943));
#169=EDGE_LOOP('',(#944,#945,#946,#947));
#170=EDGE_LOOP('',(#948,#949,#950,#951));
#171=EDGE_LOOP('',(#952,#953,#954,#955));
#172=EDGE_LOOP('',(#956,#957,#958,#959));
#173=EDGE_LOOP('',(#960,#961,#962,#963));
#174=EDGE_LOOP('',(#964,#965,#966,#967));
#175=EDGE_LOOP('',(#968,#969,#970,#971));
#176=EDGE_LOOP('',(#972,#973,#974,#975));
#177=EDGE_LOOP('',(#976,#977,#978,#979));
#178=EDGE_LOOP('',(#980,#981,#982,#983));
#179=EDGE_LOOP('',(#984,#985,#986,#987));
#180=EDGE_LOOP('',(#988,#989,#990,#991));
#181=EDGE_LOOP('',(#992,#993,#994,#995));
#182=EDGE_LOOP('',(#996,#997,#998,#999));
#183=EDGE_LOOP('',(#1000,#1001,#1002,#1003));
#184=EDGE_LOOP('',(#1004,#1005,#1006,#1007));
#185=EDGE_LOOP('',(#1008,#1009,#1010,#1011));
#186=EDGE_LOOP('',(#1012,#1013,#1014,#1015));
#187=EDGE_LOOP('',(#1016,#1017,#1018,#1019));
#188=EDGE_LOOP('',(#1020,#1021,#1022,#1023));
#189=EDGE_LOOP('',(#1024,#1025,#1026,#1027));
#190=EDGE_LOOP('',(#1028,#1029,#1030,#1031));
#191=EDGE_LOOP('',(#1032,#1033,#1034,#1035));
#192=EDGE_LOOP('',(#1036,#1037,#1038,#1039));
#193=EDGE_LOOP('',(#1040,#1041,#1042,#1043));
#194=EDGE_LOOP('',(#1044,#1045,#1046,#1047));
#195=EDGE_LOOP('',(#1048,#1049,#1050,#1051));
#196=EDGE_LOOP('',(#1052,#1053,#1054,#1055));
#197=EDGE_LOOP('',(#1056,#1057,#1058,#1059));
#198=EDGE_LOOP('',(#1060,#1061,#1062,#1063));
#199=EDGE_LOOP('',(#1064,#1065,#1066,#1067));
#200=EDGE_LOOP('',(#1068,#1069,#1070,#1071));
#201=EDGE_LOOP('',(#1072,#1073,#1074,#1075));
#202=EDGE_LOOP('',(#1076,#1077,#1078,#1079));
#203=EDGE_LOOP('',(#1080,#1081,#1082,#1083));
#204=EDGE_LOOP('',(#1084,#1085,#1086,#1087));
#205=EDGE_LOOP('',(#1088,#1089,#1090,#1091));
#206=EDGE_LOOP('',(#1092,#1093,#1094,#1095));
#207=EDGE_LOOP('',(#1096,#1097,#1098,#1099));
#208=EDGE_LOOP('',(#1100,#1101,#1102,#1103));
#209=EDGE_LOOP('',(#1104,#1105,#1106,#1107));
#210=EDGE_LOOP('',(#1108,#1109,#1110,#1111));
#211=EDGE_LOOP('',(#1112,#1113,#1114,#1115));
#212=EDGE_LOOP('',(#1116));
#213=EDGE_LOOP('',(#1117,#1118,#1119,#1120,#1121,#1122,#1123,#1124));
#214=EDGE_LOOP('',(#1125,#1126,#1127,#1128,#1129,#1130,#1131,#1132));
#215=EDGE_LOOP('',(#1133,#1134,#1135,#1136,#1137,#1138,#1139,#1140));
#216=EDGE_LOOP('',(#1141,#1142,#1143,#1144,#1145,#1146,#1147,#1148));
#217=EDGE_LOOP('',(#1149,#1150,#1151,#1152,#1153,#1154,#1155,#1156));
#218=EDGE_LOOP('',(#1157,#1158,#1159,#1160,#1161,#1162,#1163,#1164));
#219=EDGE_LOOP('',(#1165,#1166,#1167,#1168,#1169,#1170));
#220=LINE('',#1878,#317);
#221=LINE('',#1896,#318);
#222=LINE('',#1900,#319);
#223=LINE('',#1904,#320);
#224=LINE('',#1908,#321);
#225=LINE('',#1912,#322);
#226=LINE('',#1916,#323);
#227=LINE('',#1920,#324);
#228=LINE('',#1922,#325);
#229=LINE('',#1924,#326);
#230=LINE('',#1926,#327);
#231=LINE('',#1928,#328);
#232=LINE('',#1929,#329);
#233=LINE('',#1939,#330);
#234=LINE('',#1946,#331);
#235=LINE('',#1956,#332);
#236=LINE('',#1963,#333);
#237=LINE('',#1973,#334);
#238=LINE('',#1980,#335);
#239=LINE('',#1990,#336);
#240=LINE('',#1997,#337);
#241=LINE('',#2007,#338);
#242=LINE('',#2014,#339);
#243=LINE('',#2024,#340);
#244=LINE('',#2031,#341);
#245=LINE('',#2036,#342);
#246=LINE('',#2037,#343);
#247=LINE('',#2040,#344);
#248=LINE('',#2041,#345);
#249=LINE('',#2045,#346);
#250=LINE('',#2048,#347);
#251=LINE('',#2053,#348);
#252=LINE('',#2056,#349);
#253=LINE('',#2057,#350);
#254=LINE('',#2061,#351);
#255=LINE('',#2068,#352);
#256=LINE('',#2069,#353);
#257=LINE('',#2072,#354);
#258=LINE('',#2073,#355);
#259=LINE('',#2077,#356);
#260=LINE('',#2080,#357);
#261=LINE('',#2085,#358);
#262=LINE('',#2088,#359);
#263=LINE('',#2089,#360);
#264=LINE('',#2093,#361);
#265=LINE('',#2100,#362);
#266=LINE('',#2101,#363);
#267=LINE('',#2104,#364);
#268=LINE('',#2105,#365);
#269=LINE('',#2109,#366);
#270=LINE('',#2112,#367);
#271=LINE('',#2117,#368);
#272=LINE('',#2120,#369);
#273=LINE('',#2121,#370);
#274=LINE('',#2125,#371);
#275=LINE('',#2132,#372);
#276=LINE('',#2133,#373);
#277=LINE('',#2136,#374);
#278=LINE('',#2137,#375);
#279=LINE('',#2141,#376);
#280=LINE('',#2144,#377);
#281=LINE('',#2149,#378);
#282=LINE('',#2152,#379);
#283=LINE('',#2153,#380);
#284=LINE('',#2157,#381);
#285=LINE('',#2164,#382);
#286=LINE('',#2165,#383);
#287=LINE('',#2168,#384);
#288=LINE('',#2169,#385);
#289=LINE('',#2173,#386);
#290=LINE('',#2176,#387);
#291=LINE('',#2181,#388);
#292=LINE('',#2184,#389);
#293=LINE('',#2185,#390);
#294=LINE('',#2189,#391);
#295=LINE('',#2196,#392);
#296=LINE('',#2197,#393);
#297=LINE('',#2200,#394);
#298=LINE('',#2201,#395);
#299=LINE('',#2205,#396);
#300=LINE('',#2208,#397);
#301=LINE('',#2213,#398);
#302=LINE('',#2216,#399);
#303=LINE('',#2217,#400);
#304=LINE('',#2221,#401);
#305=LINE('',#2227,#402);
#306=LINE('',#2228,#403);
#307=LINE('',#2229,#404);
#308=LINE('',#2232,#405);
#309=LINE('',#2233,#406);
#310=LINE('',#2236,#407);
#311=LINE('',#2237,#408);
#312=LINE('',#2240,#409);
#313=LINE('',#2241,#410);
#314=LINE('',#2244,#411);
#315=LINE('',#2245,#412);
#316=LINE('',#2247,#413);
#317=VECTOR('',#1468,1.);
#318=VECTOR('',#1489,0.0885);
#319=VECTOR('',#1494,0.0885);
#320=VECTOR('',#1499,0.0885);
#321=VECTOR('',#1504,0.0885);
#322=VECTOR('',#1509,0.0885);
#323=VECTOR('',#1514,0.0885);
#324=VECTOR('',#1517,0.393700787401575);
#325=VECTOR('',#1518,0.393700787401575);
#326=VECTOR('',#1519,0.393700787401575);
#327=VECTOR('',#1520,0.393700787401575);
#328=VECTOR('',#1521,0.393700787401575);
#329=VECTOR('',#1522,0.393700787401575);
#330=VECTOR('',#1531,0.393700787401575);
#331=VECTOR('',#1538,0.393700787401575);
#332=VECTOR('',#1547,0.393700787401575);
#333=VECTOR('',#1554,0.393700787401575);
#334=VECTOR('',#1563,0.393700787401575);
#335=VECTOR('',#1570,0.393700787401575);
#336=VECTOR('',#1579,0.393700787401575);
#337=VECTOR('',#1586,0.393700787401575);
#338=VECTOR('',#1595,0.393700787401575);
#339=VECTOR('',#1602,0.393700787401575);
#340=VECTOR('',#1611,0.393700787401575);
#341=VECTOR('',#1618,0.393700787401575);
#342=VECTOR('',#1623,0.393700787401575);
#343=VECTOR('',#1624,0.393700787401575);
#344=VECTOR('',#1627,0.393700787401575);
#345=VECTOR('',#1628,0.393700787401575);
#346=VECTOR('',#1633,0.393700787401575);
#347=VECTOR('',#1636,0.393700787401575);
#348=VECTOR('',#1643,0.393700787401575);
#349=VECTOR('',#1646,0.393700787401575);
#350=VECTOR('',#1647,0.393700787401575);
#351=VECTOR('',#1652,0.393700787401575);
#352=VECTOR('',#1661,0.393700787401575);
#353=VECTOR('',#1662,0.393700787401575);
#354=VECTOR('',#1665,0.393700787401575);
#355=VECTOR('',#1666,0.393700787401575);
#356=VECTOR('',#1671,0.393700787401575);
#357=VECTOR('',#1674,0.393700787401575);
#358=VECTOR('',#1681,0.393700787401575);
#359=VECTOR('',#1684,0.393700787401575);
#360=VECTOR('',#1685,0.393700787401575);
#361=VECTOR('',#1690,0.393700787401575);
#362=VECTOR('',#1699,0.393700787401575);
#363=VECTOR('',#1700,0.393700787401575);
#364=VECTOR('',#1703,0.393700787401575);
#365=VECTOR('',#1704,0.393700787401575);
#366=VECTOR('',#1709,0.393700787401575);
#367=VECTOR('',#1712,0.393700787401575);
#368=VECTOR('',#1719,0.393700787401575);
#369=VECTOR('',#1722,0.393700787401575);
#370=VECTOR('',#1723,0.393700787401575);
#371=VECTOR('',#1728,0.393700787401575);
#372=VECTOR('',#1737,0.393700787401575);
#373=VECTOR('',#1738,0.393700787401575);
#374=VECTOR('',#1741,0.393700787401575);
#375=VECTOR('',#1742,0.393700787401575);
#376=VECTOR('',#1747,0.393700787401575);
#377=VECTOR('',#1750,0.393700787401575);
#378=VECTOR('',#1757,0.393700787401575);
#379=VECTOR('',#1760,0.393700787401575);
#380=VECTOR('',#1761,0.393700787401575);
#381=VECTOR('',#1766,0.393700787401575);
#382=VECTOR('',#1775,0.393700787401575);
#383=VECTOR('',#1776,0.393700787401575);
#384=VECTOR('',#1779,0.393700787401575);
#385=VECTOR('',#1780,0.393700787401575);
#386=VECTOR('',#1785,0.393700787401575);
#387=VECTOR('',#1788,0.393700787401575);
#388=VECTOR('',#1795,0.393700787401575);
#389=VECTOR('',#1798,0.393700787401575);
#390=VECTOR('',#1799,0.393700787401575);
#391=VECTOR('',#1804,0.393700787401575);
#392=VECTOR('',#1813,0.393700787401575);
#393=VECTOR('',#1814,0.393700787401575);
#394=VECTOR('',#1817,0.393700787401575);
#395=VECTOR('',#1818,0.393700787401575);
#396=VECTOR('',#1823,0.393700787401575);
#397=VECTOR('',#1826,0.393700787401575);
#398=VECTOR('',#1833,0.393700787401575);
#399=VECTOR('',#1836,0.393700787401575);
#400=VECTOR('',#1837,0.393700787401575);
#401=VECTOR('',#1842,0.393700787401575);
#402=VECTOR('',#1849,0.393700787401575);
#403=VECTOR('',#1850,0.393700787401575);
#404=VECTOR('',#1851,0.393700787401575);
#405=VECTOR('',#1854,0.393700787401575);
#406=VECTOR('',#1855,0.393700787401575);
#407=VECTOR('',#1858,0.393700787401575);
#408=VECTOR('',#1859,0.393700787401575);
#409=VECTOR('',#1862,0.393700787401575);
#410=VECTOR('',#1863,0.393700787401575);
#411=VECTOR('',#1866,0.393700787401575);
#412=VECTOR('',#1867,0.393700787401575);
#413=VECTOR('',#1870,0.393700787401575);
#414=CIRCLE('',#1307,1.);
#415=CIRCLE('',#1308,1.);
#416=CIRCLE('',#1310,0.0885);
#417=CIRCLE('',#1311,0.0885);
#418=CIRCLE('',#1312,0.0885);
#419=CIRCLE('',#1313,0.0885);
#420=CIRCLE('',#1314,0.0885);
#421=CIRCLE('',#1315,0.0885);
#422=CIRCLE('',#1317,0.0885);
#423=CIRCLE('',#1319,0.0885);
#424=CIRCLE('',#1321,0.0885);
#425=CIRCLE('',#1323,0.0885);
#426=CIRCLE('',#1325,0.0885);
#427=CIRCLE('',#1327,0.0885);
#428=CIRCLE('',#1330,0.1);
#429=CIRCLE('',#1331,0.8);
#430=CIRCLE('',#1332,0.1);
#431=CIRCLE('',#1333,0.1);
#432=CIRCLE('',#1334,0.4);
#433=CIRCLE('',#1335,0.1);
#434=CIRCLE('',#1337,0.1);
#435=CIRCLE('',#1338,0.8);
#436=CIRCLE('',#1339,0.1);
#437=CIRCLE('',#1340,0.1);
#438=CIRCLE('',#1341,0.4);
#439=CIRCLE('',#1342,0.1);
#440=CIRCLE('',#1344,0.1);
#441=CIRCLE('',#1345,0.8);
#442=CIRCLE('',#1346,0.1);
#443=CIRCLE('',#1347,0.1);
#444=CIRCLE('',#1348,0.4);
#445=CIRCLE('',#1349,0.1);
#446=CIRCLE('',#1351,0.1);
#447=CIRCLE('',#1352,0.8);
#448=CIRCLE('',#1353,0.1);
#449=CIRCLE('',#1354,0.1);
#450=CIRCLE('',#1355,0.4);
#451=CIRCLE('',#1356,0.1);
#452=CIRCLE('',#1358,0.1);
#453=CIRCLE('',#1359,0.8);
#454=CIRCLE('',#1360,0.1);
#455=CIRCLE('',#1361,0.1);
#456=CIRCLE('',#1362,0.4);
#457=CIRCLE('',#1363,0.1);
#458=CIRCLE('',#1365,0.1);
#459=CIRCLE('',#1366,0.8);
#460=CIRCLE('',#1367,0.1);
#461=CIRCLE('',#1368,0.1);
#462=CIRCLE('',#1369,0.4);
#463=CIRCLE('',#1370,0.1);
#464=CIRCLE('',#1372,0.1);
#465=CIRCLE('',#1375,0.1);
#466=CIRCLE('',#1377,0.4);
#467=CIRCLE('',#1379,0.1);
#468=CIRCLE('',#1382,0.1);
#469=CIRCLE('',#1384,0.8);
#470=CIRCLE('',#1386,0.1);
#471=CIRCLE('',#1389,0.1);
#472=CIRCLE('',#1391,0.4);
#473=CIRCLE('',#1393,0.1);
#474=CIRCLE('',#1396,0.1);
#475=CIRCLE('',#1398,0.8);
#476=CIRCLE('',#1400,0.1);
#477=CIRCLE('',#1403,0.1);
#478=CIRCLE('',#1405,0.4);
#479=CIRCLE('',#1407,0.1);
#480=CIRCLE('',#1410,0.1);
#481=CIRCLE('',#1412,0.8);
#482=CIRCLE('',#1414,0.1);
#483=CIRCLE('',#1417,0.1);
#484=CIRCLE('',#1419,0.4);
#485=CIRCLE('',#1421,0.1);
#486=CIRCLE('',#1424,0.1);
#487=CIRCLE('',#1426,0.8);
#488=CIRCLE('',#1428,0.1);
#489=CIRCLE('',#1431,0.1);
#490=CIRCLE('',#1433,0.4);
#491=CIRCLE('',#1435,0.1);
#492=CIRCLE('',#1438,0.1);
#493=CIRCLE('',#1440,0.8);
#494=CIRCLE('',#1442,0.1);
#495=CIRCLE('',#1445,0.1);
#496=CIRCLE('',#1447,0.4);
#497=CIRCLE('',#1449,0.1);
#498=CIRCLE('',#1452,0.1);
#499=CIRCLE('',#1454,0.8);
#500=VERTEX_POINT('',#1875);
#501=VERTEX_POINT('',#1877);
#502=VERTEX_POINT('',#1881);
#503=VERTEX_POINT('',#1883);
#504=VERTEX_POINT('',#1885);
#505=VERTEX_POINT('',#1887);
#506=VERTEX_POINT('',#1889);
#507=VERTEX_POINT('',#1891);
#508=VERTEX_POINT('',#1894);
#509=VERTEX_POINT('',#1898);
#510=VERTEX_POINT('',#1902);
#511=VERTEX_POINT('',#1906);
#512=VERTEX_POINT('',#1910);
#513=VERTEX_POINT('',#1914);
#514=VERTEX_POINT('',#1918);
#515=VERTEX_POINT('',#1919);
#516=VERTEX_POINT('',#1921);
#517=VERTEX_POINT('',#1923);
#518=VERTEX_POINT('',#1925);
#519=VERTEX_POINT('',#1927);
#520=VERTEX_POINT('',#1931);
#521=VERTEX_POINT('',#1932);
#522=VERTEX_POINT('',#1934);
#523=VERTEX_POINT('',#1936);
#524=VERTEX_POINT('',#1938);
#525=VERTEX_POINT('',#1940);
#526=VERTEX_POINT('',#1942);
#527=VERTEX_POINT('',#1944);
#528=VERTEX_POINT('',#1948);
#529=VERTEX_POINT('',#1949);
#530=VERTEX_POINT('',#1951);
#531=VERTEX_POINT('',#1953);
#532=VERTEX_POINT('',#1955);
#533=VERTEX_POINT('',#1957);
#534=VERTEX_POINT('',#1959);
#535=VERTEX_POINT('',#1961);
#536=VERTEX_POINT('',#1965);
#537=VERTEX_POINT('',#1966);
#538=VERTEX_POINT('',#1968);
#539=VERTEX_POINT('',#1970);
#540=VERTEX_POINT('',#1972);
#541=VERTEX_POINT('',#1974);
#542=VERTEX_POINT('',#1976);
#543=VERTEX_POINT('',#1978);
#544=VERTEX_POINT('',#1982);
#545=VERTEX_POINT('',#1983);
#546=VERTEX_POINT('',#1985);
#547=VERTEX_POINT('',#1987);
#548=VERTEX_POINT('',#1989);
#549=VERTEX_POINT('',#1991);
#550=VERTEX_POINT('',#1993);
#551=VERTEX_POINT('',#1995);
#552=VERTEX_POINT('',#1999);
#553=VERTEX_POINT('',#2000);
#554=VERTEX_POINT('',#2002);
#555=VERTEX_POINT('',#2004);
#556=VERTEX_POINT('',#2006);
#557=VERTEX_POINT('',#2008);
#558=VERTEX_POINT('',#2010);
#559=VERTEX_POINT('',#2012);
#560=VERTEX_POINT('',#2016);
#561=VERTEX_POINT('',#2017);
#562=VERTEX_POINT('',#2019);
#563=VERTEX_POINT('',#2021);
#564=VERTEX_POINT('',#2023);
#565=VERTEX_POINT('',#2025);
#566=VERTEX_POINT('',#2027);
#567=VERTEX_POINT('',#2029);
#568=VERTEX_POINT('',#2033);
#569=VERTEX_POINT('',#2034);
#570=VERTEX_POINT('',#2039);
#571=VERTEX_POINT('',#2043);
#572=VERTEX_POINT('',#2047);
#573=VERTEX_POINT('',#2051);
#574=VERTEX_POINT('',#2055);
#575=VERTEX_POINT('',#2059);
#576=VERTEX_POINT('',#2065);
#577=VERTEX_POINT('',#2066);
#578=VERTEX_POINT('',#2071);
#579=VERTEX_POINT('',#2075);
#580=VERTEX_POINT('',#2079);
#581=VERTEX_POINT('',#2083);
#582=VERTEX_POINT('',#2087);
#583=VERTEX_POINT('',#2091);
#584=VERTEX_POINT('',#2097);
#585=VERTEX_POINT('',#2098);
#586=VERTEX_POINT('',#2103);
#587=VERTEX_POINT('',#2107);
#588=VERTEX_POINT('',#2111);
#589=VERTEX_POINT('',#2115);
#590=VERTEX_POINT('',#2119);
#591=VERTEX_POINT('',#2123);
#592=VERTEX_POINT('',#2129);
#593=VERTEX_POINT('',#2130);
#594=VERTEX_POINT('',#2135);
#595=VERTEX_POINT('',#2139);
#596=VERTEX_POINT('',#2143);
#597=VERTEX_POINT('',#2147);
#598=VERTEX_POINT('',#2151);
#599=VERTEX_POINT('',#2155);
#600=VERTEX_POINT('',#2161);
#601=VERTEX_POINT('',#2162);
#602=VERTEX_POINT('',#2167);
#603=VERTEX_POINT('',#2171);
#604=VERTEX_POINT('',#2175);
#605=VERTEX_POINT('',#2179);
#606=VERTEX_POINT('',#2183);
#607=VERTEX_POINT('',#2187);
#608=VERTEX_POINT('',#2193);
#609=VERTEX_POINT('',#2194);
#610=VERTEX_POINT('',#2199);
#611=VERTEX_POINT('',#2203);
#612=VERTEX_POINT('',#2207);
#613=VERTEX_POINT('',#2211);
#614=VERTEX_POINT('',#2215);
#615=VERTEX_POINT('',#2219);
#616=VERTEX_POINT('',#2225);
#617=VERTEX_POINT('',#2226);
#618=VERTEX_POINT('',#2231);
#619=VERTEX_POINT('',#2235);
#620=VERTEX_POINT('',#2239);
#621=VERTEX_POINT('',#2243);
#622=EDGE_CURVE('',#500,#500,#414,.T.);
#623=EDGE_CURVE('',#500,#501,#220,.T.);
#624=EDGE_CURVE('',#501,#501,#415,.T.);
#625=EDGE_CURVE('',#502,#502,#416,.T.);
#626=EDGE_CURVE('',#503,#503,#417,.T.);
#627=EDGE_CURVE('',#504,#504,#418,.T.);
#628=EDGE_CURVE('',#505,#505,#419,.T.);
#629=EDGE_CURVE('',#506,#506,#420,.T.);
#630=EDGE_CURVE('',#507,#507,#421,.T.);
#631=EDGE_CURVE('',#508,#508,#422,.T.);
#632=EDGE_CURVE('',#508,#502,#221,.T.);
#633=EDGE_CURVE('',#509,#509,#423,.T.);
#634=EDGE_CURVE('',#509,#503,#222,.T.);
#635=EDGE_CURVE('',#510,#510,#424,.T.);
#636=EDGE_CURVE('',#510,#504,#223,.T.);
#637=EDGE_CURVE('',#511,#511,#425,.T.);
#638=EDGE_CURVE('',#511,#505,#224,.T.);
#639=EDGE_CURVE('',#512,#512,#426,.T.);
#640=EDGE_CURVE('',#512,#506,#225,.T.);
#641=EDGE_CURVE('',#513,#513,#427,.T.);
#642=EDGE_CURVE('',#513,#507,#226,.T.);
#643=EDGE_CURVE('',#514,#515,#227,.T.);
#644=EDGE_CURVE('',#516,#514,#228,.T.);
#645=EDGE_CURVE('',#517,#516,#229,.T.);
#646=EDGE_CURVE('',#518,#517,#230,.T.);
#647=EDGE_CURVE('',#519,#518,#231,.T.);
#648=EDGE_CURVE('',#515,#519,#232,.T.);
#649=EDGE_CURVE('',#520,#521,#428,.T.);
#650=EDGE_CURVE('',#522,#521,#429,.T.);
#651=EDGE_CURVE('',#522,#523,#430,.T.);
#652=EDGE_CURVE('',#524,#523,#233,.T.);
#653=EDGE_CURVE('',#524,#525,#431,.T.);
#654=EDGE_CURVE('',#526,#525,#432,.T.);
#655=EDGE_CURVE('',#526,#527,#433,.T.);
#656=EDGE_CURVE('',#520,#527,#234,.T.);
#657=EDGE_CURVE('',#528,#529,#434,.T.);
#658=EDGE_CURVE('',#530,#529,#435,.T.);
#659=EDGE_CURVE('',#530,#531,#436,.T.);
#660=EDGE_CURVE('',#532,#531,#235,.T.);
#661=EDGE_CURVE('',#532,#533,#437,.T.);
#662=EDGE_CURVE('',#534,#533,#438,.T.);
#663=EDGE_CURVE('',#534,#535,#439,.T.);
#664=EDGE_CURVE('',#528,#535,#236,.T.);
#665=EDGE_CURVE('',#536,#537,#440,.T.);
#666=EDGE_CURVE('',#538,#537,#441,.T.);
#667=EDGE_CURVE('',#538,#539,#442,.T.);
#668=EDGE_CURVE('',#540,#539,#237,.T.);
#669=EDGE_CURVE('',#540,#541,#443,.T.);
#670=EDGE_CURVE('',#542,#541,#444,.T.);
#671=EDGE_CURVE('',#542,#543,#445,.T.);
#672=EDGE_CURVE('',#536,#543,#238,.T.);
#673=EDGE_CURVE('',#544,#545,#446,.T.);
#674=EDGE_CURVE('',#546,#545,#447,.T.);
#675=EDGE_CURVE('',#546,#547,#448,.T.);
#676=EDGE_CURVE('',#548,#547,#239,.T.);
#677=EDGE_CURVE('',#548,#549,#449,.T.);
#678=EDGE_CURVE('',#550,#549,#450,.T.);
#679=EDGE_CURVE('',#550,#551,#451,.T.);
#680=EDGE_CURVE('',#544,#551,#240,.T.);
#681=EDGE_CURVE('',#552,#553,#452,.T.);
#682=EDGE_CURVE('',#554,#553,#453,.T.);
#683=EDGE_CURVE('',#554,#555,#454,.T.);
#684=EDGE_CURVE('',#556,#555,#241,.T.);
#685=EDGE_CURVE('',#556,#557,#455,.T.);
#686=EDGE_CURVE('',#558,#557,#456,.T.);
#687=EDGE_CURVE('',#558,#559,#457,.T.);
#688=EDGE_CURVE('',#552,#559,#242,.T.);
#689=EDGE_CURVE('',#560,#561,#458,.T.);
#690=EDGE_CURVE('',#562,#561,#459,.T.);
#691=EDGE_CURVE('',#562,#563,#460,.T.);
#692=EDGE_CURVE('',#564,#563,#243,.T.);
#693=EDGE_CURVE('',#564,#565,#461,.T.);
#694=EDGE_CURVE('',#566,#565,#462,.T.);
#695=EDGE_CURVE('',#566,#567,#463,.T.);
#696=EDGE_CURVE('',#560,#567,#244,.T.);
#697=EDGE_CURVE('',#568,#569,#464,.T.);
#698=EDGE_CURVE('',#561,#568,#245,.T.);
#699=EDGE_CURVE('',#569,#560,#246,.T.);
#700=EDGE_CURVE('',#567,#570,#247,.T.);
#701=EDGE_CURVE('',#569,#570,#248,.T.);
#702=EDGE_CURVE('',#570,#571,#465,.T.);
#703=EDGE_CURVE('',#571,#566,#249,.T.);
#704=EDGE_CURVE('',#565,#572,#250,.T.);
#705=EDGE_CURVE('',#571,#572,#466,.T.);
#706=EDGE_CURVE('',#572,#573,#467,.T.);
#707=EDGE_CURVE('',#573,#564,#251,.T.);
#708=EDGE_CURVE('',#563,#574,#252,.T.);
#709=EDGE_CURVE('',#573,#574,#253,.T.);
#710=EDGE_CURVE('',#574,#575,#468,.T.);
#711=EDGE_CURVE('',#575,#562,#254,.T.);
#712=EDGE_CURVE('',#575,#568,#469,.T.);
#713=EDGE_CURVE('',#576,#577,#470,.T.);
#714=EDGE_CURVE('',#553,#576,#255,.T.);
#715=EDGE_CURVE('',#577,#552,#256,.T.);
#716=EDGE_CURVE('',#559,#578,#257,.T.);
#717=EDGE_CURVE('',#577,#578,#258,.T.);
#718=EDGE_CURVE('',#578,#579,#471,.T.);
#719=EDGE_CURVE('',#579,#558,#259,.T.);
#720=EDGE_CURVE('',#557,#580,#260,.T.);
#721=EDGE_CURVE('',#579,#580,#472,.T.);
#722=EDGE_CURVE('',#580,#581,#473,.T.);
#723=EDGE_CURVE('',#581,#556,#261,.T.);
#724=EDGE_CURVE('',#555,#582,#262,.T.);
#725=EDGE_CURVE('',#581,#582,#263,.T.);
#726=EDGE_CURVE('',#582,#583,#474,.T.);
#727=EDGE_CURVE('',#583,#554,#264,.T.);
#728=EDGE_CURVE('',#583,#576,#475,.T.);
#729=EDGE_CURVE('',#584,#585,#476,.T.);
#730=EDGE_CURVE('',#545,#584,#265,.T.);
#731=EDGE_CURVE('',#585,#544,#266,.T.);
#732=EDGE_CURVE('',#551,#586,#267,.T.);
#733=EDGE_CURVE('',#585,#586,#268,.T.);
#734=EDGE_CURVE('',#586,#587,#477,.T.);
#735=EDGE_CURVE('',#587,#550,#269,.T.);
#736=EDGE_CURVE('',#549,#588,#270,.T.);
#737=EDGE_CURVE('',#587,#588,#478,.T.);
#738=EDGE_CURVE('',#588,#589,#479,.T.);
#739=EDGE_CURVE('',#589,#548,#271,.T.);
#740=EDGE_CURVE('',#547,#590,#272,.T.);
#741=EDGE_CURVE('',#589,#590,#273,.T.);
#742=EDGE_CURVE('',#590,#591,#480,.T.);
#743=EDGE_CURVE('',#591,#546,#274,.T.);
#744=EDGE_CURVE('',#591,#584,#481,.T.);
#745=EDGE_CURVE('',#592,#593,#482,.T.);
#746=EDGE_CURVE('',#537,#592,#275,.T.);
#747=EDGE_CURVE('',#593,#536,#276,.T.);
#748=EDGE_CURVE('',#543,#594,#277,.T.);
#749=EDGE_CURVE('',#593,#594,#278,.T.);
#750=EDGE_CURVE('',#594,#595,#483,.T.);
#751=EDGE_CURVE('',#595,#542,#279,.T.);
#752=EDGE_CURVE('',#541,#596,#280,.T.);
#753=EDGE_CURVE('',#595,#596,#484,.T.);
#754=EDGE_CURVE('',#596,#597,#485,.T.);
#755=EDGE_CURVE('',#597,#540,#281,.T.);
#756=EDGE_CURVE('',#539,#598,#282,.T.);
#757=EDGE_CURVE('',#597,#598,#283,.T.);
#758=EDGE_CURVE('',#598,#599,#486,.T.);
#759=EDGE_CURVE('',#599,#538,#284,.T.);
#760=EDGE_CURVE('',#599,#592,#487,.T.);
#761=EDGE_CURVE('',#600,#601,#488,.T.);
#762=EDGE_CURVE('',#529,#600,#285,.T.);
#763=EDGE_CURVE('',#601,#528,#286,.T.);
#764=EDGE_CURVE('',#535,#602,#287,.T.);
#765=EDGE_CURVE('',#601,#602,#288,.T.);
#766=EDGE_CURVE('',#602,#603,#489,.T.);
#767=EDGE_CURVE('',#603,#534,#289,.T.);
#768=EDGE_CURVE('',#533,#604,#290,.T.);
#769=EDGE_CURVE('',#603,#604,#490,.T.);
#770=EDGE_CURVE('',#604,#605,#491,.T.);
#771=EDGE_CURVE('',#605,#532,#291,.T.);
#772=EDGE_CURVE('',#531,#606,#292,.T.);
#773=EDGE_CURVE('',#605,#606,#293,.T.);
#774=EDGE_CURVE('',#606,#607,#492,.T.);
#775=EDGE_CURVE('',#607,#530,#294,.T.);
#776=EDGE_CURVE('',#607,#600,#493,.T.);
#777=EDGE_CURVE('',#608,#609,#494,.T.);
#778=EDGE_CURVE('',#521,#608,#295,.T.);
#779=EDGE_CURVE('',#609,#520,#296,.T.);
#780=EDGE_CURVE('',#527,#610,#297,.T.);
#781=EDGE_CURVE('',#609,#610,#298,.T.);
#782=EDGE_CURVE('',#610,#611,#495,.T.);
#783=EDGE_CURVE('',#611,#526,#299,.T.);
#784=EDGE_CURVE('',#525,#612,#300,.T.);
#785=EDGE_CURVE('',#611,#612,#496,.T.);
#786=EDGE_CURVE('',#612,#613,#497,.T.);
#787=EDGE_CURVE('',#613,#524,#301,.T.);
#788=EDGE_CURVE('',#523,#614,#302,.T.);
#789=EDGE_CURVE('',#613,#614,#303,.T.);
#790=EDGE_CURVE('',#614,#615,#498,.T.);
#791=EDGE_CURVE('',#615,#522,#304,.T.);
#792=EDGE_CURVE('',#615,#608,#499,.T.);
#793=EDGE_CURVE('',#616,#617,#305,.T.);
#794=EDGE_CURVE('',#616,#514,#306,.T.);
#795=EDGE_CURVE('',#617,#515,#307,.T.);
#796=EDGE_CURVE('',#618,#616,#308,.T.);
#797=EDGE_CURVE('',#618,#516,#309,.T.);
#798=EDGE_CURVE('',#619,#618,#310,.T.);
#799=EDGE_CURVE('',#619,#517,#311,.T.);
#800=EDGE_CURVE('',#620,#619,#312,.T.);
#801=EDGE_CURVE('',#620,#518,#313,.T.);
#802=EDGE_CURVE('',#621,#620,#314,.T.);
#803=EDGE_CURVE('',#621,#519,#315,.T.);
#804=EDGE_CURVE('',#617,#621,#316,.T.);
#805=ORIENTED_EDGE('',*,*,#622,.F.);
#806=ORIENTED_EDGE('',*,*,#623,.T.);
#807=ORIENTED_EDGE('',*,*,#624,.F.);
#808=ORIENTED_EDGE('',*,*,#623,.F.);
#809=ORIENTED_EDGE('',*,*,#622,.T.);
#810=ORIENTED_EDGE('',*,*,#625,.T.);
#811=ORIENTED_EDGE('',*,*,#626,.T.);
#812=ORIENTED_EDGE('',*,*,#627,.T.);
#813=ORIENTED_EDGE('',*,*,#628,.T.);
#814=ORIENTED_EDGE('',*,*,#629,.T.);
#815=ORIENTED_EDGE('',*,*,#630,.T.);
#816=ORIENTED_EDGE('',*,*,#631,.F.);
#817=ORIENTED_EDGE('',*,*,#632,.T.);
#818=ORIENTED_EDGE('',*,*,#625,.F.);
#819=ORIENTED_EDGE('',*,*,#632,.F.);
#820=ORIENTED_EDGE('',*,*,#633,.F.);
#821=ORIENTED_EDGE('',*,*,#634,.T.);
#822=ORIENTED_EDGE('',*,*,#626,.F.);
#823=ORIENTED_EDGE('',*,*,#634,.F.);
#824=ORIENTED_EDGE('',*,*,#635,.F.);
#825=ORIENTED_EDGE('',*,*,#636,.T.);
#826=ORIENTED_EDGE('',*,*,#627,.F.);
#827=ORIENTED_EDGE('',*,*,#636,.F.);
#828=ORIENTED_EDGE('',*,*,#637,.F.);
#829=ORIENTED_EDGE('',*,*,#638,.T.);
#830=ORIENTED_EDGE('',*,*,#628,.F.);
#831=ORIENTED_EDGE('',*,*,#638,.F.);
#832=ORIENTED_EDGE('',*,*,#639,.F.);
#833=ORIENTED_EDGE('',*,*,#640,.T.);
#834=ORIENTED_EDGE('',*,*,#629,.F.);
#835=ORIENTED_EDGE('',*,*,#640,.F.);
#836=ORIENTED_EDGE('',*,*,#641,.F.);
#837=ORIENTED_EDGE('',*,*,#642,.T.);
#838=ORIENTED_EDGE('',*,*,#630,.F.);
#839=ORIENTED_EDGE('',*,*,#642,.F.);
#840=ORIENTED_EDGE('',*,*,#643,.F.);
#841=ORIENTED_EDGE('',*,*,#644,.F.);
#842=ORIENTED_EDGE('',*,*,#645,.F.);
#843=ORIENTED_EDGE('',*,*,#646,.F.);
#844=ORIENTED_EDGE('',*,*,#647,.F.);
#845=ORIENTED_EDGE('',*,*,#648,.F.);
#846=ORIENTED_EDGE('',*,*,#649,.T.);
#847=ORIENTED_EDGE('',*,*,#650,.F.);
#848=ORIENTED_EDGE('',*,*,#651,.T.);
#849=ORIENTED_EDGE('',*,*,#652,.F.);
#850=ORIENTED_EDGE('',*,*,#653,.T.);
#851=ORIENTED_EDGE('',*,*,#654,.F.);
#852=ORIENTED_EDGE('',*,*,#655,.T.);
#853=ORIENTED_EDGE('',*,*,#656,.F.);
#854=ORIENTED_EDGE('',*,*,#637,.T.);
#855=ORIENTED_EDGE('',*,*,#657,.T.);
#856=ORIENTED_EDGE('',*,*,#658,.F.);
#857=ORIENTED_EDGE('',*,*,#659,.T.);
#858=ORIENTED_EDGE('',*,*,#660,.F.);
#859=ORIENTED_EDGE('',*,*,#661,.T.);
#860=ORIENTED_EDGE('',*,*,#662,.F.);
#861=ORIENTED_EDGE('',*,*,#663,.T.);
#862=ORIENTED_EDGE('',*,*,#664,.F.);
#863=ORIENTED_EDGE('',*,*,#635,.T.);
#864=ORIENTED_EDGE('',*,*,#665,.T.);
#865=ORIENTED_EDGE('',*,*,#666,.F.);
#866=ORIENTED_EDGE('',*,*,#667,.T.);
#867=ORIENTED_EDGE('',*,*,#668,.F.);
#868=ORIENTED_EDGE('',*,*,#669,.T.);
#869=ORIENTED_EDGE('',*,*,#670,.F.);
#870=ORIENTED_EDGE('',*,*,#671,.T.);
#871=ORIENTED_EDGE('',*,*,#672,.F.);
#872=ORIENTED_EDGE('',*,*,#633,.T.);
#873=ORIENTED_EDGE('',*,*,#673,.T.);
#874=ORIENTED_EDGE('',*,*,#674,.F.);
#875=ORIENTED_EDGE('',*,*,#675,.T.);
#876=ORIENTED_EDGE('',*,*,#676,.F.);
#877=ORIENTED_EDGE('',*,*,#677,.T.);
#878=ORIENTED_EDGE('',*,*,#678,.F.);
#879=ORIENTED_EDGE('',*,*,#679,.T.);
#880=ORIENTED_EDGE('',*,*,#680,.F.);
#881=ORIENTED_EDGE('',*,*,#631,.T.);
#882=ORIENTED_EDGE('',*,*,#681,.T.);
#883=ORIENTED_EDGE('',*,*,#682,.F.);
#884=ORIENTED_EDGE('',*,*,#683,.T.);
#885=ORIENTED_EDGE('',*,*,#684,.F.);
#886=ORIENTED_EDGE('',*,*,#685,.T.);
#887=ORIENTED_EDGE('',*,*,#686,.F.);
#888=ORIENTED_EDGE('',*,*,#687,.T.);
#889=ORIENTED_EDGE('',*,*,#688,.F.);
#890=ORIENTED_EDGE('',*,*,#641,.T.);
#891=ORIENTED_EDGE('',*,*,#689,.T.);
#892=ORIENTED_EDGE('',*,*,#690,.F.);
#893=ORIENTED_EDGE('',*,*,#691,.T.);
#894=ORIENTED_EDGE('',*,*,#692,.F.);
#895=ORIENTED_EDGE('',*,*,#693,.T.);
#896=ORIENTED_EDGE('',*,*,#694,.F.);
#897=ORIENTED_EDGE('',*,*,#695,.T.);
#898=ORIENTED_EDGE('',*,*,#696,.F.);
#899=ORIENTED_EDGE('',*,*,#639,.T.);
#900=ORIENTED_EDGE('',*,*,#697,.F.);
#901=ORIENTED_EDGE('',*,*,#698,.F.);
#902=ORIENTED_EDGE('',*,*,#689,.F.);
#903=ORIENTED_EDGE('',*,*,#699,.F.);
#904=ORIENTED_EDGE('',*,*,#699,.T.);
#905=ORIENTED_EDGE('',*,*,#696,.T.);
#906=ORIENTED_EDGE('',*,*,#700,.T.);
#907=ORIENTED_EDGE('',*,*,#701,.F.);
#908=ORIENTED_EDGE('',*,*,#702,.F.);
#909=ORIENTED_EDGE('',*,*,#700,.F.);
#910=ORIENTED_EDGE('',*,*,#695,.F.);
#911=ORIENTED_EDGE('',*,*,#703,.F.);
#912=ORIENTED_EDGE('',*,*,#703,.T.);
#913=ORIENTED_EDGE('',*,*,#694,.T.);
#914=ORIENTED_EDGE('',*,*,#704,.T.);
#915=ORIENTED_EDGE('',*,*,#705,.F.);
#916=ORIENTED_EDGE('',*,*,#706,.F.);
#917=ORIENTED_EDGE('',*,*,#704,.F.);
#918=ORIENTED_EDGE('',*,*,#693,.F.);
#919=ORIENTED_EDGE('',*,*,#707,.F.);
#920=ORIENTED_EDGE('',*,*,#707,.T.);
#921=ORIENTED_EDGE('',*,*,#692,.T.);
#922=ORIENTED_EDGE('',*,*,#708,.T.);
#923=ORIENTED_EDGE('',*,*,#709,.F.);
#924=ORIENTED_EDGE('',*,*,#710,.F.);
#925=ORIENTED_EDGE('',*,*,#708,.F.);
#926=ORIENTED_EDGE('',*,*,#691,.F.);
#927=ORIENTED_EDGE('',*,*,#711,.F.);
#928=ORIENTED_EDGE('',*,*,#698,.T.);
#929=ORIENTED_EDGE('',*,*,#712,.F.);
#930=ORIENTED_EDGE('',*,*,#711,.T.);
#931=ORIENTED_EDGE('',*,*,#690,.T.);
#932=ORIENTED_EDGE('',*,*,#713,.F.);
#933=ORIENTED_EDGE('',*,*,#714,.F.);
#934=ORIENTED_EDGE('',*,*,#681,.F.);
#935=ORIENTED_EDGE('',*,*,#715,.F.);
#936=ORIENTED_EDGE('',*,*,#715,.T.);
#937=ORIENTED_EDGE('',*,*,#688,.T.);
#938=ORIENTED_EDGE('',*,*,#716,.T.);
#939=ORIENTED_EDGE('',*,*,#717,.F.);
#940=ORIENTED_EDGE('',*,*,#718,.F.);
#941=ORIENTED_EDGE('',*,*,#716,.F.);
#942=ORIENTED_EDGE('',*,*,#687,.F.);
#943=ORIENTED_EDGE('',*,*,#719,.F.);
#944=ORIENTED_EDGE('',*,*,#719,.T.);
#945=ORIENTED_EDGE('',*,*,#686,.T.);
#946=ORIENTED_EDGE('',*,*,#720,.T.);
#947=ORIENTED_EDGE('',*,*,#721,.F.);
#948=ORIENTED_EDGE('',*,*,#722,.F.);
#949=ORIENTED_EDGE('',*,*,#720,.F.);
#950=ORIENTED_EDGE('',*,*,#685,.F.);
#951=ORIENTED_EDGE('',*,*,#723,.F.);
#952=ORIENTED_EDGE('',*,*,#723,.T.);
#953=ORIENTED_EDGE('',*,*,#684,.T.);
#954=ORIENTED_EDGE('',*,*,#724,.T.);
#955=ORIENTED_EDGE('',*,*,#725,.F.);
#956=ORIENTED_EDGE('',*,*,#726,.F.);
#957=ORIENTED_EDGE('',*,*,#724,.F.);
#958=ORIENTED_EDGE('',*,*,#683,.F.);
#959=ORIENTED_EDGE('',*,*,#727,.F.);
#960=ORIENTED_EDGE('',*,*,#714,.T.);
#961=ORIENTED_EDGE('',*,*,#728,.F.);
#962=ORIENTED_EDGE('',*,*,#727,.T.);
#963=ORIENTED_EDGE('',*,*,#682,.T.);
#964=ORIENTED_EDGE('',*,*,#729,.F.);
#965=ORIENTED_EDGE('',*,*,#730,.F.);
#966=ORIENTED_EDGE('',*,*,#673,.F.);
#967=ORIENTED_EDGE('',*,*,#731,.F.);
#968=ORIENTED_EDGE('',*,*,#731,.T.);
#969=ORIENTED_EDGE('',*,*,#680,.T.);
#970=ORIENTED_EDGE('',*,*,#732,.T.);
#971=ORIENTED_EDGE('',*,*,#733,.F.);
#972=ORIENTED_EDGE('',*,*,#734,.F.);
#973=ORIENTED_EDGE('',*,*,#732,.F.);
#974=ORIENTED_EDGE('',*,*,#679,.F.);
#975=ORIENTED_EDGE('',*,*,#735,.F.);
#976=ORIENTED_EDGE('',*,*,#735,.T.);
#977=ORIENTED_EDGE('',*,*,#678,.T.);
#978=ORIENTED_EDGE('',*,*,#736,.T.);
#979=ORIENTED_EDGE('',*,*,#737,.F.);
#980=ORIENTED_EDGE('',*,*,#738,.F.);
#981=ORIENTED_EDGE('',*,*,#736,.F.);
#982=ORIENTED_EDGE('',*,*,#677,.F.);
#983=ORIENTED_EDGE('',*,*,#739,.F.);
#984=ORIENTED_EDGE('',*,*,#739,.T.);
#985=ORIENTED_EDGE('',*,*,#676,.T.);
#986=ORIENTED_EDGE('',*,*,#740,.T.);
#987=ORIENTED_EDGE('',*,*,#741,.F.);
#988=ORIENTED_EDGE('',*,*,#742,.F.);
#989=ORIENTED_EDGE('',*,*,#740,.F.);
#990=ORIENTED_EDGE('',*,*,#675,.F.);
#991=ORIENTED_EDGE('',*,*,#743,.F.);
#992=ORIENTED_EDGE('',*,*,#730,.T.);
#993=ORIENTED_EDGE('',*,*,#744,.F.);
#994=ORIENTED_EDGE('',*,*,#743,.T.);
#995=ORIENTED_EDGE('',*,*,#674,.T.);
#996=ORIENTED_EDGE('',*,*,#745,.F.);
#997=ORIENTED_EDGE('',*,*,#746,.F.);
#998=ORIENTED_EDGE('',*,*,#665,.F.);
#999=ORIENTED_EDGE('',*,*,#747,.F.);
#1000=ORIENTED_EDGE('',*,*,#747,.T.);
#1001=ORIENTED_EDGE('',*,*,#672,.T.);
#1002=ORIENTED_EDGE('',*,*,#748,.T.);
#1003=ORIENTED_EDGE('',*,*,#749,.F.);
#1004=ORIENTED_EDGE('',*,*,#750,.F.);
#1005=ORIENTED_EDGE('',*,*,#748,.F.);
#1006=ORIENTED_EDGE('',*,*,#671,.F.);
#1007=ORIENTED_EDGE('',*,*,#751,.F.);
#1008=ORIENTED_EDGE('',*,*,#751,.T.);
#1009=ORIENTED_EDGE('',*,*,#670,.T.);
#1010=ORIENTED_EDGE('',*,*,#752,.T.);
#1011=ORIENTED_EDGE('',*,*,#753,.F.);
#1012=ORIENTED_EDGE('',*,*,#754,.F.);
#1013=ORIENTED_EDGE('',*,*,#752,.F.);
#1014=ORIENTED_EDGE('',*,*,#669,.F.);
#1015=ORIENTED_EDGE('',*,*,#755,.F.);
#1016=ORIENTED_EDGE('',*,*,#755,.T.);
#1017=ORIENTED_EDGE('',*,*,#668,.T.);
#1018=ORIENTED_EDGE('',*,*,#756,.T.);
#1019=ORIENTED_EDGE('',*,*,#757,.F.);
#1020=ORIENTED_EDGE('',*,*,#758,.F.);
#1021=ORIENTED_EDGE('',*,*,#756,.F.);
#1022=ORIENTED_EDGE('',*,*,#667,.F.);
#1023=ORIENTED_EDGE('',*,*,#759,.F.);
#1024=ORIENTED_EDGE('',*,*,#746,.T.);
#1025=ORIENTED_EDGE('',*,*,#760,.F.);
#1026=ORIENTED_EDGE('',*,*,#759,.T.);
#1027=ORIENTED_EDGE('',*,*,#666,.T.);
#1028=ORIENTED_EDGE('',*,*,#761,.F.);
#1029=ORIENTED_EDGE('',*,*,#762,.F.);
#1030=ORIENTED_EDGE('',*,*,#657,.F.);
#1031=ORIENTED_EDGE('',*,*,#763,.F.);
#1032=ORIENTED_EDGE('',*,*,#763,.T.);
#1033=ORIENTED_EDGE('',*,*,#664,.T.);
#1034=ORIENTED_EDGE('',*,*,#764,.T.);
#1035=ORIENTED_EDGE('',*,*,#765,.F.);
#1036=ORIENTED_EDGE('',*,*,#766,.F.);
#1037=ORIENTED_EDGE('',*,*,#764,.F.);
#1038=ORIENTED_EDGE('',*,*,#663,.F.);
#1039=ORIENTED_EDGE('',*,*,#767,.F.);
#1040=ORIENTED_EDGE('',*,*,#767,.T.);
#1041=ORIENTED_EDGE('',*,*,#662,.T.);
#1042=ORIENTED_EDGE('',*,*,#768,.T.);
#1043=ORIENTED_EDGE('',*,*,#769,.F.);
#1044=ORIENTED_EDGE('',*,*,#770,.F.);
#1045=ORIENTED_EDGE('',*,*,#768,.F.);
#1046=ORIENTED_EDGE('',*,*,#661,.F.);
#1047=ORIENTED_EDGE('',*,*,#771,.F.);
#1048=ORIENTED_EDGE('',*,*,#771,.T.);
#1049=ORIENTED_EDGE('',*,*,#660,.T.);
#1050=ORIENTED_EDGE('',*,*,#772,.T.);
#1051=ORIENTED_EDGE('',*,*,#773,.F.);
#1052=ORIENTED_EDGE('',*,*,#774,.F.);
#1053=ORIENTED_EDGE('',*,*,#772,.F.);
#1054=ORIENTED_EDGE('',*,*,#659,.F.);
#1055=ORIENTED_EDGE('',*,*,#775,.F.);
#1056=ORIENTED_EDGE('',*,*,#762,.T.);
#1057=ORIENTED_EDGE('',*,*,#776,.F.);
#1058=ORIENTED_EDGE('',*,*,#775,.T.);
#1059=ORIENTED_EDGE('',*,*,#658,.T.);
#1060=ORIENTED_EDGE('',*,*,#777,.F.);
#1061=ORIENTED_EDGE('',*,*,#778,.F.);
#1062=ORIENTED_EDGE('',*,*,#649,.F.);
#1063=ORIENTED_EDGE('',*,*,#779,.F.);
#1064=ORIENTED_EDGE('',*,*,#779,.T.);
#1065=ORIENTED_EDGE('',*,*,#656,.T.);
#1066=ORIENTED_EDGE('',*,*,#780,.T.);
#1067=ORIENTED_EDGE('',*,*,#781,.F.);
#1068=ORIENTED_EDGE('',*,*,#782,.F.);
#1069=ORIENTED_EDGE('',*,*,#780,.F.);
#1070=ORIENTED_EDGE('',*,*,#655,.F.);
#1071=ORIENTED_EDGE('',*,*,#783,.F.);
#1072=ORIENTED_EDGE('',*,*,#783,.T.);
#1073=ORIENTED_EDGE('',*,*,#654,.T.);
#1074=ORIENTED_EDGE('',*,*,#784,.T.);
#1075=ORIENTED_EDGE('',*,*,#785,.F.);
#1076=ORIENTED_EDGE('',*,*,#786,.F.);
#1077=ORIENTED_EDGE('',*,*,#784,.F.);
#1078=ORIENTED_EDGE('',*,*,#653,.F.);
#1079=ORIENTED_EDGE('',*,*,#787,.F.);
#1080=ORIENTED_EDGE('',*,*,#787,.T.);
#1081=ORIENTED_EDGE('',*,*,#652,.T.);
#1082=ORIENTED_EDGE('',*,*,#788,.T.);
#1083=ORIENTED_EDGE('',*,*,#789,.F.);
#1084=ORIENTED_EDGE('',*,*,#790,.F.);
#1085=ORIENTED_EDGE('',*,*,#788,.F.);
#1086=ORIENTED_EDGE('',*,*,#651,.F.);
#1087=ORIENTED_EDGE('',*,*,#791,.F.);
#1088=ORIENTED_EDGE('',*,*,#778,.T.);
#1089=ORIENTED_EDGE('',*,*,#792,.F.);
#1090=ORIENTED_EDGE('',*,*,#791,.T.);
#1091=ORIENTED_EDGE('',*,*,#650,.T.);
#1092=ORIENTED_EDGE('',*,*,#793,.F.);
#1093=ORIENTED_EDGE('',*,*,#794,.T.);
#1094=ORIENTED_EDGE('',*,*,#643,.T.);
#1095=ORIENTED_EDGE('',*,*,#795,.F.);
#1096=ORIENTED_EDGE('',*,*,#796,.F.);
#1097=ORIENTED_EDGE('',*,*,#797,.T.);
#1098=ORIENTED_EDGE('',*,*,#644,.T.);
#1099=ORIENTED_EDGE('',*,*,#794,.F.);
#1100=ORIENTED_EDGE('',*,*,#798,.F.);
#1101=ORIENTED_EDGE('',*,*,#799,.T.);
#1102=ORIENTED_EDGE('',*,*,#645,.T.);
#1103=ORIENTED_EDGE('',*,*,#797,.F.);
#1104=ORIENTED_EDGE('',*,*,#800,.F.);
#1105=ORIENTED_EDGE('',*,*,#801,.T.);
#1106=ORIENTED_EDGE('',*,*,#646,.T.);
#1107=ORIENTED_EDGE('',*,*,#799,.F.);
#1108=ORIENTED_EDGE('',*,*,#802,.F.);
#1109=ORIENTED_EDGE('',*,*,#803,.T.);
#1110=ORIENTED_EDGE('',*,*,#647,.T.);
#1111=ORIENTED_EDGE('',*,*,#801,.F.);
#1112=ORIENTED_EDGE('',*,*,#804,.F.);
#1113=ORIENTED_EDGE('',*,*,#795,.T.);
#1114=ORIENTED_EDGE('',*,*,#648,.T.);
#1115=ORIENTED_EDGE('',*,*,#803,.F.);
#1116=ORIENTED_EDGE('',*,*,#624,.T.);
#1117=ORIENTED_EDGE('',*,*,#770,.T.);
#1118=ORIENTED_EDGE('',*,*,#773,.T.);
#1119=ORIENTED_EDGE('',*,*,#774,.T.);
#1120=ORIENTED_EDGE('',*,*,#776,.T.);
#1121=ORIENTED_EDGE('',*,*,#761,.T.);
#1122=ORIENTED_EDGE('',*,*,#765,.T.);
#1123=ORIENTED_EDGE('',*,*,#766,.T.);
#1124=ORIENTED_EDGE('',*,*,#769,.T.);
#1125=ORIENTED_EDGE('',*,*,#786,.T.);
#1126=ORIENTED_EDGE('',*,*,#789,.T.);
#1127=ORIENTED_EDGE('',*,*,#790,.T.);
#1128=ORIENTED_EDGE('',*,*,#792,.T.);
#1129=ORIENTED_EDGE('',*,*,#777,.T.);
#1130=ORIENTED_EDGE('',*,*,#781,.T.);
#1131=ORIENTED_EDGE('',*,*,#782,.T.);
#1132=ORIENTED_EDGE('',*,*,#785,.T.);
#1133=ORIENTED_EDGE('',*,*,#706,.T.);
#1134=ORIENTED_EDGE('',*,*,#709,.T.);
#1135=ORIENTED_EDGE('',*,*,#710,.T.);
#1136=ORIENTED_EDGE('',*,*,#712,.T.);
#1137=ORIENTED_EDGE('',*,*,#697,.T.);
#1138=ORIENTED_EDGE('',*,*,#701,.T.);
#1139=ORIENTED_EDGE('',*,*,#702,.T.);
#1140=ORIENTED_EDGE('',*,*,#705,.T.);
#1141=ORIENTED_EDGE('',*,*,#722,.T.);
#1142=ORIENTED_EDGE('',*,*,#725,.T.);
#1143=ORIENTED_EDGE('',*,*,#726,.T.);
#1144=ORIENTED_EDGE('',*,*,#728,.T.);
#1145=ORIENTED_EDGE('',*,*,#713,.T.);
#1146=ORIENTED_EDGE('',*,*,#717,.T.);
#1147=ORIENTED_EDGE('',*,*,#718,.T.);
#1148=ORIENTED_EDGE('',*,*,#721,.T.);
#1149=ORIENTED_EDGE('',*,*,#750,.T.);
#1150=ORIENTED_EDGE('',*,*,#753,.T.);
#1151=ORIENTED_EDGE('',*,*,#754,.T.);
#1152=ORIENTED_EDGE('',*,*,#757,.T.);
#1153=ORIENTED_EDGE('',*,*,#758,.T.);
#1154=ORIENTED_EDGE('',*,*,#760,.T.);
#1155=ORIENTED_EDGE('',*,*,#745,.T.);
#1156=ORIENTED_EDGE('',*,*,#749,.T.);
#1157=ORIENTED_EDGE('',*,*,#738,.T.);
#1158=ORIENTED_EDGE('',*,*,#741,.T.);
#1159=ORIENTED_EDGE('',*,*,#742,.T.);
#1160=ORIENTED_EDGE('',*,*,#744,.T.);
#1161=ORIENTED_EDGE('',*,*,#729,.T.);
#1162=ORIENTED_EDGE('',*,*,#733,.T.);
#1163=ORIENTED_EDGE('',*,*,#734,.T.);
#1164=ORIENTED_EDGE('',*,*,#737,.T.);
#1165=ORIENTED_EDGE('',*,*,#804,.T.);
#1166=ORIENTED_EDGE('',*,*,#802,.T.);
#1167=ORIENTED_EDGE('',*,*,#800,.T.);
#1168=ORIENTED_EDGE('',*,*,#798,.T.);
#1169=ORIENTED_EDGE('',*,*,#796,.T.);
#1170=ORIENTED_EDGE('',*,*,#793,.T.);
#1171=CYLINDRICAL_SURFACE('',#1306,1.);
#1172=CYLINDRICAL_SURFACE('',#1316,0.0885);
#1173=CYLINDRICAL_SURFACE('',#1318,0.0885);
#1174=CYLINDRICAL_SURFACE('',#1320,0.0885);
#1175=CYLINDRICAL_SURFACE('',#1322,0.0885);
#1176=CYLINDRICAL_SURFACE('',#1324,0.0885);
#1177=CYLINDRICAL_SURFACE('',#1326,0.0885);
#1178=CYLINDRICAL_SURFACE('',#1371,0.1);
#1179=CYLINDRICAL_SURFACE('',#1374,0.1);
#1180=CYLINDRICAL_SURFACE('',#1376,0.4);
#1181=CYLINDRICAL_SURFACE('',#1378,0.1);
#1182=CYLINDRICAL_SURFACE('',#1381,0.1);
#1183=CYLINDRICAL_SURFACE('',#1383,0.8);
#1184=CYLINDRICAL_SURFACE('',#1385,0.1);
#1185=CYLINDRICAL_SURFACE('',#1388,0.1);
#1186=CYLINDRICAL_SURFACE('',#1390,0.4);
#1187=CYLINDRICAL_SURFACE('',#1392,0.1);
#1188=CYLINDRICAL_SURFACE('',#1395,0.1);
#1189=CYLINDRICAL_SURFACE('',#1397,0.8);
#1190=CYLINDRICAL_SURFACE('',#1399,0.1);
#1191=CYLINDRICAL_SURFACE('',#1402,0.1);
#1192=CYLINDRICAL_SURFACE('',#1404,0.4);
#1193=CYLINDRICAL_SURFACE('',#1406,0.1);
#1194=CYLINDRICAL_SURFACE('',#1409,0.1);
#1195=CYLINDRICAL_SURFACE('',#1411,0.8);
#1196=CYLINDRICAL_SURFACE('',#1413,0.1);
#1197=CYLINDRICAL_SURFACE('',#1416,0.1);
#1198=CYLINDRICAL_SURFACE('',#1418,0.4);
#1199=CYLINDRICAL_SURFACE('',#1420,0.1);
#1200=CYLINDRICAL_SURFACE('',#1423,0.1);
#1201=CYLINDRICAL_SURFACE('',#1425,0.8);
#1202=CYLINDRICAL_SURFACE('',#1427,0.1);
#1203=CYLINDRICAL_SURFACE('',#1430,0.1);
#1204=CYLINDRICAL_SURFACE('',#1432,0.4);
#1205=CYLINDRICAL_SURFACE('',#1434,0.1);
#1206=CYLINDRICAL_SURFACE('',#1437,0.1);
#1207=CYLINDRICAL_SURFACE('',#1439,0.8);
#1208=CYLINDRICAL_SURFACE('',#1441,0.1);
#1209=CYLINDRICAL_SURFACE('',#1444,0.1);
#1210=CYLINDRICAL_SURFACE('',#1446,0.4);
#1211=CYLINDRICAL_SURFACE('',#1448,0.1);
#1212=CYLINDRICAL_SURFACE('',#1451,0.1);
#1213=CYLINDRICAL_SURFACE('',#1453,0.8);
#1214=ADVANCED_FACE('',(#61),#1171,.T.);
#1215=ADVANCED_FACE('',(#62,#15,#16,#17,#18,#19,#20),#34,.F.);
#1216=ADVANCED_FACE('',(#63),#1172,.F.);
#1217=ADVANCED_FACE('',(#64),#1173,.F.);
#1218=ADVANCED_FACE('',(#65),#1174,.F.);
#1219=ADVANCED_FACE('',(#66),#1175,.F.);
#1220=ADVANCED_FACE('',(#67),#1176,.F.);
#1221=ADVANCED_FACE('',(#68),#1177,.F.);
#1222=ADVANCED_FACE('',(#69),#35,.T.);
#1223=ADVANCED_FACE('',(#70,#21),#36,.T.);
#1224=ADVANCED_FACE('',(#71,#22),#37,.T.);
#1225=ADVANCED_FACE('',(#72,#23),#38,.T.);
#1226=ADVANCED_FACE('',(#73,#24),#39,.T.);
#1227=ADVANCED_FACE('',(#74,#25),#40,.T.);
#1228=ADVANCED_FACE('',(#75,#26),#41,.T.);
#1229=ADVANCED_FACE('',(#76),#1178,.T.);
#1230=ADVANCED_FACE('',(#77),#42,.F.);
#1231=ADVANCED_FACE('',(#78),#1179,.T.);
#1232=ADVANCED_FACE('',(#79),#1180,.F.);
#1233=ADVANCED_FACE('',(#80),#1181,.T.);
#1234=ADVANCED_FACE('',(#81),#43,.F.);
#1235=ADVANCED_FACE('',(#82),#1182,.T.);
#1236=ADVANCED_FACE('',(#83),#1183,.T.);
#1237=ADVANCED_FACE('',(#84),#1184,.T.);
#1238=ADVANCED_FACE('',(#85),#44,.F.);
#1239=ADVANCED_FACE('',(#86),#1185,.T.);
#1240=ADVANCED_FACE('',(#87),#1186,.F.);
#1241=ADVANCED_FACE('',(#88),#1187,.T.);
#1242=ADVANCED_FACE('',(#89),#45,.F.);
#1243=ADVANCED_FACE('',(#90),#1188,.T.);
#1244=ADVANCED_FACE('',(#91),#1189,.T.);
#1245=ADVANCED_FACE('',(#92),#1190,.T.);
#1246=ADVANCED_FACE('',(#93),#46,.F.);
#1247=ADVANCED_FACE('',(#94),#1191,.T.);
#1248=ADVANCED_FACE('',(#95),#1192,.F.);
#1249=ADVANCED_FACE('',(#96),#1193,.T.);
#1250=ADVANCED_FACE('',(#97),#47,.F.);
#1251=ADVANCED_FACE('',(#98),#1194,.T.);
#1252=ADVANCED_FACE('',(#99),#1195,.T.);
#1253=ADVANCED_FACE('',(#100),#1196,.T.);
#1254=ADVANCED_FACE('',(#101),#48,.F.);
#1255=ADVANCED_FACE('',(#102),#1197,.T.);
#1256=ADVANCED_FACE('',(#103),#1198,.F.);
#1257=ADVANCED_FACE('',(#104),#1199,.T.);
#1258=ADVANCED_FACE('',(#105),#49,.F.);
#1259=ADVANCED_FACE('',(#106),#1200,.T.);
#1260=ADVANCED_FACE('',(#107),#1201,.T.);
#1261=ADVANCED_FACE('',(#108),#1202,.T.);
#1262=ADVANCED_FACE('',(#109),#50,.F.);
#1263=ADVANCED_FACE('',(#110),#1203,.T.);
#1264=ADVANCED_FACE('',(#111),#1204,.F.);
#1265=ADVANCED_FACE('',(#112),#1205,.T.);
#1266=ADVANCED_FACE('',(#113),#51,.F.);
#1267=ADVANCED_FACE('',(#114),#1206,.T.);
#1268=ADVANCED_FACE('',(#115),#1207,.T.);
#1269=ADVANCED_FACE('',(#116),#1208,.T.);
#1270=ADVANCED_FACE('',(#117),#52,.F.);
#1271=ADVANCED_FACE('',(#118),#1209,.T.);
#1272=ADVANCED_FACE('',(#119),#1210,.F.);
#1273=ADVANCED_FACE('',(#120),#1211,.T.);
#1274=ADVANCED_FACE('',(#121),#53,.F.);
#1275=ADVANCED_FACE('',(#122),#1212,.T.);
#1276=ADVANCED_FACE('',(#123),#1213,.T.);
#1277=ADVANCED_FACE('',(#124),#54,.F.);
#1278=ADVANCED_FACE('',(#125),#55,.F.);
#1279=ADVANCED_FACE('',(#126),#56,.F.);
#1280=ADVANCED_FACE('',(#127),#57,.F.);
#1281=ADVANCED_FACE('',(#128),#58,.F.);
#1282=ADVANCED_FACE('',(#129),#59,.F.);
#1283=ADVANCED_FACE('',(#130,#27,#28,#29,#30,#31,#32,#33),#60,.T.);
#1284=CLOSED_SHELL('',(#1214,#1215,#1216,#1217,#1218,#1219,#1220,#1221,
#1222,#1223,#1224,#1225,#1226,#1227,#1228,#1229,#1230,#1231,#1232,#1233,
#1234,#1235,#1236,#1237,#1238,#1239,#1240,#1241,#1242,#1243,#1244,#1245,
#1246,#1247,#1248,#1249,#1250,#1251,#1252,#1253,#1254,#1255,#1256,#1257,
#1258,#1259,#1260,#1261,#1262,#1263,#1264,#1265,#1266,#1267,#1268,#1269,
#1270,#1271,#1272,#1273,#1274,#1275,#1276,#1277,#1278,#1279,#1280,#1281,
#1282,#1283));
#1285=DERIVED_UNIT_ELEMENT(#1287,1.);
#1286=DERIVED_UNIT_ELEMENT(#2257,-3.);
#1287=(
CONVERSION_BASED_UNIT('gram',#1289)
MASS_UNIT()
NAMED_UNIT(#2254)
);
#1288=(
MASS_UNIT()
NAMED_UNIT(*)
SI_UNIT(.KILO.,.GRAM.)
);
#1289=MASS_MEASURE_WITH_UNIT(MASS_MEASURE(0.001),#1288);
#1290=DERIVED_UNIT((#1285,#1286));
#1291=MEASURE_REPRESENTATION_ITEM('density measure',
POSITIVE_RATIO_MEASURE(1.),#1290);
#1292=PROPERTY_DEFINITION_REPRESENTATION(#1297,#1294);
#1293=PROPERTY_DEFINITION_REPRESENTATION(#1298,#1295);
#1294=REPRESENTATION('material name',(#1296),#2251);
#1295=REPRESENTATION('density',(#1291),#2251);
#1296=DESCRIPTIVE_REPRESENTATION_ITEM('Generic','Generic');
#1297=PROPERTY_DEFINITION('material property','material name',#2265);
#1298=PROPERTY_DEFINITION('material property','density of part',#2265);
#1299=DATE_TIME_ROLE('creation_date');
#1300=APPLIED_DATE_AND_TIME_ASSIGNMENT(#1301,#1299,(#2265));
#1301=DATE_AND_TIME(#1302,#1303);
#1302=CALENDAR_DATE(2026,14,1);
#1303=LOCAL_TIME(0,0,0.,#1304);
#1304=COORDINATED_UNIVERSAL_TIME_OFFSET(0,0,.BEHIND.);
#1305=AXIS2_PLACEMENT_3D('',#1873,#1462,#1463);
#1306=AXIS2_PLACEMENT_3D('',#1874,#1464,#1465);
#1307=AXIS2_PLACEMENT_3D('',#1876,#1466,#1467);
#1308=AXIS2_PLACEMENT_3D('',#1879,#1469,#1470);
#1309=AXIS2_PLACEMENT_3D('',#1880,#1471,#1472);
#1310=AXIS2_PLACEMENT_3D('',#1882,#1473,#1474);
#1311=AXIS2_PLACEMENT_3D('',#1884,#1475,#1476);
#1312=AXIS2_PLACEMENT_3D('',#1886,#1477,#1478);
#1313=AXIS2_PLACEMENT_3D('',#1888,#1479,#1480);
#1314=AXIS2_PLACEMENT_3D('',#1890,#1481,#1482);
#1315=AXIS2_PLACEMENT_3D('',#1892,#1483,#1484);
#1316=AXIS2_PLACEMENT_3D('',#1893,#1485,#1486);
#1317=AXIS2_PLACEMENT_3D('',#1895,#1487,#1488);
#1318=AXIS2_PLACEMENT_3D('',#1897,#1490,#1491);
#1319=AXIS2_PLACEMENT_3D('',#1899,#1492,#1493);
#1320=AXIS2_PLACEMENT_3D('',#1901,#1495,#1496);
#1321=AXIS2_PLACEMENT_3D('',#1903,#1497,#1498);
#1322=AXIS2_PLACEMENT_3D('',#1905,#1500,#1501);
#1323=AXIS2_PLACEMENT_3D('',#1907,#1502,#1503);
#1324=AXIS2_PLACEMENT_3D('',#1909,#1505,#1506);
#1325=AXIS2_PLACEMENT_3D('',#1911,#1507,#1508);
#1326=AXIS2_PLACEMENT_3D('',#1913,#1510,#1511);
#1327=AXIS2_PLACEMENT_3D('',#1915,#1512,#1513);
#1328=AXIS2_PLACEMENT_3D('',#1917,#1515,#1516);
#1329=AXIS2_PLACEMENT_3D('',#1930,#1523,#1524);
#1330=AXIS2_PLACEMENT_3D('',#1933,#1525,#1526);
#1331=AXIS2_PLACEMENT_3D('',#1935,#1527,#1528);
#1332=AXIS2_PLACEMENT_3D('',#1937,#1529,#1530);
#1333=AXIS2_PLACEMENT_3D('',#1941,#1532,#1533);
#1334=AXIS2_PLACEMENT_3D('',#1943,#1534,#1535);
#1335=AXIS2_PLACEMENT_3D('',#1945,#1536,#1537);
#1336=AXIS2_PLACEMENT_3D('',#1947,#1539,#1540);
#1337=AXIS2_PLACEMENT_3D('',#1950,#1541,#1542);
#1338=AXIS2_PLACEMENT_3D('',#1952,#1543,#1544);
#1339=AXIS2_PLACEMENT_3D('',#1954,#1545,#1546);
#1340=AXIS2_PLACEMENT_3D('',#1958,#1548,#1549);
#1341=AXIS2_PLACEMENT_3D('',#1960,#1550,#1551);
#1342=AXIS2_PLACEMENT_3D('',#1962,#1552,#1553);
#1343=AXIS2_PLACEMENT_3D('',#1964,#1555,#1556);
#1344=AXIS2_PLACEMENT_3D('',#1967,#1557,#1558);
#1345=AXIS2_PLACEMENT_3D('',#1969,#1559,#1560);
#1346=AXIS2_PLACEMENT_3D('',#1971,#1561,#1562);
#1347=AXIS2_PLACEMENT_3D('',#1975,#1564,#1565);
#1348=AXIS2_PLACEMENT_3D('',#1977,#1566,#1567);
#1349=AXIS2_PLACEMENT_3D('',#1979,#1568,#1569);
#1350=AXIS2_PLACEMENT_3D('',#1981,#1571,#1572);
#1351=AXIS2_PLACEMENT_3D('',#1984,#1573,#1574);
#1352=AXIS2_PLACEMENT_3D('',#1986,#1575,#1576);
#1353=AXIS2_PLACEMENT_3D('',#1988,#1577,#1578);
#1354=AXIS2_PLACEMENT_3D('',#1992,#1580,#1581);
#1355=AXIS2_PLACEMENT_3D('',#1994,#1582,#1583);
#1356=AXIS2_PLACEMENT_3D('',#1996,#1584,#1585);
#1357=AXIS2_PLACEMENT_3D('',#1998,#1587,#1588);
#1358=AXIS2_PLACEMENT_3D('',#2001,#1589,#1590);
#1359=AXIS2_PLACEMENT_3D('',#2003,#1591,#1592);
#1360=AXIS2_PLACEMENT_3D('',#2005,#1593,#1594);
#1361=AXIS2_PLACEMENT_3D('',#2009,#1596,#1597);
#1362=AXIS2_PLACEMENT_3D('',#2011,#1598,#1599);
#1363=AXIS2_PLACEMENT_3D('',#2013,#1600,#1601);
#1364=AXIS2_PLACEMENT_3D('',#2015,#1603,#1604);
#1365=AXIS2_PLACEMENT_3D('',#2018,#1605,#1606);
#1366=AXIS2_PLACEMENT_3D('',#2020,#1607,#1608);
#1367=AXIS2_PLACEMENT_3D('',#2022,#1609,#1610);
#1368=AXIS2_PLACEMENT_3D('',#2026,#1612,#1613);
#1369=AXIS2_PLACEMENT_3D('',#2028,#1614,#1615);
#1370=AXIS2_PLACEMENT_3D('',#2030,#1616,#1617);
#1371=AXIS2_PLACEMENT_3D('',#2032,#1619,#1620);
#1372=AXIS2_PLACEMENT_3D('',#2035,#1621,#1622);
#1373=AXIS2_PLACEMENT_3D('',#2038,#1625,#1626);
#1374=AXIS2_PLACEMENT_3D('',#2042,#1629,#1630);
#1375=AXIS2_PLACEMENT_3D('',#2044,#1631,#1632);
#1376=AXIS2_PLACEMENT_3D('',#2046,#1634,#1635);
#1377=AXIS2_PLACEMENT_3D('',#2049,#1637,#1638);
#1378=AXIS2_PLACEMENT_3D('',#2050,#1639,#1640);
#1379=AXIS2_PLACEMENT_3D('',#2052,#1641,#1642);
#1380=AXIS2_PLACEMENT_3D('',#2054,#1644,#1645);
#1381=AXIS2_PLACEMENT_3D('',#2058,#1648,#1649);
#1382=AXIS2_PLACEMENT_3D('',#2060,#1650,#1651);
#1383=AXIS2_PLACEMENT_3D('',#2062,#1653,#1654);
#1384=AXIS2_PLACEMENT_3D('',#2063,#1655,#1656);
#1385=AXIS2_PLACEMENT_3D('',#2064,#1657,#1658);
#1386=AXIS2_PLACEMENT_3D('',#2067,#1659,#1660);
#1387=AXIS2_PLACEMENT_3D('',#2070,#1663,#1664);
#1388=AXIS2_PLACEMENT_3D('',#2074,#1667,#1668);
#1389=AXIS2_PLACEMENT_3D('',#2076,#1669,#1670);
#1390=AXIS2_PLACEMENT_3D('',#2078,#1672,#1673);
#1391=AXIS2_PLACEMENT_3D('',#2081,#1675,#1676);
#1392=AXIS2_PLACEMENT_3D('',#2082,#1677,#1678);
#1393=AXIS2_PLACEMENT_3D('',#2084,#1679,#1680);
#1394=AXIS2_PLACEMENT_3D('',#2086,#1682,#1683);
#1395=AXIS2_PLACEMENT_3D('',#2090,#1686,#1687);
#1396=AXIS2_PLACEMENT_3D('',#2092,#1688,#1689);
#1397=AXIS2_PLACEMENT_3D('',#2094,#1691,#1692);
#1398=AXIS2_PLACEMENT_3D('',#2095,#1693,#1694);
#1399=AXIS2_PLACEMENT_3D('',#2096,#1695,#1696);
#1400=AXIS2_PLACEMENT_3D('',#2099,#1697,#1698);
#1401=AXIS2_PLACEMENT_3D('',#2102,#1701,#1702);
#1402=AXIS2_PLACEMENT_3D('',#2106,#1705,#1706);
#1403=AXIS2_PLACEMENT_3D('',#2108,#1707,#1708);
#1404=AXIS2_PLACEMENT_3D('',#2110,#1710,#1711);
#1405=AXIS2_PLACEMENT_3D('',#2113,#1713,#1714);
#1406=AXIS2_PLACEMENT_3D('',#2114,#1715,#1716);
#1407=AXIS2_PLACEMENT_3D('',#2116,#1717,#1718);
#1408=AXIS2_PLACEMENT_3D('',#2118,#1720,#1721);
#1409=AXIS2_PLACEMENT_3D('',#2122,#1724,#1725);
#1410=AXIS2_PLACEMENT_3D('',#2124,#1726,#1727);
#1411=AXIS2_PLACEMENT_3D('',#2126,#1729,#1730);
#1412=AXIS2_PLACEMENT_3D('',#2127,#1731,#1732);
#1413=AXIS2_PLACEMENT_3D('',#2128,#1733,#1734);
#1414=AXIS2_PLACEMENT_3D('',#2131,#1735,#1736);
#1415=AXIS2_PLACEMENT_3D('',#2134,#1739,#1740);
#1416=AXIS2_PLACEMENT_3D('',#2138,#1743,#1744);
#1417=AXIS2_PLACEMENT_3D('',#2140,#1745,#1746);
#1418=AXIS2_PLACEMENT_3D('',#2142,#1748,#1749);
#1419=AXIS2_PLACEMENT_3D('',#2145,#1751,#1752);
#1420=AXIS2_PLACEMENT_3D('',#2146,#1753,#1754);
#1421=AXIS2_PLACEMENT_3D('',#2148,#1755,#1756);
#1422=AXIS2_PLACEMENT_3D('',#2150,#1758,#1759);
#1423=AXIS2_PLACEMENT_3D('',#2154,#1762,#1763);
#1424=AXIS2_PLACEMENT_3D('',#2156,#1764,#1765);
#1425=AXIS2_PLACEMENT_3D('',#2158,#1767,#1768);
#1426=AXIS2_PLACEMENT_3D('',#2159,#1769,#1770);
#1427=AXIS2_PLACEMENT_3D('',#2160,#1771,#1772);
#1428=AXIS2_PLACEMENT_3D('',#2163,#1773,#1774);
#1429=AXIS2_PLACEMENT_3D('',#2166,#1777,#1778);
#1430=AXIS2_PLACEMENT_3D('',#2170,#1781,#1782);
#1431=AXIS2_PLACEMENT_3D('',#2172,#1783,#1784);
#1432=AXIS2_PLACEMENT_3D('',#2174,#1786,#1787);
#1433=AXIS2_PLACEMENT_3D('',#2177,#1789,#1790);
#1434=AXIS2_PLACEMENT_3D('',#2178,#1791,#1792);
#1435=AXIS2_PLACEMENT_3D('',#2180,#1793,#1794);
#1436=AXIS2_PLACEMENT_3D('',#2182,#1796,#1797);
#1437=AXIS2_PLACEMENT_3D('',#2186,#1800,#1801);
#1438=AXIS2_PLACEMENT_3D('',#2188,#1802,#1803);
#1439=AXIS2_PLACEMENT_3D('',#2190,#1805,#1806);
#1440=AXIS2_PLACEMENT_3D('',#2191,#1807,#1808);
#1441=AXIS2_PLACEMENT_3D('',#2192,#1809,#1810);
#1442=AXIS2_PLACEMENT_3D('',#2195,#1811,#1812);
#1443=AXIS2_PLACEMENT_3D('',#2198,#1815,#1816);
#1444=AXIS2_PLACEMENT_3D('',#2202,#1819,#1820);
#1445=AXIS2_PLACEMENT_3D('',#2204,#1821,#1822);
#1446=AXIS2_PLACEMENT_3D('',#2206,#1824,#1825);
#1447=AXIS2_PLACEMENT_3D('',#2209,#1827,#1828);
#1448=AXIS2_PLACEMENT_3D('',#2210,#1829,#1830);
#1449=AXIS2_PLACEMENT_3D('',#2212,#1831,#1832);
#1450=AXIS2_PLACEMENT_3D('',#2214,#1834,#1835);
#1451=AXIS2_PLACEMENT_3D('',#2218,#1838,#1839);
#1452=AXIS2_PLACEMENT_3D('',#2220,#1840,#1841);
#1453=AXIS2_PLACEMENT_3D('',#2222,#1843,#1844);
#1454=AXIS2_PLACEMENT_3D('',#2223,#1845,#1846);
#1455=AXIS2_PLACEMENT_3D('',#2224,#1847,#1848);
#1456=AXIS2_PLACEMENT_3D('',#2230,#1852,#1853);
#1457=AXIS2_PLACEMENT_3D('',#2234,#1856,#1857);
#1458=AXIS2_PLACEMENT_3D('',#2238,#1860,#1861);
#1459=AXIS2_PLACEMENT_3D('',#2242,#1864,#1865);
#1460=AXIS2_PLACEMENT_3D('',#2246,#1868,#1869);
#1461=AXIS2_PLACEMENT_3D('',#2248,#1871,#1872);
#1462=DIRECTION('axis',(0.,0.,1.));
#1463=DIRECTION('refdir',(1.,0.,0.));
#1464=DIRECTION('center_axis',(0.,-1.,0.));
#1465=DIRECTION('ref_axis',(1.,0.,0.));
#1466=DIRECTION('center_axis',(0.,-1.,0.));
#1467=DIRECTION('ref_axis',(1.,0.,0.));
#1468=DIRECTION('',(0.,1.,0.));
#1469=DIRECTION('center_axis',(0.,1.,0.));
#1470=DIRECTION('ref_axis',(-1.,0.,0.));
#1471=DIRECTION('center_axis',(0.,1.,0.));
#1472=DIRECTION('ref_axis',(0.,0.,1.));
#1473=DIRECTION('center_axis',(0.,1.,0.));
#1474=DIRECTION('ref_axis',(0.499999999999999,0.,0.866025403784439));
#1475=DIRECTION('center_axis',(0.,1.,0.));
#1476=DIRECTION('ref_axis',(-0.5,0.,0.866025403784438));
#1477=DIRECTION('center_axis',(0.,1.,0.));
#1478=DIRECTION('ref_axis',(-1.,0.,-1.85210033468764E-16));
#1479=DIRECTION('center_axis',(0.,1.,0.));
#1480=DIRECTION('ref_axis',(-0.5,0.,-0.866025403784439));
#1481=DIRECTION('center_axis',(0.,1.,0.));
#1482=DIRECTION('ref_axis',(0.5,0.,-0.866025403784439));
#1483=DIRECTION('center_axis',(0.,1.,0.));
#1484=DIRECTION('ref_axis',(1.,0.,0.));
#1485=DIRECTION('center_axis',(0.,-1.,0.));
#1486=DIRECTION('ref_axis',(0.499999999999999,0.,0.866025403784439));
#1487=DIRECTION('center_axis',(0.,-1.,0.));
#1488=DIRECTION('ref_axis',(0.499999999999999,0.,0.866025403784439));
#1489=DIRECTION('',(0.,-1.,0.));
#1490=DIRECTION('center_axis',(0.,-1.,0.));
#1491=DIRECTION('ref_axis',(-0.5,0.,0.866025403784438));
#1492=DIRECTION('center_axis',(0.,-1.,0.));
#1493=DIRECTION('ref_axis',(-0.5,0.,0.866025403784438));
#1494=DIRECTION('',(0.,-1.,0.));
#1495=DIRECTION('center_axis',(0.,-1.,0.));
#1496=DIRECTION('ref_axis',(-1.,0.,-1.85210033468764E-16));
#1497=DIRECTION('center_axis',(0.,-1.,0.));
#1498=DIRECTION('ref_axis',(-1.,0.,-1.85210033468764E-16));
#1499=DIRECTION('',(0.,-1.,0.));
#1500=DIRECTION('center_axis',(0.,-1.,0.));
#1501=DIRECTION('ref_axis',(-0.5,0.,-0.866025403784439));
#1502=DIRECTION('center_axis',(0.,-1.,0.));
#1503=DIRECTION('ref_axis',(-0.5,0.,-0.866025403784439));
#1504=DIRECTION('',(0.,-1.,0.));
#1505=DIRECTION('center_axis',(0.,-1.,0.));
#1506=DIRECTION('ref_axis',(0.5,0.,-0.866025403784439));
#1507=DIRECTION('center_axis',(0.,-1.,0.));
#1508=DIRECTION('ref_axis',(0.5,0.,-0.866025403784439));
#1509=DIRECTION('',(0.,-1.,0.));
#1510=DIRECTION('center_axis',(0.,-1.,0.));
#1511=DIRECTION('ref_axis',(1.,0.,0.));
#1512=DIRECTION('center_axis',(0.,-1.,0.));
#1513=DIRECTION('ref_axis',(1.,0.,0.));
#1514=DIRECTION('',(0.,-1.,0.));
#1515=DIRECTION('center_axis',(0.,1.,0.));
#1516=DIRECTION('ref_axis',(0.,0.,1.));
#1517=DIRECTION('',(-0.5,0.,0.866025403784439));
#1518=DIRECTION('',(0.5,0.,0.866025403784439));
#1519=DIRECTION('',(1.,0.,2.0241712488248E-16));
#1520=DIRECTION('',(0.5,0.,-0.866025403784438));
#1521=DIRECTION('',(-0.5,0.,-0.866025403784439));
#1522=DIRECTION('',(-1.,0.,0.));
#1523=DIRECTION('center_axis',(0.,1.,0.));
#1524=DIRECTION('ref_axis',(0.,0.,1.));
#1525=DIRECTION('center_axis',(0.,1.,0.));
#1526=DIRECTION('ref_axis',(-0.597614304667196,0.,0.801783725737274));
#1527=DIRECTION('center_axis',(0.,-1.,0.));
#1528=DIRECTION('ref_axis',(-0.125,0.,-0.992156741649221));
#1529=DIRECTION('center_axis',(0.,1.,0.));
#1530=DIRECTION('ref_axis',(0.993172227163012,0.,-0.11665730663813));
#1531=DIRECTION('',(0.866025403784439,0.,0.5));
#1532=DIRECTION('center_axis',(0.,1.,0.));
#1533=DIRECTION('ref_axis',(-0.0560116357582195,0.,-0.998430116062055));
#1534=DIRECTION('center_axis',(0.,1.,0.));
#1535=DIRECTION('ref_axis',(0.25,0.,0.968245836551854));
#1536=DIRECTION('center_axis',(0.,1.,0.));
#1537=DIRECTION('ref_axis',(-0.836660026534075,0.,-0.547722557505166));
#1538=DIRECTION('',(-3.2263773016431E-16,0.,-1.));
#1539=DIRECTION('center_axis',(0.,1.,0.));
#1540=DIRECTION('ref_axis',(0.,0.,1.));
#1541=DIRECTION('center_axis',(0.,1.,0.));
#1542=DIRECTION('ref_axis',(0.395557922495815,0.,0.918441032375402));
#1543=DIRECTION('center_axis',(0.,-1.,0.));
#1544=DIRECTION('ref_axis',(-0.92173294280422,0.,-0.387825195351556));
#1545=DIRECTION('center_axis',(0.,1.,0.));
#1546=DIRECTION('ref_axis',(0.395557922495815,0.,-0.918441032375402));
#1547=DIRECTION('',(0.866025403784438,0.,-0.5));
#1548=DIRECTION('center_axis',(0.,1.,0.));
#1549=DIRECTION('ref_axis',(-0.892671662292295,0.,-0.450707558556889));
#1550=DIRECTION('center_axis',(0.,1.,0.));
#1551=DIRECTION('ref_axis',(0.963525491562421,0.,0.267616567329817));
#1552=DIRECTION('center_axis',(0.,1.,0.));
#1553=DIRECTION('ref_axis',(-0.892671662292295,0.,0.450707558556889));
#1554=DIRECTION('',(-0.866025403784439,0.,-0.5));
#1555=DIRECTION('center_axis',(0.,1.,0.));
#1556=DIRECTION('ref_axis',(0.,0.,1.));
#1557=DIRECTION('center_axis',(0.,1.,0.));
#1558=DIRECTION('ref_axis',(0.993172227163012,0.,0.116657306638129));
#1559=DIRECTION('center_axis',(0.,-1.,0.));
#1560=DIRECTION('ref_axis',(-0.79673294280422,0.,0.604331546297666));
#1561=DIRECTION('center_axis',(0.,1.,0.));
#1562=DIRECTION('ref_axis',(-0.597614304667198,0.,-0.801783725737273));
#1563=DIRECTION('',(-5.3772955027385E-17,0.,-1.));
#1564=DIRECTION('center_axis',(0.,1.,0.));
#1565=DIRECTION('ref_axis',(-0.836660026534076,0.,0.547722557505166));
#1566=DIRECTION('center_axis',(0.,1.,0.));
#1567=DIRECTION('ref_axis',(0.713525491562421,0.,-0.700629269222037));
#1568=DIRECTION('center_axis',(0.,1.,0.));
#1569=DIRECTION('ref_axis',(-0.056011635758219,0.,0.998430116062055));
#1570=DIRECTION('',(-0.866025403784439,0.,0.5));
#1571=DIRECTION('center_axis',(0.,1.,0.));
#1572=DIRECTION('ref_axis',(0.,0.,1.));
#1573=DIRECTION('center_axis',(0.,1.,0.));
#1574=DIRECTION('ref_axis',(0.597614304667196,0.,-0.801783725737274));
#1575=DIRECTION('center_axis',(0.,-1.,0.));
#1576=DIRECTION('ref_axis',(0.125,0.,0.992156741649221));
#1577=DIRECTION('center_axis',(0.,1.,0.));
#1578=DIRECTION('ref_axis',(-0.993172227163012,0.,0.116657306638129));
#1579=DIRECTION('',(-0.866025403784439,0.,-0.5));
#1580=DIRECTION('center_axis',(0.,1.,0.));
#1581=DIRECTION('ref_axis',(0.056011635758219,0.,0.998430116062055));
#1582=DIRECTION('center_axis',(0.,1.,0.));
#1583=DIRECTION('ref_axis',(-0.25,0.,-0.968245836551854));
#1584=DIRECTION('center_axis',(0.,1.,0.));
#1585=DIRECTION('ref_axis',(0.836660026534076,0.,0.547722557505166));
#1586=DIRECTION('',(-5.3772955027385E-17,0.,1.));
#1587=DIRECTION('center_axis',(0.,1.,0.));
#1588=DIRECTION('ref_axis',(0.,0.,1.));
#1589=DIRECTION('center_axis',(0.,1.,0.));
#1590=DIRECTION('ref_axis',(-0.395557922495816,0.,-0.918441032375402));
#1591=DIRECTION('center_axis',(0.,-1.,0.));
#1592=DIRECTION('ref_axis',(0.92173294280422,0.,0.387825195351556));
#1593=DIRECTION('center_axis',(0.,1.,0.));
#1594=DIRECTION('ref_axis',(-0.395557922495815,0.,0.918441032375403));
#1595=DIRECTION('',(-0.866025403784439,0.,0.5));
#1596=DIRECTION('center_axis',(0.,1.,0.));
#1597=DIRECTION('ref_axis',(0.892671662292294,0.,0.450707558556889));
#1598=DIRECTION('center_axis',(0.,1.,0.));
#1599=DIRECTION('ref_axis',(-0.963525491562421,0.,-0.267616567329818));
#1600=DIRECTION('center_axis',(0.,1.,0.));
#1601=DIRECTION('ref_axis',(0.892671662292295,0.,-0.450707558556889));
#1602=DIRECTION('',(0.866025403784438,0.,0.5));
#1603=DIRECTION('center_axis',(0.,1.,0.));
#1604=DIRECTION('ref_axis',(0.,0.,1.));
#1605=DIRECTION('center_axis',(0.,1.,0.));
#1606=DIRECTION('ref_axis',(-0.993172227163012,0.,-0.11665730663813));
#1607=DIRECTION('center_axis',(0.,-1.,0.));
#1608=DIRECTION('ref_axis',(0.79673294280422,0.,-0.604331546297666));
#1609=DIRECTION('center_axis',(0.,1.,0.));
#1610=DIRECTION('ref_axis',(0.597614304667198,0.,0.801783725737273));
#1611=DIRECTION('',(6.99048415356005E-16,0.,1.));
#1612=DIRECTION('center_axis',(0.,1.,0.));
#1613=DIRECTION('ref_axis',(0.836660026534075,0.,-0.547722557505166));
#1614=DIRECTION('center_axis',(0.,1.,0.));
#1615=DIRECTION('ref_axis',(-0.713525491562421,0.,0.700629269222037));
#1616=DIRECTION('center_axis',(0.,1.,0.));
#1617=DIRECTION('ref_axis',(0.056011635758219,0.,-0.998430116062055));
#1618=DIRECTION('',(0.866025403784438,0.,-0.5));
#1619=DIRECTION('center_axis',(0.,1.,0.));
#1620=DIRECTION('ref_axis',(-0.993172227163012,0.,-0.11665730663813));
#1621=DIRECTION('center_axis',(0.,-1.,0.));
#1622=DIRECTION('ref_axis',(-0.993172227163012,0.,-0.11665730663813));
#1623=DIRECTION('',(0.,-1.,0.));
#1624=DIRECTION('',(0.,1.,0.));
#1625=DIRECTION('center_axis',(0.5,0.,0.866025403784438));
#1626=DIRECTION('ref_axis',(0.866025403784438,0.,-0.5));
#1627=DIRECTION('',(0.,-1.,0.));
#1628=DIRECTION('',(0.866025403784438,0.,-0.5));
#1629=DIRECTION('center_axis',(0.,1.,0.));
#1630=DIRECTION('ref_axis',(0.056011635758219,0.,-0.998430116062055));
#1631=DIRECTION('center_axis',(0.,-1.,0.));
#1632=DIRECTION('ref_axis',(0.056011635758219,0.,-0.998430116062055));
#1633=DIRECTION('',(0.,1.,0.));
#1634=DIRECTION('center_axis',(0.,1.,0.));
#1635=DIRECTION('ref_axis',(-0.713525491562421,0.,0.700629269222037));
#1636=DIRECTION('',(0.,-1.,0.));
#1637=DIRECTION('center_axis',(0.,1.,0.));
#1638=DIRECTION('ref_axis',(-0.713525491562421,0.,0.700629269222037));
#1639=DIRECTION('center_axis',(0.,1.,0.));
#1640=DIRECTION('ref_axis',(0.836660026534075,0.,-0.547722557505166));
#1641=DIRECTION('center_axis',(0.,-1.,0.));
#1642=DIRECTION('ref_axis',(0.836660026534075,0.,-0.547722557505166));
#1643=DIRECTION('',(0.,1.,0.));
#1644=DIRECTION('center_axis',(-1.,0.,6.99048415356005E-16));
#1645=DIRECTION('ref_axis',(6.99048415356005E-16,0.,1.));
#1646=DIRECTION('',(0.,-1.,0.));
#1647=DIRECTION('',(6.99048415356005E-16,0.,1.));
#1648=DIRECTION('center_axis',(0.,1.,0.));
#1649=DIRECTION('ref_axis',(0.597614304667198,0.,0.801783725737273));
#1650=DIRECTION('center_axis',(0.,-1.,0.));
#1651=DIRECTION('ref_axis',(0.597614304667198,0.,0.801783725737273));
#1652=DIRECTION('',(0.,1.,0.));
#1653=DIRECTION('center_axis',(0.,1.,0.));
#1654=DIRECTION('ref_axis',(0.79673294280422,0.,-0.604331546297666));
#1655=DIRECTION('center_axis',(0.,-1.,0.));
#1656=DIRECTION('ref_axis',(0.79673294280422,0.,-0.604331546297666));
#1657=DIRECTION('center_axis',(0.,1.,0.));
#1658=DIRECTION('ref_axis',(-0.395557922495816,0.,-0.918441032375402));
#1659=DIRECTION('center_axis',(0.,-1.,0.));
#1660=DIRECTION('ref_axis',(-0.395557922495816,0.,-0.918441032375402));
#1661=DIRECTION('',(0.,-1.,0.));
#1662=DIRECTION('',(0.,1.,0.));
#1663=DIRECTION('center_axis',(-0.5,0.,0.866025403784438));
#1664=DIRECTION('ref_axis',(0.866025403784438,0.,0.5));
#1665=DIRECTION('',(0.,-1.,0.));
#1666=DIRECTION('',(0.866025403784438,0.,0.5));
#1667=DIRECTION('center_axis',(0.,1.,0.));
#1668=DIRECTION('ref_axis',(0.892671662292295,0.,-0.450707558556889));
#1669=DIRECTION('center_axis',(0.,-1.,0.));
#1670=DIRECTION('ref_axis',(0.892671662292295,0.,-0.450707558556889));
#1671=DIRECTION('',(0.,1.,0.));
#1672=DIRECTION('center_axis',(0.,1.,0.));
#1673=DIRECTION('ref_axis',(-0.963525491562421,0.,-0.267616567329818));
#1674=DIRECTION('',(0.,-1.,0.));
#1675=DIRECTION('center_axis',(0.,1.,0.));
#1676=DIRECTION('ref_axis',(-0.963525491562421,0.,-0.267616567329818));
#1677=DIRECTION('center_axis',(0.,1.,0.));
#1678=DIRECTION('ref_axis',(0.892671662292294,0.,0.450707558556889));
#1679=DIRECTION('center_axis',(0.,-1.,0.));
#1680=DIRECTION('ref_axis',(0.892671662292294,0.,0.450707558556889));
#1681=DIRECTION('',(0.,1.,0.));
#1682=DIRECTION('center_axis',(-0.5,0.,-0.866025403784439));
#1683=DIRECTION('ref_axis',(-0.866025403784439,0.,0.5));
#1684=DIRECTION('',(0.,-1.,0.));
#1685=DIRECTION('',(-0.866025403784439,0.,0.5));
#1686=DIRECTION('center_axis',(0.,1.,0.));
#1687=DIRECTION('ref_axis',(-0.395557922495815,0.,0.918441032375403));
#1688=DIRECTION('center_axis',(0.,-1.,0.));
#1689=DIRECTION('ref_axis',(-0.395557922495815,0.,0.918441032375403));
#1690=DIRECTION('',(0.,1.,0.));
#1691=DIRECTION('center_axis',(0.,1.,0.));
#1692=DIRECTION('ref_axis',(0.92173294280422,0.,0.387825195351556));
#1693=DIRECTION('center_axis',(0.,-1.,0.));
#1694=DIRECTION('ref_axis',(0.92173294280422,0.,0.387825195351556));
#1695=DIRECTION('center_axis',(0.,1.,0.));
#1696=DIRECTION('ref_axis',(0.597614304667196,0.,-0.801783725737274));
#1697=DIRECTION('center_axis',(0.,-1.,0.));
#1698=DIRECTION('ref_axis',(0.597614304667196,0.,-0.801783725737274));
#1699=DIRECTION('',(0.,-1.,0.));
#1700=DIRECTION('',(0.,1.,0.));
#1701=DIRECTION('center_axis',(-1.,0.,-5.3772955027385E-17));
#1702=DIRECTION('ref_axis',(-5.3772955027385E-17,0.,1.));
#1703=DIRECTION('',(0.,-1.,0.));
#1704=DIRECTION('',(-5.3772955027385E-17,0.,1.));
#1705=DIRECTION('center_axis',(0.,1.,0.));
#1706=DIRECTION('ref_axis',(0.836660026534076,0.,0.547722557505166));
#1707=DIRECTION('center_axis',(0.,-1.,0.));
#1708=DIRECTION('ref_axis',(0.836660026534076,0.,0.547722557505166));
#1709=DIRECTION('',(0.,1.,0.));
#1710=DIRECTION('center_axis',(0.,1.,0.));
#1711=DIRECTION('ref_axis',(-0.25,0.,-0.968245836551854));
#1712=DIRECTION('',(0.,-1.,0.));
#1713=DIRECTION('center_axis',(0.,1.,0.));
#1714=DIRECTION('ref_axis',(-0.25,0.,-0.968245836551854));
#1715=DIRECTION('center_axis',(0.,1.,0.));
#1716=DIRECTION('ref_axis',(0.056011635758219,0.,0.998430116062055));
#1717=DIRECTION('center_axis',(0.,-1.,0.));
#1718=DIRECTION('ref_axis',(0.056011635758219,0.,0.998430116062055));
#1719=DIRECTION('',(0.,1.,0.));
#1720=DIRECTION('center_axis',(0.5,0.,-0.866025403784439));
#1721=DIRECTION('ref_axis',(-0.866025403784439,0.,-0.5));
#1722=DIRECTION('',(0.,-1.,0.));
#1723=DIRECTION('',(-0.866025403784439,0.,-0.5));
#1724=DIRECTION('center_axis',(0.,1.,0.));
#1725=DIRECTION('ref_axis',(-0.993172227163012,0.,0.116657306638129));
#1726=DIRECTION('center_axis',(0.,-1.,0.));
#1727=DIRECTION('ref_axis',(-0.993172227163012,0.,0.116657306638129));
#1728=DIRECTION('',(0.,1.,0.));
#1729=DIRECTION('center_axis',(0.,1.,0.));
#1730=DIRECTION('ref_axis',(0.125,0.,0.992156741649221));
#1731=DIRECTION('center_axis',(0.,-1.,0.));
#1732=DIRECTION('ref_axis',(0.125,0.,0.992156741649221));
#1733=DIRECTION('center_axis',(0.,1.,0.));
#1734=DIRECTION('ref_axis',(0.993172227163012,0.,0.116657306638129));
#1735=DIRECTION('center_axis',(0.,-1.,0.));
#1736=DIRECTION('ref_axis',(0.993172227163012,0.,0.116657306638129));
#1737=DIRECTION('',(0.,-1.,0.));
#1738=DIRECTION('',(0.,1.,0.));
#1739=DIRECTION('center_axis',(-0.5,0.,-0.866025403784439));
#1740=DIRECTION('ref_axis',(-0.866025403784438,0.,0.5));
#1741=DIRECTION('',(0.,-1.,0.));
#1742=DIRECTION('',(-0.866025403784439,0.,0.5));
#1743=DIRECTION('center_axis',(0.,1.,0.));
#1744=DIRECTION('ref_axis',(-0.056011635758219,0.,0.998430116062055));
#1745=DIRECTION('center_axis',(0.,-1.,0.));
#1746=DIRECTION('ref_axis',(-0.056011635758219,0.,0.998430116062055));
#1747=DIRECTION('',(0.,1.,0.));
#1748=DIRECTION('center_axis',(0.,1.,0.));
#1749=DIRECTION('ref_axis',(0.713525491562421,0.,-0.700629269222037));
#1750=DIRECTION('',(0.,-1.,0.));
#1751=DIRECTION('center_axis',(0.,1.,0.));
#1752=DIRECTION('ref_axis',(0.713525491562421,0.,-0.700629269222037));
#1753=DIRECTION('center_axis',(0.,1.,0.));
#1754=DIRECTION('ref_axis',(-0.836660026534076,0.,0.547722557505166));
#1755=DIRECTION('center_axis',(0.,-1.,0.));
#1756=DIRECTION('ref_axis',(-0.836660026534076,0.,0.547722557505166));
#1757=DIRECTION('',(0.,1.,0.));
#1758=DIRECTION('center_axis',(1.,0.,-5.3772955027385E-17));
#1759=DIRECTION('ref_axis',(-5.3772955027385E-17,0.,-1.));
#1760=DIRECTION('',(0.,-1.,0.));
#1761=DIRECTION('',(-5.3772955027385E-17,0.,-1.));
#1762=DIRECTION('center_axis',(0.,1.,0.));
#1763=DIRECTION('ref_axis',(-0.597614304667198,0.,-0.801783725737273));
#1764=DIRECTION('center_axis',(0.,-1.,0.));
#1765=DIRECTION('ref_axis',(-0.597614304667198,0.,-0.801783725737273));
#1766=DIRECTION('',(0.,1.,0.));
#1767=DIRECTION('center_axis',(0.,1.,0.));
#1768=DIRECTION('ref_axis',(-0.79673294280422,0.,0.604331546297666));
#1769=DIRECTION('center_axis',(0.,-1.,0.));
#1770=DIRECTION('ref_axis',(-0.79673294280422,0.,0.604331546297666));
#1771=DIRECTION('center_axis',(0.,1.,0.));
#1772=DIRECTION('ref_axis',(0.395557922495815,0.,0.918441032375402));
#1773=DIRECTION('center_axis',(0.,-1.,0.));
#1774=DIRECTION('ref_axis',(0.395557922495815,0.,0.918441032375402));
#1775=DIRECTION('',(0.,-1.,0.));
#1776=DIRECTION('',(0.,1.,0.));
#1777=DIRECTION('center_axis',(0.5,0.,-0.866025403784439));
#1778=DIRECTION('ref_axis',(-0.866025403784439,0.,-0.5));
#1779=DIRECTION('',(0.,-1.,0.));
#1780=DIRECTION('',(-0.866025403784439,0.,-0.5));
#1781=DIRECTION('center_axis',(0.,1.,0.));
#1782=DIRECTION('ref_axis',(-0.892671662292295,0.,0.450707558556889));
#1783=DIRECTION('center_axis',(0.,-1.,0.));
#1784=DIRECTION('ref_axis',(-0.892671662292295,0.,0.450707558556889));
#1785=DIRECTION('',(0.,1.,0.));
#1786=DIRECTION('center_axis',(0.,1.,0.));
#1787=DIRECTION('ref_axis',(0.963525491562421,0.,0.267616567329817));
#1788=DIRECTION('',(0.,-1.,0.));
#1789=DIRECTION('center_axis',(0.,1.,0.));
#1790=DIRECTION('ref_axis',(0.963525491562421,0.,0.267616567329817));
#1791=DIRECTION('center_axis',(0.,1.,0.));
#1792=DIRECTION('ref_axis',(-0.892671662292295,0.,-0.450707558556889));
#1793=DIRECTION('center_axis',(0.,-1.,0.));
#1794=DIRECTION('ref_axis',(-0.892671662292295,0.,-0.450707558556889));
#1795=DIRECTION('',(0.,1.,0.));
#1796=DIRECTION('center_axis',(0.5,0.,0.866025403784439));
#1797=DIRECTION('ref_axis',(0.866025403784438,0.,-0.5));
#1798=DIRECTION('',(0.,-1.,0.));
#1799=DIRECTION('',(0.866025403784438,0.,-0.5));
#1800=DIRECTION('center_axis',(0.,1.,0.));
#1801=DIRECTION('ref_axis',(0.395557922495815,0.,-0.918441032375402));
#1802=DIRECTION('center_axis',(0.,-1.,0.));
#1803=DIRECTION('ref_axis',(0.395557922495815,0.,-0.918441032375402));
#1804=DIRECTION('',(0.,1.,0.));
#1805=DIRECTION('center_axis',(0.,1.,0.));
#1806=DIRECTION('ref_axis',(-0.92173294280422,0.,-0.387825195351556));
#1807=DIRECTION('center_axis',(0.,-1.,0.));
#1808=DIRECTION('ref_axis',(-0.92173294280422,0.,-0.387825195351556));
#1809=DIRECTION('center_axis',(0.,1.,0.));
#1810=DIRECTION('ref_axis',(-0.597614304667196,0.,0.801783725737274));
#1811=DIRECTION('center_axis',(0.,-1.,0.));
#1812=DIRECTION('ref_axis',(-0.597614304667196,0.,0.801783725737274));
#1813=DIRECTION('',(0.,-1.,0.));
#1814=DIRECTION('',(0.,1.,0.));
#1815=DIRECTION('center_axis',(1.,0.,-3.2263773016431E-16));
#1816=DIRECTION('ref_axis',(-3.2263773016431E-16,0.,-1.));
#1817=DIRECTION('',(0.,-1.,0.));
#1818=DIRECTION('',(-3.2263773016431E-16,0.,-1.));
#1819=DIRECTION('center_axis',(0.,1.,0.));
#1820=DIRECTION('ref_axis',(-0.836660026534075,0.,-0.547722557505166));
#1821=DIRECTION('center_axis',(0.,-1.,0.));
#1822=DIRECTION('ref_axis',(-0.836660026534075,0.,-0.547722557505166));
#1823=DIRECTION('',(0.,1.,0.));
#1824=DIRECTION('center_axis',(0.,1.,0.));
#1825=DIRECTION('ref_axis',(0.25,0.,0.968245836551854));
#1826=DIRECTION('',(0.,-1.,0.));
#1827=DIRECTION('center_axis',(0.,1.,0.));
#1828=DIRECTION('ref_axis',(0.25,0.,0.968245836551854));
#1829=DIRECTION('center_axis',(0.,1.,0.));
#1830=DIRECTION('ref_axis',(-0.0560116357582195,0.,-0.998430116062055));
#1831=DIRECTION('center_axis',(0.,-1.,0.));
#1832=DIRECTION('ref_axis',(-0.0560116357582195,0.,-0.998430116062055));
#1833=DIRECTION('',(0.,1.,0.));
#1834=DIRECTION('center_axis',(-0.5,0.,0.866025403784439));
#1835=DIRECTION('ref_axis',(0.866025403784439,0.,0.5));
#1836=DIRECTION('',(0.,-1.,0.));
#1837=DIRECTION('',(0.866025403784439,0.,0.5));
#1838=DIRECTION('center_axis',(0.,1.,0.));
#1839=DIRECTION('ref_axis',(0.993172227163012,0.,-0.11665730663813));
#1840=DIRECTION('center_axis',(0.,-1.,0.));
#1841=DIRECTION('ref_axis',(0.993172227163012,0.,-0.11665730663813));
#1842=DIRECTION('',(0.,1.,0.));
#1843=DIRECTION('center_axis',(0.,1.,0.));
#1844=DIRECTION('ref_axis',(-0.125,0.,-0.992156741649221));
#1845=DIRECTION('center_axis',(0.,-1.,0.));
#1846=DIRECTION('ref_axis',(-0.125,0.,-0.992156741649221));
#1847=DIRECTION('center_axis',(-0.866025403784439,0.,-0.5));
#1848=DIRECTION('ref_axis',(-0.5,0.,0.866025403784438));
#1849=DIRECTION('',(-0.5,0.,0.866025403784439));
#1850=DIRECTION('',(0.,1.,0.));
#1851=DIRECTION('',(0.,1.,0.));
#1852=DIRECTION('center_axis',(-0.866025403784439,0.,0.5));
#1853=DIRECTION('ref_axis',(0.5,0.,0.866025403784439));
#1854=DIRECTION('',(0.5,0.,0.866025403784439));
#1855=DIRECTION('',(0.,1.,0.));
#1856=DIRECTION('center_axis',(-2.0241712488248E-16,0.,1.));
#1857=DIRECTION('ref_axis',(1.,0.,2.0241712488248E-16));
#1858=DIRECTION('',(1.,0.,2.0241712488248E-16));
#1859=DIRECTION('',(0.,1.,0.));
#1860=DIRECTION('center_axis',(0.866025403784438,0.,0.5));
#1861=DIRECTION('ref_axis',(0.5,0.,-0.866025403784438));
#1862=DIRECTION('',(0.5,0.,-0.866025403784438));
#1863=DIRECTION('',(0.,1.,0.));
#1864=DIRECTION('center_axis',(0.866025403784439,0.,-0.5));
#1865=DIRECTION('ref_axis',(-0.5,0.,-0.866025403784439));
#1866=DIRECTION('',(-0.5,0.,-0.866025403784439));
#1867=DIRECTION('',(0.,1.,0.));
#1868=DIRECTION('center_axis',(0.,0.,-1.));
#1869=DIRECTION('ref_axis',(-1.,0.,0.));
#1870=DIRECTION('',(-1.,0.,0.));
#1871=DIRECTION('center_axis',(0.,1.,0.));
#1872=DIRECTION('ref_axis',(0.,0.,1.));
#1873=CARTESIAN_POINT('',(0.,0.,0.));
#1874=CARTESIAN_POINT('Origin',(0.,0.618110236220472,0.));
#1875=CARTESIAN_POINT('',(-1.,0.0787401574803147,-1.22464679914735E-16));
#1876=CARTESIAN_POINT('Origin',(0.,0.0787401574803147,0.));
#1877=CARTESIAN_POINT('',(-1.,0.118110236220472,0.));
#1878=CARTESIAN_POINT('',(-1.,0.618110236220472,-1.22464679914735E-16));
#1879=CARTESIAN_POINT('Origin',(0.,0.118110236220472,0.));
#1880=CARTESIAN_POINT('Origin',(0.,0.0787401574803147,0.));
#1881=CARTESIAN_POINT('',(-0.344249999999999,0.0787401574803147,-0.596258490505586));
#1882=CARTESIAN_POINT('Origin',(-0.299999999999999,0.0787401574803147,-0.519615242270663));
#1883=CARTESIAN_POINT('',(0.34425,0.0787401574803147,-0.596258490505586));
#1884=CARTESIAN_POINT('Origin',(0.3,0.0787401574803147,-0.519615242270663));
#1885=CARTESIAN_POINT('',(0.6885,0.0787401574803147,2.67810371181301E-16));
#1886=CARTESIAN_POINT('Origin',(0.6,0.0787401574803147,2.62257407391769E-16));
#1887=CARTESIAN_POINT('',(0.34425,0.0787401574803147,0.596258490505586));
#1888=CARTESIAN_POINT('Origin',(0.3,0.0787401574803147,0.519615242270663));
#1889=CARTESIAN_POINT('',(-0.34425,0.0787401574803147,0.596258490505586));
#1890=CARTESIAN_POINT('Origin',(-0.3,0.0787401574803147,0.519615242270663));
#1891=CARTESIAN_POINT('',(-0.6885,0.0787401574803147,-2.10441563314351E-16));
#1892=CARTESIAN_POINT('Origin',(-0.6,0.0787401574803147,-2.21279687486805E-16));
#1893=CARTESIAN_POINT('Origin',(-0.299999999999999,0.618110236220472,-0.519615242270663));
#1894=CARTESIAN_POINT('',(-0.344249999999999,0.618110236220472,-0.596258490505586));
#1895=CARTESIAN_POINT('Origin',(-0.299999999999999,0.618110236220472,-0.519615242270663));
#1896=CARTESIAN_POINT('',(-0.344249999999999,0.618110236220472,-0.596258490505586));
#1897=CARTESIAN_POINT('Origin',(0.3,0.618110236220472,-0.519615242270663));
#1898=CARTESIAN_POINT('',(0.34425,0.618110236220472,-0.596258490505586));
#1899=CARTESIAN_POINT('Origin',(0.3,0.618110236220472,-0.519615242270663));
#1900=CARTESIAN_POINT('',(0.34425,0.618110236220472,-0.596258490505586));
#1901=CARTESIAN_POINT('Origin',(0.6,0.618110236220472,2.62257407391769E-16));
#1902=CARTESIAN_POINT('',(0.6885,0.618110236220472,2.89486619526209E-16));
#1903=CARTESIAN_POINT('Origin',(0.6,0.618110236220472,2.62257407391769E-16));
#1904=CARTESIAN_POINT('',(0.6885,0.618110236220472,2.89486619526209E-16));
#1905=CARTESIAN_POINT('Origin',(0.3,0.618110236220472,0.519615242270663));
#1906=CARTESIAN_POINT('',(0.34425,0.618110236220472,0.596258490505586));
#1907=CARTESIAN_POINT('Origin',(0.3,0.618110236220472,0.519615242270663));
#1908=CARTESIAN_POINT('',(0.34425,0.618110236220472,0.596258490505586));
#1909=CARTESIAN_POINT('Origin',(-0.3,0.618110236220472,0.519615242270663));
#1910=CARTESIAN_POINT('',(-0.34425,0.618110236220472,0.596258490505586));
#1911=CARTESIAN_POINT('Origin',(-0.3,0.618110236220472,0.519615242270663));
#1912=CARTESIAN_POINT('',(-0.34425,0.618110236220472,0.596258490505586));
#1913=CARTESIAN_POINT('Origin',(-0.6,0.618110236220472,-2.21279687486805E-16));
#1914=CARTESIAN_POINT('',(-0.6885,0.618110236220472,-2.32117811659259E-16));
#1915=CARTESIAN_POINT('Origin',(-0.6,0.618110236220472,-2.21279687486805E-16));
#1916=CARTESIAN_POINT('',(-0.6885,0.618110236220472,-2.32117811659259E-16));
#1917=CARTESIAN_POINT('Origin',(0.,0.618110236220472,0.));
#1918=CARTESIAN_POINT('',(0.215938092807144,0.618110236220472,1.63910879619856E-17));
#1919=CARTESIAN_POINT('',(0.107969046403572,0.618110236220472,0.187007874015748));
#1920=CARTESIAN_POINT('',(0.215938092807143,0.618110236220472,1.63910879619856E-17));
#1921=CARTESIAN_POINT('',(0.107969046403572,0.618110236220472,-0.187007874015748));
#1922=CARTESIAN_POINT('',(0.107969046403572,0.618110236220472,-0.187007874015748));
#1923=CARTESIAN_POINT('',(-0.107969046403572,0.618110236220472,-0.187007874015748));
#1924=CARTESIAN_POINT('',(-0.107969046403572,0.618110236220472,-0.187007874015748));
#1925=CARTESIAN_POINT('',(-0.215938092807144,0.618110236220472,-8.91702944843036E-17));
#1926=CARTESIAN_POINT('',(-0.215938092807143,0.618110236220472,-8.91702944843036E-17));
#1927=CARTESIAN_POINT('',(-0.107969046403572,0.618110236220472,0.187007874015748));
#1928=CARTESIAN_POINT('',(-0.107969046403572,0.618110236220472,0.187007874015748));
#1929=CARTESIAN_POINT('',(0.107969046403572,0.618110236220472,0.187007874015748));
#1930=CARTESIAN_POINT('Origin',(0.,0.618110236220472,0.));
#1931=CARTESIAN_POINT('',(0.1,0.618110236220472,0.670820393249937));
#1932=CARTESIAN_POINT('',(0.228571428571429,0.618110236220472,0.766651877999928));
#1933=CARTESIAN_POINT('Origin',(0.2,0.618110236220472,0.670820393249937));
#1934=CARTESIAN_POINT('',(0.549654287921271,0.618110236220472,0.581274602722121));
#1935=CARTESIAN_POINT('Origin',(0.,0.618110236220472,0.));
#1936=CARTESIAN_POINT('',(0.530947501931113,0.618110236220472,0.422012737003412));
#1937=CARTESIAN_POINT('Origin',(0.480947501931113,0.618110236220472,0.508615277381856));
#1938=CARTESIAN_POINT('',(0.346862696659689,0.618110236220472,0.315731325126236));
#1939=CARTESIAN_POINT('',(0.285410196624968,0.618110236220472,0.280251707688815));
#1940=CARTESIAN_POINT('',(0.237490157327751,0.618110236220472,0.321867092403744));
#1941=CARTESIAN_POINT('Origin',(0.296862696659689,0.618110236220472,0.40233386550468));
#1942=CARTESIAN_POINT('',(0.16,0.618110236220472,0.366606055596467));
#1943=CARTESIAN_POINT('Origin',(0.,0.618110236220472,0.));
#1944=CARTESIAN_POINT('',(0.1,0.618110236220472,0.458257569495584));
#1945=CARTESIAN_POINT('Origin',(0.2,0.618110236220472,0.458257569495584));
#1946=CARTESIAN_POINT('',(0.1,0.618110236220472,0.793725393319377));
#1947=CARTESIAN_POINT('Origin',(0.,0.618110236220472,0.));
#1948=CARTESIAN_POINT('',(0.630947501931112,0.618110236220472,0.248807656246525));
#1949=CARTESIAN_POINT('',(0.7782257164927,0.618110236220472,0.185377275277806));
#1950=CARTESIAN_POINT('Origin',(0.680947501931113,0.618110236220472,0.162205115868081));
#1951=CARTESIAN_POINT('',(0.7782257164927,0.618110236220472,-0.185377275277807));
#1952=CARTESIAN_POINT('Origin',(0.,0.618110236220472,0.));
#1953=CARTESIAN_POINT('',(0.630947501931112,0.618110236220472,-0.248807656246525));
#1954=CARTESIAN_POINT('Origin',(0.680947501931113,0.618110236220472,-0.162205115868081));
#1955=CARTESIAN_POINT('',(0.446862696659689,0.618110236220472,-0.142526244369348));
#1956=CARTESIAN_POINT('',(0.385410196624968,0.618110236220472,-0.107046626931927));
#1957=CARTESIAN_POINT('',(0.397490157327751,0.618110236220472,-0.0447389631927235));
#1958=CARTESIAN_POINT('Origin',(0.496862696659689,0.618110236220472,-0.0559237039909043));
#1959=CARTESIAN_POINT('',(0.397490157327751,0.618110236220472,0.0447389631927234));
#1960=CARTESIAN_POINT('Origin',(0.,0.618110236220472,0.));
#1961=CARTESIAN_POINT('',(0.446862696659689,0.618110236220472,0.142526244369348));
#1962=CARTESIAN_POINT('Origin',(0.496862696659689,0.618110236220472,0.0559237039909043));
#1963=CARTESIAN_POINT('',(0.737386354243376,0.618110236220472,0.310260156281245));
#1964=CARTESIAN_POINT('Origin',(0.,0.618110236220472,0.));
#1965=CARTESIAN_POINT('',(0.530947501931113,0.618110236220472,-0.422012737003412));
#1966=CARTESIAN_POINT('',(0.549654287921271,0.618110236220472,-0.581274602722121));
#1967=CARTESIAN_POINT('Origin',(0.480947501931113,0.618110236220472,-0.508615277381856));
#1968=CARTESIAN_POINT('',(0.228571428571429,0.618110236220472,-0.766651877999928));
#1969=CARTESIAN_POINT('Origin',(0.,0.618110236220472,0.));
#1970=CARTESIAN_POINT('',(0.1,0.618110236220472,-0.670820393249937));
#1971=CARTESIAN_POINT('Origin',(0.2,0.618110236220472,-0.670820393249937));
#1972=CARTESIAN_POINT('',(0.1,0.618110236220472,-0.458257569495584));
#1973=CARTESIAN_POINT('',(0.1,0.618110236220472,-0.387298334620742));
#1974=CARTESIAN_POINT('',(0.16,0.618110236220472,-0.366606055596467));
#1975=CARTESIAN_POINT('Origin',(0.2,0.618110236220472,-0.458257569495584));
#1976=CARTESIAN_POINT('',(0.237490157327751,0.618110236220472,-0.321867092403744));
#1977=CARTESIAN_POINT('Origin',(0.,0.618110236220472,0.));
#1978=CARTESIAN_POINT('',(0.346862696659689,0.618110236220472,-0.315731325126236));
#1979=CARTESIAN_POINT('Origin',(0.296862696659689,0.618110236220472,-0.40233386550468));
#1980=CARTESIAN_POINT('',(0.637386354243376,0.618110236220472,-0.483465237038132));
#1981=CARTESIAN_POINT('Origin',(0.,0.618110236220472,0.));
#1982=CARTESIAN_POINT('',(-0.1,0.618110236220472,-0.670820393249937));
#1983=CARTESIAN_POINT('',(-0.228571428571428,0.618110236220472,-0.766651877999928));
#1984=CARTESIAN_POINT('Origin',(-0.2,0.618110236220472,-0.670820393249937));
#1985=CARTESIAN_POINT('',(-0.549654287921271,0.618110236220472,-0.581274602722121));
#1986=CARTESIAN_POINT('Origin',(0.,0.618110236220472,0.));
#1987=CARTESIAN_POINT('',(-0.530947501931113,0.618110236220472,-0.422012737003412));
#1988=CARTESIAN_POINT('Origin',(-0.480947501931112,0.618110236220472,-0.508615277381856));
#1989=CARTESIAN_POINT('',(-0.346862696659688,0.618110236220472,-0.315731325126236));
#1990=CARTESIAN_POINT('',(-0.285410196624968,0.618110236220472,-0.280251707688815));
#1991=CARTESIAN_POINT('',(-0.237490157327751,0.618110236220472,-0.321867092403744));
#1992=CARTESIAN_POINT('Origin',(-0.296862696659688,0.618110236220472,-0.40233386550468));
#1993=CARTESIAN_POINT('',(-0.16,0.618110236220472,-0.366606055596467));
#1994=CARTESIAN_POINT('Origin',(0.,0.618110236220472,0.));
#1995=CARTESIAN_POINT('',(-0.1,0.618110236220472,-0.458257569495584));
#1996=CARTESIAN_POINT('Origin',(-0.2,0.618110236220472,-0.458257569495584));
#1997=CARTESIAN_POINT('',(-0.1,0.618110236220472,-0.793725393319377));
#1998=CARTESIAN_POINT('Origin',(0.,0.618110236220472,0.));
#1999=CARTESIAN_POINT('',(-0.630947501931112,0.618110236220472,-0.248807656246525));
#2000=CARTESIAN_POINT('',(-0.7782257164927,0.618110236220472,-0.185377275277807));
#2001=CARTESIAN_POINT('Origin',(-0.680947501931112,0.618110236220472,-0.162205115868081));
#2002=CARTESIAN_POINT('',(-0.7782257164927,0.618110236220472,0.185377275277806));
#2003=CARTESIAN_POINT('Origin',(0.,0.618110236220472,0.));
#2004=CARTESIAN_POINT('',(-0.630947501931112,0.618110236220472,0.248807656246525));
#2005=CARTESIAN_POINT('Origin',(-0.680947501931113,0.618110236220472,0.16220511586808));
#2006=CARTESIAN_POINT('',(-0.446862696659689,0.618110236220472,0.142526244369348));
#2007=CARTESIAN_POINT('',(-0.385410196624968,0.618110236220472,0.107046626931927));
#2008=CARTESIAN_POINT('',(-0.397490157327751,0.618110236220472,0.0447389631927233));
#2009=CARTESIAN_POINT('Origin',(-0.496862696659689,0.618110236220472,0.0559237039909041));
#2010=CARTESIAN_POINT('',(-0.397490157327751,0.618110236220472,-0.0447389631927235));
#2011=CARTESIAN_POINT('Origin',(0.,0.618110236220472,0.));
#2012=CARTESIAN_POINT('',(-0.446862696659689,0.618110236220472,-0.142526244369348));
#2013=CARTESIAN_POINT('Origin',(-0.496862696659689,0.618110236220472,-0.0559237039909043));
#2014=CARTESIAN_POINT('',(-0.737386354243376,0.618110236220472,-0.310260156281245));
#2015=CARTESIAN_POINT('Origin',(0.,0.618110236220472,0.));
#2016=CARTESIAN_POINT('',(-0.530947501931112,0.618110236220472,0.422012737003412));
#2017=CARTESIAN_POINT('',(-0.549654287921271,0.618110236220472,0.581274602722122));
#2018=CARTESIAN_POINT('Origin',(-0.480947501931112,0.618110236220472,0.508615277381856));
#2019=CARTESIAN_POINT('',(-0.228571428571428,0.618110236220472,0.766651877999928));
#2020=CARTESIAN_POINT('Origin',(0.,0.618110236220472,0.));
#2021=CARTESIAN_POINT('',(-0.0999999999999997,0.618110236220472,0.670820393249937));
#2022=CARTESIAN_POINT('Origin',(-0.2,0.618110236220472,0.670820393249937));
#2023=CARTESIAN_POINT('',(-0.0999999999999998,0.618110236220472,0.458257569495584));
#2024=CARTESIAN_POINT('',(-0.0999999999999999,0.618110236220472,0.387298334620742));
#2025=CARTESIAN_POINT('',(-0.16,0.618110236220472,0.366606055596467));
#2026=CARTESIAN_POINT('Origin',(-0.2,0.618110236220472,0.458257569495584));
#2027=CARTESIAN_POINT('',(-0.237490157327751,0.618110236220472,0.321867092403744));
#2028=CARTESIAN_POINT('Origin',(0.,0.618110236220472,0.));
#2029=CARTESIAN_POINT('',(-0.346862696659688,0.618110236220472,0.315731325126236));
#2030=CARTESIAN_POINT('Origin',(-0.296862696659688,0.618110236220472,0.40233386550468));
#2031=CARTESIAN_POINT('',(-0.637386354243376,0.618110236220472,0.483465237038133));
#2032=CARTESIAN_POINT('Origin',(-0.480947501931112,0.118110236220472,0.508615277381856));
#2033=CARTESIAN_POINT('',(-0.549654287921271,0.118110236220472,0.581274602722122));
#2034=CARTESIAN_POINT('',(-0.530947501931112,0.118110236220472,0.422012737003412));
#2035=CARTESIAN_POINT('Origin',(-0.480947501931112,0.118110236220472,0.508615277381856));
#2036=CARTESIAN_POINT('',(-0.549654287921271,0.118110236220472,0.581274602722122));
#2037=CARTESIAN_POINT('',(-0.530947501931112,0.118110236220472,0.422012737003412));
#2038=CARTESIAN_POINT('Origin',(-0.637386354243376,0.118110236220472,0.483465237038133));
#2039=CARTESIAN_POINT('',(-0.346862696659688,0.118110236220472,0.315731325126236));
#2040=CARTESIAN_POINT('',(-0.346862696659688,0.118110236220472,0.315731325126236));
#2041=CARTESIAN_POINT('',(-0.637386354243376,0.118110236220472,0.483465237038133));
#2042=CARTESIAN_POINT('Origin',(-0.296862696659688,0.118110236220472,0.40233386550468));
#2043=CARTESIAN_POINT('',(-0.237490157327751,0.118110236220472,0.321867092403744));
#2044=CARTESIAN_POINT('Origin',(-0.296862696659688,0.118110236220472,0.40233386550468));
#2045=CARTESIAN_POINT('',(-0.237490157327751,0.118110236220472,0.321867092403744));
#2046=CARTESIAN_POINT('Origin',(0.,0.118110236220472,0.));
#2047=CARTESIAN_POINT('',(-0.16,0.118110236220472,0.366606055596467));
#2048=CARTESIAN_POINT('',(-0.16,0.118110236220472,0.366606055596467));
#2049=CARTESIAN_POINT('Origin',(0.,0.118110236220472,0.));
#2050=CARTESIAN_POINT('Origin',(-0.2,0.118110236220472,0.458257569495584));
#2051=CARTESIAN_POINT('',(-0.0999999999999998,0.118110236220472,0.458257569495584));
#2052=CARTESIAN_POINT('Origin',(-0.2,0.118110236220472,0.458257569495584));
#2053=CARTESIAN_POINT('',(-0.0999999999999998,0.118110236220472,0.458257569495584));
#2054=CARTESIAN_POINT('Origin',(-0.0999999999999999,0.118110236220472,0.387298334620742));
#2055=CARTESIAN_POINT('',(-0.0999999999999997,0.118110236220472,0.670820393249937));
#2056=CARTESIAN_POINT('',(-0.0999999999999997,0.118110236220472,0.670820393249937));
#2057=CARTESIAN_POINT('',(-0.0999999999999999,0.118110236220472,0.387298334620742));
#2058=CARTESIAN_POINT('Origin',(-0.2,0.118110236220472,0.670820393249937));
#2059=CARTESIAN_POINT('',(-0.228571428571428,0.118110236220472,0.766651877999928));
#2060=CARTESIAN_POINT('Origin',(-0.2,0.118110236220472,0.670820393249937));
#2061=CARTESIAN_POINT('',(-0.228571428571428,0.118110236220472,0.766651877999928));
#2062=CARTESIAN_POINT('Origin',(0.,0.118110236220472,0.));
#2063=CARTESIAN_POINT('Origin',(0.,0.118110236220472,0.));
#2064=CARTESIAN_POINT('Origin',(-0.680947501931112,0.118110236220472,-0.162205115868081));
#2065=CARTESIAN_POINT('',(-0.7782257164927,0.118110236220472,-0.185377275277807));
#2066=CARTESIAN_POINT('',(-0.630947501931112,0.118110236220472,-0.248807656246525));
#2067=CARTESIAN_POINT('Origin',(-0.680947501931112,0.118110236220472,-0.162205115868081));
#2068=CARTESIAN_POINT('',(-0.7782257164927,0.118110236220472,-0.185377275277807));
#2069=CARTESIAN_POINT('',(-0.630947501931112,0.118110236220472,-0.248807656246525));
#2070=CARTESIAN_POINT('Origin',(-0.737386354243376,0.118110236220472,-0.310260156281245));
#2071=CARTESIAN_POINT('',(-0.446862696659689,0.118110236220472,-0.142526244369348));
#2072=CARTESIAN_POINT('',(-0.446862696659689,0.118110236220472,-0.142526244369348));
#2073=CARTESIAN_POINT('',(-0.737386354243376,0.118110236220472,-0.310260156281245));
#2074=CARTESIAN_POINT('Origin',(-0.496862696659689,0.118110236220472,-0.0559237039909043));
#2075=CARTESIAN_POINT('',(-0.397490157327751,0.118110236220472,-0.0447389631927235));
#2076=CARTESIAN_POINT('Origin',(-0.496862696659689,0.118110236220472,-0.0559237039909043));
#2077=CARTESIAN_POINT('',(-0.397490157327751,0.118110236220472,-0.0447389631927235));
#2078=CARTESIAN_POINT('Origin',(0.,0.118110236220472,0.));
#2079=CARTESIAN_POINT('',(-0.397490157327751,0.118110236220472,0.0447389631927233));
#2080=CARTESIAN_POINT('',(-0.397490157327751,0.118110236220472,0.0447389631927233));
#2081=CARTESIAN_POINT('Origin',(0.,0.118110236220472,0.));
#2082=CARTESIAN_POINT('Origin',(-0.496862696659689,0.118110236220472,0.0559237039909041));
#2083=CARTESIAN_POINT('',(-0.446862696659689,0.118110236220472,0.142526244369348));
#2084=CARTESIAN_POINT('Origin',(-0.496862696659689,0.118110236220472,0.0559237039909041));
#2085=CARTESIAN_POINT('',(-0.446862696659689,0.118110236220472,0.142526244369348));
#2086=CARTESIAN_POINT('Origin',(-0.385410196624968,0.118110236220472,0.107046626931927));
#2087=CARTESIAN_POINT('',(-0.630947501931112,0.118110236220472,0.248807656246525));
#2088=CARTESIAN_POINT('',(-0.630947501931112,0.118110236220472,0.248807656246525));
#2089=CARTESIAN_POINT('',(-0.385410196624968,0.118110236220472,0.107046626931927));
#2090=CARTESIAN_POINT('Origin',(-0.680947501931113,0.118110236220472,0.16220511586808));
#2091=CARTESIAN_POINT('',(-0.7782257164927,0.118110236220472,0.185377275277806));
#2092=CARTESIAN_POINT('Origin',(-0.680947501931113,0.118110236220472,0.16220511586808));
#2093=CARTESIAN_POINT('',(-0.7782257164927,0.118110236220472,0.185377275277806));
#2094=CARTESIAN_POINT('Origin',(0.,0.118110236220472,0.));
#2095=CARTESIAN_POINT('Origin',(0.,0.118110236220472,0.));
#2096=CARTESIAN_POINT('Origin',(-0.2,0.118110236220472,-0.670820393249937));
#2097=CARTESIAN_POINT('',(-0.228571428571428,0.118110236220472,-0.766651877999928));
#2098=CARTESIAN_POINT('',(-0.1,0.118110236220472,-0.670820393249937));
#2099=CARTESIAN_POINT('Origin',(-0.2,0.118110236220472,-0.670820393249937));
#2100=CARTESIAN_POINT('',(-0.228571428571428,0.118110236220472,-0.766651877999928));
#2101=CARTESIAN_POINT('',(-0.1,0.118110236220472,-0.670820393249937));
#2102=CARTESIAN_POINT('Origin',(-0.1,0.118110236220472,-0.793725393319377));
#2103=CARTESIAN_POINT('',(-0.1,0.118110236220472,-0.458257569495584));
#2104=CARTESIAN_POINT('',(-0.1,0.118110236220472,-0.458257569495584));
#2105=CARTESIAN_POINT('',(-0.1,0.118110236220472,-0.793725393319377));
#2106=CARTESIAN_POINT('Origin',(-0.2,0.118110236220472,-0.458257569495584));
#2107=CARTESIAN_POINT('',(-0.16,0.118110236220472,-0.366606055596467));
#2108=CARTESIAN_POINT('Origin',(-0.2,0.118110236220472,-0.458257569495584));
#2109=CARTESIAN_POINT('',(-0.16,0.118110236220472,-0.366606055596467));
#2110=CARTESIAN_POINT('Origin',(0.,0.118110236220472,0.));
#2111=CARTESIAN_POINT('',(-0.237490157327751,0.118110236220472,-0.321867092403744));
#2112=CARTESIAN_POINT('',(-0.237490157327751,0.118110236220472,-0.321867092403744));
#2113=CARTESIAN_POINT('Origin',(0.,0.118110236220472,0.));
#2114=CARTESIAN_POINT('Origin',(-0.296862696659688,0.118110236220472,-0.40233386550468));
#2115=CARTESIAN_POINT('',(-0.346862696659688,0.118110236220472,-0.315731325126236));
#2116=CARTESIAN_POINT('Origin',(-0.296862696659688,0.118110236220472,-0.40233386550468));
#2117=CARTESIAN_POINT('',(-0.346862696659688,0.118110236220472,-0.315731325126236));
#2118=CARTESIAN_POINT('Origin',(-0.285410196624968,0.118110236220472,-0.280251707688815));
#2119=CARTESIAN_POINT('',(-0.530947501931113,0.118110236220472,-0.422012737003412));
#2120=CARTESIAN_POINT('',(-0.530947501931112,0.118110236220472,-0.422012737003412));
#2121=CARTESIAN_POINT('',(-0.285410196624968,0.118110236220472,-0.280251707688815));
#2122=CARTESIAN_POINT('Origin',(-0.480947501931112,0.118110236220472,-0.508615277381856));
#2123=CARTESIAN_POINT('',(-0.549654287921271,0.118110236220472,-0.581274602722121));
#2124=CARTESIAN_POINT('Origin',(-0.480947501931112,0.118110236220472,-0.508615277381856));
#2125=CARTESIAN_POINT('',(-0.549654287921271,0.118110236220472,-0.581274602722121));
#2126=CARTESIAN_POINT('Origin',(0.,0.118110236220472,0.));
#2127=CARTESIAN_POINT('Origin',(0.,0.118110236220472,0.));
#2128=CARTESIAN_POINT('Origin',(0.480947501931113,0.118110236220472,-0.508615277381856));
#2129=CARTESIAN_POINT('',(0.549654287921271,0.118110236220472,-0.581274602722121));
#2130=CARTESIAN_POINT('',(0.530947501931113,0.118110236220472,-0.422012737003412));
#2131=CARTESIAN_POINT('Origin',(0.480947501931113,0.118110236220472,-0.508615277381856));
#2132=CARTESIAN_POINT('',(0.549654287921271,0.118110236220472,-0.581274602722121));
#2133=CARTESIAN_POINT('',(0.530947501931113,0.118110236220472,-0.422012737003412));
#2134=CARTESIAN_POINT('Origin',(0.637386354243376,0.118110236220472,-0.483465237038132));
#2135=CARTESIAN_POINT('',(0.346862696659689,0.118110236220472,-0.315731325126236));
#2136=CARTESIAN_POINT('',(0.346862696659689,0.118110236220472,-0.315731325126236));
#2137=CARTESIAN_POINT('',(0.637386354243376,0.118110236220472,-0.483465237038132));
#2138=CARTESIAN_POINT('Origin',(0.296862696659689,0.118110236220472,-0.40233386550468));
#2139=CARTESIAN_POINT('',(0.237490157327751,0.118110236220472,-0.321867092403744));
#2140=CARTESIAN_POINT('Origin',(0.296862696659689,0.118110236220472,-0.40233386550468));
#2141=CARTESIAN_POINT('',(0.237490157327751,0.118110236220472,-0.321867092403744));
#2142=CARTESIAN_POINT('Origin',(0.,0.118110236220472,0.));
#2143=CARTESIAN_POINT('',(0.16,0.118110236220472,-0.366606055596467));
#2144=CARTESIAN_POINT('',(0.16,0.118110236220472,-0.366606055596467));
#2145=CARTESIAN_POINT('Origin',(0.,0.118110236220472,0.));
#2146=CARTESIAN_POINT('Origin',(0.2,0.118110236220472,-0.458257569495584));
#2147=CARTESIAN_POINT('',(0.1,0.118110236220472,-0.458257569495584));
#2148=CARTESIAN_POINT('Origin',(0.2,0.118110236220472,-0.458257569495584));
#2149=CARTESIAN_POINT('',(0.1,0.118110236220472,-0.458257569495584));
#2150=CARTESIAN_POINT('Origin',(0.1,0.118110236220472,-0.387298334620742));
#2151=CARTESIAN_POINT('',(0.1,0.118110236220472,-0.670820393249937));
#2152=CARTESIAN_POINT('',(0.1,0.118110236220472,-0.670820393249937));
#2153=CARTESIAN_POINT('',(0.1,0.118110236220472,-0.387298334620742));
#2154=CARTESIAN_POINT('Origin',(0.2,0.118110236220472,-0.670820393249937));
#2155=CARTESIAN_POINT('',(0.228571428571429,0.118110236220472,-0.766651877999928));
#2156=CARTESIAN_POINT('Origin',(0.2,0.118110236220472,-0.670820393249937));
#2157=CARTESIAN_POINT('',(0.228571428571429,0.118110236220472,-0.766651877999928));
#2158=CARTESIAN_POINT('Origin',(0.,0.118110236220472,0.));
#2159=CARTESIAN_POINT('Origin',(0.,0.118110236220472,0.));
#2160=CARTESIAN_POINT('Origin',(0.680947501931113,0.118110236220472,0.162205115868081));
#2161=CARTESIAN_POINT('',(0.7782257164927,0.118110236220472,0.185377275277806));
#2162=CARTESIAN_POINT('',(0.630947501931112,0.118110236220472,0.248807656246525));
#2163=CARTESIAN_POINT('Origin',(0.680947501931113,0.118110236220472,0.162205115868081));
#2164=CARTESIAN_POINT('',(0.7782257164927,0.118110236220472,0.185377275277806));
#2165=CARTESIAN_POINT('',(0.630947501931112,0.118110236220472,0.248807656246525));
#2166=CARTESIAN_POINT('Origin',(0.737386354243376,0.118110236220472,0.310260156281245));
#2167=CARTESIAN_POINT('',(0.446862696659689,0.118110236220472,0.142526244369348));
#2168=CARTESIAN_POINT('',(0.446862696659689,0.118110236220472,0.142526244369348));
#2169=CARTESIAN_POINT('',(0.737386354243376,0.118110236220472,0.310260156281245));
#2170=CARTESIAN_POINT('Origin',(0.496862696659689,0.118110236220472,0.0559237039909043));
#2171=CARTESIAN_POINT('',(0.397490157327751,0.118110236220472,0.0447389631927234));
#2172=CARTESIAN_POINT('Origin',(0.496862696659689,0.118110236220472,0.0559237039909043));
#2173=CARTESIAN_POINT('',(0.397490157327751,0.118110236220472,0.0447389631927234));
#2174=CARTESIAN_POINT('Origin',(0.,0.118110236220472,0.));
#2175=CARTESIAN_POINT('',(0.397490157327751,0.118110236220472,-0.0447389631927235));
#2176=CARTESIAN_POINT('',(0.397490157327751,0.118110236220472,-0.0447389631927235));
#2177=CARTESIAN_POINT('Origin',(0.,0.118110236220472,0.));
#2178=CARTESIAN_POINT('Origin',(0.496862696659689,0.118110236220472,-0.0559237039909043));
#2179=CARTESIAN_POINT('',(0.446862696659689,0.118110236220472,-0.142526244369348));
#2180=CARTESIAN_POINT('Origin',(0.496862696659689,0.118110236220472,-0.0559237039909043));
#2181=CARTESIAN_POINT('',(0.446862696659689,0.118110236220472,-0.142526244369348));
#2182=CARTESIAN_POINT('Origin',(0.385410196624968,0.118110236220472,-0.107046626931927));
#2183=CARTESIAN_POINT('',(0.630947501931112,0.118110236220472,-0.248807656246525));
#2184=CARTESIAN_POINT('',(0.630947501931112,0.118110236220472,-0.248807656246525));
#2185=CARTESIAN_POINT('',(0.385410196624968,0.118110236220472,-0.107046626931927));
#2186=CARTESIAN_POINT('Origin',(0.680947501931113,0.118110236220472,-0.162205115868081));
#2187=CARTESIAN_POINT('',(0.7782257164927,0.118110236220472,-0.185377275277807));
#2188=CARTESIAN_POINT('Origin',(0.680947501931113,0.118110236220472,-0.162205115868081));
#2189=CARTESIAN_POINT('',(0.7782257164927,0.118110236220472,-0.185377275277807));
#2190=CARTESIAN_POINT('Origin',(0.,0.118110236220472,0.));
#2191=CARTESIAN_POINT('Origin',(0.,0.118110236220472,0.));
#2192=CARTESIAN_POINT('Origin',(0.2,0.118110236220472,0.670820393249937));
#2193=CARTESIAN_POINT('',(0.228571428571429,0.118110236220472,0.766651877999928));
#2194=CARTESIAN_POINT('',(0.1,0.118110236220472,0.670820393249937));
#2195=CARTESIAN_POINT('Origin',(0.2,0.118110236220472,0.670820393249937));
#2196=CARTESIAN_POINT('',(0.228571428571429,0.118110236220472,0.766651877999928));
#2197=CARTESIAN_POINT('',(0.1,0.118110236220472,0.670820393249937));
#2198=CARTESIAN_POINT('Origin',(0.1,0.118110236220472,0.793725393319377));
#2199=CARTESIAN_POINT('',(0.1,0.118110236220472,0.458257569495584));
#2200=CARTESIAN_POINT('',(0.1,0.118110236220472,0.458257569495584));
#2201=CARTESIAN_POINT('',(0.1,0.118110236220472,0.793725393319377));
#2202=CARTESIAN_POINT('Origin',(0.2,0.118110236220472,0.458257569495584));
#2203=CARTESIAN_POINT('',(0.16,0.118110236220472,0.366606055596467));
#2204=CARTESIAN_POINT('Origin',(0.2,0.118110236220472,0.458257569495584));
#2205=CARTESIAN_POINT('',(0.16,0.118110236220472,0.366606055596467));
#2206=CARTESIAN_POINT('Origin',(0.,0.118110236220472,0.));
#2207=CARTESIAN_POINT('',(0.237490157327751,0.118110236220472,0.321867092403744));
#2208=CARTESIAN_POINT('',(0.237490157327751,0.118110236220472,0.321867092403744));
#2209=CARTESIAN_POINT('Origin',(0.,0.118110236220472,0.));
#2210=CARTESIAN_POINT('Origin',(0.296862696659689,0.118110236220472,0.40233386550468));
#2211=CARTESIAN_POINT('',(0.346862696659689,0.118110236220472,0.315731325126236));
#2212=CARTESIAN_POINT('Origin',(0.296862696659689,0.118110236220472,0.40233386550468));
#2213=CARTESIAN_POINT('',(0.346862696659689,0.118110236220472,0.315731325126236));
#2214=CARTESIAN_POINT('Origin',(0.285410196624968,0.118110236220472,0.280251707688815));
#2215=CARTESIAN_POINT('',(0.530947501931113,0.118110236220472,0.422012737003412));
#2216=CARTESIAN_POINT('',(0.530947501931113,0.118110236220472,0.422012737003412));
#2217=CARTESIAN_POINT('',(0.285410196624968,0.118110236220472,0.280251707688815));
#2218=CARTESIAN_POINT('Origin',(0.480947501931113,0.118110236220472,0.508615277381856));
#2219=CARTESIAN_POINT('',(0.549654287921271,0.118110236220472,0.581274602722121));
#2220=CARTESIAN_POINT('Origin',(0.480947501931113,0.118110236220472,0.508615277381856));
#2221=CARTESIAN_POINT('',(0.549654287921272,0.118110236220472,0.581274602722121));
#2222=CARTESIAN_POINT('Origin',(0.,0.118110236220472,0.));
#2223=CARTESIAN_POINT('Origin',(0.,0.118110236220472,0.));
#2224=CARTESIAN_POINT('Origin',(0.215938092807143,0.118110236220472,1.63910879619856E-17));
#2225=CARTESIAN_POINT('',(0.215938092807143,0.118110236220472,1.63910879619856E-17));
#2226=CARTESIAN_POINT('',(0.107969046403572,0.118110236220472,0.187007874015748));
#2227=CARTESIAN_POINT('',(0.215938092807143,0.118110236220472,1.63910879619856E-17));
#2228=CARTESIAN_POINT('',(0.215938092807143,0.118110236220472,1.63910879619856E-17));
#2229=CARTESIAN_POINT('',(0.107969046403572,0.118110236220472,0.187007874015748));
#2230=CARTESIAN_POINT('Origin',(0.107969046403572,0.118110236220472,-0.187007874015748));
#2231=CARTESIAN_POINT('',(0.107969046403572,0.118110236220472,-0.187007874015748));
#2232=CARTESIAN_POINT('',(0.107969046403572,0.118110236220472,-0.187007874015748));
#2233=CARTESIAN_POINT('',(0.107969046403572,0.118110236220472,-0.187007874015748));
#2234=CARTESIAN_POINT('Origin',(-0.107969046403572,0.118110236220472,-0.187007874015748));
#2235=CARTESIAN_POINT('',(-0.107969046403572,0.118110236220472,-0.187007874015748));
#2236=CARTESIAN_POINT('',(-0.107969046403572,0.118110236220472,-0.187007874015748));
#2237=CARTESIAN_POINT('',(-0.107969046403572,0.118110236220472,-0.187007874015748));
#2238=CARTESIAN_POINT('Origin',(-0.215938092807143,0.118110236220472,-8.91702944843036E-17));
#2239=CARTESIAN_POINT('',(-0.215938092807143,0.118110236220472,-8.91702944843036E-17));
#2240=CARTESIAN_POINT('',(-0.215938092807143,0.118110236220472,-8.91702944843036E-17));
#2241=CARTESIAN_POINT('',(-0.215938092807143,0.118110236220472,-8.91702944843036E-17));
#2242=CARTESIAN_POINT('Origin',(-0.107969046403572,0.118110236220472,0.187007874015748));
#2243=CARTESIAN_POINT('',(-0.107969046403572,0.118110236220472,0.187007874015748));
#2244=CARTESIAN_POINT('',(-0.107969046403572,0.118110236220472,0.187007874015748));
#2245=CARTESIAN_POINT('',(-0.107969046403572,0.118110236220472,0.187007874015748));
#2246=CARTESIAN_POINT('Origin',(0.107969046403572,0.118110236220472,0.187007874015748));
#2247=CARTESIAN_POINT('',(0.107969046403572,0.118110236220472,0.187007874015748));
#2248=CARTESIAN_POINT('Origin',(0.,0.118110236220472,0.));
#2249=UNCERTAINTY_MEASURE_WITH_UNIT(LENGTH_MEASURE(0.000393700787401575),
#2255,'DISTANCE_ACCURACY_VALUE',
'Maximum model space distance between geometric entities at asserted c
onnectivities');
#2250=UNCERTAINTY_MEASURE_WITH_UNIT(LENGTH_MEASURE(0.000393700787401575),
#2255,'DISTANCE_ACCURACY_VALUE',
'Maximum model space distance between geometric entities at asserted c
onnectivities');
#2251=(
GEOMETRIC_REPRESENTATION_CONTEXT(3)
GLOBAL_UNCERTAINTY_ASSIGNED_CONTEXT((#2249))
GLOBAL_UNIT_ASSIGNED_CONTEXT((#2255,#2259,#2260))
REPRESENTATION_CONTEXT('','3D')
);
#2252=(
GEOMETRIC_REPRESENTATION_CONTEXT(3)
GLOBAL_UNCERTAINTY_ASSIGNED_CONTEXT((#2250))
GLOBAL_UNIT_ASSIGNED_CONTEXT((#2255,#2259,#2260))
REPRESENTATION_CONTEXT('','3D')
);
#2253=DIMENSIONAL_EXPONENTS(1.,0.,0.,0.,0.,0.,0.);
#2254=DIMENSIONAL_EXPONENTS(0.,1.,0.,0.,0.,0.,0.);
#2255=(
CONVERSION_BASED_UNIT('inch',#2258)
LENGTH_UNIT()
NAMED_UNIT(#2253)
);
#2256=(
LENGTH_UNIT()
NAMED_UNIT(*)
SI_UNIT(.MILLI.,.METRE.)
);
#2257=(
LENGTH_UNIT()
NAMED_UNIT(*)
SI_UNIT(.CENTI.,.METRE.)
);
#2258=LENGTH_MEASURE_WITH_UNIT(LENGTH_MEASURE(25.4),#2256);
#2259=(
NAMED_UNIT(*)
PLANE_ANGLE_UNIT()
SI_UNIT($,.RADIAN.)
);
#2260=(
NAMED_UNIT(*)
SI_UNIT($,.STERADIAN.)
SOLID_ANGLE_UNIT()
);
#2261=SHAPE_DEFINITION_REPRESENTATION(#2262,#2263);
#2262=PRODUCT_DEFINITION_SHAPE('',$,#2265);
#2263=SHAPE_REPRESENTATION('',(#1305),#2251);
#2264=PRODUCT_DEFINITION_CONTEXT('part definition',#2269,'design');
#2265=PRODUCT_DEFINITION('2in mould inside','2in mould inside',#2266,#2264);
#2266=PRODUCT_DEFINITION_FORMATION('',$,#2271);
#2267=PRODUCT_RELATED_PRODUCT_CATEGORY('2in mould inside',
'2in mould inside',(#2271));
#2268=APPLICATION_PROTOCOL_DEFINITION('international standard',
'automotive_design',2009,#2269);
#2269=APPLICATION_CONTEXT(
'Core Data for Automotive Mechanical Design Process');
#2270=PRODUCT_CONTEXT('part definition',#2269,'mechanical');
#2271=PRODUCT('2in mould inside','2in mould inside',$,(#2270));
#2272=PRESENTATION_STYLE_ASSIGNMENT((#2273));
#2273=SURFACE_STYLE_USAGE(.BOTH.,#2276);
#2274=SURFACE_STYLE_RENDERING_WITH_PROPERTIES($,#2280,(#2275));
#2275=SURFACE_STYLE_TRANSPARENT(0.);
#2276=SURFACE_SIDE_STYLE('',(#2277,#2274));
#2277=SURFACE_STYLE_FILL_AREA(#2278);
#2278=FILL_AREA_STYLE('',(#2279));
#2279=FILL_AREA_STYLE_COLOUR('',#2280);
#2280=COLOUR_RGB('',0.749019607843137,0.749019607843137,0.749019607843137);
ENDSEC;
END-ISO-10303-21;
