ISO-10303-21;
HEADER;
/* Generated by software containing ST-Developer
 * from STEP Tools, Inc. (www.steptools.com) 
 */

FILE_DESCRIPTION(
/* description */ (''),
/* implementation_level */ '2;1');

FILE_NAME(
/* name */ 'front rails.stp',
/* time_stamp */ '2026-01-13T18:46:02+13:00',
/* author */ ('cloudy'),
/* organization */ (''),
/* preprocessor_version */ 'ST-DEVELOPER v20',
/* originating_system */ 'Autodesk Inventor 2025',
/* authorisation */ '');

FILE_SCHEMA (('AUTOMOTIVE_DESIGN { 1 0 10303 214 3 1 1 }'));
ENDSEC;

DATA;
#10=MECHANICAL_DESIGN_GEOMETRIC_PRESENTATION_REPRESENTATION('',(#13),#2126);
#11=SHAPE_REPRESENTATION_RELATIONSHIP('SRR','None',#2137,#12);
#12=ADVANCED_BREP_SHAPE_REPRESENTATION('',(#14),#2125);
#13=STYLED_ITEM('',(#2146),#14);
#14=MANIFOLD_SOLID_BREP('Solid1',#1246);
#15=FACE_BOUND('',#248,.T.);
#16=FACE_BOUND('',#249,.T.);
#17=FACE_BOUND('',#250,.T.);
#18=FACE_BOUND('',#251,.T.);
#19=FACE_BOUND('',#252,.T.);
#20=FACE_BOUND('',#253,.T.);
#21=FACE_BOUND('',#254,.T.);
#22=FACE_BOUND('',#255,.T.);
#23=FACE_BOUND('',#256,.T.);
#24=FACE_BOUND('',#257,.T.);
#25=FACE_BOUND('',#258,.T.);
#26=FACE_BOUND('',#259,.T.);
#27=FACE_BOUND('',#260,.T.);
#28=FACE_BOUND('',#267,.T.);
#29=FACE_BOUND('',#268,.T.);
#30=FACE_BOUND('',#269,.T.);
#31=FACE_BOUND('',#270,.T.);
#32=FACE_BOUND('',#271,.T.);
#33=FACE_BOUND('',#272,.T.);
#34=FACE_BOUND('',#273,.T.);
#35=FACE_BOUND('',#274,.T.);
#36=FACE_BOUND('',#275,.T.);
#37=FACE_BOUND('',#276,.T.);
#38=FACE_BOUND('',#277,.T.);
#39=FACE_BOUND('',#278,.T.);
#40=FACE_BOUND('',#279,.T.);
#41=CIRCLE('',#1270,0.0624999999999999);
#42=CIRCLE('',#1271,0.0624999999999999);
#43=CIRCLE('',#1274,0.0625000000000002);
#44=CIRCLE('',#1275,0.0625000000000002);
#45=CIRCLE('',#1278,0.0624999999999999);
#46=CIRCLE('',#1279,0.0624999999999999);
#47=CIRCLE('',#1282,0.0625000000000002);
#48=CIRCLE('',#1283,0.0625000000000002);
#49=CIRCLE('',#1286,0.0624999999999999);
#50=CIRCLE('',#1287,0.0624999999999999);
#51=CIRCLE('',#1290,0.0625000000000002);
#52=CIRCLE('',#1291,0.0625000000000002);
#53=CIRCLE('',#1294,0.0624999999999999);
#54=CIRCLE('',#1295,0.0624999999999999);
#55=CIRCLE('',#1298,0.0625000000000002);
#56=CIRCLE('',#1299,0.0625000000000002);
#57=CIRCLE('',#1302,0.0624999999999999);
#58=CIRCLE('',#1303,0.0624999999999999);
#59=CIRCLE('',#1306,0.0625000000000002);
#60=CIRCLE('',#1307,0.0625000000000002);
#61=CIRCLE('',#1310,0.0624999999999999);
#62=CIRCLE('',#1311,0.0624999999999999);
#63=CIRCLE('',#1314,0.0625000000000002);
#64=CIRCLE('',#1315,0.0625000000000002);
#65=CIRCLE('',#1318,0.0624999999999999);
#66=CIRCLE('',#1319,0.0624999999999999);
#67=CIRCLE('',#1322,0.0625000000000002);
#68=CIRCLE('',#1323,0.0625000000000002);
#69=CIRCLE('',#1326,0.0624999999999999);
#70=CIRCLE('',#1327,0.0624999999999999);
#71=CIRCLE('',#1330,0.0625000000000002);
#72=CIRCLE('',#1331,0.0625000000000002);
#73=CIRCLE('',#1334,0.0624999999999999);
#74=CIRCLE('',#1335,0.0624999999999999);
#75=CIRCLE('',#1338,0.0625000000000002);
#76=CIRCLE('',#1339,0.0625000000000002);
#77=CIRCLE('',#1342,0.0624999999999999);
#78=CIRCLE('',#1343,0.0624999999999999);
#79=CIRCLE('',#1346,0.0625000000000002);
#80=CIRCLE('',#1347,0.0625000000000002);
#81=CIRCLE('',#1349,4.07675991156448);
#82=CIRCLE('',#1350,4.07675991156448);
#83=CIRCLE('',#1352,3.9272234407732);
#84=CIRCLE('',#1353,3.9272234407732);
#85=CIRCLE('',#1355,3.9272234407732);
#86=CIRCLE('',#1356,3.9272234407732);
#87=CIRCLE('',#1358,0.146093922951014);
#88=CIRCLE('',#1359,3.70175991156448);
#89=CIRCLE('',#1360,0.0393700787401575);
#90=CIRCLE('',#1361,0.1875);
#91=CIRCLE('',#1362,0.086);
#92=CIRCLE('',#1363,0.0859999999999997);
#93=CIRCLE('',#1364,3.76185383451549);
#94=CIRCLE('',#1365,0.0859999999999996);
#95=CIRCLE('',#1366,3.93385383451549);
#96=CIRCLE('',#1367,0.0624999999999999);
#97=CIRCLE('',#1368,0.0625000000000002);
#98=CIRCLE('',#1371,0.0624999999999999);
#99=CIRCLE('',#1374,0.0625000000000002);
#100=CIRCLE('',#1376,0.0393700787401575);
#101=CIRCLE('',#1378,0.1875);
#102=CIRCLE('',#1379,3.70175991156448);
#103=CIRCLE('',#1380,0.146093922951014);
#104=CIRCLE('',#1381,0.086);
#105=CIRCLE('',#1382,0.0859999999999997);
#106=CIRCLE('',#1383,3.93385383451549);
#107=CIRCLE('',#1384,0.0859999999999996);
#108=CIRCLE('',#1385,3.76185383451549);
#109=CYLINDRICAL_SURFACE('',#1269,0.0624999999999999);
#110=CYLINDRICAL_SURFACE('',#1273,0.0625000000000002);
#111=CYLINDRICAL_SURFACE('',#1277,0.0624999999999999);
#112=CYLINDRICAL_SURFACE('',#1281,0.0625000000000002);
#113=CYLINDRICAL_SURFACE('',#1285,0.0624999999999999);
#114=CYLINDRICAL_SURFACE('',#1289,0.0625000000000002);
#115=CYLINDRICAL_SURFACE('',#1293,0.0624999999999999);
#116=CYLINDRICAL_SURFACE('',#1297,0.0625000000000002);
#117=CYLINDRICAL_SURFACE('',#1301,0.0624999999999999);
#118=CYLINDRICAL_SURFACE('',#1305,0.0625000000000002);
#119=CYLINDRICAL_SURFACE('',#1309,0.0624999999999999);
#120=CYLINDRICAL_SURFACE('',#1313,0.0625000000000002);
#121=CYLINDRICAL_SURFACE('',#1317,0.0624999999999999);
#122=CYLINDRICAL_SURFACE('',#1321,0.0625000000000002);
#123=CYLINDRICAL_SURFACE('',#1325,0.0624999999999999);
#124=CYLINDRICAL_SURFACE('',#1329,0.0625000000000002);
#125=CYLINDRICAL_SURFACE('',#1333,0.0624999999999999);
#126=CYLINDRICAL_SURFACE('',#1337,0.0625000000000002);
#127=CYLINDRICAL_SURFACE('',#1341,0.0624999999999999);
#128=CYLINDRICAL_SURFACE('',#1345,0.0625000000000002);
#129=CYLINDRICAL_SURFACE('',#1348,4.07675991156448);
#130=CYLINDRICAL_SURFACE('',#1351,3.9272234407732);
#131=CYLINDRICAL_SURFACE('',#1354,3.9272234407732);
#132=CYLINDRICAL_SURFACE('',#1370,0.0624999999999999);
#133=CYLINDRICAL_SURFACE('',#1373,0.0625000000000002);
#134=CYLINDRICAL_SURFACE('',#1375,0.0393700787401575);
#135=CYLINDRICAL_SURFACE('',#1387,0.086);
#136=CYLINDRICAL_SURFACE('',#1388,3.93385383451549);
#137=CYLINDRICAL_SURFACE('',#1389,0.0859999999999996);
#138=CYLINDRICAL_SURFACE('',#1390,3.76185383451549);
#139=CYLINDRICAL_SURFACE('',#1391,0.0859999999999997);
#140=CYLINDRICAL_SURFACE('',#1393,0.1875);
#141=CYLINDRICAL_SURFACE('',#1395,3.70175991156448);
#142=CYLINDRICAL_SURFACE('',#1396,0.146093922951014);
#143=FACE_OUTER_BOUND('',#204,.T.);
#144=FACE_OUTER_BOUND('',#205,.T.);
#145=FACE_OUTER_BOUND('',#206,.T.);
#146=FACE_OUTER_BOUND('',#207,.T.);
#147=FACE_OUTER_BOUND('',#208,.T.);
#148=FACE_OUTER_BOUND('',#209,.T.);
#149=FACE_OUTER_BOUND('',#210,.T.);
#150=FACE_OUTER_BOUND('',#211,.T.);
#151=FACE_OUTER_BOUND('',#212,.T.);
#152=FACE_OUTER_BOUND('',#213,.T.);
#153=FACE_OUTER_BOUND('',#214,.T.);
#154=FACE_OUTER_BOUND('',#215,.T.);
#155=FACE_OUTER_BOUND('',#216,.T.);
#156=FACE_OUTER_BOUND('',#217,.T.);
#157=FACE_OUTER_BOUND('',#218,.T.);
#158=FACE_OUTER_BOUND('',#219,.T.);
#159=FACE_OUTER_BOUND('',#220,.T.);
#160=FACE_OUTER_BOUND('',#221,.T.);
#161=FACE_OUTER_BOUND('',#222,.T.);
#162=FACE_OUTER_BOUND('',#223,.T.);
#163=FACE_OUTER_BOUND('',#224,.T.);
#164=FACE_OUTER_BOUND('',#225,.T.);
#165=FACE_OUTER_BOUND('',#226,.T.);
#166=FACE_OUTER_BOUND('',#227,.T.);
#167=FACE_OUTER_BOUND('',#228,.T.);
#168=FACE_OUTER_BOUND('',#229,.T.);
#169=FACE_OUTER_BOUND('',#230,.T.);
#170=FACE_OUTER_BOUND('',#231,.T.);
#171=FACE_OUTER_BOUND('',#232,.T.);
#172=FACE_OUTER_BOUND('',#233,.T.);
#173=FACE_OUTER_BOUND('',#234,.T.);
#174=FACE_OUTER_BOUND('',#235,.T.);
#175=FACE_OUTER_BOUND('',#236,.T.);
#176=FACE_OUTER_BOUND('',#237,.T.);
#177=FACE_OUTER_BOUND('',#238,.T.);
#178=FACE_OUTER_BOUND('',#239,.T.);
#179=FACE_OUTER_BOUND('',#240,.T.);
#180=FACE_OUTER_BOUND('',#241,.T.);
#181=FACE_OUTER_BOUND('',#242,.T.);
#182=FACE_OUTER_BOUND('',#243,.T.);
#183=FACE_OUTER_BOUND('',#244,.T.);
#184=FACE_OUTER_BOUND('',#245,.T.);
#185=FACE_OUTER_BOUND('',#246,.T.);
#186=FACE_OUTER_BOUND('',#247,.T.);
#187=FACE_OUTER_BOUND('',#261,.T.);
#188=FACE_OUTER_BOUND('',#262,.T.);
#189=FACE_OUTER_BOUND('',#263,.T.);
#190=FACE_OUTER_BOUND('',#264,.T.);
#191=FACE_OUTER_BOUND('',#265,.T.);
#192=FACE_OUTER_BOUND('',#266,.T.);
#193=FACE_OUTER_BOUND('',#280,.T.);
#194=FACE_OUTER_BOUND('',#281,.T.);
#195=FACE_OUTER_BOUND('',#282,.T.);
#196=FACE_OUTER_BOUND('',#283,.T.);
#197=FACE_OUTER_BOUND('',#284,.T.);
#198=FACE_OUTER_BOUND('',#285,.T.);
#199=FACE_OUTER_BOUND('',#286,.T.);
#200=FACE_OUTER_BOUND('',#287,.T.);
#201=FACE_OUTER_BOUND('',#288,.T.);
#202=FACE_OUTER_BOUND('',#289,.T.);
#203=FACE_OUTER_BOUND('',#290,.T.);
#204=EDGE_LOOP('',(#804,#805,#806,#807));
#205=EDGE_LOOP('',(#808,#809,#810,#811));
#206=EDGE_LOOP('',(#812,#813,#814,#815));
#207=EDGE_LOOP('',(#816,#817,#818,#819));
#208=EDGE_LOOP('',(#820,#821,#822,#823));
#209=EDGE_LOOP('',(#824,#825,#826,#827));
#210=EDGE_LOOP('',(#828,#829,#830,#831));
#211=EDGE_LOOP('',(#832,#833,#834,#835));
#212=EDGE_LOOP('',(#836,#837,#838,#839));
#213=EDGE_LOOP('',(#840,#841,#842,#843));
#214=EDGE_LOOP('',(#844,#845,#846,#847));
#215=EDGE_LOOP('',(#848,#849,#850,#851));
#216=EDGE_LOOP('',(#852,#853,#854,#855));
#217=EDGE_LOOP('',(#856,#857,#858,#859));
#218=EDGE_LOOP('',(#860,#861,#862,#863));
#219=EDGE_LOOP('',(#864,#865,#866,#867));
#220=EDGE_LOOP('',(#868,#869,#870,#871));
#221=EDGE_LOOP('',(#872,#873,#874,#875));
#222=EDGE_LOOP('',(#876,#877,#878,#879));
#223=EDGE_LOOP('',(#880,#881,#882,#883));
#224=EDGE_LOOP('',(#884,#885,#886,#887));
#225=EDGE_LOOP('',(#888,#889,#890,#891));
#226=EDGE_LOOP('',(#892,#893,#894,#895));
#227=EDGE_LOOP('',(#896,#897,#898,#899));
#228=EDGE_LOOP('',(#900,#901,#902,#903));
#229=EDGE_LOOP('',(#904,#905,#906,#907));
#230=EDGE_LOOP('',(#908,#909,#910,#911));
#231=EDGE_LOOP('',(#912,#913,#914,#915));
#232=EDGE_LOOP('',(#916,#917,#918,#919));
#233=EDGE_LOOP('',(#920,#921,#922,#923));
#234=EDGE_LOOP('',(#924,#925,#926,#927));
#235=EDGE_LOOP('',(#928,#929,#930,#931));
#236=EDGE_LOOP('',(#932,#933,#934,#935));
#237=EDGE_LOOP('',(#936,#937,#938,#939));
#238=EDGE_LOOP('',(#940,#941,#942,#943));
#239=EDGE_LOOP('',(#944,#945,#946,#947));
#240=EDGE_LOOP('',(#948,#949,#950,#951));
#241=EDGE_LOOP('',(#952,#953,#954,#955));
#242=EDGE_LOOP('',(#956,#957,#958,#959));
#243=EDGE_LOOP('',(#960,#961,#962,#963));
#244=EDGE_LOOP('',(#964,#965,#966,#967));
#245=EDGE_LOOP('',(#968,#969,#970,#971));
#246=EDGE_LOOP('',(#972,#973,#974,#975));
#247=EDGE_LOOP('',(#976,#977,#978,#979,#980,#981,#982,#983,#984,#985));
#248=EDGE_LOOP('',(#986,#987,#988,#989));
#249=EDGE_LOOP('',(#990,#991,#992,#993));
#250=EDGE_LOOP('',(#994,#995,#996,#997));
#251=EDGE_LOOP('',(#998,#999,#1000,#1001));
#252=EDGE_LOOP('',(#1002,#1003,#1004,#1005));
#253=EDGE_LOOP('',(#1006,#1007,#1008,#1009));
#254=EDGE_LOOP('',(#1010,#1011,#1012,#1013));
#255=EDGE_LOOP('',(#1014,#1015,#1016,#1017));
#256=EDGE_LOOP('',(#1018,#1019,#1020,#1021));
#257=EDGE_LOOP('',(#1022,#1023,#1024,#1025));
#258=EDGE_LOOP('',(#1026));
#259=EDGE_LOOP('',(#1027,#1028,#1029,#1030));
#260=EDGE_LOOP('',(#1031,#1032,#1033,#1034));
#261=EDGE_LOOP('',(#1035,#1036,#1037,#1038));
#262=EDGE_LOOP('',(#1039,#1040,#1041,#1042));
#263=EDGE_LOOP('',(#1043,#1044,#1045,#1046));
#264=EDGE_LOOP('',(#1047,#1048,#1049,#1050));
#265=EDGE_LOOP('',(#1051,#1052,#1053,#1054));
#266=EDGE_LOOP('',(#1055,#1056,#1057,#1058,#1059,#1060,#1061,#1062,#1063,
#1064));
#267=EDGE_LOOP('',(#1065,#1066,#1067,#1068));
#268=EDGE_LOOP('',(#1069,#1070,#1071,#1072));
#269=EDGE_LOOP('',(#1073,#1074,#1075,#1076));
#270=EDGE_LOOP('',(#1077,#1078,#1079,#1080));
#271=EDGE_LOOP('',(#1081,#1082,#1083,#1084));
#272=EDGE_LOOP('',(#1085,#1086,#1087,#1088));
#273=EDGE_LOOP('',(#1089,#1090,#1091,#1092));
#274=EDGE_LOOP('',(#1093,#1094,#1095,#1096));
#275=EDGE_LOOP('',(#1097,#1098,#1099,#1100));
#276=EDGE_LOOP('',(#1101,#1102,#1103,#1104));
#277=EDGE_LOOP('',(#1105,#1106,#1107,#1108));
#278=EDGE_LOOP('',(#1109));
#279=EDGE_LOOP('',(#1110,#1111,#1112,#1113));
#280=EDGE_LOOP('',(#1114,#1115,#1116,#1117));
#281=EDGE_LOOP('',(#1118,#1119,#1120,#1121));
#282=EDGE_LOOP('',(#1122,#1123,#1124,#1125));
#283=EDGE_LOOP('',(#1126,#1127,#1128,#1129));
#284=EDGE_LOOP('',(#1130,#1131,#1132,#1133));
#285=EDGE_LOOP('',(#1134,#1135,#1136,#1137));
#286=EDGE_LOOP('',(#1138,#1139,#1140,#1141));
#287=EDGE_LOOP('',(#1142,#1143,#1144,#1145));
#288=EDGE_LOOP('',(#1146,#1147,#1148,#1149));
#289=EDGE_LOOP('',(#1150,#1151,#1152,#1153));
#290=EDGE_LOOP('',(#1154,#1155,#1156,#1157));
#291=LINE('',#1770,#400);
#292=LINE('',#1772,#401);
#293=LINE('',#1774,#402);
#294=LINE('',#1775,#403);
#295=LINE('',#1781,#404);
#296=LINE('',#1784,#405);
#297=LINE('',#1786,#406);
#298=LINE('',#1787,#407);
#299=LINE('',#1794,#408);
#300=LINE('',#1796,#409);
#301=LINE('',#1798,#410);
#302=LINE('',#1799,#411);
#303=LINE('',#1805,#412);
#304=LINE('',#1808,#413);
#305=LINE('',#1810,#414);
#306=LINE('',#1811,#415);
#307=LINE('',#1818,#416);
#308=LINE('',#1820,#417);
#309=LINE('',#1822,#418);
#310=LINE('',#1823,#419);
#311=LINE('',#1829,#420);
#312=LINE('',#1832,#421);
#313=LINE('',#1834,#422);
#314=LINE('',#1835,#423);
#315=LINE('',#1842,#424);
#316=LINE('',#1844,#425);
#317=LINE('',#1846,#426);
#318=LINE('',#1847,#427);
#319=LINE('',#1853,#428);
#320=LINE('',#1856,#429);
#321=LINE('',#1858,#430);
#322=LINE('',#1859,#431);
#323=LINE('',#1866,#432);
#324=LINE('',#1868,#433);
#325=LINE('',#1870,#434);
#326=LINE('',#1871,#435);
#327=LINE('',#1877,#436);
#328=LINE('',#1880,#437);
#329=LINE('',#1882,#438);
#330=LINE('',#1883,#439);
#331=LINE('',#1890,#440);
#332=LINE('',#1892,#441);
#333=LINE('',#1894,#442);
#334=LINE('',#1895,#443);
#335=LINE('',#1901,#444);
#336=LINE('',#1904,#445);
#337=LINE('',#1906,#446);
#338=LINE('',#1907,#447);
#339=LINE('',#1914,#448);
#340=LINE('',#1916,#449);
#341=LINE('',#1918,#450);
#342=LINE('',#1919,#451);
#343=LINE('',#1925,#452);
#344=LINE('',#1928,#453);
#345=LINE('',#1930,#454);
#346=LINE('',#1931,#455);
#347=LINE('',#1938,#456);
#348=LINE('',#1940,#457);
#349=LINE('',#1942,#458);
#350=LINE('',#1943,#459);
#351=LINE('',#1949,#460);
#352=LINE('',#1952,#461);
#353=LINE('',#1954,#462);
#354=LINE('',#1955,#463);
#355=LINE('',#1962,#464);
#356=LINE('',#1964,#465);
#357=LINE('',#1966,#466);
#358=LINE('',#1967,#467);
#359=LINE('',#1973,#468);
#360=LINE('',#1976,#469);
#361=LINE('',#1978,#470);
#362=LINE('',#1979,#471);
#363=LINE('',#1986,#472);
#364=LINE('',#1988,#473);
#365=LINE('',#1990,#474);
#366=LINE('',#1991,#475);
#367=LINE('',#1997,#476);
#368=LINE('',#2000,#477);
#369=LINE('',#2002,#478);
#370=LINE('',#2003,#479);
#371=LINE('',#2012,#480);
#372=LINE('',#2015,#481);
#373=LINE('',#2020,#482);
#374=LINE('',#2026,#483);
#375=LINE('',#2034,#484);
#376=LINE('',#2038,#485);
#377=LINE('',#2041,#486);
#378=LINE('',#2054,#487);
#379=LINE('',#2058,#488);
#380=LINE('',#2063,#489);
#381=LINE('',#2064,#490);
#382=LINE('',#2065,#491);
#383=LINE('',#2069,#492);
#384=LINE('',#2072,#493);
#385=LINE('',#2073,#494);
#386=LINE('',#2078,#495);
#387=LINE('',#2081,#496);
#388=LINE('',#2084,#497);
#389=LINE('',#2087,#498);
#390=LINE('',#2089,#499);
#391=LINE('',#2104,#500);
#392=LINE('',#2106,#501);
#393=LINE('',#2108,#502);
#394=LINE('',#2109,#503);
#395=LINE('',#2111,#504);
#396=LINE('',#2113,#505);
#397=LINE('',#2116,#506);
#398=LINE('',#2118,#507);
#399=LINE('',#2121,#508);
#400=VECTOR('',#1401,0.393700787401575);
#401=VECTOR('',#1402,0.393700787401575);
#402=VECTOR('',#1403,0.393700787401575);
#403=VECTOR('',#1404,0.393700787401575);
#404=VECTOR('',#1411,0.393700787401575);
#405=VECTOR('',#1414,0.393700787401575);
#406=VECTOR('',#1415,0.393700787401575);
#407=VECTOR('',#1416,0.393700787401575);
#408=VECTOR('',#1425,0.393700787401575);
#409=VECTOR('',#1426,0.393700787401575);
#410=VECTOR('',#1427,0.393700787401575);
#411=VECTOR('',#1428,0.393700787401575);
#412=VECTOR('',#1435,0.393700787401575);
#413=VECTOR('',#1438,0.393700787401575);
#414=VECTOR('',#1439,0.393700787401575);
#415=VECTOR('',#1440,0.393700787401575);
#416=VECTOR('',#1449,0.393700787401575);
#417=VECTOR('',#1450,0.393700787401575);
#418=VECTOR('',#1451,0.393700787401575);
#419=VECTOR('',#1452,0.393700787401575);
#420=VECTOR('',#1459,0.393700787401575);
#421=VECTOR('',#1462,0.393700787401575);
#422=VECTOR('',#1463,0.393700787401575);
#423=VECTOR('',#1464,0.393700787401575);
#424=VECTOR('',#1473,0.393700787401575);
#425=VECTOR('',#1474,0.393700787401575);
#426=VECTOR('',#1475,0.393700787401575);
#427=VECTOR('',#1476,0.393700787401575);
#428=VECTOR('',#1483,0.393700787401575);
#429=VECTOR('',#1486,0.393700787401575);
#430=VECTOR('',#1487,0.393700787401575);
#431=VECTOR('',#1488,0.393700787401575);
#432=VECTOR('',#1497,0.393700787401575);
#433=VECTOR('',#1498,0.393700787401575);
#434=VECTOR('',#1499,0.393700787401575);
#435=VECTOR('',#1500,0.393700787401575);
#436=VECTOR('',#1507,0.393700787401575);
#437=VECTOR('',#1510,0.393700787401575);
#438=VECTOR('',#1511,0.393700787401575);
#439=VECTOR('',#1512,0.393700787401575);
#440=VECTOR('',#1521,0.393700787401575);
#441=VECTOR('',#1522,0.393700787401575);
#442=VECTOR('',#1523,0.393700787401575);
#443=VECTOR('',#1524,0.393700787401575);
#444=VECTOR('',#1531,0.393700787401575);
#445=VECTOR('',#1534,0.393700787401575);
#446=VECTOR('',#1535,0.393700787401575);
#447=VECTOR('',#1536,0.393700787401575);
#448=VECTOR('',#1545,0.393700787401575);
#449=VECTOR('',#1546,0.393700787401575);
#450=VECTOR('',#1547,0.393700787401575);
#451=VECTOR('',#1548,0.393700787401575);
#452=VECTOR('',#1555,0.393700787401575);
#453=VECTOR('',#1558,0.393700787401575);
#454=VECTOR('',#1559,0.393700787401575);
#455=VECTOR('',#1560,0.393700787401575);
#456=VECTOR('',#1569,0.393700787401575);
#457=VECTOR('',#1570,0.393700787401575);
#458=VECTOR('',#1571,0.393700787401575);
#459=VECTOR('',#1572,0.393700787401575);
#460=VECTOR('',#1579,0.393700787401575);
#461=VECTOR('',#1582,0.393700787401575);
#462=VECTOR('',#1583,0.393700787401575);
#463=VECTOR('',#1584,0.393700787401575);
#464=VECTOR('',#1593,0.393700787401575);
#465=VECTOR('',#1594,0.393700787401575);
#466=VECTOR('',#1595,0.393700787401575);
#467=VECTOR('',#1596,0.393700787401575);
#468=VECTOR('',#1603,0.393700787401575);
#469=VECTOR('',#1606,0.393700787401575);
#470=VECTOR('',#1607,0.393700787401575);
#471=VECTOR('',#1608,0.393700787401575);
#472=VECTOR('',#1617,0.393700787401575);
#473=VECTOR('',#1618,0.393700787401575);
#474=VECTOR('',#1619,0.393700787401575);
#475=VECTOR('',#1620,0.393700787401575);
#476=VECTOR('',#1627,0.393700787401575);
#477=VECTOR('',#1630,0.393700787401575);
#478=VECTOR('',#1631,0.393700787401575);
#479=VECTOR('',#1632,0.393700787401575);
#480=VECTOR('',#1643,0.393700787401575);
#481=VECTOR('',#1646,0.393700787401575);
#482=VECTOR('',#1651,0.393700787401575);
#483=VECTOR('',#1658,0.393700787401575);
#484=VECTOR('',#1667,0.393700787401575);
#485=VECTOR('',#1670,0.393700787401575);
#486=VECTOR('',#1673,0.393700787401575);
#487=VECTOR('',#1684,0.393700787401575);
#488=VECTOR('',#1687,0.393700787401575);
#489=VECTOR('',#1692,0.393700787401575);
#490=VECTOR('',#1693,0.393700787401575);
#491=VECTOR('',#1694,0.393700787401575);
#492=VECTOR('',#1699,0.393700787401575);
#493=VECTOR('',#1702,0.393700787401575);
#494=VECTOR('',#1703,0.393700787401575);
#495=VECTOR('',#1710,0.393700787401575);
#496=VECTOR('',#1713,0.393700787401575);
#497=VECTOR('',#1716,0.393700787401575);
#498=VECTOR('',#1719,0.393700787401575);
#499=VECTOR('',#1720,0.393700787401575);
#500=VECTOR('',#1737,0.393700787401575);
#501=VECTOR('',#1740,0.086);
#502=VECTOR('',#1743,0.393700787401575);
#503=VECTOR('',#1744,0.393700787401575);
#504=VECTOR('',#1747,0.393700787401575);
#505=VECTOR('',#1750,0.393700787401575);
#506=VECTOR('',#1755,0.393700787401575);
#507=VECTOR('',#1758,0.393700787401575);
#508=VECTOR('',#1763,0.393700787401575);
#509=VERTEX_POINT('',#1768);
#510=VERTEX_POINT('',#1769);
#511=VERTEX_POINT('',#1771);
#512=VERTEX_POINT('',#1773);
#513=VERTEX_POINT('',#1777);
#514=VERTEX_POINT('',#1779);
#515=VERTEX_POINT('',#1783);
#516=VERTEX_POINT('',#1785);
#517=VERTEX_POINT('',#1792);
#518=VERTEX_POINT('',#1793);
#519=VERTEX_POINT('',#1795);
#520=VERTEX_POINT('',#1797);
#521=VERTEX_POINT('',#1801);
#522=VERTEX_POINT('',#1803);
#523=VERTEX_POINT('',#1807);
#524=VERTEX_POINT('',#1809);
#525=VERTEX_POINT('',#1816);
#526=VERTEX_POINT('',#1817);
#527=VERTEX_POINT('',#1819);
#528=VERTEX_POINT('',#1821);
#529=VERTEX_POINT('',#1825);
#530=VERTEX_POINT('',#1827);
#531=VERTEX_POINT('',#1831);
#532=VERTEX_POINT('',#1833);
#533=VERTEX_POINT('',#1840);
#534=VERTEX_POINT('',#1841);
#535=VERTEX_POINT('',#1843);
#536=VERTEX_POINT('',#1845);
#537=VERTEX_POINT('',#1849);
#538=VERTEX_POINT('',#1851);
#539=VERTEX_POINT('',#1855);
#540=VERTEX_POINT('',#1857);
#541=VERTEX_POINT('',#1864);
#542=VERTEX_POINT('',#1865);
#543=VERTEX_POINT('',#1867);
#544=VERTEX_POINT('',#1869);
#545=VERTEX_POINT('',#1873);
#546=VERTEX_POINT('',#1875);
#547=VERTEX_POINT('',#1879);
#548=VERTEX_POINT('',#1881);
#549=VERTEX_POINT('',#1888);
#550=VERTEX_POINT('',#1889);
#551=VERTEX_POINT('',#1891);
#552=VERTEX_POINT('',#1893);
#553=VERTEX_POINT('',#1897);
#554=VERTEX_POINT('',#1899);
#555=VERTEX_POINT('',#1903);
#556=VERTEX_POINT('',#1905);
#557=VERTEX_POINT('',#1912);
#558=VERTEX_POINT('',#1913);
#559=VERTEX_POINT('',#1915);
#560=VERTEX_POINT('',#1917);
#561=VERTEX_POINT('',#1921);
#562=VERTEX_POINT('',#1923);
#563=VERTEX_POINT('',#1927);
#564=VERTEX_POINT('',#1929);
#565=VERTEX_POINT('',#1936);
#566=VERTEX_POINT('',#1937);
#567=VERTEX_POINT('',#1939);
#568=VERTEX_POINT('',#1941);
#569=VERTEX_POINT('',#1945);
#570=VERTEX_POINT('',#1947);
#571=VERTEX_POINT('',#1951);
#572=VERTEX_POINT('',#1953);
#573=VERTEX_POINT('',#1960);
#574=VERTEX_POINT('',#1961);
#575=VERTEX_POINT('',#1963);
#576=VERTEX_POINT('',#1965);
#577=VERTEX_POINT('',#1969);
#578=VERTEX_POINT('',#1971);
#579=VERTEX_POINT('',#1975);
#580=VERTEX_POINT('',#1977);
#581=VERTEX_POINT('',#1984);
#582=VERTEX_POINT('',#1985);
#583=VERTEX_POINT('',#1987);
#584=VERTEX_POINT('',#1989);
#585=VERTEX_POINT('',#1993);
#586=VERTEX_POINT('',#1995);
#587=VERTEX_POINT('',#1999);
#588=VERTEX_POINT('',#2001);
#589=VERTEX_POINT('',#2008);
#590=VERTEX_POINT('',#2009);
#591=VERTEX_POINT('',#2011);
#592=VERTEX_POINT('',#2013);
#593=VERTEX_POINT('',#2017);
#594=VERTEX_POINT('',#2019);
#595=VERTEX_POINT('',#2023);
#596=VERTEX_POINT('',#2025);
#597=VERTEX_POINT('',#2029);
#598=VERTEX_POINT('',#2031);
#599=VERTEX_POINT('',#2033);
#600=VERTEX_POINT('',#2035);
#601=VERTEX_POINT('',#2037);
#602=VERTEX_POINT('',#2039);
#603=VERTEX_POINT('',#2042);
#604=VERTEX_POINT('',#2044);
#605=VERTEX_POINT('',#2045);
#606=VERTEX_POINT('',#2047);
#607=VERTEX_POINT('',#2049);
#608=VERTEX_POINT('',#2052);
#609=VERTEX_POINT('',#2053);
#610=VERTEX_POINT('',#2055);
#611=VERTEX_POINT('',#2057);
#612=VERTEX_POINT('',#2061);
#613=VERTEX_POINT('',#2062);
#614=VERTEX_POINT('',#2067);
#615=VERTEX_POINT('',#2071);
#616=VERTEX_POINT('',#2077);
#617=VERTEX_POINT('',#2079);
#618=VERTEX_POINT('',#2083);
#619=VERTEX_POINT('',#2085);
#620=VERTEX_POINT('',#2088);
#621=VERTEX_POINT('',#2090);
#622=VERTEX_POINT('',#2093);
#623=VERTEX_POINT('',#2095);
#624=VERTEX_POINT('',#2096);
#625=VERTEX_POINT('',#2098);
#626=VERTEX_POINT('',#2100);
#627=EDGE_CURVE('',#509,#510,#291,.T.);
#628=EDGE_CURVE('',#511,#509,#292,.T.);
#629=EDGE_CURVE('',#512,#511,#293,.T.);
#630=EDGE_CURVE('',#512,#510,#294,.T.);
#631=EDGE_CURVE('',#510,#513,#41,.T.);
#632=EDGE_CURVE('',#514,#512,#42,.T.);
#633=EDGE_CURVE('',#514,#513,#295,.T.);
#634=EDGE_CURVE('',#513,#515,#296,.T.);
#635=EDGE_CURVE('',#516,#514,#297,.T.);
#636=EDGE_CURVE('',#516,#515,#298,.T.);
#637=EDGE_CURVE('',#515,#509,#43,.T.);
#638=EDGE_CURVE('',#511,#516,#44,.T.);
#639=EDGE_CURVE('',#517,#518,#299,.T.);
#640=EDGE_CURVE('',#519,#517,#300,.T.);
#641=EDGE_CURVE('',#520,#519,#301,.T.);
#642=EDGE_CURVE('',#520,#518,#302,.T.);
#643=EDGE_CURVE('',#518,#521,#45,.T.);
#644=EDGE_CURVE('',#522,#520,#46,.T.);
#645=EDGE_CURVE('',#522,#521,#303,.T.);
#646=EDGE_CURVE('',#521,#523,#304,.T.);
#647=EDGE_CURVE('',#524,#522,#305,.T.);
#648=EDGE_CURVE('',#524,#523,#306,.T.);
#649=EDGE_CURVE('',#523,#517,#47,.T.);
#650=EDGE_CURVE('',#519,#524,#48,.T.);
#651=EDGE_CURVE('',#525,#526,#307,.T.);
#652=EDGE_CURVE('',#527,#525,#308,.T.);
#653=EDGE_CURVE('',#528,#527,#309,.T.);
#654=EDGE_CURVE('',#528,#526,#310,.T.);
#655=EDGE_CURVE('',#526,#529,#49,.T.);
#656=EDGE_CURVE('',#530,#528,#50,.T.);
#657=EDGE_CURVE('',#530,#529,#311,.T.);
#658=EDGE_CURVE('',#529,#531,#312,.T.);
#659=EDGE_CURVE('',#532,#530,#313,.T.);
#660=EDGE_CURVE('',#532,#531,#314,.T.);
#661=EDGE_CURVE('',#531,#525,#51,.T.);
#662=EDGE_CURVE('',#527,#532,#52,.T.);
#663=EDGE_CURVE('',#533,#534,#315,.T.);
#664=EDGE_CURVE('',#535,#533,#316,.T.);
#665=EDGE_CURVE('',#536,#535,#317,.T.);
#666=EDGE_CURVE('',#536,#534,#318,.T.);
#667=EDGE_CURVE('',#534,#537,#53,.T.);
#668=EDGE_CURVE('',#538,#536,#54,.T.);
#669=EDGE_CURVE('',#538,#537,#319,.T.);
#670=EDGE_CURVE('',#537,#539,#320,.T.);
#671=EDGE_CURVE('',#540,#538,#321,.T.);
#672=EDGE_CURVE('',#540,#539,#322,.T.);
#673=EDGE_CURVE('',#539,#533,#55,.T.);
#674=EDGE_CURVE('',#535,#540,#56,.T.);
#675=EDGE_CURVE('',#541,#542,#323,.T.);
#676=EDGE_CURVE('',#543,#541,#324,.T.);
#677=EDGE_CURVE('',#544,#543,#325,.T.);
#678=EDGE_CURVE('',#544,#542,#326,.T.);
#679=EDGE_CURVE('',#542,#545,#57,.T.);
#680=EDGE_CURVE('',#546,#544,#58,.T.);
#681=EDGE_CURVE('',#546,#545,#327,.T.);
#682=EDGE_CURVE('',#545,#547,#328,.T.);
#683=EDGE_CURVE('',#548,#546,#329,.T.);
#684=EDGE_CURVE('',#548,#547,#330,.T.);
#685=EDGE_CURVE('',#547,#541,#59,.T.);
#686=EDGE_CURVE('',#543,#548,#60,.T.);
#687=EDGE_CURVE('',#549,#550,#331,.T.);
#688=EDGE_CURVE('',#551,#549,#332,.T.);
#689=EDGE_CURVE('',#552,#551,#333,.T.);
#690=EDGE_CURVE('',#552,#550,#334,.T.);
#691=EDGE_CURVE('',#550,#553,#61,.T.);
#692=EDGE_CURVE('',#554,#552,#62,.T.);
#693=EDGE_CURVE('',#554,#553,#335,.T.);
#694=EDGE_CURVE('',#553,#555,#336,.T.);
#695=EDGE_CURVE('',#556,#554,#337,.T.);
#696=EDGE_CURVE('',#556,#555,#338,.T.);
#697=EDGE_CURVE('',#555,#549,#63,.T.);
#698=EDGE_CURVE('',#551,#556,#64,.T.);
#699=EDGE_CURVE('',#557,#558,#339,.T.);
#700=EDGE_CURVE('',#559,#557,#340,.T.);
#701=EDGE_CURVE('',#560,#559,#341,.T.);
#702=EDGE_CURVE('',#560,#558,#342,.T.);
#703=EDGE_CURVE('',#558,#561,#65,.T.);
#704=EDGE_CURVE('',#562,#560,#66,.T.);
#705=EDGE_CURVE('',#562,#561,#343,.T.);
#706=EDGE_CURVE('',#561,#563,#344,.T.);
#707=EDGE_CURVE('',#564,#562,#345,.T.);
#708=EDGE_CURVE('',#564,#563,#346,.T.);
#709=EDGE_CURVE('',#563,#557,#67,.T.);
#710=EDGE_CURVE('',#559,#564,#68,.T.);
#711=EDGE_CURVE('',#565,#566,#347,.T.);
#712=EDGE_CURVE('',#567,#565,#348,.T.);
#713=EDGE_CURVE('',#568,#567,#349,.T.);
#714=EDGE_CURVE('',#568,#566,#350,.T.);
#715=EDGE_CURVE('',#566,#569,#69,.T.);
#716=EDGE_CURVE('',#570,#568,#70,.T.);
#717=EDGE_CURVE('',#570,#569,#351,.T.);
#718=EDGE_CURVE('',#569,#571,#352,.T.);
#719=EDGE_CURVE('',#572,#570,#353,.T.);
#720=EDGE_CURVE('',#572,#571,#354,.T.);
#721=EDGE_CURVE('',#571,#565,#71,.T.);
#722=EDGE_CURVE('',#567,#572,#72,.T.);
#723=EDGE_CURVE('',#573,#574,#355,.T.);
#724=EDGE_CURVE('',#575,#573,#356,.T.);
#725=EDGE_CURVE('',#576,#575,#357,.T.);
#726=EDGE_CURVE('',#576,#574,#358,.T.);
#727=EDGE_CURVE('',#574,#577,#73,.T.);
#728=EDGE_CURVE('',#578,#576,#74,.T.);
#729=EDGE_CURVE('',#578,#577,#359,.T.);
#730=EDGE_CURVE('',#577,#579,#360,.T.);
#731=EDGE_CURVE('',#580,#578,#361,.T.);
#732=EDGE_CURVE('',#580,#579,#362,.T.);
#733=EDGE_CURVE('',#579,#573,#75,.T.);
#734=EDGE_CURVE('',#575,#580,#76,.T.);
#735=EDGE_CURVE('',#581,#582,#363,.T.);
#736=EDGE_CURVE('',#583,#581,#364,.T.);
#737=EDGE_CURVE('',#584,#583,#365,.T.);
#738=EDGE_CURVE('',#584,#582,#366,.T.);
#739=EDGE_CURVE('',#582,#585,#77,.T.);
#740=EDGE_CURVE('',#586,#584,#78,.T.);
#741=EDGE_CURVE('',#586,#585,#367,.T.);
#742=EDGE_CURVE('',#585,#587,#368,.T.);
#743=EDGE_CURVE('',#588,#586,#369,.T.);
#744=EDGE_CURVE('',#588,#587,#370,.T.);
#745=EDGE_CURVE('',#587,#581,#79,.T.);
#746=EDGE_CURVE('',#583,#588,#80,.T.);
#747=EDGE_CURVE('',#589,#590,#81,.T.);
#748=EDGE_CURVE('',#591,#589,#371,.T.);
#749=EDGE_CURVE('',#592,#591,#82,.T.);
#750=EDGE_CURVE('',#590,#592,#372,.T.);
#751=EDGE_CURVE('',#589,#593,#83,.T.);
#752=EDGE_CURVE('',#593,#594,#373,.T.);
#753=EDGE_CURVE('',#591,#594,#84,.T.);
#754=EDGE_CURVE('',#595,#592,#85,.T.);
#755=EDGE_CURVE('',#596,#595,#374,.T.);
#756=EDGE_CURVE('',#596,#590,#86,.T.);
#757=EDGE_CURVE('',#594,#597,#87,.T.);
#758=EDGE_CURVE('',#597,#598,#88,.T.);
#759=EDGE_CURVE('',#598,#599,#375,.T.);
#760=EDGE_CURVE('',#600,#599,#89,.T.);
#761=EDGE_CURVE('',#600,#601,#376,.T.);
#762=EDGE_CURVE('',#601,#602,#90,.T.);
#763=EDGE_CURVE('',#602,#595,#377,.T.);
#764=EDGE_CURVE('',#603,#603,#91,.T.);
#765=EDGE_CURVE('',#604,#605,#92,.T.);
#766=EDGE_CURVE('',#605,#606,#93,.T.);
#767=EDGE_CURVE('',#606,#607,#94,.T.);
#768=EDGE_CURVE('',#607,#604,#95,.T.);
#769=EDGE_CURVE('',#608,#609,#378,.T.);
#770=EDGE_CURVE('',#609,#610,#96,.T.);
#771=EDGE_CURVE('',#610,#611,#379,.T.);
#772=EDGE_CURVE('',#611,#608,#97,.T.);
#773=EDGE_CURVE('',#612,#613,#380,.T.);
#774=EDGE_CURVE('',#611,#612,#381,.T.);
#775=EDGE_CURVE('',#610,#613,#382,.T.);
#776=EDGE_CURVE('',#613,#614,#98,.T.);
#777=EDGE_CURVE('',#609,#614,#383,.T.);
#778=EDGE_CURVE('',#614,#615,#384,.T.);
#779=EDGE_CURVE('',#608,#615,#385,.T.);
#780=EDGE_CURVE('',#615,#612,#99,.T.);
#781=EDGE_CURVE('',#599,#616,#386,.T.);
#782=EDGE_CURVE('',#616,#617,#100,.T.);
#783=EDGE_CURVE('',#617,#600,#387,.T.);
#784=EDGE_CURVE('',#618,#596,#388,.T.);
#785=EDGE_CURVE('',#619,#618,#101,.T.);
#786=EDGE_CURVE('',#617,#619,#389,.T.);
#787=EDGE_CURVE('',#620,#616,#390,.T.);
#788=EDGE_CURVE('',#621,#620,#102,.T.);
#789=EDGE_CURVE('',#593,#621,#103,.T.);
#790=EDGE_CURVE('',#622,#622,#104,.T.);
#791=EDGE_CURVE('',#623,#624,#105,.T.);
#792=EDGE_CURVE('',#625,#623,#106,.T.);
#793=EDGE_CURVE('',#626,#625,#107,.T.);
#794=EDGE_CURVE('',#624,#626,#108,.T.);
#795=EDGE_CURVE('',#620,#598,#391,.T.);
#796=EDGE_CURVE('',#603,#622,#392,.T.);
#797=EDGE_CURVE('',#623,#604,#393,.T.);
#798=EDGE_CURVE('',#625,#607,#394,.T.);
#799=EDGE_CURVE('',#626,#606,#395,.T.);
#800=EDGE_CURVE('',#624,#605,#396,.T.);
#801=EDGE_CURVE('',#618,#602,#397,.T.);
#802=EDGE_CURVE('',#619,#601,#398,.T.);
#803=EDGE_CURVE('',#621,#597,#399,.T.);
#804=ORIENTED_EDGE('',*,*,#627,.F.);
#805=ORIENTED_EDGE('',*,*,#628,.F.);
#806=ORIENTED_EDGE('',*,*,#629,.F.);
#807=ORIENTED_EDGE('',*,*,#630,.T.);
#808=ORIENTED_EDGE('',*,*,#631,.F.);
#809=ORIENTED_EDGE('',*,*,#630,.F.);
#810=ORIENTED_EDGE('',*,*,#632,.F.);
#811=ORIENTED_EDGE('',*,*,#633,.T.);
#812=ORIENTED_EDGE('',*,*,#634,.F.);
#813=ORIENTED_EDGE('',*,*,#633,.F.);
#814=ORIENTED_EDGE('',*,*,#635,.F.);
#815=ORIENTED_EDGE('',*,*,#636,.T.);
#816=ORIENTED_EDGE('',*,*,#637,.F.);
#817=ORIENTED_EDGE('',*,*,#636,.F.);
#818=ORIENTED_EDGE('',*,*,#638,.F.);
#819=ORIENTED_EDGE('',*,*,#628,.T.);
#820=ORIENTED_EDGE('',*,*,#639,.F.);
#821=ORIENTED_EDGE('',*,*,#640,.F.);
#822=ORIENTED_EDGE('',*,*,#641,.F.);
#823=ORIENTED_EDGE('',*,*,#642,.T.);
#824=ORIENTED_EDGE('',*,*,#643,.F.);
#825=ORIENTED_EDGE('',*,*,#642,.F.);
#826=ORIENTED_EDGE('',*,*,#644,.F.);
#827=ORIENTED_EDGE('',*,*,#645,.T.);
#828=ORIENTED_EDGE('',*,*,#646,.F.);
#829=ORIENTED_EDGE('',*,*,#645,.F.);
#830=ORIENTED_EDGE('',*,*,#647,.F.);
#831=ORIENTED_EDGE('',*,*,#648,.T.);
#832=ORIENTED_EDGE('',*,*,#649,.F.);
#833=ORIENTED_EDGE('',*,*,#648,.F.);
#834=ORIENTED_EDGE('',*,*,#650,.F.);
#835=ORIENTED_EDGE('',*,*,#640,.T.);
#836=ORIENTED_EDGE('',*,*,#651,.F.);
#837=ORIENTED_EDGE('',*,*,#652,.F.);
#838=ORIENTED_EDGE('',*,*,#653,.F.);
#839=ORIENTED_EDGE('',*,*,#654,.T.);
#840=ORIENTED_EDGE('',*,*,#655,.F.);
#841=ORIENTED_EDGE('',*,*,#654,.F.);
#842=ORIENTED_EDGE('',*,*,#656,.F.);
#843=ORIENTED_EDGE('',*,*,#657,.T.);
#844=ORIENTED_EDGE('',*,*,#658,.F.);
#845=ORIENTED_EDGE('',*,*,#657,.F.);
#846=ORIENTED_EDGE('',*,*,#659,.F.);
#847=ORIENTED_EDGE('',*,*,#660,.T.);
#848=ORIENTED_EDGE('',*,*,#661,.F.);
#849=ORIENTED_EDGE('',*,*,#660,.F.);
#850=ORIENTED_EDGE('',*,*,#662,.F.);
#851=ORIENTED_EDGE('',*,*,#652,.T.);
#852=ORIENTED_EDGE('',*,*,#663,.F.);
#853=ORIENTED_EDGE('',*,*,#664,.F.);
#854=ORIENTED_EDGE('',*,*,#665,.F.);
#855=ORIENTED_EDGE('',*,*,#666,.T.);
#856=ORIENTED_EDGE('',*,*,#667,.F.);
#857=ORIENTED_EDGE('',*,*,#666,.F.);
#858=ORIENTED_EDGE('',*,*,#668,.F.);
#859=ORIENTED_EDGE('',*,*,#669,.T.);
#860=ORIENTED_EDGE('',*,*,#670,.F.);
#861=ORIENTED_EDGE('',*,*,#669,.F.);
#862=ORIENTED_EDGE('',*,*,#671,.F.);
#863=ORIENTED_EDGE('',*,*,#672,.T.);
#864=ORIENTED_EDGE('',*,*,#673,.F.);
#865=ORIENTED_EDGE('',*,*,#672,.F.);
#866=ORIENTED_EDGE('',*,*,#674,.F.);
#867=ORIENTED_EDGE('',*,*,#664,.T.);
#868=ORIENTED_EDGE('',*,*,#675,.F.);
#869=ORIENTED_EDGE('',*,*,#676,.F.);
#870=ORIENTED_EDGE('',*,*,#677,.F.);
#871=ORIENTED_EDGE('',*,*,#678,.T.);
#872=ORIENTED_EDGE('',*,*,#679,.F.);
#873=ORIENTED_EDGE('',*,*,#678,.F.);
#874=ORIENTED_EDGE('',*,*,#680,.F.);
#875=ORIENTED_EDGE('',*,*,#681,.T.);
#876=ORIENTED_EDGE('',*,*,#682,.F.);
#877=ORIENTED_EDGE('',*,*,#681,.F.);
#878=ORIENTED_EDGE('',*,*,#683,.F.);
#879=ORIENTED_EDGE('',*,*,#684,.T.);
#880=ORIENTED_EDGE('',*,*,#685,.F.);
#881=ORIENTED_EDGE('',*,*,#684,.F.);
#882=ORIENTED_EDGE('',*,*,#686,.F.);
#883=ORIENTED_EDGE('',*,*,#676,.T.);
#884=ORIENTED_EDGE('',*,*,#687,.F.);
#885=ORIENTED_EDGE('',*,*,#688,.F.);
#886=ORIENTED_EDGE('',*,*,#689,.F.);
#887=ORIENTED_EDGE('',*,*,#690,.T.);
#888=ORIENTED_EDGE('',*,*,#691,.F.);
#889=ORIENTED_EDGE('',*,*,#690,.F.);
#890=ORIENTED_EDGE('',*,*,#692,.F.);
#891=ORIENTED_EDGE('',*,*,#693,.T.);
#892=ORIENTED_EDGE('',*,*,#694,.F.);
#893=ORIENTED_EDGE('',*,*,#693,.F.);
#894=ORIENTED_EDGE('',*,*,#695,.F.);
#895=ORIENTED_EDGE('',*,*,#696,.T.);
#896=ORIENTED_EDGE('',*,*,#697,.F.);
#897=ORIENTED_EDGE('',*,*,#696,.F.);
#898=ORIENTED_EDGE('',*,*,#698,.F.);
#899=ORIENTED_EDGE('',*,*,#688,.T.);
#900=ORIENTED_EDGE('',*,*,#699,.F.);
#901=ORIENTED_EDGE('',*,*,#700,.F.);
#902=ORIENTED_EDGE('',*,*,#701,.F.);
#903=ORIENTED_EDGE('',*,*,#702,.T.);
#904=ORIENTED_EDGE('',*,*,#703,.F.);
#905=ORIENTED_EDGE('',*,*,#702,.F.);
#906=ORIENTED_EDGE('',*,*,#704,.F.);
#907=ORIENTED_EDGE('',*,*,#705,.T.);
#908=ORIENTED_EDGE('',*,*,#706,.F.);
#909=ORIENTED_EDGE('',*,*,#705,.F.);
#910=ORIENTED_EDGE('',*,*,#707,.F.);
#911=ORIENTED_EDGE('',*,*,#708,.T.);
#912=ORIENTED_EDGE('',*,*,#709,.F.);
#913=ORIENTED_EDGE('',*,*,#708,.F.);
#914=ORIENTED_EDGE('',*,*,#710,.F.);
#915=ORIENTED_EDGE('',*,*,#700,.T.);
#916=ORIENTED_EDGE('',*,*,#711,.F.);
#917=ORIENTED_EDGE('',*,*,#712,.F.);
#918=ORIENTED_EDGE('',*,*,#713,.F.);
#919=ORIENTED_EDGE('',*,*,#714,.T.);
#920=ORIENTED_EDGE('',*,*,#715,.F.);
#921=ORIENTED_EDGE('',*,*,#714,.F.);
#922=ORIENTED_EDGE('',*,*,#716,.F.);
#923=ORIENTED_EDGE('',*,*,#717,.T.);
#924=ORIENTED_EDGE('',*,*,#718,.F.);
#925=ORIENTED_EDGE('',*,*,#717,.F.);
#926=ORIENTED_EDGE('',*,*,#719,.F.);
#927=ORIENTED_EDGE('',*,*,#720,.T.);
#928=ORIENTED_EDGE('',*,*,#721,.F.);
#929=ORIENTED_EDGE('',*,*,#720,.F.);
#930=ORIENTED_EDGE('',*,*,#722,.F.);
#931=ORIENTED_EDGE('',*,*,#712,.T.);
#932=ORIENTED_EDGE('',*,*,#723,.F.);
#933=ORIENTED_EDGE('',*,*,#724,.F.);
#934=ORIENTED_EDGE('',*,*,#725,.F.);
#935=ORIENTED_EDGE('',*,*,#726,.T.);
#936=ORIENTED_EDGE('',*,*,#727,.F.);
#937=ORIENTED_EDGE('',*,*,#726,.F.);
#938=ORIENTED_EDGE('',*,*,#728,.F.);
#939=ORIENTED_EDGE('',*,*,#729,.T.);
#940=ORIENTED_EDGE('',*,*,#730,.F.);
#941=ORIENTED_EDGE('',*,*,#729,.F.);
#942=ORIENTED_EDGE('',*,*,#731,.F.);
#943=ORIENTED_EDGE('',*,*,#732,.T.);
#944=ORIENTED_EDGE('',*,*,#733,.F.);
#945=ORIENTED_EDGE('',*,*,#732,.F.);
#946=ORIENTED_EDGE('',*,*,#734,.F.);
#947=ORIENTED_EDGE('',*,*,#724,.T.);
#948=ORIENTED_EDGE('',*,*,#735,.F.);
#949=ORIENTED_EDGE('',*,*,#736,.F.);
#950=ORIENTED_EDGE('',*,*,#737,.F.);
#951=ORIENTED_EDGE('',*,*,#738,.T.);
#952=ORIENTED_EDGE('',*,*,#739,.F.);
#953=ORIENTED_EDGE('',*,*,#738,.F.);
#954=ORIENTED_EDGE('',*,*,#740,.F.);
#955=ORIENTED_EDGE('',*,*,#741,.T.);
#956=ORIENTED_EDGE('',*,*,#742,.F.);
#957=ORIENTED_EDGE('',*,*,#741,.F.);
#958=ORIENTED_EDGE('',*,*,#743,.F.);
#959=ORIENTED_EDGE('',*,*,#744,.T.);
#960=ORIENTED_EDGE('',*,*,#745,.F.);
#961=ORIENTED_EDGE('',*,*,#744,.F.);
#962=ORIENTED_EDGE('',*,*,#746,.F.);
#963=ORIENTED_EDGE('',*,*,#736,.T.);
#964=ORIENTED_EDGE('',*,*,#747,.F.);
#965=ORIENTED_EDGE('',*,*,#748,.F.);
#966=ORIENTED_EDGE('',*,*,#749,.F.);
#967=ORIENTED_EDGE('',*,*,#750,.F.);
#968=ORIENTED_EDGE('',*,*,#748,.T.);
#969=ORIENTED_EDGE('',*,*,#751,.T.);
#970=ORIENTED_EDGE('',*,*,#752,.T.);
#971=ORIENTED_EDGE('',*,*,#753,.F.);
#972=ORIENTED_EDGE('',*,*,#750,.T.);
#973=ORIENTED_EDGE('',*,*,#754,.F.);
#974=ORIENTED_EDGE('',*,*,#755,.F.);
#975=ORIENTED_EDGE('',*,*,#756,.T.);
#976=ORIENTED_EDGE('',*,*,#749,.T.);
#977=ORIENTED_EDGE('',*,*,#753,.T.);
#978=ORIENTED_EDGE('',*,*,#757,.T.);
#979=ORIENTED_EDGE('',*,*,#758,.T.);
#980=ORIENTED_EDGE('',*,*,#759,.T.);
#981=ORIENTED_EDGE('',*,*,#760,.F.);
#982=ORIENTED_EDGE('',*,*,#761,.T.);
#983=ORIENTED_EDGE('',*,*,#762,.T.);
#984=ORIENTED_EDGE('',*,*,#763,.T.);
#985=ORIENTED_EDGE('',*,*,#754,.T.);
#986=ORIENTED_EDGE('',*,*,#629,.T.);
#987=ORIENTED_EDGE('',*,*,#638,.T.);
#988=ORIENTED_EDGE('',*,*,#635,.T.);
#989=ORIENTED_EDGE('',*,*,#632,.T.);
#990=ORIENTED_EDGE('',*,*,#641,.T.);
#991=ORIENTED_EDGE('',*,*,#650,.T.);
#992=ORIENTED_EDGE('',*,*,#647,.T.);
#993=ORIENTED_EDGE('',*,*,#644,.T.);
#994=ORIENTED_EDGE('',*,*,#653,.T.);
#995=ORIENTED_EDGE('',*,*,#662,.T.);
#996=ORIENTED_EDGE('',*,*,#659,.T.);
#997=ORIENTED_EDGE('',*,*,#656,.T.);
#998=ORIENTED_EDGE('',*,*,#665,.T.);
#999=ORIENTED_EDGE('',*,*,#674,.T.);
#1000=ORIENTED_EDGE('',*,*,#671,.T.);
#1001=ORIENTED_EDGE('',*,*,#668,.T.);
#1002=ORIENTED_EDGE('',*,*,#677,.T.);
#1003=ORIENTED_EDGE('',*,*,#686,.T.);
#1004=ORIENTED_EDGE('',*,*,#683,.T.);
#1005=ORIENTED_EDGE('',*,*,#680,.T.);
#1006=ORIENTED_EDGE('',*,*,#689,.T.);
#1007=ORIENTED_EDGE('',*,*,#698,.T.);
#1008=ORIENTED_EDGE('',*,*,#695,.T.);
#1009=ORIENTED_EDGE('',*,*,#692,.T.);
#1010=ORIENTED_EDGE('',*,*,#701,.T.);
#1011=ORIENTED_EDGE('',*,*,#710,.T.);
#1012=ORIENTED_EDGE('',*,*,#707,.T.);
#1013=ORIENTED_EDGE('',*,*,#704,.T.);
#1014=ORIENTED_EDGE('',*,*,#713,.T.);
#1015=ORIENTED_EDGE('',*,*,#722,.T.);
#1016=ORIENTED_EDGE('',*,*,#719,.T.);
#1017=ORIENTED_EDGE('',*,*,#716,.T.);
#1018=ORIENTED_EDGE('',*,*,#725,.T.);
#1019=ORIENTED_EDGE('',*,*,#734,.T.);
#1020=ORIENTED_EDGE('',*,*,#731,.T.);
#1021=ORIENTED_EDGE('',*,*,#728,.T.);
#1022=ORIENTED_EDGE('',*,*,#737,.T.);
#1023=ORIENTED_EDGE('',*,*,#746,.T.);
#1024=ORIENTED_EDGE('',*,*,#743,.T.);
#1025=ORIENTED_EDGE('',*,*,#740,.T.);
#1026=ORIENTED_EDGE('',*,*,#764,.T.);
#1027=ORIENTED_EDGE('',*,*,#765,.T.);
#1028=ORIENTED_EDGE('',*,*,#766,.T.);
#1029=ORIENTED_EDGE('',*,*,#767,.T.);
#1030=ORIENTED_EDGE('',*,*,#768,.T.);
#1031=ORIENTED_EDGE('',*,*,#769,.T.);
#1032=ORIENTED_EDGE('',*,*,#770,.T.);
#1033=ORIENTED_EDGE('',*,*,#771,.T.);
#1034=ORIENTED_EDGE('',*,*,#772,.T.);
#1035=ORIENTED_EDGE('',*,*,#773,.F.);
#1036=ORIENTED_EDGE('',*,*,#774,.F.);
#1037=ORIENTED_EDGE('',*,*,#771,.F.);
#1038=ORIENTED_EDGE('',*,*,#775,.T.);
#1039=ORIENTED_EDGE('',*,*,#776,.F.);
#1040=ORIENTED_EDGE('',*,*,#775,.F.);
#1041=ORIENTED_EDGE('',*,*,#770,.F.);
#1042=ORIENTED_EDGE('',*,*,#777,.T.);
#1043=ORIENTED_EDGE('',*,*,#778,.F.);
#1044=ORIENTED_EDGE('',*,*,#777,.F.);
#1045=ORIENTED_EDGE('',*,*,#769,.F.);
#1046=ORIENTED_EDGE('',*,*,#779,.T.);
#1047=ORIENTED_EDGE('',*,*,#780,.F.);
#1048=ORIENTED_EDGE('',*,*,#779,.F.);
#1049=ORIENTED_EDGE('',*,*,#772,.F.);
#1050=ORIENTED_EDGE('',*,*,#774,.T.);
#1051=ORIENTED_EDGE('',*,*,#760,.T.);
#1052=ORIENTED_EDGE('',*,*,#781,.T.);
#1053=ORIENTED_EDGE('',*,*,#782,.T.);
#1054=ORIENTED_EDGE('',*,*,#783,.T.);
#1055=ORIENTED_EDGE('',*,*,#747,.T.);
#1056=ORIENTED_EDGE('',*,*,#756,.F.);
#1057=ORIENTED_EDGE('',*,*,#784,.F.);
#1058=ORIENTED_EDGE('',*,*,#785,.F.);
#1059=ORIENTED_EDGE('',*,*,#786,.F.);
#1060=ORIENTED_EDGE('',*,*,#782,.F.);
#1061=ORIENTED_EDGE('',*,*,#787,.F.);
#1062=ORIENTED_EDGE('',*,*,#788,.F.);
#1063=ORIENTED_EDGE('',*,*,#789,.F.);
#1064=ORIENTED_EDGE('',*,*,#751,.F.);
#1065=ORIENTED_EDGE('',*,*,#627,.T.);
#1066=ORIENTED_EDGE('',*,*,#631,.T.);
#1067=ORIENTED_EDGE('',*,*,#634,.T.);
#1068=ORIENTED_EDGE('',*,*,#637,.T.);
#1069=ORIENTED_EDGE('',*,*,#639,.T.);
#1070=ORIENTED_EDGE('',*,*,#643,.T.);
#1071=ORIENTED_EDGE('',*,*,#646,.T.);
#1072=ORIENTED_EDGE('',*,*,#649,.T.);
#1073=ORIENTED_EDGE('',*,*,#651,.T.);
#1074=ORIENTED_EDGE('',*,*,#655,.T.);
#1075=ORIENTED_EDGE('',*,*,#658,.T.);
#1076=ORIENTED_EDGE('',*,*,#661,.T.);
#1077=ORIENTED_EDGE('',*,*,#663,.T.);
#1078=ORIENTED_EDGE('',*,*,#667,.T.);
#1079=ORIENTED_EDGE('',*,*,#670,.T.);
#1080=ORIENTED_EDGE('',*,*,#673,.T.);
#1081=ORIENTED_EDGE('',*,*,#675,.T.);
#1082=ORIENTED_EDGE('',*,*,#679,.T.);
#1083=ORIENTED_EDGE('',*,*,#682,.T.);
#1084=ORIENTED_EDGE('',*,*,#685,.T.);
#1085=ORIENTED_EDGE('',*,*,#687,.T.);
#1086=ORIENTED_EDGE('',*,*,#691,.T.);
#1087=ORIENTED_EDGE('',*,*,#694,.T.);
#1088=ORIENTED_EDGE('',*,*,#697,.T.);
#1089=ORIENTED_EDGE('',*,*,#699,.T.);
#1090=ORIENTED_EDGE('',*,*,#703,.T.);
#1091=ORIENTED_EDGE('',*,*,#706,.T.);
#1092=ORIENTED_EDGE('',*,*,#709,.T.);
#1093=ORIENTED_EDGE('',*,*,#711,.T.);
#1094=ORIENTED_EDGE('',*,*,#715,.T.);
#1095=ORIENTED_EDGE('',*,*,#718,.T.);
#1096=ORIENTED_EDGE('',*,*,#721,.T.);
#1097=ORIENTED_EDGE('',*,*,#723,.T.);
#1098=ORIENTED_EDGE('',*,*,#727,.T.);
#1099=ORIENTED_EDGE('',*,*,#730,.T.);
#1100=ORIENTED_EDGE('',*,*,#733,.T.);
#1101=ORIENTED_EDGE('',*,*,#735,.T.);
#1102=ORIENTED_EDGE('',*,*,#739,.T.);
#1103=ORIENTED_EDGE('',*,*,#742,.T.);
#1104=ORIENTED_EDGE('',*,*,#745,.T.);
#1105=ORIENTED_EDGE('',*,*,#778,.T.);
#1106=ORIENTED_EDGE('',*,*,#780,.T.);
#1107=ORIENTED_EDGE('',*,*,#773,.T.);
#1108=ORIENTED_EDGE('',*,*,#776,.T.);
#1109=ORIENTED_EDGE('',*,*,#790,.F.);
#1110=ORIENTED_EDGE('',*,*,#791,.F.);
#1111=ORIENTED_EDGE('',*,*,#792,.F.);
#1112=ORIENTED_EDGE('',*,*,#793,.F.);
#1113=ORIENTED_EDGE('',*,*,#794,.F.);
#1114=ORIENTED_EDGE('',*,*,#781,.F.);
#1115=ORIENTED_EDGE('',*,*,#759,.F.);
#1116=ORIENTED_EDGE('',*,*,#795,.F.);
#1117=ORIENTED_EDGE('',*,*,#787,.T.);
#1118=ORIENTED_EDGE('',*,*,#764,.F.);
#1119=ORIENTED_EDGE('',*,*,#796,.T.);
#1120=ORIENTED_EDGE('',*,*,#790,.T.);
#1121=ORIENTED_EDGE('',*,*,#796,.F.);
#1122=ORIENTED_EDGE('',*,*,#792,.T.);
#1123=ORIENTED_EDGE('',*,*,#797,.T.);
#1124=ORIENTED_EDGE('',*,*,#768,.F.);
#1125=ORIENTED_EDGE('',*,*,#798,.F.);
#1126=ORIENTED_EDGE('',*,*,#793,.T.);
#1127=ORIENTED_EDGE('',*,*,#798,.T.);
#1128=ORIENTED_EDGE('',*,*,#767,.F.);
#1129=ORIENTED_EDGE('',*,*,#799,.F.);
#1130=ORIENTED_EDGE('',*,*,#794,.T.);
#1131=ORIENTED_EDGE('',*,*,#799,.T.);
#1132=ORIENTED_EDGE('',*,*,#766,.F.);
#1133=ORIENTED_EDGE('',*,*,#800,.F.);
#1134=ORIENTED_EDGE('',*,*,#791,.T.);
#1135=ORIENTED_EDGE('',*,*,#800,.T.);
#1136=ORIENTED_EDGE('',*,*,#765,.F.);
#1137=ORIENTED_EDGE('',*,*,#797,.F.);
#1138=ORIENTED_EDGE('',*,*,#784,.T.);
#1139=ORIENTED_EDGE('',*,*,#755,.T.);
#1140=ORIENTED_EDGE('',*,*,#763,.F.);
#1141=ORIENTED_EDGE('',*,*,#801,.F.);
#1142=ORIENTED_EDGE('',*,*,#785,.T.);
#1143=ORIENTED_EDGE('',*,*,#801,.T.);
#1144=ORIENTED_EDGE('',*,*,#762,.F.);
#1145=ORIENTED_EDGE('',*,*,#802,.F.);
#1146=ORIENTED_EDGE('',*,*,#783,.F.);
#1147=ORIENTED_EDGE('',*,*,#786,.T.);
#1148=ORIENTED_EDGE('',*,*,#802,.T.);
#1149=ORIENTED_EDGE('',*,*,#761,.F.);
#1150=ORIENTED_EDGE('',*,*,#788,.T.);
#1151=ORIENTED_EDGE('',*,*,#795,.T.);
#1152=ORIENTED_EDGE('',*,*,#758,.F.);
#1153=ORIENTED_EDGE('',*,*,#803,.F.);
#1154=ORIENTED_EDGE('',*,*,#789,.T.);
#1155=ORIENTED_EDGE('',*,*,#803,.T.);
#1156=ORIENTED_EDGE('',*,*,#757,.F.);
#1157=ORIENTED_EDGE('',*,*,#752,.F.);
#1158=PLANE('',#1268);
#1159=PLANE('',#1272);
#1160=PLANE('',#1276);
#1161=PLANE('',#1280);
#1162=PLANE('',#1284);
#1163=PLANE('',#1288);
#1164=PLANE('',#1292);
#1165=PLANE('',#1296);
#1166=PLANE('',#1300);
#1167=PLANE('',#1304);
#1168=PLANE('',#1308);
#1169=PLANE('',#1312);
#1170=PLANE('',#1316);
#1171=PLANE('',#1320);
#1172=PLANE('',#1324);
#1173=PLANE('',#1328);
#1174=PLANE('',#1332);
#1175=PLANE('',#1336);
#1176=PLANE('',#1340);
#1177=PLANE('',#1344);
#1178=PLANE('',#1357);
#1179=PLANE('',#1369);
#1180=PLANE('',#1372);
#1181=PLANE('',#1377);
#1182=PLANE('',#1386);
#1183=PLANE('',#1392);
#1184=PLANE('',#1394);
#1185=ADVANCED_FACE('',(#143),#1158,.F.);
#1186=ADVANCED_FACE('',(#144),#109,.F.);
#1187=ADVANCED_FACE('',(#145),#1159,.F.);
#1188=ADVANCED_FACE('',(#146),#110,.F.);
#1189=ADVANCED_FACE('',(#147),#1160,.F.);
#1190=ADVANCED_FACE('',(#148),#111,.F.);
#1191=ADVANCED_FACE('',(#149),#1161,.F.);
#1192=ADVANCED_FACE('',(#150),#112,.F.);
#1193=ADVANCED_FACE('',(#151),#1162,.F.);
#1194=ADVANCED_FACE('',(#152),#113,.F.);
#1195=ADVANCED_FACE('',(#153),#1163,.F.);
#1196=ADVANCED_FACE('',(#154),#114,.F.);
#1197=ADVANCED_FACE('',(#155),#1164,.F.);
#1198=ADVANCED_FACE('',(#156),#115,.F.);
#1199=ADVANCED_FACE('',(#157),#1165,.F.);
#1200=ADVANCED_FACE('',(#158),#116,.F.);
#1201=ADVANCED_FACE('',(#159),#1166,.F.);
#1202=ADVANCED_FACE('',(#160),#117,.F.);
#1203=ADVANCED_FACE('',(#161),#1167,.F.);
#1204=ADVANCED_FACE('',(#162),#118,.F.);
#1205=ADVANCED_FACE('',(#163),#1168,.F.);
#1206=ADVANCED_FACE('',(#164),#119,.F.);
#1207=ADVANCED_FACE('',(#165),#1169,.F.);
#1208=ADVANCED_FACE('',(#166),#120,.F.);
#1209=ADVANCED_FACE('',(#167),#1170,.F.);
#1210=ADVANCED_FACE('',(#168),#121,.F.);
#1211=ADVANCED_FACE('',(#169),#1171,.F.);
#1212=ADVANCED_FACE('',(#170),#122,.F.);
#1213=ADVANCED_FACE('',(#171),#1172,.F.);
#1214=ADVANCED_FACE('',(#172),#123,.F.);
#1215=ADVANCED_FACE('',(#173),#1173,.F.);
#1216=ADVANCED_FACE('',(#174),#124,.F.);
#1217=ADVANCED_FACE('',(#175),#1174,.F.);
#1218=ADVANCED_FACE('',(#176),#125,.F.);
#1219=ADVANCED_FACE('',(#177),#1175,.F.);
#1220=ADVANCED_FACE('',(#178),#126,.F.);
#1221=ADVANCED_FACE('',(#179),#1176,.F.);
#1222=ADVANCED_FACE('',(#180),#127,.F.);
#1223=ADVANCED_FACE('',(#181),#1177,.F.);
#1224=ADVANCED_FACE('',(#182),#128,.F.);
#1225=ADVANCED_FACE('',(#183),#129,.T.);
#1226=ADVANCED_FACE('',(#184),#130,.T.);
#1227=ADVANCED_FACE('',(#185),#131,.T.);
#1228=ADVANCED_FACE('',(#186,#15,#16,#17,#18,#19,#20,#21,#22,#23,#24,#25,
#26,#27),#1178,.T.);
#1229=ADVANCED_FACE('',(#187),#1179,.F.);
#1230=ADVANCED_FACE('',(#188),#132,.F.);
#1231=ADVANCED_FACE('',(#189),#1180,.F.);
#1232=ADVANCED_FACE('',(#190),#133,.F.);
#1233=ADVANCED_FACE('',(#191),#134,.T.);
#1234=ADVANCED_FACE('',(#192,#28,#29,#30,#31,#32,#33,#34,#35,#36,#37,#38,
#39,#40),#1181,.F.);
#1235=ADVANCED_FACE('',(#193),#1182,.T.);
#1236=ADVANCED_FACE('',(#194),#135,.F.);
#1237=ADVANCED_FACE('',(#195),#136,.F.);
#1238=ADVANCED_FACE('',(#196),#137,.F.);
#1239=ADVANCED_FACE('',(#197),#138,.T.);
#1240=ADVANCED_FACE('',(#198),#139,.F.);
#1241=ADVANCED_FACE('',(#199),#1183,.T.);
#1242=ADVANCED_FACE('',(#200),#140,.T.);
#1243=ADVANCED_FACE('',(#201),#1184,.T.);
#1244=ADVANCED_FACE('',(#202),#141,.F.);
#1245=ADVANCED_FACE('',(#203),#142,.T.);
#1246=CLOSED_SHELL('',(#1185,#1186,#1187,#1188,#1189,#1190,#1191,#1192,
#1193,#1194,#1195,#1196,#1197,#1198,#1199,#1200,#1201,#1202,#1203,#1204,
#1205,#1206,#1207,#1208,#1209,#1210,#1211,#1212,#1213,#1214,#1215,#1216,
#1217,#1218,#1219,#1220,#1221,#1222,#1223,#1224,#1225,#1226,#1227,#1228,
#1229,#1230,#1231,#1232,#1233,#1234,#1235,#1236,#1237,#1238,#1239,#1240,
#1241,#1242,#1243,#1244,#1245));
#1247=DERIVED_UNIT_ELEMENT(#1249,1.);
#1248=DERIVED_UNIT_ELEMENT(#2131,-3.);
#1249=(
CONVERSION_BASED_UNIT('gram',#1251)
MASS_UNIT()
NAMED_UNIT(#2128)
);
#1250=(
MASS_UNIT()
NAMED_UNIT(*)
SI_UNIT(.KILO.,.GRAM.)
);
#1251=MASS_MEASURE_WITH_UNIT(MASS_MEASURE(0.001),#1250);
#1252=DERIVED_UNIT((#1247,#1248));
#1253=MEASURE_REPRESENTATION_ITEM('density measure',
POSITIVE_RATIO_MEASURE(1.425),#1252);
#1254=PROPERTY_DEFINITION_REPRESENTATION(#1259,#1256);
#1255=PROPERTY_DEFINITION_REPRESENTATION(#1260,#1257);
#1256=REPRESENTATION('material name',(#1258),#2125);
#1257=REPRESENTATION('density',(#1253),#2125);
#1258=DESCRIPTIVE_REPRESENTATION_ITEM('Acetal Resin, Black',
'Acetal Resin, Black');
#1259=PROPERTY_DEFINITION('material property','material name',#2139);
#1260=PROPERTY_DEFINITION('material property','density of part',#2139);
#1261=DATE_TIME_ROLE('creation_date');
#1262=APPLIED_DATE_AND_TIME_ASSIGNMENT(#1263,#1261,(#2139));
#1263=DATE_AND_TIME(#1264,#1265);
#1264=CALENDAR_DATE(2026,4,1);
#1265=LOCAL_TIME(0,0,0.,#1266);
#1266=COORDINATED_UNIVERSAL_TIME_OFFSET(0,0,.BEHIND.);
#1267=AXIS2_PLACEMENT_3D('',#1766,#1397,#1398);
#1268=AXIS2_PLACEMENT_3D('',#1767,#1399,#1400);
#1269=AXIS2_PLACEMENT_3D('',#1776,#1405,#1406);
#1270=AXIS2_PLACEMENT_3D('',#1778,#1407,#1408);
#1271=AXIS2_PLACEMENT_3D('',#1780,#1409,#1410);
#1272=AXIS2_PLACEMENT_3D('',#1782,#1412,#1413);
#1273=AXIS2_PLACEMENT_3D('',#1788,#1417,#1418);
#1274=AXIS2_PLACEMENT_3D('',#1789,#1419,#1420);
#1275=AXIS2_PLACEMENT_3D('',#1790,#1421,#1422);
#1276=AXIS2_PLACEMENT_3D('',#1791,#1423,#1424);
#1277=AXIS2_PLACEMENT_3D('',#1800,#1429,#1430);
#1278=AXIS2_PLACEMENT_3D('',#1802,#1431,#1432);
#1279=AXIS2_PLACEMENT_3D('',#1804,#1433,#1434);
#1280=AXIS2_PLACEMENT_3D('',#1806,#1436,#1437);
#1281=AXIS2_PLACEMENT_3D('',#1812,#1441,#1442);
#1282=AXIS2_PLACEMENT_3D('',#1813,#1443,#1444);
#1283=AXIS2_PLACEMENT_3D('',#1814,#1445,#1446);
#1284=AXIS2_PLACEMENT_3D('',#1815,#1447,#1448);
#1285=AXIS2_PLACEMENT_3D('',#1824,#1453,#1454);
#1286=AXIS2_PLACEMENT_3D('',#1826,#1455,#1456);
#1287=AXIS2_PLACEMENT_3D('',#1828,#1457,#1458);
#1288=AXIS2_PLACEMENT_3D('',#1830,#1460,#1461);
#1289=AXIS2_PLACEMENT_3D('',#1836,#1465,#1466);
#1290=AXIS2_PLACEMENT_3D('',#1837,#1467,#1468);
#1291=AXIS2_PLACEMENT_3D('',#1838,#1469,#1470);
#1292=AXIS2_PLACEMENT_3D('',#1839,#1471,#1472);
#1293=AXIS2_PLACEMENT_3D('',#1848,#1477,#1478);
#1294=AXIS2_PLACEMENT_3D('',#1850,#1479,#1480);
#1295=AXIS2_PLACEMENT_3D('',#1852,#1481,#1482);
#1296=AXIS2_PLACEMENT_3D('',#1854,#1484,#1485);
#1297=AXIS2_PLACEMENT_3D('',#1860,#1489,#1490);
#1298=AXIS2_PLACEMENT_3D('',#1861,#1491,#1492);
#1299=AXIS2_PLACEMENT_3D('',#1862,#1493,#1494);
#1300=AXIS2_PLACEMENT_3D('',#1863,#1495,#1496);
#1301=AXIS2_PLACEMENT_3D('',#1872,#1501,#1502);
#1302=AXIS2_PLACEMENT_3D('',#1874,#1503,#1504);
#1303=AXIS2_PLACEMENT_3D('',#1876,#1505,#1506);
#1304=AXIS2_PLACEMENT_3D('',#1878,#1508,#1509);
#1305=AXIS2_PLACEMENT_3D('',#1884,#1513,#1514);
#1306=AXIS2_PLACEMENT_3D('',#1885,#1515,#1516);
#1307=AXIS2_PLACEMENT_3D('',#1886,#1517,#1518);
#1308=AXIS2_PLACEMENT_3D('',#1887,#1519,#1520);
#1309=AXIS2_PLACEMENT_3D('',#1896,#1525,#1526);
#1310=AXIS2_PLACEMENT_3D('',#1898,#1527,#1528);
#1311=AXIS2_PLACEMENT_3D('',#1900,#1529,#1530);
#1312=AXIS2_PLACEMENT_3D('',#1902,#1532,#1533);
#1313=AXIS2_PLACEMENT_3D('',#1908,#1537,#1538);
#1314=AXIS2_PLACEMENT_3D('',#1909,#1539,#1540);
#1315=AXIS2_PLACEMENT_3D('',#1910,#1541,#1542);
#1316=AXIS2_PLACEMENT_3D('',#1911,#1543,#1544);
#1317=AXIS2_PLACEMENT_3D('',#1920,#1549,#1550);
#1318=AXIS2_PLACEMENT_3D('',#1922,#1551,#1552);
#1319=AXIS2_PLACEMENT_3D('',#1924,#1553,#1554);
#1320=AXIS2_PLACEMENT_3D('',#1926,#1556,#1557);
#1321=AXIS2_PLACEMENT_3D('',#1932,#1561,#1562);
#1322=AXIS2_PLACEMENT_3D('',#1933,#1563,#1564);
#1323=AXIS2_PLACEMENT_3D('',#1934,#1565,#1566);
#1324=AXIS2_PLACEMENT_3D('',#1935,#1567,#1568);
#1325=AXIS2_PLACEMENT_3D('',#1944,#1573,#1574);
#1326=AXIS2_PLACEMENT_3D('',#1946,#1575,#1576);
#1327=AXIS2_PLACEMENT_3D('',#1948,#1577,#1578);
#1328=AXIS2_PLACEMENT_3D('',#1950,#1580,#1581);
#1329=AXIS2_PLACEMENT_3D('',#1956,#1585,#1586);
#1330=AXIS2_PLACEMENT_3D('',#1957,#1587,#1588);
#1331=AXIS2_PLACEMENT_3D('',#1958,#1589,#1590);
#1332=AXIS2_PLACEMENT_3D('',#1959,#1591,#1592);
#1333=AXIS2_PLACEMENT_3D('',#1968,#1597,#1598);
#1334=AXIS2_PLACEMENT_3D('',#1970,#1599,#1600);
#1335=AXIS2_PLACEMENT_3D('',#1972,#1601,#1602);
#1336=AXIS2_PLACEMENT_3D('',#1974,#1604,#1605);
#1337=AXIS2_PLACEMENT_3D('',#1980,#1609,#1610);
#1338=AXIS2_PLACEMENT_3D('',#1981,#1611,#1612);
#1339=AXIS2_PLACEMENT_3D('',#1982,#1613,#1614);
#1340=AXIS2_PLACEMENT_3D('',#1983,#1615,#1616);
#1341=AXIS2_PLACEMENT_3D('',#1992,#1621,#1622);
#1342=AXIS2_PLACEMENT_3D('',#1994,#1623,#1624);
#1343=AXIS2_PLACEMENT_3D('',#1996,#1625,#1626);
#1344=AXIS2_PLACEMENT_3D('',#1998,#1628,#1629);
#1345=AXIS2_PLACEMENT_3D('',#2004,#1633,#1634);
#1346=AXIS2_PLACEMENT_3D('',#2005,#1635,#1636);
#1347=AXIS2_PLACEMENT_3D('',#2006,#1637,#1638);
#1348=AXIS2_PLACEMENT_3D('',#2007,#1639,#1640);
#1349=AXIS2_PLACEMENT_3D('',#2010,#1641,#1642);
#1350=AXIS2_PLACEMENT_3D('',#2014,#1644,#1645);
#1351=AXIS2_PLACEMENT_3D('',#2016,#1647,#1648);
#1352=AXIS2_PLACEMENT_3D('',#2018,#1649,#1650);
#1353=AXIS2_PLACEMENT_3D('',#2021,#1652,#1653);
#1354=AXIS2_PLACEMENT_3D('',#2022,#1654,#1655);
#1355=AXIS2_PLACEMENT_3D('',#2024,#1656,#1657);
#1356=AXIS2_PLACEMENT_3D('',#2027,#1659,#1660);
#1357=AXIS2_PLACEMENT_3D('',#2028,#1661,#1662);
#1358=AXIS2_PLACEMENT_3D('',#2030,#1663,#1664);
#1359=AXIS2_PLACEMENT_3D('',#2032,#1665,#1666);
#1360=AXIS2_PLACEMENT_3D('',#2036,#1668,#1669);
#1361=AXIS2_PLACEMENT_3D('',#2040,#1671,#1672);
#1362=AXIS2_PLACEMENT_3D('',#2043,#1674,#1675);
#1363=AXIS2_PLACEMENT_3D('',#2046,#1676,#1677);
#1364=AXIS2_PLACEMENT_3D('',#2048,#1678,#1679);
#1365=AXIS2_PLACEMENT_3D('',#2050,#1680,#1681);
#1366=AXIS2_PLACEMENT_3D('',#2051,#1682,#1683);
#1367=AXIS2_PLACEMENT_3D('',#2056,#1685,#1686);
#1368=AXIS2_PLACEMENT_3D('',#2059,#1688,#1689);
#1369=AXIS2_PLACEMENT_3D('',#2060,#1690,#1691);
#1370=AXIS2_PLACEMENT_3D('',#2066,#1695,#1696);
#1371=AXIS2_PLACEMENT_3D('',#2068,#1697,#1698);
#1372=AXIS2_PLACEMENT_3D('',#2070,#1700,#1701);
#1373=AXIS2_PLACEMENT_3D('',#2074,#1704,#1705);
#1374=AXIS2_PLACEMENT_3D('',#2075,#1706,#1707);
#1375=AXIS2_PLACEMENT_3D('',#2076,#1708,#1709);
#1376=AXIS2_PLACEMENT_3D('',#2080,#1711,#1712);
#1377=AXIS2_PLACEMENT_3D('',#2082,#1714,#1715);
#1378=AXIS2_PLACEMENT_3D('',#2086,#1717,#1718);
#1379=AXIS2_PLACEMENT_3D('',#2091,#1721,#1722);
#1380=AXIS2_PLACEMENT_3D('',#2092,#1723,#1724);
#1381=AXIS2_PLACEMENT_3D('',#2094,#1725,#1726);
#1382=AXIS2_PLACEMENT_3D('',#2097,#1727,#1728);
#1383=AXIS2_PLACEMENT_3D('',#2099,#1729,#1730);
#1384=AXIS2_PLACEMENT_3D('',#2101,#1731,#1732);
#1385=AXIS2_PLACEMENT_3D('',#2102,#1733,#1734);
#1386=AXIS2_PLACEMENT_3D('',#2103,#1735,#1736);
#1387=AXIS2_PLACEMENT_3D('',#2105,#1738,#1739);
#1388=AXIS2_PLACEMENT_3D('',#2107,#1741,#1742);
#1389=AXIS2_PLACEMENT_3D('',#2110,#1745,#1746);
#1390=AXIS2_PLACEMENT_3D('',#2112,#1748,#1749);
#1391=AXIS2_PLACEMENT_3D('',#2114,#1751,#1752);
#1392=AXIS2_PLACEMENT_3D('',#2115,#1753,#1754);
#1393=AXIS2_PLACEMENT_3D('',#2117,#1756,#1757);
#1394=AXIS2_PLACEMENT_3D('',#2119,#1759,#1760);
#1395=AXIS2_PLACEMENT_3D('',#2120,#1761,#1762);
#1396=AXIS2_PLACEMENT_3D('',#2122,#1764,#1765);
#1397=DIRECTION('axis',(0.,0.,1.));
#1398=DIRECTION('refdir',(1.,0.,0.));
#1399=DIRECTION('center_axis',(0.0046815658825991,0.999989041410398,0.));
#1400=DIRECTION('ref_axis',(0.999989041410398,-0.0046815658825991,0.));
#1401=DIRECTION('',(-0.999989041410398,0.0046815658825991,0.));
#1402=DIRECTION('',(0.,0.,-1.));
#1403=DIRECTION('',(0.999989041410398,-0.0046815658825991,0.));
#1404=DIRECTION('',(0.,0.,-1.));
#1405=DIRECTION('center_axis',(0.,0.,-1.));
#1406=DIRECTION('ref_axis',(0.00468156588258633,0.999989041410398,0.));
#1407=DIRECTION('center_axis',(0.,0.,1.));
#1408=DIRECTION('ref_axis',(0.00468156588258633,0.999989041410398,0.));
#1409=DIRECTION('center_axis',(0.,0.,-1.));
#1410=DIRECTION('ref_axis',(0.00468156588258633,0.999989041410398,0.));
#1411=DIRECTION('',(0.,0.,-1.));
#1412=DIRECTION('center_axis',(-0.00468156588259425,-0.999989041410398,
0.));
#1413=DIRECTION('ref_axis',(-0.999989041410398,0.00468156588259425,0.));
#1414=DIRECTION('',(0.999989041410398,-0.00468156588259425,0.));
#1415=DIRECTION('',(-0.999989041410398,0.00468156588259425,0.));
#1416=DIRECTION('',(0.,0.,-1.));
#1417=DIRECTION('center_axis',(0.,0.,-1.));
#1418=DIRECTION('ref_axis',(-0.00468156588259972,-0.999989041410398,0.));
#1419=DIRECTION('center_axis',(0.,0.,1.));
#1420=DIRECTION('ref_axis',(-0.00468156588259972,-0.999989041410398,0.));
#1421=DIRECTION('center_axis',(0.,0.,-1.));
#1422=DIRECTION('ref_axis',(-0.00468156588259972,-0.999989041410398,0.));
#1423=DIRECTION('center_axis',(0.258819549064554,0.965925691252708,0.));
#1424=DIRECTION('ref_axis',(0.965925691252708,-0.258819549064554,0.));
#1425=DIRECTION('',(-0.965925691252708,0.258819549064554,0.));
#1426=DIRECTION('',(0.,0.,-1.));
#1427=DIRECTION('',(0.965925691252708,-0.258819549064554,0.));
#1428=DIRECTION('',(0.,0.,-1.));
#1429=DIRECTION('center_axis',(0.,0.,-1.));
#1430=DIRECTION('ref_axis',(0.258819549064542,0.965925691252711,0.));
#1431=DIRECTION('center_axis',(0.,0.,1.));
#1432=DIRECTION('ref_axis',(0.258819549064542,0.965925691252711,0.));
#1433=DIRECTION('center_axis',(0.,0.,-1.));
#1434=DIRECTION('ref_axis',(0.258819549064542,0.965925691252711,0.));
#1435=DIRECTION('',(0.,0.,-1.));
#1436=DIRECTION('center_axis',(-0.25881954906455,-0.965925691252709,0.));
#1437=DIRECTION('ref_axis',(-0.965925691252709,0.25881954906455,0.));
#1438=DIRECTION('',(0.965925691252709,-0.25881954906455,0.));
#1439=DIRECTION('',(-0.965925691252709,0.25881954906455,0.));
#1440=DIRECTION('',(0.,0.,-1.));
#1441=DIRECTION('center_axis',(0.,0.,-1.));
#1442=DIRECTION('ref_axis',(-0.258819549064555,-0.965925691252707,0.));
#1443=DIRECTION('center_axis',(0.,0.,1.));
#1444=DIRECTION('ref_axis',(-0.258819549064555,-0.965925691252707,0.));
#1445=DIRECTION('center_axis',(0.,0.,-1.));
#1446=DIRECTION('ref_axis',(-0.258819549064555,-0.965925691252707,0.));
#1447=DIRECTION('center_axis',(0.495941071833824,0.86835617880471,0.));
#1448=DIRECTION('ref_axis',(0.86835617880471,-0.495941071833824,0.));
#1449=DIRECTION('',(-0.86835617880471,0.495941071833824,0.));
#1450=DIRECTION('',(0.,0.,-1.));
#1451=DIRECTION('',(0.86835617880471,-0.495941071833824,0.));
#1452=DIRECTION('',(0.,0.,-1.));
#1453=DIRECTION('center_axis',(0.,0.,-1.));
#1454=DIRECTION('ref_axis',(0.495941071833813,0.868356178804717,0.));
#1455=DIRECTION('center_axis',(0.,0.,1.));
#1456=DIRECTION('ref_axis',(0.495941071833813,0.868356178804717,0.));
#1457=DIRECTION('center_axis',(0.,0.,-1.));
#1458=DIRECTION('ref_axis',(0.495941071833813,0.868356178804717,0.));
#1459=DIRECTION('',(0.,0.,-1.));
#1460=DIRECTION('center_axis',(-0.49594107183382,-0.868356178804713,0.));
#1461=DIRECTION('ref_axis',(-0.868356178804713,0.495941071833819,0.));
#1462=DIRECTION('',(0.868356178804713,-0.495941071833819,0.));
#1463=DIRECTION('',(-0.868356178804713,0.495941071833819,0.));
#1464=DIRECTION('',(0.,0.,-1.));
#1465=DIRECTION('center_axis',(0.,0.,-1.));
#1466=DIRECTION('ref_axis',(-0.495941071833824,-0.86835617880471,0.));
#1467=DIRECTION('center_axis',(0.,0.,1.));
#1468=DIRECTION('ref_axis',(-0.495941071833824,-0.86835617880471,0.));
#1469=DIRECTION('center_axis',(0.,0.,-1.));
#1470=DIRECTION('ref_axis',(-0.495941071833824,-0.86835617880471,0.));
#1471=DIRECTION('center_axis',(0.70045624146483,0.713695350827623,0.));
#1472=DIRECTION('ref_axis',(0.713695350827623,-0.70045624146483,0.));
#1473=DIRECTION('',(-0.713695350827623,0.70045624146483,0.));
#1474=DIRECTION('',(0.,0.,-1.));
#1475=DIRECTION('',(0.713695350827623,-0.70045624146483,0.));
#1476=DIRECTION('',(0.,0.,-1.));
#1477=DIRECTION('center_axis',(0.,0.,-1.));
#1478=DIRECTION('ref_axis',(0.70045624146482,0.713695350827632,0.));
#1479=DIRECTION('center_axis',(0.,0.,1.));
#1480=DIRECTION('ref_axis',(0.70045624146482,0.713695350827632,0.));
#1481=DIRECTION('center_axis',(0.,0.,-1.));
#1482=DIRECTION('ref_axis',(0.70045624146482,0.713695350827632,0.));
#1483=DIRECTION('',(0.,0.,-1.));
#1484=DIRECTION('center_axis',(-0.700456241464826,-0.713695350827627,0.));
#1485=DIRECTION('ref_axis',(-0.713695350827627,0.700456241464826,0.));
#1486=DIRECTION('',(0.713695350827627,-0.700456241464826,0.));
#1487=DIRECTION('',(-0.713695350827627,0.700456241464826,0.));
#1488=DIRECTION('',(0.,0.,-1.));
#1489=DIRECTION('center_axis',(0.,0.,-1.));
#1490=DIRECTION('ref_axis',(-0.70045624146483,-0.713695350827623,0.));
#1491=DIRECTION('center_axis',(0.,0.,1.));
#1492=DIRECTION('ref_axis',(-0.70045624146483,-0.713695350827623,0.));
#1493=DIRECTION('center_axis',(0.,0.,-1.));
#1494=DIRECTION('ref_axis',(-0.70045624146483,-0.713695350827623,0.));
#1495=DIRECTION('center_axis',(0.858918916426154,0.512111604052595,0.));
#1496=DIRECTION('ref_axis',(0.512111604052595,-0.858918916426154,0.));
#1497=DIRECTION('',(-0.512111604052595,0.858918916426154,0.));
#1498=DIRECTION('',(0.,0.,-1.));
#1499=DIRECTION('',(0.512111604052595,-0.858918916426154,0.));
#1500=DIRECTION('',(0.,0.,-1.));
#1501=DIRECTION('center_axis',(0.,0.,-1.));
#1502=DIRECTION('ref_axis',(0.858918916426148,0.512111604052606,0.));
#1503=DIRECTION('center_axis',(0.,0.,1.));
#1504=DIRECTION('ref_axis',(0.858918916426148,0.512111604052606,0.));
#1505=DIRECTION('center_axis',(0.,0.,-1.));
#1506=DIRECTION('ref_axis',(0.858918916426148,0.512111604052606,0.));
#1507=DIRECTION('',(0.,0.,-1.));
#1508=DIRECTION('center_axis',(-0.858918916426152,-0.512111604052599,0.));
#1509=DIRECTION('ref_axis',(-0.512111604052599,0.858918916426152,0.));
#1510=DIRECTION('',(0.512111604052599,-0.858918916426152,0.));
#1511=DIRECTION('',(-0.512111604052599,0.858918916426152,0.));
#1512=DIRECTION('',(0.,0.,-1.));
#1513=DIRECTION('center_axis',(0.,0.,-1.));
#1514=DIRECTION('ref_axis',(-0.858918916426154,-0.512111604052594,0.));
#1515=DIRECTION('center_axis',(0.,0.,1.));
#1516=DIRECTION('ref_axis',(-0.858918916426154,-0.512111604052594,0.));
#1517=DIRECTION('center_axis',(0.,0.,-1.));
#1518=DIRECTION('ref_axis',(-0.858918916426154,-0.512111604052594,0.));
#1519=DIRECTION('center_axis',(0.960910742134021,0.276858349434229,0.));
#1520=DIRECTION('ref_axis',(0.276858349434229,-0.960910742134021,0.));
#1521=DIRECTION('',(-0.276858349434229,0.960910742134021,0.));
#1522=DIRECTION('',(0.,0.,-1.));
#1523=DIRECTION('',(0.276858349434229,-0.960910742134021,0.));
#1524=DIRECTION('',(0.,0.,-1.));
#1525=DIRECTION('center_axis',(0.,0.,-1.));
#1526=DIRECTION('ref_axis',(0.960910742134017,0.276858349434241,0.));
#1527=DIRECTION('center_axis',(0.,0.,1.));
#1528=DIRECTION('ref_axis',(0.960910742134017,0.276858349434241,0.));
#1529=DIRECTION('center_axis',(0.,0.,-1.));
#1530=DIRECTION('ref_axis',(0.960910742134017,0.276858349434241,0.));
#1531=DIRECTION('',(0.,0.,-1.));
#1532=DIRECTION('center_axis',(-0.960910742134019,-0.276858349434234,0.));
#1533=DIRECTION('ref_axis',(-0.276858349434234,0.960910742134019,0.));
#1534=DIRECTION('',(0.276858349434234,-0.960910742134019,0.));
#1535=DIRECTION('',(-0.276858349434234,0.960910742134019,0.));
#1536=DIRECTION('',(0.,0.,-1.));
#1537=DIRECTION('center_axis',(0.,0.,-1.));
#1538=DIRECTION('ref_axis',(-0.960910742134021,-0.276858349434228,0.));
#1539=DIRECTION('center_axis',(0.,0.,1.));
#1540=DIRECTION('ref_axis',(-0.960910742134021,-0.276858349434228,0.));
#1541=DIRECTION('center_axis',(0.,0.,-1.));
#1542=DIRECTION('ref_axis',(-0.960910742134021,-0.276858349434228,0.));
#1543=DIRECTION('center_axis',(0.99972612053431,0.0234026477437767,0.));
#1544=DIRECTION('ref_axis',(0.0234026477437766,-0.999726120534309,0.));
#1545=DIRECTION('',(-0.0234026477437766,0.999726120534309,0.));
#1546=DIRECTION('',(0.,0.,-1.));
#1547=DIRECTION('',(0.0234026477437766,-0.999726120534309,0.));
#1548=DIRECTION('',(0.,0.,-1.));
#1549=DIRECTION('center_axis',(0.,0.,-1.));
#1550=DIRECTION('ref_axis',(0.999726120534309,0.0234026477437895,0.));
#1551=DIRECTION('center_axis',(0.,0.,1.));
#1552=DIRECTION('ref_axis',(0.999726120534309,0.0234026477437895,0.));
#1553=DIRECTION('center_axis',(0.,0.,-1.));
#1554=DIRECTION('ref_axis',(0.999726120534309,0.0234026477437895,0.));
#1555=DIRECTION('',(0.,0.,-1.));
#1556=DIRECTION('center_axis',(-0.999726120534309,-0.0234026477437815,0.));
#1557=DIRECTION('ref_axis',(-0.0234026477437815,0.999726120534309,0.));
#1558=DIRECTION('',(0.0234026477437815,-0.999726120534309,0.));
#1559=DIRECTION('',(-0.0234026477437815,0.999726120534309,0.));
#1560=DIRECTION('',(0.,0.,-1.));
#1561=DIRECTION('center_axis',(0.,0.,-1.));
#1562=DIRECTION('ref_axis',(-0.99972612053431,-0.023402647743776,0.));
#1563=DIRECTION('center_axis',(0.,0.,1.));
#1564=DIRECTION('ref_axis',(-0.99972612053431,-0.023402647743776,0.));
#1565=DIRECTION('center_axis',(0.,0.,-1.));
#1566=DIRECTION('ref_axis',(-0.99972612053431,-0.023402647743776,0.));
#1567=DIRECTION('center_axis',(0.975977353869365,-0.21787199162387,0.));
#1568=DIRECTION('ref_axis',(-0.21787199162387,-0.975977353869365,0.));
#1569=DIRECTION('',(0.21787199162387,0.975977353869365,0.));
#1570=DIRECTION('',(0.,0.,-1.));
#1571=DIRECTION('',(-0.21787199162387,-0.975977353869365,0.));
#1572=DIRECTION('',(0.,0.,-1.));
#1573=DIRECTION('center_axis',(0.,0.,-1.));
#1574=DIRECTION('ref_axis',(0.975977353869368,-0.217871991623857,0.));
#1575=DIRECTION('center_axis',(0.,0.,1.));
#1576=DIRECTION('ref_axis',(0.975977353869368,-0.217871991623857,0.));
#1577=DIRECTION('center_axis',(0.,0.,-1.));
#1578=DIRECTION('ref_axis',(0.975977353869368,-0.217871991623857,0.));
#1579=DIRECTION('',(0.,0.,-1.));
#1580=DIRECTION('center_axis',(-0.975977353869366,0.217871991623865,0.));
#1581=DIRECTION('ref_axis',(0.217871991623865,0.975977353869366,0.));
#1582=DIRECTION('',(-0.217871991623865,-0.975977353869366,0.));
#1583=DIRECTION('',(0.217871991623865,0.975977353869366,0.));
#1584=DIRECTION('',(0.,0.,-1.));
#1585=DIRECTION('center_axis',(0.,0.,-1.));
#1586=DIRECTION('ref_axis',(-0.975977353869365,0.21787199162387,0.));
#1587=DIRECTION('center_axis',(0.,0.,1.));
#1588=DIRECTION('ref_axis',(-0.975977353869365,0.21787199162387,0.));
#1589=DIRECTION('center_axis',(0.,0.,-1.));
#1590=DIRECTION('ref_axis',(-0.975977353869365,0.21787199162387,0.));
#1591=DIRECTION('center_axis',(0.975977353869365,-0.21787199162387,0.));
#1592=DIRECTION('ref_axis',(-0.21787199162387,-0.975977353869365,0.));
#1593=DIRECTION('',(0.21787199162387,0.975977353869365,0.));
#1594=DIRECTION('',(0.,0.,-1.));
#1595=DIRECTION('',(-0.21787199162387,-0.975977353869365,0.));
#1596=DIRECTION('',(0.,0.,-1.));
#1597=DIRECTION('center_axis',(0.,0.,-1.));
#1598=DIRECTION('ref_axis',(0.975977353869368,-0.217871991623857,0.));
#1599=DIRECTION('center_axis',(0.,0.,1.));
#1600=DIRECTION('ref_axis',(0.975977353869368,-0.217871991623857,0.));
#1601=DIRECTION('center_axis',(0.,0.,-1.));
#1602=DIRECTION('ref_axis',(0.975977353869368,-0.217871991623857,0.));
#1603=DIRECTION('',(0.,0.,-1.));
#1604=DIRECTION('center_axis',(-0.975977353869366,0.217871991623865,0.));
#1605=DIRECTION('ref_axis',(0.217871991623865,0.975977353869366,0.));
#1606=DIRECTION('',(-0.217871991623865,-0.975977353869366,0.));
#1607=DIRECTION('',(0.217871991623865,0.975977353869366,0.));
#1608=DIRECTION('',(0.,0.,-1.));
#1609=DIRECTION('center_axis',(0.,0.,-1.));
#1610=DIRECTION('ref_axis',(-0.975977353869365,0.21787199162387,0.));
#1611=DIRECTION('center_axis',(0.,0.,1.));
#1612=DIRECTION('ref_axis',(-0.975977353869365,0.21787199162387,0.));
#1613=DIRECTION('center_axis',(0.,0.,-1.));
#1614=DIRECTION('ref_axis',(-0.975977353869365,0.21787199162387,0.));
#1615=DIRECTION('center_axis',(0.975977353869365,-0.21787199162387,0.));
#1616=DIRECTION('ref_axis',(-0.21787199162387,-0.975977353869365,0.));
#1617=DIRECTION('',(0.21787199162387,0.975977353869365,0.));
#1618=DIRECTION('',(0.,0.,-1.));
#1619=DIRECTION('',(-0.21787199162387,-0.975977353869365,0.));
#1620=DIRECTION('',(0.,0.,-1.));
#1621=DIRECTION('center_axis',(0.,0.,-1.));
#1622=DIRECTION('ref_axis',(0.975977353869368,-0.217871991623857,0.));
#1623=DIRECTION('center_axis',(0.,0.,1.));
#1624=DIRECTION('ref_axis',(0.975977353869368,-0.217871991623857,0.));
#1625=DIRECTION('center_axis',(0.,0.,-1.));
#1626=DIRECTION('ref_axis',(0.975977353869368,-0.217871991623857,0.));
#1627=DIRECTION('',(0.,0.,-1.));
#1628=DIRECTION('center_axis',(-0.975977353869366,0.217871991623865,0.));
#1629=DIRECTION('ref_axis',(0.217871991623865,0.975977353869366,0.));
#1630=DIRECTION('',(-0.217871991623865,-0.975977353869366,0.));
#1631=DIRECTION('',(0.217871991623865,0.975977353869366,0.));
#1632=DIRECTION('',(0.,0.,-1.));
#1633=DIRECTION('center_axis',(0.,0.,-1.));
#1634=DIRECTION('ref_axis',(-0.975977353869365,0.21787199162387,0.));
#1635=DIRECTION('center_axis',(0.,0.,1.));
#1636=DIRECTION('ref_axis',(-0.975977353869365,0.21787199162387,0.));
#1637=DIRECTION('center_axis',(0.,0.,-1.));
#1638=DIRECTION('ref_axis',(-0.975977353869365,0.21787199162387,0.));
#1639=DIRECTION('center_axis',(0.,0.,-1.));
#1640=DIRECTION('ref_axis',(-0.987194954050077,0.159518408649492,0.));
#1641=DIRECTION('center_axis',(0.,0.,-1.));
#1642=DIRECTION('ref_axis',(-0.987194954050077,0.159518408649492,0.));
#1643=DIRECTION('',(0.,0.,-1.));
#1644=DIRECTION('center_axis',(0.,0.,1.));
#1645=DIRECTION('ref_axis',(-0.987194954050077,0.159518408649492,0.));
#1646=DIRECTION('',(0.,0.,1.));
#1647=DIRECTION('center_axis',(0.,0.,1.));
#1648=DIRECTION('ref_axis',(0.975977353869367,-0.217871991623865,0.));
#1649=DIRECTION('center_axis',(0.,0.,1.));
#1650=DIRECTION('ref_axis',(0.975977353869367,-0.217871991623865,0.));
#1651=DIRECTION('',(0.,0.,1.));
#1652=DIRECTION('center_axis',(0.,0.,1.));
#1653=DIRECTION('ref_axis',(0.975977353869367,-0.217871991623865,0.));
#1654=DIRECTION('center_axis',(0.,0.,1.));
#1655=DIRECTION('ref_axis',(0.975977353869367,-0.217871991623865,0.));
#1656=DIRECTION('center_axis',(0.,0.,1.));
#1657=DIRECTION('ref_axis',(0.975977353869367,-0.217871991623865,0.));
#1658=DIRECTION('',(0.,0.,1.));
#1659=DIRECTION('center_axis',(0.,0.,1.));
#1660=DIRECTION('ref_axis',(0.975977353869367,-0.217871991623865,0.));
#1661=DIRECTION('center_axis',(0.,0.,1.));
#1662=DIRECTION('ref_axis',(1.,0.,0.));
#1663=DIRECTION('center_axis',(0.,0.,1.));
#1664=DIRECTION('ref_axis',(-0.44864929934743,0.893707897578991,0.));
#1665=DIRECTION('center_axis',(0.,0.,-1.));
#1666=DIRECTION('ref_axis',(-0.987659449886744,0.15661676490534,0.));
#1667=DIRECTION('',(-0.217871991623865,-0.975977353869367,0.));
#1668=DIRECTION('center_axis',(0.,0.,-1.));
#1669=DIRECTION('ref_axis',(-0.668168889985192,-0.744009633308572,0.));
#1670=DIRECTION('',(0.947029473378201,0.321146658947289,0.));
#1671=DIRECTION('center_axis',(0.,0.,1.));
#1672=DIRECTION('ref_axis',(-0.975977353869367,0.217871991623863,0.));
#1673=DIRECTION('',(0.217871991623865,0.975977353869366,0.));
#1674=DIRECTION('center_axis',(0.,0.,-1.));
#1675=DIRECTION('ref_axis',(-1.,0.,0.));
#1676=DIRECTION('center_axis',(0.,0.,-1.));
#1677=DIRECTION('ref_axis',(-0.22488169609404,0.974386074798828,0.));
#1678=DIRECTION('center_axis',(0.,0.,1.));
#1679=DIRECTION('ref_axis',(-0.224881696094032,0.97438607479883,0.));
#1680=DIRECTION('center_axis',(0.,0.,-1.));
#1681=DIRECTION('ref_axis',(-1.,0.,0.));
#1682=DIRECTION('center_axis',(0.,0.,-1.));
#1683=DIRECTION('ref_axis',(0.224881696094032,-0.97438607479883,0.));
#1684=DIRECTION('',(0.217871991623865,0.975977353869366,0.));
#1685=DIRECTION('center_axis',(0.,0.,-1.));
#1686=DIRECTION('ref_axis',(0.975977353869368,-0.217871991623857,0.));
#1687=DIRECTION('',(-0.21787199162387,-0.975977353869365,0.));
#1688=DIRECTION('center_axis',(0.,0.,-1.));
#1689=DIRECTION('ref_axis',(-0.975977353869365,0.21787199162387,0.));
#1690=DIRECTION('center_axis',(0.975977353869365,-0.21787199162387,0.));
#1691=DIRECTION('ref_axis',(-0.21787199162387,-0.975977353869365,0.));
#1692=DIRECTION('',(0.21787199162387,0.975977353869365,0.));
#1693=DIRECTION('',(0.,0.,-1.));
#1694=DIRECTION('',(0.,0.,-1.));
#1695=DIRECTION('center_axis',(0.,0.,-1.));
#1696=DIRECTION('ref_axis',(0.975977353869368,-0.217871991623857,0.));
#1697=DIRECTION('center_axis',(0.,0.,1.));
#1698=DIRECTION('ref_axis',(0.975977353869368,-0.217871991623857,0.));
#1699=DIRECTION('',(0.,0.,-1.));
#1700=DIRECTION('center_axis',(-0.975977353869366,0.217871991623865,0.));
#1701=DIRECTION('ref_axis',(0.217871991623865,0.975977353869366,0.));
#1702=DIRECTION('',(-0.217871991623865,-0.975977353869366,0.));
#1703=DIRECTION('',(0.,0.,-1.));
#1704=DIRECTION('center_axis',(0.,0.,-1.));
#1705=DIRECTION('ref_axis',(-0.975977353869365,0.21787199162387,0.));
#1706=DIRECTION('center_axis',(0.,0.,1.));
#1707=DIRECTION('ref_axis',(-0.975977353869365,0.21787199162387,0.));
#1708=DIRECTION('center_axis',(0.,0.,1.));
#1709=DIRECTION('ref_axis',(-0.668168889985192,-0.744009633308572,0.));
#1710=DIRECTION('',(0.,0.,-1.));
#1711=DIRECTION('center_axis',(0.,0.,1.));
#1712=DIRECTION('ref_axis',(-0.668168889985192,-0.744009633308572,0.));
#1713=DIRECTION('',(0.,0.,1.));
#1714=DIRECTION('center_axis',(0.,0.,1.));
#1715=DIRECTION('ref_axis',(1.,0.,0.));
#1716=DIRECTION('',(0.217871991623865,0.975977353869366,0.));
#1717=DIRECTION('center_axis',(0.,0.,1.));
#1718=DIRECTION('ref_axis',(-0.975977353869367,0.217871991623863,0.));
#1719=DIRECTION('',(0.947029473378201,0.321146658947289,0.));
#1720=DIRECTION('',(-0.217871991623865,-0.975977353869367,0.));
#1721=DIRECTION('center_axis',(0.,0.,-1.));
#1722=DIRECTION('ref_axis',(-0.987659449886744,0.15661676490534,0.));
#1723=DIRECTION('center_axis',(0.,0.,1.));
#1724=DIRECTION('ref_axis',(-0.44864929934743,0.893707897578991,0.));
#1725=DIRECTION('center_axis',(0.,0.,-1.));
#1726=DIRECTION('ref_axis',(-1.,0.,0.));
#1727=DIRECTION('center_axis',(0.,0.,-1.));
#1728=DIRECTION('ref_axis',(-0.22488169609404,0.974386074798828,0.));
#1729=DIRECTION('center_axis',(0.,0.,-1.));
#1730=DIRECTION('ref_axis',(0.224881696094032,-0.97438607479883,0.));
#1731=DIRECTION('center_axis',(0.,0.,-1.));
#1732=DIRECTION('ref_axis',(-1.,0.,0.));
#1733=DIRECTION('center_axis',(0.,0.,1.));
#1734=DIRECTION('ref_axis',(-0.224881696094032,0.97438607479883,0.));
#1735=DIRECTION('center_axis',(-0.975977353869367,0.217871991623865,0.));
#1736=DIRECTION('ref_axis',(-0.217871991623865,-0.975977353869367,0.));
#1737=DIRECTION('',(0.,0.,1.));
#1738=DIRECTION('center_axis',(0.,0.,1.));
#1739=DIRECTION('ref_axis',(-1.,0.,0.));
#1740=DIRECTION('',(0.,0.,-1.));
#1741=DIRECTION('center_axis',(0.,0.,1.));
#1742=DIRECTION('ref_axis',(0.224881696094032,-0.97438607479883,0.));
#1743=DIRECTION('',(0.,0.,1.));
#1744=DIRECTION('',(0.,0.,1.));
#1745=DIRECTION('center_axis',(0.,0.,1.));
#1746=DIRECTION('ref_axis',(-1.,0.,0.));
#1747=DIRECTION('',(0.,0.,1.));
#1748=DIRECTION('center_axis',(0.,0.,1.));
#1749=DIRECTION('ref_axis',(-0.224881696094032,0.97438607479883,0.));
#1750=DIRECTION('',(0.,0.,1.));
#1751=DIRECTION('center_axis',(0.,0.,1.));
#1752=DIRECTION('ref_axis',(-0.22488169609404,0.974386074798828,0.));
#1753=DIRECTION('center_axis',(0.975977353869367,-0.217871991623865,0.));
#1754=DIRECTION('ref_axis',(0.217871991623865,0.975977353869366,0.));
#1755=DIRECTION('',(0.,0.,1.));
#1756=DIRECTION('center_axis',(0.,0.,1.));
#1757=DIRECTION('ref_axis',(-0.975977353869367,0.217871991623863,0.));
#1758=DIRECTION('',(0.,0.,1.));
#1759=DIRECTION('center_axis',(0.321146658947289,-0.947029473378201,0.));
#1760=DIRECTION('ref_axis',(0.947029473378201,0.321146658947289,0.));
#1761=DIRECTION('center_axis',(0.,0.,1.));
#1762=DIRECTION('ref_axis',(-0.987659449886744,0.15661676490534,0.));
#1763=DIRECTION('',(0.,0.,1.));
#1764=DIRECTION('center_axis',(0.,0.,1.));
#1765=DIRECTION('ref_axis',(-0.44864929934743,0.893707897578991,0.));
#1766=CARTESIAN_POINT('',(0.,0.,0.));
#1767=CARTESIAN_POINT('Origin',(2.8743903885238,12.2644225120232,0.3));
#1768=CARTESIAN_POINT('',(3.1243876488764,12.2632521205525,0.));
#1769=CARTESIAN_POINT('',(2.8743903885238,12.2644225120232,0.));
#1770=CARTESIAN_POINT('',(3.61109536557623,12.2609735413412,2.18547839493141E-17));
#1771=CARTESIAN_POINT('',(3.1243876488764,12.2632521205525,0.3));
#1772=CARTESIAN_POINT('',(3.1243876488764,12.2632521205525,0.3));
#1773=CARTESIAN_POINT('',(2.8743903885238,12.2644225120232,0.3));
#1774=CARTESIAN_POINT('',(3.61109536557623,12.2609735413412,0.3));
#1775=CARTESIAN_POINT('',(2.8743903885238,12.2644225120232,0.3));
#1776=CARTESIAN_POINT('Origin',(2.87409779065613,12.201923196935,0.3));
#1777=CARTESIAN_POINT('',(2.87380519278847,12.1394238818469,0.));
#1778=CARTESIAN_POINT('Origin',(2.87409779065613,12.201923196935,0.));
#1779=CARTESIAN_POINT('',(2.87380519278847,12.1394238818469,0.3));
#1780=CARTESIAN_POINT('Origin',(2.87409779065613,12.201923196935,0.3));
#1781=CARTESIAN_POINT('',(2.87380519278847,12.1394238818469,0.3));
#1782=CARTESIAN_POINT('Origin',(3.12380245314107,12.1382534903762,0.3));
#1783=CARTESIAN_POINT('',(3.12380245314107,12.1382534903762,0.));
#1784=CARTESIAN_POINT('',(3.7355088000172,12.1353897154296,-2.18547839493141E-17));
#1785=CARTESIAN_POINT('',(3.12380245314107,12.1382534903762,0.3));
#1786=CARTESIAN_POINT('',(3.7355088000172,12.1353897154296,0.3));
#1787=CARTESIAN_POINT('',(3.12380245314107,12.1382534903762,0.3));
#1788=CARTESIAN_POINT('Origin',(3.12409505100873,12.2007528054644,0.3));
#1789=CARTESIAN_POINT('Origin',(3.12409505100873,12.2007528054644,0.));
#1790=CARTESIAN_POINT('Origin',(3.12409505100873,12.2007528054644,0.3));
#1791=CARTESIAN_POINT('Origin',(3.88718449985667,12.1932422674385,0.3));
#1792=CARTESIAN_POINT('',(4.12866592266984,12.1285373801723,0.));
#1793=CARTESIAN_POINT('',(3.88718449985667,12.1932422674385,0.));
#1794=CARTESIAN_POINT('',(4.59383722416143,12.0038948454721,2.18547839493141E-17));
#1795=CARTESIAN_POINT('',(4.12866592266984,12.1285373801723,0.3));
#1796=CARTESIAN_POINT('',(4.12866592266984,12.1285373801723,0.3));
#1797=CARTESIAN_POINT('',(3.88718449985667,12.1932422674385,0.3));
#1798=CARTESIAN_POINT('',(4.59383722416143,12.0038948454721,0.3));
#1799=CARTESIAN_POINT('',(3.88718449985667,12.1932422674385,0.3));
#1800=CARTESIAN_POINT('Origin',(3.87100827804013,12.1328719117352,0.3));
#1801=CARTESIAN_POINT('',(3.8548320562236,12.0725015560319,0.));
#1802=CARTESIAN_POINT('Origin',(3.87100827804013,12.1328719117352,0.));
#1803=CARTESIAN_POINT('',(3.8548320562236,12.0725015560319,0.3));
#1804=CARTESIAN_POINT('Origin',(3.87100827804013,12.1328719117352,0.3));
#1805=CARTESIAN_POINT('',(3.8548320562236,12.0725015560319,0.3));
#1806=CARTESIAN_POINT('Origin',(4.09631347903677,12.0077966687657,0.3));
#1807=CARTESIAN_POINT('',(4.09631347903677,12.0077966687657,0.));
#1808=CARTESIAN_POINT('',(4.68222549193494,11.8508016904324,0.));
#1809=CARTESIAN_POINT('',(4.09631347903677,12.0077966687657,0.3));
#1810=CARTESIAN_POINT('',(4.68222549193494,11.8508016904324,0.3));
#1811=CARTESIAN_POINT('',(4.09631347903677,12.0077966687657,0.3));
#1812=CARTESIAN_POINT('Origin',(4.11248970085331,12.068167024469,0.3));
#1813=CARTESIAN_POINT('Origin',(4.11248970085331,12.068167024469,0.));
#1814=CARTESIAN_POINT('Origin',(4.11248970085331,12.068167024469,0.3));
#1815=CARTESIAN_POINT('Origin',(4.84858405781536,11.8668538039069,0.3));
#1816=CARTESIAN_POINT('',(5.06567310251654,11.7428685359484,0.));
#1817=CARTESIAN_POINT('',(4.84858405781536,11.8668538039069,0.));
#1818=CARTESIAN_POINT('',(5.44475796386445,11.5263631928165,0.));
#1819=CARTESIAN_POINT('',(5.06567310251654,11.7428685359484,0.3));
#1820=CARTESIAN_POINT('',(5.06567310251654,11.7428685359484,0.3));
#1821=CARTESIAN_POINT('',(4.84858405781536,11.8668538039069,0.3));
#1822=CARTESIAN_POINT('',(5.44475796386445,11.5263631928165,0.3));
#1823=CARTESIAN_POINT('',(4.84858405781536,11.8668538039069,0.3));
#1824=CARTESIAN_POINT('Origin',(4.81758774082575,11.8125815427316,0.3));
#1825=CARTESIAN_POINT('',(4.78659142383613,11.7583092815563,0.));
#1826=CARTESIAN_POINT('Origin',(4.81758774082575,11.8125815427316,0.));
#1827=CARTESIAN_POINT('',(4.78659142383613,11.7583092815563,0.3));
#1828=CARTESIAN_POINT('Origin',(4.81758774082575,11.8125815427316,0.3));
#1829=CARTESIAN_POINT('',(4.78659142383613,11.7583092815563,0.3));
#1830=CARTESIAN_POINT('Origin',(5.00368046853731,11.6343240135978,0.3));
#1831=CARTESIAN_POINT('',(5.00368046853731,11.6343240135978,0.));
#1832=CARTESIAN_POINT('',(5.49130985223581,11.3558260364867,2.18547839493141E-17));
#1833=CARTESIAN_POINT('',(5.00368046853731,11.6343240135978,0.3));
#1834=CARTESIAN_POINT('',(5.49130985223581,11.3558260364867,0.3));
#1835=CARTESIAN_POINT('',(5.00368046853731,11.6343240135978,0.3));
#1836=CARTESIAN_POINT('Origin',(5.03467678552692,11.6885962747731,0.3));
#1837=CARTESIAN_POINT('Origin',(5.03467678552692,11.6885962747731,0.));
#1838=CARTESIAN_POINT('Origin',(5.03467678552692,11.6885962747731,0.3));
#1839=CARTESIAN_POINT('Origin',(5.69538047719869,11.3067159964976,0.3));
#1840=CARTESIAN_POINT('',(5.8738043149056,11.1316019361314,0.));
#1841=CARTESIAN_POINT('',(5.69538047719869,11.3067159964976,0.));
#1842=CARTESIAN_POINT('',(6.12687681823494,10.883223949229,0.));
#1843=CARTESIAN_POINT('',(5.8738043149056,11.1316019361314,0.3));
#1844=CARTESIAN_POINT('',(5.8738043149056,11.1316019361314,0.3));
#1845=CARTESIAN_POINT('',(5.69538047719869,11.3067159964976,0.3));
#1846=CARTESIAN_POINT('',(6.12687681823494,10.883223949229,0.3));
#1847=CARTESIAN_POINT('',(5.69538047719869,11.3067159964976,0.3));
#1848=CARTESIAN_POINT('Origin',(5.65160196210714,11.2621100370709,0.3));
#1849=CARTESIAN_POINT('',(5.60782344701559,11.2175040776442,0.));
#1850=CARTESIAN_POINT('Origin',(5.65160196210714,11.2621100370709,0.));
#1851=CARTESIAN_POINT('',(5.60782344701559,11.2175040776442,0.3));
#1852=CARTESIAN_POINT('Origin',(5.65160196210714,11.2621100370709,0.3));
#1853=CARTESIAN_POINT('',(5.60782344701559,11.2175040776442,0.3));
#1854=CARTESIAN_POINT('Origin',(5.7862472847225,11.042390017278,0.3));
#1855=CARTESIAN_POINT('',(5.7862472847225,11.042390017278,0.));
#1856=CARTESIAN_POINT('',(6.12853170690528,10.7064550001925,0.));
#1857=CARTESIAN_POINT('',(5.7862472847225,11.042390017278,0.3));
#1858=CARTESIAN_POINT('',(6.12853170690528,10.7064550001925,0.3));
#1859=CARTESIAN_POINT('',(5.7862472847225,11.042390017278,0.3));
#1860=CARTESIAN_POINT('Origin',(5.83002579981405,11.0869959767047,0.3));
#1861=CARTESIAN_POINT('Origin',(5.83002579981405,11.0869959767047,0.));
#1862=CARTESIAN_POINT('Origin',(5.83002579981405,11.0869959767047,0.3));
#1863=CARTESIAN_POINT('Origin',(6.37189991961186,10.5496559042945,0.3));
#1864=CARTESIAN_POINT('',(6.499927820625,10.3349261751879,0.));
#1865=CARTESIAN_POINT('',(6.37189991961186,10.5496559042945,0.));
#1866=CARTESIAN_POINT('',(6.62339251645058,10.1278499013519,2.18547839493141E-17));
#1867=CARTESIAN_POINT('',(6.499927820625,10.3349261751879,0.3));
#1868=CARTESIAN_POINT('',(6.499927820625,10.3349261751879,0.3));
#1869=CARTESIAN_POINT('',(6.37189991961186,10.5496559042945,0.3));
#1870=CARTESIAN_POINT('',(6.62339251645058,10.1278499013519,0.3));
#1871=CARTESIAN_POINT('',(6.37189991961186,10.5496559042945,0.3));
#1872=CARTESIAN_POINT('Origin',(6.31821748733522,10.5176489290412,0.3));
#1873=CARTESIAN_POINT('',(6.26453505505859,10.4856419537879,0.));
#1874=CARTESIAN_POINT('Origin',(6.31821748733522,10.5176489290412,0.));
#1875=CARTESIAN_POINT('',(6.26453505505859,10.4856419537879,0.3));
#1876=CARTESIAN_POINT('Origin',(6.31821748733522,10.5176489290412,0.3));
#1877=CARTESIAN_POINT('',(6.26453505505859,10.4856419537879,0.3));
#1878=CARTESIAN_POINT('Origin',(6.39256295607174,10.2709122246813,0.3));
#1879=CARTESIAN_POINT('',(6.39256295607174,10.2709122246813,0.));
#1880=CARTESIAN_POINT('',(6.58004160240388,9.95647108629208,0.));
#1881=CARTESIAN_POINT('',(6.39256295607174,10.2709122246813,0.3));
#1882=CARTESIAN_POINT('',(6.58004160240388,9.95647108629208,0.3));
#1883=CARTESIAN_POINT('',(6.39256295607174,10.2709122246813,0.3));
#1884=CARTESIAN_POINT('Origin',(6.44624538834837,10.3029191999346,0.3));
#1885=CARTESIAN_POINT('Origin',(6.44624538834837,10.3029191999346,0.));
#1886=CARTESIAN_POINT('Origin',(6.44624538834837,10.3029191999346,0.3));
#1887=CARTESIAN_POINT('Origin',(6.83366364938034,9.64544752286903,0.3));
#1888=CARTESIAN_POINT('',(6.90287823673889,9.40521983733552,0.));
#1889=CARTESIAN_POINT('',(6.83366364938034,9.64544752286903,0.));
#1890=CARTESIAN_POINT('',(6.93153354303965,9.30576395421043,-2.18547839493141E-17));
#1891=CARTESIAN_POINT('',(6.90287823673889,9.40521983733552,0.3));
#1892=CARTESIAN_POINT('',(6.90287823673889,9.40521983733552,0.3));
#1893=CARTESIAN_POINT('',(6.83366364938034,9.64544752286903,0.3));
#1894=CARTESIAN_POINT('',(6.93153354303965,9.30576395421043,0.3));
#1895=CARTESIAN_POINT('',(6.83366364938034,9.64544752286903,0.3));
#1896=CARTESIAN_POINT('Origin',(6.77360672799696,9.62814387602939,0.3));
#1897=CARTESIAN_POINT('',(6.71354980661358,9.61084022918975,0.));
#1898=CARTESIAN_POINT('Origin',(6.77360672799696,9.62814387602939,0.));
#1899=CARTESIAN_POINT('',(6.71354980661358,9.61084022918975,0.3));
#1900=CARTESIAN_POINT('Origin',(6.77360672799696,9.62814387602939,0.3));
#1901=CARTESIAN_POINT('',(6.71354980661358,9.61084022918975,0.3));
#1902=CARTESIAN_POINT('Origin',(6.78276439397214,9.37061254365625,0.3));
#1903=CARTESIAN_POINT('',(6.78276439397214,9.37061254365625,0.));
#1904=CARTESIAN_POINT('',(6.84602699395218,9.1510428177644,-4.37095678986282E-17));
#1905=CARTESIAN_POINT('',(6.78276439397214,9.37061254365625,0.3));
#1906=CARTESIAN_POINT('',(6.84602699395218,9.1510428177644,0.3));
#1907=CARTESIAN_POINT('',(6.78276439397214,9.37061254365625,0.3));
#1908=CARTESIAN_POINT('Origin',(6.84282131535552,9.38791619049589,0.3));
#1909=CARTESIAN_POINT('Origin',(6.84282131535552,9.38791619049589,0.));
#1910=CARTESIAN_POINT('Origin',(6.84282131535552,9.38791619049589,0.3));
#1911=CARTESIAN_POINT('Origin',(7.05031235146778,8.65353932194845,0.3));
#1912=CARTESIAN_POINT('',(7.05616301340373,8.40360779181487,0.));
#1913=CARTESIAN_POINT('',(7.05031235146778,8.65353932194845,0.));
#1914=CARTESIAN_POINT('',(7.05501341094392,8.4527170900396,-2.18547839493141E-17));
#1915=CARTESIAN_POINT('',(7.05616301340373,8.40360779181487,0.3));
#1916=CARTESIAN_POINT('',(7.05616301340373,8.40360779181487,0.3));
#1917=CARTESIAN_POINT('',(7.05031235146778,8.65353932194845,0.3));
#1918=CARTESIAN_POINT('',(7.05501341094392,8.4527170900396,0.3));
#1919=CARTESIAN_POINT('',(7.05031235146778,8.65353932194845,0.3));
#1920=CARTESIAN_POINT('Origin',(6.98782946893439,8.65207665646447,0.3));
#1921=CARTESIAN_POINT('',(6.92534658640099,8.65061399098048,0.));
#1922=CARTESIAN_POINT('Origin',(6.98782946893439,8.65207665646447,0.));
#1923=CARTESIAN_POINT('',(6.92534658640099,8.65061399098048,0.3));
#1924=CARTESIAN_POINT('Origin',(6.98782946893439,8.65207665646447,0.3));
#1925=CARTESIAN_POINT('',(6.92534658640099,8.65061399098048,0.3));
#1926=CARTESIAN_POINT('Origin',(6.93119724833694,8.4006824608469,0.3));
#1927=CARTESIAN_POINT('',(6.93119724833694,8.4006824608469,0.));
#1928=CARTESIAN_POINT('',(6.93297297684511,8.32482599400485,-2.18547839493141E-17));
#1929=CARTESIAN_POINT('',(6.93119724833694,8.4006824608469,0.3));
#1930=CARTESIAN_POINT('',(6.93297297684511,8.32482599400485,0.3));
#1931=CARTESIAN_POINT('',(6.93119724833694,8.4006824608469,0.3));
#1932=CARTESIAN_POINT('Origin',(6.99368013087033,8.40214512633089,0.3));
#1933=CARTESIAN_POINT('Origin',(6.99368013087033,8.40214512633089,0.));
#1934=CARTESIAN_POINT('Origin',(6.99368013087033,8.40214512633089,0.3));
#1935=CARTESIAN_POINT('Origin',(6.99800714368027,7.64207389896676,0.3));
#1936=CARTESIAN_POINT('',(6.9435391457743,7.39807956049942,0.));
#1937=CARTESIAN_POINT('',(6.99800714368027,7.64207389896676,0.));
#1938=CARTESIAN_POINT('',(6.99269336470335,7.6182703439238,2.18547839493141E-17));
#1939=CARTESIAN_POINT('',(6.9435391457743,7.39807956049942,0.3));
#1940=CARTESIAN_POINT('',(6.9435391457743,7.39807956049942,0.3));
#1941=CARTESIAN_POINT('',(6.99800714368027,7.64207389896676,0.3));
#1942=CARTESIAN_POINT('',(6.99269336470335,7.6182703439238,0.3));
#1943=CARTESIAN_POINT('',(6.99800714368027,7.64207389896676,0.3));
#1944=CARTESIAN_POINT('Origin',(6.93700855906344,7.65569089844325,0.3));
#1945=CARTESIAN_POINT('',(6.8760099744466,7.66930789791974,0.));
#1946=CARTESIAN_POINT('Origin',(6.93700855906344,7.65569089844325,0.));
#1947=CARTESIAN_POINT('',(6.8760099744466,7.66930789791974,0.3));
#1948=CARTESIAN_POINT('Origin',(6.93700855906344,7.65569089844325,0.3));
#1949=CARTESIAN_POINT('',(6.8760099744466,7.66930789791974,0.3));
#1950=CARTESIAN_POINT('Origin',(6.82154197654063,7.4253135594524,0.3));
#1951=CARTESIAN_POINT('',(6.82154197654063,7.4253135594524,0.));
#1952=CARTESIAN_POINT('',(6.8434621965167,7.52350717364311,0.));
#1953=CARTESIAN_POINT('',(6.82154197654063,7.4253135594524,0.3));
#1954=CARTESIAN_POINT('',(6.8434621965167,7.52350717364311,0.3));
#1955=CARTESIAN_POINT('',(6.82154197654063,7.4253135594524,0.3));
#1956=CARTESIAN_POINT('Origin',(6.88254056115747,7.41169655997591,0.3));
#1957=CARTESIAN_POINT('Origin',(6.88254056115747,7.41169655997591,0.));
#1958=CARTESIAN_POINT('Origin',(6.88254056115747,7.41169655997591,0.3));
#1959=CARTESIAN_POINT('Origin',(6.78003190881634,6.66611959830201,0.3));
#1960=CARTESIAN_POINT('',(6.72556391091037,6.42212525983467,0.));
#1961=CARTESIAN_POINT('',(6.78003190881634,6.66611959830201,0.));
#1962=CARTESIAN_POINT('',(6.88365412504183,7.13030471746328,2.18547839493141E-17));
#1963=CARTESIAN_POINT('',(6.72556391091037,6.42212525983467,0.3));
#1964=CARTESIAN_POINT('',(6.72556391091037,6.42212525983467,0.3));
#1965=CARTESIAN_POINT('',(6.78003190881634,6.66611959830201,0.3));
#1966=CARTESIAN_POINT('',(6.88365412504183,7.13030471746328,0.3));
#1967=CARTESIAN_POINT('',(6.78003190881634,6.66611959830201,0.3));
#1968=CARTESIAN_POINT('Origin',(6.71903332419951,6.67973659777851,0.3));
#1969=CARTESIAN_POINT('',(6.65803473958267,6.693353597255,0.));
#1970=CARTESIAN_POINT('Origin',(6.71903332419951,6.67973659777851,0.));
#1971=CARTESIAN_POINT('',(6.65803473958267,6.693353597255,0.3));
#1972=CARTESIAN_POINT('Origin',(6.71903332419951,6.67973659777851,0.3));
#1973=CARTESIAN_POINT('',(6.65803473958267,6.693353597255,0.3));
#1974=CARTESIAN_POINT('Origin',(6.6035667416767,6.44935925878766,0.3));
#1975=CARTESIAN_POINT('',(6.6035667416767,6.44935925878766,0.));
#1976=CARTESIAN_POINT('',(6.73442295685517,7.0355415471826,0.));
#1977=CARTESIAN_POINT('',(6.6035667416767,6.44935925878766,0.3));
#1978=CARTESIAN_POINT('',(6.73442295685517,7.0355415471826,0.3));
#1979=CARTESIAN_POINT('',(6.6035667416767,6.44935925878766,0.3));
#1980=CARTESIAN_POINT('Origin',(6.66456532629354,6.43574225931116,0.3));
#1981=CARTESIAN_POINT('Origin',(6.66456532629354,6.43574225931116,0.));
#1982=CARTESIAN_POINT('Origin',(6.66456532629354,6.43574225931116,0.3));
#1983=CARTESIAN_POINT('Origin',(6.56205667395241,5.69016529763727,0.3));
#1984=CARTESIAN_POINT('',(6.50758867604644,5.44617095916993,0.));
#1985=CARTESIAN_POINT('',(6.56205667395241,5.69016529763727,0.));
#1986=CARTESIAN_POINT('',(6.7746148853803,6.64233909100277,2.18547839493141E-17));
#1987=CARTESIAN_POINT('',(6.50758867604644,5.44617095916993,0.3));
#1988=CARTESIAN_POINT('',(6.50758867604644,5.44617095916993,0.3));
#1989=CARTESIAN_POINT('',(6.56205667395241,5.69016529763727,0.3));
#1990=CARTESIAN_POINT('',(6.7746148853803,6.64233909100277,0.3));
#1991=CARTESIAN_POINT('',(6.56205667395241,5.69016529763727,0.3));
#1992=CARTESIAN_POINT('Origin',(6.50105808933558,5.70378229711376,0.3));
#1993=CARTESIAN_POINT('',(6.44005950471874,5.71739929659025,0.));
#1994=CARTESIAN_POINT('Origin',(6.50105808933558,5.70378229711376,0.));
#1995=CARTESIAN_POINT('',(6.44005950471874,5.71739929659025,0.3));
#1996=CARTESIAN_POINT('Origin',(6.50105808933558,5.70378229711376,0.3));
#1997=CARTESIAN_POINT('',(6.44005950471874,5.71739929659025,0.3));
#1998=CARTESIAN_POINT('Origin',(6.38559150681277,5.47340495812291,0.3));
#1999=CARTESIAN_POINT('',(6.38559150681277,5.47340495812291,0.));
#2000=CARTESIAN_POINT('',(6.62538371719365,6.54757592072209,0.));
#2001=CARTESIAN_POINT('',(6.38559150681277,5.47340495812291,0.3));
#2002=CARTESIAN_POINT('',(6.62538371719365,6.54757592072209,0.3));
#2003=CARTESIAN_POINT('',(6.38559150681277,5.47340495812291,0.3));
#2004=CARTESIAN_POINT('Origin',(6.44659009142961,5.45978795864642,0.3));
#2005=CARTESIAN_POINT('Origin',(6.44659009142961,5.45978795864642,0.));
#2006=CARTESIAN_POINT('Origin',(6.44659009142961,5.45978795864642,0.3));
#2007=CARTESIAN_POINT('Origin',(3.10547580098046,8.3115374625924,0.3));
#2008=CARTESIAN_POINT('',(3.02142900343776,12.3874309244437,0.));
#2009=CARTESIAN_POINT('',(7.13145604481326,7.67009030747581,0.));
#2010=CARTESIAN_POINT('Origin',(3.10547580098046,8.3115374625924,0.));
#2011=CARTESIAN_POINT('',(3.02142900343776,12.3874309244437,0.3));
#2012=CARTESIAN_POINT('',(3.02142900343751,12.3874309244437,0.3));
#2013=CARTESIAN_POINT('',(7.13145604481326,7.67009030747581,0.3));
#2014=CARTESIAN_POINT('Origin',(3.10547580098046,8.3115374625924,0.3));
#2015=CARTESIAN_POINT('',(7.13145604481327,7.67009030747586,0.3));
#2016=CARTESIAN_POINT('Origin',(3.28638402052539,8.4691554373603,0.));
#2017=CARTESIAN_POINT('',(1.52443797544169,11.9789460419367,0.));
#2018=CARTESIAN_POINT('Origin',(3.28638402052539,8.4691554373603,0.));
#2019=CARTESIAN_POINT('',(1.52443797544169,11.9789460419367,0.3));
#2020=CARTESIAN_POINT('',(1.52443797544169,11.9789460419367,0.));
#2021=CARTESIAN_POINT('Origin',(3.28638402052539,8.4691554373603,0.3));
#2022=CARTESIAN_POINT('Origin',(3.28638402052539,8.4691554373603,0.));
#2023=CARTESIAN_POINT('',(7.11926516230497,7.61352344476712,0.3));
#2024=CARTESIAN_POINT('Origin',(3.28638402052539,8.4691554373603,0.3));
#2025=CARTESIAN_POINT('',(7.11926516230497,7.61352344476712,0.));
#2026=CARTESIAN_POINT('',(7.11926516230497,7.61352344476712,0.));
#2027=CARTESIAN_POINT('Origin',(3.28638402052539,8.4691554373603,0.));
#2028=CARTESIAN_POINT('Origin',(4.32874822498008,8.18796550815236,0.3));
#2029=CARTESIAN_POINT('',(1.64752259761263,11.7140951622729,0.3));
#2030=CARTESIAN_POINT('Origin',(1.58998291161258,11.848380749207,0.3));
#2031=CARTESIAN_POINT('',(6.76155395884903,7.73177980078689,0.3));
#2032=CARTESIAN_POINT('Origin',(3.10547580098046,8.3115374625924,0.3));
#2033=CARTESIAN_POINT('',(5.93918568223607,4.04790649273696,0.3));
#2034=CARTESIAN_POINT('',(6.76155395884903,7.73177980078689,0.3));
#2035=CARTESIAN_POINT('',(5.99025355675641,4.0020442303353,0.3));
#2036=CARTESIAN_POINT('Origin',(5.97760998750651,4.03932885527145,0.3));
#2037=CARTESIAN_POINT('',(6.23980865700293,4.08667072710265,0.3));
#2038=CARTESIAN_POINT('',(5.92392661981381,3.97955213817122,0.3));
#2039=CARTESIAN_POINT('',(6.36103074431826,4.21694357525858,0.3));
#2040=CARTESIAN_POINT('Origin',(6.17959365845031,4.26423875336106,0.3));
#2041=CARTESIAN_POINT('',(6.36103074431826,4.21694357525859,0.3));
#2042=CARTESIAN_POINT('',(6.26559365845031,4.26423875336106,0.3));
#2043=CARTESIAN_POINT('Origin',(6.17959365845031,4.26423875336106,0.3));
#2044=CARTESIAN_POINT('',(2.2208240784886,12.1446298592383,0.3));
#2045=CARTESIAN_POINT('',(2.25950373021677,11.9770354543729,0.3));
#2046=CARTESIAN_POINT('Origin',(2.24016390435269,12.0608326568056,0.3));
#2047=CARTESIAN_POINT('',(1.62385436154047,11.7693318726826,0.3));
#2048=CARTESIAN_POINT('Origin',(3.10547580098046,8.3115374625924,0.3));
#2049=CARTESIAN_POINT('',(1.55611146168469,11.9274296257315,0.3));
#2050=CARTESIAN_POINT('Origin',(1.58998291161258,11.848380749207,0.3));
#2051=CARTESIAN_POINT('Origin',(3.10547580098046,8.3115374625924,0.3));
#2052=CARTESIAN_POINT('',(6.16761627194884,4.49745065745816,0.3));
#2053=CARTESIAN_POINT('',(6.22208426985481,4.74144499592551,0.3));
#2054=CARTESIAN_POINT('',(6.51634447753212,6.05961029426158,0.3));
#2055=CARTESIAN_POINT('',(6.34408143908848,4.71421099697252,0.3));
#2056=CARTESIAN_POINT('Origin',(6.28308285447165,4.72782799644901,0.3));
#2057=CARTESIAN_POINT('',(6.28961344118251,4.47021665850518,0.3));
#2058=CARTESIAN_POINT('',(6.66557564571878,6.15437346454226,0.3));
#2059=CARTESIAN_POINT('Origin',(6.22861485656568,4.48383365798167,0.3));
#2060=CARTESIAN_POINT('Origin',(6.34408143908848,4.71421099697252,0.3));
#2061=CARTESIAN_POINT('',(6.28961344118251,4.47021665850518,0.));
#2062=CARTESIAN_POINT('',(6.34408143908848,4.71421099697252,0.));
#2063=CARTESIAN_POINT('',(6.66557564571878,6.15437346454226,2.18547839493141E-17));
#2064=CARTESIAN_POINT('',(6.28961344118251,4.47021665850518,0.3));
#2065=CARTESIAN_POINT('',(6.34408143908848,4.71421099697252,0.3));
#2066=CARTESIAN_POINT('Origin',(6.28308285447165,4.72782799644901,0.3));
#2067=CARTESIAN_POINT('',(6.22208426985481,4.74144499592551,0.));
#2068=CARTESIAN_POINT('Origin',(6.28308285447165,4.72782799644901,0.));
#2069=CARTESIAN_POINT('',(6.22208426985481,4.74144499592551,0.3));
#2070=CARTESIAN_POINT('Origin',(6.16761627194884,4.49745065745816,0.3));
#2071=CARTESIAN_POINT('',(6.16761627194884,4.49745065745816,0.));
#2072=CARTESIAN_POINT('',(6.51634447753212,6.05961029426158,0.));
#2073=CARTESIAN_POINT('',(6.16761627194884,4.49745065745816,0.3));
#2074=CARTESIAN_POINT('Origin',(6.22861485656568,4.48383365798167,0.3));
#2075=CARTESIAN_POINT('Origin',(6.22861485656568,4.48383365798167,0.));
#2076=CARTESIAN_POINT('Origin',(5.97760998750651,4.03932885527145,0.));
#2077=CARTESIAN_POINT('',(5.93918568223607,4.04790649273696,0.));
#2078=CARTESIAN_POINT('',(5.93918568223607,4.04790649273696,0.));
#2079=CARTESIAN_POINT('',(5.99025355675641,4.0020442303353,0.));
#2080=CARTESIAN_POINT('Origin',(5.97760998750651,4.03932885527145,0.));
#2081=CARTESIAN_POINT('',(5.99025355675641,4.0020442303353,0.));
#2082=CARTESIAN_POINT('Origin',(4.32874822498008,8.18796550815236,0.));
#2083=CARTESIAN_POINT('',(6.36103074431826,4.21694357525859,0.));
#2084=CARTESIAN_POINT('',(6.36103074431826,4.21694357525859,0.));
#2085=CARTESIAN_POINT('',(6.23980865700293,4.08667072710265,0.));
#2086=CARTESIAN_POINT('Origin',(6.17959365845031,4.26423875336106,0.));
#2087=CARTESIAN_POINT('',(5.92392661981381,3.97955213817122,0.));
#2088=CARTESIAN_POINT('',(6.76155395884903,7.73177980078689,0.));
#2089=CARTESIAN_POINT('',(6.76155395884903,7.73177980078689,0.));
#2090=CARTESIAN_POINT('',(1.64752259761263,11.7140951622729,0.));
#2091=CARTESIAN_POINT('Origin',(3.10547580098046,8.3115374625924,0.));
#2092=CARTESIAN_POINT('Origin',(1.58998291161258,11.848380749207,0.));
#2093=CARTESIAN_POINT('',(6.26559365845031,4.26423875336106,0.));
#2094=CARTESIAN_POINT('Origin',(6.17959365845031,4.26423875336106,0.));
#2095=CARTESIAN_POINT('',(2.2208240784886,12.1446298592383,0.));
#2096=CARTESIAN_POINT('',(2.25950373021677,11.9770354543729,0.));
#2097=CARTESIAN_POINT('Origin',(2.24016390435269,12.0608326568056,0.));
#2098=CARTESIAN_POINT('',(1.55611146168469,11.9274296257315,0.));
#2099=CARTESIAN_POINT('Origin',(3.10547580098046,8.3115374625924,0.));
#2100=CARTESIAN_POINT('',(1.62385436154047,11.7693318726826,0.));
#2101=CARTESIAN_POINT('Origin',(1.58998291161258,11.848380749207,0.));
#2102=CARTESIAN_POINT('Origin',(3.10547580098046,8.3115374625924,0.));
#2103=CARTESIAN_POINT('Origin',(6.76155395884903,7.73177980078689,0.));
#2104=CARTESIAN_POINT('',(6.76155395884903,7.73177980078689,0.));
#2105=CARTESIAN_POINT('Origin',(6.17959365845031,4.26423875336106,0.));
#2106=CARTESIAN_POINT('',(6.26559365845031,4.26423875336106,0.));
#2107=CARTESIAN_POINT('Origin',(3.10547580098046,8.3115374625924,0.));
#2108=CARTESIAN_POINT('',(2.2208240784886,12.1446298592383,0.));
#2109=CARTESIAN_POINT('',(1.55611146168469,11.9274296257315,0.));
#2110=CARTESIAN_POINT('Origin',(1.58998291161258,11.848380749207,0.));
#2111=CARTESIAN_POINT('',(1.62385436154047,11.7693318726826,0.));
#2112=CARTESIAN_POINT('Origin',(3.10547580098046,8.3115374625924,0.));
#2113=CARTESIAN_POINT('',(2.25950373021677,11.9770354543729,0.));
#2114=CARTESIAN_POINT('Origin',(2.24016390435269,12.0608326568056,0.));
#2115=CARTESIAN_POINT('Origin',(6.36103074431826,4.21694357525859,0.));
#2116=CARTESIAN_POINT('',(6.36103074431826,4.21694357525859,0.));
#2117=CARTESIAN_POINT('Origin',(6.17959365845031,4.26423875336106,0.));
#2118=CARTESIAN_POINT('',(6.23980865700293,4.08667072710265,0.));
#2119=CARTESIAN_POINT('Origin',(5.92392661981381,3.97955213817122,0.));
#2120=CARTESIAN_POINT('Origin',(3.10547580098046,8.3115374625924,0.));
#2121=CARTESIAN_POINT('',(1.64752259761263,11.7140951622729,0.));
#2122=CARTESIAN_POINT('Origin',(1.58998291161258,11.848380749207,0.));
#2123=UNCERTAINTY_MEASURE_WITH_UNIT(LENGTH_MEASURE(0.000393700787401575),
#2129,'DISTANCE_ACCURACY_VALUE',
'Maximum model space distance between geometric entities at asserted c
onnectivities');
#2124=UNCERTAINTY_MEASURE_WITH_UNIT(LENGTH_MEASURE(0.000393700787401575),
#2129,'DISTANCE_ACCURACY_VALUE',
'Maximum model space distance between geometric entities at asserted c
onnectivities');
#2125=(
GEOMETRIC_REPRESENTATION_CONTEXT(3)
GLOBAL_UNCERTAINTY_ASSIGNED_CONTEXT((#2123))
GLOBAL_UNIT_ASSIGNED_CONTEXT((#2129,#2133,#2134))
REPRESENTATION_CONTEXT('','3D')
);
#2126=(
GEOMETRIC_REPRESENTATION_CONTEXT(3)
GLOBAL_UNCERTAINTY_ASSIGNED_CONTEXT((#2124))
GLOBAL_UNIT_ASSIGNED_CONTEXT((#2129,#2133,#2134))
REPRESENTATION_CONTEXT('','3D')
);
#2127=DIMENSIONAL_EXPONENTS(1.,0.,0.,0.,0.,0.,0.);
#2128=DIMENSIONAL_EXPONENTS(0.,1.,0.,0.,0.,0.,0.);
#2129=(
CONVERSION_BASED_UNIT('inch',#2132)
LENGTH_UNIT()
NAMED_UNIT(#2127)
);
#2130=(
LENGTH_UNIT()
NAMED_UNIT(*)
SI_UNIT(.MILLI.,.METRE.)
);
#2131=(
LENGTH_UNIT()
NAMED_UNIT(*)
SI_UNIT(.CENTI.,.METRE.)
);
#2132=LENGTH_MEASURE_WITH_UNIT(LENGTH_MEASURE(25.4),#2130);
#2133=(
NAMED_UNIT(*)
PLANE_ANGLE_UNIT()
SI_UNIT($,.RADIAN.)
);
#2134=(
NAMED_UNIT(*)
SI_UNIT($,.STERADIAN.)
SOLID_ANGLE_UNIT()
);
#2135=SHAPE_DEFINITION_REPRESENTATION(#2136,#2137);
#2136=PRODUCT_DEFINITION_SHAPE('',$,#2139);
#2137=SHAPE_REPRESENTATION('',(#1267),#2125);
#2138=PRODUCT_DEFINITION_CONTEXT('part definition',#2143,'design');
#2139=PRODUCT_DEFINITION('front rails','front rails',#2140,#2138);
#2140=PRODUCT_DEFINITION_FORMATION('',$,#2145);
#2141=PRODUCT_RELATED_PRODUCT_CATEGORY('front rails','front rails',(#2145));
#2142=APPLICATION_PROTOCOL_DEFINITION('international standard',
'automotive_design',2009,#2143);
#2143=APPLICATION_CONTEXT(
'Core Data for Automotive Mechanical Design Process');
#2144=PRODUCT_CONTEXT('part definition',#2143,'mechanical');
#2145=PRODUCT('front rails','front rails',$,(#2144));
#2146=PRESENTATION_STYLE_ASSIGNMENT((#2147));
#2147=SURFACE_STYLE_USAGE(.BOTH.,#2150);
#2148=SURFACE_STYLE_RENDERING_WITH_PROPERTIES($,#2154,(#2149));
#2149=SURFACE_STYLE_TRANSPARENT(0.);
#2150=SURFACE_SIDE_STYLE('',(#2151,#2148));
#2151=SURFACE_STYLE_FILL_AREA(#2152);
#2152=FILL_AREA_STYLE('',(#2153));
#2153=FILL_AREA_STYLE_COLOUR('',#2154);
#2154=COLOUR_RGB('',0.0196078431372549,0.0196078431372549,0.0196078431372549);
ENDSEC;
END-ISO-10303-21;
