ISO-10303-21;
HEADER;
/* Generated by software containing ST-Developer
 * from STEP Tools, Inc. (www.steptools.com) 
 */

FILE_DESCRIPTION(
/* description */ (''),
/* implementation_level */ '2;1');

FILE_NAME(
/* name */ 'rails top.stp',
/* time_stamp */ '2026-01-16T10:16:09+13:00',
/* author */ ('cloudy'),
/* organization */ (''),
/* preprocessor_version */ 'ST-DEVELOPER v20',
/* originating_system */ 'Autodesk Inventor 2025',
/* authorisation */ '');

FILE_SCHEMA (('AUTOMOTIVE_DESIGN { 1 0 10303 214 3 1 1 }'));
ENDSEC;

DATA;
#10=MECHANICAL_DESIGN_GEOMETRIC_PRESENTATION_REPRESENTATION('',(#13),#2764);
#11=SHAPE_REPRESENTATION_RELATIONSHIP('SRR','None',#2775,#12);
#12=ADVANCED_BREP_SHAPE_REPRESENTATION('',(#14),#2763);
#13=STYLED_ITEM('',(#2784),#14);
#14=MANIFOLD_SOLID_BREP('Solid1',#1612);
#15=FACE_BOUND('',#209,.T.);
#16=FACE_BOUND('',#210,.T.);
#17=FACE_BOUND('',#211,.T.);
#18=FACE_BOUND('',#212,.T.);
#19=FACE_BOUND('',#213,.T.);
#20=FACE_BOUND('',#214,.T.);
#21=FACE_BOUND('',#215,.T.);
#22=FACE_BOUND('',#216,.T.);
#23=FACE_BOUND('',#217,.T.);
#24=FACE_BOUND('',#218,.T.);
#25=FACE_BOUND('',#219,.T.);
#26=FACE_BOUND('',#220,.T.);
#27=FACE_BOUND('',#221,.T.);
#28=FACE_BOUND('',#222,.T.);
#29=FACE_BOUND('',#223,.T.);
#30=FACE_BOUND('',#224,.T.);
#31=FACE_BOUND('',#225,.T.);
#32=FACE_BOUND('',#255,.T.);
#33=FACE_BOUND('',#256,.T.);
#34=FACE_BOUND('',#257,.T.);
#35=FACE_BOUND('',#258,.T.);
#36=FACE_BOUND('',#259,.T.);
#37=FACE_BOUND('',#260,.T.);
#38=FACE_BOUND('',#261,.T.);
#39=FACE_BOUND('',#262,.T.);
#40=FACE_BOUND('',#263,.T.);
#41=FACE_BOUND('',#264,.T.);
#42=FACE_BOUND('',#265,.T.);
#43=FACE_BOUND('',#266,.T.);
#44=FACE_BOUND('',#267,.T.);
#45=FACE_BOUND('',#268,.T.);
#46=FACE_BOUND('',#269,.T.);
#47=FACE_BOUND('',#270,.T.);
#48=FACE_BOUND('',#271,.T.);
#49=PLANE('',#1643);
#50=PLANE('',#1647);
#51=PLANE('',#1654);
#52=PLANE('',#1658);
#53=PLANE('',#1662);
#54=PLANE('',#1666);
#55=PLANE('',#1670);
#56=PLANE('',#1674);
#57=PLANE('',#1678);
#58=PLANE('',#1682);
#59=PLANE('',#1686);
#60=PLANE('',#1690);
#61=PLANE('',#1694);
#62=PLANE('',#1698);
#63=PLANE('',#1702);
#64=PLANE('',#1706);
#65=PLANE('',#1710);
#66=PLANE('',#1714);
#67=PLANE('',#1718);
#68=PLANE('',#1722);
#69=PLANE('',#1726);
#70=PLANE('',#1730);
#71=PLANE('',#1737);
#72=PLANE('',#1767);
#73=PLANE('',#1770);
#74=PLANE('',#1773);
#75=PLANE('',#1780);
#76=PLANE('',#1789);
#77=PLANE('',#1792);
#78=PLANE('',#1805);
#79=PLANE('',#1808);
#80=FACE_OUTER_BOUND('',#159,.T.);
#81=FACE_OUTER_BOUND('',#160,.T.);
#82=FACE_OUTER_BOUND('',#161,.T.);
#83=FACE_OUTER_BOUND('',#162,.T.);
#84=FACE_OUTER_BOUND('',#163,.T.);
#85=FACE_OUTER_BOUND('',#164,.T.);
#86=FACE_OUTER_BOUND('',#165,.T.);
#87=FACE_OUTER_BOUND('',#166,.T.);
#88=FACE_OUTER_BOUND('',#167,.T.);
#89=FACE_OUTER_BOUND('',#168,.T.);
#90=FACE_OUTER_BOUND('',#169,.T.);
#91=FACE_OUTER_BOUND('',#170,.T.);
#92=FACE_OUTER_BOUND('',#171,.T.);
#93=FACE_OUTER_BOUND('',#172,.T.);
#94=FACE_OUTER_BOUND('',#173,.T.);
#95=FACE_OUTER_BOUND('',#174,.T.);
#96=FACE_OUTER_BOUND('',#175,.T.);
#97=FACE_OUTER_BOUND('',#176,.T.);
#98=FACE_OUTER_BOUND('',#177,.T.);
#99=FACE_OUTER_BOUND('',#178,.T.);
#100=FACE_OUTER_BOUND('',#179,.T.);
#101=FACE_OUTER_BOUND('',#180,.T.);
#102=FACE_OUTER_BOUND('',#181,.T.);
#103=FACE_OUTER_BOUND('',#182,.T.);
#104=FACE_OUTER_BOUND('',#183,.T.);
#105=FACE_OUTER_BOUND('',#184,.T.);
#106=FACE_OUTER_BOUND('',#185,.T.);
#107=FACE_OUTER_BOUND('',#186,.T.);
#108=FACE_OUTER_BOUND('',#187,.T.);
#109=FACE_OUTER_BOUND('',#188,.T.);
#110=FACE_OUTER_BOUND('',#189,.T.);
#111=FACE_OUTER_BOUND('',#190,.T.);
#112=FACE_OUTER_BOUND('',#191,.T.);
#113=FACE_OUTER_BOUND('',#192,.T.);
#114=FACE_OUTER_BOUND('',#193,.T.);
#115=FACE_OUTER_BOUND('',#194,.T.);
#116=FACE_OUTER_BOUND('',#195,.T.);
#117=FACE_OUTER_BOUND('',#196,.T.);
#118=FACE_OUTER_BOUND('',#197,.T.);
#119=FACE_OUTER_BOUND('',#198,.T.);
#120=FACE_OUTER_BOUND('',#199,.T.);
#121=FACE_OUTER_BOUND('',#200,.T.);
#122=FACE_OUTER_BOUND('',#201,.T.);
#123=FACE_OUTER_BOUND('',#202,.T.);
#124=FACE_OUTER_BOUND('',#203,.T.);
#125=FACE_OUTER_BOUND('',#204,.T.);
#126=FACE_OUTER_BOUND('',#205,.T.);
#127=FACE_OUTER_BOUND('',#206,.T.);
#128=FACE_OUTER_BOUND('',#207,.T.);
#129=FACE_OUTER_BOUND('',#208,.T.);
#130=FACE_OUTER_BOUND('',#226,.T.);
#131=FACE_OUTER_BOUND('',#227,.T.);
#132=FACE_OUTER_BOUND('',#228,.T.);
#133=FACE_OUTER_BOUND('',#229,.T.);
#134=FACE_OUTER_BOUND('',#230,.T.);
#135=FACE_OUTER_BOUND('',#231,.T.);
#136=FACE_OUTER_BOUND('',#232,.T.);
#137=FACE_OUTER_BOUND('',#233,.T.);
#138=FACE_OUTER_BOUND('',#234,.T.);
#139=FACE_OUTER_BOUND('',#235,.T.);
#140=FACE_OUTER_BOUND('',#236,.T.);
#141=FACE_OUTER_BOUND('',#237,.T.);
#142=FACE_OUTER_BOUND('',#238,.T.);
#143=FACE_OUTER_BOUND('',#239,.T.);
#144=FACE_OUTER_BOUND('',#240,.T.);
#145=FACE_OUTER_BOUND('',#241,.T.);
#146=FACE_OUTER_BOUND('',#242,.T.);
#147=FACE_OUTER_BOUND('',#243,.T.);
#148=FACE_OUTER_BOUND('',#244,.T.);
#149=FACE_OUTER_BOUND('',#245,.T.);
#150=FACE_OUTER_BOUND('',#246,.T.);
#151=FACE_OUTER_BOUND('',#247,.T.);
#152=FACE_OUTER_BOUND('',#248,.T.);
#153=FACE_OUTER_BOUND('',#249,.T.);
#154=FACE_OUTER_BOUND('',#250,.T.);
#155=FACE_OUTER_BOUND('',#251,.T.);
#156=FACE_OUTER_BOUND('',#252,.T.);
#157=FACE_OUTER_BOUND('',#253,.T.);
#158=FACE_OUTER_BOUND('',#254,.T.);
#159=EDGE_LOOP('',(#1023,#1024,#1025,#1026));
#160=EDGE_LOOP('',(#1027,#1028,#1029,#1030));
#161=EDGE_LOOP('',(#1031,#1032,#1033,#1034));
#162=EDGE_LOOP('',(#1035,#1036,#1037,#1038));
#163=EDGE_LOOP('',(#1039,#1040,#1041,#1042));
#164=EDGE_LOOP('',(#1043,#1044,#1045,#1046));
#165=EDGE_LOOP('',(#1047,#1048,#1049,#1050));
#166=EDGE_LOOP('',(#1051,#1052,#1053,#1054));
#167=EDGE_LOOP('',(#1055,#1056,#1057,#1058));
#168=EDGE_LOOP('',(#1059,#1060,#1061,#1062));
#169=EDGE_LOOP('',(#1063,#1064,#1065,#1066));
#170=EDGE_LOOP('',(#1067,#1068,#1069,#1070));
#171=EDGE_LOOP('',(#1071,#1072,#1073,#1074));
#172=EDGE_LOOP('',(#1075,#1076,#1077,#1078));
#173=EDGE_LOOP('',(#1079,#1080,#1081,#1082));
#174=EDGE_LOOP('',(#1083,#1084,#1085,#1086));
#175=EDGE_LOOP('',(#1087,#1088,#1089,#1090));
#176=EDGE_LOOP('',(#1091,#1092,#1093,#1094));
#177=EDGE_LOOP('',(#1095,#1096,#1097,#1098));
#178=EDGE_LOOP('',(#1099,#1100,#1101,#1102));
#179=EDGE_LOOP('',(#1103,#1104,#1105,#1106));
#180=EDGE_LOOP('',(#1107,#1108,#1109,#1110));
#181=EDGE_LOOP('',(#1111,#1112,#1113,#1114));
#182=EDGE_LOOP('',(#1115,#1116,#1117,#1118));
#183=EDGE_LOOP('',(#1119,#1120,#1121,#1122));
#184=EDGE_LOOP('',(#1123,#1124,#1125,#1126));
#185=EDGE_LOOP('',(#1127,#1128,#1129,#1130));
#186=EDGE_LOOP('',(#1131,#1132,#1133,#1134));
#187=EDGE_LOOP('',(#1135,#1136,#1137,#1138));
#188=EDGE_LOOP('',(#1139,#1140,#1141,#1142));
#189=EDGE_LOOP('',(#1143,#1144,#1145,#1146));
#190=EDGE_LOOP('',(#1147,#1148,#1149,#1150));
#191=EDGE_LOOP('',(#1151,#1152,#1153,#1154));
#192=EDGE_LOOP('',(#1155,#1156,#1157,#1158));
#193=EDGE_LOOP('',(#1159,#1160,#1161,#1162));
#194=EDGE_LOOP('',(#1163,#1164,#1165,#1166));
#195=EDGE_LOOP('',(#1167,#1168,#1169,#1170));
#196=EDGE_LOOP('',(#1171,#1172,#1173,#1174));
#197=EDGE_LOOP('',(#1175,#1176,#1177,#1178));
#198=EDGE_LOOP('',(#1179,#1180,#1181,#1182));
#199=EDGE_LOOP('',(#1183,#1184,#1185,#1186));
#200=EDGE_LOOP('',(#1187,#1188,#1189,#1190));
#201=EDGE_LOOP('',(#1191,#1192,#1193,#1194));
#202=EDGE_LOOP('',(#1195,#1196,#1197,#1198));
#203=EDGE_LOOP('',(#1199,#1200,#1201,#1202));
#204=EDGE_LOOP('',(#1203,#1204,#1205,#1206));
#205=EDGE_LOOP('',(#1207,#1208,#1209,#1210));
#206=EDGE_LOOP('',(#1211,#1212,#1213,#1214));
#207=EDGE_LOOP('',(#1215,#1216,#1217,#1218));
#208=EDGE_LOOP('',(#1219,#1220,#1221,#1222,#1223,#1224,#1225,#1226,#1227,
#1228,#1229,#1230,#1231,#1232,#1233));
#209=EDGE_LOOP('',(#1234,#1235,#1236,#1237));
#210=EDGE_LOOP('',(#1238,#1239,#1240,#1241));
#211=EDGE_LOOP('',(#1242,#1243,#1244,#1245));
#212=EDGE_LOOP('',(#1246,#1247,#1248,#1249));
#213=EDGE_LOOP('',(#1250,#1251,#1252,#1253));
#214=EDGE_LOOP('',(#1254,#1255,#1256,#1257));
#215=EDGE_LOOP('',(#1258,#1259,#1260,#1261));
#216=EDGE_LOOP('',(#1262,#1263,#1264,#1265));
#217=EDGE_LOOP('',(#1266,#1267,#1268,#1269));
#218=EDGE_LOOP('',(#1270,#1271,#1272,#1273));
#219=EDGE_LOOP('',(#1274));
#220=EDGE_LOOP('',(#1275));
#221=EDGE_LOOP('',(#1276));
#222=EDGE_LOOP('',(#1277));
#223=EDGE_LOOP('',(#1278,#1279,#1280,#1281,#1282,#1283));
#224=EDGE_LOOP('',(#1284,#1285,#1286,#1287,#1288,#1289));
#225=EDGE_LOOP('',(#1290,#1291,#1292,#1293,#1294,#1295));
#226=EDGE_LOOP('',(#1296,#1297,#1298,#1299));
#227=EDGE_LOOP('',(#1300,#1301,#1302,#1303));
#228=EDGE_LOOP('',(#1304,#1305,#1306,#1307));
#229=EDGE_LOOP('',(#1308,#1309,#1310,#1311));
#230=EDGE_LOOP('',(#1312,#1313,#1314,#1315));
#231=EDGE_LOOP('',(#1316,#1317,#1318,#1319));
#232=EDGE_LOOP('',(#1320,#1321,#1322,#1323));
#233=EDGE_LOOP('',(#1324,#1325,#1326,#1327));
#234=EDGE_LOOP('',(#1328,#1329,#1330,#1331));
#235=EDGE_LOOP('',(#1332,#1333,#1334,#1335));
#236=EDGE_LOOP('',(#1336,#1337,#1338,#1339));
#237=EDGE_LOOP('',(#1340,#1341,#1342,#1343));
#238=EDGE_LOOP('',(#1344,#1345,#1346,#1347));
#239=EDGE_LOOP('',(#1348,#1349,#1350,#1351));
#240=EDGE_LOOP('',(#1352,#1353,#1354,#1355));
#241=EDGE_LOOP('',(#1356,#1357,#1358,#1359));
#242=EDGE_LOOP('',(#1360,#1361,#1362,#1363));
#243=EDGE_LOOP('',(#1364,#1365,#1366,#1367));
#244=EDGE_LOOP('',(#1368,#1369,#1370,#1371));
#245=EDGE_LOOP('',(#1372,#1373,#1374,#1375));
#246=EDGE_LOOP('',(#1376,#1377,#1378,#1379));
#247=EDGE_LOOP('',(#1380,#1381,#1382,#1383));
#248=EDGE_LOOP('',(#1384,#1385,#1386,#1387));
#249=EDGE_LOOP('',(#1388,#1389,#1390,#1391));
#250=EDGE_LOOP('',(#1392,#1393,#1394,#1395));
#251=EDGE_LOOP('',(#1396,#1397,#1398,#1399));
#252=EDGE_LOOP('',(#1400,#1401,#1402,#1403));
#253=EDGE_LOOP('',(#1404,#1405,#1406,#1407));
#254=EDGE_LOOP('',(#1408,#1409,#1410,#1411,#1412,#1413,#1414,#1415,#1416,
#1417,#1418,#1419,#1420,#1421,#1422));
#255=EDGE_LOOP('',(#1423,#1424,#1425,#1426));
#256=EDGE_LOOP('',(#1427,#1428,#1429,#1430));
#257=EDGE_LOOP('',(#1431,#1432,#1433,#1434));
#258=EDGE_LOOP('',(#1435,#1436,#1437,#1438));
#259=EDGE_LOOP('',(#1439,#1440,#1441,#1442));
#260=EDGE_LOOP('',(#1443,#1444,#1445,#1446));
#261=EDGE_LOOP('',(#1447,#1448,#1449,#1450));
#262=EDGE_LOOP('',(#1451,#1452,#1453,#1454));
#263=EDGE_LOOP('',(#1455,#1456,#1457,#1458));
#264=EDGE_LOOP('',(#1459,#1460,#1461,#1462));
#265=EDGE_LOOP('',(#1463,#1464,#1465,#1466,#1467,#1468));
#266=EDGE_LOOP('',(#1469,#1470,#1471,#1472,#1473,#1474));
#267=EDGE_LOOP('',(#1475,#1476,#1477,#1478,#1479,#1480));
#268=EDGE_LOOP('',(#1481));
#269=EDGE_LOOP('',(#1482));
#270=EDGE_LOOP('',(#1483));
#271=EDGE_LOOP('',(#1484));
#272=LINE('',#2302,#407);
#273=LINE('',#2305,#408);
#274=LINE('',#2310,#409);
#275=LINE('',#2317,#410);
#276=LINE('',#2320,#411);
#277=LINE('',#2323,#412);
#278=LINE('',#2325,#413);
#279=LINE('',#2326,#414);
#280=LINE('',#2331,#415);
#281=LINE('',#2335,#416);
#282=LINE('',#2337,#417);
#283=LINE('',#2338,#418);
#284=LINE('',#2343,#419);
#285=LINE('',#2351,#420);
#286=LINE('',#2353,#421);
#287=LINE('',#2355,#422);
#288=LINE('',#2356,#423);
#289=LINE('',#2362,#424);
#290=LINE('',#2365,#425);
#291=LINE('',#2367,#426);
#292=LINE('',#2368,#427);
#293=LINE('',#2375,#428);
#294=LINE('',#2377,#429);
#295=LINE('',#2379,#430);
#296=LINE('',#2380,#431);
#297=LINE('',#2386,#432);
#298=LINE('',#2389,#433);
#299=LINE('',#2391,#434);
#300=LINE('',#2392,#435);
#301=LINE('',#2399,#436);
#302=LINE('',#2401,#437);
#303=LINE('',#2403,#438);
#304=LINE('',#2404,#439);
#305=LINE('',#2410,#440);
#306=LINE('',#2413,#441);
#307=LINE('',#2415,#442);
#308=LINE('',#2416,#443);
#309=LINE('',#2423,#444);
#310=LINE('',#2425,#445);
#311=LINE('',#2427,#446);
#312=LINE('',#2428,#447);
#313=LINE('',#2434,#448);
#314=LINE('',#2437,#449);
#315=LINE('',#2439,#450);
#316=LINE('',#2440,#451);
#317=LINE('',#2447,#452);
#318=LINE('',#2449,#453);
#319=LINE('',#2451,#454);
#320=LINE('',#2452,#455);
#321=LINE('',#2458,#456);
#322=LINE('',#2461,#457);
#323=LINE('',#2463,#458);
#324=LINE('',#2464,#459);
#325=LINE('',#2471,#460);
#326=LINE('',#2473,#461);
#327=LINE('',#2475,#462);
#328=LINE('',#2476,#463);
#329=LINE('',#2482,#464);
#330=LINE('',#2485,#465);
#331=LINE('',#2487,#466);
#332=LINE('',#2488,#467);
#333=LINE('',#2495,#468);
#334=LINE('',#2497,#469);
#335=LINE('',#2499,#470);
#336=LINE('',#2500,#471);
#337=LINE('',#2506,#472);
#338=LINE('',#2509,#473);
#339=LINE('',#2511,#474);
#340=LINE('',#2512,#475);
#341=LINE('',#2519,#476);
#342=LINE('',#2521,#477);
#343=LINE('',#2523,#478);
#344=LINE('',#2524,#479);
#345=LINE('',#2530,#480);
#346=LINE('',#2533,#481);
#347=LINE('',#2535,#482);
#348=LINE('',#2536,#483);
#349=LINE('',#2543,#484);
#350=LINE('',#2545,#485);
#351=LINE('',#2547,#486);
#352=LINE('',#2548,#487);
#353=LINE('',#2554,#488);
#354=LINE('',#2557,#489);
#355=LINE('',#2559,#490);
#356=LINE('',#2560,#491);
#357=LINE('',#2567,#492);
#358=LINE('',#2569,#493);
#359=LINE('',#2571,#494);
#360=LINE('',#2572,#495);
#361=LINE('',#2578,#496);
#362=LINE('',#2581,#497);
#363=LINE('',#2583,#498);
#364=LINE('',#2584,#499);
#365=LINE('',#2593,#500);
#366=LINE('',#2596,#501);
#367=LINE('',#2613,#502);
#368=LINE('',#2616,#503);
#369=LINE('',#2619,#504);
#370=LINE('',#2632,#505);
#371=LINE('',#2639,#506);
#372=LINE('',#2648,#507);
#373=LINE('',#2651,#508);
#374=LINE('',#2655,#509);
#375=LINE('',#2658,#510);
#376=LINE('',#2661,#511);
#377=LINE('',#2664,#512);
#378=LINE('',#2668,#513);
#379=LINE('',#2671,#514);
#380=LINE('',#2673,#515);
#381=LINE('',#2676,#516);
#382=LINE('',#2679,#517);
#383=LINE('',#2682,#518);
#384=LINE('',#2683,#519);
#385=LINE('',#2686,#520);
#386=LINE('',#2689,#521);
#387=LINE('',#2692,#522);
#388=LINE('',#2696,#523);
#389=LINE('',#2700,#524);
#390=LINE('',#2703,#525);
#391=LINE('',#2707,#526);
#392=LINE('',#2711,#527);
#393=LINE('',#2715,#528);
#394=LINE('',#2719,#529);
#395=LINE('',#2722,#530);
#396=LINE('',#2723,#531);
#397=LINE('',#2727,#532);
#398=LINE('',#2729,#533);
#399=LINE('',#2733,#534);
#400=LINE('',#2737,#535);
#401=LINE('',#2741,#536);
#402=LINE('',#2745,#537);
#403=LINE('',#2749,#538);
#404=LINE('',#2753,#539);
#405=LINE('',#2756,#540);
#406=LINE('',#2757,#541);
#407=VECTOR('',#1815,0.393700787401575);
#408=VECTOR('',#1818,0.393700787401575);
#409=VECTOR('',#1823,0.393700787401575);
#410=VECTOR('',#1830,0.393700787401575);
#411=VECTOR('',#1833,0.393700787401575);
#412=VECTOR('',#1836,0.393700787401575);
#413=VECTOR('',#1837,0.393700787401575);
#414=VECTOR('',#1838,0.393700787401575);
#415=VECTOR('',#1843,0.393700787401575);
#416=VECTOR('',#1848,0.393700787401575);
#417=VECTOR('',#1849,0.393700787401575);
#418=VECTOR('',#1850,0.393700787401575);
#419=VECTOR('',#1855,0.393700787401575);
#420=VECTOR('',#1866,0.393700787401575);
#421=VECTOR('',#1867,0.393700787401575);
#422=VECTOR('',#1868,0.393700787401575);
#423=VECTOR('',#1869,0.393700787401575);
#424=VECTOR('',#1876,0.393700787401575);
#425=VECTOR('',#1879,0.393700787401575);
#426=VECTOR('',#1880,0.393700787401575);
#427=VECTOR('',#1881,0.393700787401575);
#428=VECTOR('',#1890,0.393700787401575);
#429=VECTOR('',#1891,0.393700787401575);
#430=VECTOR('',#1892,0.393700787401575);
#431=VECTOR('',#1893,0.393700787401575);
#432=VECTOR('',#1900,0.393700787401575);
#433=VECTOR('',#1903,0.393700787401575);
#434=VECTOR('',#1904,0.393700787401575);
#435=VECTOR('',#1905,0.393700787401575);
#436=VECTOR('',#1914,0.393700787401575);
#437=VECTOR('',#1915,0.393700787401575);
#438=VECTOR('',#1916,0.393700787401575);
#439=VECTOR('',#1917,0.393700787401575);
#440=VECTOR('',#1924,0.393700787401575);
#441=VECTOR('',#1927,0.393700787401575);
#442=VECTOR('',#1928,0.393700787401575);
#443=VECTOR('',#1929,0.393700787401575);
#444=VECTOR('',#1938,0.393700787401575);
#445=VECTOR('',#1939,0.393700787401575);
#446=VECTOR('',#1940,0.393700787401575);
#447=VECTOR('',#1941,0.393700787401575);
#448=VECTOR('',#1948,0.393700787401575);
#449=VECTOR('',#1951,0.393700787401575);
#450=VECTOR('',#1952,0.393700787401575);
#451=VECTOR('',#1953,0.393700787401575);
#452=VECTOR('',#1962,0.393700787401575);
#453=VECTOR('',#1963,0.393700787401575);
#454=VECTOR('',#1964,0.393700787401575);
#455=VECTOR('',#1965,0.393700787401575);
#456=VECTOR('',#1972,0.393700787401575);
#457=VECTOR('',#1975,0.393700787401575);
#458=VECTOR('',#1976,0.393700787401575);
#459=VECTOR('',#1977,0.393700787401575);
#460=VECTOR('',#1986,0.393700787401575);
#461=VECTOR('',#1987,0.393700787401575);
#462=VECTOR('',#1988,0.393700787401575);
#463=VECTOR('',#1989,0.393700787401575);
#464=VECTOR('',#1996,0.393700787401575);
#465=VECTOR('',#1999,0.393700787401575);
#466=VECTOR('',#2000,0.393700787401575);
#467=VECTOR('',#2001,0.393700787401575);
#468=VECTOR('',#2010,0.393700787401575);
#469=VECTOR('',#2011,0.393700787401575);
#470=VECTOR('',#2012,0.393700787401575);
#471=VECTOR('',#2013,0.393700787401575);
#472=VECTOR('',#2020,0.393700787401575);
#473=VECTOR('',#2023,0.393700787401575);
#474=VECTOR('',#2024,0.393700787401575);
#475=VECTOR('',#2025,0.393700787401575);
#476=VECTOR('',#2034,0.393700787401575);
#477=VECTOR('',#2035,0.393700787401575);
#478=VECTOR('',#2036,0.393700787401575);
#479=VECTOR('',#2037,0.393700787401575);
#480=VECTOR('',#2044,0.393700787401575);
#481=VECTOR('',#2047,0.393700787401575);
#482=VECTOR('',#2048,0.393700787401575);
#483=VECTOR('',#2049,0.393700787401575);
#484=VECTOR('',#2058,0.393700787401575);
#485=VECTOR('',#2059,0.393700787401575);
#486=VECTOR('',#2060,0.393700787401575);
#487=VECTOR('',#2061,0.393700787401575);
#488=VECTOR('',#2068,0.393700787401575);
#489=VECTOR('',#2071,0.393700787401575);
#490=VECTOR('',#2072,0.393700787401575);
#491=VECTOR('',#2073,0.393700787401575);
#492=VECTOR('',#2082,0.393700787401575);
#493=VECTOR('',#2083,0.393700787401575);
#494=VECTOR('',#2084,0.393700787401575);
#495=VECTOR('',#2085,0.393700787401575);
#496=VECTOR('',#2092,0.393700787401575);
#497=VECTOR('',#2095,0.393700787401575);
#498=VECTOR('',#2096,0.393700787401575);
#499=VECTOR('',#2097,0.393700787401575);
#500=VECTOR('',#2108,0.393700787401575);
#501=VECTOR('',#2111,0.393700787401575);
#502=VECTOR('',#2128,0.393700787401575);
#503=VECTOR('',#2131,0.393700787401575);
#504=VECTOR('',#2134,0.393700787401575);
#505=VECTOR('',#2145,0.393700787401575);
#506=VECTOR('',#2152,0.393700787401575);
#507=VECTOR('',#2159,0.393700787401575);
#508=VECTOR('',#2162,0.393700787401575);
#509=VECTOR('',#2167,0.393700787401575);
#510=VECTOR('',#2170,0.393700787401575);
#511=VECTOR('',#2173,0.393700787401575);
#512=VECTOR('',#2176,0.393700787401575);
#513=VECTOR('',#2181,0.393700787401575);
#514=VECTOR('',#2184,0.393700787401575);
#515=VECTOR('',#2187,0.393700787401575);
#516=VECTOR('',#2190,0.393700787401575);
#517=VECTOR('',#2193,0.393700787401575);
#518=VECTOR('',#2196,0.393700787401575);
#519=VECTOR('',#2197,0.393700787401575);
#520=VECTOR('',#2200,0.393700787401575);
#521=VECTOR('',#2205,0.393700787401575);
#522=VECTOR('',#2208,0.393700787401575);
#523=VECTOR('',#2213,0.393700787401575);
#524=VECTOR('',#2218,0.393700787401575);
#525=VECTOR('',#2223,0.393700787401575);
#526=VECTOR('',#2228,0.083499999999995);
#527=VECTOR('',#2233,0.0860000000000071);
#528=VECTOR('',#2238,0.0885000000000001);
#529=VECTOR('',#2243,0.0885000000000005);
#530=VECTOR('',#2246,0.393700787401575);
#531=VECTOR('',#2247,0.393700787401575);
#532=VECTOR('',#2252,0.393700787401575);
#533=VECTOR('',#2255,0.393700787401575);
#534=VECTOR('',#2260,0.393700787401575);
#535=VECTOR('',#2265,0.393700787401575);
#536=VECTOR('',#2270,0.393700787401575);
#537=VECTOR('',#2275,0.393700787401575);
#538=VECTOR('',#2280,0.393700787401575);
#539=VECTOR('',#2285,0.393700787401575);
#540=VECTOR('',#2288,0.393700787401575);
#541=VECTOR('',#2289,0.393700787401575);
#542=CIRCLE('',#1635,0.125);
#543=CIRCLE('',#1636,0.125);
#544=CIRCLE('',#1638,4.375);
#545=CIRCLE('',#1639,4.375);
#546=CIRCLE('',#1641,0.125);
#547=CIRCLE('',#1642,0.125);
#548=CIRCLE('',#1645,0.125);
#549=CIRCLE('',#1646,0.125);
#550=CIRCLE('',#1649,0.125);
#551=CIRCLE('',#1650,0.125);
#552=CIRCLE('',#1652,4.375);
#553=CIRCLE('',#1653,4.375);
#554=CIRCLE('',#1656,0.0590551181102359);
#555=CIRCLE('',#1657,0.0590551181102359);
#556=CIRCLE('',#1660,0.0590551181102359);
#557=CIRCLE('',#1661,0.0590551181102359);
#558=CIRCLE('',#1664,0.0590551181102359);
#559=CIRCLE('',#1665,0.0590551181102359);
#560=CIRCLE('',#1668,0.0590551181102359);
#561=CIRCLE('',#1669,0.0590551181102359);
#562=CIRCLE('',#1672,0.0590551181102359);
#563=CIRCLE('',#1673,0.0590551181102359);
#564=CIRCLE('',#1676,0.0590551181102359);
#565=CIRCLE('',#1677,0.0590551181102359);
#566=CIRCLE('',#1680,0.0590551181102359);
#567=CIRCLE('',#1681,0.0590551181102359);
#568=CIRCLE('',#1684,0.0590551181102359);
#569=CIRCLE('',#1685,0.0590551181102359);
#570=CIRCLE('',#1688,0.0590551181102359);
#571=CIRCLE('',#1689,0.0590551181102359);
#572=CIRCLE('',#1692,0.0590551181102359);
#573=CIRCLE('',#1693,0.0590551181102359);
#574=CIRCLE('',#1696,0.0590551181102359);
#575=CIRCLE('',#1697,0.0590551181102359);
#576=CIRCLE('',#1700,0.0590551181102359);
#577=CIRCLE('',#1701,0.0590551181102359);
#578=CIRCLE('',#1704,0.0590551181102359);
#579=CIRCLE('',#1705,0.0590551181102359);
#580=CIRCLE('',#1708,0.0590551181102359);
#581=CIRCLE('',#1709,0.0590551181102359);
#582=CIRCLE('',#1712,0.0590551181102359);
#583=CIRCLE('',#1713,0.0590551181102359);
#584=CIRCLE('',#1716,0.0590551181102359);
#585=CIRCLE('',#1717,0.0590551181102359);
#586=CIRCLE('',#1720,0.0590551181102359);
#587=CIRCLE('',#1721,0.0590551181102359);
#588=CIRCLE('',#1724,0.0590551181102359);
#589=CIRCLE('',#1725,0.0590551181102359);
#590=CIRCLE('',#1728,0.0590551181102359);
#591=CIRCLE('',#1729,0.0590551181102359);
#592=CIRCLE('',#1732,0.0590551181102359);
#593=CIRCLE('',#1733,0.0590551181102359);
#594=CIRCLE('',#1735,0.125);
#595=CIRCLE('',#1736,0.125);
#596=CIRCLE('',#1738,4.75);
#597=CIRCLE('',#1739,0.5);
#598=CIRCLE('',#1740,0.1875);
#599=CIRCLE('',#1741,1.);
#600=CIRCLE('',#1742,4.75);
#601=CIRCLE('',#1743,0.5);
#602=CIRCLE('',#1744,0.1875);
#603=CIRCLE('',#1745,0.1875);
#604=CIRCLE('',#1746,0.1875);
#605=CIRCLE('',#1747,0.083499999999995);
#606=CIRCLE('',#1748,0.0860000000000071);
#607=CIRCLE('',#1749,0.0885000000000001);
#608=CIRCLE('',#1750,0.0885000000000005);
#609=CIRCLE('',#1751,0.125);
#610=CIRCLE('',#1752,0.125);
#611=CIRCLE('',#1753,4.375);
#612=CIRCLE('',#1754,0.125);
#613=CIRCLE('',#1755,0.125);
#614=CIRCLE('',#1756,4.375);
#615=CIRCLE('',#1757,0.125);
#616=CIRCLE('',#1758,0.125);
#617=CIRCLE('',#1760,4.75);
#618=CIRCLE('',#1762,0.125);
#619=CIRCLE('',#1764,4.375);
#620=CIRCLE('',#1766,0.125);
#621=CIRCLE('',#1769,0.125);
#622=CIRCLE('',#1772,0.125);
#623=CIRCLE('',#1775,0.125);
#624=CIRCLE('',#1777,4.375);
#625=CIRCLE('',#1779,0.125);
#626=CIRCLE('',#1782,0.083499999999995);
#627=CIRCLE('',#1784,0.0860000000000071);
#628=CIRCLE('',#1786,0.0885000000000001);
#629=CIRCLE('',#1788,0.0885000000000005);
#630=CIRCLE('',#1791,0.1875);
#631=CIRCLE('',#1794,0.5);
#632=CIRCLE('',#1796,0.1875);
#633=CIRCLE('',#1798,1.);
#634=CIRCLE('',#1800,4.75);
#635=CIRCLE('',#1802,0.5);
#636=CIRCLE('',#1804,0.1875);
#637=CIRCLE('',#1807,0.1875);
#638=VERTEX_POINT('',#2298);
#639=VERTEX_POINT('',#2299);
#640=VERTEX_POINT('',#2301);
#641=VERTEX_POINT('',#2303);
#642=VERTEX_POINT('',#2307);
#643=VERTEX_POINT('',#2309);
#644=VERTEX_POINT('',#2313);
#645=VERTEX_POINT('',#2314);
#646=VERTEX_POINT('',#2316);
#647=VERTEX_POINT('',#2318);
#648=VERTEX_POINT('',#2322);
#649=VERTEX_POINT('',#2324);
#650=VERTEX_POINT('',#2328);
#651=VERTEX_POINT('',#2330);
#652=VERTEX_POINT('',#2334);
#653=VERTEX_POINT('',#2336);
#654=VERTEX_POINT('',#2340);
#655=VERTEX_POINT('',#2342);
#656=VERTEX_POINT('',#2349);
#657=VERTEX_POINT('',#2350);
#658=VERTEX_POINT('',#2352);
#659=VERTEX_POINT('',#2354);
#660=VERTEX_POINT('',#2358);
#661=VERTEX_POINT('',#2360);
#662=VERTEX_POINT('',#2364);
#663=VERTEX_POINT('',#2366);
#664=VERTEX_POINT('',#2373);
#665=VERTEX_POINT('',#2374);
#666=VERTEX_POINT('',#2376);
#667=VERTEX_POINT('',#2378);
#668=VERTEX_POINT('',#2382);
#669=VERTEX_POINT('',#2384);
#670=VERTEX_POINT('',#2388);
#671=VERTEX_POINT('',#2390);
#672=VERTEX_POINT('',#2397);
#673=VERTEX_POINT('',#2398);
#674=VERTEX_POINT('',#2400);
#675=VERTEX_POINT('',#2402);
#676=VERTEX_POINT('',#2406);
#677=VERTEX_POINT('',#2408);
#678=VERTEX_POINT('',#2412);
#679=VERTEX_POINT('',#2414);
#680=VERTEX_POINT('',#2421);
#681=VERTEX_POINT('',#2422);
#682=VERTEX_POINT('',#2424);
#683=VERTEX_POINT('',#2426);
#684=VERTEX_POINT('',#2430);
#685=VERTEX_POINT('',#2432);
#686=VERTEX_POINT('',#2436);
#687=VERTEX_POINT('',#2438);
#688=VERTEX_POINT('',#2445);
#689=VERTEX_POINT('',#2446);
#690=VERTEX_POINT('',#2448);
#691=VERTEX_POINT('',#2450);
#692=VERTEX_POINT('',#2454);
#693=VERTEX_POINT('',#2456);
#694=VERTEX_POINT('',#2460);
#695=VERTEX_POINT('',#2462);
#696=VERTEX_POINT('',#2469);
#697=VERTEX_POINT('',#2470);
#698=VERTEX_POINT('',#2472);
#699=VERTEX_POINT('',#2474);
#700=VERTEX_POINT('',#2478);
#701=VERTEX_POINT('',#2480);
#702=VERTEX_POINT('',#2484);
#703=VERTEX_POINT('',#2486);
#704=VERTEX_POINT('',#2493);
#705=VERTEX_POINT('',#2494);
#706=VERTEX_POINT('',#2496);
#707=VERTEX_POINT('',#2498);
#708=VERTEX_POINT('',#2502);
#709=VERTEX_POINT('',#2504);
#710=VERTEX_POINT('',#2508);
#711=VERTEX_POINT('',#2510);
#712=VERTEX_POINT('',#2517);
#713=VERTEX_POINT('',#2518);
#714=VERTEX_POINT('',#2520);
#715=VERTEX_POINT('',#2522);
#716=VERTEX_POINT('',#2526);
#717=VERTEX_POINT('',#2528);
#718=VERTEX_POINT('',#2532);
#719=VERTEX_POINT('',#2534);
#720=VERTEX_POINT('',#2541);
#721=VERTEX_POINT('',#2542);
#722=VERTEX_POINT('',#2544);
#723=VERTEX_POINT('',#2546);
#724=VERTEX_POINT('',#2550);
#725=VERTEX_POINT('',#2552);
#726=VERTEX_POINT('',#2556);
#727=VERTEX_POINT('',#2558);
#728=VERTEX_POINT('',#2565);
#729=VERTEX_POINT('',#2566);
#730=VERTEX_POINT('',#2568);
#731=VERTEX_POINT('',#2570);
#732=VERTEX_POINT('',#2574);
#733=VERTEX_POINT('',#2576);
#734=VERTEX_POINT('',#2580);
#735=VERTEX_POINT('',#2582);
#736=VERTEX_POINT('',#2589);
#737=VERTEX_POINT('',#2590);
#738=VERTEX_POINT('',#2592);
#739=VERTEX_POINT('',#2594);
#740=VERTEX_POINT('',#2598);
#741=VERTEX_POINT('',#2600);
#742=VERTEX_POINT('',#2602);
#743=VERTEX_POINT('',#2604);
#744=VERTEX_POINT('',#2606);
#745=VERTEX_POINT('',#2608);
#746=VERTEX_POINT('',#2610);
#747=VERTEX_POINT('',#2612);
#748=VERTEX_POINT('',#2615);
#749=VERTEX_POINT('',#2617);
#750=VERTEX_POINT('',#2620);
#751=VERTEX_POINT('',#2622);
#752=VERTEX_POINT('',#2624);
#753=VERTEX_POINT('',#2626);
#754=VERTEX_POINT('',#2628);
#755=VERTEX_POINT('',#2629);
#756=VERTEX_POINT('',#2631);
#757=VERTEX_POINT('',#2633);
#758=VERTEX_POINT('',#2635);
#759=VERTEX_POINT('',#2637);
#760=VERTEX_POINT('',#2640);
#761=VERTEX_POINT('',#2641);
#762=VERTEX_POINT('',#2643);
#763=VERTEX_POINT('',#2645);
#764=VERTEX_POINT('',#2647);
#765=VERTEX_POINT('',#2649);
#766=VERTEX_POINT('',#2653);
#767=VERTEX_POINT('',#2657);
#768=VERTEX_POINT('',#2659);
#769=VERTEX_POINT('',#2663);
#770=VERTEX_POINT('',#2667);
#771=VERTEX_POINT('',#2669);
#772=VERTEX_POINT('',#2675);
#773=VERTEX_POINT('',#2677);
#774=VERTEX_POINT('',#2681);
#775=VERTEX_POINT('',#2685);
#776=VERTEX_POINT('',#2691);
#777=VERTEX_POINT('',#2695);
#778=VERTEX_POINT('',#2699);
#779=VERTEX_POINT('',#2705);
#780=VERTEX_POINT('',#2709);
#781=VERTEX_POINT('',#2713);
#782=VERTEX_POINT('',#2717);
#783=VERTEX_POINT('',#2721);
#784=VERTEX_POINT('',#2725);
#785=VERTEX_POINT('',#2731);
#786=VERTEX_POINT('',#2735);
#787=VERTEX_POINT('',#2739);
#788=VERTEX_POINT('',#2743);
#789=VERTEX_POINT('',#2747);
#790=VERTEX_POINT('',#2751);
#791=VERTEX_POINT('',#2755);
#792=EDGE_CURVE('',#638,#639,#542,.T.);
#793=EDGE_CURVE('',#639,#640,#272,.T.);
#794=EDGE_CURVE('',#640,#641,#543,.T.);
#795=EDGE_CURVE('',#641,#638,#273,.T.);
#796=EDGE_CURVE('',#639,#642,#544,.T.);
#797=EDGE_CURVE('',#642,#643,#274,.T.);
#798=EDGE_CURVE('',#640,#643,#545,.T.);
#799=EDGE_CURVE('',#644,#645,#546,.T.);
#800=EDGE_CURVE('',#645,#646,#275,.T.);
#801=EDGE_CURVE('',#646,#647,#547,.T.);
#802=EDGE_CURVE('',#647,#644,#276,.T.);
#803=EDGE_CURVE('',#645,#648,#277,.T.);
#804=EDGE_CURVE('',#649,#648,#278,.T.);
#805=EDGE_CURVE('',#646,#649,#279,.T.);
#806=EDGE_CURVE('',#648,#650,#548,.T.);
#807=EDGE_CURVE('',#650,#651,#280,.T.);
#808=EDGE_CURVE('',#651,#649,#549,.T.);
#809=EDGE_CURVE('',#650,#652,#281,.T.);
#810=EDGE_CURVE('',#653,#652,#282,.T.);
#811=EDGE_CURVE('',#651,#653,#283,.T.);
#812=EDGE_CURVE('',#652,#654,#550,.T.);
#813=EDGE_CURVE('',#654,#655,#284,.T.);
#814=EDGE_CURVE('',#655,#653,#551,.T.);
#815=EDGE_CURVE('',#655,#647,#552,.T.);
#816=EDGE_CURVE('',#654,#644,#553,.T.);
#817=EDGE_CURVE('',#656,#657,#285,.T.);
#818=EDGE_CURVE('',#658,#656,#286,.T.);
#819=EDGE_CURVE('',#659,#658,#287,.T.);
#820=EDGE_CURVE('',#659,#657,#288,.T.);
#821=EDGE_CURVE('',#657,#660,#554,.T.);
#822=EDGE_CURVE('',#661,#659,#555,.T.);
#823=EDGE_CURVE('',#661,#660,#289,.T.);
#824=EDGE_CURVE('',#660,#662,#290,.T.);
#825=EDGE_CURVE('',#663,#661,#291,.T.);
#826=EDGE_CURVE('',#663,#662,#292,.T.);
#827=EDGE_CURVE('',#662,#656,#556,.T.);
#828=EDGE_CURVE('',#658,#663,#557,.T.);
#829=EDGE_CURVE('',#664,#665,#293,.T.);
#830=EDGE_CURVE('',#666,#664,#294,.T.);
#831=EDGE_CURVE('',#667,#666,#295,.T.);
#832=EDGE_CURVE('',#667,#665,#296,.T.);
#833=EDGE_CURVE('',#665,#668,#558,.T.);
#834=EDGE_CURVE('',#669,#667,#559,.T.);
#835=EDGE_CURVE('',#669,#668,#297,.T.);
#836=EDGE_CURVE('',#668,#670,#298,.T.);
#837=EDGE_CURVE('',#671,#669,#299,.T.);
#838=EDGE_CURVE('',#671,#670,#300,.T.);
#839=EDGE_CURVE('',#670,#664,#560,.T.);
#840=EDGE_CURVE('',#666,#671,#561,.T.);
#841=EDGE_CURVE('',#672,#673,#301,.T.);
#842=EDGE_CURVE('',#674,#672,#302,.T.);
#843=EDGE_CURVE('',#675,#674,#303,.T.);
#844=EDGE_CURVE('',#675,#673,#304,.T.);
#845=EDGE_CURVE('',#673,#676,#562,.T.);
#846=EDGE_CURVE('',#677,#675,#563,.T.);
#847=EDGE_CURVE('',#677,#676,#305,.T.);
#848=EDGE_CURVE('',#676,#678,#306,.T.);
#849=EDGE_CURVE('',#679,#677,#307,.T.);
#850=EDGE_CURVE('',#679,#678,#308,.T.);
#851=EDGE_CURVE('',#678,#672,#564,.T.);
#852=EDGE_CURVE('',#674,#679,#565,.T.);
#853=EDGE_CURVE('',#680,#681,#309,.T.);
#854=EDGE_CURVE('',#682,#680,#310,.T.);
#855=EDGE_CURVE('',#683,#682,#311,.T.);
#856=EDGE_CURVE('',#683,#681,#312,.T.);
#857=EDGE_CURVE('',#681,#684,#566,.T.);
#858=EDGE_CURVE('',#685,#683,#567,.T.);
#859=EDGE_CURVE('',#685,#684,#313,.T.);
#860=EDGE_CURVE('',#684,#686,#314,.T.);
#861=EDGE_CURVE('',#687,#685,#315,.T.);
#862=EDGE_CURVE('',#687,#686,#316,.T.);
#863=EDGE_CURVE('',#686,#680,#568,.T.);
#864=EDGE_CURVE('',#682,#687,#569,.T.);
#865=EDGE_CURVE('',#688,#689,#317,.T.);
#866=EDGE_CURVE('',#690,#688,#318,.T.);
#867=EDGE_CURVE('',#691,#690,#319,.T.);
#868=EDGE_CURVE('',#691,#689,#320,.T.);
#869=EDGE_CURVE('',#689,#692,#570,.T.);
#870=EDGE_CURVE('',#693,#691,#571,.T.);
#871=EDGE_CURVE('',#693,#692,#321,.T.);
#872=EDGE_CURVE('',#692,#694,#322,.T.);
#873=EDGE_CURVE('',#695,#693,#323,.T.);
#874=EDGE_CURVE('',#695,#694,#324,.T.);
#875=EDGE_CURVE('',#694,#688,#572,.T.);
#876=EDGE_CURVE('',#690,#695,#573,.T.);
#877=EDGE_CURVE('',#696,#697,#325,.T.);
#878=EDGE_CURVE('',#698,#696,#326,.T.);
#879=EDGE_CURVE('',#699,#698,#327,.T.);
#880=EDGE_CURVE('',#699,#697,#328,.T.);
#881=EDGE_CURVE('',#697,#700,#574,.T.);
#882=EDGE_CURVE('',#701,#699,#575,.T.);
#883=EDGE_CURVE('',#701,#700,#329,.T.);
#884=EDGE_CURVE('',#700,#702,#330,.T.);
#885=EDGE_CURVE('',#703,#701,#331,.T.);
#886=EDGE_CURVE('',#703,#702,#332,.T.);
#887=EDGE_CURVE('',#702,#696,#576,.T.);
#888=EDGE_CURVE('',#698,#703,#577,.T.);
#889=EDGE_CURVE('',#704,#705,#333,.T.);
#890=EDGE_CURVE('',#706,#704,#334,.T.);
#891=EDGE_CURVE('',#707,#706,#335,.T.);
#892=EDGE_CURVE('',#707,#705,#336,.T.);
#893=EDGE_CURVE('',#705,#708,#578,.T.);
#894=EDGE_CURVE('',#709,#707,#579,.T.);
#895=EDGE_CURVE('',#709,#708,#337,.T.);
#896=EDGE_CURVE('',#708,#710,#338,.T.);
#897=EDGE_CURVE('',#711,#709,#339,.T.);
#898=EDGE_CURVE('',#711,#710,#340,.T.);
#899=EDGE_CURVE('',#710,#704,#580,.T.);
#900=EDGE_CURVE('',#706,#711,#581,.T.);
#901=EDGE_CURVE('',#712,#713,#341,.T.);
#902=EDGE_CURVE('',#714,#712,#342,.T.);
#903=EDGE_CURVE('',#715,#714,#343,.T.);
#904=EDGE_CURVE('',#715,#713,#344,.T.);
#905=EDGE_CURVE('',#713,#716,#582,.T.);
#906=EDGE_CURVE('',#717,#715,#583,.T.);
#907=EDGE_CURVE('',#717,#716,#345,.T.);
#908=EDGE_CURVE('',#716,#718,#346,.T.);
#909=EDGE_CURVE('',#719,#717,#347,.T.);
#910=EDGE_CURVE('',#719,#718,#348,.T.);
#911=EDGE_CURVE('',#718,#712,#584,.T.);
#912=EDGE_CURVE('',#714,#719,#585,.T.);
#913=EDGE_CURVE('',#720,#721,#349,.T.);
#914=EDGE_CURVE('',#722,#720,#350,.T.);
#915=EDGE_CURVE('',#723,#722,#351,.T.);
#916=EDGE_CURVE('',#723,#721,#352,.T.);
#917=EDGE_CURVE('',#721,#724,#586,.T.);
#918=EDGE_CURVE('',#725,#723,#587,.T.);
#919=EDGE_CURVE('',#725,#724,#353,.T.);
#920=EDGE_CURVE('',#724,#726,#354,.T.);
#921=EDGE_CURVE('',#727,#725,#355,.T.);
#922=EDGE_CURVE('',#727,#726,#356,.T.);
#923=EDGE_CURVE('',#726,#720,#588,.T.);
#924=EDGE_CURVE('',#722,#727,#589,.T.);
#925=EDGE_CURVE('',#728,#729,#357,.T.);
#926=EDGE_CURVE('',#730,#728,#358,.T.);
#927=EDGE_CURVE('',#731,#730,#359,.T.);
#928=EDGE_CURVE('',#731,#729,#360,.T.);
#929=EDGE_CURVE('',#729,#732,#590,.T.);
#930=EDGE_CURVE('',#733,#731,#591,.T.);
#931=EDGE_CURVE('',#733,#732,#361,.T.);
#932=EDGE_CURVE('',#732,#734,#362,.T.);
#933=EDGE_CURVE('',#735,#733,#363,.T.);
#934=EDGE_CURVE('',#735,#734,#364,.T.);
#935=EDGE_CURVE('',#734,#728,#592,.T.);
#936=EDGE_CURVE('',#730,#735,#593,.T.);
#937=EDGE_CURVE('',#736,#737,#594,.T.);
#938=EDGE_CURVE('',#737,#738,#365,.T.);
#939=EDGE_CURVE('',#738,#739,#595,.T.);
#940=EDGE_CURVE('',#739,#736,#366,.T.);
#941=EDGE_CURVE('',#740,#738,#596,.T.);
#942=EDGE_CURVE('',#741,#740,#597,.T.);
#943=EDGE_CURVE('',#742,#741,#598,.T.);
#944=EDGE_CURVE('',#743,#742,#599,.T.);
#945=EDGE_CURVE('',#744,#743,#600,.T.);
#946=EDGE_CURVE('',#745,#744,#601,.T.);
#947=EDGE_CURVE('',#746,#745,#602,.T.);
#948=EDGE_CURVE('',#747,#746,#367,.T.);
#949=EDGE_CURVE('',#642,#747,#603,.T.);
#950=EDGE_CURVE('',#748,#638,#368,.T.);
#951=EDGE_CURVE('',#749,#748,#604,.T.);
#952=EDGE_CURVE('',#739,#749,#369,.T.);
#953=EDGE_CURVE('',#750,#750,#605,.T.);
#954=EDGE_CURVE('',#751,#751,#606,.T.);
#955=EDGE_CURVE('',#752,#752,#607,.T.);
#956=EDGE_CURVE('',#753,#753,#608,.T.);
#957=EDGE_CURVE('',#754,#755,#609,.T.);
#958=EDGE_CURVE('',#756,#754,#370,.T.);
#959=EDGE_CURVE('',#757,#756,#610,.T.);
#960=EDGE_CURVE('',#758,#757,#611,.T.);
#961=EDGE_CURVE('',#759,#758,#612,.T.);
#962=EDGE_CURVE('',#755,#759,#371,.T.);
#963=EDGE_CURVE('',#760,#761,#613,.T.);
#964=EDGE_CURVE('',#762,#760,#614,.T.);
#965=EDGE_CURVE('',#763,#762,#615,.T.);
#966=EDGE_CURVE('',#764,#763,#372,.T.);
#967=EDGE_CURVE('',#765,#764,#616,.T.);
#968=EDGE_CURVE('',#761,#765,#373,.T.);
#969=EDGE_CURVE('',#766,#737,#617,.T.);
#970=EDGE_CURVE('',#740,#766,#374,.T.);
#971=EDGE_CURVE('',#758,#767,#375,.T.);
#972=EDGE_CURVE('',#767,#768,#618,.T.);
#973=EDGE_CURVE('',#768,#759,#376,.T.);
#974=EDGE_CURVE('',#769,#757,#377,.T.);
#975=EDGE_CURVE('',#767,#769,#619,.T.);
#976=EDGE_CURVE('',#755,#770,#378,.T.);
#977=EDGE_CURVE('',#770,#771,#620,.T.);
#978=EDGE_CURVE('',#771,#754,#379,.T.);
#979=EDGE_CURVE('',#770,#768,#380,.T.);
#980=EDGE_CURVE('',#764,#772,#381,.T.);
#981=EDGE_CURVE('',#772,#773,#621,.T.);
#982=EDGE_CURVE('',#773,#765,#382,.T.);
#983=EDGE_CURVE('',#774,#763,#383,.T.);
#984=EDGE_CURVE('',#772,#774,#384,.T.);
#985=EDGE_CURVE('',#756,#775,#385,.T.);
#986=EDGE_CURVE('',#775,#769,#622,.T.);
#987=EDGE_CURVE('',#775,#771,#386,.T.);
#988=EDGE_CURVE('',#762,#776,#387,.T.);
#989=EDGE_CURVE('',#776,#774,#623,.T.);
#990=EDGE_CURVE('',#777,#760,#388,.T.);
#991=EDGE_CURVE('',#776,#777,#624,.T.);
#992=EDGE_CURVE('',#761,#778,#389,.T.);
#993=EDGE_CURVE('',#778,#777,#625,.T.);
#994=EDGE_CURVE('',#778,#773,#390,.T.);
#995=EDGE_CURVE('',#779,#779,#626,.T.);
#996=EDGE_CURVE('',#779,#750,#391,.T.);
#997=EDGE_CURVE('',#780,#780,#627,.T.);
#998=EDGE_CURVE('',#780,#751,#392,.T.);
#999=EDGE_CURVE('',#781,#781,#628,.T.);
#1000=EDGE_CURVE('',#781,#752,#393,.T.);
#1001=EDGE_CURVE('',#782,#782,#629,.T.);
#1002=EDGE_CURVE('',#782,#753,#394,.T.);
#1003=EDGE_CURVE('',#783,#641,#395,.T.);
#1004=EDGE_CURVE('',#748,#783,#396,.T.);
#1005=EDGE_CURVE('',#784,#783,#630,.T.);
#1006=EDGE_CURVE('',#749,#784,#397,.T.);
#1007=EDGE_CURVE('',#736,#784,#398,.T.);
#1008=EDGE_CURVE('',#785,#766,#631,.T.);
#1009=EDGE_CURVE('',#741,#785,#399,.T.);
#1010=EDGE_CURVE('',#786,#785,#632,.T.);
#1011=EDGE_CURVE('',#742,#786,#400,.T.);
#1012=EDGE_CURVE('',#787,#786,#633,.T.);
#1013=EDGE_CURVE('',#743,#787,#401,.T.);
#1014=EDGE_CURVE('',#788,#787,#634,.T.);
#1015=EDGE_CURVE('',#744,#788,#402,.T.);
#1016=EDGE_CURVE('',#789,#788,#635,.T.);
#1017=EDGE_CURVE('',#745,#789,#403,.T.);
#1018=EDGE_CURVE('',#790,#789,#636,.T.);
#1019=EDGE_CURVE('',#746,#790,#404,.T.);
#1020=EDGE_CURVE('',#791,#790,#405,.T.);
#1021=EDGE_CURVE('',#747,#791,#406,.T.);
#1022=EDGE_CURVE('',#643,#791,#637,.T.);
#1023=ORIENTED_EDGE('',*,*,#792,.T.);
#1024=ORIENTED_EDGE('',*,*,#793,.T.);
#1025=ORIENTED_EDGE('',*,*,#794,.T.);
#1026=ORIENTED_EDGE('',*,*,#795,.T.);
#1027=ORIENTED_EDGE('',*,*,#793,.F.);
#1028=ORIENTED_EDGE('',*,*,#796,.T.);
#1029=ORIENTED_EDGE('',*,*,#797,.T.);
#1030=ORIENTED_EDGE('',*,*,#798,.F.);
#1031=ORIENTED_EDGE('',*,*,#799,.T.);
#1032=ORIENTED_EDGE('',*,*,#800,.T.);
#1033=ORIENTED_EDGE('',*,*,#801,.T.);
#1034=ORIENTED_EDGE('',*,*,#802,.T.);
#1035=ORIENTED_EDGE('',*,*,#800,.F.);
#1036=ORIENTED_EDGE('',*,*,#803,.T.);
#1037=ORIENTED_EDGE('',*,*,#804,.F.);
#1038=ORIENTED_EDGE('',*,*,#805,.F.);
#1039=ORIENTED_EDGE('',*,*,#806,.T.);
#1040=ORIENTED_EDGE('',*,*,#807,.T.);
#1041=ORIENTED_EDGE('',*,*,#808,.T.);
#1042=ORIENTED_EDGE('',*,*,#804,.T.);
#1043=ORIENTED_EDGE('',*,*,#807,.F.);
#1044=ORIENTED_EDGE('',*,*,#809,.T.);
#1045=ORIENTED_EDGE('',*,*,#810,.F.);
#1046=ORIENTED_EDGE('',*,*,#811,.F.);
#1047=ORIENTED_EDGE('',*,*,#812,.T.);
#1048=ORIENTED_EDGE('',*,*,#813,.T.);
#1049=ORIENTED_EDGE('',*,*,#814,.T.);
#1050=ORIENTED_EDGE('',*,*,#810,.T.);
#1051=ORIENTED_EDGE('',*,*,#802,.F.);
#1052=ORIENTED_EDGE('',*,*,#815,.F.);
#1053=ORIENTED_EDGE('',*,*,#813,.F.);
#1054=ORIENTED_EDGE('',*,*,#816,.T.);
#1055=ORIENTED_EDGE('',*,*,#817,.F.);
#1056=ORIENTED_EDGE('',*,*,#818,.F.);
#1057=ORIENTED_EDGE('',*,*,#819,.F.);
#1058=ORIENTED_EDGE('',*,*,#820,.T.);
#1059=ORIENTED_EDGE('',*,*,#821,.F.);
#1060=ORIENTED_EDGE('',*,*,#820,.F.);
#1061=ORIENTED_EDGE('',*,*,#822,.F.);
#1062=ORIENTED_EDGE('',*,*,#823,.T.);
#1063=ORIENTED_EDGE('',*,*,#824,.F.);
#1064=ORIENTED_EDGE('',*,*,#823,.F.);
#1065=ORIENTED_EDGE('',*,*,#825,.F.);
#1066=ORIENTED_EDGE('',*,*,#826,.T.);
#1067=ORIENTED_EDGE('',*,*,#827,.F.);
#1068=ORIENTED_EDGE('',*,*,#826,.F.);
#1069=ORIENTED_EDGE('',*,*,#828,.F.);
#1070=ORIENTED_EDGE('',*,*,#818,.T.);
#1071=ORIENTED_EDGE('',*,*,#829,.F.);
#1072=ORIENTED_EDGE('',*,*,#830,.F.);
#1073=ORIENTED_EDGE('',*,*,#831,.F.);
#1074=ORIENTED_EDGE('',*,*,#832,.T.);
#1075=ORIENTED_EDGE('',*,*,#833,.F.);
#1076=ORIENTED_EDGE('',*,*,#832,.F.);
#1077=ORIENTED_EDGE('',*,*,#834,.F.);
#1078=ORIENTED_EDGE('',*,*,#835,.T.);
#1079=ORIENTED_EDGE('',*,*,#836,.F.);
#1080=ORIENTED_EDGE('',*,*,#835,.F.);
#1081=ORIENTED_EDGE('',*,*,#837,.F.);
#1082=ORIENTED_EDGE('',*,*,#838,.T.);
#1083=ORIENTED_EDGE('',*,*,#839,.F.);
#1084=ORIENTED_EDGE('',*,*,#838,.F.);
#1085=ORIENTED_EDGE('',*,*,#840,.F.);
#1086=ORIENTED_EDGE('',*,*,#830,.T.);
#1087=ORIENTED_EDGE('',*,*,#841,.F.);
#1088=ORIENTED_EDGE('',*,*,#842,.F.);
#1089=ORIENTED_EDGE('',*,*,#843,.F.);
#1090=ORIENTED_EDGE('',*,*,#844,.T.);
#1091=ORIENTED_EDGE('',*,*,#845,.F.);
#1092=ORIENTED_EDGE('',*,*,#844,.F.);
#1093=ORIENTED_EDGE('',*,*,#846,.F.);
#1094=ORIENTED_EDGE('',*,*,#847,.T.);
#1095=ORIENTED_EDGE('',*,*,#848,.F.);
#1096=ORIENTED_EDGE('',*,*,#847,.F.);
#1097=ORIENTED_EDGE('',*,*,#849,.F.);
#1098=ORIENTED_EDGE('',*,*,#850,.T.);
#1099=ORIENTED_EDGE('',*,*,#851,.F.);
#1100=ORIENTED_EDGE('',*,*,#850,.F.);
#1101=ORIENTED_EDGE('',*,*,#852,.F.);
#1102=ORIENTED_EDGE('',*,*,#842,.T.);
#1103=ORIENTED_EDGE('',*,*,#853,.F.);
#1104=ORIENTED_EDGE('',*,*,#854,.F.);
#1105=ORIENTED_EDGE('',*,*,#855,.F.);
#1106=ORIENTED_EDGE('',*,*,#856,.T.);
#1107=ORIENTED_EDGE('',*,*,#857,.F.);
#1108=ORIENTED_EDGE('',*,*,#856,.F.);
#1109=ORIENTED_EDGE('',*,*,#858,.F.);
#1110=ORIENTED_EDGE('',*,*,#859,.T.);
#1111=ORIENTED_EDGE('',*,*,#860,.F.);
#1112=ORIENTED_EDGE('',*,*,#859,.F.);
#1113=ORIENTED_EDGE('',*,*,#861,.F.);
#1114=ORIENTED_EDGE('',*,*,#862,.T.);
#1115=ORIENTED_EDGE('',*,*,#863,.F.);
#1116=ORIENTED_EDGE('',*,*,#862,.F.);
#1117=ORIENTED_EDGE('',*,*,#864,.F.);
#1118=ORIENTED_EDGE('',*,*,#854,.T.);
#1119=ORIENTED_EDGE('',*,*,#865,.F.);
#1120=ORIENTED_EDGE('',*,*,#866,.F.);
#1121=ORIENTED_EDGE('',*,*,#867,.F.);
#1122=ORIENTED_EDGE('',*,*,#868,.T.);
#1123=ORIENTED_EDGE('',*,*,#869,.F.);
#1124=ORIENTED_EDGE('',*,*,#868,.F.);
#1125=ORIENTED_EDGE('',*,*,#870,.F.);
#1126=ORIENTED_EDGE('',*,*,#871,.T.);
#1127=ORIENTED_EDGE('',*,*,#872,.F.);
#1128=ORIENTED_EDGE('',*,*,#871,.F.);
#1129=ORIENTED_EDGE('',*,*,#873,.F.);
#1130=ORIENTED_EDGE('',*,*,#874,.T.);
#1131=ORIENTED_EDGE('',*,*,#875,.F.);
#1132=ORIENTED_EDGE('',*,*,#874,.F.);
#1133=ORIENTED_EDGE('',*,*,#876,.F.);
#1134=ORIENTED_EDGE('',*,*,#866,.T.);
#1135=ORIENTED_EDGE('',*,*,#877,.F.);
#1136=ORIENTED_EDGE('',*,*,#878,.F.);
#1137=ORIENTED_EDGE('',*,*,#879,.F.);
#1138=ORIENTED_EDGE('',*,*,#880,.T.);
#1139=ORIENTED_EDGE('',*,*,#881,.F.);
#1140=ORIENTED_EDGE('',*,*,#880,.F.);
#1141=ORIENTED_EDGE('',*,*,#882,.F.);
#1142=ORIENTED_EDGE('',*,*,#883,.T.);
#1143=ORIENTED_EDGE('',*,*,#884,.F.);
#1144=ORIENTED_EDGE('',*,*,#883,.F.);
#1145=ORIENTED_EDGE('',*,*,#885,.F.);
#1146=ORIENTED_EDGE('',*,*,#886,.T.);
#1147=ORIENTED_EDGE('',*,*,#887,.F.);
#1148=ORIENTED_EDGE('',*,*,#886,.F.);
#1149=ORIENTED_EDGE('',*,*,#888,.F.);
#1150=ORIENTED_EDGE('',*,*,#878,.T.);
#1151=ORIENTED_EDGE('',*,*,#889,.F.);
#1152=ORIENTED_EDGE('',*,*,#890,.F.);
#1153=ORIENTED_EDGE('',*,*,#891,.F.);
#1154=ORIENTED_EDGE('',*,*,#892,.T.);
#1155=ORIENTED_EDGE('',*,*,#893,.F.);
#1156=ORIENTED_EDGE('',*,*,#892,.F.);
#1157=ORIENTED_EDGE('',*,*,#894,.F.);
#1158=ORIENTED_EDGE('',*,*,#895,.T.);
#1159=ORIENTED_EDGE('',*,*,#896,.F.);
#1160=ORIENTED_EDGE('',*,*,#895,.F.);
#1161=ORIENTED_EDGE('',*,*,#897,.F.);
#1162=ORIENTED_EDGE('',*,*,#898,.T.);
#1163=ORIENTED_EDGE('',*,*,#899,.F.);
#1164=ORIENTED_EDGE('',*,*,#898,.F.);
#1165=ORIENTED_EDGE('',*,*,#900,.F.);
#1166=ORIENTED_EDGE('',*,*,#890,.T.);
#1167=ORIENTED_EDGE('',*,*,#901,.F.);
#1168=ORIENTED_EDGE('',*,*,#902,.F.);
#1169=ORIENTED_EDGE('',*,*,#903,.F.);
#1170=ORIENTED_EDGE('',*,*,#904,.T.);
#1171=ORIENTED_EDGE('',*,*,#905,.F.);
#1172=ORIENTED_EDGE('',*,*,#904,.F.);
#1173=ORIENTED_EDGE('',*,*,#906,.F.);
#1174=ORIENTED_EDGE('',*,*,#907,.T.);
#1175=ORIENTED_EDGE('',*,*,#908,.F.);
#1176=ORIENTED_EDGE('',*,*,#907,.F.);
#1177=ORIENTED_EDGE('',*,*,#909,.F.);
#1178=ORIENTED_EDGE('',*,*,#910,.T.);
#1179=ORIENTED_EDGE('',*,*,#911,.F.);
#1180=ORIENTED_EDGE('',*,*,#910,.F.);
#1181=ORIENTED_EDGE('',*,*,#912,.F.);
#1182=ORIENTED_EDGE('',*,*,#902,.T.);
#1183=ORIENTED_EDGE('',*,*,#913,.F.);
#1184=ORIENTED_EDGE('',*,*,#914,.F.);
#1185=ORIENTED_EDGE('',*,*,#915,.F.);
#1186=ORIENTED_EDGE('',*,*,#916,.T.);
#1187=ORIENTED_EDGE('',*,*,#917,.F.);
#1188=ORIENTED_EDGE('',*,*,#916,.F.);
#1189=ORIENTED_EDGE('',*,*,#918,.F.);
#1190=ORIENTED_EDGE('',*,*,#919,.T.);
#1191=ORIENTED_EDGE('',*,*,#920,.F.);
#1192=ORIENTED_EDGE('',*,*,#919,.F.);
#1193=ORIENTED_EDGE('',*,*,#921,.F.);
#1194=ORIENTED_EDGE('',*,*,#922,.T.);
#1195=ORIENTED_EDGE('',*,*,#923,.F.);
#1196=ORIENTED_EDGE('',*,*,#922,.F.);
#1197=ORIENTED_EDGE('',*,*,#924,.F.);
#1198=ORIENTED_EDGE('',*,*,#914,.T.);
#1199=ORIENTED_EDGE('',*,*,#925,.F.);
#1200=ORIENTED_EDGE('',*,*,#926,.F.);
#1201=ORIENTED_EDGE('',*,*,#927,.F.);
#1202=ORIENTED_EDGE('',*,*,#928,.T.);
#1203=ORIENTED_EDGE('',*,*,#929,.F.);
#1204=ORIENTED_EDGE('',*,*,#928,.F.);
#1205=ORIENTED_EDGE('',*,*,#930,.F.);
#1206=ORIENTED_EDGE('',*,*,#931,.T.);
#1207=ORIENTED_EDGE('',*,*,#932,.F.);
#1208=ORIENTED_EDGE('',*,*,#931,.F.);
#1209=ORIENTED_EDGE('',*,*,#933,.F.);
#1210=ORIENTED_EDGE('',*,*,#934,.T.);
#1211=ORIENTED_EDGE('',*,*,#935,.F.);
#1212=ORIENTED_EDGE('',*,*,#934,.F.);
#1213=ORIENTED_EDGE('',*,*,#936,.F.);
#1214=ORIENTED_EDGE('',*,*,#926,.T.);
#1215=ORIENTED_EDGE('',*,*,#937,.T.);
#1216=ORIENTED_EDGE('',*,*,#938,.T.);
#1217=ORIENTED_EDGE('',*,*,#939,.T.);
#1218=ORIENTED_EDGE('',*,*,#940,.T.);
#1219=ORIENTED_EDGE('',*,*,#939,.F.);
#1220=ORIENTED_EDGE('',*,*,#941,.F.);
#1221=ORIENTED_EDGE('',*,*,#942,.F.);
#1222=ORIENTED_EDGE('',*,*,#943,.F.);
#1223=ORIENTED_EDGE('',*,*,#944,.F.);
#1224=ORIENTED_EDGE('',*,*,#945,.F.);
#1225=ORIENTED_EDGE('',*,*,#946,.F.);
#1226=ORIENTED_EDGE('',*,*,#947,.F.);
#1227=ORIENTED_EDGE('',*,*,#948,.F.);
#1228=ORIENTED_EDGE('',*,*,#949,.F.);
#1229=ORIENTED_EDGE('',*,*,#796,.F.);
#1230=ORIENTED_EDGE('',*,*,#792,.F.);
#1231=ORIENTED_EDGE('',*,*,#950,.F.);
#1232=ORIENTED_EDGE('',*,*,#951,.F.);
#1233=ORIENTED_EDGE('',*,*,#952,.F.);
#1234=ORIENTED_EDGE('',*,*,#817,.T.);
#1235=ORIENTED_EDGE('',*,*,#821,.T.);
#1236=ORIENTED_EDGE('',*,*,#824,.T.);
#1237=ORIENTED_EDGE('',*,*,#827,.T.);
#1238=ORIENTED_EDGE('',*,*,#829,.T.);
#1239=ORIENTED_EDGE('',*,*,#833,.T.);
#1240=ORIENTED_EDGE('',*,*,#836,.T.);
#1241=ORIENTED_EDGE('',*,*,#839,.T.);
#1242=ORIENTED_EDGE('',*,*,#841,.T.);
#1243=ORIENTED_EDGE('',*,*,#845,.T.);
#1244=ORIENTED_EDGE('',*,*,#848,.T.);
#1245=ORIENTED_EDGE('',*,*,#851,.T.);
#1246=ORIENTED_EDGE('',*,*,#853,.T.);
#1247=ORIENTED_EDGE('',*,*,#857,.T.);
#1248=ORIENTED_EDGE('',*,*,#860,.T.);
#1249=ORIENTED_EDGE('',*,*,#863,.T.);
#1250=ORIENTED_EDGE('',*,*,#865,.T.);
#1251=ORIENTED_EDGE('',*,*,#869,.T.);
#1252=ORIENTED_EDGE('',*,*,#872,.T.);
#1253=ORIENTED_EDGE('',*,*,#875,.T.);
#1254=ORIENTED_EDGE('',*,*,#877,.T.);
#1255=ORIENTED_EDGE('',*,*,#881,.T.);
#1256=ORIENTED_EDGE('',*,*,#884,.T.);
#1257=ORIENTED_EDGE('',*,*,#887,.T.);
#1258=ORIENTED_EDGE('',*,*,#889,.T.);
#1259=ORIENTED_EDGE('',*,*,#893,.T.);
#1260=ORIENTED_EDGE('',*,*,#896,.T.);
#1261=ORIENTED_EDGE('',*,*,#899,.T.);
#1262=ORIENTED_EDGE('',*,*,#901,.T.);
#1263=ORIENTED_EDGE('',*,*,#905,.T.);
#1264=ORIENTED_EDGE('',*,*,#908,.T.);
#1265=ORIENTED_EDGE('',*,*,#911,.T.);
#1266=ORIENTED_EDGE('',*,*,#913,.T.);
#1267=ORIENTED_EDGE('',*,*,#917,.T.);
#1268=ORIENTED_EDGE('',*,*,#920,.T.);
#1269=ORIENTED_EDGE('',*,*,#923,.T.);
#1270=ORIENTED_EDGE('',*,*,#932,.T.);
#1271=ORIENTED_EDGE('',*,*,#935,.T.);
#1272=ORIENTED_EDGE('',*,*,#925,.T.);
#1273=ORIENTED_EDGE('',*,*,#929,.T.);
#1274=ORIENTED_EDGE('',*,*,#953,.F.);
#1275=ORIENTED_EDGE('',*,*,#954,.F.);
#1276=ORIENTED_EDGE('',*,*,#955,.F.);
#1277=ORIENTED_EDGE('',*,*,#956,.F.);
#1278=ORIENTED_EDGE('',*,*,#957,.F.);
#1279=ORIENTED_EDGE('',*,*,#958,.F.);
#1280=ORIENTED_EDGE('',*,*,#959,.F.);
#1281=ORIENTED_EDGE('',*,*,#960,.F.);
#1282=ORIENTED_EDGE('',*,*,#961,.F.);
#1283=ORIENTED_EDGE('',*,*,#962,.F.);
#1284=ORIENTED_EDGE('',*,*,#799,.F.);
#1285=ORIENTED_EDGE('',*,*,#816,.F.);
#1286=ORIENTED_EDGE('',*,*,#812,.F.);
#1287=ORIENTED_EDGE('',*,*,#809,.F.);
#1288=ORIENTED_EDGE('',*,*,#806,.F.);
#1289=ORIENTED_EDGE('',*,*,#803,.F.);
#1290=ORIENTED_EDGE('',*,*,#963,.F.);
#1291=ORIENTED_EDGE('',*,*,#964,.F.);
#1292=ORIENTED_EDGE('',*,*,#965,.F.);
#1293=ORIENTED_EDGE('',*,*,#966,.F.);
#1294=ORIENTED_EDGE('',*,*,#967,.F.);
#1295=ORIENTED_EDGE('',*,*,#968,.F.);
#1296=ORIENTED_EDGE('',*,*,#938,.F.);
#1297=ORIENTED_EDGE('',*,*,#969,.F.);
#1298=ORIENTED_EDGE('',*,*,#970,.F.);
#1299=ORIENTED_EDGE('',*,*,#941,.T.);
#1300=ORIENTED_EDGE('',*,*,#961,.T.);
#1301=ORIENTED_EDGE('',*,*,#971,.T.);
#1302=ORIENTED_EDGE('',*,*,#972,.T.);
#1303=ORIENTED_EDGE('',*,*,#973,.T.);
#1304=ORIENTED_EDGE('',*,*,#971,.F.);
#1305=ORIENTED_EDGE('',*,*,#960,.T.);
#1306=ORIENTED_EDGE('',*,*,#974,.F.);
#1307=ORIENTED_EDGE('',*,*,#975,.F.);
#1308=ORIENTED_EDGE('',*,*,#957,.T.);
#1309=ORIENTED_EDGE('',*,*,#976,.T.);
#1310=ORIENTED_EDGE('',*,*,#977,.T.);
#1311=ORIENTED_EDGE('',*,*,#978,.T.);
#1312=ORIENTED_EDGE('',*,*,#973,.F.);
#1313=ORIENTED_EDGE('',*,*,#979,.F.);
#1314=ORIENTED_EDGE('',*,*,#976,.F.);
#1315=ORIENTED_EDGE('',*,*,#962,.T.);
#1316=ORIENTED_EDGE('',*,*,#967,.T.);
#1317=ORIENTED_EDGE('',*,*,#980,.T.);
#1318=ORIENTED_EDGE('',*,*,#981,.T.);
#1319=ORIENTED_EDGE('',*,*,#982,.T.);
#1320=ORIENTED_EDGE('',*,*,#980,.F.);
#1321=ORIENTED_EDGE('',*,*,#966,.T.);
#1322=ORIENTED_EDGE('',*,*,#983,.F.);
#1323=ORIENTED_EDGE('',*,*,#984,.F.);
#1324=ORIENTED_EDGE('',*,*,#959,.T.);
#1325=ORIENTED_EDGE('',*,*,#985,.T.);
#1326=ORIENTED_EDGE('',*,*,#986,.T.);
#1327=ORIENTED_EDGE('',*,*,#974,.T.);
#1328=ORIENTED_EDGE('',*,*,#978,.F.);
#1329=ORIENTED_EDGE('',*,*,#987,.F.);
#1330=ORIENTED_EDGE('',*,*,#985,.F.);
#1331=ORIENTED_EDGE('',*,*,#958,.T.);
#1332=ORIENTED_EDGE('',*,*,#965,.T.);
#1333=ORIENTED_EDGE('',*,*,#988,.T.);
#1334=ORIENTED_EDGE('',*,*,#989,.T.);
#1335=ORIENTED_EDGE('',*,*,#983,.T.);
#1336=ORIENTED_EDGE('',*,*,#988,.F.);
#1337=ORIENTED_EDGE('',*,*,#964,.T.);
#1338=ORIENTED_EDGE('',*,*,#990,.F.);
#1339=ORIENTED_EDGE('',*,*,#991,.F.);
#1340=ORIENTED_EDGE('',*,*,#963,.T.);
#1341=ORIENTED_EDGE('',*,*,#992,.T.);
#1342=ORIENTED_EDGE('',*,*,#993,.T.);
#1343=ORIENTED_EDGE('',*,*,#990,.T.);
#1344=ORIENTED_EDGE('',*,*,#982,.F.);
#1345=ORIENTED_EDGE('',*,*,#994,.F.);
#1346=ORIENTED_EDGE('',*,*,#992,.F.);
#1347=ORIENTED_EDGE('',*,*,#968,.T.);
#1348=ORIENTED_EDGE('',*,*,#995,.F.);
#1349=ORIENTED_EDGE('',*,*,#996,.T.);
#1350=ORIENTED_EDGE('',*,*,#953,.T.);
#1351=ORIENTED_EDGE('',*,*,#996,.F.);
#1352=ORIENTED_EDGE('',*,*,#997,.F.);
#1353=ORIENTED_EDGE('',*,*,#998,.T.);
#1354=ORIENTED_EDGE('',*,*,#954,.T.);
#1355=ORIENTED_EDGE('',*,*,#998,.F.);
#1356=ORIENTED_EDGE('',*,*,#999,.F.);
#1357=ORIENTED_EDGE('',*,*,#1000,.T.);
#1358=ORIENTED_EDGE('',*,*,#955,.T.);
#1359=ORIENTED_EDGE('',*,*,#1000,.F.);
#1360=ORIENTED_EDGE('',*,*,#1001,.F.);
#1361=ORIENTED_EDGE('',*,*,#1002,.T.);
#1362=ORIENTED_EDGE('',*,*,#956,.T.);
#1363=ORIENTED_EDGE('',*,*,#1002,.F.);
#1364=ORIENTED_EDGE('',*,*,#795,.F.);
#1365=ORIENTED_EDGE('',*,*,#1003,.F.);
#1366=ORIENTED_EDGE('',*,*,#1004,.F.);
#1367=ORIENTED_EDGE('',*,*,#950,.T.);
#1368=ORIENTED_EDGE('',*,*,#951,.T.);
#1369=ORIENTED_EDGE('',*,*,#1004,.T.);
#1370=ORIENTED_EDGE('',*,*,#1005,.F.);
#1371=ORIENTED_EDGE('',*,*,#1006,.F.);
#1372=ORIENTED_EDGE('',*,*,#940,.F.);
#1373=ORIENTED_EDGE('',*,*,#952,.T.);
#1374=ORIENTED_EDGE('',*,*,#1006,.T.);
#1375=ORIENTED_EDGE('',*,*,#1007,.F.);
#1376=ORIENTED_EDGE('',*,*,#942,.T.);
#1377=ORIENTED_EDGE('',*,*,#970,.T.);
#1378=ORIENTED_EDGE('',*,*,#1008,.F.);
#1379=ORIENTED_EDGE('',*,*,#1009,.F.);
#1380=ORIENTED_EDGE('',*,*,#943,.T.);
#1381=ORIENTED_EDGE('',*,*,#1009,.T.);
#1382=ORIENTED_EDGE('',*,*,#1010,.F.);
#1383=ORIENTED_EDGE('',*,*,#1011,.F.);
#1384=ORIENTED_EDGE('',*,*,#944,.T.);
#1385=ORIENTED_EDGE('',*,*,#1011,.T.);
#1386=ORIENTED_EDGE('',*,*,#1012,.F.);
#1387=ORIENTED_EDGE('',*,*,#1013,.F.);
#1388=ORIENTED_EDGE('',*,*,#945,.T.);
#1389=ORIENTED_EDGE('',*,*,#1013,.T.);
#1390=ORIENTED_EDGE('',*,*,#1014,.F.);
#1391=ORIENTED_EDGE('',*,*,#1015,.F.);
#1392=ORIENTED_EDGE('',*,*,#946,.T.);
#1393=ORIENTED_EDGE('',*,*,#1015,.T.);
#1394=ORIENTED_EDGE('',*,*,#1016,.F.);
#1395=ORIENTED_EDGE('',*,*,#1017,.F.);
#1396=ORIENTED_EDGE('',*,*,#947,.T.);
#1397=ORIENTED_EDGE('',*,*,#1017,.T.);
#1398=ORIENTED_EDGE('',*,*,#1018,.F.);
#1399=ORIENTED_EDGE('',*,*,#1019,.F.);
#1400=ORIENTED_EDGE('',*,*,#948,.T.);
#1401=ORIENTED_EDGE('',*,*,#1019,.T.);
#1402=ORIENTED_EDGE('',*,*,#1020,.F.);
#1403=ORIENTED_EDGE('',*,*,#1021,.F.);
#1404=ORIENTED_EDGE('',*,*,#949,.T.);
#1405=ORIENTED_EDGE('',*,*,#1021,.T.);
#1406=ORIENTED_EDGE('',*,*,#1022,.F.);
#1407=ORIENTED_EDGE('',*,*,#797,.F.);
#1408=ORIENTED_EDGE('',*,*,#937,.F.);
#1409=ORIENTED_EDGE('',*,*,#1007,.T.);
#1410=ORIENTED_EDGE('',*,*,#1005,.T.);
#1411=ORIENTED_EDGE('',*,*,#1003,.T.);
#1412=ORIENTED_EDGE('',*,*,#794,.F.);
#1413=ORIENTED_EDGE('',*,*,#798,.T.);
#1414=ORIENTED_EDGE('',*,*,#1022,.T.);
#1415=ORIENTED_EDGE('',*,*,#1020,.T.);
#1416=ORIENTED_EDGE('',*,*,#1018,.T.);
#1417=ORIENTED_EDGE('',*,*,#1016,.T.);
#1418=ORIENTED_EDGE('',*,*,#1014,.T.);
#1419=ORIENTED_EDGE('',*,*,#1012,.T.);
#1420=ORIENTED_EDGE('',*,*,#1010,.T.);
#1421=ORIENTED_EDGE('',*,*,#1008,.T.);
#1422=ORIENTED_EDGE('',*,*,#969,.T.);
#1423=ORIENTED_EDGE('',*,*,#819,.T.);
#1424=ORIENTED_EDGE('',*,*,#828,.T.);
#1425=ORIENTED_EDGE('',*,*,#825,.T.);
#1426=ORIENTED_EDGE('',*,*,#822,.T.);
#1427=ORIENTED_EDGE('',*,*,#831,.T.);
#1428=ORIENTED_EDGE('',*,*,#840,.T.);
#1429=ORIENTED_EDGE('',*,*,#837,.T.);
#1430=ORIENTED_EDGE('',*,*,#834,.T.);
#1431=ORIENTED_EDGE('',*,*,#843,.T.);
#1432=ORIENTED_EDGE('',*,*,#852,.T.);
#1433=ORIENTED_EDGE('',*,*,#849,.T.);
#1434=ORIENTED_EDGE('',*,*,#846,.T.);
#1435=ORIENTED_EDGE('',*,*,#855,.T.);
#1436=ORIENTED_EDGE('',*,*,#864,.T.);
#1437=ORIENTED_EDGE('',*,*,#861,.T.);
#1438=ORIENTED_EDGE('',*,*,#858,.T.);
#1439=ORIENTED_EDGE('',*,*,#867,.T.);
#1440=ORIENTED_EDGE('',*,*,#876,.T.);
#1441=ORIENTED_EDGE('',*,*,#873,.T.);
#1442=ORIENTED_EDGE('',*,*,#870,.T.);
#1443=ORIENTED_EDGE('',*,*,#879,.T.);
#1444=ORIENTED_EDGE('',*,*,#888,.T.);
#1445=ORIENTED_EDGE('',*,*,#885,.T.);
#1446=ORIENTED_EDGE('',*,*,#882,.T.);
#1447=ORIENTED_EDGE('',*,*,#891,.T.);
#1448=ORIENTED_EDGE('',*,*,#900,.T.);
#1449=ORIENTED_EDGE('',*,*,#897,.T.);
#1450=ORIENTED_EDGE('',*,*,#894,.T.);
#1451=ORIENTED_EDGE('',*,*,#903,.T.);
#1452=ORIENTED_EDGE('',*,*,#912,.T.);
#1453=ORIENTED_EDGE('',*,*,#909,.T.);
#1454=ORIENTED_EDGE('',*,*,#906,.T.);
#1455=ORIENTED_EDGE('',*,*,#915,.T.);
#1456=ORIENTED_EDGE('',*,*,#924,.T.);
#1457=ORIENTED_EDGE('',*,*,#921,.T.);
#1458=ORIENTED_EDGE('',*,*,#918,.T.);
#1459=ORIENTED_EDGE('',*,*,#933,.T.);
#1460=ORIENTED_EDGE('',*,*,#930,.T.);
#1461=ORIENTED_EDGE('',*,*,#927,.T.);
#1462=ORIENTED_EDGE('',*,*,#936,.T.);
#1463=ORIENTED_EDGE('',*,*,#994,.T.);
#1464=ORIENTED_EDGE('',*,*,#981,.F.);
#1465=ORIENTED_EDGE('',*,*,#984,.T.);
#1466=ORIENTED_EDGE('',*,*,#989,.F.);
#1467=ORIENTED_EDGE('',*,*,#991,.T.);
#1468=ORIENTED_EDGE('',*,*,#993,.F.);
#1469=ORIENTED_EDGE('',*,*,#805,.T.);
#1470=ORIENTED_EDGE('',*,*,#808,.F.);
#1471=ORIENTED_EDGE('',*,*,#811,.T.);
#1472=ORIENTED_EDGE('',*,*,#814,.F.);
#1473=ORIENTED_EDGE('',*,*,#815,.T.);
#1474=ORIENTED_EDGE('',*,*,#801,.F.);
#1475=ORIENTED_EDGE('',*,*,#979,.T.);
#1476=ORIENTED_EDGE('',*,*,#972,.F.);
#1477=ORIENTED_EDGE('',*,*,#975,.T.);
#1478=ORIENTED_EDGE('',*,*,#986,.F.);
#1479=ORIENTED_EDGE('',*,*,#987,.T.);
#1480=ORIENTED_EDGE('',*,*,#977,.F.);
#1481=ORIENTED_EDGE('',*,*,#1001,.T.);
#1482=ORIENTED_EDGE('',*,*,#999,.T.);
#1483=ORIENTED_EDGE('',*,*,#997,.T.);
#1484=ORIENTED_EDGE('',*,*,#995,.T.);
#1485=CYLINDRICAL_SURFACE('',#1634,0.125);
#1486=CYLINDRICAL_SURFACE('',#1637,4.375);
#1487=CYLINDRICAL_SURFACE('',#1640,0.125);
#1488=CYLINDRICAL_SURFACE('',#1644,0.125);
#1489=CYLINDRICAL_SURFACE('',#1648,0.125);
#1490=CYLINDRICAL_SURFACE('',#1651,4.375);
#1491=CYLINDRICAL_SURFACE('',#1655,0.0590551181102359);
#1492=CYLINDRICAL_SURFACE('',#1659,0.0590551181102359);
#1493=CYLINDRICAL_SURFACE('',#1663,0.0590551181102359);
#1494=CYLINDRICAL_SURFACE('',#1667,0.0590551181102359);
#1495=CYLINDRICAL_SURFACE('',#1671,0.0590551181102359);
#1496=CYLINDRICAL_SURFACE('',#1675,0.0590551181102359);
#1497=CYLINDRICAL_SURFACE('',#1679,0.0590551181102359);
#1498=CYLINDRICAL_SURFACE('',#1683,0.0590551181102359);
#1499=CYLINDRICAL_SURFACE('',#1687,0.0590551181102359);
#1500=CYLINDRICAL_SURFACE('',#1691,0.0590551181102359);
#1501=CYLINDRICAL_SURFACE('',#1695,0.0590551181102359);
#1502=CYLINDRICAL_SURFACE('',#1699,0.0590551181102359);
#1503=CYLINDRICAL_SURFACE('',#1703,0.0590551181102359);
#1504=CYLINDRICAL_SURFACE('',#1707,0.0590551181102359);
#1505=CYLINDRICAL_SURFACE('',#1711,0.0590551181102359);
#1506=CYLINDRICAL_SURFACE('',#1715,0.0590551181102359);
#1507=CYLINDRICAL_SURFACE('',#1719,0.0590551181102359);
#1508=CYLINDRICAL_SURFACE('',#1723,0.0590551181102359);
#1509=CYLINDRICAL_SURFACE('',#1727,0.0590551181102359);
#1510=CYLINDRICAL_SURFACE('',#1731,0.0590551181102359);
#1511=CYLINDRICAL_SURFACE('',#1734,0.125);
#1512=CYLINDRICAL_SURFACE('',#1759,4.75);
#1513=CYLINDRICAL_SURFACE('',#1761,0.125);
#1514=CYLINDRICAL_SURFACE('',#1763,4.375);
#1515=CYLINDRICAL_SURFACE('',#1765,0.125);
#1516=CYLINDRICAL_SURFACE('',#1768,0.125);
#1517=CYLINDRICAL_SURFACE('',#1771,0.125);
#1518=CYLINDRICAL_SURFACE('',#1774,0.125);
#1519=CYLINDRICAL_SURFACE('',#1776,4.375);
#1520=CYLINDRICAL_SURFACE('',#1778,0.125);
#1521=CYLINDRICAL_SURFACE('',#1781,0.083499999999995);
#1522=CYLINDRICAL_SURFACE('',#1783,0.0860000000000071);
#1523=CYLINDRICAL_SURFACE('',#1785,0.0885000000000001);
#1524=CYLINDRICAL_SURFACE('',#1787,0.0885000000000005);
#1525=CYLINDRICAL_SURFACE('',#1790,0.1875);
#1526=CYLINDRICAL_SURFACE('',#1793,0.5);
#1527=CYLINDRICAL_SURFACE('',#1795,0.1875);
#1528=CYLINDRICAL_SURFACE('',#1797,1.);
#1529=CYLINDRICAL_SURFACE('',#1799,4.75);
#1530=CYLINDRICAL_SURFACE('',#1801,0.5);
#1531=CYLINDRICAL_SURFACE('',#1803,0.1875);
#1532=CYLINDRICAL_SURFACE('',#1806,0.1875);
#1533=ADVANCED_FACE('',(#80),#1485,.F.);
#1534=ADVANCED_FACE('',(#81),#1486,.F.);
#1535=ADVANCED_FACE('',(#82),#1487,.F.);
#1536=ADVANCED_FACE('',(#83),#49,.T.);
#1537=ADVANCED_FACE('',(#84),#1488,.F.);
#1538=ADVANCED_FACE('',(#85),#50,.T.);
#1539=ADVANCED_FACE('',(#86),#1489,.F.);
#1540=ADVANCED_FACE('',(#87),#1490,.F.);
#1541=ADVANCED_FACE('',(#88),#51,.F.);
#1542=ADVANCED_FACE('',(#89),#1491,.F.);
#1543=ADVANCED_FACE('',(#90),#52,.F.);
#1544=ADVANCED_FACE('',(#91),#1492,.F.);
#1545=ADVANCED_FACE('',(#92),#53,.F.);
#1546=ADVANCED_FACE('',(#93),#1493,.F.);
#1547=ADVANCED_FACE('',(#94),#54,.F.);
#1548=ADVANCED_FACE('',(#95),#1494,.F.);
#1549=ADVANCED_FACE('',(#96),#55,.F.);
#1550=ADVANCED_FACE('',(#97),#1495,.F.);
#1551=ADVANCED_FACE('',(#98),#56,.F.);
#1552=ADVANCED_FACE('',(#99),#1496,.F.);
#1553=ADVANCED_FACE('',(#100),#57,.F.);
#1554=ADVANCED_FACE('',(#101),#1497,.F.);
#1555=ADVANCED_FACE('',(#102),#58,.F.);
#1556=ADVANCED_FACE('',(#103),#1498,.F.);
#1557=ADVANCED_FACE('',(#104),#59,.F.);
#1558=ADVANCED_FACE('',(#105),#1499,.F.);
#1559=ADVANCED_FACE('',(#106),#60,.F.);
#1560=ADVANCED_FACE('',(#107),#1500,.F.);
#1561=ADVANCED_FACE('',(#108),#61,.F.);
#1562=ADVANCED_FACE('',(#109),#1501,.F.);
#1563=ADVANCED_FACE('',(#110),#62,.F.);
#1564=ADVANCED_FACE('',(#111),#1502,.F.);
#1565=ADVANCED_FACE('',(#112),#63,.F.);
#1566=ADVANCED_FACE('',(#113),#1503,.F.);
#1567=ADVANCED_FACE('',(#114),#64,.F.);
#1568=ADVANCED_FACE('',(#115),#1504,.F.);
#1569=ADVANCED_FACE('',(#116),#65,.F.);
#1570=ADVANCED_FACE('',(#117),#1505,.F.);
#1571=ADVANCED_FACE('',(#118),#66,.F.);
#1572=ADVANCED_FACE('',(#119),#1506,.F.);
#1573=ADVANCED_FACE('',(#120),#67,.F.);
#1574=ADVANCED_FACE('',(#121),#1507,.F.);
#1575=ADVANCED_FACE('',(#122),#68,.F.);
#1576=ADVANCED_FACE('',(#123),#1508,.F.);
#1577=ADVANCED_FACE('',(#124),#69,.F.);
#1578=ADVANCED_FACE('',(#125),#1509,.F.);
#1579=ADVANCED_FACE('',(#126),#70,.F.);
#1580=ADVANCED_FACE('',(#127),#1510,.F.);
#1581=ADVANCED_FACE('',(#128),#1511,.T.);
#1582=ADVANCED_FACE('',(#129,#15,#16,#17,#18,#19,#20,#21,#22,#23,#24,#25,
#26,#27,#28,#29,#30,#31),#71,.F.);
#1583=ADVANCED_FACE('',(#130),#1512,.T.);
#1584=ADVANCED_FACE('',(#131),#1513,.F.);
#1585=ADVANCED_FACE('',(#132),#1514,.F.);
#1586=ADVANCED_FACE('',(#133),#1515,.F.);
#1587=ADVANCED_FACE('',(#134),#72,.T.);
#1588=ADVANCED_FACE('',(#135),#1516,.F.);
#1589=ADVANCED_FACE('',(#136),#73,.T.);
#1590=ADVANCED_FACE('',(#137),#1517,.F.);
#1591=ADVANCED_FACE('',(#138),#74,.T.);
#1592=ADVANCED_FACE('',(#139),#1518,.F.);
#1593=ADVANCED_FACE('',(#140),#1519,.F.);
#1594=ADVANCED_FACE('',(#141),#1520,.F.);
#1595=ADVANCED_FACE('',(#142),#75,.T.);
#1596=ADVANCED_FACE('',(#143),#1521,.F.);
#1597=ADVANCED_FACE('',(#144),#1522,.F.);
#1598=ADVANCED_FACE('',(#145),#1523,.F.);
#1599=ADVANCED_FACE('',(#146),#1524,.F.);
#1600=ADVANCED_FACE('',(#147),#76,.T.);
#1601=ADVANCED_FACE('',(#148),#1525,.T.);
#1602=ADVANCED_FACE('',(#149),#77,.T.);
#1603=ADVANCED_FACE('',(#150),#1526,.F.);
#1604=ADVANCED_FACE('',(#151),#1527,.T.);
#1605=ADVANCED_FACE('',(#152),#1528,.F.);
#1606=ADVANCED_FACE('',(#153),#1529,.T.);
#1607=ADVANCED_FACE('',(#154),#1530,.F.);
#1608=ADVANCED_FACE('',(#155),#1531,.T.);
#1609=ADVANCED_FACE('',(#156),#78,.T.);
#1610=ADVANCED_FACE('',(#157),#1532,.T.);
#1611=ADVANCED_FACE('',(#158,#32,#33,#34,#35,#36,#37,#38,#39,#40,#41,#42,
#43,#44,#45,#46,#47,#48),#79,.T.);
#1612=CLOSED_SHELL('',(#1533,#1534,#1535,#1536,#1537,#1538,#1539,#1540,
#1541,#1542,#1543,#1544,#1545,#1546,#1547,#1548,#1549,#1550,#1551,#1552,
#1553,#1554,#1555,#1556,#1557,#1558,#1559,#1560,#1561,#1562,#1563,#1564,
#1565,#1566,#1567,#1568,#1569,#1570,#1571,#1572,#1573,#1574,#1575,#1576,
#1577,#1578,#1579,#1580,#1581,#1582,#1583,#1584,#1585,#1586,#1587,#1588,
#1589,#1590,#1591,#1592,#1593,#1594,#1595,#1596,#1597,#1598,#1599,#1600,
#1601,#1602,#1603,#1604,#1605,#1606,#1607,#1608,#1609,#1610,#1611));
#1613=DERIVED_UNIT_ELEMENT(#1615,1.);
#1614=DERIVED_UNIT_ELEMENT(#2769,-3.);
#1615=(
CONVERSION_BASED_UNIT('gram',#1617)
MASS_UNIT()
NAMED_UNIT(#2766)
);
#1616=(
MASS_UNIT()
NAMED_UNIT(*)
SI_UNIT(.KILO.,.GRAM.)
);
#1617=MASS_MEASURE_WITH_UNIT(MASS_MEASURE(0.001),#1616);
#1618=DERIVED_UNIT((#1613,#1614));
#1619=MEASURE_REPRESENTATION_ITEM('density measure',
POSITIVE_RATIO_MEASURE(1.425),#1618);
#1620=PROPERTY_DEFINITION_REPRESENTATION(#1625,#1622);
#1621=PROPERTY_DEFINITION_REPRESENTATION(#1626,#1623);
#1622=REPRESENTATION('material name',(#1624),#2763);
#1623=REPRESENTATION('density',(#1619),#2763);
#1624=DESCRIPTIVE_REPRESENTATION_ITEM('Acetal Resin, Black',
'Acetal Resin, Black');
#1625=PROPERTY_DEFINITION('material property','material name',#2777);
#1626=PROPERTY_DEFINITION('material property','density of part',#2777);
#1627=DATE_TIME_ROLE('creation_date');
#1628=APPLIED_DATE_AND_TIME_ASSIGNMENT(#1629,#1627,(#2777));
#1629=DATE_AND_TIME(#1630,#1631);
#1630=CALENDAR_DATE(2026,16,1);
#1631=LOCAL_TIME(0,0,0.,#1632);
#1632=COORDINATED_UNIVERSAL_TIME_OFFSET(0,0,.BEHIND.);
#1633=AXIS2_PLACEMENT_3D('',#2296,#1809,#1810);
#1634=AXIS2_PLACEMENT_3D('',#2297,#1811,#1812);
#1635=AXIS2_PLACEMENT_3D('',#2300,#1813,#1814);
#1636=AXIS2_PLACEMENT_3D('',#2304,#1816,#1817);
#1637=AXIS2_PLACEMENT_3D('',#2306,#1819,#1820);
#1638=AXIS2_PLACEMENT_3D('',#2308,#1821,#1822);
#1639=AXIS2_PLACEMENT_3D('',#2311,#1824,#1825);
#1640=AXIS2_PLACEMENT_3D('',#2312,#1826,#1827);
#1641=AXIS2_PLACEMENT_3D('',#2315,#1828,#1829);
#1642=AXIS2_PLACEMENT_3D('',#2319,#1831,#1832);
#1643=AXIS2_PLACEMENT_3D('',#2321,#1834,#1835);
#1644=AXIS2_PLACEMENT_3D('',#2327,#1839,#1840);
#1645=AXIS2_PLACEMENT_3D('',#2329,#1841,#1842);
#1646=AXIS2_PLACEMENT_3D('',#2332,#1844,#1845);
#1647=AXIS2_PLACEMENT_3D('',#2333,#1846,#1847);
#1648=AXIS2_PLACEMENT_3D('',#2339,#1851,#1852);
#1649=AXIS2_PLACEMENT_3D('',#2341,#1853,#1854);
#1650=AXIS2_PLACEMENT_3D('',#2344,#1856,#1857);
#1651=AXIS2_PLACEMENT_3D('',#2345,#1858,#1859);
#1652=AXIS2_PLACEMENT_3D('',#2346,#1860,#1861);
#1653=AXIS2_PLACEMENT_3D('',#2347,#1862,#1863);
#1654=AXIS2_PLACEMENT_3D('',#2348,#1864,#1865);
#1655=AXIS2_PLACEMENT_3D('',#2357,#1870,#1871);
#1656=AXIS2_PLACEMENT_3D('',#2359,#1872,#1873);
#1657=AXIS2_PLACEMENT_3D('',#2361,#1874,#1875);
#1658=AXIS2_PLACEMENT_3D('',#2363,#1877,#1878);
#1659=AXIS2_PLACEMENT_3D('',#2369,#1882,#1883);
#1660=AXIS2_PLACEMENT_3D('',#2370,#1884,#1885);
#1661=AXIS2_PLACEMENT_3D('',#2371,#1886,#1887);
#1662=AXIS2_PLACEMENT_3D('',#2372,#1888,#1889);
#1663=AXIS2_PLACEMENT_3D('',#2381,#1894,#1895);
#1664=AXIS2_PLACEMENT_3D('',#2383,#1896,#1897);
#1665=AXIS2_PLACEMENT_3D('',#2385,#1898,#1899);
#1666=AXIS2_PLACEMENT_3D('',#2387,#1901,#1902);
#1667=AXIS2_PLACEMENT_3D('',#2393,#1906,#1907);
#1668=AXIS2_PLACEMENT_3D('',#2394,#1908,#1909);
#1669=AXIS2_PLACEMENT_3D('',#2395,#1910,#1911);
#1670=AXIS2_PLACEMENT_3D('',#2396,#1912,#1913);
#1671=AXIS2_PLACEMENT_3D('',#2405,#1918,#1919);
#1672=AXIS2_PLACEMENT_3D('',#2407,#1920,#1921);
#1673=AXIS2_PLACEMENT_3D('',#2409,#1922,#1923);
#1674=AXIS2_PLACEMENT_3D('',#2411,#1925,#1926);
#1675=AXIS2_PLACEMENT_3D('',#2417,#1930,#1931);
#1676=AXIS2_PLACEMENT_3D('',#2418,#1932,#1933);
#1677=AXIS2_PLACEMENT_3D('',#2419,#1934,#1935);
#1678=AXIS2_PLACEMENT_3D('',#2420,#1936,#1937);
#1679=AXIS2_PLACEMENT_3D('',#2429,#1942,#1943);
#1680=AXIS2_PLACEMENT_3D('',#2431,#1944,#1945);
#1681=AXIS2_PLACEMENT_3D('',#2433,#1946,#1947);
#1682=AXIS2_PLACEMENT_3D('',#2435,#1949,#1950);
#1683=AXIS2_PLACEMENT_3D('',#2441,#1954,#1955);
#1684=AXIS2_PLACEMENT_3D('',#2442,#1956,#1957);
#1685=AXIS2_PLACEMENT_3D('',#2443,#1958,#1959);
#1686=AXIS2_PLACEMENT_3D('',#2444,#1960,#1961);
#1687=AXIS2_PLACEMENT_3D('',#2453,#1966,#1967);
#1688=AXIS2_PLACEMENT_3D('',#2455,#1968,#1969);
#1689=AXIS2_PLACEMENT_3D('',#2457,#1970,#1971);
#1690=AXIS2_PLACEMENT_3D('',#2459,#1973,#1974);
#1691=AXIS2_PLACEMENT_3D('',#2465,#1978,#1979);
#1692=AXIS2_PLACEMENT_3D('',#2466,#1980,#1981);
#1693=AXIS2_PLACEMENT_3D('',#2467,#1982,#1983);
#1694=AXIS2_PLACEMENT_3D('',#2468,#1984,#1985);
#1695=AXIS2_PLACEMENT_3D('',#2477,#1990,#1991);
#1696=AXIS2_PLACEMENT_3D('',#2479,#1992,#1993);
#1697=AXIS2_PLACEMENT_3D('',#2481,#1994,#1995);
#1698=AXIS2_PLACEMENT_3D('',#2483,#1997,#1998);
#1699=AXIS2_PLACEMENT_3D('',#2489,#2002,#2003);
#1700=AXIS2_PLACEMENT_3D('',#2490,#2004,#2005);
#1701=AXIS2_PLACEMENT_3D('',#2491,#2006,#2007);
#1702=AXIS2_PLACEMENT_3D('',#2492,#2008,#2009);
#1703=AXIS2_PLACEMENT_3D('',#2501,#2014,#2015);
#1704=AXIS2_PLACEMENT_3D('',#2503,#2016,#2017);
#1705=AXIS2_PLACEMENT_3D('',#2505,#2018,#2019);
#1706=AXIS2_PLACEMENT_3D('',#2507,#2021,#2022);
#1707=AXIS2_PLACEMENT_3D('',#2513,#2026,#2027);
#1708=AXIS2_PLACEMENT_3D('',#2514,#2028,#2029);
#1709=AXIS2_PLACEMENT_3D('',#2515,#2030,#2031);
#1710=AXIS2_PLACEMENT_3D('',#2516,#2032,#2033);
#1711=AXIS2_PLACEMENT_3D('',#2525,#2038,#2039);
#1712=AXIS2_PLACEMENT_3D('',#2527,#2040,#2041);
#1713=AXIS2_PLACEMENT_3D('',#2529,#2042,#2043);
#1714=AXIS2_PLACEMENT_3D('',#2531,#2045,#2046);
#1715=AXIS2_PLACEMENT_3D('',#2537,#2050,#2051);
#1716=AXIS2_PLACEMENT_3D('',#2538,#2052,#2053);
#1717=AXIS2_PLACEMENT_3D('',#2539,#2054,#2055);
#1718=AXIS2_PLACEMENT_3D('',#2540,#2056,#2057);
#1719=AXIS2_PLACEMENT_3D('',#2549,#2062,#2063);
#1720=AXIS2_PLACEMENT_3D('',#2551,#2064,#2065);
#1721=AXIS2_PLACEMENT_3D('',#2553,#2066,#2067);
#1722=AXIS2_PLACEMENT_3D('',#2555,#2069,#2070);
#1723=AXIS2_PLACEMENT_3D('',#2561,#2074,#2075);
#1724=AXIS2_PLACEMENT_3D('',#2562,#2076,#2077);
#1725=AXIS2_PLACEMENT_3D('',#2563,#2078,#2079);
#1726=AXIS2_PLACEMENT_3D('',#2564,#2080,#2081);
#1727=AXIS2_PLACEMENT_3D('',#2573,#2086,#2087);
#1728=AXIS2_PLACEMENT_3D('',#2575,#2088,#2089);
#1729=AXIS2_PLACEMENT_3D('',#2577,#2090,#2091);
#1730=AXIS2_PLACEMENT_3D('',#2579,#2093,#2094);
#1731=AXIS2_PLACEMENT_3D('',#2585,#2098,#2099);
#1732=AXIS2_PLACEMENT_3D('',#2586,#2100,#2101);
#1733=AXIS2_PLACEMENT_3D('',#2587,#2102,#2103);
#1734=AXIS2_PLACEMENT_3D('',#2588,#2104,#2105);
#1735=AXIS2_PLACEMENT_3D('',#2591,#2106,#2107);
#1736=AXIS2_PLACEMENT_3D('',#2595,#2109,#2110);
#1737=AXIS2_PLACEMENT_3D('',#2597,#2112,#2113);
#1738=AXIS2_PLACEMENT_3D('',#2599,#2114,#2115);
#1739=AXIS2_PLACEMENT_3D('',#2601,#2116,#2117);
#1740=AXIS2_PLACEMENT_3D('',#2603,#2118,#2119);
#1741=AXIS2_PLACEMENT_3D('',#2605,#2120,#2121);
#1742=AXIS2_PLACEMENT_3D('',#2607,#2122,#2123);
#1743=AXIS2_PLACEMENT_3D('',#2609,#2124,#2125);
#1744=AXIS2_PLACEMENT_3D('',#2611,#2126,#2127);
#1745=AXIS2_PLACEMENT_3D('',#2614,#2129,#2130);
#1746=AXIS2_PLACEMENT_3D('',#2618,#2132,#2133);
#1747=AXIS2_PLACEMENT_3D('',#2621,#2135,#2136);
#1748=AXIS2_PLACEMENT_3D('',#2623,#2137,#2138);
#1749=AXIS2_PLACEMENT_3D('',#2625,#2139,#2140);
#1750=AXIS2_PLACEMENT_3D('',#2627,#2141,#2142);
#1751=AXIS2_PLACEMENT_3D('',#2630,#2143,#2144);
#1752=AXIS2_PLACEMENT_3D('',#2634,#2146,#2147);
#1753=AXIS2_PLACEMENT_3D('',#2636,#2148,#2149);
#1754=AXIS2_PLACEMENT_3D('',#2638,#2150,#2151);
#1755=AXIS2_PLACEMENT_3D('',#2642,#2153,#2154);
#1756=AXIS2_PLACEMENT_3D('',#2644,#2155,#2156);
#1757=AXIS2_PLACEMENT_3D('',#2646,#2157,#2158);
#1758=AXIS2_PLACEMENT_3D('',#2650,#2160,#2161);
#1759=AXIS2_PLACEMENT_3D('',#2652,#2163,#2164);
#1760=AXIS2_PLACEMENT_3D('',#2654,#2165,#2166);
#1761=AXIS2_PLACEMENT_3D('',#2656,#2168,#2169);
#1762=AXIS2_PLACEMENT_3D('',#2660,#2171,#2172);
#1763=AXIS2_PLACEMENT_3D('',#2662,#2174,#2175);
#1764=AXIS2_PLACEMENT_3D('',#2665,#2177,#2178);
#1765=AXIS2_PLACEMENT_3D('',#2666,#2179,#2180);
#1766=AXIS2_PLACEMENT_3D('',#2670,#2182,#2183);
#1767=AXIS2_PLACEMENT_3D('',#2672,#2185,#2186);
#1768=AXIS2_PLACEMENT_3D('',#2674,#2188,#2189);
#1769=AXIS2_PLACEMENT_3D('',#2678,#2191,#2192);
#1770=AXIS2_PLACEMENT_3D('',#2680,#2194,#2195);
#1771=AXIS2_PLACEMENT_3D('',#2684,#2198,#2199);
#1772=AXIS2_PLACEMENT_3D('',#2687,#2201,#2202);
#1773=AXIS2_PLACEMENT_3D('',#2688,#2203,#2204);
#1774=AXIS2_PLACEMENT_3D('',#2690,#2206,#2207);
#1775=AXIS2_PLACEMENT_3D('',#2693,#2209,#2210);
#1776=AXIS2_PLACEMENT_3D('',#2694,#2211,#2212);
#1777=AXIS2_PLACEMENT_3D('',#2697,#2214,#2215);
#1778=AXIS2_PLACEMENT_3D('',#2698,#2216,#2217);
#1779=AXIS2_PLACEMENT_3D('',#2701,#2219,#2220);
#1780=AXIS2_PLACEMENT_3D('',#2702,#2221,#2222);
#1781=AXIS2_PLACEMENT_3D('',#2704,#2224,#2225);
#1782=AXIS2_PLACEMENT_3D('',#2706,#2226,#2227);
#1783=AXIS2_PLACEMENT_3D('',#2708,#2229,#2230);
#1784=AXIS2_PLACEMENT_3D('',#2710,#2231,#2232);
#1785=AXIS2_PLACEMENT_3D('',#2712,#2234,#2235);
#1786=AXIS2_PLACEMENT_3D('',#2714,#2236,#2237);
#1787=AXIS2_PLACEMENT_3D('',#2716,#2239,#2240);
#1788=AXIS2_PLACEMENT_3D('',#2718,#2241,#2242);
#1789=AXIS2_PLACEMENT_3D('',#2720,#2244,#2245);
#1790=AXIS2_PLACEMENT_3D('',#2724,#2248,#2249);
#1791=AXIS2_PLACEMENT_3D('',#2726,#2250,#2251);
#1792=AXIS2_PLACEMENT_3D('',#2728,#2253,#2254);
#1793=AXIS2_PLACEMENT_3D('',#2730,#2256,#2257);
#1794=AXIS2_PLACEMENT_3D('',#2732,#2258,#2259);
#1795=AXIS2_PLACEMENT_3D('',#2734,#2261,#2262);
#1796=AXIS2_PLACEMENT_3D('',#2736,#2263,#2264);
#1797=AXIS2_PLACEMENT_3D('',#2738,#2266,#2267);
#1798=AXIS2_PLACEMENT_3D('',#2740,#2268,#2269);
#1799=AXIS2_PLACEMENT_3D('',#2742,#2271,#2272);
#1800=AXIS2_PLACEMENT_3D('',#2744,#2273,#2274);
#1801=AXIS2_PLACEMENT_3D('',#2746,#2276,#2277);
#1802=AXIS2_PLACEMENT_3D('',#2748,#2278,#2279);
#1803=AXIS2_PLACEMENT_3D('',#2750,#2281,#2282);
#1804=AXIS2_PLACEMENT_3D('',#2752,#2283,#2284);
#1805=AXIS2_PLACEMENT_3D('',#2754,#2286,#2287);
#1806=AXIS2_PLACEMENT_3D('',#2758,#2290,#2291);
#1807=AXIS2_PLACEMENT_3D('',#2759,#2292,#2293);
#1808=AXIS2_PLACEMENT_3D('',#2760,#2294,#2295);
#1809=DIRECTION('axis',(0.,0.,1.));
#1810=DIRECTION('refdir',(1.,0.,0.));
#1811=DIRECTION('center_axis',(0.,0.,1.));
#1812=DIRECTION('ref_axis',(0.533730284674681,-0.845654765977869,0.));
#1813=DIRECTION('center_axis',(0.,0.,-1.));
#1814=DIRECTION('ref_axis',(0.533730284674681,-0.845654765977869,0.));
#1815=DIRECTION('',(0.,0.,1.));
#1816=DIRECTION('center_axis',(0.,0.,1.));
#1817=DIRECTION('ref_axis',(0.533730284674681,-0.845654765977869,0.));
#1818=DIRECTION('',(0.,0.,-1.));
#1819=DIRECTION('center_axis',(0.,0.,1.));
#1820=DIRECTION('ref_axis',(0.361951528161848,0.932196916569296,0.));
#1821=DIRECTION('center_axis',(0.,0.,-1.));
#1822=DIRECTION('ref_axis',(0.361951528161848,0.932196916569296,0.));
#1823=DIRECTION('',(0.,0.,1.));
#1824=DIRECTION('center_axis',(0.,0.,-1.));
#1825=DIRECTION('ref_axis',(0.361951528161848,0.932196916569296,0.));
#1826=DIRECTION('center_axis',(0.,0.,1.));
#1827=DIRECTION('ref_axis',(-0.78801306279371,-0.615658519689671,0.));
#1828=DIRECTION('center_axis',(0.,0.,-1.));
#1829=DIRECTION('ref_axis',(-0.78801306279371,-0.615658519689671,0.));
#1830=DIRECTION('',(0.,0.,1.));
#1831=DIRECTION('center_axis',(0.,0.,1.));
#1832=DIRECTION('ref_axis',(-0.78801306279371,-0.615658519689671,0.));
#1833=DIRECTION('',(0.,0.,-1.));
#1834=DIRECTION('center_axis',(0.855182527502453,-0.518326966937393,0.));
#1835=DIRECTION('ref_axis',(0.518326966937393,0.855182527502453,0.));
#1836=DIRECTION('',(0.518326966937393,0.855182527502453,0.));
#1837=DIRECTION('',(0.,0.,-1.));
#1838=DIRECTION('',(0.518326966937393,0.855182527502453,0.));
#1839=DIRECTION('center_axis',(0.,0.,1.));
#1840=DIRECTION('ref_axis',(0.194578375359416,0.980886974040582,0.));
#1841=DIRECTION('center_axis',(0.,0.,-1.));
#1842=DIRECTION('ref_axis',(0.194578375359416,0.980886974040582,0.));
#1843=DIRECTION('',(0.,0.,1.));
#1844=DIRECTION('center_axis',(0.,0.,1.));
#1845=DIRECTION('ref_axis',(0.194578375359416,0.980886974040582,0.));
#1846=DIRECTION('center_axis',(-0.988281975159457,-0.15263923995789,0.));
#1847=DIRECTION('ref_axis',(0.15263923995789,-0.988281975159457,0.));
#1848=DIRECTION('',(0.15263923995789,-0.988281975159457,0.));
#1849=DIRECTION('',(0.,0.,-1.));
#1850=DIRECTION('',(0.15263923995789,-0.988281975159457,0.));
#1851=DIRECTION('center_axis',(0.,0.,1.));
#1852=DIRECTION('ref_axis',(0.951559604371422,-0.307464338303653,0.));
#1853=DIRECTION('center_axis',(0.,0.,-1.));
#1854=DIRECTION('ref_axis',(0.951559604371422,-0.307464338303653,0.));
#1855=DIRECTION('',(0.,0.,1.));
#1856=DIRECTION('center_axis',(0.,0.,1.));
#1857=DIRECTION('ref_axis',(0.951559604371422,-0.307464338303653,0.));
#1858=DIRECTION('center_axis',(0.,0.,1.));
#1859=DIRECTION('ref_axis',(-0.226164217664907,0.974089188241005,0.));
#1860=DIRECTION('center_axis',(0.,0.,-1.));
#1861=DIRECTION('ref_axis',(-0.226164217664907,0.974089188241005,0.));
#1862=DIRECTION('center_axis',(0.,0.,-1.));
#1863=DIRECTION('ref_axis',(-0.226164217664907,0.974089188241005,0.));
#1864=DIRECTION('center_axis',(0.999902306531687,0.0139777463352569,0.));
#1865=DIRECTION('ref_axis',(0.0139777463352569,-0.999902306531687,0.));
#1866=DIRECTION('',(-0.0139777463352569,0.999902306531687,0.));
#1867=DIRECTION('',(0.,0.,-1.));
#1868=DIRECTION('',(0.0139777463352569,-0.999902306531687,0.));
#1869=DIRECTION('',(0.,0.,-1.));
#1870=DIRECTION('center_axis',(0.,0.,-1.));
#1871=DIRECTION('ref_axis',(0.999902306531687,0.0139777463352534,0.));
#1872=DIRECTION('center_axis',(0.,0.,1.));
#1873=DIRECTION('ref_axis',(0.999902306531687,0.0139777463352534,0.));
#1874=DIRECTION('center_axis',(0.,0.,-1.));
#1875=DIRECTION('ref_axis',(0.999902306531687,0.0139777463352534,0.));
#1876=DIRECTION('',(0.,0.,-1.));
#1877=DIRECTION('center_axis',(-0.999902306531687,-0.0139777463352425,0.));
#1878=DIRECTION('ref_axis',(-0.0139777463352425,0.999902306531687,0.));
#1879=DIRECTION('',(0.0139777463352425,-0.999902306531687,0.));
#1880=DIRECTION('',(-0.0139777463352425,0.999902306531687,0.));
#1881=DIRECTION('',(0.,0.,-1.));
#1882=DIRECTION('center_axis',(0.,0.,-1.));
#1883=DIRECTION('ref_axis',(-0.999902306531687,-0.0139777463352504,0.));
#1884=DIRECTION('center_axis',(0.,0.,1.));
#1885=DIRECTION('ref_axis',(-0.999902306531687,-0.0139777463352504,0.));
#1886=DIRECTION('center_axis',(0.,0.,-1.));
#1887=DIRECTION('ref_axis',(-0.999902306531687,-0.0139777463352504,0.));
#1888=DIRECTION('center_axis',(0.979939184966654,-0.199296748008816,0.));
#1889=DIRECTION('ref_axis',(-0.199296748008816,-0.979939184966654,0.));
#1890=DIRECTION('',(0.199296748008816,0.979939184966654,0.));
#1891=DIRECTION('',(0.,0.,-1.));
#1892=DIRECTION('',(-0.199296748008816,-0.979939184966654,0.));
#1893=DIRECTION('',(0.,0.,-1.));
#1894=DIRECTION('center_axis',(0.,0.,-1.));
#1895=DIRECTION('ref_axis',(0.979939184966653,-0.19929674800882,0.));
#1896=DIRECTION('center_axis',(0.,0.,1.));
#1897=DIRECTION('ref_axis',(0.979939184966653,-0.19929674800882,0.));
#1898=DIRECTION('center_axis',(0.,0.,-1.));
#1899=DIRECTION('ref_axis',(0.979939184966653,-0.19929674800882,0.));
#1900=DIRECTION('',(0.,0.,-1.));
#1901=DIRECTION('center_axis',(-0.979939184966651,0.199296748008831,0.));
#1902=DIRECTION('ref_axis',(0.199296748008831,0.979939184966651,0.));
#1903=DIRECTION('',(-0.199296748008831,-0.979939184966651,0.));
#1904=DIRECTION('',(0.199296748008831,0.979939184966651,0.));
#1905=DIRECTION('',(0.,0.,-1.));
#1906=DIRECTION('center_axis',(0.,0.,-1.));
#1907=DIRECTION('ref_axis',(-0.979939184966653,0.199296748008823,0.));
#1908=DIRECTION('center_axis',(0.,0.,1.));
#1909=DIRECTION('ref_axis',(-0.979939184966653,0.199296748008823,0.));
#1910=DIRECTION('center_axis',(0.,0.,-1.));
#1911=DIRECTION('ref_axis',(-0.979939184966653,0.199296748008823,0.));
#1912=DIRECTION('center_axis',(0.915012008434084,-0.403426603512241,0.));
#1913=DIRECTION('ref_axis',(-0.403426603512241,-0.915012008434084,0.));
#1914=DIRECTION('',(0.403426603512241,0.915012008434084,0.));
#1915=DIRECTION('',(0.,0.,-1.));
#1916=DIRECTION('',(-0.403426603512241,-0.915012008434084,0.));
#1917=DIRECTION('',(0.,0.,-1.));
#1918=DIRECTION('center_axis',(0.,0.,-1.));
#1919=DIRECTION('ref_axis',(0.915012008434083,-0.403426603512244,0.));
#1920=DIRECTION('center_axis',(0.,0.,1.));
#1921=DIRECTION('ref_axis',(0.915012008434083,-0.403426603512244,0.));
#1922=DIRECTION('center_axis',(0.,0.,-1.));
#1923=DIRECTION('ref_axis',(0.915012008434083,-0.403426603512244,0.));
#1924=DIRECTION('',(0.,0.,-1.));
#1925=DIRECTION('center_axis',(-0.915012008434079,0.403426603512254,0.));
#1926=DIRECTION('ref_axis',(0.403426603512254,0.915012008434079,0.));
#1927=DIRECTION('',(-0.403426603512254,-0.915012008434079,0.));
#1928=DIRECTION('',(0.403426603512254,0.915012008434079,0.));
#1929=DIRECTION('',(0.,0.,-1.));
#1930=DIRECTION('center_axis',(0.,0.,-1.));
#1931=DIRECTION('ref_axis',(-0.915012008434082,0.403426603512247,0.));
#1932=DIRECTION('center_axis',(0.,0.,1.));
#1933=DIRECTION('ref_axis',(-0.915012008434082,0.403426603512247,0.));
#1934=DIRECTION('center_axis',(0.,0.,-1.));
#1935=DIRECTION('ref_axis',(-0.915012008434082,0.403426603512247,0.));
#1936=DIRECTION('center_axis',(0.808099930313375,-0.589045416438765,0.));
#1937=DIRECTION('ref_axis',(-0.589045416438765,-0.808099930313375,0.));
#1938=DIRECTION('',(0.589045416438765,0.808099930313375,0.));
#1939=DIRECTION('',(0.,0.,-1.));
#1940=DIRECTION('',(-0.589045416438765,-0.808099930313375,0.));
#1941=DIRECTION('',(0.,0.,-1.));
#1942=DIRECTION('center_axis',(0.,0.,-1.));
#1943=DIRECTION('ref_axis',(0.808099930313373,-0.589045416438768,0.));
#1944=DIRECTION('center_axis',(0.,0.,1.));
#1945=DIRECTION('ref_axis',(0.808099930313373,-0.589045416438768,0.));
#1946=DIRECTION('center_axis',(0.,0.,-1.));
#1947=DIRECTION('ref_axis',(0.808099930313373,-0.589045416438768,0.));
#1948=DIRECTION('',(0.,0.,-1.));
#1949=DIRECTION('center_axis',(-0.808099930313367,0.589045416438777,0.));
#1950=DIRECTION('ref_axis',(0.589045416438777,0.808099930313367,0.));
#1951=DIRECTION('',(-0.589045416438777,-0.808099930313367,0.));
#1952=DIRECTION('',(0.589045416438777,0.808099930313367,0.));
#1953=DIRECTION('',(0.,0.,-1.));
#1954=DIRECTION('center_axis',(0.,0.,-1.));
#1955=DIRECTION('ref_axis',(-0.808099930313371,0.589045416438771,0.));
#1956=DIRECTION('center_axis',(0.,0.,1.));
#1957=DIRECTION('ref_axis',(-0.808099930313371,0.589045416438771,0.));
#1958=DIRECTION('center_axis',(0.,0.,-1.));
#1959=DIRECTION('ref_axis',(-0.808099930313371,0.589045416438771,0.));
#1960=DIRECTION('center_axis',(0.664108561719033,-0.747636153654622,0.));
#1961=DIRECTION('ref_axis',(-0.747636153654622,-0.664108561719033,0.));
#1962=DIRECTION('',(0.747636153654622,0.664108561719033,0.));
#1963=DIRECTION('',(0.,0.,-1.));
#1964=DIRECTION('',(-0.747636153654622,-0.664108561719033,0.));
#1965=DIRECTION('',(0.,0.,-1.));
#1966=DIRECTION('center_axis',(0.,0.,-1.));
#1967=DIRECTION('ref_axis',(0.664108561719031,-0.747636153654624,0.));
#1968=DIRECTION('center_axis',(0.,0.,1.));
#1969=DIRECTION('ref_axis',(0.664108561719031,-0.747636153654624,0.));
#1970=DIRECTION('center_axis',(0.,0.,-1.));
#1971=DIRECTION('ref_axis',(0.664108561719031,-0.747636153654624,0.));
#1972=DIRECTION('',(0.,0.,-1.));
#1973=DIRECTION('center_axis',(-0.664108561719023,0.747636153654631,0.));
#1974=DIRECTION('ref_axis',(0.747636153654631,0.664108561719023,0.));
#1975=DIRECTION('',(-0.747636153654631,-0.664108561719023,0.));
#1976=DIRECTION('',(0.747636153654631,0.664108561719023,0.));
#1977=DIRECTION('',(0.,0.,-1.));
#1978=DIRECTION('center_axis',(0.,0.,-1.));
#1979=DIRECTION('ref_axis',(-0.664108561719028,0.747636153654626,0.));
#1980=DIRECTION('center_axis',(0.,0.,1.));
#1981=DIRECTION('ref_axis',(-0.664108561719028,0.747636153654626,0.));
#1982=DIRECTION('center_axis',(0.,0.,-1.));
#1983=DIRECTION('ref_axis',(-0.664108561719028,0.747636153654626,0.));
#1984=DIRECTION('center_axis',(0.489644879810103,-0.871921952743335,0.));
#1985=DIRECTION('ref_axis',(-0.871921952743335,-0.489644879810103,0.));
#1986=DIRECTION('',(0.871921952743335,0.489644879810103,0.));
#1987=DIRECTION('',(0.,0.,-1.));
#1988=DIRECTION('',(-0.871921952743335,-0.489644879810103,0.));
#1989=DIRECTION('',(0.,0.,-1.));
#1990=DIRECTION('center_axis',(0.,0.,-1.));
#1991=DIRECTION('ref_axis',(0.4896448798101,-0.871921952743337,0.));
#1992=DIRECTION('center_axis',(0.,0.,1.));
#1993=DIRECTION('ref_axis',(0.4896448798101,-0.871921952743337,0.));
#1994=DIRECTION('center_axis',(0.,0.,-1.));
#1995=DIRECTION('ref_axis',(0.4896448798101,-0.871921952743337,0.));
#1996=DIRECTION('',(0.,0.,-1.));
#1997=DIRECTION('center_axis',(-0.48964487981009,0.871921952743342,0.));
#1998=DIRECTION('ref_axis',(0.871921952743342,0.48964487981009,0.));
#1999=DIRECTION('',(-0.871921952743342,-0.48964487981009,0.));
#2000=DIRECTION('',(0.871921952743342,0.48964487981009,0.));
#2001=DIRECTION('',(0.,0.,-1.));
#2002=DIRECTION('center_axis',(0.,0.,-1.));
#2003=DIRECTION('ref_axis',(-0.489644879810097,0.871921952743338,0.));
#2004=DIRECTION('center_axis',(0.,0.,1.));
#2005=DIRECTION('ref_axis',(-0.489644879810097,0.871921952743338,0.));
#2006=DIRECTION('center_axis',(0.,0.,-1.));
#2007=DIRECTION('ref_axis',(-0.489644879810097,0.871921952743338,0.));
#2008=DIRECTION('center_axis',(0.2927140697078,-0.956200017462402,0.));
#2009=DIRECTION('ref_axis',(-0.956200017462402,-0.2927140697078,0.));
#2010=DIRECTION('',(0.956200017462402,0.2927140697078,0.));
#2011=DIRECTION('',(0.,0.,-1.));
#2012=DIRECTION('',(-0.956200017462402,-0.2927140697078,0.));
#2013=DIRECTION('',(0.,0.,-1.));
#2014=DIRECTION('center_axis',(0.,0.,-1.));
#2015=DIRECTION('ref_axis',(0.292714069707796,-0.956200017462403,0.));
#2016=DIRECTION('center_axis',(0.,0.,1.));
#2017=DIRECTION('ref_axis',(0.292714069707796,-0.956200017462403,0.));
#2018=DIRECTION('center_axis',(0.,0.,-1.));
#2019=DIRECTION('ref_axis',(0.292714069707796,-0.956200017462403,0.));
#2020=DIRECTION('',(0.,0.,-1.));
#2021=DIRECTION('center_axis',(-0.292714069707786,0.956200017462406,0.));
#2022=DIRECTION('ref_axis',(0.956200017462406,0.292714069707786,0.));
#2023=DIRECTION('',(-0.956200017462406,-0.292714069707786,0.));
#2024=DIRECTION('',(0.956200017462406,0.292714069707786,0.));
#2025=DIRECTION('',(0.,0.,-1.));
#2026=DIRECTION('center_axis',(0.,0.,-1.));
#2027=DIRECTION('ref_axis',(-0.292714069707794,0.956200017462404,0.));
#2028=DIRECTION('center_axis',(0.,0.,1.));
#2029=DIRECTION('ref_axis',(-0.292714069707794,0.956200017462404,0.));
#2030=DIRECTION('center_axis',(0.,0.,-1.));
#2031=DIRECTION('ref_axis',(-0.292714069707794,0.956200017462404,0.));
#2032=DIRECTION('center_axis',(0.0823522102893493,-0.996603287903697,0.));
#2033=DIRECTION('ref_axis',(-0.996603287903697,-0.0823522102893493,0.));
#2034=DIRECTION('',(0.996603287903697,0.0823522102893493,0.));
#2035=DIRECTION('',(0.,0.,-1.));
#2036=DIRECTION('',(-0.996603287903697,-0.0823522102893493,0.));
#2037=DIRECTION('',(0.,0.,-1.));
#2038=DIRECTION('center_axis',(0.,0.,-1.));
#2039=DIRECTION('ref_axis',(0.0823522102893458,-0.996603287903697,0.));
#2040=DIRECTION('center_axis',(0.,0.,1.));
#2041=DIRECTION('ref_axis',(0.0823522102893458,-0.996603287903697,0.));
#2042=DIRECTION('center_axis',(0.,0.,-1.));
#2043=DIRECTION('ref_axis',(0.0823522102893458,-0.996603287903697,0.));
#2044=DIRECTION('',(0.,0.,-1.));
#2045=DIRECTION('center_axis',(-0.082352210289335,0.996603287903698,0.));
#2046=DIRECTION('ref_axis',(0.996603287903698,0.082352210289335,0.));
#2047=DIRECTION('',(-0.996603287903698,-0.082352210289335,0.));
#2048=DIRECTION('',(0.996603287903698,0.082352210289335,0.));
#2049=DIRECTION('',(0.,0.,-1.));
#2050=DIRECTION('center_axis',(0.,0.,-1.));
#2051=DIRECTION('ref_axis',(-0.0823522102893427,0.996603287903697,0.));
#2052=DIRECTION('center_axis',(0.,0.,1.));
#2053=DIRECTION('ref_axis',(-0.0823522102893427,0.996603287903697,0.));
#2054=DIRECTION('center_axis',(0.,0.,-1.));
#2055=DIRECTION('ref_axis',(-0.0823522102893427,0.996603287903697,0.));
#2056=DIRECTION('center_axis',(-0.131788342100007,-0.991277878743661,0.));
#2057=DIRECTION('ref_axis',(-0.991277878743661,0.131788342100007,0.));
#2058=DIRECTION('',(0.991277878743661,-0.131788342100007,0.));
#2059=DIRECTION('',(0.,0.,-1.));
#2060=DIRECTION('',(-0.991277878743661,0.131788342100007,0.));
#2061=DIRECTION('',(0.,0.,-1.));
#2062=DIRECTION('center_axis',(0.,0.,-1.));
#2063=DIRECTION('ref_axis',(-0.13178834210001,-0.99127787874366,0.));
#2064=DIRECTION('center_axis',(0.,0.,1.));
#2065=DIRECTION('ref_axis',(-0.13178834210001,-0.99127787874366,0.));
#2066=DIRECTION('center_axis',(0.,0.,-1.));
#2067=DIRECTION('ref_axis',(-0.13178834210001,-0.99127787874366,0.));
#2068=DIRECTION('',(0.,0.,-1.));
#2069=DIRECTION('center_axis',(0.131788342100021,0.991277878743659,0.));
#2070=DIRECTION('ref_axis',(0.991277878743659,-0.131788342100021,0.));
#2071=DIRECTION('',(-0.991277878743659,0.131788342100021,0.));
#2072=DIRECTION('',(0.991277878743659,-0.131788342100021,0.));
#2073=DIRECTION('',(0.,0.,-1.));
#2074=DIRECTION('center_axis',(0.,0.,-1.));
#2075=DIRECTION('ref_axis',(0.131788342100014,0.99127787874366,0.));
#2076=DIRECTION('center_axis',(0.,0.,1.));
#2077=DIRECTION('ref_axis',(0.131788342100014,0.99127787874366,0.));
#2078=DIRECTION('center_axis',(0.,0.,-1.));
#2079=DIRECTION('ref_axis',(0.131788342100014,0.99127787874366,0.));
#2080=DIRECTION('center_axis',(-0.339881847540765,-0.940468143911465,0.));
#2081=DIRECTION('ref_axis',(-0.940468143911465,0.339881847540765,0.));
#2082=DIRECTION('',(0.940468143911465,-0.339881847540765,0.));
#2083=DIRECTION('',(0.,0.,-1.));
#2084=DIRECTION('',(-0.940468143911465,0.339881847540765,0.));
#2085=DIRECTION('',(0.,0.,-1.));
#2086=DIRECTION('center_axis',(0.,0.,-1.));
#2087=DIRECTION('ref_axis',(-0.339881847540768,-0.940468143911464,0.));
#2088=DIRECTION('center_axis',(0.,0.,1.));
#2089=DIRECTION('ref_axis',(-0.339881847540768,-0.940468143911464,0.));
#2090=DIRECTION('center_axis',(0.,0.,-1.));
#2091=DIRECTION('ref_axis',(-0.339881847540768,-0.940468143911464,0.));
#2092=DIRECTION('',(0.,0.,-1.));
#2093=DIRECTION('center_axis',(0.339881847540778,0.94046814391146,0.));
#2094=DIRECTION('ref_axis',(0.94046814391146,-0.339881847540778,0.));
#2095=DIRECTION('',(-0.94046814391146,0.339881847540778,0.));
#2096=DIRECTION('',(0.94046814391146,-0.339881847540778,0.));
#2097=DIRECTION('',(0.,0.,-1.));
#2098=DIRECTION('center_axis',(0.,0.,-1.));
#2099=DIRECTION('ref_axis',(0.339881847540771,0.940468143911463,0.));
#2100=DIRECTION('center_axis',(0.,0.,1.));
#2101=DIRECTION('ref_axis',(0.339881847540771,0.940468143911463,0.));
#2102=DIRECTION('center_axis',(0.,0.,-1.));
#2103=DIRECTION('ref_axis',(0.339881847540771,0.940468143911463,0.));
#2104=DIRECTION('center_axis',(0.,0.,1.));
#2105=DIRECTION('ref_axis',(0.318601348665181,0.947888801826843,0.));
#2106=DIRECTION('center_axis',(0.,0.,-1.));
#2107=DIRECTION('ref_axis',(0.318601348665181,0.947888801826843,0.));
#2108=DIRECTION('',(0.,0.,-1.));
#2109=DIRECTION('center_axis',(0.,0.,1.));
#2110=DIRECTION('ref_axis',(0.318601348665181,0.947888801826843,0.));
#2111=DIRECTION('',(0.,0.,1.));
#2112=DIRECTION('center_axis',(0.,0.,1.));
#2113=DIRECTION('ref_axis',(1.,0.,0.));
#2114=DIRECTION('center_axis',(0.,0.,1.));
#2115=DIRECTION('ref_axis',(0.675516745783532,-0.737344645444739,0.));
#2116=DIRECTION('center_axis',(0.,0.,-1.));
#2117=DIRECTION('ref_axis',(0.675516745783531,-0.737344645444739,0.));
#2118=DIRECTION('center_axis',(0.,0.,1.));
#2119=DIRECTION('ref_axis',(-0.526602017778965,-0.850111942552934,0.));
#2120=DIRECTION('center_axis',(0.,0.,-1.));
#2121=DIRECTION('ref_axis',(-0.526602017778964,-0.850111942552934,0.));
#2122=DIRECTION('center_axis',(0.,0.,1.));
#2123=DIRECTION('ref_axis',(-0.193367491992756,-0.98112640013427,0.));
#2124=DIRECTION('center_axis',(0.,0.,-1.));
#2125=DIRECTION('ref_axis',(-0.193367491992756,-0.98112640013427,0.));
#2126=DIRECTION('center_axis',(0.,0.,1.));
#2127=DIRECTION('ref_axis',(-0.987079823176603,-0.160229281586253,0.));
#2128=DIRECTION('',(0.160229281586252,-0.987079823176603,0.));
#2129=DIRECTION('center_axis',(0.,0.,1.));
#2130=DIRECTION('ref_axis',(0.361951528161852,0.932196916569294,0.));
#2131=DIRECTION('',(-0.518326966937394,-0.855182527502452,0.));
#2132=DIRECTION('center_axis',(0.,0.,1.));
#2133=DIRECTION('ref_axis',(-0.668834627256058,0.743411219570468,0.));
#2134=DIRECTION('',(-0.743411219570468,-0.668834627256058,0.));
#2135=DIRECTION('center_axis',(0.,0.,-1.));
#2136=DIRECTION('ref_axis',(-1.,0.,0.));
#2137=DIRECTION('center_axis',(0.,0.,-1.));
#2138=DIRECTION('ref_axis',(-1.,0.,0.));
#2139=DIRECTION('center_axis',(0.,0.,-1.));
#2140=DIRECTION('ref_axis',(-1.,0.,0.));
#2141=DIRECTION('center_axis',(0.,0.,-1.));
#2142=DIRECTION('ref_axis',(-1.,0.,0.));
#2143=DIRECTION('center_axis',(0.,0.,-1.));
#2144=DIRECTION('ref_axis',(-0.983638999341094,-0.180150822854769,0.));
#2145=DIRECTION('',(-0.932196916569297,0.361951528161846,0.));
#2146=DIRECTION('center_axis',(0.,0.,-1.));
#2147=DIRECTION('ref_axis',(0.489239833946473,-0.872149290477283,0.));
#2148=DIRECTION('center_axis',(0.,0.,-1.));
#2149=DIRECTION('ref_axis',(-0.977493289238895,0.21096651272874,0.));
#2150=DIRECTION('center_axis',(0.,0.,-1.));
#2151=DIRECTION('ref_axis',(0.395760797682001,0.918353630699039,0.));
#2152=DIRECTION('',(0.743411219570468,0.668834627256058,0.));
#2153=DIRECTION('center_axis',(0.,0.,-1.));
#2154=DIRECTION('ref_axis',(-0.21128751758243,-0.977423953519584,0.));
#2155=DIRECTION('center_axis',(0.,0.,-1.));
#2156=DIRECTION('ref_axis',(-0.795634578165197,0.605776871486432,0.));
#2157=DIRECTION('center_axis',(0.,0.,-1.));
#2158=DIRECTION('ref_axis',(0.905981543923618,0.423317188488463,0.));
#2159=DIRECTION('',(0.932196916569296,-0.361951528161848,0.));
#2160=DIRECTION('center_axis',(0.,0.,-1.));
#2161=DIRECTION('ref_axis',(-0.626330446997607,0.779557676611409,0.));
#2162=DIRECTION('',(-0.15263923995789,0.988281975159457,0.));
#2163=DIRECTION('center_axis',(0.,0.,1.));
#2164=DIRECTION('ref_axis',(0.675516745783532,-0.737344645444739,0.));
#2165=DIRECTION('center_axis',(0.,0.,1.));
#2166=DIRECTION('ref_axis',(0.675516745783532,-0.737344645444739,0.));
#2167=DIRECTION('',(0.,0.,1.));
#2168=DIRECTION('center_axis',(0.,0.,1.));
#2169=DIRECTION('ref_axis',(0.395760797682001,0.918353630699039,0.));
#2170=DIRECTION('',(0.,0.,1.));
#2171=DIRECTION('center_axis',(0.,0.,1.));
#2172=DIRECTION('ref_axis',(0.395760797682001,0.918353630699039,0.));
#2173=DIRECTION('',(0.,0.,-1.));
#2174=DIRECTION('center_axis',(0.,0.,1.));
#2175=DIRECTION('ref_axis',(-0.977493289238895,0.21096651272874,0.));
#2176=DIRECTION('',(0.,0.,-1.));
#2177=DIRECTION('center_axis',(0.,0.,-1.));
#2178=DIRECTION('ref_axis',(-0.977493289238895,0.21096651272874,0.));
#2179=DIRECTION('center_axis',(0.,0.,1.));
#2180=DIRECTION('ref_axis',(-0.983638999341094,-0.180150822854769,0.));
#2181=DIRECTION('',(0.,0.,1.));
#2182=DIRECTION('center_axis',(0.,0.,1.));
#2183=DIRECTION('ref_axis',(-0.983638999341094,-0.180150822854769,0.));
#2184=DIRECTION('',(0.,0.,-1.));
#2185=DIRECTION('center_axis',(0.668834627256058,-0.743411219570468,0.));
#2186=DIRECTION('ref_axis',(0.743411219570467,0.668834627256058,0.));
#2187=DIRECTION('',(0.743411219570468,0.668834627256058,0.));
#2188=DIRECTION('center_axis',(0.,0.,1.));
#2189=DIRECTION('ref_axis',(-0.626330446997607,0.779557676611409,0.));
#2190=DIRECTION('',(0.,0.,1.));
#2191=DIRECTION('center_axis',(0.,0.,1.));
#2192=DIRECTION('ref_axis',(-0.626330446997607,0.779557676611409,0.));
#2193=DIRECTION('',(0.,0.,-1.));
#2194=DIRECTION('center_axis',(-0.361951528161848,-0.932196916569296,0.));
#2195=DIRECTION('ref_axis',(0.932196916569296,-0.361951528161848,0.));
#2196=DIRECTION('',(0.,0.,-1.));
#2197=DIRECTION('',(0.932196916569296,-0.361951528161848,0.));
#2198=DIRECTION('center_axis',(0.,0.,1.));
#2199=DIRECTION('ref_axis',(0.489239833946473,-0.872149290477283,0.));
#2200=DIRECTION('',(0.,0.,1.));
#2201=DIRECTION('center_axis',(0.,0.,1.));
#2202=DIRECTION('ref_axis',(0.489239833946473,-0.872149290477283,0.));
#2203=DIRECTION('center_axis',(0.361951528161846,0.932196916569297,0.));
#2204=DIRECTION('ref_axis',(-0.932196916569297,0.361951528161846,0.));
#2205=DIRECTION('',(-0.932196916569297,0.361951528161846,0.));
#2206=DIRECTION('center_axis',(0.,0.,1.));
#2207=DIRECTION('ref_axis',(0.905981543923618,0.423317188488463,0.));
#2208=DIRECTION('',(0.,0.,1.));
#2209=DIRECTION('center_axis',(0.,0.,1.));
#2210=DIRECTION('ref_axis',(0.905981543923618,0.423317188488463,0.));
#2211=DIRECTION('center_axis',(0.,0.,1.));
#2212=DIRECTION('ref_axis',(-0.795634578165197,0.605776871486432,0.));
#2213=DIRECTION('',(0.,0.,-1.));
#2214=DIRECTION('center_axis',(0.,0.,-1.));
#2215=DIRECTION('ref_axis',(-0.795634578165197,0.605776871486432,0.));
#2216=DIRECTION('center_axis',(0.,0.,1.));
#2217=DIRECTION('ref_axis',(-0.21128751758243,-0.977423953519584,0.));
#2218=DIRECTION('',(0.,0.,1.));
#2219=DIRECTION('center_axis',(0.,0.,1.));
#2220=DIRECTION('ref_axis',(-0.21128751758243,-0.977423953519584,0.));
#2221=DIRECTION('center_axis',(0.988281975159457,0.15263923995789,0.));
#2222=DIRECTION('ref_axis',(-0.15263923995789,0.988281975159457,0.));
#2223=DIRECTION('',(-0.15263923995789,0.988281975159457,0.));
#2224=DIRECTION('center_axis',(0.,0.,1.));
#2225=DIRECTION('ref_axis',(-1.,0.,0.));
#2226=DIRECTION('center_axis',(0.,0.,-1.));
#2227=DIRECTION('ref_axis',(-1.,0.,0.));
#2228=DIRECTION('',(0.,0.,-1.));
#2229=DIRECTION('center_axis',(0.,0.,1.));
#2230=DIRECTION('ref_axis',(-1.,0.,0.));
#2231=DIRECTION('center_axis',(0.,0.,-1.));
#2232=DIRECTION('ref_axis',(-1.,0.,0.));
#2233=DIRECTION('',(0.,0.,-1.));
#2234=DIRECTION('center_axis',(0.,0.,1.));
#2235=DIRECTION('ref_axis',(-1.,0.,0.));
#2236=DIRECTION('center_axis',(0.,0.,-1.));
#2237=DIRECTION('ref_axis',(-1.,0.,0.));
#2238=DIRECTION('',(0.,0.,-1.));
#2239=DIRECTION('center_axis',(0.,0.,1.));
#2240=DIRECTION('ref_axis',(-1.,0.,0.));
#2241=DIRECTION('center_axis',(0.,0.,-1.));
#2242=DIRECTION('ref_axis',(-1.,0.,0.));
#2243=DIRECTION('',(0.,0.,-1.));
#2244=DIRECTION('center_axis',(-0.855182527502452,0.518326966937394,0.));
#2245=DIRECTION('ref_axis',(-0.518326966937394,-0.855182527502452,0.));
#2246=DIRECTION('',(-0.518326966937394,-0.855182527502452,0.));
#2247=DIRECTION('',(0.,0.,1.));
#2248=DIRECTION('center_axis',(0.,0.,1.));
#2249=DIRECTION('ref_axis',(-0.668834627256058,0.743411219570468,0.));
#2250=DIRECTION('center_axis',(0.,0.,1.));
#2251=DIRECTION('ref_axis',(-0.668834627256058,0.743411219570468,0.));
#2252=DIRECTION('',(0.,0.,1.));
#2253=DIRECTION('center_axis',(-0.668834627256058,0.743411219570468,0.));
#2254=DIRECTION('ref_axis',(-0.743411219570468,-0.668834627256058,0.));
#2255=DIRECTION('',(-0.743411219570468,-0.668834627256058,0.));
#2256=DIRECTION('center_axis',(0.,0.,1.));
#2257=DIRECTION('ref_axis',(0.675516745783531,-0.737344645444739,0.));
#2258=DIRECTION('center_axis',(0.,0.,-1.));
#2259=DIRECTION('ref_axis',(0.675516745783531,-0.737344645444739,0.));
#2260=DIRECTION('',(0.,0.,1.));
#2261=DIRECTION('center_axis',(0.,0.,1.));
#2262=DIRECTION('ref_axis',(-0.526602017778965,-0.850111942552934,0.));
#2263=DIRECTION('center_axis',(0.,0.,1.));
#2264=DIRECTION('ref_axis',(-0.526602017778965,-0.850111942552934,0.));
#2265=DIRECTION('',(0.,0.,1.));
#2266=DIRECTION('center_axis',(0.,0.,1.));
#2267=DIRECTION('ref_axis',(-0.526602017778964,-0.850111942552934,0.));
#2268=DIRECTION('center_axis',(0.,0.,-1.));
#2269=DIRECTION('ref_axis',(-0.526602017778964,-0.850111942552934,0.));
#2270=DIRECTION('',(0.,0.,1.));
#2271=DIRECTION('center_axis',(0.,0.,1.));
#2272=DIRECTION('ref_axis',(-0.193367491992756,-0.98112640013427,0.));
#2273=DIRECTION('center_axis',(0.,0.,1.));
#2274=DIRECTION('ref_axis',(-0.193367491992756,-0.98112640013427,0.));
#2275=DIRECTION('',(0.,0.,1.));
#2276=DIRECTION('center_axis',(0.,0.,1.));
#2277=DIRECTION('ref_axis',(-0.193367491992756,-0.98112640013427,0.));
#2278=DIRECTION('center_axis',(0.,0.,-1.));
#2279=DIRECTION('ref_axis',(-0.193367491992756,-0.98112640013427,0.));
#2280=DIRECTION('',(0.,0.,1.));
#2281=DIRECTION('center_axis',(0.,0.,1.));
#2282=DIRECTION('ref_axis',(-0.987079823176603,-0.160229281586253,0.));
#2283=DIRECTION('center_axis',(0.,0.,1.));
#2284=DIRECTION('ref_axis',(-0.987079823176603,-0.160229281586253,0.));
#2285=DIRECTION('',(0.,0.,1.));
#2286=DIRECTION('center_axis',(-0.987079823176603,-0.160229281586252,0.));
#2287=DIRECTION('ref_axis',(0.160229281586252,-0.987079823176603,0.));
#2288=DIRECTION('',(0.160229281586252,-0.987079823176603,0.));
#2289=DIRECTION('',(0.,0.,1.));
#2290=DIRECTION('center_axis',(0.,0.,1.));
#2291=DIRECTION('ref_axis',(0.361951528161852,0.932196916569294,0.));
#2292=DIRECTION('center_axis',(0.,0.,1.));
#2293=DIRECTION('ref_axis',(0.361951528161852,0.932196916569294,0.));
#2294=DIRECTION('center_axis',(0.,0.,1.));
#2295=DIRECTION('ref_axis',(1.,0.,0.));
#2296=CARTESIAN_POINT('',(0.,0.,0.));
#2297=CARTESIAN_POINT('Origin',(-2.51891511490229,-7.17798985024825,0.));
#2298=CARTESIAN_POINT('',(-2.41201729896448,-7.24278072111542,0.));
#2299=CARTESIAN_POINT('',(-2.50642247204431,-7.30236401908737,0.));
#2300=CARTESIAN_POINT('Origin',(-2.51891511490229,-7.17798985024825,0.));
#2301=CARTESIAN_POINT('',(-2.50642247204431,-7.30236401908737,0.25));
#2302=CARTESIAN_POINT('',(-2.50642247204431,-7.30236401908737,0.));
#2303=CARTESIAN_POINT('',(-2.41201729896448,-7.24278072111542,0.25));
#2304=CARTESIAN_POINT('Origin',(-2.51891511490229,-7.17798985024825,0.25));
#2305=CARTESIAN_POINT('',(-2.41201729896448,-7.24278072111542,0.));
#2306=CARTESIAN_POINT('Origin',(-2.94366497207359,-2.94926810971803,0.));
#2307=CARTESIAN_POINT('',(-4.52720290778167,-7.0276296197087,0.));
#2308=CARTESIAN_POINT('Origin',(-2.94366497207359,-2.94926810971803,0.));
#2309=CARTESIAN_POINT('',(-4.52720290778167,-7.0276296197087,0.25));
#2310=CARTESIAN_POINT('',(-4.52720290778167,-7.0276296197087,0.));
#2311=CARTESIAN_POINT('Origin',(-2.94366497207359,-2.94926810971803,0.25));
#2312=CARTESIAN_POINT('Origin',(-1.68551240793458,-7.00876957237947,0.));
#2313=CARTESIAN_POINT('',(-1.64850792075402,-7.12816667422246,0.));
#2314=CARTESIAN_POINT('',(-1.79241022387238,-6.9439787015123,0.));
#2315=CARTESIAN_POINT('Origin',(-1.68551240793458,-7.00876957237947,0.));
#2316=CARTESIAN_POINT('',(-1.79241022387238,-6.9439787015123,0.25));
#2317=CARTESIAN_POINT('',(-1.79241022387238,-6.9439787015123,0.));
#2318=CARTESIAN_POINT('',(-1.64850792075402,-7.12816667422246,0.25));
#2319=CARTESIAN_POINT('Origin',(-1.68551240793458,-7.00876957237947,0.25));
#2320=CARTESIAN_POINT('',(-1.64850792075402,-7.12816667422246,0.));
#2321=CARTESIAN_POINT('Origin',(-1.95419651978962,-7.21090830827243,0.));
#2322=CARTESIAN_POINT('',(-0.250780371113821,-4.40045888091508,0.));
#2323=CARTESIAN_POINT('',(-1.95419651978962,-7.21090830827243,0.));
#2324=CARTESIAN_POINT('',(-0.250780371113821,-4.40045888091508,0.25));
#2325=CARTESIAN_POINT('',(-0.250780371113821,-4.40045888091508,0.));
#2326=CARTESIAN_POINT('',(-1.95419651978962,-7.21090830827243,0.25));
#2327=CARTESIAN_POINT('Origin',(-0.143882555176015,-4.46524975178225,0.));
#2328=CARTESIAN_POINT('',(-0.020347308281083,-4.44616984678751,0.));
#2329=CARTESIAN_POINT('Origin',(-0.143882555176015,-4.46524975178225,0.));
#2330=CARTESIAN_POINT('',(-0.020347308281083,-4.44616984678751,0.25));
#2331=CARTESIAN_POINT('',(-0.020347308281083,-4.44616984678751,0.));
#2332=CARTESIAN_POINT('Origin',(-0.143882555176015,-4.46524975178225,0.25));
#2333=CARTESIAN_POINT('Origin',(-0.0727689164194603,-4.10675954543694,0.));
#2334=CARTESIAN_POINT('',(0.206351910336337,-5.91396247733348,0.));
#2335=CARTESIAN_POINT('',(-0.0727689164194603,-4.10675954543694,0.));
#2336=CARTESIAN_POINT('',(0.206351910336337,-5.91396247733348,0.25));
#2337=CARTESIAN_POINT('',(0.206351910336337,-5.91396247733348,0.));
#2338=CARTESIAN_POINT('',(-0.0727689164194603,-4.10675954543694,0.25));
#2339=CARTESIAN_POINT('Origin',(0.082816663441404,-5.93304238232822,0.));
#2340=CARTESIAN_POINT('',(0.171830829191846,-6.02080044916969,0.));
#2341=CARTESIAN_POINT('Origin',(0.082816663441404,-5.93304238232822,0.));
#2342=CARTESIAN_POINT('',(0.171830829191846,-6.02080044916969,0.25));
#2343=CARTESIAN_POINT('',(0.171830829191846,-6.02080044916969,0.));
#2344=CARTESIAN_POINT('Origin',(0.082816663441404,-5.93304238232822,0.25));
#2345=CARTESIAN_POINT('Origin',(-2.94366497207359,-2.94926810971803,0.));
#2346=CARTESIAN_POINT('Origin',(-2.94366497207359,-2.94926810971803,0.25));
#2347=CARTESIAN_POINT('Origin',(-2.94366497207359,-2.94926810971803,0.));
#2348=CARTESIAN_POINT('Origin',(1.69980097319661,-2.85629458020698,0.25));
#2349=CARTESIAN_POINT('',(1.70259652246366,-3.05627504151331,0.));
#2350=CARTESIAN_POINT('',(1.69980097319661,-2.85629458020698,0.));
#2351=CARTESIAN_POINT('',(1.71350488960745,-3.83660838037625,2.18547839493141E-17));
#2352=CARTESIAN_POINT('',(1.70259652246366,-3.05627504151331,0.25));
#2353=CARTESIAN_POINT('',(1.70259652246366,-3.05627504151331,0.25));
#2354=CARTESIAN_POINT('',(1.69980097319661,-2.85629458020698,0.25));
#2355=CARTESIAN_POINT('',(1.71350488960745,-3.83660838037625,0.25));
#2356=CARTESIAN_POINT('',(1.69980097319661,-2.85629458020698,0.25));
#2357=CARTESIAN_POINT('Origin',(1.64075162438569,-2.85712003766772,0.25));
#2358=CARTESIAN_POINT('',(1.58170227557476,-2.85794549512846,0.));
#2359=CARTESIAN_POINT('Origin',(1.64075162438569,-2.85712003766772,0.));
#2360=CARTESIAN_POINT('',(1.58170227557476,-2.85794549512846,0.25));
#2361=CARTESIAN_POINT('Origin',(1.64075162438569,-2.85712003766772,0.25));
#2362=CARTESIAN_POINT('',(1.58170227557476,-2.85794549512846,0.25));
#2363=CARTESIAN_POINT('Origin',(1.58449782484181,-3.0579259564348,0.25));
#2364=CARTESIAN_POINT('',(1.58449782484181,-3.0579259564348,0.));
#2365=CARTESIAN_POINT('',(1.59680396661911,-3.93824952595093,0.));
#2366=CARTESIAN_POINT('',(1.58449782484181,-3.0579259564348,0.25));
#2367=CARTESIAN_POINT('',(1.59680396661911,-3.93824952595093,0.25));
#2368=CARTESIAN_POINT('',(1.58449782484181,-3.0579259564348,0.25));
#2369=CARTESIAN_POINT('Origin',(1.64354717365274,-3.05710049897406,0.25));
#2370=CARTESIAN_POINT('Origin',(1.64354717365274,-3.05710049897406,0.));
#2371=CARTESIAN_POINT('Origin',(1.64354717365274,-3.05710049897406,0.25));
#2372=CARTESIAN_POINT('Origin',(1.61307033471816,-3.84736799609557,0.25));
#2373=CARTESIAN_POINT('',(1.57321098511639,-4.0433558330889,0.));
#2374=CARTESIAN_POINT('',(1.61307033471816,-3.84736799609557,0.));
#2375=CARTESIAN_POINT('',(1.45241658999806,-4.63730010103833,0.));
#2376=CARTESIAN_POINT('',(1.57321098511639,-4.0433558330889,0.25));
#2377=CARTESIAN_POINT('',(1.57321098511639,-4.0433558330889,0.25));
#2378=CARTESIAN_POINT('',(1.61307033471816,-3.84736799609557,0.25));
#2379=CARTESIAN_POINT('',(1.45241658999806,-4.63730010103833,0.25));
#2380=CARTESIAN_POINT('',(1.61307033471816,-3.84736799609557,0.25));
#2381=CARTESIAN_POINT('Origin',(1.5551999104091,-3.83559850310292,0.25));
#2382=CARTESIAN_POINT('',(1.49732948610005,-3.82382901011027,0.));
#2383=CARTESIAN_POINT('Origin',(1.5551999104091,-3.83559850310292,0.));
#2384=CARTESIAN_POINT('',(1.49732948610005,-3.82382901011027,0.25));
#2385=CARTESIAN_POINT('Origin',(1.5551999104091,-3.83559850310292,0.25));
#2386=CARTESIAN_POINT('',(1.49732948610005,-3.82382901011027,0.25));
#2387=CARTESIAN_POINT('Origin',(1.45747013649829,-4.0198168471036,0.25));
#2388=CARTESIAN_POINT('',(1.45747013649829,-4.0198168471036,0.));
#2389=CARTESIAN_POINT('',(1.31674606657906,-4.71175503354972,0.));
#2390=CARTESIAN_POINT('',(1.45747013649829,-4.0198168471036,0.25));
#2391=CARTESIAN_POINT('',(1.31674606657906,-4.71175503354972,0.25));
#2392=CARTESIAN_POINT('',(1.45747013649829,-4.0198168471036,0.25));
#2393=CARTESIAN_POINT('Origin',(1.51534056080734,-4.03158634009625,0.25));
#2394=CARTESIAN_POINT('Origin',(1.51534056080734,-4.03158634009625,0.));
#2395=CARTESIAN_POINT('Origin',(1.51534056080734,-4.03158634009625,0.25));
#2396=CARTESIAN_POINT('Origin',(1.31725601028212,-4.79723251527207,0.25));
#2397=CARTESIAN_POINT('',(1.23657068957967,-4.98023491695889,0.));
#2398=CARTESIAN_POINT('',(1.31725601028212,-4.79723251527207,0.));
#2399=CARTESIAN_POINT('',(1.07703447891957,-5.34207904737363,-2.18547839493141E-17));
#2400=CARTESIAN_POINT('',(1.23657068957967,-4.98023491695889,0.25));
#2401=CARTESIAN_POINT('',(1.23657068957967,-4.98023491695889,0.25));
#2402=CARTESIAN_POINT('',(1.31725601028212,-4.79723251527207,0.25));
#2403=CARTESIAN_POINT('',(1.07703447891957,-5.34207904737363,0.25));
#2404=CARTESIAN_POINT('',(1.31725601028212,-4.79723251527207,0.25));
#2405=CARTESIAN_POINT('Origin',(1.26321986805176,-4.77340810955284,0.25));
#2406=CARTESIAN_POINT('',(1.2091837258214,-4.74958370383362,0.));
#2407=CARTESIAN_POINT('Origin',(1.26321986805176,-4.77340810955284,0.));
#2408=CARTESIAN_POINT('',(1.2091837258214,-4.74958370383362,0.25));
#2409=CARTESIAN_POINT('Origin',(1.26321986805176,-4.77340810955284,0.25));
#2410=CARTESIAN_POINT('',(1.2091837258214,-4.74958370383362,0.25));
#2411=CARTESIAN_POINT('Origin',(1.12849840511895,-4.93258610552043,0.25));
#2412=CARTESIAN_POINT('',(1.12849840511895,-4.93258610552043,0.));
#2413=CARTESIAN_POINT('',(0.928619534107615,-5.3859314367786,0.));
#2414=CARTESIAN_POINT('',(1.12849840511895,-4.93258610552043,0.25));
#2415=CARTESIAN_POINT('',(0.928619534107615,-5.3859314367786,0.25));
#2416=CARTESIAN_POINT('',(1.12849840511895,-4.93258610552043,0.25));
#2417=CARTESIAN_POINT('Origin',(1.18253454734931,-4.95641051123966,0.25));
#2418=CARTESIAN_POINT('Origin',(1.18253454734931,-4.95641051123966,0.));
#2419=CARTESIAN_POINT('Origin',(1.18253454734931,-4.95641051123966,0.25));
#2420=CARTESIAN_POINT('Origin',(0.82593130295482,-5.66230404485891,0.25));
#2421=CARTESIAN_POINT('',(0.708122219667067,-5.82392403092158,0.));
#2422=CARTESIAN_POINT('',(0.82593130295482,-5.66230404485891,0.));
#2423=CARTESIAN_POINT('',(0.614979870152571,-5.95170420550802,0.));
#2424=CARTESIAN_POINT('',(0.708122219667067,-5.82392403092158,0.25));
#2425=CARTESIAN_POINT('',(0.708122219667067,-5.82392403092158,0.25));
#2426=CARTESIAN_POINT('',(0.82593130295482,-5.66230404485891,0.25));
#2427=CARTESIAN_POINT('',(0.614979870152571,-5.95170420550802,0.25));
#2428=CARTESIAN_POINT('',(0.82593130295482,-5.66230404485891,0.25));
#2429=CARTESIAN_POINT('Origin',(0.778208866125292,-5.62751789821882,0.25));
#2430=CARTESIAN_POINT('',(0.730486429295764,-5.59273175157874,0.));
#2431=CARTESIAN_POINT('Origin',(0.778208866125292,-5.62751789821882,-8.74191357972564E-17));
#2432=CARTESIAN_POINT('',(0.730486429295764,-5.59273175157874,0.25));
#2433=CARTESIAN_POINT('Origin',(0.778208866125292,-5.62751789821882,0.25));
#2434=CARTESIAN_POINT('',(0.730486429295764,-5.59273175157874,0.25));
#2435=CARTESIAN_POINT('Origin',(0.612677346008009,-5.75435173764141,0.25));
#2436=CARTESIAN_POINT('',(0.612677346008009,-5.75435173764141,0.));
#2437=CARTESIAN_POINT('',(0.460630454849624,-5.9629419052592,0.));
#2438=CARTESIAN_POINT('',(0.612677346008009,-5.75435173764141,0.25));
#2439=CARTESIAN_POINT('',(0.460630454849624,-5.9629419052592,0.25));
#2440=CARTESIAN_POINT('',(0.612677346008009,-5.75435173764141,0.25));
#2441=CARTESIAN_POINT('Origin',(0.660399782837539,-5.7891378842815,0.25));
#2442=CARTESIAN_POINT('Origin',(0.660399782837539,-5.7891378842815,-8.74191357972564E-17));
#2443=CARTESIAN_POINT('Origin',(0.660399782837539,-5.7891378842815,0.25));
#2444=CARTESIAN_POINT('Origin',(0.161640419036102,-6.40288917897547,0.25));
#2445=CARTESIAN_POINT('',(0.0121131883051765,-6.53571089131927,0.));
#2446=CARTESIAN_POINT('',(0.161640419036102,-6.40288917897547,0.));
#2447=CARTESIAN_POINT('',(0.0831334257474652,-6.47262519447304,0.));
#2448=CARTESIAN_POINT('',(0.0121131883051765,-6.53571089131927,0.25));
#2449=CARTESIAN_POINT('',(0.0121131883051765,-6.53571089131927,0.25));
#2450=CARTESIAN_POINT('',(0.161640419036102,-6.40288917897547,0.25));
#2451=CARTESIAN_POINT('',(0.0831334257474652,-6.47262519447304,0.25));
#2452=CARTESIAN_POINT('',(0.161640419036102,-6.40288917897547,0.25));
#2453=CARTESIAN_POINT('Origin',(0.122421409485766,-6.35873743761791,0.25));
#2454=CARTESIAN_POINT('',(0.0832023999354322,-6.31458569626036,0.));
#2455=CARTESIAN_POINT('Origin',(0.122421409485766,-6.35873743761791,0.));
#2456=CARTESIAN_POINT('',(0.0832023999354322,-6.31458569626036,0.25));
#2457=CARTESIAN_POINT('Origin',(0.122421409485766,-6.35873743761791,0.25));
#2458=CARTESIAN_POINT('',(0.0832023999354322,-6.31458569626036,0.25));
#2459=CARTESIAN_POINT('Origin',(-0.0663248307954944,-6.44740740860416,0.25));
#2460=CARTESIAN_POINT('',(-0.0663248307954944,-6.44740740860416,0.));
#2461=CARTESIAN_POINT('',(-0.0700682087186801,-6.45073256792984,0.));
#2462=CARTESIAN_POINT('',(-0.0663248307954944,-6.44740740860416,0.25));
#2463=CARTESIAN_POINT('',(-0.0700682087186801,-6.45073256792984,0.25));
#2464=CARTESIAN_POINT('',(-0.0663248307954944,-6.44740740860416,0.25));
#2465=CARTESIAN_POINT('Origin',(-0.027105821245159,-6.49155914996172,0.25));
#2466=CARTESIAN_POINT('Origin',(-0.027105821245159,-6.49155914996172,0.));
#2467=CARTESIAN_POINT('Origin',(-0.027105821245159,-6.49155914996172,0.25));
#2468=CARTESIAN_POINT('Origin',(-0.645135962389892,-6.98500651225557,0.25));
#2469=CARTESIAN_POINT('',(-0.819520352938559,-7.08293548821759,0.));
#2470=CARTESIAN_POINT('',(-0.645135962389892,-6.98500651225557,0.));
#2471=CARTESIAN_POINT('',(-0.512355525227509,-6.91044105259379,-2.18547839493141E-17));
#2472=CARTESIAN_POINT('',(-0.819520352938559,-7.08293548821759,0.25));
#2473=CARTESIAN_POINT('',(-0.819520352938559,-7.08293548821759,0.25));
#2474=CARTESIAN_POINT('',(-0.645135962389892,-6.98500651225557,0.25));
#2475=CARTESIAN_POINT('',(-0.512355525227509,-6.91044105259379,0.25));
#2476=CARTESIAN_POINT('',(-0.645135962389892,-6.98500651225557,0.25));
#2477=CARTESIAN_POINT('Origin',(-0.674051998599149,-6.93351505835341,0.25));
#2478=CARTESIAN_POINT('',(-0.702968034808405,-6.88202360445124,0.));
#2479=CARTESIAN_POINT('Origin',(-0.674051998599149,-6.93351505835341,0.));
#2480=CARTESIAN_POINT('',(-0.702968034808405,-6.88202360445124,0.25));
#2481=CARTESIAN_POINT('Origin',(-0.674051998599149,-6.93351505835341,0.25));
#2482=CARTESIAN_POINT('',(-0.702968034808405,-6.88202360445124,0.25));
#2483=CARTESIAN_POINT('Origin',(-0.877352425357074,-6.97995258041326,0.25));
#2484=CARTESIAN_POINT('',(-0.877352425357074,-6.97995258041326,0.));
#2485=CARTESIAN_POINT('',(-0.65737979292037,-6.85642263277048,-2.18547839493141E-17));
#2486=CARTESIAN_POINT('',(-0.877352425357074,-6.97995258041326,0.25));
#2487=CARTESIAN_POINT('',(-0.65737979292037,-6.85642263277048,0.25));
#2488=CARTESIAN_POINT('',(-0.877352425357074,-6.97995258041326,0.25));
#2489=CARTESIAN_POINT('Origin',(-0.848436389147816,-7.03144403431543,0.25));
#2490=CARTESIAN_POINT('Origin',(-0.848436389147816,-7.03144403431543,0.));
#2491=CARTESIAN_POINT('Origin',(-0.848436389147816,-7.03144403431543,0.25));
#2492=CARTESIAN_POINT('Origin',(-1.55737928127631,-7.38194586087077,0.25));
#2493=CARTESIAN_POINT('',(-1.74861928476879,-7.44048867481233,0.));
#2494=CARTESIAN_POINT('',(-1.55737928127631,-7.38194586087077,0.));
#2495=CARTESIAN_POINT('',(-1.17303923632136,-7.26429083403966,2.18547839493141E-17));
#2496=CARTESIAN_POINT('',(-1.74861928476879,-7.44048867481233,0.25));
#2497=CARTESIAN_POINT('',(-1.74861928476879,-7.44048867481233,0.25));
#2498=CARTESIAN_POINT('',(-1.55737928127631,-7.38194586087077,0.25));
#2499=CARTESIAN_POINT('',(-1.17303923632136,-7.26429083403966,0.25));
#2500=CARTESIAN_POINT('',(-1.55737928127631,-7.38194586087077,0.25));
#2501=CARTESIAN_POINT('Origin',(-1.57466554523543,-7.32547735590252,0.25));
#2502=CARTESIAN_POINT('',(-1.59195180919455,-7.26900885093427,0.));
#2503=CARTESIAN_POINT('Origin',(-1.57466554523543,-7.32547735590252,0.));
#2504=CARTESIAN_POINT('',(-1.59195180919455,-7.26900885093427,0.25));
#2505=CARTESIAN_POINT('Origin',(-1.57466554523543,-7.32547735590252,0.25));
#2506=CARTESIAN_POINT('',(-1.59195180919455,-7.26900885093427,0.25));
#2507=CARTESIAN_POINT('Origin',(-1.78319181268703,-7.32755166487583,0.25));
#2508=CARTESIAN_POINT('',(-1.78319181268703,-7.32755166487583,0.));
#2509=CARTESIAN_POINT('',(-1.30323176598586,-7.18062523107395,2.18547839493141E-17));
#2510=CARTESIAN_POINT('',(-1.78319181268703,-7.32755166487583,0.25));
#2511=CARTESIAN_POINT('',(-1.30323176598586,-7.18062523107395,0.25));
#2512=CARTESIAN_POINT('',(-1.78319181268703,-7.32755166487583,0.25));
#2513=CARTESIAN_POINT('Origin',(-1.76590554872791,-7.38402016984408,0.25));
#2514=CARTESIAN_POINT('Origin',(-1.76590554872791,-7.38402016984408,0.));
#2515=CARTESIAN_POINT('Origin',(-1.76590554872791,-7.38402016984408,0.25));
#2516=CARTESIAN_POINT('Origin',(-2.53323167607068,-7.57549384692606,0.25));
#2517=CARTESIAN_POINT('',(-2.73255233365141,-7.59196428898393,0.));
#2518=CARTESIAN_POINT('',(-2.53323167607068,-7.57549384692606,0.));
#2519=CARTESIAN_POINT('',(-1.90286126926607,-7.52340451817164,0.));
#2520=CARTESIAN_POINT('',(-2.73255233365141,-7.59196428898393,0.25));
#2521=CARTESIAN_POINT('',(-2.73255233365141,-7.59196428898393,0.25));
#2522=CARTESIAN_POINT('',(-2.53323167607068,-7.57549384692606,0.25));
#2523=CARTESIAN_POINT('',(-1.90286126926607,-7.52340451817164,0.25));
#2524=CARTESIAN_POINT('',(-2.53323167607068,-7.57549384692606,0.25));
#2525=CARTESIAN_POINT('Origin',(-2.53809499557595,-7.51663932204986,0.25));
#2526=CARTESIAN_POINT('',(-2.54295831508123,-7.45778479717366,0.));
#2527=CARTESIAN_POINT('Origin',(-2.53809499557595,-7.51663932204986,0.));
#2528=CARTESIAN_POINT('',(-2.54295831508123,-7.45778479717366,0.25));
#2529=CARTESIAN_POINT('Origin',(-2.53809499557595,-7.51663932204986,0.25));
#2530=CARTESIAN_POINT('',(-2.54295831508123,-7.45778479717366,0.25));
#2531=CARTESIAN_POINT('Origin',(-2.74227897266197,-7.47425523923153,0.25));
#2532=CARTESIAN_POINT('',(-2.74227897266197,-7.47425523923153,0.));
#2533=CARTESIAN_POINT('',(-2.01224823706701,-7.41393068944818,-2.18547839493141E-17));
#2534=CARTESIAN_POINT('',(-2.74227897266197,-7.47425523923153,0.25));
#2535=CARTESIAN_POINT('',(-2.01224823706701,-7.41393068944818,0.25));
#2536=CARTESIAN_POINT('',(-2.74227897266197,-7.47425523923153,0.25));
#2537=CARTESIAN_POINT('Origin',(-2.73741565315669,-7.53310976410773,0.25));
#2538=CARTESIAN_POINT('Origin',(-2.73741565315669,-7.53310976410773,0.));
#2539=CARTESIAN_POINT('Origin',(-2.73741565315669,-7.53310976410773,0.25));
#2540=CARTESIAN_POINT('Origin',(-3.5279166122769,-7.55676961085653,0.25));
#2541=CARTESIAN_POINT('',(-3.72617218802563,-7.53041194243653,0.));
#2542=CARTESIAN_POINT('',(-3.5279166122769,-7.55676961085653,0.));
#2543=CARTESIAN_POINT('',(-2.7017598902221,-7.66660543696451,0.));
#2544=CARTESIAN_POINT('',(-3.72617218802563,-7.53041194243653,0.25));
#2545=CARTESIAN_POINT('',(-3.72617218802563,-7.53041194243653,0.25));
#2546=CARTESIAN_POINT('',(-3.5279166122769,-7.55676961085653,0.25));
#2547=CARTESIAN_POINT('',(-2.7017598902221,-7.66660543696451,0.25));
#2548=CARTESIAN_POINT('',(-3.5279166122769,-7.55676961085653,0.25));
#2549=CARTESIAN_POINT('Origin',(-3.52013383616863,-7.49822957864726,0.25));
#2550=CARTESIAN_POINT('',(-3.51235106006036,-7.43968954643799,0.));
#2551=CARTESIAN_POINT('Origin',(-3.52013383616863,-7.49822957864726,0.));
#2552=CARTESIAN_POINT('',(-3.51235106006036,-7.43968954643799,0.25));
#2553=CARTESIAN_POINT('Origin',(-3.52013383616863,-7.49822957864726,0.25));
#2554=CARTESIAN_POINT('',(-3.51235106006036,-7.43968954643799,0.25));
#2555=CARTESIAN_POINT('Origin',(-3.71060663580909,-7.41333187801799,0.25));
#2556=CARTESIAN_POINT('',(-3.71060663580909,-7.41333187801799,0.));
#2557=CARTESIAN_POINT('',(-2.78532212587995,-7.53634653833598,2.18547839493141E-17));
#2558=CARTESIAN_POINT('',(-3.71060663580909,-7.41333187801799,0.25));
#2559=CARTESIAN_POINT('',(-2.78532212587995,-7.53634653833598,0.25));
#2560=CARTESIAN_POINT('',(-3.71060663580909,-7.41333187801799,0.25));
#2561=CARTESIAN_POINT('Origin',(-3.71838941191736,-7.47187191022726,0.25));
#2562=CARTESIAN_POINT('Origin',(-3.71838941191736,-7.47187191022726,0.));
#2563=CARTESIAN_POINT('Origin',(-3.71838941191736,-7.47187191022726,0.25));
#2564=CARTESIAN_POINT('Origin',(-4.49579343297147,-7.32663230554919,0.25));
#2565=CARTESIAN_POINT('',(-4.68388706175376,-7.25865593604104,0.));
#2566=CARTESIAN_POINT('',(-4.49579343297147,-7.32663230554919,0.));
#2567=CARTESIAN_POINT('',(-3.55960636535032,-7.66496698732104,0.));
#2568=CARTESIAN_POINT('',(-4.68388706175376,-7.25865593604104,0.25));
#2569=CARTESIAN_POINT('',(-4.68388706175376,-7.25865593604104,0.25));
#2570=CARTESIAN_POINT('',(-4.49579343297147,-7.32663230554919,0.25));
#2571=CARTESIAN_POINT('',(-3.55960636535032,-7.66496698732104,0.25));
#2572=CARTESIAN_POINT('',(-4.49579343297147,-7.32663230554919,0.25));
#2573=CARTESIAN_POINT('Origin',(-4.47572167032143,-7.27109284823159,0.25));
#2574=CARTESIAN_POINT('',(-4.45564990767138,-7.21555339091398,0.));
#2575=CARTESIAN_POINT('Origin',(-4.47572167032143,-7.27109284823159,0.));
#2576=CARTESIAN_POINT('',(-4.45564990767138,-7.21555339091398,0.25));
#2577=CARTESIAN_POINT('Origin',(-4.47572167032143,-7.27109284823159,0.25));
#2578=CARTESIAN_POINT('',(-4.45564990767138,-7.21555339091398,0.25));
#2579=CARTESIAN_POINT('Origin',(-4.64374353645367,-7.14757702140583,0.25));
#2580=CARTESIAN_POINT('',(-4.64374353645367,-7.14757702140583,0.));
#2581=CARTESIAN_POINT('',(-3.61350965444141,-7.51989988793176,0.));
#2582=CARTESIAN_POINT('',(-4.64374353645367,-7.14757702140583,0.25));
#2583=CARTESIAN_POINT('',(-3.61350965444141,-7.51989988793176,0.25));
#2584=CARTESIAN_POINT('',(-4.64374353645367,-7.14757702140583,0.25));
#2585=CARTESIAN_POINT('Origin',(-4.66381529910372,-7.20311647872343,0.25));
#2586=CARTESIAN_POINT('Origin',(-4.66381529910372,-7.20311647872343,0.));
#2587=CARTESIAN_POINT('Origin',(-4.66381529910372,-7.20311647872343,0.25));
#2588=CARTESIAN_POINT('Origin',(1.59841084174721,-2.07738950492024,0.));
#2589=CARTESIAN_POINT('',(1.5148065133402,-1.98446310247393,0.25));
#2590=CARTESIAN_POINT('',(1.72116964752615,-2.05382521830409,0.25));
#2591=CARTESIAN_POINT('Origin',(1.59841084174721,-2.07738950492024,0.25));
#2592=CARTESIAN_POINT('',(1.72116964752615,-2.05382521830409,0.));
#2593=CARTESIAN_POINT('',(1.72116964752615,-2.05382521830409,0.));
#2594=CARTESIAN_POINT('',(1.5148065133402,-1.98446310247393,0.));
#2595=CARTESIAN_POINT('Origin',(1.59841084174721,-2.07738950492024,0.));
#2596=CARTESIAN_POINT('',(1.5148065133402,-1.98446310247393,0.));
#2597=CARTESIAN_POINT('Origin',(-1.48811689569281,-4.86186957865649,0.));
#2598=CARTESIAN_POINT('',(0.265039570398183,-6.45165517558054,0.));
#2599=CARTESIAN_POINT('Origin',(-2.94366497207359,-2.94926810971803,0.));
#2600=CARTESIAN_POINT('',(0.181748326490451,-7.08998880474674,0.));
#2601=CARTESIAN_POINT('Origin',(0.602797943289949,-6.82032749830291,0.));
#2602=CARTESIAN_POINT('',(-0.0748831581429172,-7.35050778389185,0.));
#2603=CARTESIAN_POINT('Origin',(0.023854720190639,-7.19111179466318,0.));
#2604=CARTESIAN_POINT('',(-1.00882079264392,-7.28734118440535,0.));
#2605=CARTESIAN_POINT('Origin',(-0.601485175921882,-8.20061972644479,0.));
#2606=CARTESIAN_POINT('',(-3.86216055903918,-7.60961851035581,0.));
#2607=CARTESIAN_POINT('Origin',(-2.94366497207359,-2.94926810971803,0.));
#2608=CARTESIAN_POINT('',(-4.36328784938708,-7.80619970513625,0.));
#2609=CARTESIAN_POINT('Origin',(-3.95884430503556,-8.10018171042294,0.));
#2610=CARTESIAN_POINT('',(-4.70003164536451,-7.72599944345116,0.));
#2611=CARTESIAN_POINT('Origin',(-4.5149541785189,-7.69595645315374,0.));
#2612=CARTESIAN_POINT('',(-4.78014628615763,-7.23245953186286,0.));
#2613=CARTESIAN_POINT('',(-4.78014628615763,-7.23245953186286,0.));
#2614=CARTESIAN_POINT('Origin',(-4.59506881931202,-7.20241654156544,0.));
#2615=CARTESIAN_POINT('',(-0.126445182191337,-3.4718379296182,0.));
#2616=CARTESIAN_POINT('',(-0.126445182191337,-3.4718379296182,0.));
#2617=CARTESIAN_POINT('',(-0.0915049508951387,-3.4296346322495,0.));
#2618=CARTESIAN_POINT('Origin',(0.0339015417153723,-3.56902423591897,0.));
#2619=CARTESIAN_POINT('',(1.67506335618491,-1.84028270415925,0.));
#2620=CARTESIAN_POINT('',(1.58349999999995,-2.2500000000001,0.));
#2621=CARTESIAN_POINT('Origin',(1.49999999999996,-2.2500000000001,0.));
#2622=CARTESIAN_POINT('',(0.119901541715379,-3.56902423591897,0.));
#2623=CARTESIAN_POINT('Origin',(0.0339015417153723,-3.56902423591897,0.));
#2624=CARTESIAN_POINT('',(-4.4264541785189,-7.69595645315374,0.));
#2625=CARTESIAN_POINT('Origin',(-4.5149541785189,-7.69595645315374,0.));
#2626=CARTESIAN_POINT('',(0.11235472019064,-7.19111179466318,0.));
#2627=CARTESIAN_POINT('Origin',(0.023854720190639,-7.19111179466318,0.));
#2628=CARTESIAN_POINT('',(0.575312793396387,-3.57810453833094,0.));
#2629=CARTESIAN_POINT('',(0.536952406009611,-3.36865352131347,0.));
#2630=CARTESIAN_POINT('Origin',(0.620556734416618,-3.46157992375978,0.));
#2631=CARTESIAN_POINT('',(1.19394021985194,-3.81830394082679,0.));
#2632=CARTESIAN_POINT('',(1.33286816834658,-3.87224660290626,0.));
#2633=CARTESIAN_POINT('',(1.36220913537057,-3.72391200909497,0.));
#2634=CARTESIAN_POINT('Origin',(1.23918416087217,-3.70177932625563,0.));
#2635=CARTESIAN_POINT('',(1.43003658562041,-2.84268629032518,0.));
#2636=CARTESIAN_POINT('Origin',(-2.94366497207359,-2.94926810971803,0.));
#2637=CARTESIAN_POINT('',(1.221469355565,-2.75280508271867,0.));
#2638=CARTESIAN_POINT('Origin',(1.30507368397201,-2.84573148516498,0.));
#2639=CARTESIAN_POINT('',(0.385894657336119,-3.50455764862346,0.));
#2640=CARTESIAN_POINT('',(0.718201471481242,-5.34329383004082,0.));
#2641=CARTESIAN_POINT('',(0.490041469056171,-5.29397300016919,0.));
#2642=CARTESIAN_POINT('Origin',(0.613576715951103,-5.27489309517445,0.));
#2643=CARTESIAN_POINT('',(1.20058757882373,-4.3513365083281,0.));
#2644=CARTESIAN_POINT('Origin',(-2.94366497207359,-2.94926810971803,0.));
#2645=CARTESIAN_POINT('',(1.12742430410404,-4.19475279665379,0.));
#2646=CARTESIAN_POINT('Origin',(1.08218036308381,-4.31127741122495,0.));
#2647=CARTESIAN_POINT('',(0.47060201210911,-3.93972316922993,0.));
#2648=CARTESIAN_POINT('',(0.268775459339476,-3.86135836464824,0.));
#2649=CARTESIAN_POINT('',(0.301822824193946,-4.07532768879583,0.));
#2650=CARTESIAN_POINT('Origin',(0.425358071088879,-4.0562477838011,0.));
#2651=CARTESIAN_POINT('',(0.537236307399145,-5.59954192247117,0.));
#2652=CARTESIAN_POINT('Origin',(-2.94366497207359,-2.94926810971803,0.));
#2653=CARTESIAN_POINT('',(0.265039570398183,-6.45165517558054,0.25));
#2654=CARTESIAN_POINT('Origin',(-2.94366497207359,-2.94926810971803,0.25));
#2655=CARTESIAN_POINT('',(0.265039570398183,-6.45165517558054,0.));
#2656=CARTESIAN_POINT('Origin',(1.30507368397201,-2.84573148516498,0.));
#2657=CARTESIAN_POINT('',(1.43003658562041,-2.84268629032518,0.25));
#2658=CARTESIAN_POINT('',(1.43003658562041,-2.84268629032518,0.));
#2659=CARTESIAN_POINT('',(1.221469355565,-2.75280508271867,0.25));
#2660=CARTESIAN_POINT('Origin',(1.30507368397201,-2.84573148516498,0.25));
#2661=CARTESIAN_POINT('',(1.221469355565,-2.75280508271867,0.));
#2662=CARTESIAN_POINT('Origin',(-2.94366497207359,-2.94926810971803,0.));
#2663=CARTESIAN_POINT('',(1.36220913537057,-3.72391200909497,0.25));
#2664=CARTESIAN_POINT('',(1.36220913537057,-3.72391200909497,0.));
#2665=CARTESIAN_POINT('Origin',(-2.94366497207359,-2.94926810971803,0.25));
#2666=CARTESIAN_POINT('Origin',(0.620556734416618,-3.46157992375978,0.));
#2667=CARTESIAN_POINT('',(0.536952406009611,-3.36865352131347,0.25));
#2668=CARTESIAN_POINT('',(0.536952406009611,-3.36865352131347,0.));
#2669=CARTESIAN_POINT('',(0.575312793396387,-3.57810453833094,0.25));
#2670=CARTESIAN_POINT('Origin',(0.620556734416618,-3.46157992375978,0.25));
#2671=CARTESIAN_POINT('',(0.575312793396387,-3.57810453833094,0.));
#2672=CARTESIAN_POINT('Origin',(0.385894657336119,-3.50455764862346,0.));
#2673=CARTESIAN_POINT('',(0.385894657336119,-3.50455764862346,0.25));
#2674=CARTESIAN_POINT('Origin',(0.425358071088879,-4.0562477838011,0.));
#2675=CARTESIAN_POINT('',(0.47060201210911,-3.93972316922993,0.25));
#2676=CARTESIAN_POINT('',(0.47060201210911,-3.93972316922993,0.));
#2677=CARTESIAN_POINT('',(0.301822824193946,-4.07532768879583,0.25));
#2678=CARTESIAN_POINT('Origin',(0.425358071088879,-4.0562477838011,0.25));
#2679=CARTESIAN_POINT('',(0.301822824193946,-4.07532768879583,0.));
#2680=CARTESIAN_POINT('Origin',(0.268775459339476,-3.86135836464824,0.));
#2681=CARTESIAN_POINT('',(1.12742430410404,-4.19475279665379,0.25));
#2682=CARTESIAN_POINT('',(1.12742430410404,-4.19475279665379,0.));
#2683=CARTESIAN_POINT('',(0.268775459339476,-3.86135836464824,0.25));
#2684=CARTESIAN_POINT('Origin',(1.23918416087217,-3.70177932625563,0.));
#2685=CARTESIAN_POINT('',(1.19394021985194,-3.81830394082679,0.25));
#2686=CARTESIAN_POINT('',(1.19394021985194,-3.81830394082679,0.));
#2687=CARTESIAN_POINT('Origin',(1.23918416087217,-3.70177932625563,0.25));
#2688=CARTESIAN_POINT('Origin',(1.33286816834658,-3.87224660290626,0.));
#2689=CARTESIAN_POINT('',(1.33286816834658,-3.87224660290626,0.25));
#2690=CARTESIAN_POINT('Origin',(1.08218036308381,-4.31127741122495,0.));
#2691=CARTESIAN_POINT('',(1.20058757882373,-4.3513365083281,0.25));
#2692=CARTESIAN_POINT('',(1.20058757882373,-4.3513365083281,0.));
#2693=CARTESIAN_POINT('Origin',(1.08218036308381,-4.31127741122495,0.25));
#2694=CARTESIAN_POINT('Origin',(-2.94366497207359,-2.94926810971803,0.));
#2695=CARTESIAN_POINT('',(0.718201471481242,-5.34329383004082,0.25));
#2696=CARTESIAN_POINT('',(0.718201471481241,-5.34329383004082,0.));
#2697=CARTESIAN_POINT('Origin',(-2.94366497207359,-2.94926810971803,0.25));
#2698=CARTESIAN_POINT('Origin',(0.613576715951103,-5.27489309517445,0.));
#2699=CARTESIAN_POINT('',(0.490041469056171,-5.29397300016919,0.25));
#2700=CARTESIAN_POINT('',(0.490041469056171,-5.29397300016919,0.));
#2701=CARTESIAN_POINT('Origin',(0.613576715951103,-5.27489309517445,0.25));
#2702=CARTESIAN_POINT('Origin',(0.537236307399145,-5.59954192247117,0.));
#2703=CARTESIAN_POINT('',(0.537236307399145,-5.59954192247117,0.25));
#2704=CARTESIAN_POINT('Origin',(1.49999999999996,-2.2500000000001,0.));
#2705=CARTESIAN_POINT('',(1.58349999999995,-2.2500000000001,0.25));
#2706=CARTESIAN_POINT('Origin',(1.49999999999996,-2.2500000000001,0.25));
#2707=CARTESIAN_POINT('',(1.58349999999995,-2.2500000000001,0.));
#2708=CARTESIAN_POINT('Origin',(0.0339015417153723,-3.56902423591897,0.));
#2709=CARTESIAN_POINT('',(0.119901541715379,-3.56902423591897,0.25));
#2710=CARTESIAN_POINT('Origin',(0.0339015417153723,-3.56902423591897,0.25));
#2711=CARTESIAN_POINT('',(0.119901541715379,-3.56902423591897,0.));
#2712=CARTESIAN_POINT('Origin',(-4.5149541785189,-7.69595645315374,0.));
#2713=CARTESIAN_POINT('',(-4.4264541785189,-7.69595645315374,0.25));
#2714=CARTESIAN_POINT('Origin',(-4.5149541785189,-7.69595645315374,0.25));
#2715=CARTESIAN_POINT('',(-4.4264541785189,-7.69595645315374,0.));
#2716=CARTESIAN_POINT('Origin',(0.023854720190639,-7.19111179466318,0.));
#2717=CARTESIAN_POINT('',(0.112354720190639,-7.19111179466318,0.25));
#2718=CARTESIAN_POINT('Origin',(0.023854720190639,-7.19111179466318,0.25));
#2719=CARTESIAN_POINT('',(0.11235472019064,-7.19111179466318,0.));
#2720=CARTESIAN_POINT('Origin',(-0.126445182191337,-3.4718379296182,0.));
#2721=CARTESIAN_POINT('',(-0.126445182191337,-3.4718379296182,0.25));
#2722=CARTESIAN_POINT('',(-0.126445182191337,-3.4718379296182,0.25));
#2723=CARTESIAN_POINT('',(-0.126445182191337,-3.4718379296182,0.));
#2724=CARTESIAN_POINT('Origin',(0.0339015417153723,-3.56902423591897,0.));
#2725=CARTESIAN_POINT('',(-0.0915049508951387,-3.4296346322495,0.25));
#2726=CARTESIAN_POINT('Origin',(0.0339015417153723,-3.56902423591897,0.25));
#2727=CARTESIAN_POINT('',(-0.0915049508951387,-3.4296346322495,0.));
#2728=CARTESIAN_POINT('Origin',(1.67506335618491,-1.84028270415925,0.));
#2729=CARTESIAN_POINT('',(1.67506335618491,-1.84028270415925,0.25));
#2730=CARTESIAN_POINT('Origin',(0.602797943289949,-6.82032749830291,0.));
#2731=CARTESIAN_POINT('',(0.181748326490451,-7.08998880474674,0.25));
#2732=CARTESIAN_POINT('Origin',(0.602797943289949,-6.82032749830291,0.25));
#2733=CARTESIAN_POINT('',(0.181748326490451,-7.08998880474674,0.));
#2734=CARTESIAN_POINT('Origin',(0.023854720190639,-7.19111179466318,0.));
#2735=CARTESIAN_POINT('',(-0.0748831581429173,-7.35050778389185,0.25));
#2736=CARTESIAN_POINT('Origin',(0.023854720190639,-7.19111179466318,0.25));
#2737=CARTESIAN_POINT('',(-0.0748831581429172,-7.35050778389185,0.));
#2738=CARTESIAN_POINT('Origin',(-0.601485175921882,-8.20061972644479,0.));
#2739=CARTESIAN_POINT('',(-1.00882079264392,-7.28734118440535,0.25));
#2740=CARTESIAN_POINT('Origin',(-0.601485175921882,-8.20061972644479,0.25));
#2741=CARTESIAN_POINT('',(-1.00882079264392,-7.28734118440535,0.));
#2742=CARTESIAN_POINT('Origin',(-2.94366497207359,-2.94926810971803,0.));
#2743=CARTESIAN_POINT('',(-3.86216055903918,-7.60961851035581,0.25));
#2744=CARTESIAN_POINT('Origin',(-2.94366497207359,-2.94926810971803,0.25));
#2745=CARTESIAN_POINT('',(-3.86216055903918,-7.60961851035581,0.));
#2746=CARTESIAN_POINT('Origin',(-3.95884430503556,-8.10018171042294,0.));
#2747=CARTESIAN_POINT('',(-4.36328784938708,-7.80619970513625,0.25));
#2748=CARTESIAN_POINT('Origin',(-3.95884430503556,-8.10018171042294,0.25));
#2749=CARTESIAN_POINT('',(-4.36328784938708,-7.80619970513625,0.));
#2750=CARTESIAN_POINT('Origin',(-4.5149541785189,-7.69595645315374,0.));
#2751=CARTESIAN_POINT('',(-4.70003164536451,-7.72599944345116,0.25));
#2752=CARTESIAN_POINT('Origin',(-4.5149541785189,-7.69595645315374,0.25));
#2753=CARTESIAN_POINT('',(-4.70003164536451,-7.72599944345116,0.));
#2754=CARTESIAN_POINT('Origin',(-4.78014628615763,-7.23245953186286,0.));
#2755=CARTESIAN_POINT('',(-4.78014628615763,-7.23245953186286,0.25));
#2756=CARTESIAN_POINT('',(-4.78014628615763,-7.23245953186286,0.25));
#2757=CARTESIAN_POINT('',(-4.78014628615763,-7.23245953186286,0.));
#2758=CARTESIAN_POINT('Origin',(-4.59506881931202,-7.20241654156544,0.));
#2759=CARTESIAN_POINT('Origin',(-4.59506881931202,-7.20241654156544,0.25));
#2760=CARTESIAN_POINT('Origin',(-1.48811689569281,-4.86186957865649,0.25));
#2761=UNCERTAINTY_MEASURE_WITH_UNIT(LENGTH_MEASURE(0.000393700787401575),
#2767,'DISTANCE_ACCURACY_VALUE',
'Maximum model space distance between geometric entities at asserted c
onnectivities');
#2762=UNCERTAINTY_MEASURE_WITH_UNIT(LENGTH_MEASURE(0.000393700787401575),
#2767,'DISTANCE_ACCURACY_VALUE',
'Maximum model space distance between geometric entities at asserted c
onnectivities');
#2763=(
GEOMETRIC_REPRESENTATION_CONTEXT(3)
GLOBAL_UNCERTAINTY_ASSIGNED_CONTEXT((#2761))
GLOBAL_UNIT_ASSIGNED_CONTEXT((#2767,#2771,#2772))
REPRESENTATION_CONTEXT('','3D')
);
#2764=(
GEOMETRIC_REPRESENTATION_CONTEXT(3)
GLOBAL_UNCERTAINTY_ASSIGNED_CONTEXT((#2762))
GLOBAL_UNIT_ASSIGNED_CONTEXT((#2767,#2771,#2772))
REPRESENTATION_CONTEXT('','3D')
);
#2765=DIMENSIONAL_EXPONENTS(1.,0.,0.,0.,0.,0.,0.);
#2766=DIMENSIONAL_EXPONENTS(0.,1.,0.,0.,0.,0.,0.);
#2767=(
CONVERSION_BASED_UNIT('inch',#2770)
LENGTH_UNIT()
NAMED_UNIT(#2765)
);
#2768=(
LENGTH_UNIT()
NAMED_UNIT(*)
SI_UNIT(.MILLI.,.METRE.)
);
#2769=(
LENGTH_UNIT()
NAMED_UNIT(*)
SI_UNIT(.CENTI.,.METRE.)
);
#2770=LENGTH_MEASURE_WITH_UNIT(LENGTH_MEASURE(25.4),#2768);
#2771=(
NAMED_UNIT(*)
PLANE_ANGLE_UNIT()
SI_UNIT($,.RADIAN.)
);
#2772=(
NAMED_UNIT(*)
SI_UNIT($,.STERADIAN.)
SOLID_ANGLE_UNIT()
);
#2773=SHAPE_DEFINITION_REPRESENTATION(#2774,#2775);
#2774=PRODUCT_DEFINITION_SHAPE('',$,#2777);
#2775=SHAPE_REPRESENTATION('',(#1633),#2763);
#2776=PRODUCT_DEFINITION_CONTEXT('part definition',#2781,'design');
#2777=PRODUCT_DEFINITION('rails top','rails top',#2778,#2776);
#2778=PRODUCT_DEFINITION_FORMATION('',$,#2783);
#2779=PRODUCT_RELATED_PRODUCT_CATEGORY('rails top','rails top',(#2783));
#2780=APPLICATION_PROTOCOL_DEFINITION('international standard',
'automotive_design',2009,#2781);
#2781=APPLICATION_CONTEXT(
'Core Data for Automotive Mechanical Design Process');
#2782=PRODUCT_CONTEXT('part definition',#2781,'mechanical');
#2783=PRODUCT('rails top','rails top',$,(#2782));
#2784=PRESENTATION_STYLE_ASSIGNMENT((#2785));
#2785=SURFACE_STYLE_USAGE(.BOTH.,#2788);
#2786=SURFACE_STYLE_RENDERING_WITH_PROPERTIES($,#2792,(#2787));
#2787=SURFACE_STYLE_TRANSPARENT(0.);
#2788=SURFACE_SIDE_STYLE('',(#2789,#2786));
#2789=SURFACE_STYLE_FILL_AREA(#2790);
#2790=FILL_AREA_STYLE('',(#2791));
#2791=FILL_AREA_STYLE_COLOUR('',#2792);
#2792=COLOUR_RGB('',0.0196078431372549,0.0196078431372549,0.0196078431372549);
ENDSEC;
END-ISO-10303-21;
