ISO-10303-21;
HEADER;
/* Generated by software containing ST-Developer
 * from STEP Tools, Inc. (www.steptools.com) 
 */

FILE_DESCRIPTION(
/* description */ (''),
/* implementation_level */ '2;1');

FILE_NAME(
/* name */ 'internal.stp',
/* time_stamp */ '2026-01-12T22:44:23+13:00',
/* author */ ('cloudy'),
/* organization */ (''),
/* preprocessor_version */ 'ST-DEVELOPER v20',
/* originating_system */ 'Autodesk Inventor 2025',
/* authorisation */ '');

FILE_SCHEMA (('AUTOMOTIVE_DESIGN { 1 0 10303 214 3 1 1 }'));
ENDSEC;

DATA;
#10=MECHANICAL_DESIGN_GEOMETRIC_PRESENTATION_REPRESENTATION('',(#13),#14097);
#11=SHAPE_REPRESENTATION_RELATIONSHIP('SRR','None',#14108,#12);
#12=ADVANCED_BREP_SHAPE_REPRESENTATION('',(#14),#14096);
#13=STYLED_ITEM('',(#14117),#14);
#14=MANIFOLD_SOLID_BREP('Solid2',#7037);
#15=TOROIDAL_SURFACE('',#7713,1.11968503937008,0.0196850393700787);
#16=TOROIDAL_SURFACE('',#7715,1.11968503937008,0.0196850393700787);
#17=TOROIDAL_SURFACE('',#7717,1.11968503937008,0.0196850393700787);
#18=TOROIDAL_SURFACE('',#7719,1.11968503937008,0.0196850393700787);
#19=TOROIDAL_SURFACE('',#7721,1.11968503937008,0.0196850393700787);
#20=TOROIDAL_SURFACE('',#7723,1.11968503937008,0.0196850393700787);
#21=TOROIDAL_SURFACE('',#7737,1.08031496062992,0.0196850393700787);
#22=TOROIDAL_SURFACE('',#7739,1.08031496062992,0.0196850393700787);
#23=TOROIDAL_SURFACE('',#7741,1.08031496062992,0.0196850393700787);
#24=TOROIDAL_SURFACE('',#7743,1.08031496062992,0.0196850393700787);
#25=TOROIDAL_SURFACE('',#7745,1.08031496062992,0.0196850393700787);
#26=TOROIDAL_SURFACE('',#7747,1.08031496062992,0.0196850393700787);
#27=TOROIDAL_SURFACE('',#7761,1.06968503937008,0.0196850393700787);
#28=TOROIDAL_SURFACE('',#7763,1.06968503937008,0.0196850393700787);
#29=TOROIDAL_SURFACE('',#7765,1.06968503937008,0.0196850393700787);
#30=TOROIDAL_SURFACE('',#7767,1.06968503937008,0.0196850393700787);
#31=TOROIDAL_SURFACE('',#7769,1.06968503937008,0.0196850393700787);
#32=TOROIDAL_SURFACE('',#7771,1.06968503937008,0.0196850393700787);
#33=TOROIDAL_SURFACE('',#7785,1.06968503937008,0.0196850393700787);
#34=TOROIDAL_SURFACE('',#7787,1.06968503937008,0.0196850393700787);
#35=TOROIDAL_SURFACE('',#7789,1.06968503937008,0.0196850393700787);
#36=TOROIDAL_SURFACE('',#7791,1.06968503937008,0.0196850393700787);
#37=TOROIDAL_SURFACE('',#7793,1.06968503937008,0.0196850393700787);
#38=TOROIDAL_SURFACE('',#7795,1.06968503937008,0.0196850393700787);
#39=TOROIDAL_SURFACE('',#7809,1.08031496062992,0.0196850393700787);
#40=TOROIDAL_SURFACE('',#7811,1.08031496062992,0.0196850393700787);
#41=TOROIDAL_SURFACE('',#7813,1.08031496062992,0.0196850393700787);
#42=TOROIDAL_SURFACE('',#7815,1.08031496062992,0.0196850393700787);
#43=TOROIDAL_SURFACE('',#7817,1.08031496062992,0.0196850393700787);
#44=TOROIDAL_SURFACE('',#7819,1.08031496062992,0.0196850393700787);
#45=TOROIDAL_SURFACE('',#7833,1.11968503937008,0.0196850393700787);
#46=TOROIDAL_SURFACE('',#7835,1.11968503937008,0.0196850393700787);
#47=TOROIDAL_SURFACE('',#7837,1.11968503937008,0.0196850393700787);
#48=TOROIDAL_SURFACE('',#7839,1.11968503937008,0.0196850393700787);
#49=TOROIDAL_SURFACE('',#7841,1.11968503937008,0.0196850393700787);
#50=TOROIDAL_SURFACE('',#7843,1.11968503937008,0.0196850393700787);
#51=TOROIDAL_SURFACE('',#7879,1.11968503937008,0.0196850393700787);
#52=TOROIDAL_SURFACE('',#7881,1.11968503937008,0.0196850393700787);
#53=TOROIDAL_SURFACE('',#7883,1.11968503937008,0.0196850393700787);
#54=TOROIDAL_SURFACE('',#7885,1.11968503937008,0.0196850393700787);
#55=TOROIDAL_SURFACE('',#7887,1.11968503937008,0.0196850393700787);
#56=TOROIDAL_SURFACE('',#7917,1.08031496062992,0.0196850393700787);
#57=TOROIDAL_SURFACE('',#7919,1.08031496062992,0.0196850393700787);
#58=TOROIDAL_SURFACE('',#7921,1.08031496062992,0.0196850393700787);
#59=TOROIDAL_SURFACE('',#7923,1.08031496062992,0.0196850393700787);
#60=TOROIDAL_SURFACE('',#7925,1.08031496062992,0.0196850393700787);
#61=TOROIDAL_SURFACE('',#7927,1.11968503937008,0.0196850393700787);
#62=TOROIDAL_SURFACE('',#7929,1.11968503937008,0.0196850393700787);
#63=TOROIDAL_SURFACE('',#7931,1.11968503937008,0.0196850393700787);
#64=TOROIDAL_SURFACE('',#7933,1.11968503937008,0.0196850393700787);
#65=TOROIDAL_SURFACE('',#7935,1.11968503937008,0.0196850393700787);
#66=TOROIDAL_SURFACE('',#7937,1.11968503937008,0.0196850393700787);
#67=TOROIDAL_SURFACE('',#7961,1.06968503937008,0.0196850393700787);
#68=TOROIDAL_SURFACE('',#7963,1.06968503937008,0.0196850393700787);
#69=TOROIDAL_SURFACE('',#7965,1.06968503937008,0.0196850393700787);
#70=TOROIDAL_SURFACE('',#7967,1.06968503937008,0.0196850393700787);
#71=TOROIDAL_SURFACE('',#7969,1.06968503937008,0.0196850393700787);
#72=TOROIDAL_SURFACE('',#7971,1.06968503937008,0.0196850393700787);
#73=TOROIDAL_SURFACE('',#7974,1.08031496062992,0.0196850393700787);
#74=TOROIDAL_SURFACE('',#7976,1.08031496062992,0.0196850393700787);
#75=TOROIDAL_SURFACE('',#7978,1.08031496062992,0.0196850393700787);
#76=TOROIDAL_SURFACE('',#7980,1.08031496062992,0.0196850393700787);
#77=TOROIDAL_SURFACE('',#7982,1.08031496062992,0.0196850393700787);
#78=TOROIDAL_SURFACE('',#7984,1.08031496062992,0.0196850393700787);
#79=TOROIDAL_SURFACE('',#8010,1.06968503937008,0.0196850393700787);
#80=TOROIDAL_SURFACE('',#8011,1.06968503937008,0.0196850393700787);
#81=TOROIDAL_SURFACE('',#8012,1.06968503937008,0.0196850393700787);
#82=TOROIDAL_SURFACE('',#8013,1.06968503937008,0.0196850393700787);
#83=TOROIDAL_SURFACE('',#8014,1.06968503937008,0.0196850393700787);
#84=TOROIDAL_SURFACE('',#8015,1.06968503937008,0.0196850393700787);
#85=TOROIDAL_SURFACE('',#8018,1.08031496062992,0.0196850393700787);
#86=TOROIDAL_SURFACE('',#8022,1.11968503937008,0.0196850393700787);
#87=FACE_BOUND('',#944,.T.);
#88=FACE_BOUND('',#945,.T.);
#89=FACE_BOUND('',#946,.T.);
#90=FACE_BOUND('',#947,.T.);
#91=FACE_BOUND('',#948,.T.);
#92=FACE_BOUND('',#1000,.T.);
#93=FACE_BOUND('',#1001,.T.);
#94=FACE_BOUND('',#1002,.T.);
#95=FACE_BOUND('',#1003,.T.);
#96=FACE_BOUND('',#1004,.T.);
#97=FACE_BOUND('',#1063,.T.);
#98=FACE_BOUND('',#1071,.T.);
#99=FACE_BOUND('',#1079,.T.);
#100=FACE_BOUND('',#1111,.T.);
#101=FACE_BOUND('',#1115,.T.);
#102=FACE_BOUND('',#1122,.T.);
#103=PLANE('',#7251);
#104=PLANE('',#7399);
#105=PLANE('',#7503);
#106=PLANE('',#7540);
#107=PLANE('',#7577);
#108=PLANE('',#7580);
#109=PLANE('',#7583);
#110=PLANE('',#7585);
#111=PLANE('',#7586);
#112=PLANE('',#7587);
#113=PLANE('',#7588);
#114=PLANE('',#7589);
#115=PLANE('',#7591);
#116=PLANE('',#7593);
#117=PLANE('',#7594);
#118=PLANE('',#7595);
#119=PLANE('',#7596);
#120=PLANE('',#7597);
#121=PLANE('',#7599);
#122=PLANE('',#7602);
#123=PLANE('',#7603);
#124=PLANE('',#7605);
#125=PLANE('',#7606);
#126=PLANE('',#7638);
#127=PLANE('',#7641);
#128=PLANE('',#7644);
#129=PLANE('',#7645);
#130=PLANE('',#7648);
#131=PLANE('',#7649);
#132=PLANE('',#7650);
#133=PLANE('',#7655);
#134=PLANE('',#7662);
#135=PLANE('',#7665);
#136=PLANE('',#7668);
#137=PLANE('',#7672);
#138=PLANE('',#7674);
#139=PLANE('',#7701);
#140=PLANE('',#7703);
#141=PLANE('',#7705);
#142=PLANE('',#7707);
#143=PLANE('',#7709);
#144=PLANE('',#7711);
#145=PLANE('',#7749);
#146=PLANE('',#7751);
#147=PLANE('',#7753);
#148=PLANE('',#7755);
#149=PLANE('',#7757);
#150=PLANE('',#7759);
#151=PLANE('',#7797);
#152=PLANE('',#7799);
#153=PLANE('',#7801);
#154=PLANE('',#7803);
#155=PLANE('',#7805);
#156=PLANE('',#7807);
#157=PLANE('',#7845);
#158=PLANE('',#7847);
#159=PLANE('',#7849);
#160=PLANE('',#7851);
#161=PLANE('',#7853);
#162=PLANE('',#7855);
#163=PLANE('',#7869);
#164=PLANE('',#7871);
#165=PLANE('',#7873);
#166=PLANE('',#7875);
#167=PLANE('',#7877);
#168=PLANE('',#7905);
#169=PLANE('',#7907);
#170=PLANE('',#7909);
#171=PLANE('',#7911);
#172=PLANE('',#7913);
#173=PLANE('',#7915);
#174=PLANE('',#7939);
#175=PLANE('',#7941);
#176=PLANE('',#7943);
#177=PLANE('',#7945);
#178=PLANE('',#7947);
#179=PLANE('',#7998);
#180=PLANE('',#8000);
#181=PLANE('',#8002);
#182=PLANE('',#8004);
#183=PLANE('',#8006);
#184=PLANE('',#8008);
#185=PLANE('',#8016);
#186=PLANE('',#8024);
#187=B_SPLINE_CURVE_WITH_KNOTS('',3,(#10552,#10553,#10554,#10555,#10556,
#10557,#10558,#10559,#10560,#10561,#10562,#10563),.UNSPECIFIED.,.F.,.F.,
(4,2,2,2,2,4),(-0.156019970690704,-0.142368939450301,-0.128508151879094,
-0.111345103001281,-0.0921522578732365,-0.0854770283151592),
 .UNSPECIFIED.);
#188=B_SPLINE_CURVE_WITH_KNOTS('',3,(#10567,#10568,#10569,#10570,#10571,
#10572,#10573,#10574,#10575,#10576,#10577,#10578),.UNSPECIFIED.,.F.,.F.,
(4,2,2,2,2,4),(-0.0798415917552857,-0.077672142285177,-0.0576652132619282,
-0.037395424013836,-0.0182753318967399,0.),.UNSPECIFIED.);
#189=B_SPLINE_CURVE_WITH_KNOTS('',3,(#10582,#10583,#10584,#10585,#10586,
#10587,#10588,#10589,#10590,#10591,#10592,#10593),.UNSPECIFIED.,.F.,.F.,
(4,2,2,2,2,4),(-0.158363808644108,-0.147190143291387,-0.135981955889902,
-0.115966929997758,-0.0964605324242053,-0.0790390143138616),
 .UNSPECIFIED.);
#190=B_SPLINE_CURVE_WITH_KNOTS('',3,(#10597,#10598,#10599,#10600,#10601,
#10602,#10603,#10604,#10605,#10606,#10607,#10608),.UNSPECIFIED.,.F.,.F.,
(4,2,2,2,2,4),(-0.0793580417913933,-0.0775486433251341,-0.0579865579438798,
-0.0379850644256071,-0.0186808236467532,0.),.UNSPECIFIED.);
#191=B_SPLINE_CURVE_WITH_KNOTS('',3,(#10612,#10613,#10614,#10615,#10616,
#10617,#10618,#10619,#10620,#10621,#10622,#10623),.UNSPECIFIED.,.F.,.F.,
(4,2,2,2,2,4),(-0.158773468375969,-0.147886843600333,-0.136948538501643,
-0.116617394579635,-0.0966590514596875,-0.0789379358042),.UNSPECIFIED.);
#192=B_SPLINE_CURVE_WITH_KNOTS('',3,(#10627,#10628,#10629,#10630,#10631,
#10632,#10633,#10634,#10635,#10636,#10637,#10638),.UNSPECIFIED.,.F.,.F.,
(4,2,2,2,2,4),(-0.0853674688127577,-0.0795274469002226,-0.0567767294038278,
-0.0369195277657009,-0.0182603557288585,0.),.UNSPECIFIED.);
#193=B_SPLINE_CURVE_WITH_KNOTS('',3,(#10646,#10647,#10648,#10649,#10650,
#10651,#10652,#10653,#10654,#10655,#10656,#10657),.UNSPECIFIED.,.F.,.F.,
(4,2,2,2,2,4),(-0.156019970691409,-0.142368939450935,-0.128508151879654,
-0.111345103001753,-0.0921522578735995,-0.0854770283154801),
 .UNSPECIFIED.);
#194=B_SPLINE_CURVE_WITH_KNOTS('',3,(#10661,#10662,#10663,#10664,#10665,
#10666,#10667,#10668,#10669,#10670,#10671,#10672),.UNSPECIFIED.,.F.,.F.,
(4,2,2,2,2,4),(-0.0798415917552906,-0.0776721422851817,-0.0576652132619303,
-0.0373954240138366,-0.0182753318967401,0.),.UNSPECIFIED.);
#195=B_SPLINE_CURVE_WITH_KNOTS('',3,(#10676,#10677,#10678,#10679,#10680,
#10681,#10682,#10683,#10684,#10685,#10686,#10687),.UNSPECIFIED.,.F.,.F.,
(4,2,2,2,2,4),(-0.15836380864412,-0.14719014329139,-0.1359819558899,-0.115966929997757,
-0.0964605324242035,-0.0790390143138603),.UNSPECIFIED.);
#196=B_SPLINE_CURVE_WITH_KNOTS('',3,(#10691,#10692,#10693,#10694,#10695,
#10696,#10697,#10698,#10699,#10700,#10701,#10702),.UNSPECIFIED.,.F.,.F.,
(4,2,2,2,2,4),(-0.0793580417913946,-0.0775486433251343,-0.0579865579438793,
-0.0379850644256074,-0.0186808236467534,0.),.UNSPECIFIED.);
#197=B_SPLINE_CURVE_WITH_KNOTS('',3,(#10706,#10707,#10708,#10709,#10710,
#10711,#10712,#10713,#10714,#10715,#10716,#10717),.UNSPECIFIED.,.F.,.F.,
(4,2,2,2,2,4),(-0.158773468375968,-0.14788684360033,-0.13694853850164,-0.116617394579635,
-0.0966590514596903,-0.078937935804204),.UNSPECIFIED.);
#198=B_SPLINE_CURVE_WITH_KNOTS('',3,(#10721,#10722,#10723,#10724,#10725,
#10726,#10727,#10728,#10729,#10730,#10731,#10732),.UNSPECIFIED.,.F.,.F.,
(4,2,2,2,2,4),(-0.0853674688127615,-0.079527446900227,-0.056776729403831,
-0.0369195277657024,-0.0182603557288588,0.),.UNSPECIFIED.);
#199=B_SPLINE_CURVE_WITH_KNOTS('',3,(#10754,#10755,#10756,#10757,#10758,
#10759,#10760,#10761,#10762,#10763,#10764,#10765),.UNSPECIFIED.,.F.,.F.,
(4,2,2,2,2,4),(-0.156031519865957,-0.142183377938666,-0.128152103605815,
-0.11094517478144,-0.0916812505715997,-0.085430018111652),.UNSPECIFIED.);
#200=B_SPLINE_CURVE_WITH_KNOTS('',3,(#10769,#10770,#10771,#10772,#10773,
#10774,#10775,#10776,#10777,#10778,#10779,#10780),.UNSPECIFIED.,.F.,.F.,
(4,2,2,2,2,4),(-0.0798415434369824,-0.0776639563789918,-0.0576409042427409,
-0.0373743613445029,-0.0182704433779169,0.),.UNSPECIFIED.);
#201=B_SPLINE_CURVE_WITH_KNOTS('',3,(#10784,#10785,#10786,#10787,#10788,
#10789,#10790,#10791,#10792,#10793,#10794,#10795),.UNSPECIFIED.,.F.,.F.,
(4,2,2,2,2,4),(-0.158363650202803,-0.14717862512598,-0.135968465687607,
-0.115949292214683,-0.0964540031088116,-0.0790390049357257),
 .UNSPECIFIED.);
#202=B_SPLINE_CURVE_WITH_KNOTS('',3,(#10799,#10800,#10801,#10802,#10803,
#10804,#10805,#10806,#10807,#10808,#10809,#10810),.UNSPECIFIED.,.F.,.F.,
(4,2,2,2,2,4),(-0.0793580220565036,-0.0775477205645527,-0.0579723692480241,
-0.0379686193565146,-0.0186765304302633,0.),.UNSPECIFIED.);
#203=B_SPLINE_CURVE_WITH_KNOTS('',3,(#10814,#10815,#10816,#10817,#10818,
#10819,#10820,#10821,#10822,#10823,#10824,#10825),.UNSPECIFIED.,.F.,.F.,
(4,2,2,2,2,4),(-0.158773337160127,-0.147872794597785,-0.136931064684179,
-0.116589096446416,-0.0966416992298043,-0.0789378878635168),
 .UNSPECIFIED.);
#204=B_SPLINE_CURVE_WITH_KNOTS('',3,(#10829,#10830,#10831,#10832,#10833,
#10834,#10835,#10836,#10837,#10838,#10839,#10840),.UNSPECIFIED.,.F.,.F.,
(4,2,2,2,2,4),(-0.0853666027728081,-0.0792388752931689,-0.056656690937539,
-0.0368807720954791,-0.0182547864932817,0.),.UNSPECIFIED.);
#205=B_SPLINE_CURVE_WITH_KNOTS('',3,(#10848,#10849,#10850,#10851,#10852,
#10853,#10854,#10855,#10856,#10857,#10858,#10859),.UNSPECIFIED.,.F.,.F.,
(4,2,2,2,2,4),(-0.15603151986516,-0.142183377937945,-0.128152103605173,
-0.110945174780897,-0.091681250571176,-0.0854300181112699),
 .UNSPECIFIED.);
#206=B_SPLINE_CURVE_WITH_KNOTS('',3,(#10863,#10864,#10865,#10866,#10867,
#10868,#10869,#10870,#10871,#10872,#10873,#10874),.UNSPECIFIED.,.F.,.F.,
(4,2,2,2,2,4),(-0.0798415434369817,-0.0776639563789917,-0.0576409042427421,
-0.0373743613445036,-0.0182704433779171,0.),.UNSPECIFIED.);
#207=B_SPLINE_CURVE_WITH_KNOTS('',3,(#10878,#10879,#10880,#10881,#10882,
#10883,#10884,#10885,#10886,#10887,#10888,#10889),.UNSPECIFIED.,.F.,.F.,
(4,2,2,2,2,4),(-0.158363650202794,-0.147178625125973,-0.1359684656876,-0.115949292214675,
-0.0964540031088057,-0.0790390049357224),.UNSPECIFIED.);
#208=B_SPLINE_CURVE_WITH_KNOTS('',3,(#10893,#10894,#10895,#10896,#10897,
#10898,#10899,#10900,#10901,#10902,#10903,#10904),.UNSPECIFIED.,.F.,.F.,
(4,2,2,2,2,4),(-0.0793580220565032,-0.0775477205645522,-0.0579723692480228,
-0.0379686193565138,-0.0186765304302633,0.),.UNSPECIFIED.);
#209=B_SPLINE_CURVE_WITH_KNOTS('',3,(#10908,#10909,#10910,#10911,#10912,
#10913,#10914,#10915,#10916,#10917,#10918,#10919),.UNSPECIFIED.,.F.,.F.,
(4,2,2,2,2,4),(-0.158773337160128,-0.147872794597786,-0.136931064684179,
-0.116589096446416,-0.0966416992298032,-0.0789378878635145),
 .UNSPECIFIED.);
#210=B_SPLINE_CURVE_WITH_KNOTS('',3,(#10923,#10924,#10925,#10926,#10927,
#10928,#10929,#10930,#10931,#10932,#10933,#10934),.UNSPECIFIED.,.F.,.F.,
(4,2,2,2,2,4),(-0.0853666027728108,-0.0792388752931712,-0.0566566909375398,
-0.0368807720954796,-0.0182547864932819,0.),.UNSPECIFIED.);
#211=B_SPLINE_CURVE_WITH_KNOTS('',3,(#10954,#10955,#10956,#10957,#10958,
#10959,#10960,#10961,#10962,#10963,#10964,#10965),.UNSPECIFIED.,.F.,.F.,
(4,2,2,2,2,4),(-0.156031519865562,-0.142183377938302,-0.12815210360549,
-0.110945174781163,-0.0916812505713821,-0.0854300181114574),
 .UNSPECIFIED.);
#212=B_SPLINE_CURVE_WITH_KNOTS('',3,(#10969,#10970,#10971,#10972,#10973,
#10974,#10975,#10976,#10977,#10978,#10979,#10980),.UNSPECIFIED.,.F.,.F.,
(4,2,2,2,2,4),(-0.0798415434369846,-0.0776639563789939,-0.0576409042427431,
-0.0373743613445043,-0.0182704433779173,0.),.UNSPECIFIED.);
#213=B_SPLINE_CURVE_WITH_KNOTS('',3,(#10984,#10985,#10986,#10987,#10988,
#10989,#10990,#10991,#10992,#10993,#10994,#10995),.UNSPECIFIED.,.F.,.F.,
(4,2,2,2,2,4),(-0.158363650202801,-0.147178625125976,-0.135968465687603,
-0.115949292214679,-0.0964540031088109,-0.0790390049357271),
 .UNSPECIFIED.);
#214=B_SPLINE_CURVE_WITH_KNOTS('',3,(#10999,#11000,#11001,#11002,#11003,
#11004,#11005,#11006,#11007,#11008,#11009,#11010),.UNSPECIFIED.,.F.,.F.,
(4,2,2,2,2,4),(-0.0793580220564857,-0.0775477205645356,-0.0579723692480107,
-0.037968619356503,-0.0186765304302596,0.),.UNSPECIFIED.);
#215=B_SPLINE_CURVE_WITH_KNOTS('',3,(#11014,#11015,#11016,#11017,#11018,
#11019,#11020,#11021,#11022,#11023,#11024,#11025),.UNSPECIFIED.,.F.,.F.,
(4,2,2,2,2,4),(-0.158773337160118,-0.147872794597775,-0.136931064684167,
-0.116589096446405,-0.0966416992297951,-0.0789378878635093),
 .UNSPECIFIED.);
#216=B_SPLINE_CURVE_WITH_KNOTS('',3,(#11029,#11030,#11031,#11032,#11033,
#11034,#11035,#11036,#11037,#11038,#11039,#11040),.UNSPECIFIED.,.F.,.F.,
(4,2,2,2,2,4),(-0.0853666027727977,-0.0792388752931585,-0.0566566909375281,
-0.0368807720954717,-0.0182547864932796,0.),.UNSPECIFIED.);
#217=B_SPLINE_CURVE_WITH_KNOTS('',3,(#11048,#11049,#11050,#11051,#11052,
#11053,#11054,#11055,#11056,#11057,#11058,#11059),.UNSPECIFIED.,.F.,.F.,
(4,2,2,2,2,4),(-0.156031519865185,-0.142183377937996,-0.128152103605255,
-0.110945174781017,-0.0916812505713005,-0.0854300181113844),
 .UNSPECIFIED.);
#218=B_SPLINE_CURVE_WITH_KNOTS('',3,(#11063,#11064,#11065,#11066,#11067,
#11068,#11069,#11070,#11071,#11072,#11073,#11074),.UNSPECIFIED.,.F.,.F.,
(4,2,2,2,2,4),(-0.0798415434369816,-0.0776639563789914,-0.0576409042427426,
-0.0373743613445041,-0.0182704433779173,0.),.UNSPECIFIED.);
#219=B_SPLINE_CURVE_WITH_KNOTS('',3,(#11078,#11079,#11080,#11081,#11082,
#11083,#11084,#11085,#11086,#11087,#11088,#11089),.UNSPECIFIED.,.F.,.F.,
(4,2,2,2,2,4),(-0.158363650202801,-0.147178625125976,-0.135968465687603,
-0.115949292214678,-0.096454003108808,-0.0790390049357239),
 .UNSPECIFIED.);
#220=B_SPLINE_CURVE_WITH_KNOTS('',3,(#11093,#11094,#11095,#11096,#11097,
#11098,#11099,#11100,#11101,#11102,#11103,#11104),.UNSPECIFIED.,.F.,.F.,
(4,2,2,2,2,4),(-0.0793580220564988,-0.0775477205645485,-0.0579723692480214,
-0.0379686193565126,-0.0186765304302629,0.),.UNSPECIFIED.);
#221=B_SPLINE_CURVE_WITH_KNOTS('',3,(#11108,#11109,#11110,#11111,#11112,
#11113,#11114,#11115,#11116,#11117,#11118,#11119),.UNSPECIFIED.,.F.,.F.,
(4,2,2,2,2,4),(-0.158773337160121,-0.147872794597778,-0.13693106468417,
-0.116589096446409,-0.0966416992297975,-0.0789378878635121),
 .UNSPECIFIED.);
#222=B_SPLINE_CURVE_WITH_KNOTS('',3,(#11123,#11124,#11125,#11126,#11127,
#11128,#11129,#11130,#11131,#11132,#11133,#11134),.UNSPECIFIED.,.F.,.F.,
(4,2,2,2,2,4),(-0.085366602772798,-0.079238875293159,-0.0566566909375305,
-0.0368807720954768,-0.0182547864932818,0.),.UNSPECIFIED.);
#223=B_SPLINE_CURVE_WITH_KNOTS('',3,(#11154,#11155,#11156,#11157,#11158,
#11159,#11160,#11161,#11162,#11163,#11164,#11165),.UNSPECIFIED.,.F.,.F.,
(4,2,2,2,2,4),(-0.156019970691545,-0.142368939451078,-0.128508151879806,
-0.111345103001907,-0.0921522578737466,-0.085477028315622),
 .UNSPECIFIED.);
#224=B_SPLINE_CURVE_WITH_KNOTS('',3,(#11169,#11170,#11171,#11172,#11173,
#11174,#11175,#11176,#11177,#11178,#11179,#11180),.UNSPECIFIED.,.F.,.F.,
(4,2,2,2,2,4),(-0.0798415917552679,-0.0776721422851601,-0.0576652132619174,
-0.037395424013834,-0.0182753318967399,0.),.UNSPECIFIED.);
#225=B_SPLINE_CURVE_WITH_KNOTS('',3,(#11184,#11185,#11186,#11187,#11188,
#11189,#11190,#11191,#11192,#11193,#11194,#11195),.UNSPECIFIED.,.F.,.F.,
(4,2,2,2,2,4),(-0.158363808644115,-0.147190143291384,-0.135981955889894,
-0.115966929997753,-0.0964605324242009,-0.0790390143138574),
 .UNSPECIFIED.);
#226=B_SPLINE_CURVE_WITH_KNOTS('',3,(#11199,#11200,#11201,#11202,#11203,
#11204,#11205,#11206,#11207,#11208,#11209,#11210),.UNSPECIFIED.,.F.,.F.,
(4,2,2,2,2,4),(-0.0793580417913807,-0.0775486433251209,-0.0579865579438685,
-0.0379850644255986,-0.0186808236467507,0.),.UNSPECIFIED.);
#227=B_SPLINE_CURVE_WITH_KNOTS('',3,(#11214,#11215,#11216,#11217,#11218,
#11219,#11220,#11221,#11222,#11223,#11224,#11225),.UNSPECIFIED.,.F.,.F.,
(4,2,2,2,2,4),(-0.158773468375967,-0.147886843600319,-0.136948538501627,
-0.11661739457962,-0.0966590514596737,-0.0789379358041895),
 .UNSPECIFIED.);
#228=B_SPLINE_CURVE_WITH_KNOTS('',3,(#11229,#11230,#11231,#11232,#11233,
#11234,#11235,#11236,#11237,#11238,#11239,#11240),.UNSPECIFIED.,.F.,.F.,
(4,2,2,2,2,4),(-0.0853674688127718,-0.0795274469002363,-0.0567767294038353,
-0.0369195277657017,-0.0182603557288581,0.),.UNSPECIFIED.);
#229=B_SPLINE_CURVE_WITH_KNOTS('',3,(#11248,#11249,#11250,#11251,#11252,
#11253,#11254,#11255,#11256,#11257,#11258,#11259),.UNSPECIFIED.,.F.,.F.,
(4,2,2,2,2,4),(-0.15601997069049,-0.142368939450233,-0.12850815187917,-0.111345103001533,
-0.0921522578735537,-0.0854770283154487),.UNSPECIFIED.);
#230=B_SPLINE_CURVE_WITH_KNOTS('',3,(#11263,#11264,#11265,#11266,#11267,
#11268,#11269,#11270,#11271,#11272,#11273,#11274),.UNSPECIFIED.,.F.,.F.,
(4,2,2,2,2,4),(-0.0798415917552643,-0.0776721422851569,-0.0576652132619131,
-0.0373954240138315,-0.0182753318967394,0.),.UNSPECIFIED.);
#231=B_SPLINE_CURVE_WITH_KNOTS('',3,(#11278,#11279,#11280,#11281,#11282,
#11283,#11284,#11285,#11286,#11287,#11288,#11289),.UNSPECIFIED.,.F.,.F.,
(4,2,2,2,2,4),(-0.158363808644131,-0.147190143291402,-0.13598195588991,
-0.115966929997768,-0.0964605324242118,-0.079039014313866),
 .UNSPECIFIED.);
#232=B_SPLINE_CURVE_WITH_KNOTS('',3,(#11293,#11294,#11295,#11296,#11297,
#11298,#11299,#11300,#11301,#11302,#11303,#11304),.UNSPECIFIED.,.F.,.F.,
(4,2,2,2,2,4),(-0.0793580417913824,-0.0775486433251227,-0.0579865579438695,
-0.0379850644255987,-0.0186808236467506,0.),.UNSPECIFIED.);
#233=B_SPLINE_CURVE_WITH_KNOTS('',3,(#11308,#11309,#11310,#11311,#11312,
#11313,#11314,#11315,#11316,#11317,#11318,#11319),.UNSPECIFIED.,.F.,.F.,
(4,2,2,2,2,4),(-0.158773468375986,-0.147886843600334,-0.136948538501634,
-0.116617394579627,-0.0966590514596805,-0.0789379358041944),
 .UNSPECIFIED.);
#234=B_SPLINE_CURVE_WITH_KNOTS('',3,(#11323,#11324,#11325,#11326,#11327,
#11328,#11329,#11330,#11331,#11332,#11333,#11334),.UNSPECIFIED.,.F.,.F.,
(4,2,2,2,2,4),(-0.085367468812768,-0.079527446900232,-0.0567767294038301,
-0.0369195277656978,-0.018260355728857,0.),.UNSPECIFIED.);
#235=B_SPLINE_CURVE_WITH_KNOTS('',3,(#11354,#11355,#11356,#11357,#11358,
#11359,#11360,#11361,#11362,#11363,#11364,#11365),.UNSPECIFIED.,.F.,.F.,
(4,2,2,2,2,4),(-0.156029846777802,-0.142207182085118,-0.128197670533111,
-0.110996382157048,-0.0917414662005309,-0.0854359907716732),
 .UNSPECIFIED.);
#236=B_SPLINE_CURVE_WITH_KNOTS('',3,(#11369,#11370,#11371,#11372,#11373,
#11374,#11375,#11376,#11377,#11378,#11379,#11380),.UNSPECIFIED.,.F.,.F.,
(4,2,2,2,2,4),(-0.0798415496831671,-0.0776650166106121,-0.0576440475881805,
-0.0373770834827946,-0.0182710762993587,0.),.UNSPECIFIED.);
#237=B_SPLINE_CURVE_WITH_KNOTS('',3,(#11384,#11385,#11386,#11387,#11388,
#11389,#11390,#11391,#11392,#11393,#11394,#11395),.UNSPECIFIED.,.F.,.F.,
(4,2,2,2,2,4),(-0.158363664260345,-0.147179649192294,-0.13596966411392,
-0.115950857516353,-0.0964545831232611,-0.0790390057678297),
 .UNSPECIFIED.);
#238=B_SPLINE_CURVE_WITH_KNOTS('',3,(#11399,#11400,#11401,#11402,#11403,
#11404,#11405,#11406,#11407,#11408,#11409,#11410),.UNSPECIFIED.,.F.,.F.,
(4,2,2,2,2,4),(-0.0793580237991224,-0.0775478026655241,-0.057973629500572,
-0.0379700787683568,-0.0186769119232321,0.),.UNSPECIFIED.);
#239=B_SPLINE_CURVE_WITH_KNOTS('',3,(#11414,#11415,#11416,#11417,#11418,
#11419,#11420,#11421,#11422,#11423,#11424,#11425),.UNSPECIFIED.,.F.,.F.,
(4,2,2,2,2,4),(-0.158773354100458,-0.147874615027094,-0.136933326861124,
-0.116592754048299,-0.0966439428898645,-0.0789378940710967),
 .UNSPECIFIED.);
#240=B_SPLINE_CURVE_WITH_KNOTS('',3,(#11429,#11430,#11431,#11432,#11433,
#11434,#11435,#11436,#11437,#11438,#11439,#11440),.UNSPECIFIED.,.F.,.F.,
(4,2,2,2,2,4),(-0.0853667117280946,-0.0792760462434665,-0.0566723590245354,
-0.0368858779847718,-0.0182555242220335,0.),.UNSPECIFIED.);
#241=B_SPLINE_CURVE_WITH_KNOTS('',3,(#11448,#11449,#11450,#11451,#11452,
#11453,#11454,#11455,#11456,#11457,#11458,#11459),.UNSPECIFIED.,.F.,.F.,
(4,2,2,2,2,4),(-0.15602984677815,-0.142207182085432,-0.128197670533392,
-0.110996382157284,-0.0917414662007097,-0.0854359907718301),
 .UNSPECIFIED.);
#242=B_SPLINE_CURVE_WITH_KNOTS('',3,(#11463,#11464,#11465,#11466,#11467,
#11468,#11469,#11470,#11471,#11472,#11473,#11474),.UNSPECIFIED.,.F.,.F.,
(4,2,2,2,2,4),(-0.0798415496831664,-0.0776650166106112,-0.0576440475881782,
-0.0373770834827942,-0.0182710762993586,0.),.UNSPECIFIED.);
#243=B_SPLINE_CURVE_WITH_KNOTS('',3,(#11478,#11479,#11480,#11481,#11482,
#11483,#11484,#11485,#11486,#11487,#11488,#11489),.UNSPECIFIED.,.F.,.F.,
(4,2,2,2,2,4),(-0.15836366426036,-0.147179649192311,-0.135969664113936,
-0.115950857516369,-0.0964545831232762,-0.0790390057678405),
 .UNSPECIFIED.);
#244=B_SPLINE_CURVE_WITH_KNOTS('',3,(#11493,#11494,#11495,#11496,#11497,
#11498,#11499,#11500,#11501,#11502,#11503,#11504),.UNSPECIFIED.,.F.,.F.,
(4,2,2,2,2,4),(-0.0793580237991248,-0.0775478026655266,-0.0579736295005724,
-0.0379700787683565,-0.018676911923232,0.),.UNSPECIFIED.);
#245=B_SPLINE_CURVE_WITH_KNOTS('',3,(#11508,#11509,#11510,#11511,#11512,
#11513,#11514,#11515,#11516,#11517,#11518,#11519),.UNSPECIFIED.,.F.,.F.,
(4,2,2,2,2,4),(-0.158773354100455,-0.147874615027092,-0.136933326861122,
-0.116592754048297,-0.0966439428898642,-0.0789378940710971),
 .UNSPECIFIED.);
#246=B_SPLINE_CURVE_WITH_KNOTS('',3,(#11523,#11524,#11525,#11526,#11527,
#11528,#11529,#11530,#11531,#11532,#11533,#11534),.UNSPECIFIED.,.F.,.F.,
(4,2,2,2,2,4),(-0.0853667117281137,-0.0792760462434847,-0.0566723590245505,
-0.0368858779847818,-0.0182555242220363,0.),.UNSPECIFIED.);
#247=B_SPLINE_CURVE_WITH_KNOTS('',3,(#11554,#11555,#11556,#11557,#11558,
#11559,#11560,#11561,#11562,#11563,#11564,#11565),.UNSPECIFIED.,.F.,.F.,
(4,2,2,2,2,4),(-0.156029846777857,-0.142207182085178,-0.128197670533175,
-0.110996382157114,-0.0917414662005877,-0.0854359907717218),
 .UNSPECIFIED.);
#248=B_SPLINE_CURVE_WITH_KNOTS('',3,(#11569,#11570,#11571,#11572,#11573,
#11574,#11575,#11576,#11577,#11578,#11579,#11580),.UNSPECIFIED.,.F.,.F.,
(4,2,2,2,2,4),(-0.0798415496831646,-0.0776650166106094,-0.0576440475881806,
-0.0373770834827946,-0.0182710762993587,0.),.UNSPECIFIED.);
#249=B_SPLINE_CURVE_WITH_KNOTS('',3,(#11584,#11585,#11586,#11587,#11588,
#11589,#11590,#11591,#11592,#11593,#11594,#11595),.UNSPECIFIED.,.F.,.F.,
(4,2,2,2,2,4),(-0.158363664260289,-0.147179649192249,-0.135969664113883,
-0.115950857516322,-0.0964545831232356,-0.0790390057678104),
 .UNSPECIFIED.);
#250=B_SPLINE_CURVE_WITH_KNOTS('',3,(#11599,#11600,#11601,#11602,#11603,
#11604,#11605,#11606,#11607,#11608,#11609,#11610),.UNSPECIFIED.,.F.,.F.,
(4,2,2,2,2,4),(-0.0793580237991389,-0.0775478026655409,-0.0579736295005854,
-0.0379700787683656,-0.0186769119232344,0.),.UNSPECIFIED.);
#251=B_SPLINE_CURVE_WITH_KNOTS('',3,(#11614,#11615,#11616,#11617,#11618,
#11619,#11620,#11621,#11622,#11623,#11624,#11625),.UNSPECIFIED.,.F.,.F.,
(4,2,2,2,2,4),(-0.158773354100497,-0.147874615027124,-0.136933326861139,
-0.116592754048308,-0.0966439428898679,-0.0789378940710973),
 .UNSPECIFIED.);
#252=B_SPLINE_CURVE_WITH_KNOTS('',3,(#11629,#11630,#11631,#11632,#11633,
#11634,#11635,#11636,#11637,#11638,#11639,#11640),.UNSPECIFIED.,.F.,.F.,
(4,2,2,2,2,4),(-0.0853667117280864,-0.0792760462434606,-0.056672359024528,
-0.03688587798476,-0.0182555242220291,0.),.UNSPECIFIED.);
#253=B_SPLINE_CURVE_WITH_KNOTS('',3,(#11648,#11649,#11650,#11651,#11652,
#11653,#11654,#11655,#11656,#11657,#11658,#11659),.UNSPECIFIED.,.F.,.F.,
(4,2,2,2,2,4),(-0.156029846778146,-0.14220718208542,-0.128197670533372,
-0.110996382157256,-0.0917414662006865,-0.0854359907718136),
 .UNSPECIFIED.);
#254=B_SPLINE_CURVE_WITH_KNOTS('',3,(#11663,#11664,#11665,#11666,#11667,
#11668,#11669,#11670,#11671,#11672,#11673,#11674),.UNSPECIFIED.,.F.,.F.,
(4,2,2,2,2,4),(-0.0798415496831687,-0.077665016610613,-0.0576440475881823,
-0.0373770834827958,-0.0182710762993589,0.),.UNSPECIFIED.);
#255=B_SPLINE_CURVE_WITH_KNOTS('',3,(#11678,#11679,#11680,#11681,#11682,
#11683,#11684,#11685,#11686,#11687,#11688,#11689),.UNSPECIFIED.,.F.,.F.,
(4,2,2,2,2,4),(-0.158363664260285,-0.147179649192246,-0.135969664113881,
-0.11595085751632,-0.0964545831232335,-0.079039005767807),.UNSPECIFIED.);
#256=B_SPLINE_CURVE_WITH_KNOTS('',3,(#11693,#11694,#11695,#11696,#11697,
#11698,#11699,#11700,#11701,#11702,#11703,#11704),.UNSPECIFIED.,.F.,.F.,
(4,2,2,2,2,4),(-0.0793580237991414,-0.077547802665543,-0.0579736295005855,
-0.0379700787683654,-0.0186769119232344,0.),.UNSPECIFIED.);
#257=B_SPLINE_CURVE_WITH_KNOTS('',3,(#11708,#11709,#11710,#11711,#11712,
#11713,#11714,#11715,#11716,#11717,#11718,#11719),.UNSPECIFIED.,.F.,.F.,
(4,2,2,2,2,4),(-0.158773354100493,-0.147874615027121,-0.136933326861137,
-0.116592754048306,-0.0966439428898676,-0.0789378940710982),
 .UNSPECIFIED.);
#258=B_SPLINE_CURVE_WITH_KNOTS('',3,(#11723,#11724,#11725,#11726,#11727,
#11728,#11729,#11730,#11731,#11732,#11733,#11734),.UNSPECIFIED.,.F.,.F.,
(4,2,2,2,2,4),(-0.0853667117280892,-0.0792760462434629,-0.0566723590245287,
-0.0368858779847602,-0.0182555242220292,0.),.UNSPECIFIED.);
#259=B_SPLINE_CURVE_WITH_KNOTS('',3,(#11955,#11956,#11957,#11958,#11959,
#11960,#11961,#11962,#11963,#11964,#11965,#11966),.UNSPECIFIED.,.F.,.F.,
(4,2,2,2,2,4),(-0.156029846779492,-0.142207182086607,-0.128197670534398,
-0.110996382158082,-0.091741466201305,-0.0854359907723711),
 .UNSPECIFIED.);
#260=B_SPLINE_CURVE_WITH_KNOTS('',3,(#11970,#11971,#11972,#11973,#11974,
#11975,#11976,#11977,#11978,#11979,#11980,#11981),.UNSPECIFIED.,.F.,.F.,
(4,2,2,2,2,4),(-0.0798415496831654,-0.0776650166106104,-0.0576440475881812,
-0.037377083482795,-0.0182710762993587,0.),.UNSPECIFIED.);
#261=B_SPLINE_CURVE_WITH_KNOTS('',3,(#11985,#11986,#11987,#11988,#11989,
#11990,#11991,#11992,#11993,#11994,#11995,#11996),.UNSPECIFIED.,.F.,.F.,
(4,2,2,2,2,4),(-0.158363664260351,-0.147179649192308,-0.135969664113933,
-0.115950857516362,-0.0964545831232655,-0.0790390057678309),
 .UNSPECIFIED.);
#262=B_SPLINE_CURVE_WITH_KNOTS('',3,(#12000,#12001,#12002,#12003,#12004,
#12005,#12006,#12007,#12008,#12009,#12010,#12011),.UNSPECIFIED.,.F.,.F.,
(4,2,2,2,2,4),(-0.0793580237991341,-0.0775478026655361,-0.0579736295005803,
-0.0379700787683618,-0.0186769119232335,0.),.UNSPECIFIED.);
#263=B_SPLINE_CURVE_WITH_KNOTS('',3,(#12015,#12016,#12017,#12018,#12019,
#12020,#12021,#12022,#12023,#12024,#12025,#12026),.UNSPECIFIED.,.F.,.F.,
(4,2,2,2,2,4),(-0.158773354100454,-0.14787461502709,-0.13693332686112,-0.116592754048297,
-0.0966439428898664,-0.0789378940711006),.UNSPECIFIED.);
#264=B_SPLINE_CURVE_WITH_KNOTS('',3,(#12030,#12031,#12032,#12033,#12034,
#12035,#12036,#12037,#12038,#12039,#12040,#12041),.UNSPECIFIED.,.F.,.F.,
(4,2,2,2,2,4),(-0.0853667117281059,-0.0792760462434774,-0.0566723590245391,
-0.0368858779847699,-0.0182555242220324,0.),.UNSPECIFIED.);
#265=B_SPLINE_CURVE_WITH_KNOTS('',3,(#12049,#12050,#12051,#12052,#12053,
#12054,#12055,#12056,#12057,#12058,#12059,#12060),.UNSPECIFIED.,.F.,.F.,
(4,2,2,2,2,4),(-0.15602984677904,-0.142207182086212,-0.128197670534059,
-0.110996382157815,-0.0917414662011083,-0.0854359907721936),
 .UNSPECIFIED.);
#266=B_SPLINE_CURVE_WITH_KNOTS('',3,(#12064,#12065,#12066,#12067,#12068,
#12069,#12070,#12071,#12072,#12073,#12074,#12075),.UNSPECIFIED.,.F.,.F.,
(4,2,2,2,2,4),(-0.0798415496831607,-0.0776650166106056,-0.0576440475881765,
-0.0373770834827925,-0.0182710762993582,0.),.UNSPECIFIED.);
#267=B_SPLINE_CURVE_WITH_KNOTS('',3,(#12079,#12080,#12081,#12082,#12083,
#12084,#12085,#12086,#12087,#12088,#12089,#12090),.UNSPECIFIED.,.F.,.F.,
(4,2,2,2,2,4),(-0.158363664260356,-0.147179649192315,-0.135969664113942,
-0.115950857516371,-0.0964545831232771,-0.0790390057678422),
 .UNSPECIFIED.);
#268=B_SPLINE_CURVE_WITH_KNOTS('',3,(#12094,#12095,#12096,#12097,#12098,
#12099,#12100,#12101,#12102,#12103,#12104,#12105),.UNSPECIFIED.,.F.,.F.,
(4,2,2,2,2,4),(-0.0793580237991382,-0.0775478026655396,-0.0579736295005838,
-0.037970078768366,-0.0186769119232351,0.),.UNSPECIFIED.);
#269=B_SPLINE_CURVE_WITH_KNOTS('',3,(#12109,#12110,#12111,#12112,#12113,
#12114,#12115,#12116,#12117,#12118,#12119,#12120),.UNSPECIFIED.,.F.,.F.,
(4,2,2,2,2,4),(-0.158773354100451,-0.147874615027087,-0.136933326861117,
-0.116592754048295,-0.0966439428898648,-0.0789378940710992),
 .UNSPECIFIED.);
#270=B_SPLINE_CURVE_WITH_KNOTS('',3,(#12124,#12125,#12126,#12127,#12128,
#12129,#12130,#12131,#12132,#12133,#12134,#12135),.UNSPECIFIED.,.F.,.F.,
(4,2,2,2,2,4),(-0.0853667117281,-0.0792760462434715,-0.0566723590245355,
-0.0368858779847703,-0.018255524222033,0.),.UNSPECIFIED.);
#271=B_SPLINE_CURVE_WITH_KNOTS('',3,(#12149,#12150,#12151,#12152,#12153,
#12154,#12155,#12156,#12157,#12158,#12159,#12160),.UNSPECIFIED.,.F.,.F.,
(4,2,2,2,2,4),(-0.156029846778424,-0.142207182085684,-0.128197670533618,
-0.110996382157484,-0.0917414662008748,-0.0854359907719839),
 .UNSPECIFIED.);
#272=B_SPLINE_CURVE_WITH_KNOTS('',3,(#12164,#12165,#12166,#12167,#12168,
#12169,#12170,#12171,#12172,#12173,#12174,#12175),.UNSPECIFIED.,.F.,.F.,
(4,2,2,2,2,4),(-0.0798415496831353,-0.0776650166105803,-0.0576440475881579,
-0.0373770834827817,-0.0182710762993556,0.),.UNSPECIFIED.);
#273=B_SPLINE_CURVE_WITH_KNOTS('',3,(#12179,#12180,#12181,#12182,#12183,
#12184,#12185,#12186,#12187,#12188,#12189,#12190),.UNSPECIFIED.,.F.,.F.,
(4,2,2,2,2,4),(-0.158363664260318,-0.14717964919228,-0.135969664113914,
-0.11595085751635,-0.0964545831232604,-0.0790390057678278),
 .UNSPECIFIED.);
#274=B_SPLINE_CURVE_WITH_KNOTS('',3,(#12194,#12195,#12196,#12197,#12198,
#12199,#12200,#12201,#12202,#12203,#12204,#12205),.UNSPECIFIED.,.F.,.F.,
(4,2,2,2,2,4),(-0.0793580237991367,-0.0775478026655391,-0.0579736295005824,
-0.0379700787683637,-0.0186769119232336,0.),.UNSPECIFIED.);
#275=B_SPLINE_CURVE_WITH_KNOTS('',3,(#12209,#12210,#12211,#12212,#12213,
#12214,#12215,#12216,#12217,#12218,#12219,#12220),.UNSPECIFIED.,.F.,.F.,
(4,2,2,2,2,4),(-0.158773354100543,-0.147874615027165,-0.136933326861191,
-0.116592754048357,-0.0966439428899131,-0.0789378940711359),
 .UNSPECIFIED.);
#276=B_SPLINE_CURVE_WITH_KNOTS('',3,(#12224,#12225,#12226,#12227,#12228,
#12229,#12230,#12231,#12232,#12233,#12234,#12235),.UNSPECIFIED.,.F.,.F.,
(4,2,2,2,2,4),(-0.0853667117281303,-0.0792760462435003,-0.056672359024556,
-0.0368858779847819,-0.0182555242220361,0.),.UNSPECIFIED.);
#277=B_SPLINE_CURVE_WITH_KNOTS('',3,(#12243,#12244,#12245,#12246,#12247,
#12248,#12249,#12250,#12251,#12252,#12253,#12254),.UNSPECIFIED.,.F.,.F.,
(4,2,2,2,2,4),(-0.156029846779887,-0.142207182086978,-0.12819767053474,
-0.110996382158387,-0.0917414662015482,-0.0854359907725865),
 .UNSPECIFIED.);
#278=B_SPLINE_CURVE_WITH_KNOTS('',3,(#12258,#12259,#12260,#12261,#12262,
#12263,#12264,#12265,#12266,#12267,#12268,#12269),.UNSPECIFIED.,.F.,.F.,
(4,2,2,2,2,4),(-0.0798415496831352,-0.07766501661058,-0.0576440475881565,
-0.037377083482781,-0.0182710762993554,0.),.UNSPECIFIED.);
#279=B_SPLINE_CURVE_WITH_KNOTS('',3,(#12273,#12274,#12275,#12276,#12277,
#12278,#12279,#12280,#12281,#12282,#12283,#12284),.UNSPECIFIED.,.F.,.F.,
(4,2,2,2,2,4),(-0.158363664260297,-0.14717964919226,-0.135969664113895,
-0.115950857516336,-0.0964545831232483,-0.079039005767819),
 .UNSPECIFIED.);
#280=B_SPLINE_CURVE_WITH_KNOTS('',3,(#12288,#12289,#12290,#12291,#12292,
#12293,#12294,#12295,#12296,#12297,#12298,#12299),.UNSPECIFIED.,.F.,.F.,
(4,2,2,2,2,4),(-0.0793580237991388,-0.0775478026655399,-0.0579736295005834,
-0.0379700787683647,-0.018676911923234,0.),.UNSPECIFIED.);
#281=B_SPLINE_CURVE_WITH_KNOTS('',3,(#12303,#12304,#12305,#12306,#12307,
#12308,#12309,#12310,#12311,#12312,#12313,#12314),.UNSPECIFIED.,.F.,.F.,
(4,2,2,2,2,4),(-0.158773354100523,-0.147874615027145,-0.136933326861173,
-0.116592754048341,-0.0966439428899024,-0.0789378940711308),
 .UNSPECIFIED.);
#282=B_SPLINE_CURVE_WITH_KNOTS('',3,(#12318,#12319,#12320,#12321,#12322,
#12323,#12324,#12325,#12326,#12327,#12328,#12329),.UNSPECIFIED.,.F.,.F.,
(4,2,2,2,2,4),(-0.085366711728103,-0.079276046243474,-0.0566723590245369,
-0.0368858779847709,-0.0182555242220332,0.),.UNSPECIFIED.);
#283=B_SPLINE_CURVE_WITH_KNOTS('',3,(#12344,#12345,#12346,#12347,#12348,
#12349,#12350,#12351,#12352,#12353,#12354,#12355),.UNSPECIFIED.,.F.,.F.,
(4,2,2,2,2,4),(-0.156019970691169,-0.142368939450742,-0.128508151879511,
-0.111345103001668,-0.0921522578735611,-0.0854770283154525),
 .UNSPECIFIED.);
#284=B_SPLINE_CURVE_WITH_KNOTS('',3,(#12359,#12360,#12361,#12362,#12363,
#12364,#12365,#12366,#12367,#12368,#12369,#12370),.UNSPECIFIED.,.F.,.F.,
(4,2,2,2,2,4),(-0.0798415917552787,-0.0776721422851713,-0.0576652132619217,
-0.0373954240138329,-0.0182753318967384,0.),.UNSPECIFIED.);
#285=B_SPLINE_CURVE_WITH_KNOTS('',3,(#12374,#12375,#12376,#12377,#12378,
#12379,#12380,#12381,#12382,#12383,#12384,#12385),.UNSPECIFIED.,.F.,.F.,
(4,2,2,2,2,4),(-0.158363808644143,-0.147190143291433,-0.135981955889946,
-0.115966929997794,-0.0964605324242334,-0.0790390143138819),
 .UNSPECIFIED.);
#286=B_SPLINE_CURVE_WITH_KNOTS('',3,(#12389,#12390,#12391,#12392,#12393,
#12394,#12395,#12396,#12397,#12398,#12399,#12400),.UNSPECIFIED.,.F.,.F.,
(4,2,2,2,2,4),(-0.0793580417914232,-0.0775486433251615,-0.0579865579438978,
-0.0379850644256182,-0.0186808236467561,0.),.UNSPECIFIED.);
#287=B_SPLINE_CURVE_WITH_KNOTS('',3,(#12404,#12405,#12406,#12407,#12408,
#12409,#12410,#12411,#12412,#12413,#12414,#12415),.UNSPECIFIED.,.F.,.F.,
(4,2,2,2,2,4),(-0.158773468376035,-0.147886843600395,-0.136948538501705,
-0.116617394579682,-0.0966590514597256,-0.0789379358042332),
 .UNSPECIFIED.);
#288=B_SPLINE_CURVE_WITH_KNOTS('',3,(#12419,#12420,#12421,#12422,#12423,
#12424,#12425,#12426,#12427,#12428,#12429,#12430),.UNSPECIFIED.,.F.,.F.,
(4,2,2,2,2,4),(-0.0853674688127568,-0.0795274469002211,-0.0567767294038264,
-0.0369195277657,-0.0182603557288584,0.),.UNSPECIFIED.);
#289=B_SPLINE_CURVE_WITH_KNOTS('',3,(#12438,#12439,#12440,#12441,#12442,
#12443,#12444,#12445,#12446,#12447,#12448,#12449),.UNSPECIFIED.,.F.,.F.,
(4,2,2,2,2,4),(-0.1560199706908,-0.142368939450384,-0.128508151879165,-0.111345103001336,
-0.0921522578732771,-0.0854770283151965),.UNSPECIFIED.);
#290=B_SPLINE_CURVE_WITH_KNOTS('',3,(#12453,#12454,#12455,#12456,#12457,
#12458,#12459,#12460,#12461,#12462,#12463,#12464),.UNSPECIFIED.,.F.,.F.,
(4,2,2,2,2,4),(-0.0798415917552767,-0.0776721422851697,-0.0576652132619256,
-0.0373954240138337,-0.0182753318967386,0.),.UNSPECIFIED.);
#291=B_SPLINE_CURVE_WITH_KNOTS('',3,(#12468,#12469,#12470,#12471,#12472,
#12473,#12474,#12475,#12476,#12477,#12478,#12479),.UNSPECIFIED.,.F.,.F.,
(4,2,2,2,2,4),(-0.15836380864414,-0.147190143291429,-0.135981955889941,
-0.115966929997791,-0.0964605324242318,-0.0790390143138808),
 .UNSPECIFIED.);
#292=B_SPLINE_CURVE_WITH_KNOTS('',3,(#12483,#12484,#12485,#12486,#12487,
#12488,#12489,#12490,#12491,#12492,#12493,#12494),.UNSPECIFIED.,.F.,.F.,
(4,2,2,2,2,4),(-0.0793580417914381,-0.0775486433251758,-0.0579865579439059,
-0.0379850644256193,-0.0186808236467557,0.),.UNSPECIFIED.);
#293=B_SPLINE_CURVE_WITH_KNOTS('',3,(#12498,#12499,#12500,#12501,#12502,
#12503,#12504,#12505,#12506,#12507,#12508,#12509),.UNSPECIFIED.,.F.,.F.,
(4,2,2,2,2,4),(-0.158773468376047,-0.147886843600406,-0.136948538501716,
-0.116617394579688,-0.0966590514597289,-0.0789379358042342),
 .UNSPECIFIED.);
#294=B_SPLINE_CURVE_WITH_KNOTS('',3,(#12513,#12514,#12515,#12516,#12517,
#12518,#12519,#12520,#12521,#12522,#12523,#12524),.UNSPECIFIED.,.F.,.F.,
(4,2,2,2,2,4),(-0.0853674688127588,-0.0795274469002233,-0.0567767294038274,
-0.0369195277657006,-0.0182603557288585,0.),.UNSPECIFIED.);
#295=B_SPLINE_CURVE_WITH_KNOTS('',3,(#12538,#12539,#12540,#12541,#12542,
#12543,#12544,#12545,#12546,#12547,#12548,#12549),.UNSPECIFIED.,.F.,.F.,
(4,2,2,2,2,4),(-0.1560315198658,-0.142183377938505,-0.128152103605659,-0.110945174781296,
-0.0916812505714794,-0.085430018111544),.UNSPECIFIED.);
#296=B_SPLINE_CURVE_WITH_KNOTS('',3,(#12553,#12554,#12555,#12556,#12557,
#12558,#12559,#12560,#12561,#12562,#12563,#12564),.UNSPECIFIED.,.F.,.F.,
(4,2,2,2,2,4),(-0.0798415434370096,-0.0776639563790178,-0.0576409042427563,
-0.0373743613445075,-0.0182704433779178,0.),.UNSPECIFIED.);
#297=B_SPLINE_CURVE_WITH_KNOTS('',3,(#12568,#12569,#12570,#12571,#12572,
#12573,#12574,#12575,#12576,#12577,#12578,#12579),.UNSPECIFIED.,.F.,.F.,
(4,2,2,2,2,4),(-0.158363650202737,-0.147178625125911,-0.135968465687546,
-0.115949292214635,-0.0964540031087763,-0.0790390049356981),
 .UNSPECIFIED.);
#298=B_SPLINE_CURVE_WITH_KNOTS('',3,(#12583,#12584,#12585,#12586,#12587,
#12588,#12589,#12590,#12591,#12592,#12593,#12594),.UNSPECIFIED.,.F.,.F.,
(4,2,2,2,2,4),(-0.0793580220564766,-0.0775477205645258,-0.0579723692480041,
-0.0379686193565014,-0.0186765304302592,0.),.UNSPECIFIED.);
#299=B_SPLINE_CURVE_WITH_KNOTS('',3,(#12598,#12599,#12600,#12601,#12602,
#12603,#12604,#12605,#12606,#12607,#12608,#12609),.UNSPECIFIED.,.F.,.F.,
(4,2,2,2,2,4),(-0.158773337160151,-0.147872794597819,-0.136931064684212,
-0.116589096446447,-0.0966416992298328,-0.0789378878635425),
 .UNSPECIFIED.);
#300=B_SPLINE_CURVE_WITH_KNOTS('',3,(#12613,#12614,#12615,#12616,#12617,
#12618,#12619,#12620,#12621,#12622,#12623,#12624),.UNSPECIFIED.,.F.,.F.,
(4,2,2,2,2,4),(-0.0853666027727787,-0.0792388752931411,-0.0566566909375211,
-0.0368807720954747,-0.0182547864932819,0.),.UNSPECIFIED.);
#301=B_SPLINE_CURVE_WITH_KNOTS('',3,(#12632,#12633,#12634,#12635,#12636,
#12637,#12638,#12639,#12640,#12641,#12642,#12643),.UNSPECIFIED.,.F.,.F.,
(4,2,2,2,2,4),(-0.156031519864178,-0.142183377937044,-0.128152103604359,
-0.110945174780192,-0.0916812505706219,-0.0854300181107747),
 .UNSPECIFIED.);
#302=B_SPLINE_CURVE_WITH_KNOTS('',3,(#12647,#12648,#12649,#12650,#12651,
#12652,#12653,#12654,#12655,#12656,#12657,#12658),.UNSPECIFIED.,.F.,.F.,
(4,2,2,2,2,4),(-0.0798415434370111,-0.0776639563790199,-0.0576409042427607,
-0.0373743613445096,-0.0182704433779177,0.),.UNSPECIFIED.);
#303=B_SPLINE_CURVE_WITH_KNOTS('',3,(#12662,#12663,#12664,#12665,#12666,
#12667,#12668,#12669,#12670,#12671,#12672,#12673),.UNSPECIFIED.,.F.,.F.,
(4,2,2,2,2,4),(-0.158363650202745,-0.147178625125917,-0.135968465687551,
-0.115949292214639,-0.096454003108776,-0.0790390049356978),
 .UNSPECIFIED.);
#304=B_SPLINE_CURVE_WITH_KNOTS('',3,(#12677,#12678,#12679,#12680,#12681,
#12682,#12683,#12684,#12685,#12686,#12687,#12688),.UNSPECIFIED.,.F.,.F.,
(4,2,2,2,2,4),(-0.0793580220564822,-0.0775477205645313,-0.0579723692480079,
-0.0379686193565032,-0.0186765304302596,0.),.UNSPECIFIED.);
#305=B_SPLINE_CURVE_WITH_KNOTS('',3,(#12692,#12693,#12694,#12695,#12696,
#12697,#12698,#12699,#12700,#12701,#12702,#12703),.UNSPECIFIED.,.F.,.F.,
(4,2,2,2,2,4),(-0.158773337160167,-0.147872794597831,-0.136931064684219,
-0.116589096446449,-0.0966416992298328,-0.078937887863541),
 .UNSPECIFIED.);
#306=B_SPLINE_CURVE_WITH_KNOTS('',3,(#12707,#12708,#12709,#12710,#12711,
#12712,#12713,#12714,#12715,#12716,#12717,#12718),.UNSPECIFIED.,.F.,.F.,
(4,2,2,2,2,4),(-0.0853666027727762,-0.079238875293138,-0.056656690937516,
-0.0368807720954678,-0.0182547864932791,0.),.UNSPECIFIED.);
#307=B_SPLINE_CURVE_WITH_KNOTS('',3,(#13389,#13390,#13391,#13392,#13393,
#13394,#13395,#13396,#13397,#13398,#13399,#13400),.UNSPECIFIED.,.F.,.F.,
(4,2,2,2,2,4),(-0.1560315198664,-0.142183377939067,-0.128152103606181,-0.110945174781765,
-0.0916812505718613,-0.0854300181118889),.UNSPECIFIED.);
#308=B_SPLINE_CURVE_WITH_KNOTS('',3,(#13404,#13405,#13406,#13407,#13408,
#13409,#13410,#13411,#13412,#13413,#13414,#13415),.UNSPECIFIED.,.F.,.F.,
(4,2,2,2,2,4),(-0.0798415434369975,-0.0776639563790071,-0.0576409042427522,
-0.0373743613445075,-0.0182704433779175,0.),.UNSPECIFIED.);
#309=B_SPLINE_CURVE_WITH_KNOTS('',3,(#13419,#13420,#13421,#13422,#13423,
#13424,#13425,#13426,#13427,#13428,#13429,#13430),.UNSPECIFIED.,.F.,.F.,
(4,2,2,2,2,4),(-0.158363650202802,-0.147178625125979,-0.135968465687605,
-0.11594929221468,-0.0964540031088095,-0.0790390049357227),
 .UNSPECIFIED.);
#310=B_SPLINE_CURVE_WITH_KNOTS('',3,(#13434,#13435,#13436,#13437,#13438,
#13439,#13440,#13441,#13442,#13443,#13444,#13445),.UNSPECIFIED.,.F.,.F.,
(4,2,2,2,2,4),(-0.0793580220565025,-0.0775477205645513,-0.0579723692480233,
-0.0379686193565141,-0.0186765304302632,0.),.UNSPECIFIED.);
#311=B_SPLINE_CURVE_WITH_KNOTS('',3,(#13449,#13450,#13451,#13452,#13453,
#13454,#13455,#13456,#13457,#13458,#13459,#13460),.UNSPECIFIED.,.F.,.F.,
(4,2,2,2,2,4),(-0.158773337160125,-0.147872794597791,-0.136931064684189,
-0.116589096446424,-0.096641699229813,-0.0789378878635251),
 .UNSPECIFIED.);
#312=B_SPLINE_CURVE_WITH_KNOTS('',3,(#13464,#13465,#13466,#13467,#13468,
#13469,#13470,#13471,#13472,#13473,#13474,#13475),.UNSPECIFIED.,.F.,.F.,
(4,2,2,2,2,4),(-0.0853666027727863,-0.0792388752931488,-0.0566566909375274,
-0.0368807720954763,-0.0182547864932817,0.),.UNSPECIFIED.);
#313=B_SPLINE_CURVE_WITH_KNOTS('',3,(#13483,#13484,#13485,#13486,#13487,
#13488,#13489,#13490,#13491,#13492,#13493,#13494),.UNSPECIFIED.,.F.,.F.,
(4,2,2,2,2,4),(-0.15603151986629,-0.142183377938984,-0.128152103606127,
-0.110945174781746,-0.0916812505718618,-0.0854300181118893),
 .UNSPECIFIED.);
#314=B_SPLINE_CURVE_WITH_KNOTS('',3,(#13498,#13499,#13500,#13501,#13502,
#13503,#13504,#13505,#13506,#13507,#13508,#13509),.UNSPECIFIED.,.F.,.F.,
(4,2,2,2,2,4),(-0.0798415434369972,-0.0776639563790069,-0.0576409042427528,
-0.0373743613445075,-0.0182704433779176,0.),.UNSPECIFIED.);
#315=B_SPLINE_CURVE_WITH_KNOTS('',3,(#13513,#13514,#13515,#13516,#13517,
#13518,#13519,#13520,#13521,#13522,#13523,#13524),.UNSPECIFIED.,.F.,.F.,
(4,2,2,2,2,4),(-0.158363650202805,-0.147178625125982,-0.135968465687607,
-0.115949292214681,-0.0964540031088101,-0.0790390049357246),
 .UNSPECIFIED.);
#316=B_SPLINE_CURVE_WITH_KNOTS('',3,(#13528,#13529,#13530,#13531,#13532,
#13533,#13534,#13535,#13536,#13537,#13538,#13539),.UNSPECIFIED.,.F.,.F.,
(4,2,2,2,2,4),(-0.0793580220565034,-0.0775477205645511,-0.0579723692480223,
-0.0379686193565137,-0.0186765304302632,0.),.UNSPECIFIED.);
#317=B_SPLINE_CURVE_WITH_KNOTS('',3,(#13543,#13544,#13545,#13546,#13547,
#13548,#13549,#13550,#13551,#13552,#13553,#13554),.UNSPECIFIED.,.F.,.F.,
(4,2,2,2,2,4),(-0.158773337160128,-0.147872794597794,-0.136931064684191,
-0.116589096446427,-0.0966416992298155,-0.0789378878635275),
 .UNSPECIFIED.);
#318=B_SPLINE_CURVE_WITH_KNOTS('',3,(#13558,#13559,#13560,#13561,#13562,
#13563,#13564,#13565,#13566,#13567,#13568,#13569),.UNSPECIFIED.,.F.,.F.,
(4,2,2,2,2,4),(-0.0853666027727881,-0.0792388752931498,-0.0566566909375279,
-0.0368807720954768,-0.0182547864932818,0.),.UNSPECIFIED.);
#319=B_SPLINE_CURVE_WITH_KNOTS('',3,(#13580,#13581,#13582,#13583,#13584,
#13585,#13586,#13587,#13588,#13589,#13590,#13591),.UNSPECIFIED.,.F.,.F.,
(4,2,2,2,2,4),(-0.156019970691588,-0.142368939451089,-0.128508151879778,
-0.111345103001846,-0.0921522578736814,-0.0854770283155665),
 .UNSPECIFIED.);
#320=B_SPLINE_CURVE_WITH_KNOTS('',3,(#13595,#13596,#13597,#13598,#13599,
#13600,#13601,#13602,#13603,#13604,#13605,#13606),.UNSPECIFIED.,.F.,.F.,
(4,2,2,2,2,4),(-0.0798415917552622,-0.0776721422851557,-0.0576652132619174,
-0.0373954240138339,-0.0182753318967399,0.),.UNSPECIFIED.);
#321=B_SPLINE_CURVE_WITH_KNOTS('',3,(#13610,#13611,#13612,#13613,#13614,
#13615,#13616,#13617,#13618,#13619,#13620,#13621),.UNSPECIFIED.,.F.,.F.,
(4,2,2,2,2,4),(-0.158363808644155,-0.147190143291423,-0.135981955889936,
-0.115966929997786,-0.0964605324242268,-0.0790390143138773),
 .UNSPECIFIED.);
#322=B_SPLINE_CURVE_WITH_KNOTS('',3,(#13625,#13626,#13627,#13628,#13629,
#13630,#13631,#13632,#13633,#13634,#13635,#13636),.UNSPECIFIED.,.F.,.F.,
(4,2,2,2,2,4),(-0.079358041791364,-0.0775486433251045,-0.0579865579438579,
-0.0379850644255952,-0.0186808236467499,0.),.UNSPECIFIED.);
#323=B_SPLINE_CURVE_WITH_KNOTS('',3,(#13640,#13641,#13642,#13643,#13644,
#13645,#13646,#13647,#13648,#13649,#13650,#13651),.UNSPECIFIED.,.F.,.F.,
(4,2,2,2,2,4),(-0.158773468376006,-0.147886843600356,-0.136948538501661,
-0.116617394579646,-0.0966590514596913,-0.078937935804201),
 .UNSPECIFIED.);
#324=B_SPLINE_CURVE_WITH_KNOTS('',3,(#13655,#13656,#13657,#13658,#13659,
#13660,#13661,#13662,#13663,#13664,#13665,#13666),.UNSPECIFIED.,.F.,.F.,
(4,2,2,2,2,4),(-0.0853674688127658,-0.07952744690023,-0.0567767294038301,
-0.0369195277656979,-0.018260355728857,0.),.UNSPECIFIED.);
#325=B_SPLINE_CURVE_WITH_KNOTS('',3,(#13674,#13675,#13676,#13677,#13678,
#13679,#13680,#13681,#13682,#13683,#13684,#13685),.UNSPECIFIED.,.F.,.F.,
(4,2,2,2,2,4),(-0.156019970690479,-0.142368939450214,-0.128508151879145,
-0.111345103001503,-0.0921522578735219,-0.0854770283154192),
 .UNSPECIFIED.);
#326=B_SPLINE_CURVE_WITH_KNOTS('',3,(#13689,#13690,#13691,#13692,#13693,
#13694,#13695,#13696,#13697,#13698,#13699,#13700),.UNSPECIFIED.,.F.,.F.,
(4,2,2,2,2,4),(-0.0798415917552689,-0.077672142285162,-0.0576652132619208,
-0.0373954240138348,-0.0182753318967401,0.),.UNSPECIFIED.);
#327=B_SPLINE_CURVE_WITH_KNOTS('',3,(#13704,#13705,#13706,#13707,#13708,
#13709,#13710,#13711,#13712,#13713,#13714,#13715),.UNSPECIFIED.,.F.,.F.,
(4,2,2,2,2,4),(-0.15836380864415,-0.147190143291418,-0.135981955889931,
-0.115966929997783,-0.0964605324242251,-0.0790390143138763),
 .UNSPECIFIED.);
#328=B_SPLINE_CURVE_WITH_KNOTS('',3,(#13719,#13720,#13721,#13722,#13723,
#13724,#13725,#13726,#13727,#13728,#13729,#13730),.UNSPECIFIED.,.F.,.F.,
(4,2,2,2,2,4),(-0.0793580417913584,-0.0775486433250987,-0.0579865579438518,
-0.0379850644255879,-0.0186808236467474,0.),.UNSPECIFIED.);
#329=B_SPLINE_CURVE_WITH_KNOTS('',3,(#13734,#13735,#13736,#13737,#13738,
#13739,#13740,#13741,#13742,#13743,#13744,#13745),.UNSPECIFIED.,.F.,.F.,
(4,2,2,2,2,4),(-0.158773468376014,-0.147886843600361,-0.136948538501665,
-0.11661739457965,-0.0966590514596963,-0.0789379358042058),
 .UNSPECIFIED.);
#330=B_SPLINE_CURVE_WITH_KNOTS('',3,(#13749,#13750,#13751,#13752,#13753,
#13754,#13755,#13756,#13757,#13758,#13759,#13760),.UNSPECIFIED.,.F.,.F.,
(4,2,2,2,2,4),(-0.0853674688127693,-0.0795274469002338,-0.0567767294038325,
-0.0369195277656992,-0.0182603557288573,0.),.UNSPECIFIED.);
#331=CYLINDRICAL_SURFACE('',#7167,0.075);
#332=CYLINDRICAL_SURFACE('',#7177,1.15);
#333=CYLINDRICAL_SURFACE('',#7179,0.075);
#334=CYLINDRICAL_SURFACE('',#7189,0.075);
#335=CYLINDRICAL_SURFACE('',#7191,0.85);
#336=CYLINDRICAL_SURFACE('',#7193,0.0750000000000001);
#337=CYLINDRICAL_SURFACE('',#7195,0.075);
#338=CYLINDRICAL_SURFACE('',#7205,1.15);
#339=CYLINDRICAL_SURFACE('',#7207,0.075);
#340=CYLINDRICAL_SURFACE('',#7217,0.075);
#341=CYLINDRICAL_SURFACE('',#7219,0.85);
#342=CYLINDRICAL_SURFACE('',#7221,0.0750000000000001);
#343=CYLINDRICAL_SURFACE('',#7223,0.075);
#344=CYLINDRICAL_SURFACE('',#7233,1.15);
#345=CYLINDRICAL_SURFACE('',#7235,0.075);
#346=CYLINDRICAL_SURFACE('',#7245,0.075);
#347=CYLINDRICAL_SURFACE('',#7247,0.85);
#348=CYLINDRICAL_SURFACE('',#7249,0.0750000000000001);
#349=CYLINDRICAL_SURFACE('',#7350,1.15);
#350=CYLINDRICAL_SURFACE('',#7352,0.0750000000000001);
#351=CYLINDRICAL_SURFACE('',#7353,0.85);
#352=CYLINDRICAL_SURFACE('',#7354,0.075);
#353=CYLINDRICAL_SURFACE('',#7355,0.075);
#354=CYLINDRICAL_SURFACE('',#7364,1.15);
#355=CYLINDRICAL_SURFACE('',#7366,0.075);
#356=CYLINDRICAL_SURFACE('',#7375,0.0750000000000001);
#357=CYLINDRICAL_SURFACE('',#7376,0.85);
#358=CYLINDRICAL_SURFACE('',#7377,0.075);
#359=CYLINDRICAL_SURFACE('',#7378,0.075);
#360=CYLINDRICAL_SURFACE('',#7387,1.15);
#361=CYLINDRICAL_SURFACE('',#7389,0.075);
#362=CYLINDRICAL_SURFACE('',#7398,0.0750000000000001);
#363=CYLINDRICAL_SURFACE('',#7473,0.125);
#364=CYLINDRICAL_SURFACE('',#7475,0.0196850393700787);
#365=CYLINDRICAL_SURFACE('',#7477,0.125);
#366=CYLINDRICAL_SURFACE('',#7479,0.125);
#367=CYLINDRICAL_SURFACE('',#7481,0.0196850393700787);
#368=CYLINDRICAL_SURFACE('',#7483,0.125);
#369=CYLINDRICAL_SURFACE('',#7485,0.125);
#370=CYLINDRICAL_SURFACE('',#7487,0.0196850393700787);
#371=CYLINDRICAL_SURFACE('',#7489,0.125);
#372=CYLINDRICAL_SURFACE('',#7491,0.125);
#373=CYLINDRICAL_SURFACE('',#7493,0.0196850393700787);
#374=CYLINDRICAL_SURFACE('',#7495,0.125);
#375=CYLINDRICAL_SURFACE('',#7497,0.125);
#376=CYLINDRICAL_SURFACE('',#7499,0.0196850393700787);
#377=CYLINDRICAL_SURFACE('',#7501,0.125);
#378=CYLINDRICAL_SURFACE('',#7504,0.125);
#379=CYLINDRICAL_SURFACE('',#7506,0.0196850393700787);
#380=CYLINDRICAL_SURFACE('',#7508,0.125);
#381=CYLINDRICAL_SURFACE('',#7510,0.125);
#382=CYLINDRICAL_SURFACE('',#7512,0.0196850393700787);
#383=CYLINDRICAL_SURFACE('',#7514,0.125);
#384=CYLINDRICAL_SURFACE('',#7516,0.125);
#385=CYLINDRICAL_SURFACE('',#7518,0.0196850393700787);
#386=CYLINDRICAL_SURFACE('',#7520,0.125);
#387=CYLINDRICAL_SURFACE('',#7522,0.125);
#388=CYLINDRICAL_SURFACE('',#7524,0.0196850393700787);
#389=CYLINDRICAL_SURFACE('',#7526,0.125);
#390=CYLINDRICAL_SURFACE('',#7528,0.125);
#391=CYLINDRICAL_SURFACE('',#7530,0.0196850393700787);
#392=CYLINDRICAL_SURFACE('',#7532,0.125);
#393=CYLINDRICAL_SURFACE('',#7534,0.125);
#394=CYLINDRICAL_SURFACE('',#7536,0.0196850393700787);
#395=CYLINDRICAL_SURFACE('',#7538,0.125);
#396=CYLINDRICAL_SURFACE('',#7541,0.125);
#397=CYLINDRICAL_SURFACE('',#7543,0.0196850393700787);
#398=CYLINDRICAL_SURFACE('',#7545,0.125);
#399=CYLINDRICAL_SURFACE('',#7547,0.125);
#400=CYLINDRICAL_SURFACE('',#7549,0.0196850393700787);
#401=CYLINDRICAL_SURFACE('',#7551,0.125);
#402=CYLINDRICAL_SURFACE('',#7553,0.125);
#403=CYLINDRICAL_SURFACE('',#7555,0.0196850393700787);
#404=CYLINDRICAL_SURFACE('',#7557,0.125);
#405=CYLINDRICAL_SURFACE('',#7559,0.125);
#406=CYLINDRICAL_SURFACE('',#7561,0.0196850393700787);
#407=CYLINDRICAL_SURFACE('',#7563,0.125);
#408=CYLINDRICAL_SURFACE('',#7565,0.125);
#409=CYLINDRICAL_SURFACE('',#7567,0.0196850393700787);
#410=CYLINDRICAL_SURFACE('',#7569,0.125);
#411=CYLINDRICAL_SURFACE('',#7571,0.125);
#412=CYLINDRICAL_SURFACE('',#7573,0.0196850393700787);
#413=CYLINDRICAL_SURFACE('',#7575,0.125);
#414=CYLINDRICAL_SURFACE('',#7578,0.125);
#415=CYLINDRICAL_SURFACE('',#7581,0.125);
#416=CYLINDRICAL_SURFACE('',#7590,0.086);
#417=CYLINDRICAL_SURFACE('',#7598,0.086);
#418=CYLINDRICAL_SURFACE('',#7604,0.0196850393700787);
#419=CYLINDRICAL_SURFACE('',#7607,0.086);
#420=CYLINDRICAL_SURFACE('',#7608,0.125);
#421=CYLINDRICAL_SURFACE('',#7610,0.0196850393700787);
#422=CYLINDRICAL_SURFACE('',#7612,0.125);
#423=CYLINDRICAL_SURFACE('',#7614,0.125);
#424=CYLINDRICAL_SURFACE('',#7616,0.0196850393700787);
#425=CYLINDRICAL_SURFACE('',#7618,0.125);
#426=CYLINDRICAL_SURFACE('',#7620,0.125);
#427=CYLINDRICAL_SURFACE('',#7622,0.0196850393700787);
#428=CYLINDRICAL_SURFACE('',#7624,0.125);
#429=CYLINDRICAL_SURFACE('',#7626,0.125);
#430=CYLINDRICAL_SURFACE('',#7628,0.0196850393700787);
#431=CYLINDRICAL_SURFACE('',#7630,0.125);
#432=CYLINDRICAL_SURFACE('',#7632,0.125);
#433=CYLINDRICAL_SURFACE('',#7634,0.0196850393700787);
#434=CYLINDRICAL_SURFACE('',#7636,0.125);
#435=CYLINDRICAL_SURFACE('',#7639,0.125);
#436=CYLINDRICAL_SURFACE('',#7642,0.125);
#437=CYLINDRICAL_SURFACE('',#7646,0.0196850393700787);
#438=CYLINDRICAL_SURFACE('',#7652,0.086);
#439=CYLINDRICAL_SURFACE('',#7660,0.02);
#440=CYLINDRICAL_SURFACE('',#7663,0.02);
#441=CYLINDRICAL_SURFACE('',#7671,0.02);
#442=CYLINDRICAL_SURFACE('',#7673,0.02);
#443=CYLINDRICAL_SURFACE('',#7675,0.075);
#444=CYLINDRICAL_SURFACE('',#7676,0.075);
#445=CYLINDRICAL_SURFACE('',#7685,0.85);
#446=CYLINDRICAL_SURFACE('',#7686,0.075);
#447=CYLINDRICAL_SURFACE('',#7695,1.15);
#448=CYLINDRICAL_SURFACE('',#7697,1.15);
#449=CYLINDRICAL_SURFACE('',#7699,1.15);
#450=CYLINDRICAL_SURFACE('',#7725,1.1);
#451=CYLINDRICAL_SURFACE('',#7727,1.1);
#452=CYLINDRICAL_SURFACE('',#7729,1.1);
#453=CYLINDRICAL_SURFACE('',#7731,1.1);
#454=CYLINDRICAL_SURFACE('',#7733,1.1);
#455=CYLINDRICAL_SURFACE('',#7735,1.1);
#456=CYLINDRICAL_SURFACE('',#7773,1.05);
#457=CYLINDRICAL_SURFACE('',#7775,1.05);
#458=CYLINDRICAL_SURFACE('',#7777,1.05);
#459=CYLINDRICAL_SURFACE('',#7779,1.05);
#460=CYLINDRICAL_SURFACE('',#7781,1.05);
#461=CYLINDRICAL_SURFACE('',#7783,1.05);
#462=CYLINDRICAL_SURFACE('',#7821,1.1);
#463=CYLINDRICAL_SURFACE('',#7823,1.1);
#464=CYLINDRICAL_SURFACE('',#7825,1.1);
#465=CYLINDRICAL_SURFACE('',#7827,1.1);
#466=CYLINDRICAL_SURFACE('',#7829,1.1);
#467=CYLINDRICAL_SURFACE('',#7831,1.1);
#468=CYLINDRICAL_SURFACE('',#7857,1.15);
#469=CYLINDRICAL_SURFACE('',#7859,1.15);
#470=CYLINDRICAL_SURFACE('',#7861,1.15);
#471=CYLINDRICAL_SURFACE('',#7863,1.15);
#472=CYLINDRICAL_SURFACE('',#7865,1.15);
#473=CYLINDRICAL_SURFACE('',#7867,1.15);
#474=CYLINDRICAL_SURFACE('',#7889,1.15);
#475=CYLINDRICAL_SURFACE('',#7891,1.15);
#476=CYLINDRICAL_SURFACE('',#7893,1.15);
#477=CYLINDRICAL_SURFACE('',#7895,1.1);
#478=CYLINDRICAL_SURFACE('',#7897,1.1);
#479=CYLINDRICAL_SURFACE('',#7899,1.1);
#480=CYLINDRICAL_SURFACE('',#7901,1.1);
#481=CYLINDRICAL_SURFACE('',#7903,1.1);
#482=CYLINDRICAL_SURFACE('',#7949,1.1);
#483=CYLINDRICAL_SURFACE('',#7951,1.1);
#484=CYLINDRICAL_SURFACE('',#7953,1.1);
#485=CYLINDRICAL_SURFACE('',#7955,1.1);
#486=CYLINDRICAL_SURFACE('',#7957,1.1);
#487=CYLINDRICAL_SURFACE('',#7959,1.1);
#488=CYLINDRICAL_SURFACE('',#7986,1.05);
#489=CYLINDRICAL_SURFACE('',#7988,1.05);
#490=CYLINDRICAL_SURFACE('',#7990,1.05);
#491=CYLINDRICAL_SURFACE('',#7992,1.05);
#492=CYLINDRICAL_SURFACE('',#7994,1.05);
#493=CYLINDRICAL_SURFACE('',#7996,1.05);
#494=CYLINDRICAL_SURFACE('',#8020,1.1);
#495=FACE_OUTER_BOUND('',#889,.T.);
#496=FACE_OUTER_BOUND('',#890,.T.);
#497=FACE_OUTER_BOUND('',#891,.T.);
#498=FACE_OUTER_BOUND('',#892,.T.);
#499=FACE_OUTER_BOUND('',#893,.T.);
#500=FACE_OUTER_BOUND('',#894,.T.);
#501=FACE_OUTER_BOUND('',#895,.T.);
#502=FACE_OUTER_BOUND('',#896,.T.);
#503=FACE_OUTER_BOUND('',#897,.T.);
#504=FACE_OUTER_BOUND('',#898,.T.);
#505=FACE_OUTER_BOUND('',#899,.T.);
#506=FACE_OUTER_BOUND('',#900,.T.);
#507=FACE_OUTER_BOUND('',#901,.T.);
#508=FACE_OUTER_BOUND('',#902,.T.);
#509=FACE_OUTER_BOUND('',#903,.T.);
#510=FACE_OUTER_BOUND('',#904,.T.);
#511=FACE_OUTER_BOUND('',#905,.T.);
#512=FACE_OUTER_BOUND('',#906,.T.);
#513=FACE_OUTER_BOUND('',#907,.T.);
#514=FACE_OUTER_BOUND('',#908,.T.);
#515=FACE_OUTER_BOUND('',#909,.T.);
#516=FACE_OUTER_BOUND('',#910,.T.);
#517=FACE_OUTER_BOUND('',#911,.T.);
#518=FACE_OUTER_BOUND('',#912,.T.);
#519=FACE_OUTER_BOUND('',#913,.T.);
#520=FACE_OUTER_BOUND('',#914,.T.);
#521=FACE_OUTER_BOUND('',#915,.T.);
#522=FACE_OUTER_BOUND('',#916,.T.);
#523=FACE_OUTER_BOUND('',#917,.T.);
#524=FACE_OUTER_BOUND('',#918,.T.);
#525=FACE_OUTER_BOUND('',#919,.T.);
#526=FACE_OUTER_BOUND('',#920,.T.);
#527=FACE_OUTER_BOUND('',#921,.T.);
#528=FACE_OUTER_BOUND('',#922,.T.);
#529=FACE_OUTER_BOUND('',#923,.T.);
#530=FACE_OUTER_BOUND('',#924,.T.);
#531=FACE_OUTER_BOUND('',#925,.T.);
#532=FACE_OUTER_BOUND('',#926,.T.);
#533=FACE_OUTER_BOUND('',#927,.T.);
#534=FACE_OUTER_BOUND('',#928,.T.);
#535=FACE_OUTER_BOUND('',#929,.T.);
#536=FACE_OUTER_BOUND('',#930,.T.);
#537=FACE_OUTER_BOUND('',#931,.T.);
#538=FACE_OUTER_BOUND('',#932,.T.);
#539=FACE_OUTER_BOUND('',#933,.T.);
#540=FACE_OUTER_BOUND('',#934,.T.);
#541=FACE_OUTER_BOUND('',#935,.T.);
#542=FACE_OUTER_BOUND('',#936,.T.);
#543=FACE_OUTER_BOUND('',#937,.T.);
#544=FACE_OUTER_BOUND('',#938,.T.);
#545=FACE_OUTER_BOUND('',#939,.T.);
#546=FACE_OUTER_BOUND('',#940,.T.);
#547=FACE_OUTER_BOUND('',#941,.T.);
#548=FACE_OUTER_BOUND('',#942,.T.);
#549=FACE_OUTER_BOUND('',#943,.T.);
#550=FACE_OUTER_BOUND('',#949,.T.);
#551=FACE_OUTER_BOUND('',#950,.T.);
#552=FACE_OUTER_BOUND('',#951,.T.);
#553=FACE_OUTER_BOUND('',#952,.T.);
#554=FACE_OUTER_BOUND('',#953,.T.);
#555=FACE_OUTER_BOUND('',#954,.T.);
#556=FACE_OUTER_BOUND('',#955,.T.);
#557=FACE_OUTER_BOUND('',#956,.T.);
#558=FACE_OUTER_BOUND('',#957,.T.);
#559=FACE_OUTER_BOUND('',#958,.T.);
#560=FACE_OUTER_BOUND('',#959,.T.);
#561=FACE_OUTER_BOUND('',#960,.T.);
#562=FACE_OUTER_BOUND('',#961,.T.);
#563=FACE_OUTER_BOUND('',#962,.T.);
#564=FACE_OUTER_BOUND('',#963,.T.);
#565=FACE_OUTER_BOUND('',#964,.T.);
#566=FACE_OUTER_BOUND('',#965,.T.);
#567=FACE_OUTER_BOUND('',#966,.T.);
#568=FACE_OUTER_BOUND('',#967,.T.);
#569=FACE_OUTER_BOUND('',#968,.T.);
#570=FACE_OUTER_BOUND('',#969,.T.);
#571=FACE_OUTER_BOUND('',#970,.T.);
#572=FACE_OUTER_BOUND('',#971,.T.);
#573=FACE_OUTER_BOUND('',#972,.T.);
#574=FACE_OUTER_BOUND('',#973,.T.);
#575=FACE_OUTER_BOUND('',#974,.T.);
#576=FACE_OUTER_BOUND('',#975,.T.);
#577=FACE_OUTER_BOUND('',#976,.T.);
#578=FACE_OUTER_BOUND('',#977,.T.);
#579=FACE_OUTER_BOUND('',#978,.T.);
#580=FACE_OUTER_BOUND('',#979,.T.);
#581=FACE_OUTER_BOUND('',#980,.T.);
#582=FACE_OUTER_BOUND('',#981,.T.);
#583=FACE_OUTER_BOUND('',#982,.T.);
#584=FACE_OUTER_BOUND('',#983,.T.);
#585=FACE_OUTER_BOUND('',#984,.T.);
#586=FACE_OUTER_BOUND('',#985,.T.);
#587=FACE_OUTER_BOUND('',#986,.T.);
#588=FACE_OUTER_BOUND('',#987,.T.);
#589=FACE_OUTER_BOUND('',#988,.T.);
#590=FACE_OUTER_BOUND('',#989,.T.);
#591=FACE_OUTER_BOUND('',#990,.T.);
#592=FACE_OUTER_BOUND('',#991,.T.);
#593=FACE_OUTER_BOUND('',#992,.T.);
#594=FACE_OUTER_BOUND('',#993,.T.);
#595=FACE_OUTER_BOUND('',#994,.T.);
#596=FACE_OUTER_BOUND('',#995,.T.);
#597=FACE_OUTER_BOUND('',#996,.T.);
#598=FACE_OUTER_BOUND('',#997,.T.);
#599=FACE_OUTER_BOUND('',#998,.T.);
#600=FACE_OUTER_BOUND('',#999,.T.);
#601=FACE_OUTER_BOUND('',#1005,.T.);
#602=FACE_OUTER_BOUND('',#1006,.T.);
#603=FACE_OUTER_BOUND('',#1007,.T.);
#604=FACE_OUTER_BOUND('',#1008,.T.);
#605=FACE_OUTER_BOUND('',#1009,.T.);
#606=FACE_OUTER_BOUND('',#1010,.T.);
#607=FACE_OUTER_BOUND('',#1011,.T.);
#608=FACE_OUTER_BOUND('',#1012,.T.);
#609=FACE_OUTER_BOUND('',#1013,.T.);
#610=FACE_OUTER_BOUND('',#1014,.T.);
#611=FACE_OUTER_BOUND('',#1015,.T.);
#612=FACE_OUTER_BOUND('',#1016,.T.);
#613=FACE_OUTER_BOUND('',#1017,.T.);
#614=FACE_OUTER_BOUND('',#1018,.T.);
#615=FACE_OUTER_BOUND('',#1019,.T.);
#616=FACE_OUTER_BOUND('',#1020,.T.);
#617=FACE_OUTER_BOUND('',#1021,.T.);
#618=FACE_OUTER_BOUND('',#1022,.T.);
#619=FACE_OUTER_BOUND('',#1023,.T.);
#620=FACE_OUTER_BOUND('',#1024,.T.);
#621=FACE_OUTER_BOUND('',#1025,.T.);
#622=FACE_OUTER_BOUND('',#1026,.T.);
#623=FACE_OUTER_BOUND('',#1027,.T.);
#624=FACE_OUTER_BOUND('',#1028,.T.);
#625=FACE_OUTER_BOUND('',#1029,.T.);
#626=FACE_OUTER_BOUND('',#1030,.T.);
#627=FACE_OUTER_BOUND('',#1031,.T.);
#628=FACE_OUTER_BOUND('',#1032,.T.);
#629=FACE_OUTER_BOUND('',#1033,.T.);
#630=FACE_OUTER_BOUND('',#1034,.T.);
#631=FACE_OUTER_BOUND('',#1035,.T.);
#632=FACE_OUTER_BOUND('',#1036,.T.);
#633=FACE_OUTER_BOUND('',#1037,.T.);
#634=FACE_OUTER_BOUND('',#1038,.T.);
#635=FACE_OUTER_BOUND('',#1039,.T.);
#636=FACE_OUTER_BOUND('',#1040,.T.);
#637=FACE_OUTER_BOUND('',#1041,.T.);
#638=FACE_OUTER_BOUND('',#1042,.T.);
#639=FACE_OUTER_BOUND('',#1043,.T.);
#640=FACE_OUTER_BOUND('',#1044,.T.);
#641=FACE_OUTER_BOUND('',#1045,.T.);
#642=FACE_OUTER_BOUND('',#1046,.T.);
#643=FACE_OUTER_BOUND('',#1047,.T.);
#644=FACE_OUTER_BOUND('',#1048,.T.);
#645=FACE_OUTER_BOUND('',#1049,.T.);
#646=FACE_OUTER_BOUND('',#1050,.T.);
#647=FACE_OUTER_BOUND('',#1051,.T.);
#648=FACE_OUTER_BOUND('',#1052,.T.);
#649=FACE_OUTER_BOUND('',#1053,.T.);
#650=FACE_OUTER_BOUND('',#1054,.T.);
#651=FACE_OUTER_BOUND('',#1055,.T.);
#652=FACE_OUTER_BOUND('',#1056,.T.);
#653=FACE_OUTER_BOUND('',#1057,.T.);
#654=FACE_OUTER_BOUND('',#1058,.T.);
#655=FACE_OUTER_BOUND('',#1059,.T.);
#656=FACE_OUTER_BOUND('',#1060,.T.);
#657=FACE_OUTER_BOUND('',#1061,.T.);
#658=FACE_OUTER_BOUND('',#1062,.T.);
#659=FACE_OUTER_BOUND('',#1064,.T.);
#660=FACE_OUTER_BOUND('',#1065,.T.);
#661=FACE_OUTER_BOUND('',#1066,.T.);
#662=FACE_OUTER_BOUND('',#1067,.T.);
#663=FACE_OUTER_BOUND('',#1068,.T.);
#664=FACE_OUTER_BOUND('',#1069,.T.);
#665=FACE_OUTER_BOUND('',#1070,.T.);
#666=FACE_OUTER_BOUND('',#1072,.T.);
#667=FACE_OUTER_BOUND('',#1073,.T.);
#668=FACE_OUTER_BOUND('',#1074,.T.);
#669=FACE_OUTER_BOUND('',#1075,.T.);
#670=FACE_OUTER_BOUND('',#1076,.T.);
#671=FACE_OUTER_BOUND('',#1077,.T.);
#672=FACE_OUTER_BOUND('',#1078,.T.);
#673=FACE_OUTER_BOUND('',#1080,.T.);
#674=FACE_OUTER_BOUND('',#1081,.T.);
#675=FACE_OUTER_BOUND('',#1082,.T.);
#676=FACE_OUTER_BOUND('',#1083,.T.);
#677=FACE_OUTER_BOUND('',#1084,.T.);
#678=FACE_OUTER_BOUND('',#1085,.T.);
#679=FACE_OUTER_BOUND('',#1086,.T.);
#680=FACE_OUTER_BOUND('',#1087,.T.);
#681=FACE_OUTER_BOUND('',#1088,.T.);
#682=FACE_OUTER_BOUND('',#1089,.T.);
#683=FACE_OUTER_BOUND('',#1090,.T.);
#684=FACE_OUTER_BOUND('',#1091,.T.);
#685=FACE_OUTER_BOUND('',#1092,.T.);
#686=FACE_OUTER_BOUND('',#1093,.T.);
#687=FACE_OUTER_BOUND('',#1094,.T.);
#688=FACE_OUTER_BOUND('',#1095,.T.);
#689=FACE_OUTER_BOUND('',#1096,.T.);
#690=FACE_OUTER_BOUND('',#1097,.T.);
#691=FACE_OUTER_BOUND('',#1098,.T.);
#692=FACE_OUTER_BOUND('',#1099,.T.);
#693=FACE_OUTER_BOUND('',#1100,.T.);
#694=FACE_OUTER_BOUND('',#1101,.T.);
#695=FACE_OUTER_BOUND('',#1102,.T.);
#696=FACE_OUTER_BOUND('',#1103,.T.);
#697=FACE_OUTER_BOUND('',#1104,.T.);
#698=FACE_OUTER_BOUND('',#1105,.T.);
#699=FACE_OUTER_BOUND('',#1106,.T.);
#700=FACE_OUTER_BOUND('',#1107,.T.);
#701=FACE_OUTER_BOUND('',#1108,.T.);
#702=FACE_OUTER_BOUND('',#1109,.T.);
#703=FACE_OUTER_BOUND('',#1110,.T.);
#704=FACE_OUTER_BOUND('',#1112,.T.);
#705=FACE_OUTER_BOUND('',#1113,.T.);
#706=FACE_OUTER_BOUND('',#1114,.T.);
#707=FACE_OUTER_BOUND('',#1116,.T.);
#708=FACE_OUTER_BOUND('',#1117,.T.);
#709=FACE_OUTER_BOUND('',#1118,.T.);
#710=FACE_OUTER_BOUND('',#1119,.T.);
#711=FACE_OUTER_BOUND('',#1120,.T.);
#712=FACE_OUTER_BOUND('',#1121,.T.);
#713=FACE_OUTER_BOUND('',#1123,.T.);
#714=FACE_OUTER_BOUND('',#1124,.T.);
#715=FACE_OUTER_BOUND('',#1125,.T.);
#716=FACE_OUTER_BOUND('',#1126,.T.);
#717=FACE_OUTER_BOUND('',#1127,.T.);
#718=FACE_OUTER_BOUND('',#1128,.T.);
#719=FACE_OUTER_BOUND('',#1129,.T.);
#720=FACE_OUTER_BOUND('',#1130,.T.);
#721=FACE_OUTER_BOUND('',#1131,.T.);
#722=FACE_OUTER_BOUND('',#1132,.T.);
#723=FACE_OUTER_BOUND('',#1133,.T.);
#724=FACE_OUTER_BOUND('',#1134,.T.);
#725=FACE_OUTER_BOUND('',#1135,.T.);
#726=FACE_OUTER_BOUND('',#1136,.T.);
#727=FACE_OUTER_BOUND('',#1137,.T.);
#728=FACE_OUTER_BOUND('',#1138,.T.);
#729=FACE_OUTER_BOUND('',#1139,.T.);
#730=FACE_OUTER_BOUND('',#1140,.T.);
#731=FACE_OUTER_BOUND('',#1141,.T.);
#732=FACE_OUTER_BOUND('',#1142,.T.);
#733=FACE_OUTER_BOUND('',#1143,.T.);
#734=FACE_OUTER_BOUND('',#1144,.T.);
#735=FACE_OUTER_BOUND('',#1145,.T.);
#736=FACE_OUTER_BOUND('',#1146,.T.);
#737=FACE_OUTER_BOUND('',#1147,.T.);
#738=FACE_OUTER_BOUND('',#1148,.T.);
#739=FACE_OUTER_BOUND('',#1149,.T.);
#740=FACE_OUTER_BOUND('',#1150,.T.);
#741=FACE_OUTER_BOUND('',#1151,.T.);
#742=FACE_OUTER_BOUND('',#1152,.T.);
#743=FACE_OUTER_BOUND('',#1153,.T.);
#744=FACE_OUTER_BOUND('',#1154,.T.);
#745=FACE_OUTER_BOUND('',#1155,.T.);
#746=FACE_OUTER_BOUND('',#1156,.T.);
#747=FACE_OUTER_BOUND('',#1157,.T.);
#748=FACE_OUTER_BOUND('',#1158,.T.);
#749=FACE_OUTER_BOUND('',#1159,.T.);
#750=FACE_OUTER_BOUND('',#1160,.T.);
#751=FACE_OUTER_BOUND('',#1161,.T.);
#752=FACE_OUTER_BOUND('',#1162,.T.);
#753=FACE_OUTER_BOUND('',#1163,.T.);
#754=FACE_OUTER_BOUND('',#1164,.T.);
#755=FACE_OUTER_BOUND('',#1165,.T.);
#756=FACE_OUTER_BOUND('',#1166,.T.);
#757=FACE_OUTER_BOUND('',#1167,.T.);
#758=FACE_OUTER_BOUND('',#1168,.T.);
#759=FACE_OUTER_BOUND('',#1169,.T.);
#760=FACE_OUTER_BOUND('',#1170,.T.);
#761=FACE_OUTER_BOUND('',#1171,.T.);
#762=FACE_OUTER_BOUND('',#1172,.T.);
#763=FACE_OUTER_BOUND('',#1173,.T.);
#764=FACE_OUTER_BOUND('',#1174,.T.);
#765=FACE_OUTER_BOUND('',#1175,.T.);
#766=FACE_OUTER_BOUND('',#1176,.T.);
#767=FACE_OUTER_BOUND('',#1177,.T.);
#768=FACE_OUTER_BOUND('',#1178,.T.);
#769=FACE_OUTER_BOUND('',#1179,.T.);
#770=FACE_OUTER_BOUND('',#1180,.T.);
#771=FACE_OUTER_BOUND('',#1181,.T.);
#772=FACE_OUTER_BOUND('',#1182,.T.);
#773=FACE_OUTER_BOUND('',#1183,.T.);
#774=FACE_OUTER_BOUND('',#1184,.T.);
#775=FACE_OUTER_BOUND('',#1185,.T.);
#776=FACE_OUTER_BOUND('',#1186,.T.);
#777=FACE_OUTER_BOUND('',#1187,.T.);
#778=FACE_OUTER_BOUND('',#1188,.T.);
#779=FACE_OUTER_BOUND('',#1189,.T.);
#780=FACE_OUTER_BOUND('',#1190,.T.);
#781=FACE_OUTER_BOUND('',#1191,.T.);
#782=FACE_OUTER_BOUND('',#1192,.T.);
#783=FACE_OUTER_BOUND('',#1193,.T.);
#784=FACE_OUTER_BOUND('',#1194,.T.);
#785=FACE_OUTER_BOUND('',#1195,.T.);
#786=FACE_OUTER_BOUND('',#1196,.T.);
#787=FACE_OUTER_BOUND('',#1197,.T.);
#788=FACE_OUTER_BOUND('',#1198,.T.);
#789=FACE_OUTER_BOUND('',#1199,.T.);
#790=FACE_OUTER_BOUND('',#1200,.T.);
#791=FACE_OUTER_BOUND('',#1201,.T.);
#792=FACE_OUTER_BOUND('',#1202,.T.);
#793=FACE_OUTER_BOUND('',#1203,.T.);
#794=FACE_OUTER_BOUND('',#1204,.T.);
#795=FACE_OUTER_BOUND('',#1205,.T.);
#796=FACE_OUTER_BOUND('',#1206,.T.);
#797=FACE_OUTER_BOUND('',#1207,.T.);
#798=FACE_OUTER_BOUND('',#1208,.T.);
#799=FACE_OUTER_BOUND('',#1209,.T.);
#800=FACE_OUTER_BOUND('',#1210,.T.);
#801=FACE_OUTER_BOUND('',#1211,.T.);
#802=FACE_OUTER_BOUND('',#1212,.T.);
#803=FACE_OUTER_BOUND('',#1213,.T.);
#804=FACE_OUTER_BOUND('',#1214,.T.);
#805=FACE_OUTER_BOUND('',#1215,.T.);
#806=FACE_OUTER_BOUND('',#1216,.T.);
#807=FACE_OUTER_BOUND('',#1217,.T.);
#808=FACE_OUTER_BOUND('',#1218,.T.);
#809=FACE_OUTER_BOUND('',#1219,.T.);
#810=FACE_OUTER_BOUND('',#1220,.T.);
#811=FACE_OUTER_BOUND('',#1221,.T.);
#812=FACE_OUTER_BOUND('',#1222,.T.);
#813=FACE_OUTER_BOUND('',#1223,.T.);
#814=FACE_OUTER_BOUND('',#1224,.T.);
#815=FACE_OUTER_BOUND('',#1225,.T.);
#816=FACE_OUTER_BOUND('',#1226,.T.);
#817=FACE_OUTER_BOUND('',#1227,.T.);
#818=FACE_OUTER_BOUND('',#1228,.T.);
#819=FACE_OUTER_BOUND('',#1229,.T.);
#820=FACE_OUTER_BOUND('',#1230,.T.);
#821=FACE_OUTER_BOUND('',#1231,.T.);
#822=FACE_OUTER_BOUND('',#1232,.T.);
#823=FACE_OUTER_BOUND('',#1233,.T.);
#824=FACE_OUTER_BOUND('',#1234,.T.);
#825=FACE_OUTER_BOUND('',#1235,.T.);
#826=FACE_OUTER_BOUND('',#1236,.T.);
#827=FACE_OUTER_BOUND('',#1237,.T.);
#828=FACE_OUTER_BOUND('',#1238,.T.);
#829=FACE_OUTER_BOUND('',#1239,.T.);
#830=FACE_OUTER_BOUND('',#1240,.T.);
#831=FACE_OUTER_BOUND('',#1241,.T.);
#832=FACE_OUTER_BOUND('',#1242,.T.);
#833=FACE_OUTER_BOUND('',#1243,.T.);
#834=FACE_OUTER_BOUND('',#1244,.T.);
#835=FACE_OUTER_BOUND('',#1245,.T.);
#836=FACE_OUTER_BOUND('',#1246,.T.);
#837=FACE_OUTER_BOUND('',#1247,.T.);
#838=FACE_OUTER_BOUND('',#1248,.T.);
#839=FACE_OUTER_BOUND('',#1249,.T.);
#840=FACE_OUTER_BOUND('',#1250,.T.);
#841=FACE_OUTER_BOUND('',#1251,.T.);
#842=FACE_OUTER_BOUND('',#1252,.T.);
#843=FACE_OUTER_BOUND('',#1253,.T.);
#844=FACE_OUTER_BOUND('',#1254,.T.);
#845=FACE_OUTER_BOUND('',#1255,.T.);
#846=FACE_OUTER_BOUND('',#1256,.T.);
#847=FACE_OUTER_BOUND('',#1257,.T.);
#848=FACE_OUTER_BOUND('',#1258,.T.);
#849=FACE_OUTER_BOUND('',#1259,.T.);
#850=FACE_OUTER_BOUND('',#1260,.T.);
#851=FACE_OUTER_BOUND('',#1261,.T.);
#852=FACE_OUTER_BOUND('',#1262,.T.);
#853=FACE_OUTER_BOUND('',#1263,.T.);
#854=FACE_OUTER_BOUND('',#1264,.T.);
#855=FACE_OUTER_BOUND('',#1265,.T.);
#856=FACE_OUTER_BOUND('',#1266,.T.);
#857=FACE_OUTER_BOUND('',#1267,.T.);
#858=FACE_OUTER_BOUND('',#1268,.T.);
#859=FACE_OUTER_BOUND('',#1269,.T.);
#860=FACE_OUTER_BOUND('',#1270,.T.);
#861=FACE_OUTER_BOUND('',#1271,.T.);
#862=FACE_OUTER_BOUND('',#1272,.T.);
#863=FACE_OUTER_BOUND('',#1273,.T.);
#864=FACE_OUTER_BOUND('',#1274,.T.);
#865=FACE_OUTER_BOUND('',#1275,.T.);
#866=FACE_OUTER_BOUND('',#1276,.T.);
#867=FACE_OUTER_BOUND('',#1277,.T.);
#868=FACE_OUTER_BOUND('',#1278,.T.);
#869=FACE_OUTER_BOUND('',#1279,.T.);
#870=FACE_OUTER_BOUND('',#1280,.T.);
#871=FACE_OUTER_BOUND('',#1281,.T.);
#872=FACE_OUTER_BOUND('',#1282,.T.);
#873=FACE_OUTER_BOUND('',#1283,.T.);
#874=FACE_OUTER_BOUND('',#1284,.T.);
#875=FACE_OUTER_BOUND('',#1285,.T.);
#876=FACE_OUTER_BOUND('',#1286,.T.);
#877=FACE_OUTER_BOUND('',#1287,.T.);
#878=FACE_OUTER_BOUND('',#1288,.T.);
#879=FACE_OUTER_BOUND('',#1289,.T.);
#880=FACE_OUTER_BOUND('',#1290,.T.);
#881=FACE_OUTER_BOUND('',#1291,.T.);
#882=FACE_OUTER_BOUND('',#1292,.T.);
#883=FACE_OUTER_BOUND('',#1293,.T.);
#884=FACE_OUTER_BOUND('',#1294,.T.);
#885=FACE_OUTER_BOUND('',#1295,.T.);
#886=FACE_OUTER_BOUND('',#1296,.T.);
#887=FACE_OUTER_BOUND('',#1297,.T.);
#888=FACE_OUTER_BOUND('',#1298,.T.);
#889=EDGE_LOOP('',(#4397,#4398,#4399,#4400));
#890=EDGE_LOOP('',(#4401,#4402,#4403,#4404));
#891=EDGE_LOOP('',(#4405,#4406,#4407,#4408));
#892=EDGE_LOOP('',(#4409,#4410,#4411,#4412));
#893=EDGE_LOOP('',(#4413,#4414,#4415,#4416));
#894=EDGE_LOOP('',(#4417,#4418,#4419,#4420));
#895=EDGE_LOOP('',(#4421,#4422,#4423,#4424));
#896=EDGE_LOOP('',(#4425,#4426,#4427,#4428));
#897=EDGE_LOOP('',(#4429,#4430,#4431,#4432));
#898=EDGE_LOOP('',(#4433,#4434,#4435,#4436));
#899=EDGE_LOOP('',(#4437,#4438,#4439,#4440));
#900=EDGE_LOOP('',(#4441,#4442,#4443,#4444));
#901=EDGE_LOOP('',(#4445,#4446,#4447,#4448));
#902=EDGE_LOOP('',(#4449,#4450,#4451,#4452));
#903=EDGE_LOOP('',(#4453,#4454,#4455,#4456));
#904=EDGE_LOOP('',(#4457,#4458,#4459,#4460));
#905=EDGE_LOOP('',(#4461,#4462,#4463,#4464));
#906=EDGE_LOOP('',(#4465,#4466,#4467,#4468));
#907=EDGE_LOOP('',(#4469,#4470,#4471,#4472));
#908=EDGE_LOOP('',(#4473,#4474,#4475,#4476));
#909=EDGE_LOOP('',(#4477,#4478,#4479,#4480));
#910=EDGE_LOOP('',(#4481,#4482,#4483,#4484));
#911=EDGE_LOOP('',(#4485,#4486,#4487,#4488));
#912=EDGE_LOOP('',(#4489,#4490,#4491,#4492));
#913=EDGE_LOOP('',(#4493,#4494,#4495,#4496));
#914=EDGE_LOOP('',(#4497,#4498,#4499,#4500));
#915=EDGE_LOOP('',(#4501,#4502,#4503,#4504));
#916=EDGE_LOOP('',(#4505,#4506,#4507,#4508));
#917=EDGE_LOOP('',(#4509,#4510,#4511,#4512));
#918=EDGE_LOOP('',(#4513,#4514,#4515,#4516));
#919=EDGE_LOOP('',(#4517,#4518,#4519,#4520));
#920=EDGE_LOOP('',(#4521,#4522,#4523,#4524));
#921=EDGE_LOOP('',(#4525,#4526,#4527,#4528));
#922=EDGE_LOOP('',(#4529,#4530,#4531,#4532));
#923=EDGE_LOOP('',(#4533,#4534,#4535,#4536));
#924=EDGE_LOOP('',(#4537,#4538,#4539,#4540));
#925=EDGE_LOOP('',(#4541,#4542,#4543,#4544,#4545,#4546,#4547,#4548,#4549,
#4550,#4551,#4552,#4553,#4554,#4555,#4556,#4557,#4558,#4559,#4560,#4561,
#4562,#4563,#4564,#4565,#4566,#4567,#4568,#4569,#4570,#4571,#4572));
#926=EDGE_LOOP('',(#4573,#4574,#4575,#4576));
#927=EDGE_LOOP('',(#4577,#4578,#4579,#4580,#4581,#4582,#4583,#4584,#4585,
#4586,#4587,#4588,#4589,#4590,#4591,#4592,#4593,#4594,#4595,#4596,#4597,
#4598,#4599,#4600,#4601,#4602,#4603,#4604,#4605,#4606,#4607,#4608));
#928=EDGE_LOOP('',(#4609,#4610,#4611,#4612));
#929=EDGE_LOOP('',(#4613,#4614,#4615,#4616));
#930=EDGE_LOOP('',(#4617,#4618,#4619,#4620));
#931=EDGE_LOOP('',(#4621,#4622,#4623,#4624,#4625,#4626,#4627,#4628,#4629,
#4630,#4631,#4632,#4633,#4634,#4635,#4636,#4637,#4638,#4639,#4640,#4641,
#4642,#4643,#4644,#4645,#4646,#4647,#4648,#4649,#4650,#4651,#4652));
#932=EDGE_LOOP('',(#4653,#4654,#4655,#4656));
#933=EDGE_LOOP('',(#4657,#4658,#4659,#4660,#4661,#4662,#4663,#4664,#4665,
#4666,#4667,#4668,#4669,#4670,#4671,#4672,#4673,#4674,#4675,#4676,#4677,
#4678,#4679,#4680,#4681,#4682,#4683,#4684,#4685,#4686,#4687,#4688));
#934=EDGE_LOOP('',(#4689,#4690,#4691,#4692));
#935=EDGE_LOOP('',(#4693,#4694,#4695,#4696));
#936=EDGE_LOOP('',(#4697,#4698,#4699,#4700));
#937=EDGE_LOOP('',(#4701,#4702,#4703,#4704,#4705,#4706,#4707,#4708,#4709,
#4710,#4711,#4712,#4713,#4714,#4715,#4716,#4717,#4718,#4719,#4720,#4721,
#4722,#4723,#4724,#4725,#4726,#4727,#4728,#4729,#4730,#4731,#4732));
#938=EDGE_LOOP('',(#4733,#4734,#4735,#4736));
#939=EDGE_LOOP('',(#4737,#4738,#4739,#4740,#4741,#4742,#4743,#4744,#4745,
#4746,#4747,#4748,#4749,#4750,#4751,#4752,#4753,#4754,#4755,#4756,#4757,
#4758,#4759,#4760,#4761,#4762,#4763,#4764,#4765,#4766,#4767,#4768));
#940=EDGE_LOOP('',(#4769,#4770,#4771,#4772));
#941=EDGE_LOOP('',(#4773,#4774,#4775,#4776));
#942=EDGE_LOOP('',(#4777,#4778,#4779,#4780));
#943=EDGE_LOOP('',(#4781,#4782,#4783,#4784,#4785,#4786,#4787,#4788,#4789,
#4790,#4791,#4792,#4793,#4794,#4795,#4796,#4797,#4798,#4799,#4800,#4801,
#4802,#4803,#4804,#4805,#4806,#4807,#4808,#4809,#4810,#4811,#4812,#4813,
#4814,#4815,#4816));
#944=EDGE_LOOP('',(#4817));
#945=EDGE_LOOP('',(#4818));
#946=EDGE_LOOP('',(#4819));
#947=EDGE_LOOP('',(#4820));
#948=EDGE_LOOP('',(#4821));
#949=EDGE_LOOP('',(#4822,#4823,#4824,#4825));
#950=EDGE_LOOP('',(#4826,#4827,#4828,#4829));
#951=EDGE_LOOP('',(#4830,#4831,#4832,#4833));
#952=EDGE_LOOP('',(#4834,#4835,#4836,#4837));
#953=EDGE_LOOP('',(#4838,#4839,#4840,#4841));
#954=EDGE_LOOP('',(#4842,#4843,#4844,#4845));
#955=EDGE_LOOP('',(#4846,#4847,#4848,#4849));
#956=EDGE_LOOP('',(#4850,#4851,#4852,#4853));
#957=EDGE_LOOP('',(#4854,#4855,#4856,#4857));
#958=EDGE_LOOP('',(#4858,#4859,#4860,#4861));
#959=EDGE_LOOP('',(#4862,#4863,#4864,#4865));
#960=EDGE_LOOP('',(#4866,#4867,#4868,#4869));
#961=EDGE_LOOP('',(#4870,#4871,#4872,#4873));
#962=EDGE_LOOP('',(#4874,#4875,#4876,#4877));
#963=EDGE_LOOP('',(#4878,#4879,#4880,#4881));
#964=EDGE_LOOP('',(#4882,#4883,#4884,#4885));
#965=EDGE_LOOP('',(#4886,#4887,#4888,#4889));
#966=EDGE_LOOP('',(#4890,#4891,#4892,#4893));
#967=EDGE_LOOP('',(#4894,#4895,#4896,#4897));
#968=EDGE_LOOP('',(#4898,#4899,#4900,#4901));
#969=EDGE_LOOP('',(#4902,#4903,#4904,#4905));
#970=EDGE_LOOP('',(#4906,#4907,#4908,#4909));
#971=EDGE_LOOP('',(#4910,#4911,#4912,#4913));
#972=EDGE_LOOP('',(#4914,#4915,#4916,#4917));
#973=EDGE_LOOP('',(#4918,#4919,#4920,#4921));
#974=EDGE_LOOP('',(#4922,#4923,#4924,#4925));
#975=EDGE_LOOP('',(#4926,#4927,#4928,#4929));
#976=EDGE_LOOP('',(#4930,#4931,#4932,#4933));
#977=EDGE_LOOP('',(#4934,#4935,#4936,#4937));
#978=EDGE_LOOP('',(#4938,#4939,#4940,#4941));
#979=EDGE_LOOP('',(#4942,#4943,#4944,#4945));
#980=EDGE_LOOP('',(#4946,#4947,#4948,#4949));
#981=EDGE_LOOP('',(#4950,#4951,#4952,#4953));
#982=EDGE_LOOP('',(#4954,#4955,#4956,#4957));
#983=EDGE_LOOP('',(#4958,#4959,#4960,#4961));
#984=EDGE_LOOP('',(#4962,#4963,#4964,#4965));
#985=EDGE_LOOP('',(#4966,#4967,#4968,#4969));
#986=EDGE_LOOP('',(#4970,#4971,#4972,#4973));
#987=EDGE_LOOP('',(#4974,#4975,#4976,#4977));
#988=EDGE_LOOP('',(#4978,#4979,#4980,#4981));
#989=EDGE_LOOP('',(#4982,#4983,#4984,#4985,#4986,#4987,#4988,#4989,#4990,
#4991,#4992,#4993,#4994,#4995,#4996,#4997,#4998,#4999,#5000,#5001,#5002,
#5003,#5004,#5005,#5006,#5007,#5008,#5009,#5010,#5011,#5012,#5013));
#990=EDGE_LOOP('',(#5014,#5015,#5016,#5017));
#991=EDGE_LOOP('',(#5018,#5019,#5020,#5021,#5022,#5023,#5024,#5025,#5026,
#5027,#5028,#5029,#5030,#5031,#5032,#5033,#5034,#5035,#5036,#5037,#5038,
#5039,#5040,#5041,#5042,#5043,#5044,#5045,#5046,#5047,#5048,#5049));
#992=EDGE_LOOP('',(#5050,#5051,#5052,#5053));
#993=EDGE_LOOP('',(#5054,#5055,#5056,#5057));
#994=EDGE_LOOP('',(#5058,#5059,#5060,#5061));
#995=EDGE_LOOP('',(#5062,#5063,#5064,#5065,#5066,#5067,#5068,#5069,#5070,
#5071,#5072,#5073,#5074,#5075,#5076,#5077,#5078,#5079,#5080,#5081,#5082,
#5083,#5084,#5085,#5086,#5087,#5088,#5089,#5090,#5091,#5092,#5093));
#996=EDGE_LOOP('',(#5094,#5095,#5096,#5097));
#997=EDGE_LOOP('',(#5098,#5099,#5100,#5101,#5102,#5103,#5104,#5105,#5106,
#5107,#5108,#5109,#5110,#5111,#5112,#5113,#5114,#5115,#5116,#5117,#5118,
#5119,#5120,#5121,#5122,#5123,#5124,#5125,#5126,#5127,#5128,#5129));
#998=EDGE_LOOP('',(#5130,#5131,#5132,#5133));
#999=EDGE_LOOP('',(#5134,#5135,#5136,#5137,#5138,#5139,#5140,#5141,#5142,
#5143,#5144,#5145,#5146,#5147,#5148,#5149,#5150,#5151,#5152,#5153,#5154,
#5155,#5156,#5157,#5158,#5159,#5160,#5161,#5162,#5163,#5164,#5165,#5166,
#5167,#5168,#5169));
#1000=EDGE_LOOP('',(#5170));
#1001=EDGE_LOOP('',(#5171,#5172,#5173,#5174,#5175,#5176,#5177,#5178,#5179,
#5180,#5181,#5182,#5183,#5184,#5185,#5186,#5187,#5188,#5189,#5190,#5191,
#5192,#5193,#5194));
#1002=EDGE_LOOP('',(#5195,#5196,#5197,#5198,#5199,#5200,#5201,#5202,#5203,
#5204,#5205,#5206,#5207,#5208,#5209,#5210,#5211,#5212,#5213,#5214,#5215,
#5216,#5217,#5218));
#1003=EDGE_LOOP('',(#5219,#5220,#5221,#5222,#5223,#5224,#5225,#5226,#5227,
#5228,#5229,#5230,#5231,#5232,#5233,#5234,#5235,#5236,#5237,#5238,#5239,
#5240,#5241,#5242));
#1004=EDGE_LOOP('',(#5243,#5244,#5245,#5246,#5247,#5248,#5249,#5250,#5251,
#5252,#5253,#5254,#5255,#5256,#5257,#5258,#5259,#5260,#5261,#5262,#5263,
#5264,#5265,#5266));
#1005=EDGE_LOOP('',(#5267,#5268,#5269,#5270));
#1006=EDGE_LOOP('',(#5271,#5272,#5273,#5274));
#1007=EDGE_LOOP('',(#5275,#5276,#5277,#5278));
#1008=EDGE_LOOP('',(#5279,#5280,#5281,#5282));
#1009=EDGE_LOOP('',(#5283,#5284,#5285,#5286));
#1010=EDGE_LOOP('',(#5287,#5288,#5289,#5290));
#1011=EDGE_LOOP('',(#5291,#5292,#5293,#5294));
#1012=EDGE_LOOP('',(#5295,#5296,#5297,#5298));
#1013=EDGE_LOOP('',(#5299,#5300,#5301,#5302));
#1014=EDGE_LOOP('',(#5303,#5304,#5305,#5306));
#1015=EDGE_LOOP('',(#5307,#5308,#5309,#5310));
#1016=EDGE_LOOP('',(#5311,#5312,#5313,#5314));
#1017=EDGE_LOOP('',(#5315,#5316,#5317,#5318));
#1018=EDGE_LOOP('',(#5319,#5320,#5321,#5322));
#1019=EDGE_LOOP('',(#5323,#5324,#5325,#5326));
#1020=EDGE_LOOP('',(#5327,#5328,#5329,#5330));
#1021=EDGE_LOOP('',(#5331,#5332,#5333,#5334));
#1022=EDGE_LOOP('',(#5335,#5336,#5337,#5338));
#1023=EDGE_LOOP('',(#5339,#5340,#5341,#5342));
#1024=EDGE_LOOP('',(#5343,#5344,#5345,#5346));
#1025=EDGE_LOOP('',(#5347,#5348,#5349,#5350));
#1026=EDGE_LOOP('',(#5351,#5352,#5353,#5354));
#1027=EDGE_LOOP('',(#5355,#5356,#5357,#5358));
#1028=EDGE_LOOP('',(#5359,#5360,#5361,#5362));
#1029=EDGE_LOOP('',(#5363,#5364,#5365,#5366));
#1030=EDGE_LOOP('',(#5367,#5368,#5369,#5370));
#1031=EDGE_LOOP('',(#5371,#5372,#5373,#5374));
#1032=EDGE_LOOP('',(#5375,#5376,#5377,#5378));
#1033=EDGE_LOOP('',(#5379,#5380,#5381,#5382));
#1034=EDGE_LOOP('',(#5383,#5384,#5385,#5386));
#1035=EDGE_LOOP('',(#5387,#5388,#5389,#5390));
#1036=EDGE_LOOP('',(#5391,#5392,#5393,#5394));
#1037=EDGE_LOOP('',(#5395,#5396,#5397,#5398));
#1038=EDGE_LOOP('',(#5399,#5400,#5401,#5402));
#1039=EDGE_LOOP('',(#5403,#5404,#5405,#5406));
#1040=EDGE_LOOP('',(#5407,#5408,#5409,#5410));
#1041=EDGE_LOOP('',(#5411,#5412,#5413,#5414));
#1042=EDGE_LOOP('',(#5415,#5416,#5417,#5418));
#1043=EDGE_LOOP('',(#5419,#5420,#5421,#5422));
#1044=EDGE_LOOP('',(#5423,#5424,#5425,#5426));
#1045=EDGE_LOOP('',(#5427,#5428,#5429,#5430));
#1046=EDGE_LOOP('',(#5431,#5432,#5433,#5434));
#1047=EDGE_LOOP('',(#5435,#5436,#5437,#5438));
#1048=EDGE_LOOP('',(#5439,#5440,#5441,#5442));
#1049=EDGE_LOOP('',(#5443,#5444,#5445,#5446));
#1050=EDGE_LOOP('',(#5447,#5448,#5449,#5450));
#1051=EDGE_LOOP('',(#5451,#5452,#5453,#5454));
#1052=EDGE_LOOP('',(#5455,#5456,#5457,#5458));
#1053=EDGE_LOOP('',(#5459,#5460,#5461,#5462));
#1054=EDGE_LOOP('',(#5463,#5464,#5465,#5466));
#1055=EDGE_LOOP('',(#5467,#5468,#5469,#5470));
#1056=EDGE_LOOP('',(#5471,#5472,#5473,#5474));
#1057=EDGE_LOOP('',(#5475,#5476,#5477,#5478));
#1058=EDGE_LOOP('',(#5479,#5480,#5481,#5482));
#1059=EDGE_LOOP('',(#5483,#5484,#5485,#5486));
#1060=EDGE_LOOP('',(#5487,#5488,#5489,#5490));
#1061=EDGE_LOOP('',(#5491,#5492,#5493,#5494));
#1062=EDGE_LOOP('',(#5495,#5496,#5497,#5498,#5499,#5500,#5501,#5502,#5503,
#5504,#5505,#5506,#5507,#5508,#5509,#5510,#5511,#5512,#5513,#5514,#5515,
#5516,#5517,#5518));
#1063=EDGE_LOOP('',(#5519));
#1064=EDGE_LOOP('',(#5520,#5521,#5522,#5523));
#1065=EDGE_LOOP('',(#5524,#5525,#5526,#5527));
#1066=EDGE_LOOP('',(#5528,#5529,#5530,#5531));
#1067=EDGE_LOOP('',(#5532,#5533,#5534,#5535));
#1068=EDGE_LOOP('',(#5536,#5537,#5538,#5539));
#1069=EDGE_LOOP('',(#5540,#5541,#5542,#5543));
#1070=EDGE_LOOP('',(#5544,#5545,#5546,#5547,#5548,#5549,#5550,#5551,#5552,
#5553,#5554,#5555,#5556,#5557,#5558,#5559,#5560,#5561,#5562,#5563,#5564,
#5565,#5566,#5567));
#1071=EDGE_LOOP('',(#5568));
#1072=EDGE_LOOP('',(#5569,#5570,#5571,#5572));
#1073=EDGE_LOOP('',(#5573,#5574,#5575,#5576));
#1074=EDGE_LOOP('',(#5577,#5578,#5579,#5580));
#1075=EDGE_LOOP('',(#5581,#5582,#5583,#5584));
#1076=EDGE_LOOP('',(#5585,#5586,#5587,#5588));
#1077=EDGE_LOOP('',(#5589,#5590,#5591,#5592));
#1078=EDGE_LOOP('',(#5593,#5594,#5595,#5596,#5597,#5598,#5599,#5600,#5601,
#5602,#5603,#5604,#5605,#5606,#5607,#5608,#5609,#5610,#5611,#5612,#5613,
#5614,#5615,#5616));
#1079=EDGE_LOOP('',(#5617));
#1080=EDGE_LOOP('',(#5618,#5619,#5620,#5621));
#1081=EDGE_LOOP('',(#5622,#5623,#5624,#5625));
#1082=EDGE_LOOP('',(#5626,#5627,#5628,#5629));
#1083=EDGE_LOOP('',(#5630,#5631,#5632,#5633));
#1084=EDGE_LOOP('',(#5634,#5635,#5636,#5637));
#1085=EDGE_LOOP('',(#5638,#5639,#5640,#5641));
#1086=EDGE_LOOP('',(#5642,#5643,#5644,#5645));
#1087=EDGE_LOOP('',(#5646,#5647,#5648,#5649));
#1088=EDGE_LOOP('',(#5650,#5651,#5652,#5653));
#1089=EDGE_LOOP('',(#5654,#5655,#5656,#5657));
#1090=EDGE_LOOP('',(#5658,#5659,#5660,#5661));
#1091=EDGE_LOOP('',(#5662,#5663,#5664,#5665));
#1092=EDGE_LOOP('',(#5666,#5667,#5668,#5669));
#1093=EDGE_LOOP('',(#5670,#5671,#5672,#5673));
#1094=EDGE_LOOP('',(#5674,#5675,#5676,#5677));
#1095=EDGE_LOOP('',(#5678,#5679,#5680,#5681));
#1096=EDGE_LOOP('',(#5682,#5683,#5684,#5685));
#1097=EDGE_LOOP('',(#5686,#5687,#5688,#5689));
#1098=EDGE_LOOP('',(#5690,#5691,#5692,#5693));
#1099=EDGE_LOOP('',(#5694,#5695,#5696,#5697));
#1100=EDGE_LOOP('',(#5698,#5699,#5700,#5701));
#1101=EDGE_LOOP('',(#5702,#5703,#5704,#5705));
#1102=EDGE_LOOP('',(#5706,#5707,#5708,#5709));
#1103=EDGE_LOOP('',(#5710,#5711,#5712,#5713));
#1104=EDGE_LOOP('',(#5714,#5715,#5716,#5717));
#1105=EDGE_LOOP('',(#5718,#5719,#5720,#5721));
#1106=EDGE_LOOP('',(#5722,#5723,#5724,#5725));
#1107=EDGE_LOOP('',(#5726,#5727,#5728,#5729));
#1108=EDGE_LOOP('',(#5730,#5731,#5732,#5733));
#1109=EDGE_LOOP('',(#5734,#5735,#5736,#5737));
#1110=EDGE_LOOP('',(#5738,#5739,#5740,#5741,#5742,#5743,#5744,#5745,#5746,
#5747,#5748,#5749,#5750,#5751,#5752,#5753,#5754,#5755,#5756,#5757,#5758,
#5759,#5760,#5761));
#1111=EDGE_LOOP('',(#5762));
#1112=EDGE_LOOP('',(#5763,#5764,#5765,#5766));
#1113=EDGE_LOOP('',(#5767,#5768,#5769,#5770));
#1114=EDGE_LOOP('',(#5771));
#1115=EDGE_LOOP('',(#5772,#5773,#5774,#5775,#5776,#5777,#5778,#5779));
#1116=EDGE_LOOP('',(#5780,#5781,#5782,#5783));
#1117=EDGE_LOOP('',(#5784,#5785,#5786,#5787));
#1118=EDGE_LOOP('',(#5788,#5789,#5790,#5791));
#1119=EDGE_LOOP('',(#5792,#5793,#5794,#5795));
#1120=EDGE_LOOP('',(#5796,#5797,#5798,#5799));
#1121=EDGE_LOOP('',(#5800));
#1122=EDGE_LOOP('',(#5801,#5802,#5803,#5804,#5805,#5806,#5807,#5808));
#1123=EDGE_LOOP('',(#5809,#5810,#5811,#5812));
#1124=EDGE_LOOP('',(#5813,#5814,#5815,#5816));
#1125=EDGE_LOOP('',(#5817,#5818,#5819,#5820));
#1126=EDGE_LOOP('',(#5821,#5822,#5823,#5824));
#1127=EDGE_LOOP('',(#5825,#5826,#5827,#5828));
#1128=EDGE_LOOP('',(#5829,#5830,#5831,#5832,#5833,#5834,#5835,#5836,#5837,
#5838,#5839,#5840,#5841,#5842,#5843,#5844,#5845,#5846,#5847,#5848,#5849,
#5850,#5851,#5852,#5853,#5854,#5855,#5856,#5857,#5858,#5859,#5860));
#1129=EDGE_LOOP('',(#5861,#5862,#5863,#5864));
#1130=EDGE_LOOP('',(#5865,#5866,#5867,#5868,#5869,#5870,#5871,#5872,#5873,
#5874,#5875,#5876,#5877,#5878,#5879,#5880,#5881,#5882,#5883,#5884,#5885,
#5886,#5887,#5888,#5889,#5890,#5891,#5892,#5893,#5894,#5895,#5896));
#1131=EDGE_LOOP('',(#5897,#5898,#5899,#5900));
#1132=EDGE_LOOP('',(#5901,#5902,#5903,#5904));
#1133=EDGE_LOOP('',(#5905,#5906,#5907,#5908));
#1134=EDGE_LOOP('',(#5909,#5910,#5911,#5912));
#1135=EDGE_LOOP('',(#5913,#5914,#5915,#5916));
#1136=EDGE_LOOP('',(#5917,#5918,#5919,#5920));
#1137=EDGE_LOOP('',(#5921,#5922,#5923,#5924));
#1138=EDGE_LOOP('',(#5925,#5926,#5927,#5928));
#1139=EDGE_LOOP('',(#5929,#5930,#5931,#5932));
#1140=EDGE_LOOP('',(#5933,#5934,#5935,#5936));
#1141=EDGE_LOOP('',(#5937,#5938,#5939,#5940));
#1142=EDGE_LOOP('',(#5941,#5942,#5943,#5944));
#1143=EDGE_LOOP('',(#5945,#5946,#5947,#5948));
#1144=EDGE_LOOP('',(#5949,#5950,#5951,#5952));
#1145=EDGE_LOOP('',(#5953,#5954,#5955,#5956));
#1146=EDGE_LOOP('',(#5957,#5958,#5959,#5960));
#1147=EDGE_LOOP('',(#5961,#5962,#5963,#5964));
#1148=EDGE_LOOP('',(#5965,#5966,#5967,#5968));
#1149=EDGE_LOOP('',(#5969,#5970,#5971,#5972));
#1150=EDGE_LOOP('',(#5973,#5974,#5975,#5976));
#1151=EDGE_LOOP('',(#5977,#5978,#5979,#5980));
#1152=EDGE_LOOP('',(#5981,#5982,#5983,#5984));
#1153=EDGE_LOOP('',(#5985,#5986,#5987,#5988));
#1154=EDGE_LOOP('',(#5989,#5990,#5991,#5992));
#1155=EDGE_LOOP('',(#5993,#5994,#5995,#5996));
#1156=EDGE_LOOP('',(#5997,#5998,#5999,#6000));
#1157=EDGE_LOOP('',(#6001,#6002,#6003,#6004));
#1158=EDGE_LOOP('',(#6005,#6006,#6007,#6008));
#1159=EDGE_LOOP('',(#6009,#6010,#6011,#6012));
#1160=EDGE_LOOP('',(#6013,#6014,#6015,#6016));
#1161=EDGE_LOOP('',(#6017,#6018,#6019,#6020));
#1162=EDGE_LOOP('',(#6021,#6022,#6023,#6024));
#1163=EDGE_LOOP('',(#6025,#6026,#6027,#6028));
#1164=EDGE_LOOP('',(#6029,#6030,#6031,#6032));
#1165=EDGE_LOOP('',(#6033,#6034,#6035,#6036));
#1166=EDGE_LOOP('',(#6037,#6038,#6039,#6040));
#1167=EDGE_LOOP('',(#6041,#6042,#6043,#6044));
#1168=EDGE_LOOP('',(#6045,#6046,#6047,#6048));
#1169=EDGE_LOOP('',(#6049,#6050,#6051,#6052));
#1170=EDGE_LOOP('',(#6053,#6054,#6055,#6056));
#1171=EDGE_LOOP('',(#6057,#6058,#6059,#6060));
#1172=EDGE_LOOP('',(#6061,#6062,#6063,#6064));
#1173=EDGE_LOOP('',(#6065,#6066,#6067,#6068));
#1174=EDGE_LOOP('',(#6069,#6070,#6071,#6072));
#1175=EDGE_LOOP('',(#6073,#6074,#6075,#6076));
#1176=EDGE_LOOP('',(#6077,#6078,#6079,#6080));
#1177=EDGE_LOOP('',(#6081,#6082,#6083,#6084));
#1178=EDGE_LOOP('',(#6085,#6086,#6087,#6088));
#1179=EDGE_LOOP('',(#6089,#6090,#6091,#6092));
#1180=EDGE_LOOP('',(#6093,#6094,#6095,#6096));
#1181=EDGE_LOOP('',(#6097,#6098,#6099,#6100));
#1182=EDGE_LOOP('',(#6101,#6102,#6103,#6104));
#1183=EDGE_LOOP('',(#6105,#6106,#6107,#6108));
#1184=EDGE_LOOP('',(#6109,#6110,#6111,#6112));
#1185=EDGE_LOOP('',(#6113,#6114,#6115,#6116));
#1186=EDGE_LOOP('',(#6117,#6118,#6119,#6120));
#1187=EDGE_LOOP('',(#6121,#6122,#6123,#6124));
#1188=EDGE_LOOP('',(#6125,#6126,#6127,#6128));
#1189=EDGE_LOOP('',(#6129,#6130,#6131,#6132));
#1190=EDGE_LOOP('',(#6133,#6134,#6135,#6136));
#1191=EDGE_LOOP('',(#6137,#6138,#6139,#6140));
#1192=EDGE_LOOP('',(#6141,#6142,#6143,#6144));
#1193=EDGE_LOOP('',(#6145,#6146,#6147,#6148));
#1194=EDGE_LOOP('',(#6149,#6150,#6151,#6152));
#1195=EDGE_LOOP('',(#6153,#6154,#6155,#6156));
#1196=EDGE_LOOP('',(#6157,#6158,#6159,#6160));
#1197=EDGE_LOOP('',(#6161,#6162,#6163,#6164));
#1198=EDGE_LOOP('',(#6165,#6166,#6167,#6168));
#1199=EDGE_LOOP('',(#6169,#6170,#6171,#6172));
#1200=EDGE_LOOP('',(#6173,#6174,#6175,#6176));
#1201=EDGE_LOOP('',(#6177,#6178,#6179,#6180));
#1202=EDGE_LOOP('',(#6181,#6182,#6183,#6184));
#1203=EDGE_LOOP('',(#6185,#6186,#6187,#6188));
#1204=EDGE_LOOP('',(#6189,#6190,#6191,#6192));
#1205=EDGE_LOOP('',(#6193,#6194,#6195,#6196));
#1206=EDGE_LOOP('',(#6197,#6198,#6199,#6200));
#1207=EDGE_LOOP('',(#6201,#6202,#6203,#6204));
#1208=EDGE_LOOP('',(#6205,#6206,#6207,#6208));
#1209=EDGE_LOOP('',(#6209,#6210,#6211,#6212));
#1210=EDGE_LOOP('',(#6213,#6214,#6215,#6216));
#1211=EDGE_LOOP('',(#6217,#6218,#6219,#6220));
#1212=EDGE_LOOP('',(#6221,#6222,#6223,#6224));
#1213=EDGE_LOOP('',(#6225,#6226,#6227,#6228));
#1214=EDGE_LOOP('',(#6229,#6230,#6231,#6232));
#1215=EDGE_LOOP('',(#6233,#6234,#6235,#6236));
#1216=EDGE_LOOP('',(#6237,#6238,#6239,#6240));
#1217=EDGE_LOOP('',(#6241,#6242,#6243,#6244));
#1218=EDGE_LOOP('',(#6245,#6246,#6247,#6248));
#1219=EDGE_LOOP('',(#6249,#6250,#6251,#6252));
#1220=EDGE_LOOP('',(#6253,#6254,#6255,#6256));
#1221=EDGE_LOOP('',(#6257,#6258,#6259,#6260));
#1222=EDGE_LOOP('',(#6261,#6262,#6263,#6264));
#1223=EDGE_LOOP('',(#6265,#6266,#6267,#6268));
#1224=EDGE_LOOP('',(#6269,#6270,#6271,#6272));
#1225=EDGE_LOOP('',(#6273,#6274,#6275,#6276));
#1226=EDGE_LOOP('',(#6277,#6278,#6279,#6280));
#1227=EDGE_LOOP('',(#6281,#6282,#6283,#6284));
#1228=EDGE_LOOP('',(#6285,#6286,#6287,#6288));
#1229=EDGE_LOOP('',(#6289,#6290,#6291,#6292));
#1230=EDGE_LOOP('',(#6293,#6294,#6295,#6296));
#1231=EDGE_LOOP('',(#6297,#6298,#6299,#6300));
#1232=EDGE_LOOP('',(#6301,#6302,#6303,#6304));
#1233=EDGE_LOOP('',(#6305,#6306,#6307,#6308));
#1234=EDGE_LOOP('',(#6309,#6310,#6311,#6312));
#1235=EDGE_LOOP('',(#6313,#6314,#6315,#6316));
#1236=EDGE_LOOP('',(#6317,#6318,#6319,#6320));
#1237=EDGE_LOOP('',(#6321,#6322,#6323,#6324));
#1238=EDGE_LOOP('',(#6325,#6326,#6327,#6328));
#1239=EDGE_LOOP('',(#6329,#6330,#6331,#6332));
#1240=EDGE_LOOP('',(#6333,#6334,#6335,#6336));
#1241=EDGE_LOOP('',(#6337,#6338,#6339,#6340));
#1242=EDGE_LOOP('',(#6341,#6342,#6343,#6344));
#1243=EDGE_LOOP('',(#6345,#6346,#6347,#6348));
#1244=EDGE_LOOP('',(#6349,#6350,#6351,#6352));
#1245=EDGE_LOOP('',(#6353,#6354,#6355,#6356));
#1246=EDGE_LOOP('',(#6357,#6358,#6359,#6360));
#1247=EDGE_LOOP('',(#6361,#6362,#6363,#6364));
#1248=EDGE_LOOP('',(#6365,#6366,#6367,#6368));
#1249=EDGE_LOOP('',(#6369,#6370,#6371,#6372));
#1250=EDGE_LOOP('',(#6373,#6374,#6375,#6376));
#1251=EDGE_LOOP('',(#6377,#6378,#6379,#6380));
#1252=EDGE_LOOP('',(#6381,#6382,#6383,#6384));
#1253=EDGE_LOOP('',(#6385,#6386,#6387,#6388));
#1254=EDGE_LOOP('',(#6389,#6390,#6391,#6392));
#1255=EDGE_LOOP('',(#6393,#6394,#6395,#6396));
#1256=EDGE_LOOP('',(#6397,#6398,#6399,#6400));
#1257=EDGE_LOOP('',(#6401,#6402,#6403,#6404));
#1258=EDGE_LOOP('',(#6405,#6406,#6407,#6408));
#1259=EDGE_LOOP('',(#6409,#6410,#6411,#6412));
#1260=EDGE_LOOP('',(#6413,#6414,#6415,#6416));
#1261=EDGE_LOOP('',(#6417,#6418,#6419,#6420));
#1262=EDGE_LOOP('',(#6421,#6422,#6423,#6424));
#1263=EDGE_LOOP('',(#6425,#6426,#6427,#6428));
#1264=EDGE_LOOP('',(#6429,#6430,#6431,#6432));
#1265=EDGE_LOOP('',(#6433,#6434,#6435,#6436));
#1266=EDGE_LOOP('',(#6437,#6438,#6439,#6440));
#1267=EDGE_LOOP('',(#6441,#6442,#6443,#6444));
#1268=EDGE_LOOP('',(#6445,#6446,#6447,#6448));
#1269=EDGE_LOOP('',(#6449,#6450,#6451,#6452));
#1270=EDGE_LOOP('',(#6453,#6454,#6455,#6456));
#1271=EDGE_LOOP('',(#6457,#6458,#6459,#6460));
#1272=EDGE_LOOP('',(#6461,#6462,#6463,#6464));
#1273=EDGE_LOOP('',(#6465,#6466,#6467,#6468));
#1274=EDGE_LOOP('',(#6469,#6470,#6471,#6472));
#1275=EDGE_LOOP('',(#6473,#6474,#6475,#6476));
#1276=EDGE_LOOP('',(#6477,#6478,#6479,#6480));
#1277=EDGE_LOOP('',(#6481,#6482,#6483,#6484));
#1278=EDGE_LOOP('',(#6485,#6486,#6487,#6488));
#1279=EDGE_LOOP('',(#6489,#6490,#6491,#6492));
#1280=EDGE_LOOP('',(#6493,#6494,#6495,#6496));
#1281=EDGE_LOOP('',(#6497,#6498,#6499,#6500));
#1282=EDGE_LOOP('',(#6501,#6502,#6503,#6504));
#1283=EDGE_LOOP('',(#6505,#6506,#6507,#6508));
#1284=EDGE_LOOP('',(#6509,#6510,#6511,#6512));
#1285=EDGE_LOOP('',(#6513,#6514,#6515,#6516));
#1286=EDGE_LOOP('',(#6517,#6518,#6519,#6520));
#1287=EDGE_LOOP('',(#6521,#6522,#6523,#6524));
#1288=EDGE_LOOP('',(#6525,#6526,#6527,#6528));
#1289=EDGE_LOOP('',(#6529,#6530,#6531,#6532));
#1290=EDGE_LOOP('',(#6533,#6534,#6535,#6536));
#1291=EDGE_LOOP('',(#6537,#6538,#6539,#6540));
#1292=EDGE_LOOP('',(#6541,#6542,#6543,#6544));
#1293=EDGE_LOOP('',(#6545,#6546,#6547,#6548));
#1294=EDGE_LOOP('',(#6549,#6550,#6551,#6552));
#1295=EDGE_LOOP('',(#6553,#6554,#6555,#6556));
#1296=EDGE_LOOP('',(#6557,#6558,#6559,#6560));
#1297=EDGE_LOOP('',(#6561,#6562,#6563,#6564));
#1298=EDGE_LOOP('',(#6565,#6566,#6567,#6568));
#1299=CIRCLE('',#7060,0.10625);
#1300=CIRCLE('',#7061,0.0750000000000001);
#1301=CIRCLE('',#7063,0.81875);
#1302=CIRCLE('',#7064,0.85);
#1303=CIRCLE('',#7066,0.10625);
#1304=CIRCLE('',#7067,0.075);
#1305=CIRCLE('',#7069,0.0437500000000001);
#1306=CIRCLE('',#7070,0.075);
#1307=CIRCLE('',#7072,1.11875);
#1308=CIRCLE('',#7073,1.15);
#1309=CIRCLE('',#7075,0.0437500000000001);
#1310=CIRCLE('',#7076,0.075);
#1311=CIRCLE('',#7078,0.10625);
#1312=CIRCLE('',#7079,0.0750000000000001);
#1313=CIRCLE('',#7081,0.81875);
#1314=CIRCLE('',#7082,0.85);
#1315=CIRCLE('',#7084,0.10625);
#1316=CIRCLE('',#7085,0.075);
#1317=CIRCLE('',#7087,0.0437500000000001);
#1318=CIRCLE('',#7088,0.0750000000000001);
#1319=CIRCLE('',#7090,1.11875);
#1320=CIRCLE('',#7091,1.15);
#1321=CIRCLE('',#7093,0.0437500000000001);
#1322=CIRCLE('',#7094,0.075);
#1323=CIRCLE('',#7096,0.10625);
#1324=CIRCLE('',#7097,0.0750000000000001);
#1325=CIRCLE('',#7099,0.81875);
#1326=CIRCLE('',#7100,0.85);
#1327=CIRCLE('',#7102,0.10625);
#1328=CIRCLE('',#7103,0.075);
#1329=CIRCLE('',#7105,0.0437500000000001);
#1330=CIRCLE('',#7106,0.075);
#1331=CIRCLE('',#7108,1.11875);
#1332=CIRCLE('',#7109,1.15);
#1333=CIRCLE('',#7111,0.0437500000000001);
#1334=CIRCLE('',#7112,0.075);
#1335=CIRCLE('',#7114,0.10625);
#1336=CIRCLE('',#7115,0.0750000000000001);
#1337=CIRCLE('',#7117,0.81875);
#1338=CIRCLE('',#7118,0.85);
#1339=CIRCLE('',#7120,0.10625);
#1340=CIRCLE('',#7121,0.075);
#1341=CIRCLE('',#7123,0.04375);
#1342=CIRCLE('',#7124,0.0750000000000001);
#1343=CIRCLE('',#7126,1.11875);
#1344=CIRCLE('',#7127,1.15);
#1345=CIRCLE('',#7129,0.04375);
#1346=CIRCLE('',#7130,0.075);
#1347=CIRCLE('',#7132,0.10625);
#1348=CIRCLE('',#7133,0.0750000000000001);
#1349=CIRCLE('',#7135,0.818749999999999);
#1350=CIRCLE('',#7136,0.85);
#1351=CIRCLE('',#7138,0.10625);
#1352=CIRCLE('',#7139,0.075);
#1353=CIRCLE('',#7141,0.04375);
#1354=CIRCLE('',#7142,0.075);
#1355=CIRCLE('',#7144,1.11875);
#1356=CIRCLE('',#7145,1.15);
#1357=CIRCLE('',#7147,0.0437500000000001);
#1358=CIRCLE('',#7148,0.075);
#1359=CIRCLE('',#7150,0.10625);
#1360=CIRCLE('',#7151,0.0750000000000001);
#1361=CIRCLE('',#7153,0.81875);
#1362=CIRCLE('',#7154,0.85);
#1363=CIRCLE('',#7156,0.10625);
#1364=CIRCLE('',#7157,0.075);
#1365=CIRCLE('',#7159,0.04375);
#1366=CIRCLE('',#7160,0.075);
#1367=CIRCLE('',#7162,1.11875);
#1368=CIRCLE('',#7163,1.15);
#1369=CIRCLE('',#7165,0.0437500000000001);
#1370=CIRCLE('',#7166,0.075);
#1371=CIRCLE('',#7168,0.075);
#1372=CIRCLE('',#7169,0.075);
#1373=CIRCLE('',#7170,0.075);
#1374=CIRCLE('',#7171,0.075);
#1375=CIRCLE('',#7172,0.075);
#1376=CIRCLE('',#7173,0.075);
#1377=CIRCLE('',#7174,0.075);
#1378=CIRCLE('',#7175,0.075);
#1379=CIRCLE('',#7176,0.075);
#1380=CIRCLE('',#7178,1.15);
#1381=CIRCLE('',#7180,0.075);
#1382=CIRCLE('',#7181,0.075);
#1383=CIRCLE('',#7182,0.075);
#1384=CIRCLE('',#7183,0.075);
#1385=CIRCLE('',#7184,0.075);
#1386=CIRCLE('',#7185,0.075);
#1387=CIRCLE('',#7186,0.075);
#1388=CIRCLE('',#7187,0.075);
#1389=CIRCLE('',#7188,0.075);
#1390=CIRCLE('',#7190,0.075);
#1391=CIRCLE('',#7192,0.85);
#1392=CIRCLE('',#7194,0.0750000000000001);
#1393=CIRCLE('',#7196,0.075);
#1394=CIRCLE('',#7197,0.075);
#1395=CIRCLE('',#7198,0.075);
#1396=CIRCLE('',#7199,0.075);
#1397=CIRCLE('',#7200,0.075);
#1398=CIRCLE('',#7201,0.075);
#1399=CIRCLE('',#7202,0.075);
#1400=CIRCLE('',#7203,0.075);
#1401=CIRCLE('',#7204,0.075);
#1402=CIRCLE('',#7206,1.15);
#1403=CIRCLE('',#7208,0.0750000000000001);
#1404=CIRCLE('',#7209,0.075);
#1405=CIRCLE('',#7210,0.075);
#1406=CIRCLE('',#7211,0.075);
#1407=CIRCLE('',#7212,0.075);
#1408=CIRCLE('',#7213,0.075);
#1409=CIRCLE('',#7214,0.075);
#1410=CIRCLE('',#7215,0.075);
#1411=CIRCLE('',#7216,0.075);
#1412=CIRCLE('',#7218,0.075);
#1413=CIRCLE('',#7220,0.85);
#1414=CIRCLE('',#7222,0.0750000000000001);
#1415=CIRCLE('',#7224,0.075);
#1416=CIRCLE('',#7225,0.075);
#1417=CIRCLE('',#7226,0.075);
#1418=CIRCLE('',#7227,0.075);
#1419=CIRCLE('',#7228,0.075);
#1420=CIRCLE('',#7229,0.075);
#1421=CIRCLE('',#7230,0.075);
#1422=CIRCLE('',#7231,0.075);
#1423=CIRCLE('',#7232,0.075);
#1424=CIRCLE('',#7234,1.15);
#1425=CIRCLE('',#7236,0.075);
#1426=CIRCLE('',#7237,0.075);
#1427=CIRCLE('',#7238,0.075);
#1428=CIRCLE('',#7239,0.075);
#1429=CIRCLE('',#7240,0.075);
#1430=CIRCLE('',#7241,0.075);
#1431=CIRCLE('',#7242,0.075);
#1432=CIRCLE('',#7243,0.075);
#1433=CIRCLE('',#7244,0.075);
#1434=CIRCLE('',#7246,0.075);
#1435=CIRCLE('',#7248,0.85);
#1436=CIRCLE('',#7250,0.0750000000000001);
#1437=CIRCLE('',#7252,0.25);
#1438=CIRCLE('',#7253,0.086);
#1439=CIRCLE('',#7254,0.086);
#1440=CIRCLE('',#7255,0.086);
#1441=CIRCLE('',#7256,0.086);
#1442=CIRCLE('',#7258,0.10625);
#1443=CIRCLE('',#7259,0.0750000000000001);
#1444=CIRCLE('',#7261,0.0437500000000001);
#1445=CIRCLE('',#7262,0.075);
#1446=CIRCLE('',#7264,1.15);
#1447=CIRCLE('',#7265,1.11875);
#1448=CIRCLE('',#7267,0.04375);
#1449=CIRCLE('',#7268,0.075);
#1450=CIRCLE('',#7270,0.10625);
#1451=CIRCLE('',#7271,0.075);
#1452=CIRCLE('',#7273,0.818749999999999);
#1453=CIRCLE('',#7274,0.85);
#1454=CIRCLE('',#7276,0.10625);
#1455=CIRCLE('',#7277,0.0750000000000001);
#1456=CIRCLE('',#7279,0.04375);
#1457=CIRCLE('',#7280,0.075);
#1458=CIRCLE('',#7282,1.15);
#1459=CIRCLE('',#7283,1.11875);
#1460=CIRCLE('',#7285,0.04375);
#1461=CIRCLE('',#7286,0.0750000000000001);
#1462=CIRCLE('',#7288,0.10625);
#1463=CIRCLE('',#7289,0.075);
#1464=CIRCLE('',#7291,0.81875);
#1465=CIRCLE('',#7292,0.85);
#1466=CIRCLE('',#7294,0.10625);
#1467=CIRCLE('',#7295,0.0750000000000001);
#1468=CIRCLE('',#7297,0.0437500000000001);
#1469=CIRCLE('',#7299,1.15);
#1470=CIRCLE('',#7300,1.11875);
#1471=CIRCLE('',#7302,0.0437500000000001);
#1472=CIRCLE('',#7304,0.10625);
#1473=CIRCLE('',#7306,0.81875);
#1474=CIRCLE('',#7308,0.10625);
#1475=CIRCLE('',#7310,0.0437500000000001);
#1476=CIRCLE('',#7312,1.15);
#1477=CIRCLE('',#7313,1.11875);
#1478=CIRCLE('',#7315,0.0437500000000001);
#1479=CIRCLE('',#7317,0.10625);
#1480=CIRCLE('',#7319,0.81875);
#1481=CIRCLE('',#7321,0.10625);
#1482=CIRCLE('',#7323,0.0437500000000001);
#1483=CIRCLE('',#7325,1.15);
#1484=CIRCLE('',#7326,1.11875);
#1485=CIRCLE('',#7328,0.0437500000000001);
#1486=CIRCLE('',#7330,0.10625);
#1487=CIRCLE('',#7332,0.81875);
#1488=CIRCLE('',#7334,0.10625);
#1489=CIRCLE('',#7336,0.0437500000000001);
#1490=CIRCLE('',#7337,0.075);
#1491=CIRCLE('',#7339,1.15);
#1492=CIRCLE('',#7340,1.11875);
#1493=CIRCLE('',#7342,0.0437500000000001);
#1494=CIRCLE('',#7343,0.075);
#1495=CIRCLE('',#7345,0.10625);
#1496=CIRCLE('',#7346,0.075);
#1497=CIRCLE('',#7348,0.81875);
#1498=CIRCLE('',#7349,0.85);
#1499=CIRCLE('',#7351,1.15);
#1500=CIRCLE('',#7356,0.075);
#1501=CIRCLE('',#7357,0.075);
#1502=CIRCLE('',#7358,0.075);
#1503=CIRCLE('',#7359,0.075);
#1504=CIRCLE('',#7360,0.075);
#1505=CIRCLE('',#7361,0.075);
#1506=CIRCLE('',#7362,0.075);
#1507=CIRCLE('',#7363,0.075);
#1508=CIRCLE('',#7365,1.15);
#1509=CIRCLE('',#7367,0.075);
#1510=CIRCLE('',#7368,0.075);
#1511=CIRCLE('',#7369,0.075);
#1512=CIRCLE('',#7370,0.075);
#1513=CIRCLE('',#7371,0.075);
#1514=CIRCLE('',#7372,0.075);
#1515=CIRCLE('',#7373,0.075);
#1516=CIRCLE('',#7374,0.075);
#1517=CIRCLE('',#7379,0.075);
#1518=CIRCLE('',#7380,0.075);
#1519=CIRCLE('',#7381,0.075);
#1520=CIRCLE('',#7382,0.075);
#1521=CIRCLE('',#7383,0.075);
#1522=CIRCLE('',#7384,0.075);
#1523=CIRCLE('',#7385,0.075);
#1524=CIRCLE('',#7386,0.075);
#1525=CIRCLE('',#7388,1.15);
#1526=CIRCLE('',#7390,0.075);
#1527=CIRCLE('',#7391,0.075);
#1528=CIRCLE('',#7392,0.075);
#1529=CIRCLE('',#7393,0.075);
#1530=CIRCLE('',#7394,0.075);
#1531=CIRCLE('',#7395,0.075);
#1532=CIRCLE('',#7396,0.075);
#1533=CIRCLE('',#7397,0.075);
#1534=CIRCLE('',#7400,0.25);
#1535=CIRCLE('',#7401,0.125);
#1536=CIRCLE('',#7402,0.0196850393700787);
#1537=CIRCLE('',#7403,0.125);
#1538=CIRCLE('',#7404,0.125);
#1539=CIRCLE('',#7405,0.0196850393700787);
#1540=CIRCLE('',#7406,0.125);
#1541=CIRCLE('',#7407,0.125);
#1542=CIRCLE('',#7408,0.0196850393700787);
#1543=CIRCLE('',#7409,0.125);
#1544=CIRCLE('',#7410,0.125);
#1545=CIRCLE('',#7411,0.0196850393700787);
#1546=CIRCLE('',#7412,0.125);
#1547=CIRCLE('',#7413,0.125);
#1548=CIRCLE('',#7414,0.0196850393700787);
#1549=CIRCLE('',#7415,0.125);
#1550=CIRCLE('',#7416,0.125);
#1551=CIRCLE('',#7417,0.0196850393700787);
#1552=CIRCLE('',#7418,0.125);
#1553=CIRCLE('',#7419,0.125);
#1554=CIRCLE('',#7420,0.0196850393700787);
#1555=CIRCLE('',#7421,0.125);
#1556=CIRCLE('',#7422,0.125);
#1557=CIRCLE('',#7423,0.0196850393700787);
#1558=CIRCLE('',#7424,0.125);
#1559=CIRCLE('',#7425,0.125);
#1560=CIRCLE('',#7426,0.0196850393700787);
#1561=CIRCLE('',#7427,0.125);
#1562=CIRCLE('',#7428,0.125);
#1563=CIRCLE('',#7429,0.0196850393700787);
#1564=CIRCLE('',#7430,0.125);
#1565=CIRCLE('',#7431,0.125);
#1566=CIRCLE('',#7432,0.0196850393700787);
#1567=CIRCLE('',#7433,0.125);
#1568=CIRCLE('',#7434,0.125);
#1569=CIRCLE('',#7435,0.0196850393700787);
#1570=CIRCLE('',#7436,0.125);
#1571=CIRCLE('',#7437,0.125);
#1572=CIRCLE('',#7438,0.0196850393700787);
#1573=CIRCLE('',#7439,0.125);
#1574=CIRCLE('',#7440,0.125);
#1575=CIRCLE('',#7441,0.0196850393700787);
#1576=CIRCLE('',#7442,0.125);
#1577=CIRCLE('',#7443,0.125);
#1578=CIRCLE('',#7444,0.0196850393700787);
#1579=CIRCLE('',#7445,0.125);
#1580=CIRCLE('',#7446,0.125);
#1581=CIRCLE('',#7447,0.0196850393700787);
#1582=CIRCLE('',#7448,0.125);
#1583=CIRCLE('',#7449,0.125);
#1584=CIRCLE('',#7450,0.0196850393700787);
#1585=CIRCLE('',#7451,0.125);
#1586=CIRCLE('',#7452,0.125);
#1587=CIRCLE('',#7453,0.0196850393700787);
#1588=CIRCLE('',#7454,0.125);
#1589=CIRCLE('',#7455,0.125);
#1590=CIRCLE('',#7456,0.0196850393700787);
#1591=CIRCLE('',#7457,0.125);
#1592=CIRCLE('',#7458,0.125);
#1593=CIRCLE('',#7459,0.0196850393700787);
#1594=CIRCLE('',#7460,0.125);
#1595=CIRCLE('',#7461,0.125);
#1596=CIRCLE('',#7462,0.0196850393700787);
#1597=CIRCLE('',#7463,0.125);
#1598=CIRCLE('',#7464,0.125);
#1599=CIRCLE('',#7465,0.0196850393700787);
#1600=CIRCLE('',#7466,0.125);
#1601=CIRCLE('',#7467,0.125);
#1602=CIRCLE('',#7468,0.0196850393700787);
#1603=CIRCLE('',#7469,0.125);
#1604=CIRCLE('',#7470,0.125);
#1605=CIRCLE('',#7471,0.0196850393700787);
#1606=CIRCLE('',#7472,0.125);
#1607=CIRCLE('',#7474,0.125);
#1608=CIRCLE('',#7476,0.0196850393700787);
#1609=CIRCLE('',#7478,0.125);
#1610=CIRCLE('',#7480,0.125);
#1611=CIRCLE('',#7482,0.0196850393700787);
#1612=CIRCLE('',#7484,0.125);
#1613=CIRCLE('',#7486,0.125);
#1614=CIRCLE('',#7488,0.0196850393700787);
#1615=CIRCLE('',#7490,0.125);
#1616=CIRCLE('',#7492,0.125);
#1617=CIRCLE('',#7494,0.0196850393700787);
#1618=CIRCLE('',#7496,0.125);
#1619=CIRCLE('',#7498,0.125);
#1620=CIRCLE('',#7500,0.0196850393700787);
#1621=CIRCLE('',#7502,0.125);
#1622=CIRCLE('',#7505,0.125);
#1623=CIRCLE('',#7507,0.0196850393700787);
#1624=CIRCLE('',#7509,0.125);
#1625=CIRCLE('',#7511,0.125);
#1626=CIRCLE('',#7513,0.0196850393700787);
#1627=CIRCLE('',#7515,0.125);
#1628=CIRCLE('',#7517,0.125);
#1629=CIRCLE('',#7519,0.0196850393700787);
#1630=CIRCLE('',#7521,0.125);
#1631=CIRCLE('',#7523,0.125);
#1632=CIRCLE('',#7525,0.0196850393700787);
#1633=CIRCLE('',#7527,0.125);
#1634=CIRCLE('',#7529,0.125);
#1635=CIRCLE('',#7531,0.0196850393700787);
#1636=CIRCLE('',#7533,0.125);
#1637=CIRCLE('',#7535,0.125);
#1638=CIRCLE('',#7537,0.0196850393700787);
#1639=CIRCLE('',#7539,0.125);
#1640=CIRCLE('',#7542,0.125);
#1641=CIRCLE('',#7544,0.0196850393700787);
#1642=CIRCLE('',#7546,0.125);
#1643=CIRCLE('',#7548,0.125);
#1644=CIRCLE('',#7550,0.0196850393700787);
#1645=CIRCLE('',#7552,0.125);
#1646=CIRCLE('',#7554,0.125);
#1647=CIRCLE('',#7556,0.0196850393700787);
#1648=CIRCLE('',#7558,0.125);
#1649=CIRCLE('',#7560,0.125);
#1650=CIRCLE('',#7562,0.0196850393700787);
#1651=CIRCLE('',#7564,0.125);
#1652=CIRCLE('',#7566,0.125);
#1653=CIRCLE('',#7568,0.0196850393700787);
#1654=CIRCLE('',#7570,0.125);
#1655=CIRCLE('',#7572,0.125);
#1656=CIRCLE('',#7574,0.0196850393700787);
#1657=CIRCLE('',#7576,0.125);
#1658=CIRCLE('',#7579,0.125);
#1659=CIRCLE('',#7582,0.125);
#1660=CIRCLE('',#7584,0.086);
#1661=CIRCLE('',#7592,0.086);
#1662=CIRCLE('',#7600,0.0196850393700787);
#1663=CIRCLE('',#7601,0.086);
#1664=CIRCLE('',#7609,0.125);
#1665=CIRCLE('',#7611,0.0196850393700787);
#1666=CIRCLE('',#7613,0.125);
#1667=CIRCLE('',#7615,0.125);
#1668=CIRCLE('',#7617,0.0196850393700787);
#1669=CIRCLE('',#7619,0.125);
#1670=CIRCLE('',#7621,0.125);
#1671=CIRCLE('',#7623,0.0196850393700787);
#1672=CIRCLE('',#7625,0.125);
#1673=CIRCLE('',#7627,0.125);
#1674=CIRCLE('',#7629,0.0196850393700787);
#1675=CIRCLE('',#7631,0.125);
#1676=CIRCLE('',#7633,0.125);
#1677=CIRCLE('',#7635,0.0196850393700787);
#1678=CIRCLE('',#7637,0.125);
#1679=CIRCLE('',#7640,0.125);
#1680=CIRCLE('',#7643,0.125);
#1681=CIRCLE('',#7647,0.0196850393700787);
#1682=CIRCLE('',#7651,0.086);
#1683=CIRCLE('',#7654,0.2);
#1684=CIRCLE('',#7656,0.02);
#1685=CIRCLE('',#7657,0.02);
#1686=CIRCLE('',#7658,0.02);
#1687=CIRCLE('',#7659,0.02);
#1688=CIRCLE('',#7661,0.02);
#1689=CIRCLE('',#7664,0.02);
#1690=CIRCLE('',#7667,0.2);
#1691=CIRCLE('',#7669,0.02);
#1692=CIRCLE('',#7670,0.02);
#1693=CIRCLE('',#7677,0.075);
#1694=CIRCLE('',#7678,0.075);
#1695=CIRCLE('',#7679,0.075);
#1696=CIRCLE('',#7680,0.075);
#1697=CIRCLE('',#7681,0.075);
#1698=CIRCLE('',#7682,0.075);
#1699=CIRCLE('',#7683,0.075);
#1700=CIRCLE('',#7684,0.075);
#1701=CIRCLE('',#7687,0.075);
#1702=CIRCLE('',#7688,0.075);
#1703=CIRCLE('',#7689,0.075);
#1704=CIRCLE('',#7690,0.075);
#1705=CIRCLE('',#7691,0.075);
#1706=CIRCLE('',#7692,0.075);
#1707=CIRCLE('',#7693,0.075);
#1708=CIRCLE('',#7694,0.075);
#1709=CIRCLE('',#7696,1.15);
#1710=CIRCLE('',#7698,1.15);
#1711=CIRCLE('',#7700,1.15);
#1712=CIRCLE('',#7702,1.11968503937008);
#1713=CIRCLE('',#7704,1.11968503937008);
#1714=CIRCLE('',#7706,1.11968503937008);
#1715=CIRCLE('',#7708,1.11968503937008);
#1716=CIRCLE('',#7710,1.11968503937008);
#1717=CIRCLE('',#7712,1.11968503937008);
#1718=CIRCLE('',#7714,1.1);
#1719=CIRCLE('',#7716,1.1);
#1720=CIRCLE('',#7718,1.1);
#1721=CIRCLE('',#7720,1.1);
#1722=CIRCLE('',#7722,1.1);
#1723=CIRCLE('',#7724,1.1);
#1724=CIRCLE('',#7726,1.1);
#1725=CIRCLE('',#7728,1.1);
#1726=CIRCLE('',#7730,1.1);
#1727=CIRCLE('',#7732,1.1);
#1728=CIRCLE('',#7734,1.1);
#1729=CIRCLE('',#7736,1.1);
#1730=CIRCLE('',#7738,1.08031496062992);
#1731=CIRCLE('',#7740,1.08031496062992);
#1732=CIRCLE('',#7742,1.08031496062992);
#1733=CIRCLE('',#7744,1.08031496062992);
#1734=CIRCLE('',#7746,1.08031496062992);
#1735=CIRCLE('',#7748,1.08031496062992);
#1736=CIRCLE('',#7750,1.06968503937008);
#1737=CIRCLE('',#7752,1.06968503937008);
#1738=CIRCLE('',#7754,1.06968503937008);
#1739=CIRCLE('',#7756,1.06968503937008);
#1740=CIRCLE('',#7758,1.06968503937008);
#1741=CIRCLE('',#7760,1.06968503937008);
#1742=CIRCLE('',#7762,1.05);
#1743=CIRCLE('',#7764,1.05);
#1744=CIRCLE('',#7766,1.05);
#1745=CIRCLE('',#7768,1.05);
#1746=CIRCLE('',#7770,1.05);
#1747=CIRCLE('',#7772,1.05);
#1748=CIRCLE('',#7774,1.05);
#1749=CIRCLE('',#7776,1.05);
#1750=CIRCLE('',#7778,1.05);
#1751=CIRCLE('',#7780,1.05);
#1752=CIRCLE('',#7782,1.05);
#1753=CIRCLE('',#7784,1.05);
#1754=CIRCLE('',#7786,1.06968503937008);
#1755=CIRCLE('',#7788,1.06968503937008);
#1756=CIRCLE('',#7790,1.06968503937008);
#1757=CIRCLE('',#7792,1.06968503937008);
#1758=CIRCLE('',#7794,1.06968503937008);
#1759=CIRCLE('',#7796,1.06968503937008);
#1760=CIRCLE('',#7798,1.08031496062992);
#1761=CIRCLE('',#7800,1.08031496062992);
#1762=CIRCLE('',#7802,1.08031496062992);
#1763=CIRCLE('',#7804,1.08031496062992);
#1764=CIRCLE('',#7806,1.08031496062992);
#1765=CIRCLE('',#7808,1.08031496062992);
#1766=CIRCLE('',#7810,1.1);
#1767=CIRCLE('',#7812,1.1);
#1768=CIRCLE('',#7814,1.1);
#1769=CIRCLE('',#7816,1.1);
#1770=CIRCLE('',#7818,1.1);
#1771=CIRCLE('',#7820,1.1);
#1772=CIRCLE('',#7822,1.1);
#1773=CIRCLE('',#7824,1.1);
#1774=CIRCLE('',#7826,1.1);
#1775=CIRCLE('',#7828,1.1);
#1776=CIRCLE('',#7830,1.1);
#1777=CIRCLE('',#7832,1.1);
#1778=CIRCLE('',#7834,1.11968503937008);
#1779=CIRCLE('',#7836,1.11968503937008);
#1780=CIRCLE('',#7838,1.11968503937008);
#1781=CIRCLE('',#7840,1.11968503937008);
#1782=CIRCLE('',#7842,1.11968503937008);
#1783=CIRCLE('',#7844,1.11968503937008);
#1784=CIRCLE('',#7846,1.15);
#1785=CIRCLE('',#7848,1.15);
#1786=CIRCLE('',#7850,1.15);
#1787=CIRCLE('',#7852,1.15);
#1788=CIRCLE('',#7854,1.15);
#1789=CIRCLE('',#7856,1.15);
#1790=CIRCLE('',#7858,1.15);
#1791=CIRCLE('',#7860,1.15);
#1792=CIRCLE('',#7862,1.15);
#1793=CIRCLE('',#7864,1.15);
#1794=CIRCLE('',#7866,1.15);
#1795=CIRCLE('',#7868,1.15);
#1796=CIRCLE('',#7870,1.11968503937008);
#1797=CIRCLE('',#7872,1.11968503937008);
#1798=CIRCLE('',#7874,1.11968503937008);
#1799=CIRCLE('',#7876,1.11968503937008);
#1800=CIRCLE('',#7878,1.11968503937008);
#1801=CIRCLE('',#7880,1.1);
#1802=CIRCLE('',#7882,1.1);
#1803=CIRCLE('',#7884,1.1);
#1804=CIRCLE('',#7886,1.1);
#1805=CIRCLE('',#7888,1.1);
#1806=CIRCLE('',#7890,1.15);
#1807=CIRCLE('',#7892,1.15);
#1808=CIRCLE('',#7894,1.15);
#1809=CIRCLE('',#7896,1.1);
#1810=CIRCLE('',#7898,1.1);
#1811=CIRCLE('',#7900,1.1);
#1812=CIRCLE('',#7902,1.1);
#1813=CIRCLE('',#7904,1.1);
#1814=CIRCLE('',#7906,1.11968503937008);
#1815=CIRCLE('',#7908,1.11968503937008);
#1816=CIRCLE('',#7910,1.11968503937008);
#1817=CIRCLE('',#7912,1.11968503937008);
#1818=CIRCLE('',#7914,1.11968503937008);
#1819=CIRCLE('',#7916,1.11968503937008);
#1820=CIRCLE('',#7918,1.08031496062992);
#1821=CIRCLE('',#7920,1.08031496062992);
#1822=CIRCLE('',#7922,1.08031496062992);
#1823=CIRCLE('',#7924,1.08031496062992);
#1824=CIRCLE('',#7926,1.08031496062992);
#1825=CIRCLE('',#7928,1.1);
#1826=CIRCLE('',#7930,1.1);
#1827=CIRCLE('',#7932,1.1);
#1828=CIRCLE('',#7934,1.1);
#1829=CIRCLE('',#7936,1.1);
#1830=CIRCLE('',#7938,1.1);
#1831=CIRCLE('',#7940,1.06968503937008);
#1832=CIRCLE('',#7942,1.06968503937008);
#1833=CIRCLE('',#7944,1.06968503937008);
#1834=CIRCLE('',#7946,1.06968503937008);
#1835=CIRCLE('',#7948,1.06968503937008);
#1836=CIRCLE('',#7950,1.1);
#1837=CIRCLE('',#7952,1.1);
#1838=CIRCLE('',#7954,1.1);
#1839=CIRCLE('',#7956,1.1);
#1840=CIRCLE('',#7958,1.1);
#1841=CIRCLE('',#7960,1.1);
#1842=CIRCLE('',#7962,1.05);
#1843=CIRCLE('',#7964,1.05);
#1844=CIRCLE('',#7966,1.05);
#1845=CIRCLE('',#7968,1.05);
#1846=CIRCLE('',#7970,1.05);
#1847=CIRCLE('',#7972,1.05);
#1848=CIRCLE('',#7973,1.06968503937008);
#1849=CIRCLE('',#7975,1.08031496062992);
#1850=CIRCLE('',#7977,1.08031496062992);
#1851=CIRCLE('',#7979,1.08031496062992);
#1852=CIRCLE('',#7981,1.08031496062992);
#1853=CIRCLE('',#7983,1.08031496062992);
#1854=CIRCLE('',#7985,1.08031496062992);
#1855=CIRCLE('',#7987,1.05);
#1856=CIRCLE('',#7989,1.05);
#1857=CIRCLE('',#7991,1.05);
#1858=CIRCLE('',#7993,1.05);
#1859=CIRCLE('',#7995,1.05);
#1860=CIRCLE('',#7997,1.05);
#1861=CIRCLE('',#7999,1.06968503937008);
#1862=CIRCLE('',#8001,1.06968503937008);
#1863=CIRCLE('',#8003,1.06968503937008);
#1864=CIRCLE('',#8005,1.06968503937008);
#1865=CIRCLE('',#8007,1.06968503937008);
#1866=CIRCLE('',#8009,1.06968503937008);
#1867=CIRCLE('',#8017,1.08031496062992);
#1868=CIRCLE('',#8019,1.1);
#1869=CIRCLE('',#8021,1.1);
#1870=CIRCLE('',#8023,1.11968503937008);
#1871=LINE('',#10333,#2241);
#1872=LINE('',#10337,#2242);
#1873=LINE('',#10342,#2243);
#1874=LINE('',#10348,#2244);
#1875=LINE('',#10354,#2245);
#1876=LINE('',#10360,#2246);
#1877=LINE('',#10366,#2247);
#1878=LINE('',#10372,#2248);
#1879=LINE('',#10378,#2249);
#1880=LINE('',#10384,#2250);
#1881=LINE('',#10390,#2251);
#1882=LINE('',#10396,#2252);
#1883=LINE('',#10402,#2253);
#1884=LINE('',#10408,#2254);
#1885=LINE('',#10414,#2255);
#1886=LINE('',#10420,#2256);
#1887=LINE('',#10426,#2257);
#1888=LINE('',#10432,#2258);
#1889=LINE('',#10438,#2259);
#1890=LINE('',#10444,#2260);
#1891=LINE('',#10450,#2261);
#1892=LINE('',#10456,#2262);
#1893=LINE('',#10462,#2263);
#1894=LINE('',#10468,#2264);
#1895=LINE('',#10474,#2265);
#1896=LINE('',#10480,#2266);
#1897=LINE('',#10486,#2267);
#1898=LINE('',#10492,#2268);
#1899=LINE('',#10498,#2269);
#1900=LINE('',#10504,#2270);
#1901=LINE('',#10510,#2271);
#1902=LINE('',#10516,#2272);
#1903=LINE('',#10522,#2273);
#1904=LINE('',#10528,#2274);
#1905=LINE('',#10534,#2275);
#1906=LINE('',#10540,#2276);
#1907=LINE('',#10548,#2277);
#1908=LINE('',#10565,#2278);
#1909=LINE('',#10595,#2279);
#1910=LINE('',#10625,#2280);
#1911=LINE('',#10642,#2281);
#1912=LINE('',#10659,#2282);
#1913=LINE('',#10689,#2283);
#1914=LINE('',#10719,#2284);
#1915=LINE('',#10736,#2285);
#1916=LINE('',#10739,#2286);
#1917=LINE('',#10742,#2287);
#1918=LINE('',#10746,#2288);
#1919=LINE('',#10750,#2289);
#1920=LINE('',#10767,#2290);
#1921=LINE('',#10797,#2291);
#1922=LINE('',#10827,#2292);
#1923=LINE('',#10844,#2293);
#1924=LINE('',#10861,#2294);
#1925=LINE('',#10891,#2295);
#1926=LINE('',#10921,#2296);
#1927=LINE('',#10938,#2297);
#1928=LINE('',#10942,#2298);
#1929=LINE('',#10946,#2299);
#1930=LINE('',#10950,#2300);
#1931=LINE('',#10967,#2301);
#1932=LINE('',#10997,#2302);
#1933=LINE('',#11027,#2303);
#1934=LINE('',#11044,#2304);
#1935=LINE('',#11061,#2305);
#1936=LINE('',#11091,#2306);
#1937=LINE('',#11121,#2307);
#1938=LINE('',#11138,#2308);
#1939=LINE('',#11142,#2309);
#1940=LINE('',#11146,#2310);
#1941=LINE('',#11150,#2311);
#1942=LINE('',#11167,#2312);
#1943=LINE('',#11197,#2313);
#1944=LINE('',#11227,#2314);
#1945=LINE('',#11244,#2315);
#1946=LINE('',#11261,#2316);
#1947=LINE('',#11291,#2317);
#1948=LINE('',#11321,#2318);
#1949=LINE('',#11338,#2319);
#1950=LINE('',#11342,#2320);
#1951=LINE('',#11346,#2321);
#1952=LINE('',#11350,#2322);
#1953=LINE('',#11367,#2323);
#1954=LINE('',#11397,#2324);
#1955=LINE('',#11427,#2325);
#1956=LINE('',#11444,#2326);
#1957=LINE('',#11461,#2327);
#1958=LINE('',#11491,#2328);
#1959=LINE('',#11521,#2329);
#1960=LINE('',#11538,#2330);
#1961=LINE('',#11542,#2331);
#1962=LINE('',#11546,#2332);
#1963=LINE('',#11550,#2333);
#1964=LINE('',#11567,#2334);
#1965=LINE('',#11597,#2335);
#1966=LINE('',#11627,#2336);
#1967=LINE('',#11644,#2337);
#1968=LINE('',#11661,#2338);
#1969=LINE('',#11691,#2339);
#1970=LINE('',#11721,#2340);
#1971=LINE('',#11738,#2341);
#1972=LINE('',#11742,#2342);
#1973=LINE('',#11746,#2343);
#1974=LINE('',#11762,#2344);
#1975=LINE('',#11766,#2345);
#1976=LINE('',#11771,#2346);
#1977=LINE('',#11778,#2347);
#1978=LINE('',#11783,#2348);
#1979=LINE('',#11789,#2349);
#1980=LINE('',#11795,#2350);
#1981=LINE('',#11801,#2351);
#1982=LINE('',#11807,#2352);
#1983=LINE('',#11814,#2353);
#1984=LINE('',#11819,#2354);
#1985=LINE('',#11825,#2355);
#1986=LINE('',#11831,#2356);
#1987=LINE('',#11836,#2357);
#1988=LINE('',#11841,#2358);
#1989=LINE('',#11846,#2359);
#1990=LINE('',#11850,#2360);
#1991=LINE('',#11854,#2361);
#1992=LINE('',#11858,#2362);
#1993=LINE('',#11862,#2363);
#1994=LINE('',#11866,#2364);
#1995=LINE('',#11871,#2365);
#1996=LINE('',#11875,#2366);
#1997=LINE('',#11879,#2367);
#1998=LINE('',#11883,#2368);
#1999=LINE('',#11887,#2369);
#2000=LINE('',#11891,#2370);
#2001=LINE('',#11896,#2371);
#2002=LINE('',#11900,#2372);
#2003=LINE('',#11904,#2373);
#2004=LINE('',#11908,#2374);
#2005=LINE('',#11912,#2375);
#2006=LINE('',#11917,#2376);
#2007=LINE('',#11924,#2377);
#2008=LINE('',#11929,#2378);
#2009=LINE('',#11935,#2379);
#2010=LINE('',#11944,#2380);
#2011=LINE('',#11946,#2381);
#2012=LINE('',#11948,#2382);
#2013=LINE('',#11951,#2383);
#2014=LINE('',#11968,#2384);
#2015=LINE('',#11998,#2385);
#2016=LINE('',#12028,#2386);
#2017=LINE('',#12045,#2387);
#2018=LINE('',#12062,#2388);
#2019=LINE('',#12092,#2389);
#2020=LINE('',#12122,#2390);
#2021=LINE('',#12138,#2391);
#2022=LINE('',#12141,#2392);
#2023=LINE('',#12145,#2393);
#2024=LINE('',#12162,#2394);
#2025=LINE('',#12192,#2395);
#2026=LINE('',#12222,#2396);
#2027=LINE('',#12239,#2397);
#2028=LINE('',#12256,#2398);
#2029=LINE('',#12286,#2399);
#2030=LINE('',#12316,#2400);
#2031=LINE('',#12331,#2401);
#2032=LINE('',#12333,#2402);
#2033=LINE('',#12335,#2403);
#2034=LINE('',#12337,#2404);
#2035=LINE('',#12340,#2405);
#2036=LINE('',#12357,#2406);
#2037=LINE('',#12387,#2407);
#2038=LINE('',#12417,#2408);
#2039=LINE('',#12434,#2409);
#2040=LINE('',#12451,#2410);
#2041=LINE('',#12481,#2411);
#2042=LINE('',#12511,#2412);
#2043=LINE('',#12527,#2413);
#2044=LINE('',#12530,#2414);
#2045=LINE('',#12534,#2415);
#2046=LINE('',#12551,#2416);
#2047=LINE('',#12581,#2417);
#2048=LINE('',#12611,#2418);
#2049=LINE('',#12628,#2419);
#2050=LINE('',#12645,#2420);
#2051=LINE('',#12675,#2421);
#2052=LINE('',#12705,#2422);
#2053=LINE('',#12720,#2423);
#2054=LINE('',#12722,#2424);
#2055=LINE('',#12734,#2425);
#2056=LINE('',#12742,#2426);
#2057=LINE('',#12750,#2427);
#2058=LINE('',#12758,#2428);
#2059=LINE('',#12766,#2429);
#2060=LINE('',#12773,#2430);
#2061=LINE('',#12782,#2431);
#2062=LINE('',#12790,#2432);
#2063=LINE('',#12798,#2433);
#2064=LINE('',#12806,#2434);
#2065=LINE('',#12814,#2435);
#2066=LINE('',#12821,#2436);
#2067=LINE('',#12830,#2437);
#2068=LINE('',#12838,#2438);
#2069=LINE('',#12846,#2439);
#2070=LINE('',#12854,#2440);
#2071=LINE('',#12862,#2441);
#2072=LINE('',#12869,#2442);
#2073=LINE('',#12878,#2443);
#2074=LINE('',#12886,#2444);
#2075=LINE('',#12894,#2445);
#2076=LINE('',#12902,#2446);
#2077=LINE('',#12910,#2447);
#2078=LINE('',#12917,#2448);
#2079=LINE('',#12920,#2449);
#2080=LINE('',#12923,#2450);
#2081=LINE('',#12927,#2451);
#2082=LINE('',#12931,#2452);
#2083=LINE('',#12934,#2453);
#2084=LINE('',#12937,#2454);
#2085=LINE('',#12941,#2455);
#2086=LINE('',#12945,#2456);
#2087=LINE('',#12948,#2457);
#2088=LINE('',#12951,#2458);
#2089=LINE('',#12955,#2459);
#2090=LINE('',#12959,#2460);
#2091=LINE('',#12962,#2461);
#2092=LINE('',#12965,#2462);
#2093=LINE('',#12969,#2463);
#2094=LINE('',#12973,#2464);
#2095=LINE('',#12976,#2465);
#2096=LINE('',#12979,#2466);
#2097=LINE('',#12982,#2467);
#2098=LINE('',#12986,#2468);
#2099=LINE('',#12990,#2469);
#2100=LINE('',#12991,#2470);
#2101=LINE('',#12994,#2471);
#2102=LINE('',#12997,#2472);
#2103=LINE('',#13001,#2473);
#2104=LINE('',#13006,#2474);
#2105=LINE('',#13009,#2475);
#2106=LINE('',#13013,#2476);
#2107=LINE('',#13017,#2477);
#2108=LINE('',#13020,#2478);
#2109=LINE('',#13023,#2479);
#2110=LINE('',#13027,#2480);
#2111=LINE('',#13031,#2481);
#2112=LINE('',#13034,#2482);
#2113=LINE('',#13037,#2483);
#2114=LINE('',#13041,#2484);
#2115=LINE('',#13045,#2485);
#2116=LINE('',#13048,#2486);
#2117=LINE('',#13051,#2487);
#2118=LINE('',#13055,#2488);
#2119=LINE('',#13059,#2489);
#2120=LINE('',#13062,#2490);
#2121=LINE('',#13065,#2491);
#2122=LINE('',#13068,#2492);
#2123=LINE('',#13072,#2493);
#2124=LINE('',#13076,#2494);
#2125=LINE('',#13077,#2495);
#2126=LINE('',#13080,#2496);
#2127=LINE('',#13083,#2497);
#2128=LINE('',#13087,#2498);
#2129=LINE('',#13092,#2499);
#2130=LINE('',#13095,#2500);
#2131=LINE('',#13099,#2501);
#2132=LINE('',#13103,#2502);
#2133=LINE('',#13106,#2503);
#2134=LINE('',#13109,#2504);
#2135=LINE('',#13113,#2505);
#2136=LINE('',#13117,#2506);
#2137=LINE('',#13120,#2507);
#2138=LINE('',#13123,#2508);
#2139=LINE('',#13127,#2509);
#2140=LINE('',#13131,#2510);
#2141=LINE('',#13134,#2511);
#2142=LINE('',#13137,#2512);
#2143=LINE('',#13141,#2513);
#2144=LINE('',#13145,#2514);
#2145=LINE('',#13148,#2515);
#2146=LINE('',#13151,#2516);
#2147=LINE('',#13154,#2517);
#2148=LINE('',#13158,#2518);
#2149=LINE('',#13162,#2519);
#2150=LINE('',#13163,#2520);
#2151=LINE('',#13166,#2521);
#2152=LINE('',#13169,#2522);
#2153=LINE('',#13171,#2523);
#2154=LINE('',#13174,#2524);
#2155=LINE('',#13177,#2525);
#2156=LINE('',#13178,#2526);
#2157=LINE('',#13179,#2527);
#2158=LINE('',#13180,#2528);
#2159=LINE('',#13181,#2529);
#2160=LINE('',#13190,#2530);
#2161=LINE('',#13192,#2531);
#2162=LINE('',#13193,#2532);
#2163=LINE('',#13194,#2533);
#2164=LINE('',#13195,#2534);
#2165=LINE('',#13196,#2535);
#2166=LINE('',#13205,#2536);
#2167=LINE('',#13207,#2537);
#2168=LINE('',#13209,#2538);
#2169=LINE('',#13210,#2539);
#2170=LINE('',#13211,#2540);
#2171=LINE('',#13220,#2541);
#2172=LINE('',#13223,#2542);
#2173=LINE('',#13226,#2543);
#2174=LINE('',#13230,#2544);
#2175=LINE('',#13234,#2545);
#2176=LINE('',#13237,#2546);
#2177=LINE('',#13240,#2547);
#2178=LINE('',#13244,#2548);
#2179=LINE('',#13248,#2549);
#2180=LINE('',#13251,#2550);
#2181=LINE('',#13254,#2551);
#2182=LINE('',#13258,#2552);
#2183=LINE('',#13262,#2553);
#2184=LINE('',#13265,#2554);
#2185=LINE('',#13268,#2555);
#2186=LINE('',#13272,#2556);
#2187=LINE('',#13276,#2557);
#2188=LINE('',#13279,#2558);
#2189=LINE('',#13282,#2559);
#2190=LINE('',#13285,#2560);
#2191=LINE('',#13289,#2561);
#2192=LINE('',#13293,#2562);
#2193=LINE('',#13294,#2563);
#2194=LINE('',#13297,#2564);
#2195=LINE('',#13300,#2565);
#2196=LINE('',#13302,#2566);
#2197=LINE('',#13305,#2567);
#2198=LINE('',#13308,#2568);
#2199=LINE('',#13310,#2569);
#2200=LINE('',#13314,#2570);
#2201=LINE('',#13316,#2571);
#2202=LINE('',#13321,#2572);
#2203=LINE('',#13324,#2573);
#2204=LINE('',#13331,#2574);
#2205=LINE('',#13335,#2575);
#2206=LINE('',#13339,#2576);
#2207=LINE('',#13342,#2577);
#2208=LINE('',#13345,#2578);
#2209=LINE('',#13348,#2579);
#2210=LINE('',#13351,#2580);
#2211=LINE('',#13352,#2581);
#2212=LINE('',#13355,#2582);
#2213=LINE('',#13359,#2583);
#2214=LINE('',#13360,#2584);
#2215=LINE('',#13363,#2585);
#2216=LINE('',#13369,#2586);
#2217=LINE('',#13372,#2587);
#2218=LINE('',#13374,#2588);
#2219=LINE('',#13376,#2589);
#2220=LINE('',#13378,#2590);
#2221=LINE('',#13381,#2591);
#2222=LINE('',#13382,#2592);
#2223=LINE('',#13385,#2593);
#2224=LINE('',#13402,#2594);
#2225=LINE('',#13432,#2595);
#2226=LINE('',#13462,#2596);
#2227=LINE('',#13479,#2597);
#2228=LINE('',#13496,#2598);
#2229=LINE('',#13526,#2599);
#2230=LINE('',#13556,#2600);
#2231=LINE('',#13572,#2601);
#2232=LINE('',#13576,#2602);
#2233=LINE('',#13593,#2603);
#2234=LINE('',#13623,#2604);
#2235=LINE('',#13653,#2605);
#2236=LINE('',#13670,#2606);
#2237=LINE('',#13687,#2607);
#2238=LINE('',#13717,#2608);
#2239=LINE('',#13747,#2609);
#2240=LINE('',#13763,#2610);
#2241=VECTOR('',#8029,0.393700787401575);
#2242=VECTOR('',#8032,0.393700787401575);
#2243=VECTOR('',#8037,0.393700787401575);
#2244=VECTOR('',#8044,0.393700787401575);
#2245=VECTOR('',#8051,0.393700787401575);
#2246=VECTOR('',#8058,0.393700787401575);
#2247=VECTOR('',#8065,0.393700787401575);
#2248=VECTOR('',#8072,0.393700787401575);
#2249=VECTOR('',#8079,0.393700787401575);
#2250=VECTOR('',#8086,0.393700787401575);
#2251=VECTOR('',#8093,0.393700787401575);
#2252=VECTOR('',#8100,0.393700787401575);
#2253=VECTOR('',#8107,0.393700787401575);
#2254=VECTOR('',#8114,0.393700787401575);
#2255=VECTOR('',#8121,0.393700787401575);
#2256=VECTOR('',#8128,0.393700787401575);
#2257=VECTOR('',#8135,0.393700787401575);
#2258=VECTOR('',#8142,0.393700787401575);
#2259=VECTOR('',#8149,0.393700787401575);
#2260=VECTOR('',#8156,0.393700787401575);
#2261=VECTOR('',#8163,0.393700787401575);
#2262=VECTOR('',#8170,0.393700787401575);
#2263=VECTOR('',#8177,0.393700787401575);
#2264=VECTOR('',#8184,0.393700787401575);
#2265=VECTOR('',#8191,0.393700787401575);
#2266=VECTOR('',#8198,0.393700787401575);
#2267=VECTOR('',#8205,0.393700787401575);
#2268=VECTOR('',#8212,0.393700787401575);
#2269=VECTOR('',#8219,0.393700787401575);
#2270=VECTOR('',#8226,0.393700787401575);
#2271=VECTOR('',#8233,0.393700787401575);
#2272=VECTOR('',#8240,0.393700787401575);
#2273=VECTOR('',#8247,0.393700787401575);
#2274=VECTOR('',#8254,0.393700787401575);
#2275=VECTOR('',#8261,0.393700787401575);
#2276=VECTOR('',#8268,0.393700787401575);
#2277=VECTOR('',#8281,0.393700787401575);
#2278=VECTOR('',#8284,0.393700787401575);
#2279=VECTOR('',#8287,0.393700787401575);
#2280=VECTOR('',#8290,0.393700787401575);
#2281=VECTOR('',#8293,0.393700787401575);
#2282=VECTOR('',#8296,0.393700787401575);
#2283=VECTOR('',#8299,0.393700787401575);
#2284=VECTOR('',#8302,0.393700787401575);
#2285=VECTOR('',#8305,0.393700787401575);
#2286=VECTOR('',#8308,0.393700787401575);
#2287=VECTOR('',#8311,0.393700787401575);
#2288=VECTOR('',#8316,0.393700787401575);
#2289=VECTOR('',#8319,0.393700787401575);
#2290=VECTOR('',#8322,0.393700787401575);
#2291=VECTOR('',#8325,0.393700787401575);
#2292=VECTOR('',#8328,0.393700787401575);
#2293=VECTOR('',#8331,0.393700787401575);
#2294=VECTOR('',#8334,0.393700787401575);
#2295=VECTOR('',#8337,0.393700787401575);
#2296=VECTOR('',#8340,0.393700787401575);
#2297=VECTOR('',#8345,0.393700787401575);
#2298=VECTOR('',#8350,0.393700787401575);
#2299=VECTOR('',#8355,0.393700787401575);
#2300=VECTOR('',#8360,0.393700787401575);
#2301=VECTOR('',#8363,0.393700787401575);
#2302=VECTOR('',#8366,0.393700787401575);
#2303=VECTOR('',#8369,0.393700787401575);
#2304=VECTOR('',#8372,0.393700787401575);
#2305=VECTOR('',#8375,0.393700787401575);
#2306=VECTOR('',#8378,0.393700787401575);
#2307=VECTOR('',#8381,0.393700787401575);
#2308=VECTOR('',#8384,0.393700787401575);
#2309=VECTOR('',#8389,0.393700787401575);
#2310=VECTOR('',#8394,0.393700787401575);
#2311=VECTOR('',#8397,0.393700787401575);
#2312=VECTOR('',#8400,0.393700787401575);
#2313=VECTOR('',#8403,0.393700787401575);
#2314=VECTOR('',#8406,0.393700787401575);
#2315=VECTOR('',#8409,0.393700787401575);
#2316=VECTOR('',#8412,0.393700787401575);
#2317=VECTOR('',#8415,0.393700787401575);
#2318=VECTOR('',#8418,0.393700787401575);
#2319=VECTOR('',#8423,0.393700787401575);
#2320=VECTOR('',#8428,0.393700787401575);
#2321=VECTOR('',#8433,0.393700787401575);
#2322=VECTOR('',#8438,0.393700787401575);
#2323=VECTOR('',#8441,0.393700787401575);
#2324=VECTOR('',#8444,0.393700787401575);
#2325=VECTOR('',#8447,0.393700787401575);
#2326=VECTOR('',#8450,0.393700787401575);
#2327=VECTOR('',#8453,0.393700787401575);
#2328=VECTOR('',#8456,0.393700787401575);
#2329=VECTOR('',#8459,0.393700787401575);
#2330=VECTOR('',#8462,0.393700787401575);
#2331=VECTOR('',#8467,0.393700787401575);
#2332=VECTOR('',#8472,0.393700787401575);
#2333=VECTOR('',#8475,0.393700787401575);
#2334=VECTOR('',#8478,0.393700787401575);
#2335=VECTOR('',#8481,0.393700787401575);
#2336=VECTOR('',#8484,0.393700787401575);
#2337=VECTOR('',#8487,0.393700787401575);
#2338=VECTOR('',#8490,0.393700787401575);
#2339=VECTOR('',#8493,0.393700787401575);
#2340=VECTOR('',#8496,0.393700787401575);
#2341=VECTOR('',#8501,0.393700787401575);
#2342=VECTOR('',#8506,0.393700787401575);
#2343=VECTOR('',#8511,0.393700787401575);
#2344=VECTOR('',#8528,0.393700787401575);
#2345=VECTOR('',#8531,0.393700787401575);
#2346=VECTOR('',#8536,0.393700787401575);
#2347=VECTOR('',#8545,0.393700787401575);
#2348=VECTOR('',#8550,0.393700787401575);
#2349=VECTOR('',#8557,0.393700787401575);
#2350=VECTOR('',#8564,0.393700787401575);
#2351=VECTOR('',#8571,0.393700787401575);
#2352=VECTOR('',#8578,0.393700787401575);
#2353=VECTOR('',#8587,0.393700787401575);
#2354=VECTOR('',#8592,0.393700787401575);
#2355=VECTOR('',#8599,0.393700787401575);
#2356=VECTOR('',#8606,0.393700787401575);
#2357=VECTOR('',#8613,0.393700787401575);
#2358=VECTOR('',#8620,0.393700787401575);
#2359=VECTOR('',#8627,0.393700787401575);
#2360=VECTOR('',#8632,0.393700787401575);
#2361=VECTOR('',#8637,0.393700787401575);
#2362=VECTOR('',#8642,0.393700787401575);
#2363=VECTOR('',#8647,0.393700787401575);
#2364=VECTOR('',#8652,0.393700787401575);
#2365=VECTOR('',#8659,0.393700787401575);
#2366=VECTOR('',#8664,0.393700787401575);
#2367=VECTOR('',#8669,0.393700787401575);
#2368=VECTOR('',#8674,0.393700787401575);
#2369=VECTOR('',#8679,0.393700787401575);
#2370=VECTOR('',#8684,0.393700787401575);
#2371=VECTOR('',#8691,0.393700787401575);
#2372=VECTOR('',#8696,0.393700787401575);
#2373=VECTOR('',#8701,0.393700787401575);
#2374=VECTOR('',#8706,0.393700787401575);
#2375=VECTOR('',#8711,0.393700787401575);
#2376=VECTOR('',#8716,0.393700787401575);
#2377=VECTOR('',#8725,0.393700787401575);
#2378=VECTOR('',#8730,0.393700787401575);
#2379=VECTOR('',#8737,0.393700787401575);
#2380=VECTOR('',#8754,0.393700787401575);
#2381=VECTOR('',#8757,0.393700787401575);
#2382=VECTOR('',#8760,0.393700787401575);
#2383=VECTOR('',#8763,0.393700787401575);
#2384=VECTOR('',#8766,0.393700787401575);
#2385=VECTOR('',#8769,0.393700787401575);
#2386=VECTOR('',#8772,0.393700787401575);
#2387=VECTOR('',#8775,0.393700787401575);
#2388=VECTOR('',#8778,0.393700787401575);
#2389=VECTOR('',#8781,0.393700787401575);
#2390=VECTOR('',#8784,0.393700787401575);
#2391=VECTOR('',#8787,0.393700787401575);
#2392=VECTOR('',#8790,0.393700787401575);
#2393=VECTOR('',#8795,0.393700787401575);
#2394=VECTOR('',#8798,0.393700787401575);
#2395=VECTOR('',#8801,0.393700787401575);
#2396=VECTOR('',#8804,0.393700787401575);
#2397=VECTOR('',#8807,0.393700787401575);
#2398=VECTOR('',#8810,0.393700787401575);
#2399=VECTOR('',#8813,0.393700787401575);
#2400=VECTOR('',#8816,0.393700787401575);
#2401=VECTOR('',#8819,0.393700787401575);
#2402=VECTOR('',#8822,0.393700787401575);
#2403=VECTOR('',#8825,0.393700787401575);
#2404=VECTOR('',#8828,0.393700787401575);
#2405=VECTOR('',#8831,0.393700787401575);
#2406=VECTOR('',#8834,0.393700787401575);
#2407=VECTOR('',#8837,0.393700787401575);
#2408=VECTOR('',#8840,0.393700787401575);
#2409=VECTOR('',#8843,0.393700787401575);
#2410=VECTOR('',#8846,0.393700787401575);
#2411=VECTOR('',#8849,0.393700787401575);
#2412=VECTOR('',#8852,0.393700787401575);
#2413=VECTOR('',#8855,0.393700787401575);
#2414=VECTOR('',#8858,0.393700787401575);
#2415=VECTOR('',#8863,0.393700787401575);
#2416=VECTOR('',#8866,0.393700787401575);
#2417=VECTOR('',#8869,0.393700787401575);
#2418=VECTOR('',#8872,0.393700787401575);
#2419=VECTOR('',#8875,0.393700787401575);
#2420=VECTOR('',#8878,0.393700787401575);
#2421=VECTOR('',#8881,0.393700787401575);
#2422=VECTOR('',#8884,0.393700787401575);
#2423=VECTOR('',#8887,0.393700787401575);
#2424=VECTOR('',#8890,0.393700787401575);
#2425=VECTOR('',#8901,0.393700787401575);
#2426=VECTOR('',#8908,0.393700787401575);
#2427=VECTOR('',#8915,0.393700787401575);
#2428=VECTOR('',#8922,0.393700787401575);
#2429=VECTOR('',#8929,0.393700787401575);
#2430=VECTOR('',#8936,0.393700787401575);
#2431=VECTOR('',#8943,0.393700787401575);
#2432=VECTOR('',#8950,0.393700787401575);
#2433=VECTOR('',#8957,0.393700787401575);
#2434=VECTOR('',#8964,0.393700787401575);
#2435=VECTOR('',#8971,0.393700787401575);
#2436=VECTOR('',#8978,0.393700787401575);
#2437=VECTOR('',#8985,0.393700787401575);
#2438=VECTOR('',#8992,0.393700787401575);
#2439=VECTOR('',#8999,0.393700787401575);
#2440=VECTOR('',#9006,0.393700787401575);
#2441=VECTOR('',#9013,0.393700787401575);
#2442=VECTOR('',#9020,0.393700787401575);
#2443=VECTOR('',#9027,0.393700787401575);
#2444=VECTOR('',#9034,0.393700787401575);
#2445=VECTOR('',#9041,0.393700787401575);
#2446=VECTOR('',#9048,0.393700787401575);
#2447=VECTOR('',#9055,0.393700787401575);
#2448=VECTOR('',#9062,0.393700787401575);
#2449=VECTOR('',#9065,0.393700787401575);
#2450=VECTOR('',#9068,0.393700787401575);
#2451=VECTOR('',#9073,0.393700787401575);
#2452=VECTOR('',#9078,0.393700787401575);
#2453=VECTOR('',#9081,0.393700787401575);
#2454=VECTOR('',#9084,0.393700787401575);
#2455=VECTOR('',#9089,0.393700787401575);
#2456=VECTOR('',#9094,0.393700787401575);
#2457=VECTOR('',#9097,0.393700787401575);
#2458=VECTOR('',#9100,0.393700787401575);
#2459=VECTOR('',#9105,0.393700787401575);
#2460=VECTOR('',#9110,0.393700787401575);
#2461=VECTOR('',#9113,0.393700787401575);
#2462=VECTOR('',#9116,0.393700787401575);
#2463=VECTOR('',#9121,0.393700787401575);
#2464=VECTOR('',#9126,0.393700787401575);
#2465=VECTOR('',#9129,0.393700787401575);
#2466=VECTOR('',#9132,0.393700787401575);
#2467=VECTOR('',#9135,0.393700787401575);
#2468=VECTOR('',#9140,0.393700787401575);
#2469=VECTOR('',#9145,0.393700787401575);
#2470=VECTOR('',#9146,0.393700787401575);
#2471=VECTOR('',#9149,0.393700787401575);
#2472=VECTOR('',#9152,0.393700787401575);
#2473=VECTOR('',#9157,0.393700787401575);
#2474=VECTOR('',#9164,0.393700787401575);
#2475=VECTOR('',#9167,0.393700787401575);
#2476=VECTOR('',#9172,0.393700787401575);
#2477=VECTOR('',#9177,0.393700787401575);
#2478=VECTOR('',#9180,0.393700787401575);
#2479=VECTOR('',#9183,0.393700787401575);
#2480=VECTOR('',#9188,0.393700787401575);
#2481=VECTOR('',#9193,0.393700787401575);
#2482=VECTOR('',#9196,0.393700787401575);
#2483=VECTOR('',#9199,0.393700787401575);
#2484=VECTOR('',#9204,0.393700787401575);
#2485=VECTOR('',#9209,0.393700787401575);
#2486=VECTOR('',#9212,0.393700787401575);
#2487=VECTOR('',#9215,0.393700787401575);
#2488=VECTOR('',#9220,0.393700787401575);
#2489=VECTOR('',#9225,0.393700787401575);
#2490=VECTOR('',#9228,0.393700787401575);
#2491=VECTOR('',#9231,0.393700787401575);
#2492=VECTOR('',#9234,0.393700787401575);
#2493=VECTOR('',#9239,0.393700787401575);
#2494=VECTOR('',#9244,0.393700787401575);
#2495=VECTOR('',#9245,0.393700787401575);
#2496=VECTOR('',#9248,0.393700787401575);
#2497=VECTOR('',#9251,0.393700787401575);
#2498=VECTOR('',#9256,0.393700787401575);
#2499=VECTOR('',#9263,0.393700787401575);
#2500=VECTOR('',#9266,0.393700787401575);
#2501=VECTOR('',#9271,0.393700787401575);
#2502=VECTOR('',#9276,0.393700787401575);
#2503=VECTOR('',#9279,0.393700787401575);
#2504=VECTOR('',#9282,0.393700787401575);
#2505=VECTOR('',#9287,0.393700787401575);
#2506=VECTOR('',#9292,0.393700787401575);
#2507=VECTOR('',#9295,0.393700787401575);
#2508=VECTOR('',#9298,0.393700787401575);
#2509=VECTOR('',#9303,0.393700787401575);
#2510=VECTOR('',#9308,0.393700787401575);
#2511=VECTOR('',#9311,0.393700787401575);
#2512=VECTOR('',#9314,0.393700787401575);
#2513=VECTOR('',#9319,0.393700787401575);
#2514=VECTOR('',#9324,0.393700787401575);
#2515=VECTOR('',#9327,0.393700787401575);
#2516=VECTOR('',#9330,0.393700787401575);
#2517=VECTOR('',#9333,0.393700787401575);
#2518=VECTOR('',#9338,0.393700787401575);
#2519=VECTOR('',#9343,0.393700787401575);
#2520=VECTOR('',#9344,0.393700787401575);
#2521=VECTOR('',#9347,0.393700787401575);
#2522=VECTOR('',#9350,0.393700787401575);
#2523=VECTOR('',#9353,0.393700787401575);
#2524=VECTOR('',#9356,0.393700787401575);
#2525=VECTOR('',#9361,0.393700787401575);
#2526=VECTOR('',#9362,0.393700787401575);
#2527=VECTOR('',#9363,0.393700787401575);
#2528=VECTOR('',#9364,0.393700787401575);
#2529=VECTOR('',#9365,0.393700787401575);
#2530=VECTOR('',#9380,0.086);
#2531=VECTOR('',#9383,0.393700787401575);
#2532=VECTOR('',#9384,0.393700787401575);
#2533=VECTOR('',#9385,0.393700787401575);
#2534=VECTOR('',#9386,0.393700787401575);
#2535=VECTOR('',#9387,0.393700787401575);
#2536=VECTOR('',#9402,0.086);
#2537=VECTOR('',#9405,0.393700787401575);
#2538=VECTOR('',#9408,0.393700787401575);
#2539=VECTOR('',#9409,0.393700787401575);
#2540=VECTOR('',#9410,0.393700787401575);
#2541=VECTOR('',#9425,0.086);
#2542=VECTOR('',#9428,0.393700787401575);
#2543=VECTOR('',#9431,0.393700787401575);
#2544=VECTOR('',#9436,0.393700787401575);
#2545=VECTOR('',#9441,0.393700787401575);
#2546=VECTOR('',#9444,0.393700787401575);
#2547=VECTOR('',#9447,0.393700787401575);
#2548=VECTOR('',#9452,0.393700787401575);
#2549=VECTOR('',#9457,0.393700787401575);
#2550=VECTOR('',#9460,0.393700787401575);
#2551=VECTOR('',#9463,0.393700787401575);
#2552=VECTOR('',#9468,0.393700787401575);
#2553=VECTOR('',#9473,0.393700787401575);
#2554=VECTOR('',#9476,0.393700787401575);
#2555=VECTOR('',#9479,0.393700787401575);
#2556=VECTOR('',#9484,0.393700787401575);
#2557=VECTOR('',#9489,0.393700787401575);
#2558=VECTOR('',#9492,0.393700787401575);
#2559=VECTOR('',#9495,0.393700787401575);
#2560=VECTOR('',#9498,0.393700787401575);
#2561=VECTOR('',#9503,0.393700787401575);
#2562=VECTOR('',#9508,0.393700787401575);
#2563=VECTOR('',#9509,0.393700787401575);
#2564=VECTOR('',#9512,0.393700787401575);
#2565=VECTOR('',#9515,0.393700787401575);
#2566=VECTOR('',#9518,0.393700787401575);
#2567=VECTOR('',#9521,0.393700787401575);
#2568=VECTOR('',#9526,0.393700787401575);
#2569=VECTOR('',#9529,0.393700787401575);
#2570=VECTOR('',#9536,0.393700787401575);
#2571=VECTOR('',#9539,0.393700787401575);
#2572=VECTOR('',#9546,0.086);
#2573=VECTOR('',#9549,0.225);
#2574=VECTOR('',#9556,0.393700787401575);
#2575=VECTOR('',#9559,0.393700787401575);
#2576=VECTOR('',#9562,0.393700787401575);
#2577=VECTOR('',#9565,0.393700787401575);
#2578=VECTOR('',#9568,0.393700787401575);
#2579=VECTOR('',#9571,0.393700787401575);
#2580=VECTOR('',#9574,0.393700787401575);
#2581=VECTOR('',#9575,0.393700787401575);
#2582=VECTOR('',#9578,0.393700787401575);
#2583=VECTOR('',#9583,0.393700787401575);
#2584=VECTOR('',#9584,0.393700787401575);
#2585=VECTOR('',#9587,0.225);
#2586=VECTOR('',#9594,0.393700787401575);
#2587=VECTOR('',#9597,0.393700787401575);
#2588=VECTOR('',#9600,0.393700787401575);
#2589=VECTOR('',#9603,0.393700787401575);
#2590=VECTOR('',#9606,0.393700787401575);
#2591=VECTOR('',#9611,0.393700787401575);
#2592=VECTOR('',#9612,0.393700787401575);
#2593=VECTOR('',#9615,0.393700787401575);
#2594=VECTOR('',#9618,0.393700787401575);
#2595=VECTOR('',#9621,0.393700787401575);
#2596=VECTOR('',#9624,0.393700787401575);
#2597=VECTOR('',#9627,0.393700787401575);
#2598=VECTOR('',#9630,0.393700787401575);
#2599=VECTOR('',#9633,0.393700787401575);
#2600=VECTOR('',#9636,0.393700787401575);
#2601=VECTOR('',#9639,0.393700787401575);
#2602=VECTOR('',#9644,0.393700787401575);
#2603=VECTOR('',#9647,0.393700787401575);
#2604=VECTOR('',#9650,0.393700787401575);
#2605=VECTOR('',#9653,0.393700787401575);
#2606=VECTOR('',#9656,0.393700787401575);
#2607=VECTOR('',#9659,0.393700787401575);
#2608=VECTOR('',#9662,0.393700787401575);
#2609=VECTOR('',#9665,0.393700787401575);
#2610=VECTOR('',#9668,0.393700787401575);
#2611=VERTEX_POINT('',#10331);
#2612=VERTEX_POINT('',#10332);
#2613=VERTEX_POINT('',#10334);
#2614=VERTEX_POINT('',#10336);
#2615=VERTEX_POINT('',#10340);
#2616=VERTEX_POINT('',#10341);
#2617=VERTEX_POINT('',#10346);
#2618=VERTEX_POINT('',#10347);
#2619=VERTEX_POINT('',#10352);
#2620=VERTEX_POINT('',#10353);
#2621=VERTEX_POINT('',#10358);
#2622=VERTEX_POINT('',#10359);
#2623=VERTEX_POINT('',#10364);
#2624=VERTEX_POINT('',#10365);
#2625=VERTEX_POINT('',#10370);
#2626=VERTEX_POINT('',#10371);
#2627=VERTEX_POINT('',#10376);
#2628=VERTEX_POINT('',#10377);
#2629=VERTEX_POINT('',#10382);
#2630=VERTEX_POINT('',#10383);
#2631=VERTEX_POINT('',#10388);
#2632=VERTEX_POINT('',#10389);
#2633=VERTEX_POINT('',#10394);
#2634=VERTEX_POINT('',#10395);
#2635=VERTEX_POINT('',#10400);
#2636=VERTEX_POINT('',#10401);
#2637=VERTEX_POINT('',#10406);
#2638=VERTEX_POINT('',#10407);
#2639=VERTEX_POINT('',#10412);
#2640=VERTEX_POINT('',#10413);
#2641=VERTEX_POINT('',#10418);
#2642=VERTEX_POINT('',#10419);
#2643=VERTEX_POINT('',#10424);
#2644=VERTEX_POINT('',#10425);
#2645=VERTEX_POINT('',#10430);
#2646=VERTEX_POINT('',#10431);
#2647=VERTEX_POINT('',#10436);
#2648=VERTEX_POINT('',#10437);
#2649=VERTEX_POINT('',#10442);
#2650=VERTEX_POINT('',#10443);
#2651=VERTEX_POINT('',#10448);
#2652=VERTEX_POINT('',#10449);
#2653=VERTEX_POINT('',#10454);
#2654=VERTEX_POINT('',#10455);
#2655=VERTEX_POINT('',#10460);
#2656=VERTEX_POINT('',#10461);
#2657=VERTEX_POINT('',#10466);
#2658=VERTEX_POINT('',#10467);
#2659=VERTEX_POINT('',#10472);
#2660=VERTEX_POINT('',#10473);
#2661=VERTEX_POINT('',#10478);
#2662=VERTEX_POINT('',#10479);
#2663=VERTEX_POINT('',#10484);
#2664=VERTEX_POINT('',#10485);
#2665=VERTEX_POINT('',#10490);
#2666=VERTEX_POINT('',#10491);
#2667=VERTEX_POINT('',#10496);
#2668=VERTEX_POINT('',#10497);
#2669=VERTEX_POINT('',#10502);
#2670=VERTEX_POINT('',#10503);
#2671=VERTEX_POINT('',#10508);
#2672=VERTEX_POINT('',#10509);
#2673=VERTEX_POINT('',#10514);
#2674=VERTEX_POINT('',#10515);
#2675=VERTEX_POINT('',#10520);
#2676=VERTEX_POINT('',#10521);
#2677=VERTEX_POINT('',#10526);
#2678=VERTEX_POINT('',#10527);
#2679=VERTEX_POINT('',#10532);
#2680=VERTEX_POINT('',#10533);
#2681=VERTEX_POINT('',#10538);
#2682=VERTEX_POINT('',#10539);
#2683=VERTEX_POINT('',#10547);
#2684=VERTEX_POINT('',#10549);
#2685=VERTEX_POINT('',#10551);
#2686=VERTEX_POINT('',#10564);
#2687=VERTEX_POINT('',#10566);
#2688=VERTEX_POINT('',#10579);
#2689=VERTEX_POINT('',#10581);
#2690=VERTEX_POINT('',#10594);
#2691=VERTEX_POINT('',#10596);
#2692=VERTEX_POINT('',#10609);
#2693=VERTEX_POINT('',#10611);
#2694=VERTEX_POINT('',#10624);
#2695=VERTEX_POINT('',#10626);
#2696=VERTEX_POINT('',#10639);
#2697=VERTEX_POINT('',#10641);
#2698=VERTEX_POINT('',#10643);
#2699=VERTEX_POINT('',#10645);
#2700=VERTEX_POINT('',#10658);
#2701=VERTEX_POINT('',#10660);
#2702=VERTEX_POINT('',#10673);
#2703=VERTEX_POINT('',#10675);
#2704=VERTEX_POINT('',#10688);
#2705=VERTEX_POINT('',#10690);
#2706=VERTEX_POINT('',#10703);
#2707=VERTEX_POINT('',#10705);
#2708=VERTEX_POINT('',#10718);
#2709=VERTEX_POINT('',#10720);
#2710=VERTEX_POINT('',#10733);
#2711=VERTEX_POINT('',#10735);
#2712=VERTEX_POINT('',#10737);
#2713=VERTEX_POINT('',#10741);
#2714=VERTEX_POINT('',#10745);
#2715=VERTEX_POINT('',#10747);
#2716=VERTEX_POINT('',#10749);
#2717=VERTEX_POINT('',#10751);
#2718=VERTEX_POINT('',#10753);
#2719=VERTEX_POINT('',#10766);
#2720=VERTEX_POINT('',#10768);
#2721=VERTEX_POINT('',#10781);
#2722=VERTEX_POINT('',#10783);
#2723=VERTEX_POINT('',#10796);
#2724=VERTEX_POINT('',#10798);
#2725=VERTEX_POINT('',#10811);
#2726=VERTEX_POINT('',#10813);
#2727=VERTEX_POINT('',#10826);
#2728=VERTEX_POINT('',#10828);
#2729=VERTEX_POINT('',#10841);
#2730=VERTEX_POINT('',#10843);
#2731=VERTEX_POINT('',#10845);
#2732=VERTEX_POINT('',#10847);
#2733=VERTEX_POINT('',#10860);
#2734=VERTEX_POINT('',#10862);
#2735=VERTEX_POINT('',#10875);
#2736=VERTEX_POINT('',#10877);
#2737=VERTEX_POINT('',#10890);
#2738=VERTEX_POINT('',#10892);
#2739=VERTEX_POINT('',#10905);
#2740=VERTEX_POINT('',#10907);
#2741=VERTEX_POINT('',#10920);
#2742=VERTEX_POINT('',#10922);
#2743=VERTEX_POINT('',#10937);
#2744=VERTEX_POINT('',#10941);
#2745=VERTEX_POINT('',#10945);
#2746=VERTEX_POINT('',#10949);
#2747=VERTEX_POINT('',#10951);
#2748=VERTEX_POINT('',#10953);
#2749=VERTEX_POINT('',#10966);
#2750=VERTEX_POINT('',#10968);
#2751=VERTEX_POINT('',#10981);
#2752=VERTEX_POINT('',#10983);
#2753=VERTEX_POINT('',#10996);
#2754=VERTEX_POINT('',#10998);
#2755=VERTEX_POINT('',#11011);
#2756=VERTEX_POINT('',#11013);
#2757=VERTEX_POINT('',#11026);
#2758=VERTEX_POINT('',#11028);
#2759=VERTEX_POINT('',#11041);
#2760=VERTEX_POINT('',#11043);
#2761=VERTEX_POINT('',#11045);
#2762=VERTEX_POINT('',#11047);
#2763=VERTEX_POINT('',#11060);
#2764=VERTEX_POINT('',#11062);
#2765=VERTEX_POINT('',#11075);
#2766=VERTEX_POINT('',#11077);
#2767=VERTEX_POINT('',#11090);
#2768=VERTEX_POINT('',#11092);
#2769=VERTEX_POINT('',#11105);
#2770=VERTEX_POINT('',#11107);
#2771=VERTEX_POINT('',#11120);
#2772=VERTEX_POINT('',#11122);
#2773=VERTEX_POINT('',#11135);
#2774=VERTEX_POINT('',#11137);
#2775=VERTEX_POINT('',#11141);
#2776=VERTEX_POINT('',#11145);
#2777=VERTEX_POINT('',#11147);
#2778=VERTEX_POINT('',#11149);
#2779=VERTEX_POINT('',#11151);
#2780=VERTEX_POINT('',#11153);
#2781=VERTEX_POINT('',#11166);
#2782=VERTEX_POINT('',#11168);
#2783=VERTEX_POINT('',#11181);
#2784=VERTEX_POINT('',#11183);
#2785=VERTEX_POINT('',#11196);
#2786=VERTEX_POINT('',#11198);
#2787=VERTEX_POINT('',#11211);
#2788=VERTEX_POINT('',#11213);
#2789=VERTEX_POINT('',#11226);
#2790=VERTEX_POINT('',#11228);
#2791=VERTEX_POINT('',#11241);
#2792=VERTEX_POINT('',#11243);
#2793=VERTEX_POINT('',#11245);
#2794=VERTEX_POINT('',#11247);
#2795=VERTEX_POINT('',#11260);
#2796=VERTEX_POINT('',#11262);
#2797=VERTEX_POINT('',#11275);
#2798=VERTEX_POINT('',#11277);
#2799=VERTEX_POINT('',#11290);
#2800=VERTEX_POINT('',#11292);
#2801=VERTEX_POINT('',#11305);
#2802=VERTEX_POINT('',#11307);
#2803=VERTEX_POINT('',#11320);
#2804=VERTEX_POINT('',#11322);
#2805=VERTEX_POINT('',#11337);
#2806=VERTEX_POINT('',#11341);
#2807=VERTEX_POINT('',#11345);
#2808=VERTEX_POINT('',#11349);
#2809=VERTEX_POINT('',#11351);
#2810=VERTEX_POINT('',#11353);
#2811=VERTEX_POINT('',#11366);
#2812=VERTEX_POINT('',#11368);
#2813=VERTEX_POINT('',#11381);
#2814=VERTEX_POINT('',#11383);
#2815=VERTEX_POINT('',#11396);
#2816=VERTEX_POINT('',#11398);
#2817=VERTEX_POINT('',#11411);
#2818=VERTEX_POINT('',#11413);
#2819=VERTEX_POINT('',#11426);
#2820=VERTEX_POINT('',#11428);
#2821=VERTEX_POINT('',#11441);
#2822=VERTEX_POINT('',#11443);
#2823=VERTEX_POINT('',#11445);
#2824=VERTEX_POINT('',#11447);
#2825=VERTEX_POINT('',#11460);
#2826=VERTEX_POINT('',#11462);
#2827=VERTEX_POINT('',#11475);
#2828=VERTEX_POINT('',#11477);
#2829=VERTEX_POINT('',#11490);
#2830=VERTEX_POINT('',#11492);
#2831=VERTEX_POINT('',#11505);
#2832=VERTEX_POINT('',#11507);
#2833=VERTEX_POINT('',#11520);
#2834=VERTEX_POINT('',#11522);
#2835=VERTEX_POINT('',#11535);
#2836=VERTEX_POINT('',#11537);
#2837=VERTEX_POINT('',#11541);
#2838=VERTEX_POINT('',#11545);
#2839=VERTEX_POINT('',#11547);
#2840=VERTEX_POINT('',#11549);
#2841=VERTEX_POINT('',#11551);
#2842=VERTEX_POINT('',#11553);
#2843=VERTEX_POINT('',#11566);
#2844=VERTEX_POINT('',#11568);
#2845=VERTEX_POINT('',#11581);
#2846=VERTEX_POINT('',#11583);
#2847=VERTEX_POINT('',#11596);
#2848=VERTEX_POINT('',#11598);
#2849=VERTEX_POINT('',#11611);
#2850=VERTEX_POINT('',#11613);
#2851=VERTEX_POINT('',#11626);
#2852=VERTEX_POINT('',#11628);
#2853=VERTEX_POINT('',#11641);
#2854=VERTEX_POINT('',#11643);
#2855=VERTEX_POINT('',#11645);
#2856=VERTEX_POINT('',#11647);
#2857=VERTEX_POINT('',#11660);
#2858=VERTEX_POINT('',#11662);
#2859=VERTEX_POINT('',#11675);
#2860=VERTEX_POINT('',#11677);
#2861=VERTEX_POINT('',#11690);
#2862=VERTEX_POINT('',#11692);
#2863=VERTEX_POINT('',#11705);
#2864=VERTEX_POINT('',#11707);
#2865=VERTEX_POINT('',#11720);
#2866=VERTEX_POINT('',#11722);
#2867=VERTEX_POINT('',#11737);
#2868=VERTEX_POINT('',#11741);
#2869=VERTEX_POINT('',#11745);
#2870=VERTEX_POINT('',#11749);
#2871=VERTEX_POINT('',#11751);
#2872=VERTEX_POINT('',#11753);
#2873=VERTEX_POINT('',#11755);
#2874=VERTEX_POINT('',#11757);
#2875=VERTEX_POINT('',#11760);
#2876=VERTEX_POINT('',#11761);
#2877=VERTEX_POINT('',#11763);
#2878=VERTEX_POINT('',#11765);
#2879=VERTEX_POINT('',#11769);
#2880=VERTEX_POINT('',#11770);
#2881=VERTEX_POINT('',#11775);
#2882=VERTEX_POINT('',#11777);
#2883=VERTEX_POINT('',#11781);
#2884=VERTEX_POINT('',#11782);
#2885=VERTEX_POINT('',#11787);
#2886=VERTEX_POINT('',#11788);
#2887=VERTEX_POINT('',#11793);
#2888=VERTEX_POINT('',#11794);
#2889=VERTEX_POINT('',#11799);
#2890=VERTEX_POINT('',#11800);
#2891=VERTEX_POINT('',#11805);
#2892=VERTEX_POINT('',#11806);
#2893=VERTEX_POINT('',#11811);
#2894=VERTEX_POINT('',#11813);
#2895=VERTEX_POINT('',#11817);
#2896=VERTEX_POINT('',#11818);
#2897=VERTEX_POINT('',#11823);
#2898=VERTEX_POINT('',#11824);
#2899=VERTEX_POINT('',#11829);
#2900=VERTEX_POINT('',#11830);
#2901=VERTEX_POINT('',#11835);
#2902=VERTEX_POINT('',#11840);
#2903=VERTEX_POINT('',#11845);
#2904=VERTEX_POINT('',#11849);
#2905=VERTEX_POINT('',#11853);
#2906=VERTEX_POINT('',#11857);
#2907=VERTEX_POINT('',#11861);
#2908=VERTEX_POINT('',#11865);
#2909=VERTEX_POINT('',#11870);
#2910=VERTEX_POINT('',#11874);
#2911=VERTEX_POINT('',#11878);
#2912=VERTEX_POINT('',#11882);
#2913=VERTEX_POINT('',#11886);
#2914=VERTEX_POINT('',#11890);
#2915=VERTEX_POINT('',#11895);
#2916=VERTEX_POINT('',#11899);
#2917=VERTEX_POINT('',#11903);
#2918=VERTEX_POINT('',#11907);
#2919=VERTEX_POINT('',#11911);
#2920=VERTEX_POINT('',#11915);
#2921=VERTEX_POINT('',#11916);
#2922=VERTEX_POINT('',#11921);
#2923=VERTEX_POINT('',#11923);
#2924=VERTEX_POINT('',#11927);
#2925=VERTEX_POINT('',#11928);
#2926=VERTEX_POINT('',#11933);
#2927=VERTEX_POINT('',#11934);
#2928=VERTEX_POINT('',#11950);
#2929=VERTEX_POINT('',#11952);
#2930=VERTEX_POINT('',#11954);
#2931=VERTEX_POINT('',#11967);
#2932=VERTEX_POINT('',#11969);
#2933=VERTEX_POINT('',#11982);
#2934=VERTEX_POINT('',#11984);
#2935=VERTEX_POINT('',#11997);
#2936=VERTEX_POINT('',#11999);
#2937=VERTEX_POINT('',#12012);
#2938=VERTEX_POINT('',#12014);
#2939=VERTEX_POINT('',#12027);
#2940=VERTEX_POINT('',#12029);
#2941=VERTEX_POINT('',#12042);
#2942=VERTEX_POINT('',#12044);
#2943=VERTEX_POINT('',#12046);
#2944=VERTEX_POINT('',#12048);
#2945=VERTEX_POINT('',#12061);
#2946=VERTEX_POINT('',#12063);
#2947=VERTEX_POINT('',#12076);
#2948=VERTEX_POINT('',#12078);
#2949=VERTEX_POINT('',#12091);
#2950=VERTEX_POINT('',#12093);
#2951=VERTEX_POINT('',#12106);
#2952=VERTEX_POINT('',#12108);
#2953=VERTEX_POINT('',#12121);
#2954=VERTEX_POINT('',#12123);
#2955=VERTEX_POINT('',#12136);
#2956=VERTEX_POINT('',#12140);
#2957=VERTEX_POINT('',#12144);
#2958=VERTEX_POINT('',#12146);
#2959=VERTEX_POINT('',#12148);
#2960=VERTEX_POINT('',#12161);
#2961=VERTEX_POINT('',#12163);
#2962=VERTEX_POINT('',#12176);
#2963=VERTEX_POINT('',#12178);
#2964=VERTEX_POINT('',#12191);
#2965=VERTEX_POINT('',#12193);
#2966=VERTEX_POINT('',#12206);
#2967=VERTEX_POINT('',#12208);
#2968=VERTEX_POINT('',#12221);
#2969=VERTEX_POINT('',#12223);
#2970=VERTEX_POINT('',#12236);
#2971=VERTEX_POINT('',#12238);
#2972=VERTEX_POINT('',#12240);
#2973=VERTEX_POINT('',#12242);
#2974=VERTEX_POINT('',#12255);
#2975=VERTEX_POINT('',#12257);
#2976=VERTEX_POINT('',#12270);
#2977=VERTEX_POINT('',#12272);
#2978=VERTEX_POINT('',#12285);
#2979=VERTEX_POINT('',#12287);
#2980=VERTEX_POINT('',#12300);
#2981=VERTEX_POINT('',#12302);
#2982=VERTEX_POINT('',#12315);
#2983=VERTEX_POINT('',#12317);
#2984=VERTEX_POINT('',#12339);
#2985=VERTEX_POINT('',#12341);
#2986=VERTEX_POINT('',#12343);
#2987=VERTEX_POINT('',#12356);
#2988=VERTEX_POINT('',#12358);
#2989=VERTEX_POINT('',#12371);
#2990=VERTEX_POINT('',#12373);
#2991=VERTEX_POINT('',#12386);
#2992=VERTEX_POINT('',#12388);
#2993=VERTEX_POINT('',#12401);
#2994=VERTEX_POINT('',#12403);
#2995=VERTEX_POINT('',#12416);
#2996=VERTEX_POINT('',#12418);
#2997=VERTEX_POINT('',#12431);
#2998=VERTEX_POINT('',#12433);
#2999=VERTEX_POINT('',#12435);
#3000=VERTEX_POINT('',#12437);
#3001=VERTEX_POINT('',#12450);
#3002=VERTEX_POINT('',#12452);
#3003=VERTEX_POINT('',#12465);
#3004=VERTEX_POINT('',#12467);
#3005=VERTEX_POINT('',#12480);
#3006=VERTEX_POINT('',#12482);
#3007=VERTEX_POINT('',#12495);
#3008=VERTEX_POINT('',#12497);
#3009=VERTEX_POINT('',#12510);
#3010=VERTEX_POINT('',#12512);
#3011=VERTEX_POINT('',#12525);
#3012=VERTEX_POINT('',#12529);
#3013=VERTEX_POINT('',#12533);
#3014=VERTEX_POINT('',#12535);
#3015=VERTEX_POINT('',#12537);
#3016=VERTEX_POINT('',#12550);
#3017=VERTEX_POINT('',#12552);
#3018=VERTEX_POINT('',#12565);
#3019=VERTEX_POINT('',#12567);
#3020=VERTEX_POINT('',#12580);
#3021=VERTEX_POINT('',#12582);
#3022=VERTEX_POINT('',#12595);
#3023=VERTEX_POINT('',#12597);
#3024=VERTEX_POINT('',#12610);
#3025=VERTEX_POINT('',#12612);
#3026=VERTEX_POINT('',#12625);
#3027=VERTEX_POINT('',#12627);
#3028=VERTEX_POINT('',#12629);
#3029=VERTEX_POINT('',#12631);
#3030=VERTEX_POINT('',#12644);
#3031=VERTEX_POINT('',#12646);
#3032=VERTEX_POINT('',#12659);
#3033=VERTEX_POINT('',#12661);
#3034=VERTEX_POINT('',#12674);
#3035=VERTEX_POINT('',#12676);
#3036=VERTEX_POINT('',#12689);
#3037=VERTEX_POINT('',#12691);
#3038=VERTEX_POINT('',#12704);
#3039=VERTEX_POINT('',#12706);
#3040=VERTEX_POINT('',#12724);
#3041=VERTEX_POINT('',#12726);
#3042=VERTEX_POINT('',#12727);
#3043=VERTEX_POINT('',#12729);
#3044=VERTEX_POINT('',#12731);
#3045=VERTEX_POINT('',#12733);
#3046=VERTEX_POINT('',#12735);
#3047=VERTEX_POINT('',#12737);
#3048=VERTEX_POINT('',#12739);
#3049=VERTEX_POINT('',#12741);
#3050=VERTEX_POINT('',#12743);
#3051=VERTEX_POINT('',#12745);
#3052=VERTEX_POINT('',#12747);
#3053=VERTEX_POINT('',#12749);
#3054=VERTEX_POINT('',#12751);
#3055=VERTEX_POINT('',#12753);
#3056=VERTEX_POINT('',#12755);
#3057=VERTEX_POINT('',#12757);
#3058=VERTEX_POINT('',#12759);
#3059=VERTEX_POINT('',#12761);
#3060=VERTEX_POINT('',#12763);
#3061=VERTEX_POINT('',#12765);
#3062=VERTEX_POINT('',#12767);
#3063=VERTEX_POINT('',#12769);
#3064=VERTEX_POINT('',#12771);
#3065=VERTEX_POINT('',#12774);
#3066=VERTEX_POINT('',#12775);
#3067=VERTEX_POINT('',#12777);
#3068=VERTEX_POINT('',#12779);
#3069=VERTEX_POINT('',#12781);
#3070=VERTEX_POINT('',#12783);
#3071=VERTEX_POINT('',#12785);
#3072=VERTEX_POINT('',#12787);
#3073=VERTEX_POINT('',#12789);
#3074=VERTEX_POINT('',#12791);
#3075=VERTEX_POINT('',#12793);
#3076=VERTEX_POINT('',#12795);
#3077=VERTEX_POINT('',#12797);
#3078=VERTEX_POINT('',#12799);
#3079=VERTEX_POINT('',#12801);
#3080=VERTEX_POINT('',#12803);
#3081=VERTEX_POINT('',#12805);
#3082=VERTEX_POINT('',#12807);
#3083=VERTEX_POINT('',#12809);
#3084=VERTEX_POINT('',#12811);
#3085=VERTEX_POINT('',#12813);
#3086=VERTEX_POINT('',#12815);
#3087=VERTEX_POINT('',#12817);
#3088=VERTEX_POINT('',#12819);
#3089=VERTEX_POINT('',#12822);
#3090=VERTEX_POINT('',#12823);
#3091=VERTEX_POINT('',#12825);
#3092=VERTEX_POINT('',#12827);
#3093=VERTEX_POINT('',#12829);
#3094=VERTEX_POINT('',#12831);
#3095=VERTEX_POINT('',#12833);
#3096=VERTEX_POINT('',#12835);
#3097=VERTEX_POINT('',#12837);
#3098=VERTEX_POINT('',#12839);
#3099=VERTEX_POINT('',#12841);
#3100=VERTEX_POINT('',#12843);
#3101=VERTEX_POINT('',#12845);
#3102=VERTEX_POINT('',#12847);
#3103=VERTEX_POINT('',#12849);
#3104=VERTEX_POINT('',#12851);
#3105=VERTEX_POINT('',#12853);
#3106=VERTEX_POINT('',#12855);
#3107=VERTEX_POINT('',#12857);
#3108=VERTEX_POINT('',#12859);
#3109=VERTEX_POINT('',#12861);
#3110=VERTEX_POINT('',#12863);
#3111=VERTEX_POINT('',#12865);
#3112=VERTEX_POINT('',#12867);
#3113=VERTEX_POINT('',#12870);
#3114=VERTEX_POINT('',#12871);
#3115=VERTEX_POINT('',#12873);
#3116=VERTEX_POINT('',#12875);
#3117=VERTEX_POINT('',#12877);
#3118=VERTEX_POINT('',#12879);
#3119=VERTEX_POINT('',#12881);
#3120=VERTEX_POINT('',#12883);
#3121=VERTEX_POINT('',#12885);
#3122=VERTEX_POINT('',#12887);
#3123=VERTEX_POINT('',#12889);
#3124=VERTEX_POINT('',#12891);
#3125=VERTEX_POINT('',#12893);
#3126=VERTEX_POINT('',#12895);
#3127=VERTEX_POINT('',#12897);
#3128=VERTEX_POINT('',#12899);
#3129=VERTEX_POINT('',#12901);
#3130=VERTEX_POINT('',#12903);
#3131=VERTEX_POINT('',#12905);
#3132=VERTEX_POINT('',#12907);
#3133=VERTEX_POINT('',#12909);
#3134=VERTEX_POINT('',#12911);
#3135=VERTEX_POINT('',#12913);
#3136=VERTEX_POINT('',#12915);
#3137=VERTEX_POINT('',#12919);
#3138=VERTEX_POINT('',#12921);
#3139=VERTEX_POINT('',#12925);
#3140=VERTEX_POINT('',#12929);
#3141=VERTEX_POINT('',#12933);
#3142=VERTEX_POINT('',#12935);
#3143=VERTEX_POINT('',#12939);
#3144=VERTEX_POINT('',#12943);
#3145=VERTEX_POINT('',#12947);
#3146=VERTEX_POINT('',#12949);
#3147=VERTEX_POINT('',#12953);
#3148=VERTEX_POINT('',#12957);
#3149=VERTEX_POINT('',#12961);
#3150=VERTEX_POINT('',#12963);
#3151=VERTEX_POINT('',#12967);
#3152=VERTEX_POINT('',#12971);
#3153=VERTEX_POINT('',#12975);
#3154=VERTEX_POINT('',#12977);
#3155=VERTEX_POINT('',#12981);
#3156=VERTEX_POINT('',#12985);
#3157=VERTEX_POINT('',#12989);
#3158=VERTEX_POINT('',#12993);
#3159=VERTEX_POINT('',#12995);
#3160=VERTEX_POINT('',#12999);
#3161=VERTEX_POINT('',#13005);
#3162=VERTEX_POINT('',#13007);
#3163=VERTEX_POINT('',#13011);
#3164=VERTEX_POINT('',#13015);
#3165=VERTEX_POINT('',#13019);
#3166=VERTEX_POINT('',#13021);
#3167=VERTEX_POINT('',#13025);
#3168=VERTEX_POINT('',#13029);
#3169=VERTEX_POINT('',#13033);
#3170=VERTEX_POINT('',#13035);
#3171=VERTEX_POINT('',#13039);
#3172=VERTEX_POINT('',#13043);
#3173=VERTEX_POINT('',#13047);
#3174=VERTEX_POINT('',#13049);
#3175=VERTEX_POINT('',#13053);
#3176=VERTEX_POINT('',#13057);
#3177=VERTEX_POINT('',#13061);
#3178=VERTEX_POINT('',#13063);
#3179=VERTEX_POINT('',#13067);
#3180=VERTEX_POINT('',#13071);
#3181=VERTEX_POINT('',#13075);
#3182=VERTEX_POINT('',#13079);
#3183=VERTEX_POINT('',#13081);
#3184=VERTEX_POINT('',#13085);
#3185=VERTEX_POINT('',#13091);
#3186=VERTEX_POINT('',#13093);
#3187=VERTEX_POINT('',#13097);
#3188=VERTEX_POINT('',#13101);
#3189=VERTEX_POINT('',#13105);
#3190=VERTEX_POINT('',#13107);
#3191=VERTEX_POINT('',#13111);
#3192=VERTEX_POINT('',#13115);
#3193=VERTEX_POINT('',#13119);
#3194=VERTEX_POINT('',#13121);
#3195=VERTEX_POINT('',#13125);
#3196=VERTEX_POINT('',#13129);
#3197=VERTEX_POINT('',#13133);
#3198=VERTEX_POINT('',#13135);
#3199=VERTEX_POINT('',#13139);
#3200=VERTEX_POINT('',#13143);
#3201=VERTEX_POINT('',#13147);
#3202=VERTEX_POINT('',#13149);
#3203=VERTEX_POINT('',#13153);
#3204=VERTEX_POINT('',#13157);
#3205=VERTEX_POINT('',#13161);
#3206=VERTEX_POINT('',#13165);
#3207=VERTEX_POINT('',#13167);
#3208=VERTEX_POINT('',#13173);
#3209=VERTEX_POINT('',#13182);
#3210=VERTEX_POINT('',#13197);
#3211=VERTEX_POINT('',#13212);
#3212=VERTEX_POINT('',#13222);
#3213=VERTEX_POINT('',#13224);
#3214=VERTEX_POINT('',#13228);
#3215=VERTEX_POINT('',#13232);
#3216=VERTEX_POINT('',#13236);
#3217=VERTEX_POINT('',#13238);
#3218=VERTEX_POINT('',#13242);
#3219=VERTEX_POINT('',#13246);
#3220=VERTEX_POINT('',#13250);
#3221=VERTEX_POINT('',#13252);
#3222=VERTEX_POINT('',#13256);
#3223=VERTEX_POINT('',#13260);
#3224=VERTEX_POINT('',#13264);
#3225=VERTEX_POINT('',#13266);
#3226=VERTEX_POINT('',#13270);
#3227=VERTEX_POINT('',#13274);
#3228=VERTEX_POINT('',#13278);
#3229=VERTEX_POINT('',#13280);
#3230=VERTEX_POINT('',#13284);
#3231=VERTEX_POINT('',#13288);
#3232=VERTEX_POINT('',#13292);
#3233=VERTEX_POINT('',#13296);
#3234=VERTEX_POINT('',#13298);
#3235=VERTEX_POINT('',#13304);
#3236=VERTEX_POINT('',#13318);
#3237=VERTEX_POINT('',#13323);
#3238=VERTEX_POINT('',#13327);
#3239=VERTEX_POINT('',#13328);
#3240=VERTEX_POINT('',#13330);
#3241=VERTEX_POINT('',#13332);
#3242=VERTEX_POINT('',#13334);
#3243=VERTEX_POINT('',#13336);
#3244=VERTEX_POINT('',#13338);
#3245=VERTEX_POINT('',#13340);
#3246=VERTEX_POINT('',#13344);
#3247=VERTEX_POINT('',#13346);
#3248=VERTEX_POINT('',#13350);
#3249=VERTEX_POINT('',#13354);
#3250=VERTEX_POINT('',#13358);
#3251=VERTEX_POINT('',#13362);
#3252=VERTEX_POINT('',#13366);
#3253=VERTEX_POINT('',#13368);
#3254=VERTEX_POINT('',#13370);
#3255=VERTEX_POINT('',#13384);
#3256=VERTEX_POINT('',#13386);
#3257=VERTEX_POINT('',#13388);
#3258=VERTEX_POINT('',#13401);
#3259=VERTEX_POINT('',#13403);
#3260=VERTEX_POINT('',#13416);
#3261=VERTEX_POINT('',#13418);
#3262=VERTEX_POINT('',#13431);
#3263=VERTEX_POINT('',#13433);
#3264=VERTEX_POINT('',#13446);
#3265=VERTEX_POINT('',#13448);
#3266=VERTEX_POINT('',#13461);
#3267=VERTEX_POINT('',#13463);
#3268=VERTEX_POINT('',#13476);
#3269=VERTEX_POINT('',#13478);
#3270=VERTEX_POINT('',#13480);
#3271=VERTEX_POINT('',#13482);
#3272=VERTEX_POINT('',#13495);
#3273=VERTEX_POINT('',#13497);
#3274=VERTEX_POINT('',#13510);
#3275=VERTEX_POINT('',#13512);
#3276=VERTEX_POINT('',#13525);
#3277=VERTEX_POINT('',#13527);
#3278=VERTEX_POINT('',#13540);
#3279=VERTEX_POINT('',#13542);
#3280=VERTEX_POINT('',#13555);
#3281=VERTEX_POINT('',#13557);
#3282=VERTEX_POINT('',#13570);
#3283=VERTEX_POINT('',#13575);
#3284=VERTEX_POINT('',#13577);
#3285=VERTEX_POINT('',#13579);
#3286=VERTEX_POINT('',#13592);
#3287=VERTEX_POINT('',#13594);
#3288=VERTEX_POINT('',#13607);
#3289=VERTEX_POINT('',#13609);
#3290=VERTEX_POINT('',#13622);
#3291=VERTEX_POINT('',#13624);
#3292=VERTEX_POINT('',#13637);
#3293=VERTEX_POINT('',#13639);
#3294=VERTEX_POINT('',#13652);
#3295=VERTEX_POINT('',#13654);
#3296=VERTEX_POINT('',#13667);
#3297=VERTEX_POINT('',#13669);
#3298=VERTEX_POINT('',#13671);
#3299=VERTEX_POINT('',#13673);
#3300=VERTEX_POINT('',#13686);
#3301=VERTEX_POINT('',#13688);
#3302=VERTEX_POINT('',#13701);
#3303=VERTEX_POINT('',#13703);
#3304=VERTEX_POINT('',#13716);
#3305=VERTEX_POINT('',#13718);
#3306=VERTEX_POINT('',#13731);
#3307=VERTEX_POINT('',#13733);
#3308=VERTEX_POINT('',#13746);
#3309=VERTEX_POINT('',#13748);
#3310=VERTEX_POINT('',#13761);
#3311=EDGE_CURVE('',#2611,#2612,#1871,.T.);
#3312=EDGE_CURVE('',#2612,#2613,#1299,.T.);
#3313=EDGE_CURVE('',#2613,#2614,#1872,.T.);
#3314=EDGE_CURVE('',#2614,#2611,#1300,.T.);
#3315=EDGE_CURVE('',#2615,#2616,#1873,.T.);
#3316=EDGE_CURVE('',#2616,#2612,#1301,.T.);
#3317=EDGE_CURVE('',#2611,#2615,#1302,.T.);
#3318=EDGE_CURVE('',#2617,#2618,#1874,.T.);
#3319=EDGE_CURVE('',#2618,#2616,#1303,.T.);
#3320=EDGE_CURVE('',#2615,#2617,#1304,.T.);
#3321=EDGE_CURVE('',#2619,#2620,#1875,.T.);
#3322=EDGE_CURVE('',#2620,#2618,#1305,.T.);
#3323=EDGE_CURVE('',#2617,#2619,#1306,.T.);
#3324=EDGE_CURVE('',#2621,#2622,#1876,.T.);
#3325=EDGE_CURVE('',#2622,#2620,#1307,.T.);
#3326=EDGE_CURVE('',#2619,#2621,#1308,.T.);
#3327=EDGE_CURVE('',#2623,#2624,#1877,.T.);
#3328=EDGE_CURVE('',#2624,#2622,#1309,.T.);
#3329=EDGE_CURVE('',#2621,#2623,#1310,.T.);
#3330=EDGE_CURVE('',#2625,#2626,#1878,.T.);
#3331=EDGE_CURVE('',#2626,#2624,#1311,.T.);
#3332=EDGE_CURVE('',#2623,#2625,#1312,.T.);
#3333=EDGE_CURVE('',#2627,#2628,#1879,.T.);
#3334=EDGE_CURVE('',#2628,#2626,#1313,.T.);
#3335=EDGE_CURVE('',#2625,#2627,#1314,.T.);
#3336=EDGE_CURVE('',#2629,#2630,#1880,.T.);
#3337=EDGE_CURVE('',#2630,#2628,#1315,.T.);
#3338=EDGE_CURVE('',#2627,#2629,#1316,.T.);
#3339=EDGE_CURVE('',#2631,#2632,#1881,.T.);
#3340=EDGE_CURVE('',#2632,#2630,#1317,.T.);
#3341=EDGE_CURVE('',#2629,#2631,#1318,.T.);
#3342=EDGE_CURVE('',#2633,#2634,#1882,.T.);
#3343=EDGE_CURVE('',#2634,#2632,#1319,.T.);
#3344=EDGE_CURVE('',#2631,#2633,#1320,.T.);
#3345=EDGE_CURVE('',#2635,#2636,#1883,.T.);
#3346=EDGE_CURVE('',#2636,#2634,#1321,.T.);
#3347=EDGE_CURVE('',#2633,#2635,#1322,.T.);
#3348=EDGE_CURVE('',#2637,#2638,#1884,.T.);
#3349=EDGE_CURVE('',#2638,#2636,#1323,.T.);
#3350=EDGE_CURVE('',#2635,#2637,#1324,.T.);
#3351=EDGE_CURVE('',#2639,#2640,#1885,.T.);
#3352=EDGE_CURVE('',#2640,#2638,#1325,.T.);
#3353=EDGE_CURVE('',#2637,#2639,#1326,.T.);
#3354=EDGE_CURVE('',#2641,#2642,#1886,.T.);
#3355=EDGE_CURVE('',#2642,#2640,#1327,.T.);
#3356=EDGE_CURVE('',#2639,#2641,#1328,.T.);
#3357=EDGE_CURVE('',#2643,#2644,#1887,.T.);
#3358=EDGE_CURVE('',#2644,#2642,#1329,.T.);
#3359=EDGE_CURVE('',#2641,#2643,#1330,.T.);
#3360=EDGE_CURVE('',#2645,#2646,#1888,.T.);
#3361=EDGE_CURVE('',#2646,#2644,#1331,.T.);
#3362=EDGE_CURVE('',#2643,#2645,#1332,.T.);
#3363=EDGE_CURVE('',#2647,#2648,#1889,.T.);
#3364=EDGE_CURVE('',#2648,#2646,#1333,.T.);
#3365=EDGE_CURVE('',#2645,#2647,#1334,.T.);
#3366=EDGE_CURVE('',#2649,#2650,#1890,.T.);
#3367=EDGE_CURVE('',#2650,#2648,#1335,.T.);
#3368=EDGE_CURVE('',#2647,#2649,#1336,.T.);
#3369=EDGE_CURVE('',#2651,#2652,#1891,.T.);
#3370=EDGE_CURVE('',#2652,#2650,#1337,.T.);
#3371=EDGE_CURVE('',#2649,#2651,#1338,.T.);
#3372=EDGE_CURVE('',#2653,#2654,#1892,.T.);
#3373=EDGE_CURVE('',#2654,#2652,#1339,.T.);
#3374=EDGE_CURVE('',#2651,#2653,#1340,.T.);
#3375=EDGE_CURVE('',#2655,#2656,#1893,.T.);
#3376=EDGE_CURVE('',#2656,#2654,#1341,.T.);
#3377=EDGE_CURVE('',#2653,#2655,#1342,.T.);
#3378=EDGE_CURVE('',#2657,#2658,#1894,.T.);
#3379=EDGE_CURVE('',#2658,#2656,#1343,.T.);
#3380=EDGE_CURVE('',#2655,#2657,#1344,.T.);
#3381=EDGE_CURVE('',#2659,#2660,#1895,.T.);
#3382=EDGE_CURVE('',#2660,#2658,#1345,.T.);
#3383=EDGE_CURVE('',#2657,#2659,#1346,.T.);
#3384=EDGE_CURVE('',#2661,#2662,#1896,.T.);
#3385=EDGE_CURVE('',#2662,#2660,#1347,.T.);
#3386=EDGE_CURVE('',#2659,#2661,#1348,.T.);
#3387=EDGE_CURVE('',#2663,#2664,#1897,.T.);
#3388=EDGE_CURVE('',#2664,#2662,#1349,.T.);
#3389=EDGE_CURVE('',#2661,#2663,#1350,.T.);
#3390=EDGE_CURVE('',#2665,#2666,#1898,.T.);
#3391=EDGE_CURVE('',#2666,#2664,#1351,.T.);
#3392=EDGE_CURVE('',#2663,#2665,#1352,.T.);
#3393=EDGE_CURVE('',#2667,#2668,#1899,.T.);
#3394=EDGE_CURVE('',#2668,#2666,#1353,.T.);
#3395=EDGE_CURVE('',#2665,#2667,#1354,.T.);
#3396=EDGE_CURVE('',#2669,#2670,#1900,.T.);
#3397=EDGE_CURVE('',#2670,#2668,#1355,.T.);
#3398=EDGE_CURVE('',#2667,#2669,#1356,.T.);
#3399=EDGE_CURVE('',#2671,#2672,#1901,.T.);
#3400=EDGE_CURVE('',#2672,#2670,#1357,.T.);
#3401=EDGE_CURVE('',#2669,#2671,#1358,.T.);
#3402=EDGE_CURVE('',#2673,#2674,#1902,.T.);
#3403=EDGE_CURVE('',#2674,#2672,#1359,.T.);
#3404=EDGE_CURVE('',#2671,#2673,#1360,.T.);
#3405=EDGE_CURVE('',#2675,#2676,#1903,.T.);
#3406=EDGE_CURVE('',#2676,#2674,#1361,.T.);
#3407=EDGE_CURVE('',#2673,#2675,#1362,.T.);
#3408=EDGE_CURVE('',#2677,#2678,#1904,.T.);
#3409=EDGE_CURVE('',#2678,#2676,#1363,.T.);
#3410=EDGE_CURVE('',#2675,#2677,#1364,.T.);
#3411=EDGE_CURVE('',#2679,#2680,#1905,.T.);
#3412=EDGE_CURVE('',#2680,#2678,#1365,.T.);
#3413=EDGE_CURVE('',#2677,#2679,#1366,.T.);
#3414=EDGE_CURVE('',#2681,#2682,#1906,.T.);
#3415=EDGE_CURVE('',#2682,#2680,#1367,.T.);
#3416=EDGE_CURVE('',#2679,#2681,#1368,.T.);
#3417=EDGE_CURVE('',#2613,#2682,#1369,.T.);
#3418=EDGE_CURVE('',#2681,#2614,#1370,.T.);
#3419=EDGE_CURVE('',#2683,#2645,#1907,.T.);
#3420=EDGE_CURVE('',#2684,#2683,#1371,.T.);
#3421=EDGE_CURVE('',#2685,#2684,#187,.T.);
#3422=EDGE_CURVE('',#2686,#2685,#1908,.T.);
#3423=EDGE_CURVE('',#2687,#2686,#188,.T.);
#3424=EDGE_CURVE('',#2688,#2687,#1372,.T.);
#3425=EDGE_CURVE('',#2689,#2688,#189,.T.);
#3426=EDGE_CURVE('',#2690,#2689,#1909,.T.);
#3427=EDGE_CURVE('',#2691,#2690,#190,.T.);
#3428=EDGE_CURVE('',#2692,#2691,#1373,.T.);
#3429=EDGE_CURVE('',#2693,#2692,#191,.T.);
#3430=EDGE_CURVE('',#2694,#2693,#1910,.T.);
#3431=EDGE_CURVE('',#2695,#2694,#192,.T.);
#3432=EDGE_CURVE('',#2696,#2695,#1374,.T.);
#3433=EDGE_CURVE('',#2697,#2696,#1911,.T.);
#3434=EDGE_CURVE('',#2698,#2697,#1375,.T.);
#3435=EDGE_CURVE('',#2699,#2698,#193,.T.);
#3436=EDGE_CURVE('',#2700,#2699,#1912,.T.);
#3437=EDGE_CURVE('',#2701,#2700,#194,.T.);
#3438=EDGE_CURVE('',#2702,#2701,#1376,.T.);
#3439=EDGE_CURVE('',#2703,#2702,#195,.T.);
#3440=EDGE_CURVE('',#2704,#2703,#1913,.T.);
#3441=EDGE_CURVE('',#2705,#2704,#196,.T.);
#3442=EDGE_CURVE('',#2706,#2705,#1377,.T.);
#3443=EDGE_CURVE('',#2707,#2706,#197,.T.);
#3444=EDGE_CURVE('',#2708,#2707,#1914,.T.);
#3445=EDGE_CURVE('',#2709,#2708,#198,.T.);
#3446=EDGE_CURVE('',#2710,#2709,#1378,.T.);
#3447=EDGE_CURVE('',#2711,#2710,#1915,.T.);
#3448=EDGE_CURVE('',#2712,#2711,#1379,.T.);
#3449=EDGE_CURVE('',#2712,#2647,#1916,.T.);
#3450=EDGE_CURVE('',#2713,#2643,#1917,.T.);
#3451=EDGE_CURVE('',#2713,#2683,#1380,.T.);
#3452=EDGE_CURVE('',#2714,#2641,#1918,.T.);
#3453=EDGE_CURVE('',#2715,#2714,#1381,.T.);
#3454=EDGE_CURVE('',#2715,#2716,#1919,.T.);
#3455=EDGE_CURVE('',#2717,#2716,#1382,.T.);
#3456=EDGE_CURVE('',#2718,#2717,#199,.T.);
#3457=EDGE_CURVE('',#2719,#2718,#1920,.T.);
#3458=EDGE_CURVE('',#2720,#2719,#200,.T.);
#3459=EDGE_CURVE('',#2721,#2720,#1383,.T.);
#3460=EDGE_CURVE('',#2722,#2721,#201,.T.);
#3461=EDGE_CURVE('',#2723,#2722,#1921,.T.);
#3462=EDGE_CURVE('',#2724,#2723,#202,.T.);
#3463=EDGE_CURVE('',#2725,#2724,#1384,.T.);
#3464=EDGE_CURVE('',#2726,#2725,#203,.T.);
#3465=EDGE_CURVE('',#2727,#2726,#1922,.T.);
#3466=EDGE_CURVE('',#2728,#2727,#204,.T.);
#3467=EDGE_CURVE('',#2729,#2728,#1385,.T.);
#3468=EDGE_CURVE('',#2729,#2730,#1923,.T.);
#3469=EDGE_CURVE('',#2731,#2730,#1386,.T.);
#3470=EDGE_CURVE('',#2732,#2731,#205,.T.);
#3471=EDGE_CURVE('',#2733,#2732,#1924,.T.);
#3472=EDGE_CURVE('',#2734,#2733,#206,.T.);
#3473=EDGE_CURVE('',#2735,#2734,#1387,.T.);
#3474=EDGE_CURVE('',#2736,#2735,#207,.T.);
#3475=EDGE_CURVE('',#2737,#2736,#1925,.T.);
#3476=EDGE_CURVE('',#2738,#2737,#208,.T.);
#3477=EDGE_CURVE('',#2739,#2738,#1388,.T.);
#3478=EDGE_CURVE('',#2740,#2739,#209,.T.);
#3479=EDGE_CURVE('',#2741,#2740,#1926,.T.);
#3480=EDGE_CURVE('',#2742,#2741,#210,.T.);
#3481=EDGE_CURVE('',#2713,#2742,#1389,.T.);
#3482=EDGE_CURVE('',#2743,#2639,#1927,.T.);
#3483=EDGE_CURVE('',#2714,#2743,#1390,.T.);
#3484=EDGE_CURVE('',#2744,#2637,#1928,.T.);
#3485=EDGE_CURVE('',#2743,#2744,#1391,.T.);
#3486=EDGE_CURVE('',#2745,#2635,#1929,.T.);
#3487=EDGE_CURVE('',#2744,#2745,#1392,.T.);
#3488=EDGE_CURVE('',#2746,#2633,#1930,.T.);
#3489=EDGE_CURVE('',#2747,#2746,#1393,.T.);
#3490=EDGE_CURVE('',#2748,#2747,#211,.T.);
#3491=EDGE_CURVE('',#2749,#2748,#1931,.T.);
#3492=EDGE_CURVE('',#2750,#2749,#212,.T.);
#3493=EDGE_CURVE('',#2751,#2750,#1394,.T.);
#3494=EDGE_CURVE('',#2752,#2751,#213,.T.);
#3495=EDGE_CURVE('',#2753,#2752,#1932,.T.);
#3496=EDGE_CURVE('',#2754,#2753,#214,.T.);
#3497=EDGE_CURVE('',#2755,#2754,#1395,.T.);
#3498=EDGE_CURVE('',#2756,#2755,#215,.T.);
#3499=EDGE_CURVE('',#2757,#2756,#1933,.T.);
#3500=EDGE_CURVE('',#2758,#2757,#216,.T.);
#3501=EDGE_CURVE('',#2759,#2758,#1396,.T.);
#3502=EDGE_CURVE('',#2760,#2759,#1934,.T.);
#3503=EDGE_CURVE('',#2761,#2760,#1397,.T.);
#3504=EDGE_CURVE('',#2762,#2761,#217,.T.);
#3505=EDGE_CURVE('',#2763,#2762,#1935,.T.);
#3506=EDGE_CURVE('',#2764,#2763,#218,.T.);
#3507=EDGE_CURVE('',#2765,#2764,#1398,.T.);
#3508=EDGE_CURVE('',#2766,#2765,#219,.T.);
#3509=EDGE_CURVE('',#2767,#2766,#1936,.T.);
#3510=EDGE_CURVE('',#2768,#2767,#220,.T.);
#3511=EDGE_CURVE('',#2769,#2768,#1399,.T.);
#3512=EDGE_CURVE('',#2770,#2769,#221,.T.);
#3513=EDGE_CURVE('',#2771,#2770,#1937,.T.);
#3514=EDGE_CURVE('',#2772,#2771,#222,.T.);
#3515=EDGE_CURVE('',#2773,#2772,#1400,.T.);
#3516=EDGE_CURVE('',#2774,#2773,#1938,.T.);
#3517=EDGE_CURVE('',#2745,#2774,#1401,.T.);
#3518=EDGE_CURVE('',#2775,#2631,#1939,.T.);
#3519=EDGE_CURVE('',#2775,#2746,#1402,.T.);
#3520=EDGE_CURVE('',#2776,#2629,#1940,.T.);
#3521=EDGE_CURVE('',#2777,#2776,#1403,.T.);
#3522=EDGE_CURVE('',#2777,#2778,#1941,.T.);
#3523=EDGE_CURVE('',#2779,#2778,#1404,.T.);
#3524=EDGE_CURVE('',#2780,#2779,#223,.T.);
#3525=EDGE_CURVE('',#2781,#2780,#1942,.T.);
#3526=EDGE_CURVE('',#2782,#2781,#224,.T.);
#3527=EDGE_CURVE('',#2783,#2782,#1405,.T.);
#3528=EDGE_CURVE('',#2784,#2783,#225,.T.);
#3529=EDGE_CURVE('',#2785,#2784,#1943,.T.);
#3530=EDGE_CURVE('',#2786,#2785,#226,.T.);
#3531=EDGE_CURVE('',#2787,#2786,#1406,.T.);
#3532=EDGE_CURVE('',#2788,#2787,#227,.T.);
#3533=EDGE_CURVE('',#2789,#2788,#1944,.T.);
#3534=EDGE_CURVE('',#2790,#2789,#228,.T.);
#3535=EDGE_CURVE('',#2791,#2790,#1407,.T.);
#3536=EDGE_CURVE('',#2791,#2792,#1945,.T.);
#3537=EDGE_CURVE('',#2793,#2792,#1408,.T.);
#3538=EDGE_CURVE('',#2794,#2793,#229,.T.);
#3539=EDGE_CURVE('',#2795,#2794,#1946,.T.);
#3540=EDGE_CURVE('',#2796,#2795,#230,.T.);
#3541=EDGE_CURVE('',#2797,#2796,#1409,.T.);
#3542=EDGE_CURVE('',#2798,#2797,#231,.T.);
#3543=EDGE_CURVE('',#2799,#2798,#1947,.T.);
#3544=EDGE_CURVE('',#2800,#2799,#232,.T.);
#3545=EDGE_CURVE('',#2801,#2800,#1410,.T.);
#3546=EDGE_CURVE('',#2802,#2801,#233,.T.);
#3547=EDGE_CURVE('',#2803,#2802,#1948,.T.);
#3548=EDGE_CURVE('',#2804,#2803,#234,.T.);
#3549=EDGE_CURVE('',#2775,#2804,#1411,.T.);
#3550=EDGE_CURVE('',#2805,#2627,#1949,.T.);
#3551=EDGE_CURVE('',#2776,#2805,#1412,.T.);
#3552=EDGE_CURVE('',#2806,#2625,#1950,.T.);
#3553=EDGE_CURVE('',#2805,#2806,#1413,.T.);
#3554=EDGE_CURVE('',#2807,#2623,#1951,.T.);
#3555=EDGE_CURVE('',#2806,#2807,#1414,.T.);
#3556=EDGE_CURVE('',#2808,#2621,#1952,.T.);
#3557=EDGE_CURVE('',#2809,#2808,#1415,.T.);
#3558=EDGE_CURVE('',#2810,#2809,#235,.T.);
#3559=EDGE_CURVE('',#2811,#2810,#1953,.T.);
#3560=EDGE_CURVE('',#2812,#2811,#236,.T.);
#3561=EDGE_CURVE('',#2813,#2812,#1416,.T.);
#3562=EDGE_CURVE('',#2814,#2813,#237,.T.);
#3563=EDGE_CURVE('',#2815,#2814,#1954,.T.);
#3564=EDGE_CURVE('',#2816,#2815,#238,.T.);
#3565=EDGE_CURVE('',#2817,#2816,#1417,.T.);
#3566=EDGE_CURVE('',#2818,#2817,#239,.T.);
#3567=EDGE_CURVE('',#2819,#2818,#1955,.T.);
#3568=EDGE_CURVE('',#2820,#2819,#240,.T.);
#3569=EDGE_CURVE('',#2821,#2820,#1418,.T.);
#3570=EDGE_CURVE('',#2822,#2821,#1956,.T.);
#3571=EDGE_CURVE('',#2823,#2822,#1419,.T.);
#3572=EDGE_CURVE('',#2824,#2823,#241,.T.);
#3573=EDGE_CURVE('',#2825,#2824,#1957,.T.);
#3574=EDGE_CURVE('',#2826,#2825,#242,.T.);
#3575=EDGE_CURVE('',#2827,#2826,#1420,.T.);
#3576=EDGE_CURVE('',#2828,#2827,#243,.T.);
#3577=EDGE_CURVE('',#2829,#2828,#1958,.T.);
#3578=EDGE_CURVE('',#2830,#2829,#244,.T.);
#3579=EDGE_CURVE('',#2831,#2830,#1421,.T.);
#3580=EDGE_CURVE('',#2832,#2831,#245,.T.);
#3581=EDGE_CURVE('',#2833,#2832,#1959,.T.);
#3582=EDGE_CURVE('',#2834,#2833,#246,.T.);
#3583=EDGE_CURVE('',#2835,#2834,#1422,.T.);
#3584=EDGE_CURVE('',#2836,#2835,#1960,.T.);
#3585=EDGE_CURVE('',#2807,#2836,#1423,.T.);
#3586=EDGE_CURVE('',#2837,#2619,#1961,.T.);
#3587=EDGE_CURVE('',#2837,#2808,#1424,.T.);
#3588=EDGE_CURVE('',#2838,#2617,#1962,.T.);
#3589=EDGE_CURVE('',#2839,#2838,#1425,.T.);
#3590=EDGE_CURVE('',#2839,#2840,#1963,.T.);
#3591=EDGE_CURVE('',#2841,#2840,#1426,.T.);
#3592=EDGE_CURVE('',#2842,#2841,#247,.T.);
#3593=EDGE_CURVE('',#2843,#2842,#1964,.T.);
#3594=EDGE_CURVE('',#2844,#2843,#248,.T.);
#3595=EDGE_CURVE('',#2845,#2844,#1427,.T.);
#3596=EDGE_CURVE('',#2846,#2845,#249,.T.);
#3597=EDGE_CURVE('',#2847,#2846,#1965,.T.);
#3598=EDGE_CURVE('',#2848,#2847,#250,.T.);
#3599=EDGE_CURVE('',#2849,#2848,#1428,.T.);
#3600=EDGE_CURVE('',#2850,#2849,#251,.T.);
#3601=EDGE_CURVE('',#2851,#2850,#1966,.T.);
#3602=EDGE_CURVE('',#2852,#2851,#252,.T.);
#3603=EDGE_CURVE('',#2853,#2852,#1429,.T.);
#3604=EDGE_CURVE('',#2853,#2854,#1967,.T.);
#3605=EDGE_CURVE('',#2855,#2854,#1430,.T.);
#3606=EDGE_CURVE('',#2856,#2855,#253,.T.);
#3607=EDGE_CURVE('',#2857,#2856,#1968,.T.);
#3608=EDGE_CURVE('',#2858,#2857,#254,.T.);
#3609=EDGE_CURVE('',#2859,#2858,#1431,.T.);
#3610=EDGE_CURVE('',#2860,#2859,#255,.T.);
#3611=EDGE_CURVE('',#2861,#2860,#1969,.T.);
#3612=EDGE_CURVE('',#2862,#2861,#256,.T.);
#3613=EDGE_CURVE('',#2863,#2862,#1432,.T.);
#3614=EDGE_CURVE('',#2864,#2863,#257,.T.);
#3615=EDGE_CURVE('',#2865,#2864,#1970,.T.);
#3616=EDGE_CURVE('',#2866,#2865,#258,.T.);
#3617=EDGE_CURVE('',#2837,#2866,#1433,.T.);
#3618=EDGE_CURVE('',#2867,#2615,#1971,.T.);
#3619=EDGE_CURVE('',#2838,#2867,#1434,.T.);
#3620=EDGE_CURVE('',#2868,#2611,#1972,.T.);
#3621=EDGE_CURVE('',#2867,#2868,#1435,.T.);
#3622=EDGE_CURVE('',#2869,#2614,#1973,.T.);
#3623=EDGE_CURVE('',#2868,#2869,#1436,.T.);
#3624=EDGE_CURVE('',#2870,#2870,#1437,.T.);
#3625=EDGE_CURVE('',#2871,#2871,#1438,.T.);
#3626=EDGE_CURVE('',#2872,#2872,#1439,.T.);
#3627=EDGE_CURVE('',#2873,#2873,#1440,.T.);
#3628=EDGE_CURVE('',#2874,#2874,#1441,.T.);
#3629=EDGE_CURVE('',#2875,#2876,#1974,.T.);
#3630=EDGE_CURVE('',#2876,#2877,#1442,.T.);
#3631=EDGE_CURVE('',#2877,#2878,#1975,.T.);
#3632=EDGE_CURVE('',#2878,#2875,#1443,.T.);
#3633=EDGE_CURVE('',#2879,#2880,#1976,.T.);
#3634=EDGE_CURVE('',#2880,#2876,#1444,.T.);
#3635=EDGE_CURVE('',#2875,#2879,#1445,.T.);
#3636=EDGE_CURVE('',#2879,#2881,#1446,.T.);
#3637=EDGE_CURVE('',#2881,#2882,#1977,.T.);
#3638=EDGE_CURVE('',#2882,#2880,#1447,.T.);
#3639=EDGE_CURVE('',#2883,#2884,#1978,.T.);
#3640=EDGE_CURVE('',#2884,#2882,#1448,.T.);
#3641=EDGE_CURVE('',#2881,#2883,#1449,.T.);
#3642=EDGE_CURVE('',#2885,#2886,#1979,.T.);
#3643=EDGE_CURVE('',#2886,#2884,#1450,.T.);
#3644=EDGE_CURVE('',#2883,#2885,#1451,.T.);
#3645=EDGE_CURVE('',#2887,#2888,#1980,.T.);
#3646=EDGE_CURVE('',#2888,#2886,#1452,.T.);
#3647=EDGE_CURVE('',#2885,#2887,#1453,.T.);
#3648=EDGE_CURVE('',#2889,#2890,#1981,.T.);
#3649=EDGE_CURVE('',#2890,#2888,#1454,.T.);
#3650=EDGE_CURVE('',#2887,#2889,#1455,.T.);
#3651=EDGE_CURVE('',#2891,#2892,#1982,.T.);
#3652=EDGE_CURVE('',#2892,#2890,#1456,.T.);
#3653=EDGE_CURVE('',#2889,#2891,#1457,.T.);
#3654=EDGE_CURVE('',#2891,#2893,#1458,.T.);
#3655=EDGE_CURVE('',#2893,#2894,#1983,.T.);
#3656=EDGE_CURVE('',#2894,#2892,#1459,.T.);
#3657=EDGE_CURVE('',#2895,#2896,#1984,.T.);
#3658=EDGE_CURVE('',#2896,#2894,#1460,.T.);
#3659=EDGE_CURVE('',#2893,#2895,#1461,.T.);
#3660=EDGE_CURVE('',#2897,#2898,#1985,.T.);
#3661=EDGE_CURVE('',#2898,#2896,#1462,.T.);
#3662=EDGE_CURVE('',#2895,#2897,#1463,.T.);
#3663=EDGE_CURVE('',#2899,#2900,#1986,.T.);
#3664=EDGE_CURVE('',#2900,#2898,#1464,.T.);
#3665=EDGE_CURVE('',#2897,#2899,#1465,.T.);
#3666=EDGE_CURVE('',#2712,#2901,#1987,.T.);
#3667=EDGE_CURVE('',#2901,#2900,#1466,.T.);
#3668=EDGE_CURVE('',#2899,#2712,#1467,.T.);
#3669=EDGE_CURVE('',#2711,#2902,#1988,.T.);
#3670=EDGE_CURVE('',#2902,#2901,#1468,.T.);
#3671=EDGE_CURVE('',#2711,#2715,#1469,.T.);
#3672=EDGE_CURVE('',#2715,#2903,#1989,.T.);
#3673=EDGE_CURVE('',#2903,#2902,#1470,.T.);
#3674=EDGE_CURVE('',#2714,#2904,#1990,.T.);
#3675=EDGE_CURVE('',#2904,#2903,#1471,.T.);
#3676=EDGE_CURVE('',#2743,#2905,#1991,.T.);
#3677=EDGE_CURVE('',#2905,#2904,#1472,.T.);
#3678=EDGE_CURVE('',#2744,#2906,#1992,.T.);
#3679=EDGE_CURVE('',#2906,#2905,#1473,.T.);
#3680=EDGE_CURVE('',#2745,#2907,#1993,.T.);
#3681=EDGE_CURVE('',#2907,#2906,#1474,.T.);
#3682=EDGE_CURVE('',#2774,#2908,#1994,.T.);
#3683=EDGE_CURVE('',#2908,#2907,#1475,.T.);
#3684=EDGE_CURVE('',#2774,#2777,#1476,.T.);
#3685=EDGE_CURVE('',#2777,#2909,#1995,.T.);
#3686=EDGE_CURVE('',#2909,#2908,#1477,.T.);
#3687=EDGE_CURVE('',#2776,#2910,#1996,.T.);
#3688=EDGE_CURVE('',#2910,#2909,#1478,.T.);
#3689=EDGE_CURVE('',#2805,#2911,#1997,.T.);
#3690=EDGE_CURVE('',#2911,#2910,#1479,.T.);
#3691=EDGE_CURVE('',#2806,#2912,#1998,.T.);
#3692=EDGE_CURVE('',#2912,#2911,#1480,.T.);
#3693=EDGE_CURVE('',#2807,#2913,#1999,.T.);
#3694=EDGE_CURVE('',#2913,#2912,#1481,.T.);
#3695=EDGE_CURVE('',#2836,#2914,#2000,.T.);
#3696=EDGE_CURVE('',#2914,#2913,#1482,.T.);
#3697=EDGE_CURVE('',#2836,#2839,#1483,.T.);
#3698=EDGE_CURVE('',#2839,#2915,#2001,.T.);
#3699=EDGE_CURVE('',#2915,#2914,#1484,.T.);
#3700=EDGE_CURVE('',#2838,#2916,#2002,.T.);
#3701=EDGE_CURVE('',#2916,#2915,#1485,.T.);
#3702=EDGE_CURVE('',#2867,#2917,#2003,.T.);
#3703=EDGE_CURVE('',#2917,#2916,#1486,.T.);
#3704=EDGE_CURVE('',#2868,#2918,#2004,.T.);
#3705=EDGE_CURVE('',#2918,#2917,#1487,.T.);
#3706=EDGE_CURVE('',#2869,#2919,#2005,.T.);
#3707=EDGE_CURVE('',#2919,#2918,#1488,.T.);
#3708=EDGE_CURVE('',#2920,#2921,#2006,.T.);
#3709=EDGE_CURVE('',#2921,#2919,#1489,.T.);
#3710=EDGE_CURVE('',#2869,#2920,#1490,.T.);
#3711=EDGE_CURVE('',#2920,#2922,#1491,.T.);
#3712=EDGE_CURVE('',#2922,#2923,#2007,.T.);
#3713=EDGE_CURVE('',#2923,#2921,#1492,.T.);
#3714=EDGE_CURVE('',#2924,#2925,#2008,.T.);
#3715=EDGE_CURVE('',#2925,#2923,#1493,.T.);
#3716=EDGE_CURVE('',#2922,#2924,#1494,.T.);
#3717=EDGE_CURVE('',#2926,#2927,#2009,.T.);
#3718=EDGE_CURVE('',#2927,#2925,#1495,.T.);
#3719=EDGE_CURVE('',#2924,#2926,#1496,.T.);
#3720=EDGE_CURVE('',#2877,#2927,#1497,.T.);
#3721=EDGE_CURVE('',#2926,#2878,#1498,.T.);
#3722=EDGE_CURVE('',#2716,#2710,#1499,.T.);
#3723=EDGE_CURVE('',#2899,#2649,#2010,.T.);
#3724=EDGE_CURVE('',#2897,#2651,#2011,.T.);
#3725=EDGE_CURVE('',#2895,#2653,#2012,.T.);
#3726=EDGE_CURVE('',#2893,#2928,#2013,.T.);
#3727=EDGE_CURVE('',#2929,#2928,#1500,.T.);
#3728=EDGE_CURVE('',#2930,#2929,#259,.T.);
#3729=EDGE_CURVE('',#2931,#2930,#2014,.T.);
#3730=EDGE_CURVE('',#2932,#2931,#260,.T.);
#3731=EDGE_CURVE('',#2933,#2932,#1501,.T.);
#3732=EDGE_CURVE('',#2934,#2933,#261,.T.);
#3733=EDGE_CURVE('',#2935,#2934,#2015,.T.);
#3734=EDGE_CURVE('',#2936,#2935,#262,.T.);
#3735=EDGE_CURVE('',#2937,#2936,#1502,.T.);
#3736=EDGE_CURVE('',#2938,#2937,#263,.T.);
#3737=EDGE_CURVE('',#2939,#2938,#2016,.T.);
#3738=EDGE_CURVE('',#2940,#2939,#264,.T.);
#3739=EDGE_CURVE('',#2941,#2940,#1503,.T.);
#3740=EDGE_CURVE('',#2941,#2942,#2017,.T.);
#3741=EDGE_CURVE('',#2943,#2942,#1504,.T.);
#3742=EDGE_CURVE('',#2944,#2943,#265,.T.);
#3743=EDGE_CURVE('',#2945,#2944,#2018,.T.);
#3744=EDGE_CURVE('',#2946,#2945,#266,.T.);
#3745=EDGE_CURVE('',#2947,#2946,#1505,.T.);
#3746=EDGE_CURVE('',#2948,#2947,#267,.T.);
#3747=EDGE_CURVE('',#2949,#2948,#2019,.T.);
#3748=EDGE_CURVE('',#2950,#2949,#268,.T.);
#3749=EDGE_CURVE('',#2951,#2950,#1506,.T.);
#3750=EDGE_CURVE('',#2952,#2951,#269,.T.);
#3751=EDGE_CURVE('',#2953,#2952,#2020,.T.);
#3752=EDGE_CURVE('',#2954,#2953,#270,.T.);
#3753=EDGE_CURVE('',#2955,#2954,#1507,.T.);
#3754=EDGE_CURVE('',#2955,#2655,#2021,.T.);
#3755=EDGE_CURVE('',#2891,#2956,#2022,.T.);
#3756=EDGE_CURVE('',#2928,#2956,#1508,.T.);
#3757=EDGE_CURVE('',#2957,#2657,#2023,.T.);
#3758=EDGE_CURVE('',#2958,#2957,#1509,.T.);
#3759=EDGE_CURVE('',#2959,#2958,#271,.T.);
#3760=EDGE_CURVE('',#2960,#2959,#2024,.T.);
#3761=EDGE_CURVE('',#2961,#2960,#272,.T.);
#3762=EDGE_CURVE('',#2962,#2961,#1510,.T.);
#3763=EDGE_CURVE('',#2963,#2962,#273,.T.);
#3764=EDGE_CURVE('',#2964,#2963,#2025,.T.);
#3765=EDGE_CURVE('',#2965,#2964,#274,.T.);
#3766=EDGE_CURVE('',#2966,#2965,#1511,.T.);
#3767=EDGE_CURVE('',#2967,#2966,#275,.T.);
#3768=EDGE_CURVE('',#2968,#2967,#2026,.T.);
#3769=EDGE_CURVE('',#2969,#2968,#276,.T.);
#3770=EDGE_CURVE('',#2970,#2969,#1512,.T.);
#3771=EDGE_CURVE('',#2971,#2970,#2027,.T.);
#3772=EDGE_CURVE('',#2972,#2971,#1513,.T.);
#3773=EDGE_CURVE('',#2973,#2972,#277,.T.);
#3774=EDGE_CURVE('',#2974,#2973,#2028,.T.);
#3775=EDGE_CURVE('',#2975,#2974,#278,.T.);
#3776=EDGE_CURVE('',#2976,#2975,#1514,.T.);
#3777=EDGE_CURVE('',#2977,#2976,#279,.T.);
#3778=EDGE_CURVE('',#2978,#2977,#2029,.T.);
#3779=EDGE_CURVE('',#2979,#2978,#280,.T.);
#3780=EDGE_CURVE('',#2980,#2979,#1515,.T.);
#3781=EDGE_CURVE('',#2981,#2980,#281,.T.);
#3782=EDGE_CURVE('',#2982,#2981,#2030,.T.);
#3783=EDGE_CURVE('',#2983,#2982,#282,.T.);
#3784=EDGE_CURVE('',#2956,#2983,#1516,.T.);
#3785=EDGE_CURVE('',#2889,#2659,#2031,.T.);
#3786=EDGE_CURVE('',#2887,#2661,#2032,.T.);
#3787=EDGE_CURVE('',#2885,#2663,#2033,.T.);
#3788=EDGE_CURVE('',#2883,#2665,#2034,.T.);
#3789=EDGE_CURVE('',#2881,#2984,#2035,.T.);
#3790=EDGE_CURVE('',#2985,#2984,#1517,.T.);
#3791=EDGE_CURVE('',#2986,#2985,#283,.T.);
#3792=EDGE_CURVE('',#2987,#2986,#2036,.T.);
#3793=EDGE_CURVE('',#2988,#2987,#284,.T.);
#3794=EDGE_CURVE('',#2989,#2988,#1518,.T.);
#3795=EDGE_CURVE('',#2990,#2989,#285,.T.);
#3796=EDGE_CURVE('',#2991,#2990,#2037,.T.);
#3797=EDGE_CURVE('',#2992,#2991,#286,.T.);
#3798=EDGE_CURVE('',#2993,#2992,#1519,.T.);
#3799=EDGE_CURVE('',#2994,#2993,#287,.T.);
#3800=EDGE_CURVE('',#2995,#2994,#2038,.T.);
#3801=EDGE_CURVE('',#2996,#2995,#288,.T.);
#3802=EDGE_CURVE('',#2997,#2996,#1520,.T.);
#3803=EDGE_CURVE('',#2997,#2998,#2039,.T.);
#3804=EDGE_CURVE('',#2999,#2998,#1521,.T.);
#3805=EDGE_CURVE('',#3000,#2999,#289,.T.);
#3806=EDGE_CURVE('',#3001,#3000,#2040,.T.);
#3807=EDGE_CURVE('',#3002,#3001,#290,.T.);
#3808=EDGE_CURVE('',#3003,#3002,#1522,.T.);
#3809=EDGE_CURVE('',#3004,#3003,#291,.T.);
#3810=EDGE_CURVE('',#3005,#3004,#2041,.T.);
#3811=EDGE_CURVE('',#3006,#3005,#292,.T.);
#3812=EDGE_CURVE('',#3007,#3006,#1523,.T.);
#3813=EDGE_CURVE('',#3008,#3007,#293,.T.);
#3814=EDGE_CURVE('',#3009,#3008,#2042,.T.);
#3815=EDGE_CURVE('',#3010,#3009,#294,.T.);
#3816=EDGE_CURVE('',#3011,#3010,#1524,.T.);
#3817=EDGE_CURVE('',#3011,#2667,#2043,.T.);
#3818=EDGE_CURVE('',#2879,#3012,#2044,.T.);
#3819=EDGE_CURVE('',#2984,#3012,#1525,.T.);
#3820=EDGE_CURVE('',#3013,#2669,#2045,.T.);
#3821=EDGE_CURVE('',#3014,#3013,#1526,.T.);
#3822=EDGE_CURVE('',#3015,#3014,#295,.T.);
#3823=EDGE_CURVE('',#3016,#3015,#2046,.T.);
#3824=EDGE_CURVE('',#3017,#3016,#296,.T.);
#3825=EDGE_CURVE('',#3018,#3017,#1527,.T.);
#3826=EDGE_CURVE('',#3019,#3018,#297,.T.);
#3827=EDGE_CURVE('',#3020,#3019,#2047,.T.);
#3828=EDGE_CURVE('',#3021,#3020,#298,.T.);
#3829=EDGE_CURVE('',#3022,#3021,#1528,.T.);
#3830=EDGE_CURVE('',#3023,#3022,#299,.T.);
#3831=EDGE_CURVE('',#3024,#3023,#2048,.T.);
#3832=EDGE_CURVE('',#3025,#3024,#300,.T.);
#3833=EDGE_CURVE('',#3026,#3025,#1529,.T.);
#3834=EDGE_CURVE('',#3027,#3026,#2049,.T.);
#3835=EDGE_CURVE('',#3028,#3027,#1530,.T.);
#3836=EDGE_CURVE('',#3029,#3028,#301,.T.);
#3837=EDGE_CURVE('',#3030,#3029,#2050,.T.);
#3838=EDGE_CURVE('',#3031,#3030,#302,.T.);
#3839=EDGE_CURVE('',#3032,#3031,#1531,.T.);
#3840=EDGE_CURVE('',#3033,#3032,#303,.T.);
#3841=EDGE_CURVE('',#3034,#3033,#2051,.T.);
#3842=EDGE_CURVE('',#3035,#3034,#304,.T.);
#3843=EDGE_CURVE('',#3036,#3035,#1532,.T.);
#3844=EDGE_CURVE('',#3037,#3036,#305,.T.);
#3845=EDGE_CURVE('',#3038,#3037,#2052,.T.);
#3846=EDGE_CURVE('',#3039,#3038,#306,.T.);
#3847=EDGE_CURVE('',#3012,#3039,#1533,.T.);
#3848=EDGE_CURVE('',#2875,#2671,#2053,.T.);
#3849=EDGE_CURVE('',#2878,#2673,#2054,.T.);
#3850=EDGE_CURVE('',#3040,#3040,#1534,.T.);
#3851=EDGE_CURVE('',#3041,#3042,#1535,.T.);
#3852=EDGE_CURVE('',#3041,#3043,#1536,.T.);
#3853=EDGE_CURVE('',#3044,#3043,#1537,.T.);
#3854=EDGE_CURVE('',#3044,#3045,#2055,.T.);
#3855=EDGE_CURVE('',#3046,#3045,#1538,.T.);
#3856=EDGE_CURVE('',#3046,#3047,#1539,.T.);
#3857=EDGE_CURVE('',#3048,#3047,#1540,.T.);
#3858=EDGE_CURVE('',#3048,#3049,#2056,.T.);
#3859=EDGE_CURVE('',#3050,#3049,#1541,.T.);
#3860=EDGE_CURVE('',#3050,#3051,#1542,.T.);
#3861=EDGE_CURVE('',#3052,#3051,#1543,.T.);
#3862=EDGE_CURVE('',#3052,#3053,#2057,.T.);
#3863=EDGE_CURVE('',#3054,#3053,#1544,.T.);
#3864=EDGE_CURVE('',#3054,#3055,#1545,.T.);
#3865=EDGE_CURVE('',#3056,#3055,#1546,.T.);
#3866=EDGE_CURVE('',#3056,#3057,#2058,.T.);
#3867=EDGE_CURVE('',#3058,#3057,#1547,.T.);
#3868=EDGE_CURVE('',#3058,#3059,#1548,.T.);
#3869=EDGE_CURVE('',#3060,#3059,#1549,.T.);
#3870=EDGE_CURVE('',#3060,#3061,#2059,.T.);
#3871=EDGE_CURVE('',#3062,#3061,#1550,.T.);
#3872=EDGE_CURVE('',#3062,#3063,#1551,.T.);
#3873=EDGE_CURVE('',#3064,#3063,#1552,.T.);
#3874=EDGE_CURVE('',#3064,#3042,#2060,.T.);
#3875=EDGE_CURVE('',#3065,#3066,#1553,.T.);
#3876=EDGE_CURVE('',#3065,#3067,#1554,.T.);
#3877=EDGE_CURVE('',#3068,#3067,#1555,.T.);
#3878=EDGE_CURVE('',#3068,#3069,#2061,.T.);
#3879=EDGE_CURVE('',#3070,#3069,#1556,.T.);
#3880=EDGE_CURVE('',#3070,#3071,#1557,.T.);
#3881=EDGE_CURVE('',#3072,#3071,#1558,.T.);
#3882=EDGE_CURVE('',#3072,#3073,#2062,.T.);
#3883=EDGE_CURVE('',#3074,#3073,#1559,.T.);
#3884=EDGE_CURVE('',#3074,#3075,#1560,.T.);
#3885=EDGE_CURVE('',#3076,#3075,#1561,.T.);
#3886=EDGE_CURVE('',#3076,#3077,#2063,.T.);
#3887=EDGE_CURVE('',#3078,#3077,#1562,.T.);
#3888=EDGE_CURVE('',#3078,#3079,#1563,.T.);
#3889=EDGE_CURVE('',#3080,#3079,#1564,.T.);
#3890=EDGE_CURVE('',#3080,#3081,#2064,.T.);
#3891=EDGE_CURVE('',#3082,#3081,#1565,.T.);
#3892=EDGE_CURVE('',#3082,#3083,#1566,.T.);
#3893=EDGE_CURVE('',#3084,#3083,#1567,.T.);
#3894=EDGE_CURVE('',#3084,#3085,#2065,.T.);
#3895=EDGE_CURVE('',#3086,#3085,#1568,.T.);
#3896=EDGE_CURVE('',#3086,#3087,#1569,.T.);
#3897=EDGE_CURVE('',#3088,#3087,#1570,.T.);
#3898=EDGE_CURVE('',#3088,#3066,#2066,.T.);
#3899=EDGE_CURVE('',#3089,#3090,#1571,.T.);
#3900=EDGE_CURVE('',#3089,#3091,#1572,.T.);
#3901=EDGE_CURVE('',#3092,#3091,#1573,.T.);
#3902=EDGE_CURVE('',#3092,#3093,#2067,.T.);
#3903=EDGE_CURVE('',#3094,#3093,#1574,.T.);
#3904=EDGE_CURVE('',#3094,#3095,#1575,.T.);
#3905=EDGE_CURVE('',#3096,#3095,#1576,.T.);
#3906=EDGE_CURVE('',#3096,#3097,#2068,.T.);
#3907=EDGE_CURVE('',#3098,#3097,#1577,.T.);
#3908=EDGE_CURVE('',#3098,#3099,#1578,.T.);
#3909=EDGE_CURVE('',#3100,#3099,#1579,.T.);
#3910=EDGE_CURVE('',#3100,#3101,#2069,.T.);
#3911=EDGE_CURVE('',#3102,#3101,#1580,.T.);
#3912=EDGE_CURVE('',#3102,#3103,#1581,.T.);
#3913=EDGE_CURVE('',#3104,#3103,#1582,.T.);
#3914=EDGE_CURVE('',#3104,#3105,#2070,.T.);
#3915=EDGE_CURVE('',#3106,#3105,#1583,.T.);
#3916=EDGE_CURVE('',#3106,#3107,#1584,.T.);
#3917=EDGE_CURVE('',#3108,#3107,#1585,.T.);
#3918=EDGE_CURVE('',#3108,#3109,#2071,.T.);
#3919=EDGE_CURVE('',#3110,#3109,#1586,.T.);
#3920=EDGE_CURVE('',#3110,#3111,#1587,.T.);
#3921=EDGE_CURVE('',#3112,#3111,#1588,.T.);
#3922=EDGE_CURVE('',#3112,#3090,#2072,.T.);
#3923=EDGE_CURVE('',#3113,#3114,#1589,.T.);
#3924=EDGE_CURVE('',#3113,#3115,#1590,.T.);
#3925=EDGE_CURVE('',#3116,#3115,#1591,.T.);
#3926=EDGE_CURVE('',#3116,#3117,#2073,.T.);
#3927=EDGE_CURVE('',#3118,#3117,#1592,.T.);
#3928=EDGE_CURVE('',#3118,#3119,#1593,.T.);
#3929=EDGE_CURVE('',#3120,#3119,#1594,.T.);
#3930=EDGE_CURVE('',#3120,#3121,#2074,.T.);
#3931=EDGE_CURVE('',#3122,#3121,#1595,.T.);
#3932=EDGE_CURVE('',#3122,#3123,#1596,.T.);
#3933=EDGE_CURVE('',#3124,#3123,#1597,.T.);
#3934=EDGE_CURVE('',#3124,#3125,#2075,.T.);
#3935=EDGE_CURVE('',#3126,#3125,#1598,.T.);
#3936=EDGE_CURVE('',#3126,#3127,#1599,.T.);
#3937=EDGE_CURVE('',#3128,#3127,#1600,.T.);
#3938=EDGE_CURVE('',#3128,#3129,#2076,.T.);
#3939=EDGE_CURVE('',#3130,#3129,#1601,.T.);
#3940=EDGE_CURVE('',#3130,#3131,#1602,.T.);
#3941=EDGE_CURVE('',#3132,#3131,#1603,.T.);
#3942=EDGE_CURVE('',#3132,#3133,#2077,.T.);
#3943=EDGE_CURVE('',#3134,#3133,#1604,.T.);
#3944=EDGE_CURVE('',#3134,#3135,#1605,.T.);
#3945=EDGE_CURVE('',#3136,#3135,#1606,.T.);
#3946=EDGE_CURVE('',#3136,#3114,#2078,.T.);
#3947=EDGE_CURVE('',#3114,#3137,#2079,.T.);
#3948=EDGE_CURVE('',#3137,#3138,#1607,.F.);
#3949=EDGE_CURVE('',#3138,#3113,#2080,.T.);
#3950=EDGE_CURVE('',#3138,#3139,#1608,.T.);
#3951=EDGE_CURVE('',#3115,#3139,#2081,.T.);
#3952=EDGE_CURVE('',#3139,#3140,#1609,.F.);
#3953=EDGE_CURVE('',#3140,#3116,#2082,.T.);
#3954=EDGE_CURVE('',#3117,#3141,#2083,.T.);
#3955=EDGE_CURVE('',#3141,#3142,#1610,.F.);
#3956=EDGE_CURVE('',#3142,#3118,#2084,.T.);
#3957=EDGE_CURVE('',#3142,#3143,#1611,.T.);
#3958=EDGE_CURVE('',#3119,#3143,#2085,.T.);
#3959=EDGE_CURVE('',#3143,#3144,#1612,.F.);
#3960=EDGE_CURVE('',#3144,#3120,#2086,.T.);
#3961=EDGE_CURVE('',#3121,#3145,#2087,.T.);
#3962=EDGE_CURVE('',#3145,#3146,#1613,.F.);
#3963=EDGE_CURVE('',#3146,#3122,#2088,.T.);
#3964=EDGE_CURVE('',#3146,#3147,#1614,.T.);
#3965=EDGE_CURVE('',#3123,#3147,#2089,.T.);
#3966=EDGE_CURVE('',#3147,#3148,#1615,.F.);
#3967=EDGE_CURVE('',#3148,#3124,#2090,.T.);
#3968=EDGE_CURVE('',#3125,#3149,#2091,.T.);
#3969=EDGE_CURVE('',#3149,#3150,#1616,.F.);
#3970=EDGE_CURVE('',#3150,#3126,#2092,.T.);
#3971=EDGE_CURVE('',#3150,#3151,#1617,.T.);
#3972=EDGE_CURVE('',#3127,#3151,#2093,.T.);
#3973=EDGE_CURVE('',#3151,#3152,#1618,.F.);
#3974=EDGE_CURVE('',#3152,#3128,#2094,.T.);
#3975=EDGE_CURVE('',#3135,#3153,#2095,.T.);
#3976=EDGE_CURVE('',#3153,#3154,#1619,.F.);
#3977=EDGE_CURVE('',#3154,#3136,#2096,.T.);
#3978=EDGE_CURVE('',#3155,#3134,#2097,.T.);
#3979=EDGE_CURVE('',#3155,#3153,#1620,.T.);
#3980=EDGE_CURVE('',#3133,#3156,#2098,.T.);
#3981=EDGE_CURVE('',#3156,#3155,#1621,.F.);
#3982=EDGE_CURVE('',#3157,#3132,#2099,.T.);
#3983=EDGE_CURVE('',#3157,#3156,#2100,.T.);
#3984=EDGE_CURVE('',#3129,#3158,#2101,.T.);
#3985=EDGE_CURVE('',#3158,#3159,#1622,.F.);
#3986=EDGE_CURVE('',#3159,#3130,#2102,.T.);
#3987=EDGE_CURVE('',#3159,#3160,#1623,.T.);
#3988=EDGE_CURVE('',#3131,#3160,#2103,.T.);
#3989=EDGE_CURVE('',#3160,#3157,#1624,.F.);
#3990=EDGE_CURVE('',#3090,#3161,#2104,.T.);
#3991=EDGE_CURVE('',#3161,#3162,#1625,.F.);
#3992=EDGE_CURVE('',#3162,#3089,#2105,.T.);
#3993=EDGE_CURVE('',#3162,#3163,#1626,.T.);
#3994=EDGE_CURVE('',#3091,#3163,#2106,.T.);
#3995=EDGE_CURVE('',#3163,#3164,#1627,.F.);
#3996=EDGE_CURVE('',#3164,#3092,#2107,.T.);
#3997=EDGE_CURVE('',#3093,#3165,#2108,.T.);
#3998=EDGE_CURVE('',#3165,#3166,#1628,.F.);
#3999=EDGE_CURVE('',#3166,#3094,#2109,.T.);
#4000=EDGE_CURVE('',#3166,#3167,#1629,.T.);
#4001=EDGE_CURVE('',#3095,#3167,#2110,.T.);
#4002=EDGE_CURVE('',#3167,#3168,#1630,.F.);
#4003=EDGE_CURVE('',#3168,#3096,#2111,.T.);
#4004=EDGE_CURVE('',#3097,#3169,#2112,.T.);
#4005=EDGE_CURVE('',#3169,#3170,#1631,.F.);
#4006=EDGE_CURVE('',#3170,#3098,#2113,.T.);
#4007=EDGE_CURVE('',#3170,#3171,#1632,.T.);
#4008=EDGE_CURVE('',#3099,#3171,#2114,.T.);
#4009=EDGE_CURVE('',#3171,#3172,#1633,.F.);
#4010=EDGE_CURVE('',#3172,#3100,#2115,.T.);
#4011=EDGE_CURVE('',#3101,#3173,#2116,.T.);
#4012=EDGE_CURVE('',#3173,#3174,#1634,.F.);
#4013=EDGE_CURVE('',#3174,#3102,#2117,.T.);
#4014=EDGE_CURVE('',#3174,#3175,#1635,.T.);
#4015=EDGE_CURVE('',#3103,#3175,#2118,.T.);
#4016=EDGE_CURVE('',#3175,#3176,#1636,.F.);
#4017=EDGE_CURVE('',#3176,#3104,#2119,.T.);
#4018=EDGE_CURVE('',#3111,#3177,#2120,.T.);
#4019=EDGE_CURVE('',#3177,#3178,#1637,.F.);
#4020=EDGE_CURVE('',#3178,#3112,#2121,.T.);
#4021=EDGE_CURVE('',#3179,#3110,#2122,.T.);
#4022=EDGE_CURVE('',#3179,#3177,#1638,.T.);
#4023=EDGE_CURVE('',#3109,#3180,#2123,.T.);
#4024=EDGE_CURVE('',#3180,#3179,#1639,.F.);
#4025=EDGE_CURVE('',#3181,#3108,#2124,.T.);
#4026=EDGE_CURVE('',#3181,#3180,#2125,.T.);
#4027=EDGE_CURVE('',#3105,#3182,#2126,.T.);
#4028=EDGE_CURVE('',#3182,#3183,#1640,.F.);
#4029=EDGE_CURVE('',#3183,#3106,#2127,.T.);
#4030=EDGE_CURVE('',#3183,#3184,#1641,.T.);
#4031=EDGE_CURVE('',#3107,#3184,#2128,.T.);
#4032=EDGE_CURVE('',#3184,#3181,#1642,.F.);
#4033=EDGE_CURVE('',#3066,#3185,#2129,.T.);
#4034=EDGE_CURVE('',#3185,#3186,#1643,.F.);
#4035=EDGE_CURVE('',#3186,#3065,#2130,.T.);
#4036=EDGE_CURVE('',#3186,#3187,#1644,.T.);
#4037=EDGE_CURVE('',#3067,#3187,#2131,.T.);
#4038=EDGE_CURVE('',#3187,#3188,#1645,.F.);
#4039=EDGE_CURVE('',#3188,#3068,#2132,.T.);
#4040=EDGE_CURVE('',#3069,#3189,#2133,.T.);
#4041=EDGE_CURVE('',#3189,#3190,#1646,.F.);
#4042=EDGE_CURVE('',#3190,#3070,#2134,.T.);
#4043=EDGE_CURVE('',#3190,#3191,#1647,.T.);
#4044=EDGE_CURVE('',#3071,#3191,#2135,.T.);
#4045=EDGE_CURVE('',#3191,#3192,#1648,.F.);
#4046=EDGE_CURVE('',#3192,#3072,#2136,.T.);
#4047=EDGE_CURVE('',#3073,#3193,#2137,.T.);
#4048=EDGE_CURVE('',#3193,#3194,#1649,.F.);
#4049=EDGE_CURVE('',#3194,#3074,#2138,.T.);
#4050=EDGE_CURVE('',#3194,#3195,#1650,.T.);
#4051=EDGE_CURVE('',#3075,#3195,#2139,.T.);
#4052=EDGE_CURVE('',#3195,#3196,#1651,.F.);
#4053=EDGE_CURVE('',#3196,#3076,#2140,.T.);
#4054=EDGE_CURVE('',#3077,#3197,#2141,.T.);
#4055=EDGE_CURVE('',#3197,#3198,#1652,.F.);
#4056=EDGE_CURVE('',#3198,#3078,#2142,.T.);
#4057=EDGE_CURVE('',#3198,#3199,#1653,.T.);
#4058=EDGE_CURVE('',#3079,#3199,#2143,.T.);
#4059=EDGE_CURVE('',#3199,#3200,#1654,.F.);
#4060=EDGE_CURVE('',#3200,#3080,#2144,.T.);
#4061=EDGE_CURVE('',#3087,#3201,#2145,.T.);
#4062=EDGE_CURVE('',#3201,#3202,#1655,.F.);
#4063=EDGE_CURVE('',#3202,#3088,#2146,.T.);
#4064=EDGE_CURVE('',#3203,#3086,#2147,.T.);
#4065=EDGE_CURVE('',#3203,#3201,#1656,.T.);
#4066=EDGE_CURVE('',#3085,#3204,#2148,.T.);
#4067=EDGE_CURVE('',#3204,#3203,#1657,.F.);
#4068=EDGE_CURVE('',#3205,#3084,#2149,.T.);
#4069=EDGE_CURVE('',#3205,#3204,#2150,.T.);
#4070=EDGE_CURVE('',#3081,#3206,#2151,.T.);
#4071=EDGE_CURVE('',#3206,#3207,#1658,.F.);
#4072=EDGE_CURVE('',#3207,#3082,#2152,.T.);
#4073=EDGE_CURVE('',#3200,#3206,#2153,.T.);
#4074=EDGE_CURVE('',#3083,#3208,#2154,.T.);
#4075=EDGE_CURVE('',#3208,#3205,#1659,.F.);
#4076=EDGE_CURVE('',#3154,#3137,#2155,.T.);
#4077=EDGE_CURVE('',#3152,#3158,#2156,.T.);
#4078=EDGE_CURVE('',#3148,#3149,#2157,.T.);
#4079=EDGE_CURVE('',#3144,#3145,#2158,.T.);
#4080=EDGE_CURVE('',#3140,#3141,#2159,.T.);
#4081=EDGE_CURVE('',#3209,#3209,#1660,.T.);
#4082=EDGE_CURVE('',#2874,#3209,#2160,.T.);
#4083=EDGE_CURVE('',#3178,#3161,#2161,.T.);
#4084=EDGE_CURVE('',#3176,#3182,#2162,.T.);
#4085=EDGE_CURVE('',#3172,#3173,#2163,.T.);
#4086=EDGE_CURVE('',#3168,#3169,#2164,.T.);
#4087=EDGE_CURVE('',#3164,#3165,#2165,.T.);
#4088=EDGE_CURVE('',#3210,#3210,#1661,.T.);
#4089=EDGE_CURVE('',#2873,#3210,#2166,.T.);
#4090=EDGE_CURVE('',#3202,#3185,#2167,.T.);
#4091=EDGE_CURVE('',#3207,#3208,#1662,.T.);
#4092=EDGE_CURVE('',#3196,#3197,#2168,.T.);
#4093=EDGE_CURVE('',#3192,#3193,#2169,.T.);
#4094=EDGE_CURVE('',#3188,#3189,#2170,.T.);
#4095=EDGE_CURVE('',#3211,#3211,#1663,.T.);
#4096=EDGE_CURVE('',#2872,#3211,#2171,.T.);
#4097=EDGE_CURVE('',#3042,#3212,#2172,.T.);
#4098=EDGE_CURVE('',#3212,#3213,#1664,.F.);
#4099=EDGE_CURVE('',#3213,#3041,#2173,.T.);
#4100=EDGE_CURVE('',#3213,#3214,#1665,.T.);
#4101=EDGE_CURVE('',#3043,#3214,#2174,.T.);
#4102=EDGE_CURVE('',#3214,#3215,#1666,.F.);
#4103=EDGE_CURVE('',#3215,#3044,#2175,.T.);
#4104=EDGE_CURVE('',#3045,#3216,#2176,.T.);
#4105=EDGE_CURVE('',#3216,#3217,#1667,.F.);
#4106=EDGE_CURVE('',#3217,#3046,#2177,.T.);
#4107=EDGE_CURVE('',#3217,#3218,#1668,.T.);
#4108=EDGE_CURVE('',#3047,#3218,#2178,.T.);
#4109=EDGE_CURVE('',#3218,#3219,#1669,.F.);
#4110=EDGE_CURVE('',#3219,#3048,#2179,.T.);
#4111=EDGE_CURVE('',#3049,#3220,#2180,.T.);
#4112=EDGE_CURVE('',#3220,#3221,#1670,.F.);
#4113=EDGE_CURVE('',#3221,#3050,#2181,.T.);
#4114=EDGE_CURVE('',#3221,#3222,#1671,.T.);
#4115=EDGE_CURVE('',#3051,#3222,#2182,.T.);
#4116=EDGE_CURVE('',#3222,#3223,#1672,.F.);
#4117=EDGE_CURVE('',#3223,#3052,#2183,.T.);
#4118=EDGE_CURVE('',#3053,#3224,#2184,.T.);
#4119=EDGE_CURVE('',#3224,#3225,#1673,.F.);
#4120=EDGE_CURVE('',#3225,#3054,#2185,.T.);
#4121=EDGE_CURVE('',#3225,#3226,#1674,.T.);
#4122=EDGE_CURVE('',#3055,#3226,#2186,.T.);
#4123=EDGE_CURVE('',#3226,#3227,#1675,.F.);
#4124=EDGE_CURVE('',#3227,#3056,#2187,.T.);
#4125=EDGE_CURVE('',#3063,#3228,#2188,.T.);
#4126=EDGE_CURVE('',#3228,#3229,#1676,.F.);
#4127=EDGE_CURVE('',#3229,#3064,#2189,.T.);
#4128=EDGE_CURVE('',#3230,#3062,#2190,.T.);
#4129=EDGE_CURVE('',#3230,#3228,#1677,.T.);
#4130=EDGE_CURVE('',#3061,#3231,#2191,.T.);
#4131=EDGE_CURVE('',#3231,#3230,#1678,.F.);
#4132=EDGE_CURVE('',#3232,#3060,#2192,.T.);
#4133=EDGE_CURVE('',#3232,#3231,#2193,.T.);
#4134=EDGE_CURVE('',#3057,#3233,#2194,.T.);
#4135=EDGE_CURVE('',#3233,#3234,#1679,.F.);
#4136=EDGE_CURVE('',#3234,#3058,#2195,.T.);
#4137=EDGE_CURVE('',#3227,#3233,#2196,.T.);
#4138=EDGE_CURVE('',#3059,#3235,#2197,.T.);
#4139=EDGE_CURVE('',#3235,#3232,#1680,.F.);
#4140=EDGE_CURVE('',#3215,#3216,#2198,.T.);
#4141=EDGE_CURVE('',#3229,#3212,#2199,.T.);
#4142=EDGE_CURVE('',#3234,#3235,#1681,.T.);
#4143=EDGE_CURVE('',#3223,#3224,#2200,.T.);
#4144=EDGE_CURVE('',#3219,#3220,#2201,.T.);
#4145=EDGE_CURVE('',#3236,#3236,#1682,.T.);
#4146=EDGE_CURVE('',#2871,#3236,#2202,.T.);
#4147=EDGE_CURVE('',#2870,#3237,#2203,.T.);
#4148=EDGE_CURVE('',#3237,#3237,#1683,.T.);
#4149=EDGE_CURVE('',#3238,#3239,#1684,.T.);
#4150=EDGE_CURVE('',#3240,#3238,#2204,.T.);
#4151=EDGE_CURVE('',#3241,#3240,#1685,.T.);
#4152=EDGE_CURVE('',#3242,#3241,#2205,.T.);
#4153=EDGE_CURVE('',#3243,#3242,#1686,.T.);
#4154=EDGE_CURVE('',#3244,#3243,#2206,.T.);
#4155=EDGE_CURVE('',#3245,#3244,#1687,.T.);
#4156=EDGE_CURVE('',#3239,#3245,#2207,.T.);
#4157=EDGE_CURVE('',#3242,#3246,#2208,.T.);
#4158=EDGE_CURVE('',#3246,#3247,#1688,.T.);
#4159=EDGE_CURVE('',#3247,#3243,#2209,.T.);
#4160=EDGE_CURVE('',#3248,#3241,#2210,.T.);
#4161=EDGE_CURVE('',#3248,#3246,#2211,.T.);
#4162=EDGE_CURVE('',#3240,#3249,#2212,.T.);
#4163=EDGE_CURVE('',#3249,#3248,#1689,.T.);
#4164=EDGE_CURVE('',#3250,#3238,#2213,.T.);
#4165=EDGE_CURVE('',#3250,#3249,#2214,.T.);
#4166=EDGE_CURVE('',#3040,#3251,#2215,.T.);
#4167=EDGE_CURVE('',#3251,#3251,#1690,.T.);
#4168=EDGE_CURVE('',#3252,#3250,#1691,.T.);
#4169=EDGE_CURVE('',#3253,#3252,#2216,.T.);
#4170=EDGE_CURVE('',#3254,#3253,#1692,.T.);
#4171=EDGE_CURVE('',#3247,#3254,#2217,.T.);
#4172=EDGE_CURVE('',#3239,#3252,#2218,.T.);
#4173=EDGE_CURVE('',#3244,#3254,#2219,.T.);
#4174=EDGE_CURVE('',#3253,#3245,#2220,.T.);
#4175=EDGE_CURVE('',#2926,#2675,#2221,.T.);
#4176=EDGE_CURVE('',#2924,#2677,#2222,.T.);
#4177=EDGE_CURVE('',#2922,#3255,#2223,.T.);
#4178=EDGE_CURVE('',#3256,#3255,#1693,.T.);
#4179=EDGE_CURVE('',#3257,#3256,#307,.T.);
#4180=EDGE_CURVE('',#3258,#3257,#2224,.T.);
#4181=EDGE_CURVE('',#3259,#3258,#308,.T.);
#4182=EDGE_CURVE('',#3260,#3259,#1694,.T.);
#4183=EDGE_CURVE('',#3261,#3260,#309,.T.);
#4184=EDGE_CURVE('',#3262,#3261,#2225,.T.);
#4185=EDGE_CURVE('',#3263,#3262,#310,.T.);
#4186=EDGE_CURVE('',#3264,#3263,#1695,.T.);
#4187=EDGE_CURVE('',#3265,#3264,#311,.T.);
#4188=EDGE_CURVE('',#3266,#3265,#2226,.T.);
#4189=EDGE_CURVE('',#3267,#3266,#312,.T.);
#4190=EDGE_CURVE('',#3268,#3267,#1696,.T.);
#4191=EDGE_CURVE('',#3268,#3269,#2227,.T.);
#4192=EDGE_CURVE('',#3270,#3269,#1697,.T.);
#4193=EDGE_CURVE('',#3271,#3270,#313,.T.);
#4194=EDGE_CURVE('',#3272,#3271,#2228,.T.);
#4195=EDGE_CURVE('',#3273,#3272,#314,.T.);
#4196=EDGE_CURVE('',#3274,#3273,#1698,.T.);
#4197=EDGE_CURVE('',#3275,#3274,#315,.T.);
#4198=EDGE_CURVE('',#3276,#3275,#2229,.T.);
#4199=EDGE_CURVE('',#3277,#3276,#316,.T.);
#4200=EDGE_CURVE('',#3278,#3277,#1699,.T.);
#4201=EDGE_CURVE('',#3279,#3278,#317,.T.);
#4202=EDGE_CURVE('',#3280,#3279,#2230,.T.);
#4203=EDGE_CURVE('',#3281,#3280,#318,.T.);
#4204=EDGE_CURVE('',#3282,#3281,#1700,.T.);
#4205=EDGE_CURVE('',#3282,#2679,#2231,.T.);
#4206=EDGE_CURVE('',#3283,#2681,#2232,.T.);
#4207=EDGE_CURVE('',#3284,#3283,#1701,.T.);
#4208=EDGE_CURVE('',#3285,#3284,#319,.T.);
#4209=EDGE_CURVE('',#3286,#3285,#2233,.T.);
#4210=EDGE_CURVE('',#3287,#3286,#320,.T.);
#4211=EDGE_CURVE('',#3288,#3287,#1702,.T.);
#4212=EDGE_CURVE('',#3289,#3288,#321,.T.);
#4213=EDGE_CURVE('',#3290,#3289,#2234,.T.);
#4214=EDGE_CURVE('',#3291,#3290,#322,.T.);
#4215=EDGE_CURVE('',#3292,#3291,#1703,.T.);
#4216=EDGE_CURVE('',#3293,#3292,#323,.T.);
#4217=EDGE_CURVE('',#3294,#3293,#2235,.T.);
#4218=EDGE_CURVE('',#3295,#3294,#324,.T.);
#4219=EDGE_CURVE('',#3296,#3295,#1704,.T.);
#4220=EDGE_CURVE('',#3297,#3296,#2236,.T.);
#4221=EDGE_CURVE('',#3298,#3297,#1705,.T.);
#4222=EDGE_CURVE('',#3299,#3298,#325,.T.);
#4223=EDGE_CURVE('',#3300,#3299,#2237,.T.);
#4224=EDGE_CURVE('',#3301,#3300,#326,.T.);
#4225=EDGE_CURVE('',#3302,#3301,#1706,.T.);
#4226=EDGE_CURVE('',#3303,#3302,#327,.T.);
#4227=EDGE_CURVE('',#3304,#3303,#2238,.T.);
#4228=EDGE_CURVE('',#3305,#3304,#328,.T.);
#4229=EDGE_CURVE('',#3306,#3305,#1707,.T.);
#4230=EDGE_CURVE('',#3307,#3306,#329,.T.);
#4231=EDGE_CURVE('',#3308,#3307,#2239,.T.);
#4232=EDGE_CURVE('',#3309,#3308,#330,.T.);
#4233=EDGE_CURVE('',#3310,#3309,#1708,.T.);
#4234=EDGE_CURVE('',#2920,#3310,#2240,.T.);
#4235=EDGE_CURVE('',#3282,#3283,#1709,.T.);
#4236=EDGE_CURVE('',#2955,#2957,#1710,.T.);
#4237=EDGE_CURVE('',#3011,#3013,#1711,.T.);
#4238=EDGE_CURVE('',#2684,#2742,#1712,.T.);
#4239=EDGE_CURVE('',#3284,#3281,#1713,.T.);
#4240=EDGE_CURVE('',#2809,#2866,#1714,.T.);
#4241=EDGE_CURVE('',#2747,#2804,#1715,.T.);
#4242=EDGE_CURVE('',#2958,#2954,#1716,.T.);
#4243=EDGE_CURVE('',#3014,#3010,#1717,.T.);
#4244=EDGE_CURVE('',#2741,#2685,#1718,.T.);
#4245=EDGE_CURVE('',#3280,#3285,#1719,.T.);
#4246=EDGE_CURVE('',#2865,#2810,#1720,.T.);
#4247=EDGE_CURVE('',#2803,#2748,#1721,.T.);
#4248=EDGE_CURVE('',#2953,#2959,#1722,.T.);
#4249=EDGE_CURVE('',#3009,#3015,#1723,.T.);
#4250=EDGE_CURVE('',#2686,#2740,#1724,.T.);
#4251=EDGE_CURVE('',#3286,#3279,#1725,.T.);
#4252=EDGE_CURVE('',#2811,#2864,#1726,.T.);
#4253=EDGE_CURVE('',#2749,#2802,#1727,.T.);
#4254=EDGE_CURVE('',#2960,#2952,#1728,.T.);
#4255=EDGE_CURVE('',#3016,#3008,#1729,.T.);
#4256=EDGE_CURVE('',#2739,#2687,#1730,.T.);
#4257=EDGE_CURVE('',#3278,#3287,#1731,.T.);
#4258=EDGE_CURVE('',#2863,#2812,#1732,.T.);
#4259=EDGE_CURVE('',#2801,#2750,#1733,.T.);
#4260=EDGE_CURVE('',#2951,#2961,#1734,.T.);
#4261=EDGE_CURVE('',#3007,#3017,#1735,.T.);
#4262=EDGE_CURVE('',#2688,#2738,#1736,.T.);
#4263=EDGE_CURVE('',#3288,#3277,#1737,.T.);
#4264=EDGE_CURVE('',#2813,#2862,#1738,.T.);
#4265=EDGE_CURVE('',#2751,#2800,#1739,.T.);
#4266=EDGE_CURVE('',#2962,#2950,#1740,.T.);
#4267=EDGE_CURVE('',#3018,#3006,#1741,.T.);
#4268=EDGE_CURVE('',#2737,#2689,#1742,.T.);
#4269=EDGE_CURVE('',#3276,#3289,#1743,.T.);
#4270=EDGE_CURVE('',#2861,#2814,#1744,.T.);
#4271=EDGE_CURVE('',#2799,#2752,#1745,.T.);
#4272=EDGE_CURVE('',#2949,#2963,#1746,.T.);
#4273=EDGE_CURVE('',#3005,#3019,#1747,.T.);
#4274=EDGE_CURVE('',#2690,#2736,#1748,.T.);
#4275=EDGE_CURVE('',#3290,#3275,#1749,.T.);
#4276=EDGE_CURVE('',#2815,#2860,#1750,.T.);
#4277=EDGE_CURVE('',#2753,#2798,#1751,.T.);
#4278=EDGE_CURVE('',#2964,#2948,#1752,.T.);
#4279=EDGE_CURVE('',#3020,#3004,#1753,.T.);
#4280=EDGE_CURVE('',#2735,#2691,#1754,.T.);
#4281=EDGE_CURVE('',#3274,#3291,#1755,.T.);
#4282=EDGE_CURVE('',#2859,#2816,#1756,.T.);
#4283=EDGE_CURVE('',#2797,#2754,#1757,.T.);
#4284=EDGE_CURVE('',#2947,#2965,#1758,.T.);
#4285=EDGE_CURVE('',#3003,#3021,#1759,.T.);
#4286=EDGE_CURVE('',#2692,#2734,#1760,.T.);
#4287=EDGE_CURVE('',#3292,#3273,#1761,.T.);
#4288=EDGE_CURVE('',#2817,#2858,#1762,.T.);
#4289=EDGE_CURVE('',#2755,#2796,#1763,.T.);
#4290=EDGE_CURVE('',#2966,#2946,#1764,.T.);
#4291=EDGE_CURVE('',#3022,#3002,#1765,.T.);
#4292=EDGE_CURVE('',#2733,#2693,#1766,.T.);
#4293=EDGE_CURVE('',#3272,#3293,#1767,.T.);
#4294=EDGE_CURVE('',#2857,#2818,#1768,.T.);
#4295=EDGE_CURVE('',#2795,#2756,#1769,.T.);
#4296=EDGE_CURVE('',#2945,#2967,#1770,.T.);
#4297=EDGE_CURVE('',#3001,#3023,#1771,.T.);
#4298=EDGE_CURVE('',#2694,#2732,#1772,.T.);
#4299=EDGE_CURVE('',#3294,#3271,#1773,.T.);
#4300=EDGE_CURVE('',#2819,#2856,#1774,.T.);
#4301=EDGE_CURVE('',#2757,#2794,#1775,.T.);
#4302=EDGE_CURVE('',#2968,#2944,#1776,.T.);
#4303=EDGE_CURVE('',#3024,#3000,#1777,.T.);
#4304=EDGE_CURVE('',#2731,#2695,#1778,.T.);
#4305=EDGE_CURVE('',#3270,#3295,#1779,.T.);
#4306=EDGE_CURVE('',#2855,#2820,#1780,.T.);
#4307=EDGE_CURVE('',#2793,#2758,#1781,.T.);
#4308=EDGE_CURVE('',#2943,#2969,#1782,.T.);
#4309=EDGE_CURVE('',#2999,#3025,#1783,.T.);
#4310=EDGE_CURVE('',#2730,#2696,#1784,.T.);
#4311=EDGE_CURVE('',#3269,#3296,#1785,.T.);
#4312=EDGE_CURVE('',#2854,#2821,#1786,.T.);
#4313=EDGE_CURVE('',#2792,#2759,#1787,.T.);
#4314=EDGE_CURVE('',#2942,#2970,#1788,.T.);
#4315=EDGE_CURVE('',#2998,#3026,#1789,.T.);
#4316=EDGE_CURVE('',#2729,#2697,#1790,.T.);
#4317=EDGE_CURVE('',#3268,#3297,#1791,.T.);
#4318=EDGE_CURVE('',#2853,#2822,#1792,.T.);
#4319=EDGE_CURVE('',#2791,#2760,#1793,.T.);
#4320=EDGE_CURVE('',#2941,#2971,#1794,.T.);
#4321=EDGE_CURVE('',#2997,#3027,#1795,.T.);
#4322=EDGE_CURVE('',#2698,#2728,#1796,.T.);
#4323=EDGE_CURVE('',#3298,#3267,#1797,.T.);
#4324=EDGE_CURVE('',#2823,#2852,#1798,.T.);
#4325=EDGE_CURVE('',#2761,#2790,#1799,.T.);
#4326=EDGE_CURVE('',#2972,#2940,#1800,.T.);
#4327=EDGE_CURVE('',#2727,#2699,#1801,.T.);
#4328=EDGE_CURVE('',#3266,#3299,#1802,.T.);
#4329=EDGE_CURVE('',#2851,#2824,#1803,.T.);
#4330=EDGE_CURVE('',#2789,#2762,#1804,.T.);
#4331=EDGE_CURVE('',#2939,#2973,#1805,.T.);
#4332=EDGE_CURVE('',#2840,#2835,#1806,.T.);
#4333=EDGE_CURVE('',#3255,#3310,#1807,.T.);
#4334=EDGE_CURVE('',#2778,#2773,#1808,.T.);
#4335=EDGE_CURVE('',#2700,#2726,#1809,.T.);
#4336=EDGE_CURVE('',#3300,#3265,#1810,.T.);
#4337=EDGE_CURVE('',#2825,#2850,#1811,.T.);
#4338=EDGE_CURVE('',#2763,#2788,#1812,.T.);
#4339=EDGE_CURVE('',#2974,#2938,#1813,.T.);
#4340=EDGE_CURVE('',#2717,#2709,#1814,.T.);
#4341=EDGE_CURVE('',#3256,#3309,#1815,.T.);
#4342=EDGE_CURVE('',#2841,#2834,#1816,.T.);
#4343=EDGE_CURVE('',#2779,#2772,#1817,.T.);
#4344=EDGE_CURVE('',#2929,#2983,#1818,.T.);
#4345=EDGE_CURVE('',#2985,#3039,#1819,.T.);
#4346=EDGE_CURVE('',#2725,#2701,#1820,.T.);
#4347=EDGE_CURVE('',#3264,#3301,#1821,.T.);
#4348=EDGE_CURVE('',#2849,#2826,#1822,.T.);
#4349=EDGE_CURVE('',#2787,#2764,#1823,.T.);
#4350=EDGE_CURVE('',#2937,#2975,#1824,.T.);
#4351=EDGE_CURVE('',#2708,#2718,#1825,.T.);
#4352=EDGE_CURVE('',#3308,#3257,#1826,.T.);
#4353=EDGE_CURVE('',#2833,#2842,#1827,.T.);
#4354=EDGE_CURVE('',#2771,#2780,#1828,.T.);
#4355=EDGE_CURVE('',#2982,#2930,#1829,.T.);
#4356=EDGE_CURVE('',#3038,#2986,#1830,.T.);
#4357=EDGE_CURVE('',#2702,#2724,#1831,.T.);
#4358=EDGE_CURVE('',#3302,#3263,#1832,.T.);
#4359=EDGE_CURVE('',#2827,#2848,#1833,.T.);
#4360=EDGE_CURVE('',#2765,#2786,#1834,.T.);
#4361=EDGE_CURVE('',#2976,#2936,#1835,.T.);
#4362=EDGE_CURVE('',#2719,#2707,#1836,.T.);
#4363=EDGE_CURVE('',#3258,#3307,#1837,.T.);
#4364=EDGE_CURVE('',#2843,#2832,#1838,.T.);
#4365=EDGE_CURVE('',#2781,#2770,#1839,.T.);
#4366=EDGE_CURVE('',#2931,#2981,#1840,.T.);
#4367=EDGE_CURVE('',#2987,#3037,#1841,.T.);
#4368=EDGE_CURVE('',#2723,#2703,#1842,.T.);
#4369=EDGE_CURVE('',#3262,#3303,#1843,.T.);
#4370=EDGE_CURVE('',#2847,#2828,#1844,.T.);
#4371=EDGE_CURVE('',#2785,#2766,#1845,.T.);
#4372=EDGE_CURVE('',#2935,#2977,#1846,.T.);
#4373=EDGE_CURVE('',#2991,#3033,#1847,.T.);
#4374=EDGE_CURVE('',#3032,#2992,#1848,.T.);
#4375=EDGE_CURVE('',#2706,#2720,#1849,.T.);
#4376=EDGE_CURVE('',#3306,#3259,#1850,.T.);
#4377=EDGE_CURVE('',#2831,#2844,#1851,.T.);
#4378=EDGE_CURVE('',#2769,#2782,#1852,.T.);
#4379=EDGE_CURVE('',#2980,#2932,#1853,.T.);
#4380=EDGE_CURVE('',#3036,#2988,#1854,.T.);
#4381=EDGE_CURVE('',#2704,#2722,#1855,.T.);
#4382=EDGE_CURVE('',#3304,#3261,#1856,.T.);
#4383=EDGE_CURVE('',#2829,#2846,#1857,.T.);
#4384=EDGE_CURVE('',#2767,#2784,#1858,.T.);
#4385=EDGE_CURVE('',#2978,#2934,#1859,.T.);
#4386=EDGE_CURVE('',#3034,#2990,#1860,.T.);
#4387=EDGE_CURVE('',#2721,#2705,#1861,.T.);
#4388=EDGE_CURVE('',#3260,#3305,#1862,.T.);
#4389=EDGE_CURVE('',#2845,#2830,#1863,.T.);
#4390=EDGE_CURVE('',#2783,#2768,#1864,.T.);
#4391=EDGE_CURVE('',#2933,#2979,#1865,.T.);
#4392=EDGE_CURVE('',#2989,#3035,#1866,.T.);
#4393=EDGE_CURVE('',#2993,#3031,#1867,.T.);
#4394=EDGE_CURVE('',#3030,#2994,#1868,.T.);
#4395=EDGE_CURVE('',#2995,#3029,#1869,.T.);
#4396=EDGE_CURVE('',#3028,#2996,#1870,.T.);
#4397=ORIENTED_EDGE('',*,*,#3311,.T.);
#4398=ORIENTED_EDGE('',*,*,#3312,.T.);
#4399=ORIENTED_EDGE('',*,*,#3313,.T.);
#4400=ORIENTED_EDGE('',*,*,#3314,.T.);
#4401=ORIENTED_EDGE('',*,*,#3315,.T.);
#4402=ORIENTED_EDGE('',*,*,#3316,.T.);
#4403=ORIENTED_EDGE('',*,*,#3311,.F.);
#4404=ORIENTED_EDGE('',*,*,#3317,.T.);
#4405=ORIENTED_EDGE('',*,*,#3318,.T.);
#4406=ORIENTED_EDGE('',*,*,#3319,.T.);
#4407=ORIENTED_EDGE('',*,*,#3315,.F.);
#4408=ORIENTED_EDGE('',*,*,#3320,.T.);
#4409=ORIENTED_EDGE('',*,*,#3321,.T.);
#4410=ORIENTED_EDGE('',*,*,#3322,.T.);
#4411=ORIENTED_EDGE('',*,*,#3318,.F.);
#4412=ORIENTED_EDGE('',*,*,#3323,.T.);
#4413=ORIENTED_EDGE('',*,*,#3324,.T.);
#4414=ORIENTED_EDGE('',*,*,#3325,.T.);
#4415=ORIENTED_EDGE('',*,*,#3321,.F.);
#4416=ORIENTED_EDGE('',*,*,#3326,.T.);
#4417=ORIENTED_EDGE('',*,*,#3327,.T.);
#4418=ORIENTED_EDGE('',*,*,#3328,.T.);
#4419=ORIENTED_EDGE('',*,*,#3324,.F.);
#4420=ORIENTED_EDGE('',*,*,#3329,.T.);
#4421=ORIENTED_EDGE('',*,*,#3330,.T.);
#4422=ORIENTED_EDGE('',*,*,#3331,.T.);
#4423=ORIENTED_EDGE('',*,*,#3327,.F.);
#4424=ORIENTED_EDGE('',*,*,#3332,.T.);
#4425=ORIENTED_EDGE('',*,*,#3333,.T.);
#4426=ORIENTED_EDGE('',*,*,#3334,.T.);
#4427=ORIENTED_EDGE('',*,*,#3330,.F.);
#4428=ORIENTED_EDGE('',*,*,#3335,.T.);
#4429=ORIENTED_EDGE('',*,*,#3336,.T.);
#4430=ORIENTED_EDGE('',*,*,#3337,.T.);
#4431=ORIENTED_EDGE('',*,*,#3333,.F.);
#4432=ORIENTED_EDGE('',*,*,#3338,.T.);
#4433=ORIENTED_EDGE('',*,*,#3339,.T.);
#4434=ORIENTED_EDGE('',*,*,#3340,.T.);
#4435=ORIENTED_EDGE('',*,*,#3336,.F.);
#4436=ORIENTED_EDGE('',*,*,#3341,.T.);
#4437=ORIENTED_EDGE('',*,*,#3342,.T.);
#4438=ORIENTED_EDGE('',*,*,#3343,.T.);
#4439=ORIENTED_EDGE('',*,*,#3339,.F.);
#4440=ORIENTED_EDGE('',*,*,#3344,.T.);
#4441=ORIENTED_EDGE('',*,*,#3345,.T.);
#4442=ORIENTED_EDGE('',*,*,#3346,.T.);
#4443=ORIENTED_EDGE('',*,*,#3342,.F.);
#4444=ORIENTED_EDGE('',*,*,#3347,.T.);
#4445=ORIENTED_EDGE('',*,*,#3348,.T.);
#4446=ORIENTED_EDGE('',*,*,#3349,.T.);
#4447=ORIENTED_EDGE('',*,*,#3345,.F.);
#4448=ORIENTED_EDGE('',*,*,#3350,.T.);
#4449=ORIENTED_EDGE('',*,*,#3351,.T.);
#4450=ORIENTED_EDGE('',*,*,#3352,.T.);
#4451=ORIENTED_EDGE('',*,*,#3348,.F.);
#4452=ORIENTED_EDGE('',*,*,#3353,.T.);
#4453=ORIENTED_EDGE('',*,*,#3354,.T.);
#4454=ORIENTED_EDGE('',*,*,#3355,.T.);
#4455=ORIENTED_EDGE('',*,*,#3351,.F.);
#4456=ORIENTED_EDGE('',*,*,#3356,.T.);
#4457=ORIENTED_EDGE('',*,*,#3357,.T.);
#4458=ORIENTED_EDGE('',*,*,#3358,.T.);
#4459=ORIENTED_EDGE('',*,*,#3354,.F.);
#4460=ORIENTED_EDGE('',*,*,#3359,.T.);
#4461=ORIENTED_EDGE('',*,*,#3360,.T.);
#4462=ORIENTED_EDGE('',*,*,#3361,.T.);
#4463=ORIENTED_EDGE('',*,*,#3357,.F.);
#4464=ORIENTED_EDGE('',*,*,#3362,.T.);
#4465=ORIENTED_EDGE('',*,*,#3363,.T.);
#4466=ORIENTED_EDGE('',*,*,#3364,.T.);
#4467=ORIENTED_EDGE('',*,*,#3360,.F.);
#4468=ORIENTED_EDGE('',*,*,#3365,.T.);
#4469=ORIENTED_EDGE('',*,*,#3366,.T.);
#4470=ORIENTED_EDGE('',*,*,#3367,.T.);
#4471=ORIENTED_EDGE('',*,*,#3363,.F.);
#4472=ORIENTED_EDGE('',*,*,#3368,.T.);
#4473=ORIENTED_EDGE('',*,*,#3369,.T.);
#4474=ORIENTED_EDGE('',*,*,#3370,.T.);
#4475=ORIENTED_EDGE('',*,*,#3366,.F.);
#4476=ORIENTED_EDGE('',*,*,#3371,.T.);
#4477=ORIENTED_EDGE('',*,*,#3372,.T.);
#4478=ORIENTED_EDGE('',*,*,#3373,.T.);
#4479=ORIENTED_EDGE('',*,*,#3369,.F.);
#4480=ORIENTED_EDGE('',*,*,#3374,.T.);
#4481=ORIENTED_EDGE('',*,*,#3375,.T.);
#4482=ORIENTED_EDGE('',*,*,#3376,.T.);
#4483=ORIENTED_EDGE('',*,*,#3372,.F.);
#4484=ORIENTED_EDGE('',*,*,#3377,.T.);
#4485=ORIENTED_EDGE('',*,*,#3378,.T.);
#4486=ORIENTED_EDGE('',*,*,#3379,.T.);
#4487=ORIENTED_EDGE('',*,*,#3375,.F.);
#4488=ORIENTED_EDGE('',*,*,#3380,.T.);
#4489=ORIENTED_EDGE('',*,*,#3381,.T.);
#4490=ORIENTED_EDGE('',*,*,#3382,.T.);
#4491=ORIENTED_EDGE('',*,*,#3378,.F.);
#4492=ORIENTED_EDGE('',*,*,#3383,.T.);
#4493=ORIENTED_EDGE('',*,*,#3384,.T.);
#4494=ORIENTED_EDGE('',*,*,#3385,.T.);
#4495=ORIENTED_EDGE('',*,*,#3381,.F.);
#4496=ORIENTED_EDGE('',*,*,#3386,.T.);
#4497=ORIENTED_EDGE('',*,*,#3387,.T.);
#4498=ORIENTED_EDGE('',*,*,#3388,.T.);
#4499=ORIENTED_EDGE('',*,*,#3384,.F.);
#4500=ORIENTED_EDGE('',*,*,#3389,.T.);
#4501=ORIENTED_EDGE('',*,*,#3390,.T.);
#4502=ORIENTED_EDGE('',*,*,#3391,.T.);
#4503=ORIENTED_EDGE('',*,*,#3387,.F.);
#4504=ORIENTED_EDGE('',*,*,#3392,.T.);
#4505=ORIENTED_EDGE('',*,*,#3393,.T.);
#4506=ORIENTED_EDGE('',*,*,#3394,.T.);
#4507=ORIENTED_EDGE('',*,*,#3390,.F.);
#4508=ORIENTED_EDGE('',*,*,#3395,.T.);
#4509=ORIENTED_EDGE('',*,*,#3396,.T.);
#4510=ORIENTED_EDGE('',*,*,#3397,.T.);
#4511=ORIENTED_EDGE('',*,*,#3393,.F.);
#4512=ORIENTED_EDGE('',*,*,#3398,.T.);
#4513=ORIENTED_EDGE('',*,*,#3399,.T.);
#4514=ORIENTED_EDGE('',*,*,#3400,.T.);
#4515=ORIENTED_EDGE('',*,*,#3396,.F.);
#4516=ORIENTED_EDGE('',*,*,#3401,.T.);
#4517=ORIENTED_EDGE('',*,*,#3402,.T.);
#4518=ORIENTED_EDGE('',*,*,#3403,.T.);
#4519=ORIENTED_EDGE('',*,*,#3399,.F.);
#4520=ORIENTED_EDGE('',*,*,#3404,.T.);
#4521=ORIENTED_EDGE('',*,*,#3405,.T.);
#4522=ORIENTED_EDGE('',*,*,#3406,.T.);
#4523=ORIENTED_EDGE('',*,*,#3402,.F.);
#4524=ORIENTED_EDGE('',*,*,#3407,.T.);
#4525=ORIENTED_EDGE('',*,*,#3408,.T.);
#4526=ORIENTED_EDGE('',*,*,#3409,.T.);
#4527=ORIENTED_EDGE('',*,*,#3405,.F.);
#4528=ORIENTED_EDGE('',*,*,#3410,.T.);
#4529=ORIENTED_EDGE('',*,*,#3411,.T.);
#4530=ORIENTED_EDGE('',*,*,#3412,.T.);
#4531=ORIENTED_EDGE('',*,*,#3408,.F.);
#4532=ORIENTED_EDGE('',*,*,#3413,.T.);
#4533=ORIENTED_EDGE('',*,*,#3414,.T.);
#4534=ORIENTED_EDGE('',*,*,#3415,.T.);
#4535=ORIENTED_EDGE('',*,*,#3411,.F.);
#4536=ORIENTED_EDGE('',*,*,#3416,.T.);
#4537=ORIENTED_EDGE('',*,*,#3313,.F.);
#4538=ORIENTED_EDGE('',*,*,#3417,.T.);
#4539=ORIENTED_EDGE('',*,*,#3414,.F.);
#4540=ORIENTED_EDGE('',*,*,#3418,.T.);
#4541=ORIENTED_EDGE('',*,*,#3365,.F.);
#4542=ORIENTED_EDGE('',*,*,#3419,.F.);
#4543=ORIENTED_EDGE('',*,*,#3420,.F.);
#4544=ORIENTED_EDGE('',*,*,#3421,.F.);
#4545=ORIENTED_EDGE('',*,*,#3422,.F.);
#4546=ORIENTED_EDGE('',*,*,#3423,.F.);
#4547=ORIENTED_EDGE('',*,*,#3424,.F.);
#4548=ORIENTED_EDGE('',*,*,#3425,.F.);
#4549=ORIENTED_EDGE('',*,*,#3426,.F.);
#4550=ORIENTED_EDGE('',*,*,#3427,.F.);
#4551=ORIENTED_EDGE('',*,*,#3428,.F.);
#4552=ORIENTED_EDGE('',*,*,#3429,.F.);
#4553=ORIENTED_EDGE('',*,*,#3430,.F.);
#4554=ORIENTED_EDGE('',*,*,#3431,.F.);
#4555=ORIENTED_EDGE('',*,*,#3432,.F.);
#4556=ORIENTED_EDGE('',*,*,#3433,.F.);
#4557=ORIENTED_EDGE('',*,*,#3434,.F.);
#4558=ORIENTED_EDGE('',*,*,#3435,.F.);
#4559=ORIENTED_EDGE('',*,*,#3436,.F.);
#4560=ORIENTED_EDGE('',*,*,#3437,.F.);
#4561=ORIENTED_EDGE('',*,*,#3438,.F.);
#4562=ORIENTED_EDGE('',*,*,#3439,.F.);
#4563=ORIENTED_EDGE('',*,*,#3440,.F.);
#4564=ORIENTED_EDGE('',*,*,#3441,.F.);
#4565=ORIENTED_EDGE('',*,*,#3442,.F.);
#4566=ORIENTED_EDGE('',*,*,#3443,.F.);
#4567=ORIENTED_EDGE('',*,*,#3444,.F.);
#4568=ORIENTED_EDGE('',*,*,#3445,.F.);
#4569=ORIENTED_EDGE('',*,*,#3446,.F.);
#4570=ORIENTED_EDGE('',*,*,#3447,.F.);
#4571=ORIENTED_EDGE('',*,*,#3448,.F.);
#4572=ORIENTED_EDGE('',*,*,#3449,.T.);
#4573=ORIENTED_EDGE('',*,*,#3362,.F.);
#4574=ORIENTED_EDGE('',*,*,#3450,.F.);
#4575=ORIENTED_EDGE('',*,*,#3451,.T.);
#4576=ORIENTED_EDGE('',*,*,#3419,.T.);
#4577=ORIENTED_EDGE('',*,*,#3359,.F.);
#4578=ORIENTED_EDGE('',*,*,#3452,.F.);
#4579=ORIENTED_EDGE('',*,*,#3453,.F.);
#4580=ORIENTED_EDGE('',*,*,#3454,.T.);
#4581=ORIENTED_EDGE('',*,*,#3455,.F.);
#4582=ORIENTED_EDGE('',*,*,#3456,.F.);
#4583=ORIENTED_EDGE('',*,*,#3457,.F.);
#4584=ORIENTED_EDGE('',*,*,#3458,.F.);
#4585=ORIENTED_EDGE('',*,*,#3459,.F.);
#4586=ORIENTED_EDGE('',*,*,#3460,.F.);
#4587=ORIENTED_EDGE('',*,*,#3461,.F.);
#4588=ORIENTED_EDGE('',*,*,#3462,.F.);
#4589=ORIENTED_EDGE('',*,*,#3463,.F.);
#4590=ORIENTED_EDGE('',*,*,#3464,.F.);
#4591=ORIENTED_EDGE('',*,*,#3465,.F.);
#4592=ORIENTED_EDGE('',*,*,#3466,.F.);
#4593=ORIENTED_EDGE('',*,*,#3467,.F.);
#4594=ORIENTED_EDGE('',*,*,#3468,.T.);
#4595=ORIENTED_EDGE('',*,*,#3469,.F.);
#4596=ORIENTED_EDGE('',*,*,#3470,.F.);
#4597=ORIENTED_EDGE('',*,*,#3471,.F.);
#4598=ORIENTED_EDGE('',*,*,#3472,.F.);
#4599=ORIENTED_EDGE('',*,*,#3473,.F.);
#4600=ORIENTED_EDGE('',*,*,#3474,.F.);
#4601=ORIENTED_EDGE('',*,*,#3475,.F.);
#4602=ORIENTED_EDGE('',*,*,#3476,.F.);
#4603=ORIENTED_EDGE('',*,*,#3477,.F.);
#4604=ORIENTED_EDGE('',*,*,#3478,.F.);
#4605=ORIENTED_EDGE('',*,*,#3479,.F.);
#4606=ORIENTED_EDGE('',*,*,#3480,.F.);
#4607=ORIENTED_EDGE('',*,*,#3481,.F.);
#4608=ORIENTED_EDGE('',*,*,#3450,.T.);
#4609=ORIENTED_EDGE('',*,*,#3356,.F.);
#4610=ORIENTED_EDGE('',*,*,#3482,.F.);
#4611=ORIENTED_EDGE('',*,*,#3483,.F.);
#4612=ORIENTED_EDGE('',*,*,#3452,.T.);
#4613=ORIENTED_EDGE('',*,*,#3353,.F.);
#4614=ORIENTED_EDGE('',*,*,#3484,.F.);
#4615=ORIENTED_EDGE('',*,*,#3485,.F.);
#4616=ORIENTED_EDGE('',*,*,#3482,.T.);
#4617=ORIENTED_EDGE('',*,*,#3350,.F.);
#4618=ORIENTED_EDGE('',*,*,#3486,.F.);
#4619=ORIENTED_EDGE('',*,*,#3487,.F.);
#4620=ORIENTED_EDGE('',*,*,#3484,.T.);
#4621=ORIENTED_EDGE('',*,*,#3347,.F.);
#4622=ORIENTED_EDGE('',*,*,#3488,.F.);
#4623=ORIENTED_EDGE('',*,*,#3489,.F.);
#4624=ORIENTED_EDGE('',*,*,#3490,.F.);
#4625=ORIENTED_EDGE('',*,*,#3491,.F.);
#4626=ORIENTED_EDGE('',*,*,#3492,.F.);
#4627=ORIENTED_EDGE('',*,*,#3493,.F.);
#4628=ORIENTED_EDGE('',*,*,#3494,.F.);
#4629=ORIENTED_EDGE('',*,*,#3495,.F.);
#4630=ORIENTED_EDGE('',*,*,#3496,.F.);
#4631=ORIENTED_EDGE('',*,*,#3497,.F.);
#4632=ORIENTED_EDGE('',*,*,#3498,.F.);
#4633=ORIENTED_EDGE('',*,*,#3499,.F.);
#4634=ORIENTED_EDGE('',*,*,#3500,.F.);
#4635=ORIENTED_EDGE('',*,*,#3501,.F.);
#4636=ORIENTED_EDGE('',*,*,#3502,.F.);
#4637=ORIENTED_EDGE('',*,*,#3503,.F.);
#4638=ORIENTED_EDGE('',*,*,#3504,.F.);
#4639=ORIENTED_EDGE('',*,*,#3505,.F.);
#4640=ORIENTED_EDGE('',*,*,#3506,.F.);
#4641=ORIENTED_EDGE('',*,*,#3507,.F.);
#4642=ORIENTED_EDGE('',*,*,#3508,.F.);
#4643=ORIENTED_EDGE('',*,*,#3509,.F.);
#4644=ORIENTED_EDGE('',*,*,#3510,.F.);
#4645=ORIENTED_EDGE('',*,*,#3511,.F.);
#4646=ORIENTED_EDGE('',*,*,#3512,.F.);
#4647=ORIENTED_EDGE('',*,*,#3513,.F.);
#4648=ORIENTED_EDGE('',*,*,#3514,.F.);
#4649=ORIENTED_EDGE('',*,*,#3515,.F.);
#4650=ORIENTED_EDGE('',*,*,#3516,.F.);
#4651=ORIENTED_EDGE('',*,*,#3517,.F.);
#4652=ORIENTED_EDGE('',*,*,#3486,.T.);
#4653=ORIENTED_EDGE('',*,*,#3344,.F.);
#4654=ORIENTED_EDGE('',*,*,#3518,.F.);
#4655=ORIENTED_EDGE('',*,*,#3519,.T.);
#4656=ORIENTED_EDGE('',*,*,#3488,.T.);
#4657=ORIENTED_EDGE('',*,*,#3341,.F.);
#4658=ORIENTED_EDGE('',*,*,#3520,.F.);
#4659=ORIENTED_EDGE('',*,*,#3521,.F.);
#4660=ORIENTED_EDGE('',*,*,#3522,.T.);
#4661=ORIENTED_EDGE('',*,*,#3523,.F.);
#4662=ORIENTED_EDGE('',*,*,#3524,.F.);
#4663=ORIENTED_EDGE('',*,*,#3525,.F.);
#4664=ORIENTED_EDGE('',*,*,#3526,.F.);
#4665=ORIENTED_EDGE('',*,*,#3527,.F.);
#4666=ORIENTED_EDGE('',*,*,#3528,.F.);
#4667=ORIENTED_EDGE('',*,*,#3529,.F.);
#4668=ORIENTED_EDGE('',*,*,#3530,.F.);
#4669=ORIENTED_EDGE('',*,*,#3531,.F.);
#4670=ORIENTED_EDGE('',*,*,#3532,.F.);
#4671=ORIENTED_EDGE('',*,*,#3533,.F.);
#4672=ORIENTED_EDGE('',*,*,#3534,.F.);
#4673=ORIENTED_EDGE('',*,*,#3535,.F.);
#4674=ORIENTED_EDGE('',*,*,#3536,.T.);
#4675=ORIENTED_EDGE('',*,*,#3537,.F.);
#4676=ORIENTED_EDGE('',*,*,#3538,.F.);
#4677=ORIENTED_EDGE('',*,*,#3539,.F.);
#4678=ORIENTED_EDGE('',*,*,#3540,.F.);
#4679=ORIENTED_EDGE('',*,*,#3541,.F.);
#4680=ORIENTED_EDGE('',*,*,#3542,.F.);
#4681=ORIENTED_EDGE('',*,*,#3543,.F.);
#4682=ORIENTED_EDGE('',*,*,#3544,.F.);
#4683=ORIENTED_EDGE('',*,*,#3545,.F.);
#4684=ORIENTED_EDGE('',*,*,#3546,.F.);
#4685=ORIENTED_EDGE('',*,*,#3547,.F.);
#4686=ORIENTED_EDGE('',*,*,#3548,.F.);
#4687=ORIENTED_EDGE('',*,*,#3549,.F.);
#4688=ORIENTED_EDGE('',*,*,#3518,.T.);
#4689=ORIENTED_EDGE('',*,*,#3338,.F.);
#4690=ORIENTED_EDGE('',*,*,#3550,.F.);
#4691=ORIENTED_EDGE('',*,*,#3551,.F.);
#4692=ORIENTED_EDGE('',*,*,#3520,.T.);
#4693=ORIENTED_EDGE('',*,*,#3335,.F.);
#4694=ORIENTED_EDGE('',*,*,#3552,.F.);
#4695=ORIENTED_EDGE('',*,*,#3553,.F.);
#4696=ORIENTED_EDGE('',*,*,#3550,.T.);
#4697=ORIENTED_EDGE('',*,*,#3332,.F.);
#4698=ORIENTED_EDGE('',*,*,#3554,.F.);
#4699=ORIENTED_EDGE('',*,*,#3555,.F.);
#4700=ORIENTED_EDGE('',*,*,#3552,.T.);
#4701=ORIENTED_EDGE('',*,*,#3329,.F.);
#4702=ORIENTED_EDGE('',*,*,#3556,.F.);
#4703=ORIENTED_EDGE('',*,*,#3557,.F.);
#4704=ORIENTED_EDGE('',*,*,#3558,.F.);
#4705=ORIENTED_EDGE('',*,*,#3559,.F.);
#4706=ORIENTED_EDGE('',*,*,#3560,.F.);
#4707=ORIENTED_EDGE('',*,*,#3561,.F.);
#4708=ORIENTED_EDGE('',*,*,#3562,.F.);
#4709=ORIENTED_EDGE('',*,*,#3563,.F.);
#4710=ORIENTED_EDGE('',*,*,#3564,.F.);
#4711=ORIENTED_EDGE('',*,*,#3565,.F.);
#4712=ORIENTED_EDGE('',*,*,#3566,.F.);
#4713=ORIENTED_EDGE('',*,*,#3567,.F.);
#4714=ORIENTED_EDGE('',*,*,#3568,.F.);
#4715=ORIENTED_EDGE('',*,*,#3569,.F.);
#4716=ORIENTED_EDGE('',*,*,#3570,.F.);
#4717=ORIENTED_EDGE('',*,*,#3571,.F.);
#4718=ORIENTED_EDGE('',*,*,#3572,.F.);
#4719=ORIENTED_EDGE('',*,*,#3573,.F.);
#4720=ORIENTED_EDGE('',*,*,#3574,.F.);
#4721=ORIENTED_EDGE('',*,*,#3575,.F.);
#4722=ORIENTED_EDGE('',*,*,#3576,.F.);
#4723=ORIENTED_EDGE('',*,*,#3577,.F.);
#4724=ORIENTED_EDGE('',*,*,#3578,.F.);
#4725=ORIENTED_EDGE('',*,*,#3579,.F.);
#4726=ORIENTED_EDGE('',*,*,#3580,.F.);
#4727=ORIENTED_EDGE('',*,*,#3581,.F.);
#4728=ORIENTED_EDGE('',*,*,#3582,.F.);
#4729=ORIENTED_EDGE('',*,*,#3583,.F.);
#4730=ORIENTED_EDGE('',*,*,#3584,.F.);
#4731=ORIENTED_EDGE('',*,*,#3585,.F.);
#4732=ORIENTED_EDGE('',*,*,#3554,.T.);
#4733=ORIENTED_EDGE('',*,*,#3326,.F.);
#4734=ORIENTED_EDGE('',*,*,#3586,.F.);
#4735=ORIENTED_EDGE('',*,*,#3587,.T.);
#4736=ORIENTED_EDGE('',*,*,#3556,.T.);
#4737=ORIENTED_EDGE('',*,*,#3323,.F.);
#4738=ORIENTED_EDGE('',*,*,#3588,.F.);
#4739=ORIENTED_EDGE('',*,*,#3589,.F.);
#4740=ORIENTED_EDGE('',*,*,#3590,.T.);
#4741=ORIENTED_EDGE('',*,*,#3591,.F.);
#4742=ORIENTED_EDGE('',*,*,#3592,.F.);
#4743=ORIENTED_EDGE('',*,*,#3593,.F.);
#4744=ORIENTED_EDGE('',*,*,#3594,.F.);
#4745=ORIENTED_EDGE('',*,*,#3595,.F.);
#4746=ORIENTED_EDGE('',*,*,#3596,.F.);
#4747=ORIENTED_EDGE('',*,*,#3597,.F.);
#4748=ORIENTED_EDGE('',*,*,#3598,.F.);
#4749=ORIENTED_EDGE('',*,*,#3599,.F.);
#4750=ORIENTED_EDGE('',*,*,#3600,.F.);
#4751=ORIENTED_EDGE('',*,*,#3601,.F.);
#4752=ORIENTED_EDGE('',*,*,#3602,.F.);
#4753=ORIENTED_EDGE('',*,*,#3603,.F.);
#4754=ORIENTED_EDGE('',*,*,#3604,.T.);
#4755=ORIENTED_EDGE('',*,*,#3605,.F.);
#4756=ORIENTED_EDGE('',*,*,#3606,.F.);
#4757=ORIENTED_EDGE('',*,*,#3607,.F.);
#4758=ORIENTED_EDGE('',*,*,#3608,.F.);
#4759=ORIENTED_EDGE('',*,*,#3609,.F.);
#4760=ORIENTED_EDGE('',*,*,#3610,.F.);
#4761=ORIENTED_EDGE('',*,*,#3611,.F.);
#4762=ORIENTED_EDGE('',*,*,#3612,.F.);
#4763=ORIENTED_EDGE('',*,*,#3613,.F.);
#4764=ORIENTED_EDGE('',*,*,#3614,.F.);
#4765=ORIENTED_EDGE('',*,*,#3615,.F.);
#4766=ORIENTED_EDGE('',*,*,#3616,.F.);
#4767=ORIENTED_EDGE('',*,*,#3617,.F.);
#4768=ORIENTED_EDGE('',*,*,#3586,.T.);
#4769=ORIENTED_EDGE('',*,*,#3320,.F.);
#4770=ORIENTED_EDGE('',*,*,#3618,.F.);
#4771=ORIENTED_EDGE('',*,*,#3619,.F.);
#4772=ORIENTED_EDGE('',*,*,#3588,.T.);
#4773=ORIENTED_EDGE('',*,*,#3317,.F.);
#4774=ORIENTED_EDGE('',*,*,#3620,.F.);
#4775=ORIENTED_EDGE('',*,*,#3621,.F.);
#4776=ORIENTED_EDGE('',*,*,#3618,.T.);
#4777=ORIENTED_EDGE('',*,*,#3314,.F.);
#4778=ORIENTED_EDGE('',*,*,#3622,.F.);
#4779=ORIENTED_EDGE('',*,*,#3623,.F.);
#4780=ORIENTED_EDGE('',*,*,#3620,.T.);
#4781=ORIENTED_EDGE('',*,*,#3312,.F.);
#4782=ORIENTED_EDGE('',*,*,#3316,.F.);
#4783=ORIENTED_EDGE('',*,*,#3319,.F.);
#4784=ORIENTED_EDGE('',*,*,#3322,.F.);
#4785=ORIENTED_EDGE('',*,*,#3325,.F.);
#4786=ORIENTED_EDGE('',*,*,#3328,.F.);
#4787=ORIENTED_EDGE('',*,*,#3331,.F.);
#4788=ORIENTED_EDGE('',*,*,#3334,.F.);
#4789=ORIENTED_EDGE('',*,*,#3337,.F.);
#4790=ORIENTED_EDGE('',*,*,#3340,.F.);
#4791=ORIENTED_EDGE('',*,*,#3343,.F.);
#4792=ORIENTED_EDGE('',*,*,#3346,.F.);
#4793=ORIENTED_EDGE('',*,*,#3349,.F.);
#4794=ORIENTED_EDGE('',*,*,#3352,.F.);
#4795=ORIENTED_EDGE('',*,*,#3355,.F.);
#4796=ORIENTED_EDGE('',*,*,#3358,.F.);
#4797=ORIENTED_EDGE('',*,*,#3361,.F.);
#4798=ORIENTED_EDGE('',*,*,#3364,.F.);
#4799=ORIENTED_EDGE('',*,*,#3367,.F.);
#4800=ORIENTED_EDGE('',*,*,#3370,.F.);
#4801=ORIENTED_EDGE('',*,*,#3373,.F.);
#4802=ORIENTED_EDGE('',*,*,#3376,.F.);
#4803=ORIENTED_EDGE('',*,*,#3379,.F.);
#4804=ORIENTED_EDGE('',*,*,#3382,.F.);
#4805=ORIENTED_EDGE('',*,*,#3385,.F.);
#4806=ORIENTED_EDGE('',*,*,#3388,.F.);
#4807=ORIENTED_EDGE('',*,*,#3391,.F.);
#4808=ORIENTED_EDGE('',*,*,#3394,.F.);
#4809=ORIENTED_EDGE('',*,*,#3397,.F.);
#4810=ORIENTED_EDGE('',*,*,#3400,.F.);
#4811=ORIENTED_EDGE('',*,*,#3403,.F.);
#4812=ORIENTED_EDGE('',*,*,#3406,.F.);
#4813=ORIENTED_EDGE('',*,*,#3409,.F.);
#4814=ORIENTED_EDGE('',*,*,#3412,.F.);
#4815=ORIENTED_EDGE('',*,*,#3415,.F.);
#4816=ORIENTED_EDGE('',*,*,#3417,.F.);
#4817=ORIENTED_EDGE('',*,*,#3624,.F.);
#4818=ORIENTED_EDGE('',*,*,#3625,.T.);
#4819=ORIENTED_EDGE('',*,*,#3626,.T.);
#4820=ORIENTED_EDGE('',*,*,#3627,.T.);
#4821=ORIENTED_EDGE('',*,*,#3628,.T.);
#4822=ORIENTED_EDGE('',*,*,#3629,.T.);
#4823=ORIENTED_EDGE('',*,*,#3630,.T.);
#4824=ORIENTED_EDGE('',*,*,#3631,.T.);
#4825=ORIENTED_EDGE('',*,*,#3632,.T.);
#4826=ORIENTED_EDGE('',*,*,#3633,.T.);
#4827=ORIENTED_EDGE('',*,*,#3634,.T.);
#4828=ORIENTED_EDGE('',*,*,#3629,.F.);
#4829=ORIENTED_EDGE('',*,*,#3635,.T.);
#4830=ORIENTED_EDGE('',*,*,#3633,.F.);
#4831=ORIENTED_EDGE('',*,*,#3636,.T.);
#4832=ORIENTED_EDGE('',*,*,#3637,.T.);
#4833=ORIENTED_EDGE('',*,*,#3638,.T.);
#4834=ORIENTED_EDGE('',*,*,#3639,.T.);
#4835=ORIENTED_EDGE('',*,*,#3640,.T.);
#4836=ORIENTED_EDGE('',*,*,#3637,.F.);
#4837=ORIENTED_EDGE('',*,*,#3641,.T.);
#4838=ORIENTED_EDGE('',*,*,#3642,.T.);
#4839=ORIENTED_EDGE('',*,*,#3643,.T.);
#4840=ORIENTED_EDGE('',*,*,#3639,.F.);
#4841=ORIENTED_EDGE('',*,*,#3644,.T.);
#4842=ORIENTED_EDGE('',*,*,#3645,.T.);
#4843=ORIENTED_EDGE('',*,*,#3646,.T.);
#4844=ORIENTED_EDGE('',*,*,#3642,.F.);
#4845=ORIENTED_EDGE('',*,*,#3647,.T.);
#4846=ORIENTED_EDGE('',*,*,#3648,.T.);
#4847=ORIENTED_EDGE('',*,*,#3649,.T.);
#4848=ORIENTED_EDGE('',*,*,#3645,.F.);
#4849=ORIENTED_EDGE('',*,*,#3650,.T.);
#4850=ORIENTED_EDGE('',*,*,#3651,.T.);
#4851=ORIENTED_EDGE('',*,*,#3652,.T.);
#4852=ORIENTED_EDGE('',*,*,#3648,.F.);
#4853=ORIENTED_EDGE('',*,*,#3653,.T.);
#4854=ORIENTED_EDGE('',*,*,#3651,.F.);
#4855=ORIENTED_EDGE('',*,*,#3654,.T.);
#4856=ORIENTED_EDGE('',*,*,#3655,.T.);
#4857=ORIENTED_EDGE('',*,*,#3656,.T.);
#4858=ORIENTED_EDGE('',*,*,#3657,.T.);
#4859=ORIENTED_EDGE('',*,*,#3658,.T.);
#4860=ORIENTED_EDGE('',*,*,#3655,.F.);
#4861=ORIENTED_EDGE('',*,*,#3659,.T.);
#4862=ORIENTED_EDGE('',*,*,#3660,.T.);
#4863=ORIENTED_EDGE('',*,*,#3661,.T.);
#4864=ORIENTED_EDGE('',*,*,#3657,.F.);
#4865=ORIENTED_EDGE('',*,*,#3662,.T.);
#4866=ORIENTED_EDGE('',*,*,#3663,.T.);
#4867=ORIENTED_EDGE('',*,*,#3664,.T.);
#4868=ORIENTED_EDGE('',*,*,#3660,.F.);
#4869=ORIENTED_EDGE('',*,*,#3665,.T.);
#4870=ORIENTED_EDGE('',*,*,#3666,.T.);
#4871=ORIENTED_EDGE('',*,*,#3667,.T.);
#4872=ORIENTED_EDGE('',*,*,#3663,.F.);
#4873=ORIENTED_EDGE('',*,*,#3668,.T.);
#4874=ORIENTED_EDGE('',*,*,#3669,.T.);
#4875=ORIENTED_EDGE('',*,*,#3670,.T.);
#4876=ORIENTED_EDGE('',*,*,#3666,.F.);
#4877=ORIENTED_EDGE('',*,*,#3448,.T.);
#4878=ORIENTED_EDGE('',*,*,#3669,.F.);
#4879=ORIENTED_EDGE('',*,*,#3671,.T.);
#4880=ORIENTED_EDGE('',*,*,#3672,.T.);
#4881=ORIENTED_EDGE('',*,*,#3673,.T.);
#4882=ORIENTED_EDGE('',*,*,#3674,.T.);
#4883=ORIENTED_EDGE('',*,*,#3675,.T.);
#4884=ORIENTED_EDGE('',*,*,#3672,.F.);
#4885=ORIENTED_EDGE('',*,*,#3453,.T.);
#4886=ORIENTED_EDGE('',*,*,#3676,.T.);
#4887=ORIENTED_EDGE('',*,*,#3677,.T.);
#4888=ORIENTED_EDGE('',*,*,#3674,.F.);
#4889=ORIENTED_EDGE('',*,*,#3483,.T.);
#4890=ORIENTED_EDGE('',*,*,#3678,.T.);
#4891=ORIENTED_EDGE('',*,*,#3679,.T.);
#4892=ORIENTED_EDGE('',*,*,#3676,.F.);
#4893=ORIENTED_EDGE('',*,*,#3485,.T.);
#4894=ORIENTED_EDGE('',*,*,#3680,.T.);
#4895=ORIENTED_EDGE('',*,*,#3681,.T.);
#4896=ORIENTED_EDGE('',*,*,#3678,.F.);
#4897=ORIENTED_EDGE('',*,*,#3487,.T.);
#4898=ORIENTED_EDGE('',*,*,#3682,.T.);
#4899=ORIENTED_EDGE('',*,*,#3683,.T.);
#4900=ORIENTED_EDGE('',*,*,#3680,.F.);
#4901=ORIENTED_EDGE('',*,*,#3517,.T.);
#4902=ORIENTED_EDGE('',*,*,#3682,.F.);
#4903=ORIENTED_EDGE('',*,*,#3684,.T.);
#4904=ORIENTED_EDGE('',*,*,#3685,.T.);
#4905=ORIENTED_EDGE('',*,*,#3686,.T.);
#4906=ORIENTED_EDGE('',*,*,#3687,.T.);
#4907=ORIENTED_EDGE('',*,*,#3688,.T.);
#4908=ORIENTED_EDGE('',*,*,#3685,.F.);
#4909=ORIENTED_EDGE('',*,*,#3521,.T.);
#4910=ORIENTED_EDGE('',*,*,#3689,.T.);
#4911=ORIENTED_EDGE('',*,*,#3690,.T.);
#4912=ORIENTED_EDGE('',*,*,#3687,.F.);
#4913=ORIENTED_EDGE('',*,*,#3551,.T.);
#4914=ORIENTED_EDGE('',*,*,#3691,.T.);
#4915=ORIENTED_EDGE('',*,*,#3692,.T.);
#4916=ORIENTED_EDGE('',*,*,#3689,.F.);
#4917=ORIENTED_EDGE('',*,*,#3553,.T.);
#4918=ORIENTED_EDGE('',*,*,#3693,.T.);
#4919=ORIENTED_EDGE('',*,*,#3694,.T.);
#4920=ORIENTED_EDGE('',*,*,#3691,.F.);
#4921=ORIENTED_EDGE('',*,*,#3555,.T.);
#4922=ORIENTED_EDGE('',*,*,#3695,.T.);
#4923=ORIENTED_EDGE('',*,*,#3696,.T.);
#4924=ORIENTED_EDGE('',*,*,#3693,.F.);
#4925=ORIENTED_EDGE('',*,*,#3585,.T.);
#4926=ORIENTED_EDGE('',*,*,#3695,.F.);
#4927=ORIENTED_EDGE('',*,*,#3697,.T.);
#4928=ORIENTED_EDGE('',*,*,#3698,.T.);
#4929=ORIENTED_EDGE('',*,*,#3699,.T.);
#4930=ORIENTED_EDGE('',*,*,#3700,.T.);
#4931=ORIENTED_EDGE('',*,*,#3701,.T.);
#4932=ORIENTED_EDGE('',*,*,#3698,.F.);
#4933=ORIENTED_EDGE('',*,*,#3589,.T.);
#4934=ORIENTED_EDGE('',*,*,#3702,.T.);
#4935=ORIENTED_EDGE('',*,*,#3703,.T.);
#4936=ORIENTED_EDGE('',*,*,#3700,.F.);
#4937=ORIENTED_EDGE('',*,*,#3619,.T.);
#4938=ORIENTED_EDGE('',*,*,#3704,.T.);
#4939=ORIENTED_EDGE('',*,*,#3705,.T.);
#4940=ORIENTED_EDGE('',*,*,#3702,.F.);
#4941=ORIENTED_EDGE('',*,*,#3621,.T.);
#4942=ORIENTED_EDGE('',*,*,#3706,.T.);
#4943=ORIENTED_EDGE('',*,*,#3707,.T.);
#4944=ORIENTED_EDGE('',*,*,#3704,.F.);
#4945=ORIENTED_EDGE('',*,*,#3623,.T.);
#4946=ORIENTED_EDGE('',*,*,#3708,.T.);
#4947=ORIENTED_EDGE('',*,*,#3709,.T.);
#4948=ORIENTED_EDGE('',*,*,#3706,.F.);
#4949=ORIENTED_EDGE('',*,*,#3710,.T.);
#4950=ORIENTED_EDGE('',*,*,#3708,.F.);
#4951=ORIENTED_EDGE('',*,*,#3711,.T.);
#4952=ORIENTED_EDGE('',*,*,#3712,.T.);
#4953=ORIENTED_EDGE('',*,*,#3713,.T.);
#4954=ORIENTED_EDGE('',*,*,#3714,.T.);
#4955=ORIENTED_EDGE('',*,*,#3715,.T.);
#4956=ORIENTED_EDGE('',*,*,#3712,.F.);
#4957=ORIENTED_EDGE('',*,*,#3716,.T.);
#4958=ORIENTED_EDGE('',*,*,#3717,.T.);
#4959=ORIENTED_EDGE('',*,*,#3718,.T.);
#4960=ORIENTED_EDGE('',*,*,#3714,.F.);
#4961=ORIENTED_EDGE('',*,*,#3719,.T.);
#4962=ORIENTED_EDGE('',*,*,#3631,.F.);
#4963=ORIENTED_EDGE('',*,*,#3720,.T.);
#4964=ORIENTED_EDGE('',*,*,#3717,.F.);
#4965=ORIENTED_EDGE('',*,*,#3721,.T.);
#4966=ORIENTED_EDGE('',*,*,#3671,.F.);
#4967=ORIENTED_EDGE('',*,*,#3447,.T.);
#4968=ORIENTED_EDGE('',*,*,#3722,.F.);
#4969=ORIENTED_EDGE('',*,*,#3454,.F.);
#4970=ORIENTED_EDGE('',*,*,#3368,.F.);
#4971=ORIENTED_EDGE('',*,*,#3449,.F.);
#4972=ORIENTED_EDGE('',*,*,#3668,.F.);
#4973=ORIENTED_EDGE('',*,*,#3723,.T.);
#4974=ORIENTED_EDGE('',*,*,#3371,.F.);
#4975=ORIENTED_EDGE('',*,*,#3723,.F.);
#4976=ORIENTED_EDGE('',*,*,#3665,.F.);
#4977=ORIENTED_EDGE('',*,*,#3724,.T.);
#4978=ORIENTED_EDGE('',*,*,#3374,.F.);
#4979=ORIENTED_EDGE('',*,*,#3724,.F.);
#4980=ORIENTED_EDGE('',*,*,#3662,.F.);
#4981=ORIENTED_EDGE('',*,*,#3725,.T.);
#4982=ORIENTED_EDGE('',*,*,#3377,.F.);
#4983=ORIENTED_EDGE('',*,*,#3725,.F.);
#4984=ORIENTED_EDGE('',*,*,#3659,.F.);
#4985=ORIENTED_EDGE('',*,*,#3726,.T.);
#4986=ORIENTED_EDGE('',*,*,#3727,.F.);
#4987=ORIENTED_EDGE('',*,*,#3728,.F.);
#4988=ORIENTED_EDGE('',*,*,#3729,.F.);
#4989=ORIENTED_EDGE('',*,*,#3730,.F.);
#4990=ORIENTED_EDGE('',*,*,#3731,.F.);
#4991=ORIENTED_EDGE('',*,*,#3732,.F.);
#4992=ORIENTED_EDGE('',*,*,#3733,.F.);
#4993=ORIENTED_EDGE('',*,*,#3734,.F.);
#4994=ORIENTED_EDGE('',*,*,#3735,.F.);
#4995=ORIENTED_EDGE('',*,*,#3736,.F.);
#4996=ORIENTED_EDGE('',*,*,#3737,.F.);
#4997=ORIENTED_EDGE('',*,*,#3738,.F.);
#4998=ORIENTED_EDGE('',*,*,#3739,.F.);
#4999=ORIENTED_EDGE('',*,*,#3740,.T.);
#5000=ORIENTED_EDGE('',*,*,#3741,.F.);
#5001=ORIENTED_EDGE('',*,*,#3742,.F.);
#5002=ORIENTED_EDGE('',*,*,#3743,.F.);
#5003=ORIENTED_EDGE('',*,*,#3744,.F.);
#5004=ORIENTED_EDGE('',*,*,#3745,.F.);
#5005=ORIENTED_EDGE('',*,*,#3746,.F.);
#5006=ORIENTED_EDGE('',*,*,#3747,.F.);
#5007=ORIENTED_EDGE('',*,*,#3748,.F.);
#5008=ORIENTED_EDGE('',*,*,#3749,.F.);
#5009=ORIENTED_EDGE('',*,*,#3750,.F.);
#5010=ORIENTED_EDGE('',*,*,#3751,.F.);
#5011=ORIENTED_EDGE('',*,*,#3752,.F.);
#5012=ORIENTED_EDGE('',*,*,#3753,.F.);
#5013=ORIENTED_EDGE('',*,*,#3754,.T.);
#5014=ORIENTED_EDGE('',*,*,#3654,.F.);
#5015=ORIENTED_EDGE('',*,*,#3755,.T.);
#5016=ORIENTED_EDGE('',*,*,#3756,.F.);
#5017=ORIENTED_EDGE('',*,*,#3726,.F.);
#5018=ORIENTED_EDGE('',*,*,#3383,.F.);
#5019=ORIENTED_EDGE('',*,*,#3757,.F.);
#5020=ORIENTED_EDGE('',*,*,#3758,.F.);
#5021=ORIENTED_EDGE('',*,*,#3759,.F.);
#5022=ORIENTED_EDGE('',*,*,#3760,.F.);
#5023=ORIENTED_EDGE('',*,*,#3761,.F.);
#5024=ORIENTED_EDGE('',*,*,#3762,.F.);
#5025=ORIENTED_EDGE('',*,*,#3763,.F.);
#5026=ORIENTED_EDGE('',*,*,#3764,.F.);
#5027=ORIENTED_EDGE('',*,*,#3765,.F.);
#5028=ORIENTED_EDGE('',*,*,#3766,.F.);
#5029=ORIENTED_EDGE('',*,*,#3767,.F.);
#5030=ORIENTED_EDGE('',*,*,#3768,.F.);
#5031=ORIENTED_EDGE('',*,*,#3769,.F.);
#5032=ORIENTED_EDGE('',*,*,#3770,.F.);
#5033=ORIENTED_EDGE('',*,*,#3771,.F.);
#5034=ORIENTED_EDGE('',*,*,#3772,.F.);
#5035=ORIENTED_EDGE('',*,*,#3773,.F.);
#5036=ORIENTED_EDGE('',*,*,#3774,.F.);
#5037=ORIENTED_EDGE('',*,*,#3775,.F.);
#5038=ORIENTED_EDGE('',*,*,#3776,.F.);
#5039=ORIENTED_EDGE('',*,*,#3777,.F.);
#5040=ORIENTED_EDGE('',*,*,#3778,.F.);
#5041=ORIENTED_EDGE('',*,*,#3779,.F.);
#5042=ORIENTED_EDGE('',*,*,#3780,.F.);
#5043=ORIENTED_EDGE('',*,*,#3781,.F.);
#5044=ORIENTED_EDGE('',*,*,#3782,.F.);
#5045=ORIENTED_EDGE('',*,*,#3783,.F.);
#5046=ORIENTED_EDGE('',*,*,#3784,.F.);
#5047=ORIENTED_EDGE('',*,*,#3755,.F.);
#5048=ORIENTED_EDGE('',*,*,#3653,.F.);
#5049=ORIENTED_EDGE('',*,*,#3785,.T.);
#5050=ORIENTED_EDGE('',*,*,#3386,.F.);
#5051=ORIENTED_EDGE('',*,*,#3785,.F.);
#5052=ORIENTED_EDGE('',*,*,#3650,.F.);
#5053=ORIENTED_EDGE('',*,*,#3786,.T.);
#5054=ORIENTED_EDGE('',*,*,#3389,.F.);
#5055=ORIENTED_EDGE('',*,*,#3786,.F.);
#5056=ORIENTED_EDGE('',*,*,#3647,.F.);
#5057=ORIENTED_EDGE('',*,*,#3787,.T.);
#5058=ORIENTED_EDGE('',*,*,#3392,.F.);
#5059=ORIENTED_EDGE('',*,*,#3787,.F.);
#5060=ORIENTED_EDGE('',*,*,#3644,.F.);
#5061=ORIENTED_EDGE('',*,*,#3788,.T.);
#5062=ORIENTED_EDGE('',*,*,#3395,.F.);
#5063=ORIENTED_EDGE('',*,*,#3788,.F.);
#5064=ORIENTED_EDGE('',*,*,#3641,.F.);
#5065=ORIENTED_EDGE('',*,*,#3789,.T.);
#5066=ORIENTED_EDGE('',*,*,#3790,.F.);
#5067=ORIENTED_EDGE('',*,*,#3791,.F.);
#5068=ORIENTED_EDGE('',*,*,#3792,.F.);
#5069=ORIENTED_EDGE('',*,*,#3793,.F.);
#5070=ORIENTED_EDGE('',*,*,#3794,.F.);
#5071=ORIENTED_EDGE('',*,*,#3795,.F.);
#5072=ORIENTED_EDGE('',*,*,#3796,.F.);
#5073=ORIENTED_EDGE('',*,*,#3797,.F.);
#5074=ORIENTED_EDGE('',*,*,#3798,.F.);
#5075=ORIENTED_EDGE('',*,*,#3799,.F.);
#5076=ORIENTED_EDGE('',*,*,#3800,.F.);
#5077=ORIENTED_EDGE('',*,*,#3801,.F.);
#5078=ORIENTED_EDGE('',*,*,#3802,.F.);
#5079=ORIENTED_EDGE('',*,*,#3803,.T.);
#5080=ORIENTED_EDGE('',*,*,#3804,.F.);
#5081=ORIENTED_EDGE('',*,*,#3805,.F.);
#5082=ORIENTED_EDGE('',*,*,#3806,.F.);
#5083=ORIENTED_EDGE('',*,*,#3807,.F.);
#5084=ORIENTED_EDGE('',*,*,#3808,.F.);
#5085=ORIENTED_EDGE('',*,*,#3809,.F.);
#5086=ORIENTED_EDGE('',*,*,#3810,.F.);
#5087=ORIENTED_EDGE('',*,*,#3811,.F.);
#5088=ORIENTED_EDGE('',*,*,#3812,.F.);
#5089=ORIENTED_EDGE('',*,*,#3813,.F.);
#5090=ORIENTED_EDGE('',*,*,#3814,.F.);
#5091=ORIENTED_EDGE('',*,*,#3815,.F.);
#5092=ORIENTED_EDGE('',*,*,#3816,.F.);
#5093=ORIENTED_EDGE('',*,*,#3817,.T.);
#5094=ORIENTED_EDGE('',*,*,#3636,.F.);
#5095=ORIENTED_EDGE('',*,*,#3818,.T.);
#5096=ORIENTED_EDGE('',*,*,#3819,.F.);
#5097=ORIENTED_EDGE('',*,*,#3789,.F.);
#5098=ORIENTED_EDGE('',*,*,#3401,.F.);
#5099=ORIENTED_EDGE('',*,*,#3820,.F.);
#5100=ORIENTED_EDGE('',*,*,#3821,.F.);
#5101=ORIENTED_EDGE('',*,*,#3822,.F.);
#5102=ORIENTED_EDGE('',*,*,#3823,.F.);
#5103=ORIENTED_EDGE('',*,*,#3824,.F.);
#5104=ORIENTED_EDGE('',*,*,#3825,.F.);
#5105=ORIENTED_EDGE('',*,*,#3826,.F.);
#5106=ORIENTED_EDGE('',*,*,#3827,.F.);
#5107=ORIENTED_EDGE('',*,*,#3828,.F.);
#5108=ORIENTED_EDGE('',*,*,#3829,.F.);
#5109=ORIENTED_EDGE('',*,*,#3830,.F.);
#5110=ORIENTED_EDGE('',*,*,#3831,.F.);
#5111=ORIENTED_EDGE('',*,*,#3832,.F.);
#5112=ORIENTED_EDGE('',*,*,#3833,.F.);
#5113=ORIENTED_EDGE('',*,*,#3834,.F.);
#5114=ORIENTED_EDGE('',*,*,#3835,.F.);
#5115=ORIENTED_EDGE('',*,*,#3836,.F.);
#5116=ORIENTED_EDGE('',*,*,#3837,.F.);
#5117=ORIENTED_EDGE('',*,*,#3838,.F.);
#5118=ORIENTED_EDGE('',*,*,#3839,.F.);
#5119=ORIENTED_EDGE('',*,*,#3840,.F.);
#5120=ORIENTED_EDGE('',*,*,#3841,.F.);
#5121=ORIENTED_EDGE('',*,*,#3842,.F.);
#5122=ORIENTED_EDGE('',*,*,#3843,.F.);
#5123=ORIENTED_EDGE('',*,*,#3844,.F.);
#5124=ORIENTED_EDGE('',*,*,#3845,.F.);
#5125=ORIENTED_EDGE('',*,*,#3846,.F.);
#5126=ORIENTED_EDGE('',*,*,#3847,.F.);
#5127=ORIENTED_EDGE('',*,*,#3818,.F.);
#5128=ORIENTED_EDGE('',*,*,#3635,.F.);
#5129=ORIENTED_EDGE('',*,*,#3848,.T.);
#5130=ORIENTED_EDGE('',*,*,#3404,.F.);
#5131=ORIENTED_EDGE('',*,*,#3848,.F.);
#5132=ORIENTED_EDGE('',*,*,#3632,.F.);
#5133=ORIENTED_EDGE('',*,*,#3849,.T.);
#5134=ORIENTED_EDGE('',*,*,#3630,.F.);
#5135=ORIENTED_EDGE('',*,*,#3634,.F.);
#5136=ORIENTED_EDGE('',*,*,#3638,.F.);
#5137=ORIENTED_EDGE('',*,*,#3640,.F.);
#5138=ORIENTED_EDGE('',*,*,#3643,.F.);
#5139=ORIENTED_EDGE('',*,*,#3646,.F.);
#5140=ORIENTED_EDGE('',*,*,#3649,.F.);
#5141=ORIENTED_EDGE('',*,*,#3652,.F.);
#5142=ORIENTED_EDGE('',*,*,#3656,.F.);
#5143=ORIENTED_EDGE('',*,*,#3658,.F.);
#5144=ORIENTED_EDGE('',*,*,#3661,.F.);
#5145=ORIENTED_EDGE('',*,*,#3664,.F.);
#5146=ORIENTED_EDGE('',*,*,#3667,.F.);
#5147=ORIENTED_EDGE('',*,*,#3670,.F.);
#5148=ORIENTED_EDGE('',*,*,#3673,.F.);
#5149=ORIENTED_EDGE('',*,*,#3675,.F.);
#5150=ORIENTED_EDGE('',*,*,#3677,.F.);
#5151=ORIENTED_EDGE('',*,*,#3679,.F.);
#5152=ORIENTED_EDGE('',*,*,#3681,.F.);
#5153=ORIENTED_EDGE('',*,*,#3683,.F.);
#5154=ORIENTED_EDGE('',*,*,#3686,.F.);
#5155=ORIENTED_EDGE('',*,*,#3688,.F.);
#5156=ORIENTED_EDGE('',*,*,#3690,.F.);
#5157=ORIENTED_EDGE('',*,*,#3692,.F.);
#5158=ORIENTED_EDGE('',*,*,#3694,.F.);
#5159=ORIENTED_EDGE('',*,*,#3696,.F.);
#5160=ORIENTED_EDGE('',*,*,#3699,.F.);
#5161=ORIENTED_EDGE('',*,*,#3701,.F.);
#5162=ORIENTED_EDGE('',*,*,#3703,.F.);
#5163=ORIENTED_EDGE('',*,*,#3705,.F.);
#5164=ORIENTED_EDGE('',*,*,#3707,.F.);
#5165=ORIENTED_EDGE('',*,*,#3709,.F.);
#5166=ORIENTED_EDGE('',*,*,#3713,.F.);
#5167=ORIENTED_EDGE('',*,*,#3715,.F.);
#5168=ORIENTED_EDGE('',*,*,#3718,.F.);
#5169=ORIENTED_EDGE('',*,*,#3720,.F.);
#5170=ORIENTED_EDGE('',*,*,#3850,.F.);
#5171=ORIENTED_EDGE('',*,*,#3851,.F.);
#5172=ORIENTED_EDGE('',*,*,#3852,.T.);
#5173=ORIENTED_EDGE('',*,*,#3853,.F.);
#5174=ORIENTED_EDGE('',*,*,#3854,.T.);
#5175=ORIENTED_EDGE('',*,*,#3855,.F.);
#5176=ORIENTED_EDGE('',*,*,#3856,.T.);
#5177=ORIENTED_EDGE('',*,*,#3857,.F.);
#5178=ORIENTED_EDGE('',*,*,#3858,.T.);
#5179=ORIENTED_EDGE('',*,*,#3859,.F.);
#5180=ORIENTED_EDGE('',*,*,#3860,.T.);
#5181=ORIENTED_EDGE('',*,*,#3861,.F.);
#5182=ORIENTED_EDGE('',*,*,#3862,.T.);
#5183=ORIENTED_EDGE('',*,*,#3863,.F.);
#5184=ORIENTED_EDGE('',*,*,#3864,.T.);
#5185=ORIENTED_EDGE('',*,*,#3865,.F.);
#5186=ORIENTED_EDGE('',*,*,#3866,.T.);
#5187=ORIENTED_EDGE('',*,*,#3867,.F.);
#5188=ORIENTED_EDGE('',*,*,#3868,.T.);
#5189=ORIENTED_EDGE('',*,*,#3869,.F.);
#5190=ORIENTED_EDGE('',*,*,#3870,.T.);
#5191=ORIENTED_EDGE('',*,*,#3871,.F.);
#5192=ORIENTED_EDGE('',*,*,#3872,.T.);
#5193=ORIENTED_EDGE('',*,*,#3873,.F.);
#5194=ORIENTED_EDGE('',*,*,#3874,.T.);
#5195=ORIENTED_EDGE('',*,*,#3875,.F.);
#5196=ORIENTED_EDGE('',*,*,#3876,.T.);
#5197=ORIENTED_EDGE('',*,*,#3877,.F.);
#5198=ORIENTED_EDGE('',*,*,#3878,.T.);
#5199=ORIENTED_EDGE('',*,*,#3879,.F.);
#5200=ORIENTED_EDGE('',*,*,#3880,.T.);
#5201=ORIENTED_EDGE('',*,*,#3881,.F.);
#5202=ORIENTED_EDGE('',*,*,#3882,.T.);
#5203=ORIENTED_EDGE('',*,*,#3883,.F.);
#5204=ORIENTED_EDGE('',*,*,#3884,.T.);
#5205=ORIENTED_EDGE('',*,*,#3885,.F.);
#5206=ORIENTED_EDGE('',*,*,#3886,.T.);
#5207=ORIENTED_EDGE('',*,*,#3887,.F.);
#5208=ORIENTED_EDGE('',*,*,#3888,.T.);
#5209=ORIENTED_EDGE('',*,*,#3889,.F.);
#5210=ORIENTED_EDGE('',*,*,#3890,.T.);
#5211=ORIENTED_EDGE('',*,*,#3891,.F.);
#5212=ORIENTED_EDGE('',*,*,#3892,.T.);
#5213=ORIENTED_EDGE('',*,*,#3893,.F.);
#5214=ORIENTED_EDGE('',*,*,#3894,.T.);
#5215=ORIENTED_EDGE('',*,*,#3895,.F.);
#5216=ORIENTED_EDGE('',*,*,#3896,.T.);
#5217=ORIENTED_EDGE('',*,*,#3897,.F.);
#5218=ORIENTED_EDGE('',*,*,#3898,.T.);
#5219=ORIENTED_EDGE('',*,*,#3899,.F.);
#5220=ORIENTED_EDGE('',*,*,#3900,.T.);
#5221=ORIENTED_EDGE('',*,*,#3901,.F.);
#5222=ORIENTED_EDGE('',*,*,#3902,.T.);
#5223=ORIENTED_EDGE('',*,*,#3903,.F.);
#5224=ORIENTED_EDGE('',*,*,#3904,.T.);
#5225=ORIENTED_EDGE('',*,*,#3905,.F.);
#5226=ORIENTED_EDGE('',*,*,#3906,.T.);
#5227=ORIENTED_EDGE('',*,*,#3907,.F.);
#5228=ORIENTED_EDGE('',*,*,#3908,.T.);
#5229=ORIENTED_EDGE('',*,*,#3909,.F.);
#5230=ORIENTED_EDGE('',*,*,#3910,.T.);
#5231=ORIENTED_EDGE('',*,*,#3911,.F.);
#5232=ORIENTED_EDGE('',*,*,#3912,.T.);
#5233=ORIENTED_EDGE('',*,*,#3913,.F.);
#5234=ORIENTED_EDGE('',*,*,#3914,.T.);
#5235=ORIENTED_EDGE('',*,*,#3915,.F.);
#5236=ORIENTED_EDGE('',*,*,#3916,.T.);
#5237=ORIENTED_EDGE('',*,*,#3917,.F.);
#5238=ORIENTED_EDGE('',*,*,#3918,.T.);
#5239=ORIENTED_EDGE('',*,*,#3919,.F.);
#5240=ORIENTED_EDGE('',*,*,#3920,.T.);
#5241=ORIENTED_EDGE('',*,*,#3921,.F.);
#5242=ORIENTED_EDGE('',*,*,#3922,.T.);
#5243=ORIENTED_EDGE('',*,*,#3923,.F.);
#5244=ORIENTED_EDGE('',*,*,#3924,.T.);
#5245=ORIENTED_EDGE('',*,*,#3925,.F.);
#5246=ORIENTED_EDGE('',*,*,#3926,.T.);
#5247=ORIENTED_EDGE('',*,*,#3927,.F.);
#5248=ORIENTED_EDGE('',*,*,#3928,.T.);
#5249=ORIENTED_EDGE('',*,*,#3929,.F.);
#5250=ORIENTED_EDGE('',*,*,#3930,.T.);
#5251=ORIENTED_EDGE('',*,*,#3931,.F.);
#5252=ORIENTED_EDGE('',*,*,#3932,.T.);
#5253=ORIENTED_EDGE('',*,*,#3933,.F.);
#5254=ORIENTED_EDGE('',*,*,#3934,.T.);
#5255=ORIENTED_EDGE('',*,*,#3935,.F.);
#5256=ORIENTED_EDGE('',*,*,#3936,.T.);
#5257=ORIENTED_EDGE('',*,*,#3937,.F.);
#5258=ORIENTED_EDGE('',*,*,#3938,.T.);
#5259=ORIENTED_EDGE('',*,*,#3939,.F.);
#5260=ORIENTED_EDGE('',*,*,#3940,.T.);
#5261=ORIENTED_EDGE('',*,*,#3941,.F.);
#5262=ORIENTED_EDGE('',*,*,#3942,.T.);
#5263=ORIENTED_EDGE('',*,*,#3943,.F.);
#5264=ORIENTED_EDGE('',*,*,#3944,.T.);
#5265=ORIENTED_EDGE('',*,*,#3945,.F.);
#5266=ORIENTED_EDGE('',*,*,#3946,.T.);
#5267=ORIENTED_EDGE('',*,*,#3923,.T.);
#5268=ORIENTED_EDGE('',*,*,#3947,.T.);
#5269=ORIENTED_EDGE('',*,*,#3948,.T.);
#5270=ORIENTED_EDGE('',*,*,#3949,.T.);
#5271=ORIENTED_EDGE('',*,*,#3949,.F.);
#5272=ORIENTED_EDGE('',*,*,#3950,.T.);
#5273=ORIENTED_EDGE('',*,*,#3951,.F.);
#5274=ORIENTED_EDGE('',*,*,#3924,.F.);
#5275=ORIENTED_EDGE('',*,*,#3925,.T.);
#5276=ORIENTED_EDGE('',*,*,#3951,.T.);
#5277=ORIENTED_EDGE('',*,*,#3952,.T.);
#5278=ORIENTED_EDGE('',*,*,#3953,.T.);
#5279=ORIENTED_EDGE('',*,*,#3927,.T.);
#5280=ORIENTED_EDGE('',*,*,#3954,.T.);
#5281=ORIENTED_EDGE('',*,*,#3955,.T.);
#5282=ORIENTED_EDGE('',*,*,#3956,.T.);
#5283=ORIENTED_EDGE('',*,*,#3956,.F.);
#5284=ORIENTED_EDGE('',*,*,#3957,.T.);
#5285=ORIENTED_EDGE('',*,*,#3958,.F.);
#5286=ORIENTED_EDGE('',*,*,#3928,.F.);
#5287=ORIENTED_EDGE('',*,*,#3929,.T.);
#5288=ORIENTED_EDGE('',*,*,#3958,.T.);
#5289=ORIENTED_EDGE('',*,*,#3959,.T.);
#5290=ORIENTED_EDGE('',*,*,#3960,.T.);
#5291=ORIENTED_EDGE('',*,*,#3931,.T.);
#5292=ORIENTED_EDGE('',*,*,#3961,.T.);
#5293=ORIENTED_EDGE('',*,*,#3962,.T.);
#5294=ORIENTED_EDGE('',*,*,#3963,.T.);
#5295=ORIENTED_EDGE('',*,*,#3963,.F.);
#5296=ORIENTED_EDGE('',*,*,#3964,.T.);
#5297=ORIENTED_EDGE('',*,*,#3965,.F.);
#5298=ORIENTED_EDGE('',*,*,#3932,.F.);
#5299=ORIENTED_EDGE('',*,*,#3933,.T.);
#5300=ORIENTED_EDGE('',*,*,#3965,.T.);
#5301=ORIENTED_EDGE('',*,*,#3966,.T.);
#5302=ORIENTED_EDGE('',*,*,#3967,.T.);
#5303=ORIENTED_EDGE('',*,*,#3935,.T.);
#5304=ORIENTED_EDGE('',*,*,#3968,.T.);
#5305=ORIENTED_EDGE('',*,*,#3969,.T.);
#5306=ORIENTED_EDGE('',*,*,#3970,.T.);
#5307=ORIENTED_EDGE('',*,*,#3970,.F.);
#5308=ORIENTED_EDGE('',*,*,#3971,.T.);
#5309=ORIENTED_EDGE('',*,*,#3972,.F.);
#5310=ORIENTED_EDGE('',*,*,#3936,.F.);
#5311=ORIENTED_EDGE('',*,*,#3937,.T.);
#5312=ORIENTED_EDGE('',*,*,#3972,.T.);
#5313=ORIENTED_EDGE('',*,*,#3973,.T.);
#5314=ORIENTED_EDGE('',*,*,#3974,.T.);
#5315=ORIENTED_EDGE('',*,*,#3945,.T.);
#5316=ORIENTED_EDGE('',*,*,#3975,.T.);
#5317=ORIENTED_EDGE('',*,*,#3976,.T.);
#5318=ORIENTED_EDGE('',*,*,#3977,.T.);
#5319=ORIENTED_EDGE('',*,*,#3975,.F.);
#5320=ORIENTED_EDGE('',*,*,#3944,.F.);
#5321=ORIENTED_EDGE('',*,*,#3978,.F.);
#5322=ORIENTED_EDGE('',*,*,#3979,.T.);
#5323=ORIENTED_EDGE('',*,*,#3943,.T.);
#5324=ORIENTED_EDGE('',*,*,#3980,.T.);
#5325=ORIENTED_EDGE('',*,*,#3981,.T.);
#5326=ORIENTED_EDGE('',*,*,#3978,.T.);
#5327=ORIENTED_EDGE('',*,*,#3980,.F.);
#5328=ORIENTED_EDGE('',*,*,#3942,.F.);
#5329=ORIENTED_EDGE('',*,*,#3982,.F.);
#5330=ORIENTED_EDGE('',*,*,#3983,.T.);
#5331=ORIENTED_EDGE('',*,*,#3939,.T.);
#5332=ORIENTED_EDGE('',*,*,#3984,.T.);
#5333=ORIENTED_EDGE('',*,*,#3985,.T.);
#5334=ORIENTED_EDGE('',*,*,#3986,.T.);
#5335=ORIENTED_EDGE('',*,*,#3986,.F.);
#5336=ORIENTED_EDGE('',*,*,#3987,.T.);
#5337=ORIENTED_EDGE('',*,*,#3988,.F.);
#5338=ORIENTED_EDGE('',*,*,#3940,.F.);
#5339=ORIENTED_EDGE('',*,*,#3941,.T.);
#5340=ORIENTED_EDGE('',*,*,#3988,.T.);
#5341=ORIENTED_EDGE('',*,*,#3989,.T.);
#5342=ORIENTED_EDGE('',*,*,#3982,.T.);
#5343=ORIENTED_EDGE('',*,*,#3899,.T.);
#5344=ORIENTED_EDGE('',*,*,#3990,.T.);
#5345=ORIENTED_EDGE('',*,*,#3991,.T.);
#5346=ORIENTED_EDGE('',*,*,#3992,.T.);
#5347=ORIENTED_EDGE('',*,*,#3992,.F.);
#5348=ORIENTED_EDGE('',*,*,#3993,.T.);
#5349=ORIENTED_EDGE('',*,*,#3994,.F.);
#5350=ORIENTED_EDGE('',*,*,#3900,.F.);
#5351=ORIENTED_EDGE('',*,*,#3901,.T.);
#5352=ORIENTED_EDGE('',*,*,#3994,.T.);
#5353=ORIENTED_EDGE('',*,*,#3995,.T.);
#5354=ORIENTED_EDGE('',*,*,#3996,.T.);
#5355=ORIENTED_EDGE('',*,*,#3903,.T.);
#5356=ORIENTED_EDGE('',*,*,#3997,.T.);
#5357=ORIENTED_EDGE('',*,*,#3998,.T.);
#5358=ORIENTED_EDGE('',*,*,#3999,.T.);
#5359=ORIENTED_EDGE('',*,*,#3999,.F.);
#5360=ORIENTED_EDGE('',*,*,#4000,.T.);
#5361=ORIENTED_EDGE('',*,*,#4001,.F.);
#5362=ORIENTED_EDGE('',*,*,#3904,.F.);
#5363=ORIENTED_EDGE('',*,*,#3905,.T.);
#5364=ORIENTED_EDGE('',*,*,#4001,.T.);
#5365=ORIENTED_EDGE('',*,*,#4002,.T.);
#5366=ORIENTED_EDGE('',*,*,#4003,.T.);
#5367=ORIENTED_EDGE('',*,*,#3907,.T.);
#5368=ORIENTED_EDGE('',*,*,#4004,.T.);
#5369=ORIENTED_EDGE('',*,*,#4005,.T.);
#5370=ORIENTED_EDGE('',*,*,#4006,.T.);
#5371=ORIENTED_EDGE('',*,*,#4006,.F.);
#5372=ORIENTED_EDGE('',*,*,#4007,.T.);
#5373=ORIENTED_EDGE('',*,*,#4008,.F.);
#5374=ORIENTED_EDGE('',*,*,#3908,.F.);
#5375=ORIENTED_EDGE('',*,*,#3909,.T.);
#5376=ORIENTED_EDGE('',*,*,#4008,.T.);
#5377=ORIENTED_EDGE('',*,*,#4009,.T.);
#5378=ORIENTED_EDGE('',*,*,#4010,.T.);
#5379=ORIENTED_EDGE('',*,*,#3911,.T.);
#5380=ORIENTED_EDGE('',*,*,#4011,.T.);
#5381=ORIENTED_EDGE('',*,*,#4012,.T.);
#5382=ORIENTED_EDGE('',*,*,#4013,.T.);
#5383=ORIENTED_EDGE('',*,*,#4013,.F.);
#5384=ORIENTED_EDGE('',*,*,#4014,.T.);
#5385=ORIENTED_EDGE('',*,*,#4015,.F.);
#5386=ORIENTED_EDGE('',*,*,#3912,.F.);
#5387=ORIENTED_EDGE('',*,*,#3913,.T.);
#5388=ORIENTED_EDGE('',*,*,#4015,.T.);
#5389=ORIENTED_EDGE('',*,*,#4016,.T.);
#5390=ORIENTED_EDGE('',*,*,#4017,.T.);
#5391=ORIENTED_EDGE('',*,*,#3921,.T.);
#5392=ORIENTED_EDGE('',*,*,#4018,.T.);
#5393=ORIENTED_EDGE('',*,*,#4019,.T.);
#5394=ORIENTED_EDGE('',*,*,#4020,.T.);
#5395=ORIENTED_EDGE('',*,*,#4018,.F.);
#5396=ORIENTED_EDGE('',*,*,#3920,.F.);
#5397=ORIENTED_EDGE('',*,*,#4021,.F.);
#5398=ORIENTED_EDGE('',*,*,#4022,.T.);
#5399=ORIENTED_EDGE('',*,*,#3919,.T.);
#5400=ORIENTED_EDGE('',*,*,#4023,.T.);
#5401=ORIENTED_EDGE('',*,*,#4024,.T.);
#5402=ORIENTED_EDGE('',*,*,#4021,.T.);
#5403=ORIENTED_EDGE('',*,*,#4023,.F.);
#5404=ORIENTED_EDGE('',*,*,#3918,.F.);
#5405=ORIENTED_EDGE('',*,*,#4025,.F.);
#5406=ORIENTED_EDGE('',*,*,#4026,.T.);
#5407=ORIENTED_EDGE('',*,*,#3915,.T.);
#5408=ORIENTED_EDGE('',*,*,#4027,.T.);
#5409=ORIENTED_EDGE('',*,*,#4028,.T.);
#5410=ORIENTED_EDGE('',*,*,#4029,.T.);
#5411=ORIENTED_EDGE('',*,*,#4029,.F.);
#5412=ORIENTED_EDGE('',*,*,#4030,.T.);
#5413=ORIENTED_EDGE('',*,*,#4031,.F.);
#5414=ORIENTED_EDGE('',*,*,#3916,.F.);
#5415=ORIENTED_EDGE('',*,*,#3917,.T.);
#5416=ORIENTED_EDGE('',*,*,#4031,.T.);
#5417=ORIENTED_EDGE('',*,*,#4032,.T.);
#5418=ORIENTED_EDGE('',*,*,#4025,.T.);
#5419=ORIENTED_EDGE('',*,*,#3875,.T.);
#5420=ORIENTED_EDGE('',*,*,#4033,.T.);
#5421=ORIENTED_EDGE('',*,*,#4034,.T.);
#5422=ORIENTED_EDGE('',*,*,#4035,.T.);
#5423=ORIENTED_EDGE('',*,*,#4035,.F.);
#5424=ORIENTED_EDGE('',*,*,#4036,.T.);
#5425=ORIENTED_EDGE('',*,*,#4037,.F.);
#5426=ORIENTED_EDGE('',*,*,#3876,.F.);
#5427=ORIENTED_EDGE('',*,*,#3877,.T.);
#5428=ORIENTED_EDGE('',*,*,#4037,.T.);
#5429=ORIENTED_EDGE('',*,*,#4038,.T.);
#5430=ORIENTED_EDGE('',*,*,#4039,.T.);
#5431=ORIENTED_EDGE('',*,*,#3879,.T.);
#5432=ORIENTED_EDGE('',*,*,#4040,.T.);
#5433=ORIENTED_EDGE('',*,*,#4041,.T.);
#5434=ORIENTED_EDGE('',*,*,#4042,.T.);
#5435=ORIENTED_EDGE('',*,*,#4042,.F.);
#5436=ORIENTED_EDGE('',*,*,#4043,.T.);
#5437=ORIENTED_EDGE('',*,*,#4044,.F.);
#5438=ORIENTED_EDGE('',*,*,#3880,.F.);
#5439=ORIENTED_EDGE('',*,*,#3881,.T.);
#5440=ORIENTED_EDGE('',*,*,#4044,.T.);
#5441=ORIENTED_EDGE('',*,*,#4045,.T.);
#5442=ORIENTED_EDGE('',*,*,#4046,.T.);
#5443=ORIENTED_EDGE('',*,*,#3883,.T.);
#5444=ORIENTED_EDGE('',*,*,#4047,.T.);
#5445=ORIENTED_EDGE('',*,*,#4048,.T.);
#5446=ORIENTED_EDGE('',*,*,#4049,.T.);
#5447=ORIENTED_EDGE('',*,*,#4049,.F.);
#5448=ORIENTED_EDGE('',*,*,#4050,.T.);
#5449=ORIENTED_EDGE('',*,*,#4051,.F.);
#5450=ORIENTED_EDGE('',*,*,#3884,.F.);
#5451=ORIENTED_EDGE('',*,*,#3885,.T.);
#5452=ORIENTED_EDGE('',*,*,#4051,.T.);
#5453=ORIENTED_EDGE('',*,*,#4052,.T.);
#5454=ORIENTED_EDGE('',*,*,#4053,.T.);
#5455=ORIENTED_EDGE('',*,*,#3887,.T.);
#5456=ORIENTED_EDGE('',*,*,#4054,.T.);
#5457=ORIENTED_EDGE('',*,*,#4055,.T.);
#5458=ORIENTED_EDGE('',*,*,#4056,.T.);
#5459=ORIENTED_EDGE('',*,*,#4056,.F.);
#5460=ORIENTED_EDGE('',*,*,#4057,.T.);
#5461=ORIENTED_EDGE('',*,*,#4058,.F.);
#5462=ORIENTED_EDGE('',*,*,#3888,.F.);
#5463=ORIENTED_EDGE('',*,*,#3889,.T.);
#5464=ORIENTED_EDGE('',*,*,#4058,.T.);
#5465=ORIENTED_EDGE('',*,*,#4059,.T.);
#5466=ORIENTED_EDGE('',*,*,#4060,.T.);
#5467=ORIENTED_EDGE('',*,*,#3897,.T.);
#5468=ORIENTED_EDGE('',*,*,#4061,.T.);
#5469=ORIENTED_EDGE('',*,*,#4062,.T.);
#5470=ORIENTED_EDGE('',*,*,#4063,.T.);
#5471=ORIENTED_EDGE('',*,*,#4061,.F.);
#5472=ORIENTED_EDGE('',*,*,#3896,.F.);
#5473=ORIENTED_EDGE('',*,*,#4064,.F.);
#5474=ORIENTED_EDGE('',*,*,#4065,.T.);
#5475=ORIENTED_EDGE('',*,*,#3895,.T.);
#5476=ORIENTED_EDGE('',*,*,#4066,.T.);
#5477=ORIENTED_EDGE('',*,*,#4067,.T.);
#5478=ORIENTED_EDGE('',*,*,#4064,.T.);
#5479=ORIENTED_EDGE('',*,*,#4066,.F.);
#5480=ORIENTED_EDGE('',*,*,#3894,.F.);
#5481=ORIENTED_EDGE('',*,*,#4068,.F.);
#5482=ORIENTED_EDGE('',*,*,#4069,.T.);
#5483=ORIENTED_EDGE('',*,*,#3891,.T.);
#5484=ORIENTED_EDGE('',*,*,#4070,.T.);
#5485=ORIENTED_EDGE('',*,*,#4071,.T.);
#5486=ORIENTED_EDGE('',*,*,#4072,.T.);
#5487=ORIENTED_EDGE('',*,*,#4060,.F.);
#5488=ORIENTED_EDGE('',*,*,#4073,.T.);
#5489=ORIENTED_EDGE('',*,*,#4070,.F.);
#5490=ORIENTED_EDGE('',*,*,#3890,.F.);
#5491=ORIENTED_EDGE('',*,*,#3893,.T.);
#5492=ORIENTED_EDGE('',*,*,#4074,.T.);
#5493=ORIENTED_EDGE('',*,*,#4075,.T.);
#5494=ORIENTED_EDGE('',*,*,#4068,.T.);
#5495=ORIENTED_EDGE('',*,*,#4076,.F.);
#5496=ORIENTED_EDGE('',*,*,#3976,.F.);
#5497=ORIENTED_EDGE('',*,*,#3979,.F.);
#5498=ORIENTED_EDGE('',*,*,#3981,.F.);
#5499=ORIENTED_EDGE('',*,*,#3983,.F.);
#5500=ORIENTED_EDGE('',*,*,#3989,.F.);
#5501=ORIENTED_EDGE('',*,*,#3987,.F.);
#5502=ORIENTED_EDGE('',*,*,#3985,.F.);
#5503=ORIENTED_EDGE('',*,*,#4077,.F.);
#5504=ORIENTED_EDGE('',*,*,#3973,.F.);
#5505=ORIENTED_EDGE('',*,*,#3971,.F.);
#5506=ORIENTED_EDGE('',*,*,#3969,.F.);
#5507=ORIENTED_EDGE('',*,*,#4078,.F.);
#5508=ORIENTED_EDGE('',*,*,#3966,.F.);
#5509=ORIENTED_EDGE('',*,*,#3964,.F.);
#5510=ORIENTED_EDGE('',*,*,#3962,.F.);
#5511=ORIENTED_EDGE('',*,*,#4079,.F.);
#5512=ORIENTED_EDGE('',*,*,#3959,.F.);
#5513=ORIENTED_EDGE('',*,*,#3957,.F.);
#5514=ORIENTED_EDGE('',*,*,#3955,.F.);
#5515=ORIENTED_EDGE('',*,*,#4080,.F.);
#5516=ORIENTED_EDGE('',*,*,#3952,.F.);
#5517=ORIENTED_EDGE('',*,*,#3950,.F.);
#5518=ORIENTED_EDGE('',*,*,#3948,.F.);
#5519=ORIENTED_EDGE('',*,*,#4081,.T.);
#5520=ORIENTED_EDGE('',*,*,#3953,.F.);
#5521=ORIENTED_EDGE('',*,*,#4080,.T.);
#5522=ORIENTED_EDGE('',*,*,#3954,.F.);
#5523=ORIENTED_EDGE('',*,*,#3926,.F.);
#5524=ORIENTED_EDGE('',*,*,#3947,.F.);
#5525=ORIENTED_EDGE('',*,*,#3946,.F.);
#5526=ORIENTED_EDGE('',*,*,#3977,.F.);
#5527=ORIENTED_EDGE('',*,*,#4076,.T.);
#5528=ORIENTED_EDGE('',*,*,#3974,.F.);
#5529=ORIENTED_EDGE('',*,*,#4077,.T.);
#5530=ORIENTED_EDGE('',*,*,#3984,.F.);
#5531=ORIENTED_EDGE('',*,*,#3938,.F.);
#5532=ORIENTED_EDGE('',*,*,#3967,.F.);
#5533=ORIENTED_EDGE('',*,*,#4078,.T.);
#5534=ORIENTED_EDGE('',*,*,#3968,.F.);
#5535=ORIENTED_EDGE('',*,*,#3934,.F.);
#5536=ORIENTED_EDGE('',*,*,#3960,.F.);
#5537=ORIENTED_EDGE('',*,*,#4079,.T.);
#5538=ORIENTED_EDGE('',*,*,#3961,.F.);
#5539=ORIENTED_EDGE('',*,*,#3930,.F.);
#5540=ORIENTED_EDGE('',*,*,#3628,.F.);
#5541=ORIENTED_EDGE('',*,*,#4082,.T.);
#5542=ORIENTED_EDGE('',*,*,#4081,.F.);
#5543=ORIENTED_EDGE('',*,*,#4082,.F.);
#5544=ORIENTED_EDGE('',*,*,#4083,.F.);
#5545=ORIENTED_EDGE('',*,*,#4019,.F.);
#5546=ORIENTED_EDGE('',*,*,#4022,.F.);
#5547=ORIENTED_EDGE('',*,*,#4024,.F.);
#5548=ORIENTED_EDGE('',*,*,#4026,.F.);
#5549=ORIENTED_EDGE('',*,*,#4032,.F.);
#5550=ORIENTED_EDGE('',*,*,#4030,.F.);
#5551=ORIENTED_EDGE('',*,*,#4028,.F.);
#5552=ORIENTED_EDGE('',*,*,#4084,.F.);
#5553=ORIENTED_EDGE('',*,*,#4016,.F.);
#5554=ORIENTED_EDGE('',*,*,#4014,.F.);
#5555=ORIENTED_EDGE('',*,*,#4012,.F.);
#5556=ORIENTED_EDGE('',*,*,#4085,.F.);
#5557=ORIENTED_EDGE('',*,*,#4009,.F.);
#5558=ORIENTED_EDGE('',*,*,#4007,.F.);
#5559=ORIENTED_EDGE('',*,*,#4005,.F.);
#5560=ORIENTED_EDGE('',*,*,#4086,.F.);
#5561=ORIENTED_EDGE('',*,*,#4002,.F.);
#5562=ORIENTED_EDGE('',*,*,#4000,.F.);
#5563=ORIENTED_EDGE('',*,*,#3998,.F.);
#5564=ORIENTED_EDGE('',*,*,#4087,.F.);
#5565=ORIENTED_EDGE('',*,*,#3995,.F.);
#5566=ORIENTED_EDGE('',*,*,#3993,.F.);
#5567=ORIENTED_EDGE('',*,*,#3991,.F.);
#5568=ORIENTED_EDGE('',*,*,#4088,.T.);
#5569=ORIENTED_EDGE('',*,*,#3996,.F.);
#5570=ORIENTED_EDGE('',*,*,#4087,.T.);
#5571=ORIENTED_EDGE('',*,*,#3997,.F.);
#5572=ORIENTED_EDGE('',*,*,#3902,.F.);
#5573=ORIENTED_EDGE('',*,*,#3990,.F.);
#5574=ORIENTED_EDGE('',*,*,#3922,.F.);
#5575=ORIENTED_EDGE('',*,*,#4020,.F.);
#5576=ORIENTED_EDGE('',*,*,#4083,.T.);
#5577=ORIENTED_EDGE('',*,*,#4017,.F.);
#5578=ORIENTED_EDGE('',*,*,#4084,.T.);
#5579=ORIENTED_EDGE('',*,*,#4027,.F.);
#5580=ORIENTED_EDGE('',*,*,#3914,.F.);
#5581=ORIENTED_EDGE('',*,*,#4010,.F.);
#5582=ORIENTED_EDGE('',*,*,#4085,.T.);
#5583=ORIENTED_EDGE('',*,*,#4011,.F.);
#5584=ORIENTED_EDGE('',*,*,#3910,.F.);
#5585=ORIENTED_EDGE('',*,*,#4003,.F.);
#5586=ORIENTED_EDGE('',*,*,#4086,.T.);
#5587=ORIENTED_EDGE('',*,*,#4004,.F.);
#5588=ORIENTED_EDGE('',*,*,#3906,.F.);
#5589=ORIENTED_EDGE('',*,*,#3627,.F.);
#5590=ORIENTED_EDGE('',*,*,#4089,.T.);
#5591=ORIENTED_EDGE('',*,*,#4088,.F.);
#5592=ORIENTED_EDGE('',*,*,#4089,.F.);
#5593=ORIENTED_EDGE('',*,*,#4090,.F.);
#5594=ORIENTED_EDGE('',*,*,#4062,.F.);
#5595=ORIENTED_EDGE('',*,*,#4065,.F.);
#5596=ORIENTED_EDGE('',*,*,#4067,.F.);
#5597=ORIENTED_EDGE('',*,*,#4069,.F.);
#5598=ORIENTED_EDGE('',*,*,#4075,.F.);
#5599=ORIENTED_EDGE('',*,*,#4091,.F.);
#5600=ORIENTED_EDGE('',*,*,#4071,.F.);
#5601=ORIENTED_EDGE('',*,*,#4073,.F.);
#5602=ORIENTED_EDGE('',*,*,#4059,.F.);
#5603=ORIENTED_EDGE('',*,*,#4057,.F.);
#5604=ORIENTED_EDGE('',*,*,#4055,.F.);
#5605=ORIENTED_EDGE('',*,*,#4092,.F.);
#5606=ORIENTED_EDGE('',*,*,#4052,.F.);
#5607=ORIENTED_EDGE('',*,*,#4050,.F.);
#5608=ORIENTED_EDGE('',*,*,#4048,.F.);
#5609=ORIENTED_EDGE('',*,*,#4093,.F.);
#5610=ORIENTED_EDGE('',*,*,#4045,.F.);
#5611=ORIENTED_EDGE('',*,*,#4043,.F.);
#5612=ORIENTED_EDGE('',*,*,#4041,.F.);
#5613=ORIENTED_EDGE('',*,*,#4094,.F.);
#5614=ORIENTED_EDGE('',*,*,#4038,.F.);
#5615=ORIENTED_EDGE('',*,*,#4036,.F.);
#5616=ORIENTED_EDGE('',*,*,#4034,.F.);
#5617=ORIENTED_EDGE('',*,*,#4095,.T.);
#5618=ORIENTED_EDGE('',*,*,#4039,.F.);
#5619=ORIENTED_EDGE('',*,*,#4094,.T.);
#5620=ORIENTED_EDGE('',*,*,#4040,.F.);
#5621=ORIENTED_EDGE('',*,*,#3878,.F.);
#5622=ORIENTED_EDGE('',*,*,#4033,.F.);
#5623=ORIENTED_EDGE('',*,*,#3898,.F.);
#5624=ORIENTED_EDGE('',*,*,#4063,.F.);
#5625=ORIENTED_EDGE('',*,*,#4090,.T.);
#5626=ORIENTED_EDGE('',*,*,#4072,.F.);
#5627=ORIENTED_EDGE('',*,*,#4091,.T.);
#5628=ORIENTED_EDGE('',*,*,#4074,.F.);
#5629=ORIENTED_EDGE('',*,*,#3892,.F.);
#5630=ORIENTED_EDGE('',*,*,#4053,.F.);
#5631=ORIENTED_EDGE('',*,*,#4092,.T.);
#5632=ORIENTED_EDGE('',*,*,#4054,.F.);
#5633=ORIENTED_EDGE('',*,*,#3886,.F.);
#5634=ORIENTED_EDGE('',*,*,#4046,.F.);
#5635=ORIENTED_EDGE('',*,*,#4093,.T.);
#5636=ORIENTED_EDGE('',*,*,#4047,.F.);
#5637=ORIENTED_EDGE('',*,*,#3882,.F.);
#5638=ORIENTED_EDGE('',*,*,#3626,.F.);
#5639=ORIENTED_EDGE('',*,*,#4096,.T.);
#5640=ORIENTED_EDGE('',*,*,#4095,.F.);
#5641=ORIENTED_EDGE('',*,*,#4096,.F.);
#5642=ORIENTED_EDGE('',*,*,#3851,.T.);
#5643=ORIENTED_EDGE('',*,*,#4097,.T.);
#5644=ORIENTED_EDGE('',*,*,#4098,.T.);
#5645=ORIENTED_EDGE('',*,*,#4099,.T.);
#5646=ORIENTED_EDGE('',*,*,#4099,.F.);
#5647=ORIENTED_EDGE('',*,*,#4100,.T.);
#5648=ORIENTED_EDGE('',*,*,#4101,.F.);
#5649=ORIENTED_EDGE('',*,*,#3852,.F.);
#5650=ORIENTED_EDGE('',*,*,#3853,.T.);
#5651=ORIENTED_EDGE('',*,*,#4101,.T.);
#5652=ORIENTED_EDGE('',*,*,#4102,.T.);
#5653=ORIENTED_EDGE('',*,*,#4103,.T.);
#5654=ORIENTED_EDGE('',*,*,#3855,.T.);
#5655=ORIENTED_EDGE('',*,*,#4104,.T.);
#5656=ORIENTED_EDGE('',*,*,#4105,.T.);
#5657=ORIENTED_EDGE('',*,*,#4106,.T.);
#5658=ORIENTED_EDGE('',*,*,#4106,.F.);
#5659=ORIENTED_EDGE('',*,*,#4107,.T.);
#5660=ORIENTED_EDGE('',*,*,#4108,.F.);
#5661=ORIENTED_EDGE('',*,*,#3856,.F.);
#5662=ORIENTED_EDGE('',*,*,#3857,.T.);
#5663=ORIENTED_EDGE('',*,*,#4108,.T.);
#5664=ORIENTED_EDGE('',*,*,#4109,.T.);
#5665=ORIENTED_EDGE('',*,*,#4110,.T.);
#5666=ORIENTED_EDGE('',*,*,#3859,.T.);
#5667=ORIENTED_EDGE('',*,*,#4111,.T.);
#5668=ORIENTED_EDGE('',*,*,#4112,.T.);
#5669=ORIENTED_EDGE('',*,*,#4113,.T.);
#5670=ORIENTED_EDGE('',*,*,#4113,.F.);
#5671=ORIENTED_EDGE('',*,*,#4114,.T.);
#5672=ORIENTED_EDGE('',*,*,#4115,.F.);
#5673=ORIENTED_EDGE('',*,*,#3860,.F.);
#5674=ORIENTED_EDGE('',*,*,#3861,.T.);
#5675=ORIENTED_EDGE('',*,*,#4115,.T.);
#5676=ORIENTED_EDGE('',*,*,#4116,.T.);
#5677=ORIENTED_EDGE('',*,*,#4117,.T.);
#5678=ORIENTED_EDGE('',*,*,#3863,.T.);
#5679=ORIENTED_EDGE('',*,*,#4118,.T.);
#5680=ORIENTED_EDGE('',*,*,#4119,.T.);
#5681=ORIENTED_EDGE('',*,*,#4120,.T.);
#5682=ORIENTED_EDGE('',*,*,#4120,.F.);
#5683=ORIENTED_EDGE('',*,*,#4121,.T.);
#5684=ORIENTED_EDGE('',*,*,#4122,.F.);
#5685=ORIENTED_EDGE('',*,*,#3864,.F.);
#5686=ORIENTED_EDGE('',*,*,#3865,.T.);
#5687=ORIENTED_EDGE('',*,*,#4122,.T.);
#5688=ORIENTED_EDGE('',*,*,#4123,.T.);
#5689=ORIENTED_EDGE('',*,*,#4124,.T.);
#5690=ORIENTED_EDGE('',*,*,#3873,.T.);
#5691=ORIENTED_EDGE('',*,*,#4125,.T.);
#5692=ORIENTED_EDGE('',*,*,#4126,.T.);
#5693=ORIENTED_EDGE('',*,*,#4127,.T.);
#5694=ORIENTED_EDGE('',*,*,#4125,.F.);
#5695=ORIENTED_EDGE('',*,*,#3872,.F.);
#5696=ORIENTED_EDGE('',*,*,#4128,.F.);
#5697=ORIENTED_EDGE('',*,*,#4129,.T.);
#5698=ORIENTED_EDGE('',*,*,#3871,.T.);
#5699=ORIENTED_EDGE('',*,*,#4130,.T.);
#5700=ORIENTED_EDGE('',*,*,#4131,.T.);
#5701=ORIENTED_EDGE('',*,*,#4128,.T.);
#5702=ORIENTED_EDGE('',*,*,#4130,.F.);
#5703=ORIENTED_EDGE('',*,*,#3870,.F.);
#5704=ORIENTED_EDGE('',*,*,#4132,.F.);
#5705=ORIENTED_EDGE('',*,*,#4133,.T.);
#5706=ORIENTED_EDGE('',*,*,#3867,.T.);
#5707=ORIENTED_EDGE('',*,*,#4134,.T.);
#5708=ORIENTED_EDGE('',*,*,#4135,.T.);
#5709=ORIENTED_EDGE('',*,*,#4136,.T.);
#5710=ORIENTED_EDGE('',*,*,#4124,.F.);
#5711=ORIENTED_EDGE('',*,*,#4137,.T.);
#5712=ORIENTED_EDGE('',*,*,#4134,.F.);
#5713=ORIENTED_EDGE('',*,*,#3866,.F.);
#5714=ORIENTED_EDGE('',*,*,#3869,.T.);
#5715=ORIENTED_EDGE('',*,*,#4138,.T.);
#5716=ORIENTED_EDGE('',*,*,#4139,.T.);
#5717=ORIENTED_EDGE('',*,*,#4132,.T.);
#5718=ORIENTED_EDGE('',*,*,#4103,.F.);
#5719=ORIENTED_EDGE('',*,*,#4140,.T.);
#5720=ORIENTED_EDGE('',*,*,#4104,.F.);
#5721=ORIENTED_EDGE('',*,*,#3854,.F.);
#5722=ORIENTED_EDGE('',*,*,#4097,.F.);
#5723=ORIENTED_EDGE('',*,*,#3874,.F.);
#5724=ORIENTED_EDGE('',*,*,#4127,.F.);
#5725=ORIENTED_EDGE('',*,*,#4141,.T.);
#5726=ORIENTED_EDGE('',*,*,#4136,.F.);
#5727=ORIENTED_EDGE('',*,*,#4142,.T.);
#5728=ORIENTED_EDGE('',*,*,#4138,.F.);
#5729=ORIENTED_EDGE('',*,*,#3868,.F.);
#5730=ORIENTED_EDGE('',*,*,#4117,.F.);
#5731=ORIENTED_EDGE('',*,*,#4143,.T.);
#5732=ORIENTED_EDGE('',*,*,#4118,.F.);
#5733=ORIENTED_EDGE('',*,*,#3862,.F.);
#5734=ORIENTED_EDGE('',*,*,#4110,.F.);
#5735=ORIENTED_EDGE('',*,*,#4144,.T.);
#5736=ORIENTED_EDGE('',*,*,#4111,.F.);
#5737=ORIENTED_EDGE('',*,*,#3858,.F.);
#5738=ORIENTED_EDGE('',*,*,#4141,.F.);
#5739=ORIENTED_EDGE('',*,*,#4126,.F.);
#5740=ORIENTED_EDGE('',*,*,#4129,.F.);
#5741=ORIENTED_EDGE('',*,*,#4131,.F.);
#5742=ORIENTED_EDGE('',*,*,#4133,.F.);
#5743=ORIENTED_EDGE('',*,*,#4139,.F.);
#5744=ORIENTED_EDGE('',*,*,#4142,.F.);
#5745=ORIENTED_EDGE('',*,*,#4135,.F.);
#5746=ORIENTED_EDGE('',*,*,#4137,.F.);
#5747=ORIENTED_EDGE('',*,*,#4123,.F.);
#5748=ORIENTED_EDGE('',*,*,#4121,.F.);
#5749=ORIENTED_EDGE('',*,*,#4119,.F.);
#5750=ORIENTED_EDGE('',*,*,#4143,.F.);
#5751=ORIENTED_EDGE('',*,*,#4116,.F.);
#5752=ORIENTED_EDGE('',*,*,#4114,.F.);
#5753=ORIENTED_EDGE('',*,*,#4112,.F.);
#5754=ORIENTED_EDGE('',*,*,#4144,.F.);
#5755=ORIENTED_EDGE('',*,*,#4109,.F.);
#5756=ORIENTED_EDGE('',*,*,#4107,.F.);
#5757=ORIENTED_EDGE('',*,*,#4105,.F.);
#5758=ORIENTED_EDGE('',*,*,#4140,.F.);
#5759=ORIENTED_EDGE('',*,*,#4102,.F.);
#5760=ORIENTED_EDGE('',*,*,#4100,.F.);
#5761=ORIENTED_EDGE('',*,*,#4098,.F.);
#5762=ORIENTED_EDGE('',*,*,#4145,.F.);
#5763=ORIENTED_EDGE('',*,*,#3625,.F.);
#5764=ORIENTED_EDGE('',*,*,#4146,.T.);
#5765=ORIENTED_EDGE('',*,*,#4145,.T.);
#5766=ORIENTED_EDGE('',*,*,#4146,.F.);
#5767=ORIENTED_EDGE('',*,*,#3624,.T.);
#5768=ORIENTED_EDGE('',*,*,#4147,.T.);
#5769=ORIENTED_EDGE('',*,*,#4148,.T.);
#5770=ORIENTED_EDGE('',*,*,#4147,.F.);
#5771=ORIENTED_EDGE('',*,*,#4148,.F.);
#5772=ORIENTED_EDGE('',*,*,#4149,.F.);
#5773=ORIENTED_EDGE('',*,*,#4150,.F.);
#5774=ORIENTED_EDGE('',*,*,#4151,.F.);
#5775=ORIENTED_EDGE('',*,*,#4152,.F.);
#5776=ORIENTED_EDGE('',*,*,#4153,.F.);
#5777=ORIENTED_EDGE('',*,*,#4154,.F.);
#5778=ORIENTED_EDGE('',*,*,#4155,.F.);
#5779=ORIENTED_EDGE('',*,*,#4156,.F.);
#5780=ORIENTED_EDGE('',*,*,#4153,.T.);
#5781=ORIENTED_EDGE('',*,*,#4157,.T.);
#5782=ORIENTED_EDGE('',*,*,#4158,.T.);
#5783=ORIENTED_EDGE('',*,*,#4159,.T.);
#5784=ORIENTED_EDGE('',*,*,#4152,.T.);
#5785=ORIENTED_EDGE('',*,*,#4160,.F.);
#5786=ORIENTED_EDGE('',*,*,#4161,.T.);
#5787=ORIENTED_EDGE('',*,*,#4157,.F.);
#5788=ORIENTED_EDGE('',*,*,#4151,.T.);
#5789=ORIENTED_EDGE('',*,*,#4162,.T.);
#5790=ORIENTED_EDGE('',*,*,#4163,.T.);
#5791=ORIENTED_EDGE('',*,*,#4160,.T.);
#5792=ORIENTED_EDGE('',*,*,#4150,.T.);
#5793=ORIENTED_EDGE('',*,*,#4164,.F.);
#5794=ORIENTED_EDGE('',*,*,#4165,.T.);
#5795=ORIENTED_EDGE('',*,*,#4162,.F.);
#5796=ORIENTED_EDGE('',*,*,#3850,.T.);
#5797=ORIENTED_EDGE('',*,*,#4166,.T.);
#5798=ORIENTED_EDGE('',*,*,#4167,.T.);
#5799=ORIENTED_EDGE('',*,*,#4166,.F.);
#5800=ORIENTED_EDGE('',*,*,#4167,.F.);
#5801=ORIENTED_EDGE('',*,*,#4158,.F.);
#5802=ORIENTED_EDGE('',*,*,#4161,.F.);
#5803=ORIENTED_EDGE('',*,*,#4163,.F.);
#5804=ORIENTED_EDGE('',*,*,#4165,.F.);
#5805=ORIENTED_EDGE('',*,*,#4168,.F.);
#5806=ORIENTED_EDGE('',*,*,#4169,.F.);
#5807=ORIENTED_EDGE('',*,*,#4170,.F.);
#5808=ORIENTED_EDGE('',*,*,#4171,.F.);
#5809=ORIENTED_EDGE('',*,*,#4149,.T.);
#5810=ORIENTED_EDGE('',*,*,#4172,.T.);
#5811=ORIENTED_EDGE('',*,*,#4168,.T.);
#5812=ORIENTED_EDGE('',*,*,#4164,.T.);
#5813=ORIENTED_EDGE('',*,*,#4154,.T.);
#5814=ORIENTED_EDGE('',*,*,#4159,.F.);
#5815=ORIENTED_EDGE('',*,*,#4171,.T.);
#5816=ORIENTED_EDGE('',*,*,#4173,.F.);
#5817=ORIENTED_EDGE('',*,*,#4155,.T.);
#5818=ORIENTED_EDGE('',*,*,#4173,.T.);
#5819=ORIENTED_EDGE('',*,*,#4170,.T.);
#5820=ORIENTED_EDGE('',*,*,#4174,.T.);
#5821=ORIENTED_EDGE('',*,*,#4156,.T.);
#5822=ORIENTED_EDGE('',*,*,#4174,.F.);
#5823=ORIENTED_EDGE('',*,*,#4169,.T.);
#5824=ORIENTED_EDGE('',*,*,#4172,.F.);
#5825=ORIENTED_EDGE('',*,*,#3410,.F.);
#5826=ORIENTED_EDGE('',*,*,#4175,.F.);
#5827=ORIENTED_EDGE('',*,*,#3719,.F.);
#5828=ORIENTED_EDGE('',*,*,#4176,.T.);
#5829=ORIENTED_EDGE('',*,*,#3413,.F.);
#5830=ORIENTED_EDGE('',*,*,#4176,.F.);
#5831=ORIENTED_EDGE('',*,*,#3716,.F.);
#5832=ORIENTED_EDGE('',*,*,#4177,.T.);
#5833=ORIENTED_EDGE('',*,*,#4178,.F.);
#5834=ORIENTED_EDGE('',*,*,#4179,.F.);
#5835=ORIENTED_EDGE('',*,*,#4180,.F.);
#5836=ORIENTED_EDGE('',*,*,#4181,.F.);
#5837=ORIENTED_EDGE('',*,*,#4182,.F.);
#5838=ORIENTED_EDGE('',*,*,#4183,.F.);
#5839=ORIENTED_EDGE('',*,*,#4184,.F.);
#5840=ORIENTED_EDGE('',*,*,#4185,.F.);
#5841=ORIENTED_EDGE('',*,*,#4186,.F.);
#5842=ORIENTED_EDGE('',*,*,#4187,.F.);
#5843=ORIENTED_EDGE('',*,*,#4188,.F.);
#5844=ORIENTED_EDGE('',*,*,#4189,.F.);
#5845=ORIENTED_EDGE('',*,*,#4190,.F.);
#5846=ORIENTED_EDGE('',*,*,#4191,.T.);
#5847=ORIENTED_EDGE('',*,*,#4192,.F.);
#5848=ORIENTED_EDGE('',*,*,#4193,.F.);
#5849=ORIENTED_EDGE('',*,*,#4194,.F.);
#5850=ORIENTED_EDGE('',*,*,#4195,.F.);
#5851=ORIENTED_EDGE('',*,*,#4196,.F.);
#5852=ORIENTED_EDGE('',*,*,#4197,.F.);
#5853=ORIENTED_EDGE('',*,*,#4198,.F.);
#5854=ORIENTED_EDGE('',*,*,#4199,.F.);
#5855=ORIENTED_EDGE('',*,*,#4200,.F.);
#5856=ORIENTED_EDGE('',*,*,#4201,.F.);
#5857=ORIENTED_EDGE('',*,*,#4202,.F.);
#5858=ORIENTED_EDGE('',*,*,#4203,.F.);
#5859=ORIENTED_EDGE('',*,*,#4204,.F.);
#5860=ORIENTED_EDGE('',*,*,#4205,.T.);
#5861=ORIENTED_EDGE('',*,*,#3407,.F.);
#5862=ORIENTED_EDGE('',*,*,#3849,.F.);
#5863=ORIENTED_EDGE('',*,*,#3721,.F.);
#5864=ORIENTED_EDGE('',*,*,#4175,.T.);
#5865=ORIENTED_EDGE('',*,*,#3418,.F.);
#5866=ORIENTED_EDGE('',*,*,#4206,.F.);
#5867=ORIENTED_EDGE('',*,*,#4207,.F.);
#5868=ORIENTED_EDGE('',*,*,#4208,.F.);
#5869=ORIENTED_EDGE('',*,*,#4209,.F.);
#5870=ORIENTED_EDGE('',*,*,#4210,.F.);
#5871=ORIENTED_EDGE('',*,*,#4211,.F.);
#5872=ORIENTED_EDGE('',*,*,#4212,.F.);
#5873=ORIENTED_EDGE('',*,*,#4213,.F.);
#5874=ORIENTED_EDGE('',*,*,#4214,.F.);
#5875=ORIENTED_EDGE('',*,*,#4215,.F.);
#5876=ORIENTED_EDGE('',*,*,#4216,.F.);
#5877=ORIENTED_EDGE('',*,*,#4217,.F.);
#5878=ORIENTED_EDGE('',*,*,#4218,.F.);
#5879=ORIENTED_EDGE('',*,*,#4219,.F.);
#5880=ORIENTED_EDGE('',*,*,#4220,.F.);
#5881=ORIENTED_EDGE('',*,*,#4221,.F.);
#5882=ORIENTED_EDGE('',*,*,#4222,.F.);
#5883=ORIENTED_EDGE('',*,*,#4223,.F.);
#5884=ORIENTED_EDGE('',*,*,#4224,.F.);
#5885=ORIENTED_EDGE('',*,*,#4225,.F.);
#5886=ORIENTED_EDGE('',*,*,#4226,.F.);
#5887=ORIENTED_EDGE('',*,*,#4227,.F.);
#5888=ORIENTED_EDGE('',*,*,#4228,.F.);
#5889=ORIENTED_EDGE('',*,*,#4229,.F.);
#5890=ORIENTED_EDGE('',*,*,#4230,.F.);
#5891=ORIENTED_EDGE('',*,*,#4231,.F.);
#5892=ORIENTED_EDGE('',*,*,#4232,.F.);
#5893=ORIENTED_EDGE('',*,*,#4233,.F.);
#5894=ORIENTED_EDGE('',*,*,#4234,.F.);
#5895=ORIENTED_EDGE('',*,*,#3710,.F.);
#5896=ORIENTED_EDGE('',*,*,#3622,.T.);
#5897=ORIENTED_EDGE('',*,*,#3416,.F.);
#5898=ORIENTED_EDGE('',*,*,#4205,.F.);
#5899=ORIENTED_EDGE('',*,*,#4235,.T.);
#5900=ORIENTED_EDGE('',*,*,#4206,.T.);
#5901=ORIENTED_EDGE('',*,*,#3380,.F.);
#5902=ORIENTED_EDGE('',*,*,#3754,.F.);
#5903=ORIENTED_EDGE('',*,*,#4236,.T.);
#5904=ORIENTED_EDGE('',*,*,#3757,.T.);
#5905=ORIENTED_EDGE('',*,*,#3398,.F.);
#5906=ORIENTED_EDGE('',*,*,#3817,.F.);
#5907=ORIENTED_EDGE('',*,*,#4237,.T.);
#5908=ORIENTED_EDGE('',*,*,#3820,.T.);
#5909=ORIENTED_EDGE('',*,*,#3420,.T.);
#5910=ORIENTED_EDGE('',*,*,#3451,.F.);
#5911=ORIENTED_EDGE('',*,*,#3481,.T.);
#5912=ORIENTED_EDGE('',*,*,#4238,.F.);
#5913=ORIENTED_EDGE('',*,*,#4204,.T.);
#5914=ORIENTED_EDGE('',*,*,#4239,.F.);
#5915=ORIENTED_EDGE('',*,*,#4207,.T.);
#5916=ORIENTED_EDGE('',*,*,#4235,.F.);
#5917=ORIENTED_EDGE('',*,*,#3557,.T.);
#5918=ORIENTED_EDGE('',*,*,#3587,.F.);
#5919=ORIENTED_EDGE('',*,*,#3617,.T.);
#5920=ORIENTED_EDGE('',*,*,#4240,.F.);
#5921=ORIENTED_EDGE('',*,*,#3549,.T.);
#5922=ORIENTED_EDGE('',*,*,#4241,.F.);
#5923=ORIENTED_EDGE('',*,*,#3489,.T.);
#5924=ORIENTED_EDGE('',*,*,#3519,.F.);
#5925=ORIENTED_EDGE('',*,*,#3758,.T.);
#5926=ORIENTED_EDGE('',*,*,#4236,.F.);
#5927=ORIENTED_EDGE('',*,*,#3753,.T.);
#5928=ORIENTED_EDGE('',*,*,#4242,.F.);
#5929=ORIENTED_EDGE('',*,*,#3816,.T.);
#5930=ORIENTED_EDGE('',*,*,#4243,.F.);
#5931=ORIENTED_EDGE('',*,*,#3821,.T.);
#5932=ORIENTED_EDGE('',*,*,#4237,.F.);
#5933=ORIENTED_EDGE('',*,*,#3421,.T.);
#5934=ORIENTED_EDGE('',*,*,#4238,.T.);
#5935=ORIENTED_EDGE('',*,*,#3480,.T.);
#5936=ORIENTED_EDGE('',*,*,#4244,.T.);
#5937=ORIENTED_EDGE('',*,*,#4203,.T.);
#5938=ORIENTED_EDGE('',*,*,#4245,.T.);
#5939=ORIENTED_EDGE('',*,*,#4208,.T.);
#5940=ORIENTED_EDGE('',*,*,#4239,.T.);
#5941=ORIENTED_EDGE('',*,*,#3558,.T.);
#5942=ORIENTED_EDGE('',*,*,#4240,.T.);
#5943=ORIENTED_EDGE('',*,*,#3616,.T.);
#5944=ORIENTED_EDGE('',*,*,#4246,.T.);
#5945=ORIENTED_EDGE('',*,*,#3548,.T.);
#5946=ORIENTED_EDGE('',*,*,#4247,.T.);
#5947=ORIENTED_EDGE('',*,*,#3490,.T.);
#5948=ORIENTED_EDGE('',*,*,#4241,.T.);
#5949=ORIENTED_EDGE('',*,*,#3759,.T.);
#5950=ORIENTED_EDGE('',*,*,#4242,.T.);
#5951=ORIENTED_EDGE('',*,*,#3752,.T.);
#5952=ORIENTED_EDGE('',*,*,#4248,.T.);
#5953=ORIENTED_EDGE('',*,*,#3815,.T.);
#5954=ORIENTED_EDGE('',*,*,#4249,.T.);
#5955=ORIENTED_EDGE('',*,*,#3822,.T.);
#5956=ORIENTED_EDGE('',*,*,#4243,.T.);
#5957=ORIENTED_EDGE('',*,*,#3422,.T.);
#5958=ORIENTED_EDGE('',*,*,#4244,.F.);
#5959=ORIENTED_EDGE('',*,*,#3479,.T.);
#5960=ORIENTED_EDGE('',*,*,#4250,.F.);
#5961=ORIENTED_EDGE('',*,*,#4202,.T.);
#5962=ORIENTED_EDGE('',*,*,#4251,.F.);
#5963=ORIENTED_EDGE('',*,*,#4209,.T.);
#5964=ORIENTED_EDGE('',*,*,#4245,.F.);
#5965=ORIENTED_EDGE('',*,*,#3559,.T.);
#5966=ORIENTED_EDGE('',*,*,#4246,.F.);
#5967=ORIENTED_EDGE('',*,*,#3615,.T.);
#5968=ORIENTED_EDGE('',*,*,#4252,.F.);
#5969=ORIENTED_EDGE('',*,*,#3547,.T.);
#5970=ORIENTED_EDGE('',*,*,#4253,.F.);
#5971=ORIENTED_EDGE('',*,*,#3491,.T.);
#5972=ORIENTED_EDGE('',*,*,#4247,.F.);
#5973=ORIENTED_EDGE('',*,*,#3760,.T.);
#5974=ORIENTED_EDGE('',*,*,#4248,.F.);
#5975=ORIENTED_EDGE('',*,*,#3751,.T.);
#5976=ORIENTED_EDGE('',*,*,#4254,.F.);
#5977=ORIENTED_EDGE('',*,*,#3814,.T.);
#5978=ORIENTED_EDGE('',*,*,#4255,.F.);
#5979=ORIENTED_EDGE('',*,*,#3823,.T.);
#5980=ORIENTED_EDGE('',*,*,#4249,.F.);
#5981=ORIENTED_EDGE('',*,*,#3423,.T.);
#5982=ORIENTED_EDGE('',*,*,#4250,.T.);
#5983=ORIENTED_EDGE('',*,*,#3478,.T.);
#5984=ORIENTED_EDGE('',*,*,#4256,.T.);
#5985=ORIENTED_EDGE('',*,*,#4201,.T.);
#5986=ORIENTED_EDGE('',*,*,#4257,.T.);
#5987=ORIENTED_EDGE('',*,*,#4210,.T.);
#5988=ORIENTED_EDGE('',*,*,#4251,.T.);
#5989=ORIENTED_EDGE('',*,*,#3560,.T.);
#5990=ORIENTED_EDGE('',*,*,#4252,.T.);
#5991=ORIENTED_EDGE('',*,*,#3614,.T.);
#5992=ORIENTED_EDGE('',*,*,#4258,.T.);
#5993=ORIENTED_EDGE('',*,*,#3546,.T.);
#5994=ORIENTED_EDGE('',*,*,#4259,.T.);
#5995=ORIENTED_EDGE('',*,*,#3492,.T.);
#5996=ORIENTED_EDGE('',*,*,#4253,.T.);
#5997=ORIENTED_EDGE('',*,*,#3761,.T.);
#5998=ORIENTED_EDGE('',*,*,#4254,.T.);
#5999=ORIENTED_EDGE('',*,*,#3750,.T.);
#6000=ORIENTED_EDGE('',*,*,#4260,.T.);
#6001=ORIENTED_EDGE('',*,*,#3813,.T.);
#6002=ORIENTED_EDGE('',*,*,#4261,.T.);
#6003=ORIENTED_EDGE('',*,*,#3824,.T.);
#6004=ORIENTED_EDGE('',*,*,#4255,.T.);
#6005=ORIENTED_EDGE('',*,*,#3424,.T.);
#6006=ORIENTED_EDGE('',*,*,#4256,.F.);
#6007=ORIENTED_EDGE('',*,*,#3477,.T.);
#6008=ORIENTED_EDGE('',*,*,#4262,.F.);
#6009=ORIENTED_EDGE('',*,*,#4200,.T.);
#6010=ORIENTED_EDGE('',*,*,#4263,.F.);
#6011=ORIENTED_EDGE('',*,*,#4211,.T.);
#6012=ORIENTED_EDGE('',*,*,#4257,.F.);
#6013=ORIENTED_EDGE('',*,*,#3561,.T.);
#6014=ORIENTED_EDGE('',*,*,#4258,.F.);
#6015=ORIENTED_EDGE('',*,*,#3613,.T.);
#6016=ORIENTED_EDGE('',*,*,#4264,.F.);
#6017=ORIENTED_EDGE('',*,*,#3545,.T.);
#6018=ORIENTED_EDGE('',*,*,#4265,.F.);
#6019=ORIENTED_EDGE('',*,*,#3493,.T.);
#6020=ORIENTED_EDGE('',*,*,#4259,.F.);
#6021=ORIENTED_EDGE('',*,*,#3762,.T.);
#6022=ORIENTED_EDGE('',*,*,#4260,.F.);
#6023=ORIENTED_EDGE('',*,*,#3749,.T.);
#6024=ORIENTED_EDGE('',*,*,#4266,.F.);
#6025=ORIENTED_EDGE('',*,*,#3812,.T.);
#6026=ORIENTED_EDGE('',*,*,#4267,.F.);
#6027=ORIENTED_EDGE('',*,*,#3825,.T.);
#6028=ORIENTED_EDGE('',*,*,#4261,.F.);
#6029=ORIENTED_EDGE('',*,*,#3425,.T.);
#6030=ORIENTED_EDGE('',*,*,#4262,.T.);
#6031=ORIENTED_EDGE('',*,*,#3476,.T.);
#6032=ORIENTED_EDGE('',*,*,#4268,.T.);
#6033=ORIENTED_EDGE('',*,*,#4199,.T.);
#6034=ORIENTED_EDGE('',*,*,#4269,.T.);
#6035=ORIENTED_EDGE('',*,*,#4212,.T.);
#6036=ORIENTED_EDGE('',*,*,#4263,.T.);
#6037=ORIENTED_EDGE('',*,*,#3562,.T.);
#6038=ORIENTED_EDGE('',*,*,#4264,.T.);
#6039=ORIENTED_EDGE('',*,*,#3612,.T.);
#6040=ORIENTED_EDGE('',*,*,#4270,.T.);
#6041=ORIENTED_EDGE('',*,*,#3544,.T.);
#6042=ORIENTED_EDGE('',*,*,#4271,.T.);
#6043=ORIENTED_EDGE('',*,*,#3494,.T.);
#6044=ORIENTED_EDGE('',*,*,#4265,.T.);
#6045=ORIENTED_EDGE('',*,*,#3763,.T.);
#6046=ORIENTED_EDGE('',*,*,#4266,.T.);
#6047=ORIENTED_EDGE('',*,*,#3748,.T.);
#6048=ORIENTED_EDGE('',*,*,#4272,.T.);
#6049=ORIENTED_EDGE('',*,*,#3811,.T.);
#6050=ORIENTED_EDGE('',*,*,#4273,.T.);
#6051=ORIENTED_EDGE('',*,*,#3826,.T.);
#6052=ORIENTED_EDGE('',*,*,#4267,.T.);
#6053=ORIENTED_EDGE('',*,*,#3426,.T.);
#6054=ORIENTED_EDGE('',*,*,#4268,.F.);
#6055=ORIENTED_EDGE('',*,*,#3475,.T.);
#6056=ORIENTED_EDGE('',*,*,#4274,.F.);
#6057=ORIENTED_EDGE('',*,*,#4198,.T.);
#6058=ORIENTED_EDGE('',*,*,#4275,.F.);
#6059=ORIENTED_EDGE('',*,*,#4213,.T.);
#6060=ORIENTED_EDGE('',*,*,#4269,.F.);
#6061=ORIENTED_EDGE('',*,*,#3563,.T.);
#6062=ORIENTED_EDGE('',*,*,#4270,.F.);
#6063=ORIENTED_EDGE('',*,*,#3611,.T.);
#6064=ORIENTED_EDGE('',*,*,#4276,.F.);
#6065=ORIENTED_EDGE('',*,*,#3543,.T.);
#6066=ORIENTED_EDGE('',*,*,#4277,.F.);
#6067=ORIENTED_EDGE('',*,*,#3495,.T.);
#6068=ORIENTED_EDGE('',*,*,#4271,.F.);
#6069=ORIENTED_EDGE('',*,*,#3764,.T.);
#6070=ORIENTED_EDGE('',*,*,#4272,.F.);
#6071=ORIENTED_EDGE('',*,*,#3747,.T.);
#6072=ORIENTED_EDGE('',*,*,#4278,.F.);
#6073=ORIENTED_EDGE('',*,*,#3810,.T.);
#6074=ORIENTED_EDGE('',*,*,#4279,.F.);
#6075=ORIENTED_EDGE('',*,*,#3827,.T.);
#6076=ORIENTED_EDGE('',*,*,#4273,.F.);
#6077=ORIENTED_EDGE('',*,*,#3427,.T.);
#6078=ORIENTED_EDGE('',*,*,#4274,.T.);
#6079=ORIENTED_EDGE('',*,*,#3474,.T.);
#6080=ORIENTED_EDGE('',*,*,#4280,.T.);
#6081=ORIENTED_EDGE('',*,*,#4197,.T.);
#6082=ORIENTED_EDGE('',*,*,#4281,.T.);
#6083=ORIENTED_EDGE('',*,*,#4214,.T.);
#6084=ORIENTED_EDGE('',*,*,#4275,.T.);
#6085=ORIENTED_EDGE('',*,*,#3564,.T.);
#6086=ORIENTED_EDGE('',*,*,#4276,.T.);
#6087=ORIENTED_EDGE('',*,*,#3610,.T.);
#6088=ORIENTED_EDGE('',*,*,#4282,.T.);
#6089=ORIENTED_EDGE('',*,*,#3542,.T.);
#6090=ORIENTED_EDGE('',*,*,#4283,.T.);
#6091=ORIENTED_EDGE('',*,*,#3496,.T.);
#6092=ORIENTED_EDGE('',*,*,#4277,.T.);
#6093=ORIENTED_EDGE('',*,*,#3765,.T.);
#6094=ORIENTED_EDGE('',*,*,#4278,.T.);
#6095=ORIENTED_EDGE('',*,*,#3746,.T.);
#6096=ORIENTED_EDGE('',*,*,#4284,.T.);
#6097=ORIENTED_EDGE('',*,*,#3809,.T.);
#6098=ORIENTED_EDGE('',*,*,#4285,.T.);
#6099=ORIENTED_EDGE('',*,*,#3828,.T.);
#6100=ORIENTED_EDGE('',*,*,#4279,.T.);
#6101=ORIENTED_EDGE('',*,*,#3428,.T.);
#6102=ORIENTED_EDGE('',*,*,#4280,.F.);
#6103=ORIENTED_EDGE('',*,*,#3473,.T.);
#6104=ORIENTED_EDGE('',*,*,#4286,.F.);
#6105=ORIENTED_EDGE('',*,*,#4196,.T.);
#6106=ORIENTED_EDGE('',*,*,#4287,.F.);
#6107=ORIENTED_EDGE('',*,*,#4215,.T.);
#6108=ORIENTED_EDGE('',*,*,#4281,.F.);
#6109=ORIENTED_EDGE('',*,*,#3565,.T.);
#6110=ORIENTED_EDGE('',*,*,#4282,.F.);
#6111=ORIENTED_EDGE('',*,*,#3609,.T.);
#6112=ORIENTED_EDGE('',*,*,#4288,.F.);
#6113=ORIENTED_EDGE('',*,*,#3541,.T.);
#6114=ORIENTED_EDGE('',*,*,#4289,.F.);
#6115=ORIENTED_EDGE('',*,*,#3497,.T.);
#6116=ORIENTED_EDGE('',*,*,#4283,.F.);
#6117=ORIENTED_EDGE('',*,*,#3766,.T.);
#6118=ORIENTED_EDGE('',*,*,#4284,.F.);
#6119=ORIENTED_EDGE('',*,*,#3745,.T.);
#6120=ORIENTED_EDGE('',*,*,#4290,.F.);
#6121=ORIENTED_EDGE('',*,*,#3808,.T.);
#6122=ORIENTED_EDGE('',*,*,#4291,.F.);
#6123=ORIENTED_EDGE('',*,*,#3829,.T.);
#6124=ORIENTED_EDGE('',*,*,#4285,.F.);
#6125=ORIENTED_EDGE('',*,*,#3429,.T.);
#6126=ORIENTED_EDGE('',*,*,#4286,.T.);
#6127=ORIENTED_EDGE('',*,*,#3472,.T.);
#6128=ORIENTED_EDGE('',*,*,#4292,.T.);
#6129=ORIENTED_EDGE('',*,*,#4195,.T.);
#6130=ORIENTED_EDGE('',*,*,#4293,.T.);
#6131=ORIENTED_EDGE('',*,*,#4216,.T.);
#6132=ORIENTED_EDGE('',*,*,#4287,.T.);
#6133=ORIENTED_EDGE('',*,*,#3566,.T.);
#6134=ORIENTED_EDGE('',*,*,#4288,.T.);
#6135=ORIENTED_EDGE('',*,*,#3608,.T.);
#6136=ORIENTED_EDGE('',*,*,#4294,.T.);
#6137=ORIENTED_EDGE('',*,*,#3540,.T.);
#6138=ORIENTED_EDGE('',*,*,#4295,.T.);
#6139=ORIENTED_EDGE('',*,*,#3498,.T.);
#6140=ORIENTED_EDGE('',*,*,#4289,.T.);
#6141=ORIENTED_EDGE('',*,*,#3767,.T.);
#6142=ORIENTED_EDGE('',*,*,#4290,.T.);
#6143=ORIENTED_EDGE('',*,*,#3744,.T.);
#6144=ORIENTED_EDGE('',*,*,#4296,.T.);
#6145=ORIENTED_EDGE('',*,*,#3807,.T.);
#6146=ORIENTED_EDGE('',*,*,#4297,.T.);
#6147=ORIENTED_EDGE('',*,*,#3830,.T.);
#6148=ORIENTED_EDGE('',*,*,#4291,.T.);
#6149=ORIENTED_EDGE('',*,*,#3430,.T.);
#6150=ORIENTED_EDGE('',*,*,#4292,.F.);
#6151=ORIENTED_EDGE('',*,*,#3471,.T.);
#6152=ORIENTED_EDGE('',*,*,#4298,.F.);
#6153=ORIENTED_EDGE('',*,*,#4194,.T.);
#6154=ORIENTED_EDGE('',*,*,#4299,.F.);
#6155=ORIENTED_EDGE('',*,*,#4217,.T.);
#6156=ORIENTED_EDGE('',*,*,#4293,.F.);
#6157=ORIENTED_EDGE('',*,*,#3567,.T.);
#6158=ORIENTED_EDGE('',*,*,#4294,.F.);
#6159=ORIENTED_EDGE('',*,*,#3607,.T.);
#6160=ORIENTED_EDGE('',*,*,#4300,.F.);
#6161=ORIENTED_EDGE('',*,*,#3539,.T.);
#6162=ORIENTED_EDGE('',*,*,#4301,.F.);
#6163=ORIENTED_EDGE('',*,*,#3499,.T.);
#6164=ORIENTED_EDGE('',*,*,#4295,.F.);
#6165=ORIENTED_EDGE('',*,*,#3768,.T.);
#6166=ORIENTED_EDGE('',*,*,#4296,.F.);
#6167=ORIENTED_EDGE('',*,*,#3743,.T.);
#6168=ORIENTED_EDGE('',*,*,#4302,.F.);
#6169=ORIENTED_EDGE('',*,*,#3806,.T.);
#6170=ORIENTED_EDGE('',*,*,#4303,.F.);
#6171=ORIENTED_EDGE('',*,*,#3831,.T.);
#6172=ORIENTED_EDGE('',*,*,#4297,.F.);
#6173=ORIENTED_EDGE('',*,*,#3431,.T.);
#6174=ORIENTED_EDGE('',*,*,#4298,.T.);
#6175=ORIENTED_EDGE('',*,*,#3470,.T.);
#6176=ORIENTED_EDGE('',*,*,#4304,.T.);
#6177=ORIENTED_EDGE('',*,*,#4193,.T.);
#6178=ORIENTED_EDGE('',*,*,#4305,.T.);
#6179=ORIENTED_EDGE('',*,*,#4218,.T.);
#6180=ORIENTED_EDGE('',*,*,#4299,.T.);
#6181=ORIENTED_EDGE('',*,*,#3568,.T.);
#6182=ORIENTED_EDGE('',*,*,#4300,.T.);
#6183=ORIENTED_EDGE('',*,*,#3606,.T.);
#6184=ORIENTED_EDGE('',*,*,#4306,.T.);
#6185=ORIENTED_EDGE('',*,*,#3538,.T.);
#6186=ORIENTED_EDGE('',*,*,#4307,.T.);
#6187=ORIENTED_EDGE('',*,*,#3500,.T.);
#6188=ORIENTED_EDGE('',*,*,#4301,.T.);
#6189=ORIENTED_EDGE('',*,*,#3769,.T.);
#6190=ORIENTED_EDGE('',*,*,#4302,.T.);
#6191=ORIENTED_EDGE('',*,*,#3742,.T.);
#6192=ORIENTED_EDGE('',*,*,#4308,.T.);
#6193=ORIENTED_EDGE('',*,*,#3805,.T.);
#6194=ORIENTED_EDGE('',*,*,#4309,.T.);
#6195=ORIENTED_EDGE('',*,*,#3832,.T.);
#6196=ORIENTED_EDGE('',*,*,#4303,.T.);
#6197=ORIENTED_EDGE('',*,*,#3432,.T.);
#6198=ORIENTED_EDGE('',*,*,#4304,.F.);
#6199=ORIENTED_EDGE('',*,*,#3469,.T.);
#6200=ORIENTED_EDGE('',*,*,#4310,.T.);
#6201=ORIENTED_EDGE('',*,*,#4192,.T.);
#6202=ORIENTED_EDGE('',*,*,#4311,.T.);
#6203=ORIENTED_EDGE('',*,*,#4219,.T.);
#6204=ORIENTED_EDGE('',*,*,#4305,.F.);
#6205=ORIENTED_EDGE('',*,*,#3569,.T.);
#6206=ORIENTED_EDGE('',*,*,#4306,.F.);
#6207=ORIENTED_EDGE('',*,*,#3605,.T.);
#6208=ORIENTED_EDGE('',*,*,#4312,.T.);
#6209=ORIENTED_EDGE('',*,*,#3537,.T.);
#6210=ORIENTED_EDGE('',*,*,#4313,.T.);
#6211=ORIENTED_EDGE('',*,*,#3501,.T.);
#6212=ORIENTED_EDGE('',*,*,#4307,.F.);
#6213=ORIENTED_EDGE('',*,*,#3770,.T.);
#6214=ORIENTED_EDGE('',*,*,#4308,.F.);
#6215=ORIENTED_EDGE('',*,*,#3741,.T.);
#6216=ORIENTED_EDGE('',*,*,#4314,.T.);
#6217=ORIENTED_EDGE('',*,*,#3804,.T.);
#6218=ORIENTED_EDGE('',*,*,#4315,.T.);
#6219=ORIENTED_EDGE('',*,*,#3833,.T.);
#6220=ORIENTED_EDGE('',*,*,#4309,.F.);
#6221=ORIENTED_EDGE('',*,*,#3433,.T.);
#6222=ORIENTED_EDGE('',*,*,#4310,.F.);
#6223=ORIENTED_EDGE('',*,*,#3468,.F.);
#6224=ORIENTED_EDGE('',*,*,#4316,.T.);
#6225=ORIENTED_EDGE('',*,*,#4191,.F.);
#6226=ORIENTED_EDGE('',*,*,#4317,.T.);
#6227=ORIENTED_EDGE('',*,*,#4220,.T.);
#6228=ORIENTED_EDGE('',*,*,#4311,.F.);
#6229=ORIENTED_EDGE('',*,*,#3570,.T.);
#6230=ORIENTED_EDGE('',*,*,#4312,.F.);
#6231=ORIENTED_EDGE('',*,*,#3604,.F.);
#6232=ORIENTED_EDGE('',*,*,#4318,.T.);
#6233=ORIENTED_EDGE('',*,*,#3536,.F.);
#6234=ORIENTED_EDGE('',*,*,#4319,.T.);
#6235=ORIENTED_EDGE('',*,*,#3502,.T.);
#6236=ORIENTED_EDGE('',*,*,#4313,.F.);
#6237=ORIENTED_EDGE('',*,*,#3771,.T.);
#6238=ORIENTED_EDGE('',*,*,#4314,.F.);
#6239=ORIENTED_EDGE('',*,*,#3740,.F.);
#6240=ORIENTED_EDGE('',*,*,#4320,.T.);
#6241=ORIENTED_EDGE('',*,*,#3803,.F.);
#6242=ORIENTED_EDGE('',*,*,#4321,.T.);
#6243=ORIENTED_EDGE('',*,*,#3834,.T.);
#6244=ORIENTED_EDGE('',*,*,#4315,.F.);
#6245=ORIENTED_EDGE('',*,*,#3434,.T.);
#6246=ORIENTED_EDGE('',*,*,#4316,.F.);
#6247=ORIENTED_EDGE('',*,*,#3467,.T.);
#6248=ORIENTED_EDGE('',*,*,#4322,.F.);
#6249=ORIENTED_EDGE('',*,*,#4190,.T.);
#6250=ORIENTED_EDGE('',*,*,#4323,.F.);
#6251=ORIENTED_EDGE('',*,*,#4221,.T.);
#6252=ORIENTED_EDGE('',*,*,#4317,.F.);
#6253=ORIENTED_EDGE('',*,*,#3571,.T.);
#6254=ORIENTED_EDGE('',*,*,#4318,.F.);
#6255=ORIENTED_EDGE('',*,*,#3603,.T.);
#6256=ORIENTED_EDGE('',*,*,#4324,.F.);
#6257=ORIENTED_EDGE('',*,*,#3535,.T.);
#6258=ORIENTED_EDGE('',*,*,#4325,.F.);
#6259=ORIENTED_EDGE('',*,*,#3503,.T.);
#6260=ORIENTED_EDGE('',*,*,#4319,.F.);
#6261=ORIENTED_EDGE('',*,*,#3772,.T.);
#6262=ORIENTED_EDGE('',*,*,#4320,.F.);
#6263=ORIENTED_EDGE('',*,*,#3739,.T.);
#6264=ORIENTED_EDGE('',*,*,#4326,.F.);
#6265=ORIENTED_EDGE('',*,*,#3435,.T.);
#6266=ORIENTED_EDGE('',*,*,#4322,.T.);
#6267=ORIENTED_EDGE('',*,*,#3466,.T.);
#6268=ORIENTED_EDGE('',*,*,#4327,.T.);
#6269=ORIENTED_EDGE('',*,*,#4189,.T.);
#6270=ORIENTED_EDGE('',*,*,#4328,.T.);
#6271=ORIENTED_EDGE('',*,*,#4222,.T.);
#6272=ORIENTED_EDGE('',*,*,#4323,.T.);
#6273=ORIENTED_EDGE('',*,*,#3572,.T.);
#6274=ORIENTED_EDGE('',*,*,#4324,.T.);
#6275=ORIENTED_EDGE('',*,*,#3602,.T.);
#6276=ORIENTED_EDGE('',*,*,#4329,.T.);
#6277=ORIENTED_EDGE('',*,*,#3534,.T.);
#6278=ORIENTED_EDGE('',*,*,#4330,.T.);
#6279=ORIENTED_EDGE('',*,*,#3504,.T.);
#6280=ORIENTED_EDGE('',*,*,#4325,.T.);
#6281=ORIENTED_EDGE('',*,*,#3773,.T.);
#6282=ORIENTED_EDGE('',*,*,#4326,.T.);
#6283=ORIENTED_EDGE('',*,*,#3738,.T.);
#6284=ORIENTED_EDGE('',*,*,#4331,.T.);
#6285=ORIENTED_EDGE('',*,*,#3697,.F.);
#6286=ORIENTED_EDGE('',*,*,#3584,.T.);
#6287=ORIENTED_EDGE('',*,*,#4332,.F.);
#6288=ORIENTED_EDGE('',*,*,#3590,.F.);
#6289=ORIENTED_EDGE('',*,*,#3711,.F.);
#6290=ORIENTED_EDGE('',*,*,#4234,.T.);
#6291=ORIENTED_EDGE('',*,*,#4333,.F.);
#6292=ORIENTED_EDGE('',*,*,#4177,.F.);
#6293=ORIENTED_EDGE('',*,*,#3684,.F.);
#6294=ORIENTED_EDGE('',*,*,#3516,.T.);
#6295=ORIENTED_EDGE('',*,*,#4334,.F.);
#6296=ORIENTED_EDGE('',*,*,#3522,.F.);
#6297=ORIENTED_EDGE('',*,*,#3436,.T.);
#6298=ORIENTED_EDGE('',*,*,#4327,.F.);
#6299=ORIENTED_EDGE('',*,*,#3465,.T.);
#6300=ORIENTED_EDGE('',*,*,#4335,.F.);
#6301=ORIENTED_EDGE('',*,*,#4188,.T.);
#6302=ORIENTED_EDGE('',*,*,#4336,.F.);
#6303=ORIENTED_EDGE('',*,*,#4223,.T.);
#6304=ORIENTED_EDGE('',*,*,#4328,.F.);
#6305=ORIENTED_EDGE('',*,*,#3573,.T.);
#6306=ORIENTED_EDGE('',*,*,#4329,.F.);
#6307=ORIENTED_EDGE('',*,*,#3601,.T.);
#6308=ORIENTED_EDGE('',*,*,#4337,.F.);
#6309=ORIENTED_EDGE('',*,*,#3533,.T.);
#6310=ORIENTED_EDGE('',*,*,#4338,.F.);
#6311=ORIENTED_EDGE('',*,*,#3505,.T.);
#6312=ORIENTED_EDGE('',*,*,#4330,.F.);
#6313=ORIENTED_EDGE('',*,*,#3774,.T.);
#6314=ORIENTED_EDGE('',*,*,#4331,.F.);
#6315=ORIENTED_EDGE('',*,*,#3737,.T.);
#6316=ORIENTED_EDGE('',*,*,#4339,.F.);
#6317=ORIENTED_EDGE('',*,*,#3446,.T.);
#6318=ORIENTED_EDGE('',*,*,#4340,.F.);
#6319=ORIENTED_EDGE('',*,*,#3455,.T.);
#6320=ORIENTED_EDGE('',*,*,#3722,.T.);
#6321=ORIENTED_EDGE('',*,*,#4178,.T.);
#6322=ORIENTED_EDGE('',*,*,#4333,.T.);
#6323=ORIENTED_EDGE('',*,*,#4233,.T.);
#6324=ORIENTED_EDGE('',*,*,#4341,.F.);
#6325=ORIENTED_EDGE('',*,*,#3583,.T.);
#6326=ORIENTED_EDGE('',*,*,#4342,.F.);
#6327=ORIENTED_EDGE('',*,*,#3591,.T.);
#6328=ORIENTED_EDGE('',*,*,#4332,.T.);
#6329=ORIENTED_EDGE('',*,*,#3523,.T.);
#6330=ORIENTED_EDGE('',*,*,#4334,.T.);
#6331=ORIENTED_EDGE('',*,*,#3515,.T.);
#6332=ORIENTED_EDGE('',*,*,#4343,.F.);
#6333=ORIENTED_EDGE('',*,*,#3784,.T.);
#6334=ORIENTED_EDGE('',*,*,#4344,.F.);
#6335=ORIENTED_EDGE('',*,*,#3727,.T.);
#6336=ORIENTED_EDGE('',*,*,#3756,.T.);
#6337=ORIENTED_EDGE('',*,*,#3790,.T.);
#6338=ORIENTED_EDGE('',*,*,#3819,.T.);
#6339=ORIENTED_EDGE('',*,*,#3847,.T.);
#6340=ORIENTED_EDGE('',*,*,#4345,.F.);
#6341=ORIENTED_EDGE('',*,*,#3437,.T.);
#6342=ORIENTED_EDGE('',*,*,#4335,.T.);
#6343=ORIENTED_EDGE('',*,*,#3464,.T.);
#6344=ORIENTED_EDGE('',*,*,#4346,.T.);
#6345=ORIENTED_EDGE('',*,*,#4187,.T.);
#6346=ORIENTED_EDGE('',*,*,#4347,.T.);
#6347=ORIENTED_EDGE('',*,*,#4224,.T.);
#6348=ORIENTED_EDGE('',*,*,#4336,.T.);
#6349=ORIENTED_EDGE('',*,*,#3574,.T.);
#6350=ORIENTED_EDGE('',*,*,#4337,.T.);
#6351=ORIENTED_EDGE('',*,*,#3600,.T.);
#6352=ORIENTED_EDGE('',*,*,#4348,.T.);
#6353=ORIENTED_EDGE('',*,*,#3532,.T.);
#6354=ORIENTED_EDGE('',*,*,#4349,.T.);
#6355=ORIENTED_EDGE('',*,*,#3506,.T.);
#6356=ORIENTED_EDGE('',*,*,#4338,.T.);
#6357=ORIENTED_EDGE('',*,*,#3775,.T.);
#6358=ORIENTED_EDGE('',*,*,#4339,.T.);
#6359=ORIENTED_EDGE('',*,*,#3736,.T.);
#6360=ORIENTED_EDGE('',*,*,#4350,.T.);
#6361=ORIENTED_EDGE('',*,*,#3445,.T.);
#6362=ORIENTED_EDGE('',*,*,#4351,.T.);
#6363=ORIENTED_EDGE('',*,*,#3456,.T.);
#6364=ORIENTED_EDGE('',*,*,#4340,.T.);
#6365=ORIENTED_EDGE('',*,*,#4179,.T.);
#6366=ORIENTED_EDGE('',*,*,#4341,.T.);
#6367=ORIENTED_EDGE('',*,*,#4232,.T.);
#6368=ORIENTED_EDGE('',*,*,#4352,.T.);
#6369=ORIENTED_EDGE('',*,*,#3582,.T.);
#6370=ORIENTED_EDGE('',*,*,#4353,.T.);
#6371=ORIENTED_EDGE('',*,*,#3592,.T.);
#6372=ORIENTED_EDGE('',*,*,#4342,.T.);
#6373=ORIENTED_EDGE('',*,*,#3524,.T.);
#6374=ORIENTED_EDGE('',*,*,#4343,.T.);
#6375=ORIENTED_EDGE('',*,*,#3514,.T.);
#6376=ORIENTED_EDGE('',*,*,#4354,.T.);
#6377=ORIENTED_EDGE('',*,*,#3783,.T.);
#6378=ORIENTED_EDGE('',*,*,#4355,.T.);
#6379=ORIENTED_EDGE('',*,*,#3728,.T.);
#6380=ORIENTED_EDGE('',*,*,#4344,.T.);
#6381=ORIENTED_EDGE('',*,*,#3791,.T.);
#6382=ORIENTED_EDGE('',*,*,#4345,.T.);
#6383=ORIENTED_EDGE('',*,*,#3846,.T.);
#6384=ORIENTED_EDGE('',*,*,#4356,.T.);
#6385=ORIENTED_EDGE('',*,*,#3438,.T.);
#6386=ORIENTED_EDGE('',*,*,#4346,.F.);
#6387=ORIENTED_EDGE('',*,*,#3463,.T.);
#6388=ORIENTED_EDGE('',*,*,#4357,.F.);
#6389=ORIENTED_EDGE('',*,*,#4186,.T.);
#6390=ORIENTED_EDGE('',*,*,#4358,.F.);
#6391=ORIENTED_EDGE('',*,*,#4225,.T.);
#6392=ORIENTED_EDGE('',*,*,#4347,.F.);
#6393=ORIENTED_EDGE('',*,*,#3575,.T.);
#6394=ORIENTED_EDGE('',*,*,#4348,.F.);
#6395=ORIENTED_EDGE('',*,*,#3599,.T.);
#6396=ORIENTED_EDGE('',*,*,#4359,.F.);
#6397=ORIENTED_EDGE('',*,*,#3531,.T.);
#6398=ORIENTED_EDGE('',*,*,#4360,.F.);
#6399=ORIENTED_EDGE('',*,*,#3507,.T.);
#6400=ORIENTED_EDGE('',*,*,#4349,.F.);
#6401=ORIENTED_EDGE('',*,*,#3776,.T.);
#6402=ORIENTED_EDGE('',*,*,#4350,.F.);
#6403=ORIENTED_EDGE('',*,*,#3735,.T.);
#6404=ORIENTED_EDGE('',*,*,#4361,.F.);
#6405=ORIENTED_EDGE('',*,*,#3444,.T.);
#6406=ORIENTED_EDGE('',*,*,#4362,.F.);
#6407=ORIENTED_EDGE('',*,*,#3457,.T.);
#6408=ORIENTED_EDGE('',*,*,#4351,.F.);
#6409=ORIENTED_EDGE('',*,*,#4180,.T.);
#6410=ORIENTED_EDGE('',*,*,#4352,.F.);
#6411=ORIENTED_EDGE('',*,*,#4231,.T.);
#6412=ORIENTED_EDGE('',*,*,#4363,.F.);
#6413=ORIENTED_EDGE('',*,*,#3581,.T.);
#6414=ORIENTED_EDGE('',*,*,#4364,.F.);
#6415=ORIENTED_EDGE('',*,*,#3593,.T.);
#6416=ORIENTED_EDGE('',*,*,#4353,.F.);
#6417=ORIENTED_EDGE('',*,*,#3525,.T.);
#6418=ORIENTED_EDGE('',*,*,#4354,.F.);
#6419=ORIENTED_EDGE('',*,*,#3513,.T.);
#6420=ORIENTED_EDGE('',*,*,#4365,.F.);
#6421=ORIENTED_EDGE('',*,*,#3782,.T.);
#6422=ORIENTED_EDGE('',*,*,#4366,.F.);
#6423=ORIENTED_EDGE('',*,*,#3729,.T.);
#6424=ORIENTED_EDGE('',*,*,#4355,.F.);
#6425=ORIENTED_EDGE('',*,*,#3792,.T.);
#6426=ORIENTED_EDGE('',*,*,#4356,.F.);
#6427=ORIENTED_EDGE('',*,*,#3845,.T.);
#6428=ORIENTED_EDGE('',*,*,#4367,.F.);
#6429=ORIENTED_EDGE('',*,*,#3439,.T.);
#6430=ORIENTED_EDGE('',*,*,#4357,.T.);
#6431=ORIENTED_EDGE('',*,*,#3462,.T.);
#6432=ORIENTED_EDGE('',*,*,#4368,.T.);
#6433=ORIENTED_EDGE('',*,*,#4185,.T.);
#6434=ORIENTED_EDGE('',*,*,#4369,.T.);
#6435=ORIENTED_EDGE('',*,*,#4226,.T.);
#6436=ORIENTED_EDGE('',*,*,#4358,.T.);
#6437=ORIENTED_EDGE('',*,*,#3576,.T.);
#6438=ORIENTED_EDGE('',*,*,#4359,.T.);
#6439=ORIENTED_EDGE('',*,*,#3598,.T.);
#6440=ORIENTED_EDGE('',*,*,#4370,.T.);
#6441=ORIENTED_EDGE('',*,*,#3530,.T.);
#6442=ORIENTED_EDGE('',*,*,#4371,.T.);
#6443=ORIENTED_EDGE('',*,*,#3508,.T.);
#6444=ORIENTED_EDGE('',*,*,#4360,.T.);
#6445=ORIENTED_EDGE('',*,*,#3777,.T.);
#6446=ORIENTED_EDGE('',*,*,#4361,.T.);
#6447=ORIENTED_EDGE('',*,*,#3734,.T.);
#6448=ORIENTED_EDGE('',*,*,#4372,.T.);
#6449=ORIENTED_EDGE('',*,*,#3797,.T.);
#6450=ORIENTED_EDGE('',*,*,#4373,.T.);
#6451=ORIENTED_EDGE('',*,*,#3840,.T.);
#6452=ORIENTED_EDGE('',*,*,#4374,.T.);
#6453=ORIENTED_EDGE('',*,*,#3443,.T.);
#6454=ORIENTED_EDGE('',*,*,#4375,.T.);
#6455=ORIENTED_EDGE('',*,*,#3458,.T.);
#6456=ORIENTED_EDGE('',*,*,#4362,.T.);
#6457=ORIENTED_EDGE('',*,*,#4181,.T.);
#6458=ORIENTED_EDGE('',*,*,#4363,.T.);
#6459=ORIENTED_EDGE('',*,*,#4230,.T.);
#6460=ORIENTED_EDGE('',*,*,#4376,.T.);
#6461=ORIENTED_EDGE('',*,*,#3580,.T.);
#6462=ORIENTED_EDGE('',*,*,#4377,.T.);
#6463=ORIENTED_EDGE('',*,*,#3594,.T.);
#6464=ORIENTED_EDGE('',*,*,#4364,.T.);
#6465=ORIENTED_EDGE('',*,*,#3526,.T.);
#6466=ORIENTED_EDGE('',*,*,#4365,.T.);
#6467=ORIENTED_EDGE('',*,*,#3512,.T.);
#6468=ORIENTED_EDGE('',*,*,#4378,.T.);
#6469=ORIENTED_EDGE('',*,*,#3781,.T.);
#6470=ORIENTED_EDGE('',*,*,#4379,.T.);
#6471=ORIENTED_EDGE('',*,*,#3730,.T.);
#6472=ORIENTED_EDGE('',*,*,#4366,.T.);
#6473=ORIENTED_EDGE('',*,*,#3793,.T.);
#6474=ORIENTED_EDGE('',*,*,#4367,.T.);
#6475=ORIENTED_EDGE('',*,*,#3844,.T.);
#6476=ORIENTED_EDGE('',*,*,#4380,.T.);
#6477=ORIENTED_EDGE('',*,*,#3440,.T.);
#6478=ORIENTED_EDGE('',*,*,#4368,.F.);
#6479=ORIENTED_EDGE('',*,*,#3461,.T.);
#6480=ORIENTED_EDGE('',*,*,#4381,.F.);
#6481=ORIENTED_EDGE('',*,*,#4184,.T.);
#6482=ORIENTED_EDGE('',*,*,#4382,.F.);
#6483=ORIENTED_EDGE('',*,*,#4227,.T.);
#6484=ORIENTED_EDGE('',*,*,#4369,.F.);
#6485=ORIENTED_EDGE('',*,*,#3577,.T.);
#6486=ORIENTED_EDGE('',*,*,#4370,.F.);
#6487=ORIENTED_EDGE('',*,*,#3597,.T.);
#6488=ORIENTED_EDGE('',*,*,#4383,.F.);
#6489=ORIENTED_EDGE('',*,*,#3529,.T.);
#6490=ORIENTED_EDGE('',*,*,#4384,.F.);
#6491=ORIENTED_EDGE('',*,*,#3509,.T.);
#6492=ORIENTED_EDGE('',*,*,#4371,.F.);
#6493=ORIENTED_EDGE('',*,*,#3778,.T.);
#6494=ORIENTED_EDGE('',*,*,#4372,.F.);
#6495=ORIENTED_EDGE('',*,*,#3733,.T.);
#6496=ORIENTED_EDGE('',*,*,#4385,.F.);
#6497=ORIENTED_EDGE('',*,*,#3796,.T.);
#6498=ORIENTED_EDGE('',*,*,#4386,.F.);
#6499=ORIENTED_EDGE('',*,*,#3841,.T.);
#6500=ORIENTED_EDGE('',*,*,#4373,.F.);
#6501=ORIENTED_EDGE('',*,*,#3442,.T.);
#6502=ORIENTED_EDGE('',*,*,#4387,.F.);
#6503=ORIENTED_EDGE('',*,*,#3459,.T.);
#6504=ORIENTED_EDGE('',*,*,#4375,.F.);
#6505=ORIENTED_EDGE('',*,*,#4182,.T.);
#6506=ORIENTED_EDGE('',*,*,#4376,.F.);
#6507=ORIENTED_EDGE('',*,*,#4229,.T.);
#6508=ORIENTED_EDGE('',*,*,#4388,.F.);
#6509=ORIENTED_EDGE('',*,*,#3579,.T.);
#6510=ORIENTED_EDGE('',*,*,#4389,.F.);
#6511=ORIENTED_EDGE('',*,*,#3595,.T.);
#6512=ORIENTED_EDGE('',*,*,#4377,.F.);
#6513=ORIENTED_EDGE('',*,*,#3527,.T.);
#6514=ORIENTED_EDGE('',*,*,#4378,.F.);
#6515=ORIENTED_EDGE('',*,*,#3511,.T.);
#6516=ORIENTED_EDGE('',*,*,#4390,.F.);
#6517=ORIENTED_EDGE('',*,*,#3780,.T.);
#6518=ORIENTED_EDGE('',*,*,#4391,.F.);
#6519=ORIENTED_EDGE('',*,*,#3731,.T.);
#6520=ORIENTED_EDGE('',*,*,#4379,.F.);
#6521=ORIENTED_EDGE('',*,*,#3794,.T.);
#6522=ORIENTED_EDGE('',*,*,#4380,.F.);
#6523=ORIENTED_EDGE('',*,*,#3843,.T.);
#6524=ORIENTED_EDGE('',*,*,#4392,.F.);
#6525=ORIENTED_EDGE('',*,*,#3441,.T.);
#6526=ORIENTED_EDGE('',*,*,#4381,.T.);
#6527=ORIENTED_EDGE('',*,*,#3460,.T.);
#6528=ORIENTED_EDGE('',*,*,#4387,.T.);
#6529=ORIENTED_EDGE('',*,*,#4183,.T.);
#6530=ORIENTED_EDGE('',*,*,#4388,.T.);
#6531=ORIENTED_EDGE('',*,*,#4228,.T.);
#6532=ORIENTED_EDGE('',*,*,#4382,.T.);
#6533=ORIENTED_EDGE('',*,*,#3578,.T.);
#6534=ORIENTED_EDGE('',*,*,#4383,.T.);
#6535=ORIENTED_EDGE('',*,*,#3596,.T.);
#6536=ORIENTED_EDGE('',*,*,#4389,.T.);
#6537=ORIENTED_EDGE('',*,*,#3528,.T.);
#6538=ORIENTED_EDGE('',*,*,#4390,.T.);
#6539=ORIENTED_EDGE('',*,*,#3510,.T.);
#6540=ORIENTED_EDGE('',*,*,#4384,.T.);
#6541=ORIENTED_EDGE('',*,*,#3779,.T.);
#6542=ORIENTED_EDGE('',*,*,#4385,.T.);
#6543=ORIENTED_EDGE('',*,*,#3732,.T.);
#6544=ORIENTED_EDGE('',*,*,#4391,.T.);
#6545=ORIENTED_EDGE('',*,*,#3795,.T.);
#6546=ORIENTED_EDGE('',*,*,#4392,.T.);
#6547=ORIENTED_EDGE('',*,*,#3842,.T.);
#6548=ORIENTED_EDGE('',*,*,#4386,.T.);
#6549=ORIENTED_EDGE('',*,*,#3798,.T.);
#6550=ORIENTED_EDGE('',*,*,#4374,.F.);
#6551=ORIENTED_EDGE('',*,*,#3839,.T.);
#6552=ORIENTED_EDGE('',*,*,#4393,.F.);
#6553=ORIENTED_EDGE('',*,*,#3799,.T.);
#6554=ORIENTED_EDGE('',*,*,#4393,.T.);
#6555=ORIENTED_EDGE('',*,*,#3838,.T.);
#6556=ORIENTED_EDGE('',*,*,#4394,.T.);
#6557=ORIENTED_EDGE('',*,*,#3800,.T.);
#6558=ORIENTED_EDGE('',*,*,#4394,.F.);
#6559=ORIENTED_EDGE('',*,*,#3837,.T.);
#6560=ORIENTED_EDGE('',*,*,#4395,.F.);
#6561=ORIENTED_EDGE('',*,*,#3801,.T.);
#6562=ORIENTED_EDGE('',*,*,#4395,.T.);
#6563=ORIENTED_EDGE('',*,*,#3836,.T.);
#6564=ORIENTED_EDGE('',*,*,#4396,.T.);
#6565=ORIENTED_EDGE('',*,*,#3802,.T.);
#6566=ORIENTED_EDGE('',*,*,#4396,.F.);
#6567=ORIENTED_EDGE('',*,*,#3835,.T.);
#6568=ORIENTED_EDGE('',*,*,#4321,.F.);
#6569=CONICAL_SURFACE('',#7059,0.0906250000000001,0.785398163397451);
#6570=CONICAL_SURFACE('',#7062,0.834375,0.78539816339745);
#6571=CONICAL_SURFACE('',#7065,0.090625,0.785398163397451);
#6572=CONICAL_SURFACE('',#7068,0.059375,0.78539816339745);
#6573=CONICAL_SURFACE('',#7071,1.134375,0.785398163397444);
#6574=CONICAL_SURFACE('',#7074,0.0593750000000001,0.785398163397449);
#6575=CONICAL_SURFACE('',#7077,0.0906250000000001,0.78539816339745);
#6576=CONICAL_SURFACE('',#7080,0.834375,0.785398163397451);
#6577=CONICAL_SURFACE('',#7083,0.090625,0.78539816339745);
#6578=CONICAL_SURFACE('',#7086,0.0593750000000001,0.785398163397449);
#6579=CONICAL_SURFACE('',#7089,1.134375,0.785398163397439);
#6580=CONICAL_SURFACE('',#7092,0.0593750000000001,0.785398163397449);
#6581=CONICAL_SURFACE('',#7095,0.0906250000000001,0.78539816339745);
#6582=CONICAL_SURFACE('',#7098,0.834375,0.785398163397448);
#6583=CONICAL_SURFACE('',#7101,0.090625,0.785398163397451);
#6584=CONICAL_SURFACE('',#7104,0.0593750000000001,0.785398163397449);
#6585=CONICAL_SURFACE('',#7107,1.134375,0.785398163397441);
#6586=CONICAL_SURFACE('',#7110,0.0593750000000001,0.78539816339745);
#6587=CONICAL_SURFACE('',#7113,0.0906250000000001,0.78539816339745);
#6588=CONICAL_SURFACE('',#7116,0.834375,0.785398163397448);
#6589=CONICAL_SURFACE('',#7119,0.090625,0.78539816339745);
#6590=CONICAL_SURFACE('',#7122,0.059375,0.78539816339745);
#6591=CONICAL_SURFACE('',#7125,1.134375,0.785398163397444);
#6592=CONICAL_SURFACE('',#7128,0.0593750000000001,0.78539816339745);
#6593=CONICAL_SURFACE('',#7131,0.090625,0.785398163397449);
#6594=CONICAL_SURFACE('',#7134,0.834374999999999,0.785398163397452);
#6595=CONICAL_SURFACE('',#7137,0.090625,0.785398163397451);
#6596=CONICAL_SURFACE('',#7140,0.059375,0.785398163397451);
#6597=CONICAL_SURFACE('',#7143,1.134375,0.785398163397439);
#6598=CONICAL_SURFACE('',#7146,0.0593750000000001,0.785398163397449);
#6599=CONICAL_SURFACE('',#7149,0.0906250000000001,0.78539816339745);
#6600=CONICAL_SURFACE('',#7152,0.834375,0.785398163397451);
#6601=CONICAL_SURFACE('',#7155,0.090625,0.785398163397451);
#6602=CONICAL_SURFACE('',#7158,0.059375,0.78539816339745);
#6603=CONICAL_SURFACE('',#7161,1.134375,0.785398163397441);
#6604=CONICAL_SURFACE('',#7164,0.0593750000000001,0.785398163397449);
#6605=CONICAL_SURFACE('',#7257,0.0906250000000001,0.785398163397449);
#6606=CONICAL_SURFACE('',#7260,0.0593750000000001,0.785398163397448);
#6607=CONICAL_SURFACE('',#7263,1.134375,0.785398163397447);
#6608=CONICAL_SURFACE('',#7266,0.059375,0.785398163397448);
#6609=CONICAL_SURFACE('',#7269,0.090625,0.78539816339745);
#6610=CONICAL_SURFACE('',#7272,0.834374999999999,0.78539816339745);
#6611=CONICAL_SURFACE('',#7275,0.090625,0.785398163397447);
#6612=CONICAL_SURFACE('',#7278,0.0593750000000001,0.785398163397449);
#6613=CONICAL_SURFACE('',#7281,1.134375,0.78539816339745);
#6614=CONICAL_SURFACE('',#7284,0.059375,0.785398163397449);
#6615=CONICAL_SURFACE('',#7287,0.090625,0.785398163397448);
#6616=CONICAL_SURFACE('',#7290,0.834375,0.785398163397447);
#6617=CONICAL_SURFACE('',#7293,0.0906250000000001,0.785398163397448);
#6618=CONICAL_SURFACE('',#7296,0.0593750000000001,0.785398163397448);
#6619=CONICAL_SURFACE('',#7298,1.134375,0.78539816339745);
#6620=CONICAL_SURFACE('',#7301,0.059375,0.785398163397448);
#6621=CONICAL_SURFACE('',#7303,0.090625,0.785398163397449);
#6622=CONICAL_SURFACE('',#7305,0.834375,0.785398163397446);
#6623=CONICAL_SURFACE('',#7307,0.0906250000000001,0.785398163397449);
#6624=CONICAL_SURFACE('',#7309,0.0593750000000001,0.785398163397447);
#6625=CONICAL_SURFACE('',#7311,1.134375,0.785398163397447);
#6626=CONICAL_SURFACE('',#7314,0.0593750000000001,0.785398163397449);
#6627=CONICAL_SURFACE('',#7316,0.090625,0.785398163397448);
#6628=CONICAL_SURFACE('',#7318,0.834375,0.785398163397449);
#6629=CONICAL_SURFACE('',#7320,0.0906250000000001,0.785398163397448);
#6630=CONICAL_SURFACE('',#7322,0.0593750000000001,0.785398163397447);
#6631=CONICAL_SURFACE('',#7324,1.134375,0.78539816339745);
#6632=CONICAL_SURFACE('',#7327,0.0593750000000001,0.785398163397448);
#6633=CONICAL_SURFACE('',#7329,0.090625,0.785398163397449);
#6634=CONICAL_SURFACE('',#7331,0.834375,0.785398163397449);
#6635=CONICAL_SURFACE('',#7333,0.0906250000000001,0.78539816339745);
#6636=CONICAL_SURFACE('',#7335,0.0593750000000001,0.785398163397447);
#6637=CONICAL_SURFACE('',#7338,1.134375,0.78539816339745);
#6638=CONICAL_SURFACE('',#7341,0.0593750000000001,0.785398163397447);
#6639=CONICAL_SURFACE('',#7344,0.090625,0.785398163397449);
#6640=CONICAL_SURFACE('',#7347,0.834375,0.785398163397449);
#6641=CONICAL_SURFACE('',#7653,0.225,0.785398163397448);
#6642=CONICAL_SURFACE('',#7666,0.225,0.785398163397448);
#6643=ADVANCED_FACE('',(#495),#6569,.F.);
#6644=ADVANCED_FACE('',(#496),#6570,.T.);
#6645=ADVANCED_FACE('',(#497),#6571,.F.);
#6646=ADVANCED_FACE('',(#498),#6572,.T.);
#6647=ADVANCED_FACE('',(#499),#6573,.T.);
#6648=ADVANCED_FACE('',(#500),#6574,.T.);
#6649=ADVANCED_FACE('',(#501),#6575,.F.);
#6650=ADVANCED_FACE('',(#502),#6576,.T.);
#6651=ADVANCED_FACE('',(#503),#6577,.F.);
#6652=ADVANCED_FACE('',(#504),#6578,.T.);
#6653=ADVANCED_FACE('',(#505),#6579,.T.);
#6654=ADVANCED_FACE('',(#506),#6580,.T.);
#6655=ADVANCED_FACE('',(#507),#6581,.F.);
#6656=ADVANCED_FACE('',(#508),#6582,.T.);
#6657=ADVANCED_FACE('',(#509),#6583,.F.);
#6658=ADVANCED_FACE('',(#510),#6584,.T.);
#6659=ADVANCED_FACE('',(#511),#6585,.T.);
#6660=ADVANCED_FACE('',(#512),#6586,.T.);
#6661=ADVANCED_FACE('',(#513),#6587,.F.);
#6662=ADVANCED_FACE('',(#514),#6588,.T.);
#6663=ADVANCED_FACE('',(#515),#6589,.F.);
#6664=ADVANCED_FACE('',(#516),#6590,.T.);
#6665=ADVANCED_FACE('',(#517),#6591,.T.);
#6666=ADVANCED_FACE('',(#518),#6592,.T.);
#6667=ADVANCED_FACE('',(#519),#6593,.F.);
#6668=ADVANCED_FACE('',(#520),#6594,.T.);
#6669=ADVANCED_FACE('',(#521),#6595,.F.);
#6670=ADVANCED_FACE('',(#522),#6596,.T.);
#6671=ADVANCED_FACE('',(#523),#6597,.T.);
#6672=ADVANCED_FACE('',(#524),#6598,.T.);
#6673=ADVANCED_FACE('',(#525),#6599,.F.);
#6674=ADVANCED_FACE('',(#526),#6600,.T.);
#6675=ADVANCED_FACE('',(#527),#6601,.F.);
#6676=ADVANCED_FACE('',(#528),#6602,.T.);
#6677=ADVANCED_FACE('',(#529),#6603,.T.);
#6678=ADVANCED_FACE('',(#530),#6604,.T.);
#6679=ADVANCED_FACE('',(#531),#331,.T.);
#6680=ADVANCED_FACE('',(#532),#332,.T.);
#6681=ADVANCED_FACE('',(#533),#333,.T.);
#6682=ADVANCED_FACE('',(#534),#334,.F.);
#6683=ADVANCED_FACE('',(#535),#335,.T.);
#6684=ADVANCED_FACE('',(#536),#336,.F.);
#6685=ADVANCED_FACE('',(#537),#337,.T.);
#6686=ADVANCED_FACE('',(#538),#338,.T.);
#6687=ADVANCED_FACE('',(#539),#339,.T.);
#6688=ADVANCED_FACE('',(#540),#340,.F.);
#6689=ADVANCED_FACE('',(#541),#341,.T.);
#6690=ADVANCED_FACE('',(#542),#342,.F.);
#6691=ADVANCED_FACE('',(#543),#343,.T.);
#6692=ADVANCED_FACE('',(#544),#344,.T.);
#6693=ADVANCED_FACE('',(#545),#345,.T.);
#6694=ADVANCED_FACE('',(#546),#346,.F.);
#6695=ADVANCED_FACE('',(#547),#347,.T.);
#6696=ADVANCED_FACE('',(#548),#348,.F.);
#6697=ADVANCED_FACE('',(#549,#87,#88,#89,#90,#91),#103,.T.);
#6698=ADVANCED_FACE('',(#550),#6605,.F.);
#6699=ADVANCED_FACE('',(#551),#6606,.T.);
#6700=ADVANCED_FACE('',(#552),#6607,.T.);
#6701=ADVANCED_FACE('',(#553),#6608,.T.);
#6702=ADVANCED_FACE('',(#554),#6609,.F.);
#6703=ADVANCED_FACE('',(#555),#6610,.T.);
#6704=ADVANCED_FACE('',(#556),#6611,.F.);
#6705=ADVANCED_FACE('',(#557),#6612,.T.);
#6706=ADVANCED_FACE('',(#558),#6613,.T.);
#6707=ADVANCED_FACE('',(#559),#6614,.T.);
#6708=ADVANCED_FACE('',(#560),#6615,.F.);
#6709=ADVANCED_FACE('',(#561),#6616,.T.);
#6710=ADVANCED_FACE('',(#562),#6617,.F.);
#6711=ADVANCED_FACE('',(#563),#6618,.T.);
#6712=ADVANCED_FACE('',(#564),#6619,.T.);
#6713=ADVANCED_FACE('',(#565),#6620,.T.);
#6714=ADVANCED_FACE('',(#566),#6621,.F.);
#6715=ADVANCED_FACE('',(#567),#6622,.T.);
#6716=ADVANCED_FACE('',(#568),#6623,.F.);
#6717=ADVANCED_FACE('',(#569),#6624,.T.);
#6718=ADVANCED_FACE('',(#570),#6625,.T.);
#6719=ADVANCED_FACE('',(#571),#6626,.T.);
#6720=ADVANCED_FACE('',(#572),#6627,.F.);
#6721=ADVANCED_FACE('',(#573),#6628,.T.);
#6722=ADVANCED_FACE('',(#574),#6629,.F.);
#6723=ADVANCED_FACE('',(#575),#6630,.T.);
#6724=ADVANCED_FACE('',(#576),#6631,.T.);
#6725=ADVANCED_FACE('',(#577),#6632,.T.);
#6726=ADVANCED_FACE('',(#578),#6633,.F.);
#6727=ADVANCED_FACE('',(#579),#6634,.T.);
#6728=ADVANCED_FACE('',(#580),#6635,.F.);
#6729=ADVANCED_FACE('',(#581),#6636,.T.);
#6730=ADVANCED_FACE('',(#582),#6637,.T.);
#6731=ADVANCED_FACE('',(#583),#6638,.T.);
#6732=ADVANCED_FACE('',(#584),#6639,.F.);
#6733=ADVANCED_FACE('',(#585),#6640,.T.);
#6734=ADVANCED_FACE('',(#586),#349,.T.);
#6735=ADVANCED_FACE('',(#587),#350,.F.);
#6736=ADVANCED_FACE('',(#588),#351,.T.);
#6737=ADVANCED_FACE('',(#589),#352,.F.);
#6738=ADVANCED_FACE('',(#590),#353,.T.);
#6739=ADVANCED_FACE('',(#591),#354,.T.);
#6740=ADVANCED_FACE('',(#592),#355,.T.);
#6741=ADVANCED_FACE('',(#593),#356,.F.);
#6742=ADVANCED_FACE('',(#594),#357,.T.);
#6743=ADVANCED_FACE('',(#595),#358,.F.);
#6744=ADVANCED_FACE('',(#596),#359,.T.);
#6745=ADVANCED_FACE('',(#597),#360,.T.);
#6746=ADVANCED_FACE('',(#598),#361,.T.);
#6747=ADVANCED_FACE('',(#599),#362,.F.);
#6748=ADVANCED_FACE('',(#600,#92,#93,#94,#95,#96),#104,.T.);
#6749=ADVANCED_FACE('',(#601),#363,.T.);
#6750=ADVANCED_FACE('',(#602),#364,.F.);
#6751=ADVANCED_FACE('',(#603),#365,.T.);
#6752=ADVANCED_FACE('',(#604),#366,.T.);
#6753=ADVANCED_FACE('',(#605),#367,.F.);
#6754=ADVANCED_FACE('',(#606),#368,.T.);
#6755=ADVANCED_FACE('',(#607),#369,.T.);
#6756=ADVANCED_FACE('',(#608),#370,.F.);
#6757=ADVANCED_FACE('',(#609),#371,.T.);
#6758=ADVANCED_FACE('',(#610),#372,.T.);
#6759=ADVANCED_FACE('',(#611),#373,.F.);
#6760=ADVANCED_FACE('',(#612),#374,.T.);
#6761=ADVANCED_FACE('',(#613),#375,.T.);
#6762=ADVANCED_FACE('',(#614),#376,.F.);
#6763=ADVANCED_FACE('',(#615),#377,.T.);
#6764=ADVANCED_FACE('',(#616),#105,.F.);
#6765=ADVANCED_FACE('',(#617),#378,.T.);
#6766=ADVANCED_FACE('',(#618),#379,.F.);
#6767=ADVANCED_FACE('',(#619),#380,.T.);
#6768=ADVANCED_FACE('',(#620),#381,.T.);
#6769=ADVANCED_FACE('',(#621),#382,.F.);
#6770=ADVANCED_FACE('',(#622),#383,.T.);
#6771=ADVANCED_FACE('',(#623),#384,.T.);
#6772=ADVANCED_FACE('',(#624),#385,.F.);
#6773=ADVANCED_FACE('',(#625),#386,.T.);
#6774=ADVANCED_FACE('',(#626),#387,.T.);
#6775=ADVANCED_FACE('',(#627),#388,.F.);
#6776=ADVANCED_FACE('',(#628),#389,.T.);
#6777=ADVANCED_FACE('',(#629),#390,.T.);
#6778=ADVANCED_FACE('',(#630),#391,.F.);
#6779=ADVANCED_FACE('',(#631),#392,.T.);
#6780=ADVANCED_FACE('',(#632),#393,.T.);
#6781=ADVANCED_FACE('',(#633),#394,.F.);
#6782=ADVANCED_FACE('',(#634),#395,.T.);
#6783=ADVANCED_FACE('',(#635),#106,.F.);
#6784=ADVANCED_FACE('',(#636),#396,.T.);
#6785=ADVANCED_FACE('',(#637),#397,.F.);
#6786=ADVANCED_FACE('',(#638),#398,.T.);
#6787=ADVANCED_FACE('',(#639),#399,.T.);
#6788=ADVANCED_FACE('',(#640),#400,.F.);
#6789=ADVANCED_FACE('',(#641),#401,.T.);
#6790=ADVANCED_FACE('',(#642),#402,.T.);
#6791=ADVANCED_FACE('',(#643),#403,.F.);
#6792=ADVANCED_FACE('',(#644),#404,.T.);
#6793=ADVANCED_FACE('',(#645),#405,.T.);
#6794=ADVANCED_FACE('',(#646),#406,.F.);
#6795=ADVANCED_FACE('',(#647),#407,.T.);
#6796=ADVANCED_FACE('',(#648),#408,.T.);
#6797=ADVANCED_FACE('',(#649),#409,.F.);
#6798=ADVANCED_FACE('',(#650),#410,.T.);
#6799=ADVANCED_FACE('',(#651),#411,.T.);
#6800=ADVANCED_FACE('',(#652),#412,.F.);
#6801=ADVANCED_FACE('',(#653),#413,.T.);
#6802=ADVANCED_FACE('',(#654),#107,.F.);
#6803=ADVANCED_FACE('',(#655),#414,.T.);
#6804=ADVANCED_FACE('',(#656),#108,.F.);
#6805=ADVANCED_FACE('',(#657),#415,.T.);
#6806=ADVANCED_FACE('',(#658,#97),#109,.T.);
#6807=ADVANCED_FACE('',(#659),#110,.F.);
#6808=ADVANCED_FACE('',(#660),#111,.F.);
#6809=ADVANCED_FACE('',(#661),#112,.F.);
#6810=ADVANCED_FACE('',(#662),#113,.F.);
#6811=ADVANCED_FACE('',(#663),#114,.F.);
#6812=ADVANCED_FACE('',(#664),#416,.F.);
#6813=ADVANCED_FACE('',(#665,#98),#115,.T.);
#6814=ADVANCED_FACE('',(#666),#116,.F.);
#6815=ADVANCED_FACE('',(#667),#117,.F.);
#6816=ADVANCED_FACE('',(#668),#118,.F.);
#6817=ADVANCED_FACE('',(#669),#119,.F.);
#6818=ADVANCED_FACE('',(#670),#120,.F.);
#6819=ADVANCED_FACE('',(#671),#417,.F.);
#6820=ADVANCED_FACE('',(#672,#99),#121,.T.);
#6821=ADVANCED_FACE('',(#673),#122,.F.);
#6822=ADVANCED_FACE('',(#674),#123,.F.);
#6823=ADVANCED_FACE('',(#675),#418,.F.);
#6824=ADVANCED_FACE('',(#676),#124,.F.);
#6825=ADVANCED_FACE('',(#677),#125,.F.);
#6826=ADVANCED_FACE('',(#678),#419,.F.);
#6827=ADVANCED_FACE('',(#679),#420,.T.);
#6828=ADVANCED_FACE('',(#680),#421,.F.);
#6829=ADVANCED_FACE('',(#681),#422,.T.);
#6830=ADVANCED_FACE('',(#682),#423,.T.);
#6831=ADVANCED_FACE('',(#683),#424,.F.);
#6832=ADVANCED_FACE('',(#684),#425,.T.);
#6833=ADVANCED_FACE('',(#685),#426,.T.);
#6834=ADVANCED_FACE('',(#686),#427,.F.);
#6835=ADVANCED_FACE('',(#687),#428,.T.);
#6836=ADVANCED_FACE('',(#688),#429,.T.);
#6837=ADVANCED_FACE('',(#689),#430,.F.);
#6838=ADVANCED_FACE('',(#690),#431,.T.);
#6839=ADVANCED_FACE('',(#691),#432,.T.);
#6840=ADVANCED_FACE('',(#692),#433,.F.);
#6841=ADVANCED_FACE('',(#693),#434,.T.);
#6842=ADVANCED_FACE('',(#694),#126,.F.);
#6843=ADVANCED_FACE('',(#695),#435,.T.);
#6844=ADVANCED_FACE('',(#696),#127,.F.);
#6845=ADVANCED_FACE('',(#697),#436,.T.);
#6846=ADVANCED_FACE('',(#698),#128,.F.);
#6847=ADVANCED_FACE('',(#699),#129,.F.);
#6848=ADVANCED_FACE('',(#700),#437,.F.);
#6849=ADVANCED_FACE('',(#701),#130,.F.);
#6850=ADVANCED_FACE('',(#702),#131,.F.);
#6851=ADVANCED_FACE('',(#703,#100),#132,.T.);
#6852=ADVANCED_FACE('',(#704),#438,.F.);
#6853=ADVANCED_FACE('',(#705),#6641,.F.);
#6854=ADVANCED_FACE('',(#706,#101),#133,.T.);
#6855=ADVANCED_FACE('',(#707),#439,.F.);
#6856=ADVANCED_FACE('',(#708),#134,.F.);
#6857=ADVANCED_FACE('',(#709),#440,.F.);
#6858=ADVANCED_FACE('',(#710),#135,.F.);
#6859=ADVANCED_FACE('',(#711),#6642,.F.);
#6860=ADVANCED_FACE('',(#712,#102),#136,.T.);
#6861=ADVANCED_FACE('',(#713),#441,.F.);
#6862=ADVANCED_FACE('',(#714),#137,.F.);
#6863=ADVANCED_FACE('',(#715),#442,.F.);
#6864=ADVANCED_FACE('',(#716),#138,.F.);
#6865=ADVANCED_FACE('',(#717),#443,.F.);
#6866=ADVANCED_FACE('',(#718),#444,.T.);
#6867=ADVANCED_FACE('',(#719),#445,.T.);
#6868=ADVANCED_FACE('',(#720),#446,.T.);
#6869=ADVANCED_FACE('',(#721),#447,.T.);
#6870=ADVANCED_FACE('',(#722),#448,.T.);
#6871=ADVANCED_FACE('',(#723),#449,.T.);
#6872=ADVANCED_FACE('',(#724),#139,.T.);
#6873=ADVANCED_FACE('',(#725),#140,.T.);
#6874=ADVANCED_FACE('',(#726),#141,.T.);
#6875=ADVANCED_FACE('',(#727),#142,.T.);
#6876=ADVANCED_FACE('',(#728),#143,.T.);
#6877=ADVANCED_FACE('',(#729),#144,.T.);
#6878=ADVANCED_FACE('',(#730),#15,.T.);
#6879=ADVANCED_FACE('',(#731),#16,.T.);
#6880=ADVANCED_FACE('',(#732),#17,.T.);
#6881=ADVANCED_FACE('',(#733),#18,.T.);
#6882=ADVANCED_FACE('',(#734),#19,.T.);
#6883=ADVANCED_FACE('',(#735),#20,.T.);
#6884=ADVANCED_FACE('',(#736),#450,.F.);
#6885=ADVANCED_FACE('',(#737),#451,.F.);
#6886=ADVANCED_FACE('',(#738),#452,.F.);
#6887=ADVANCED_FACE('',(#739),#453,.F.);
#6888=ADVANCED_FACE('',(#740),#454,.F.);
#6889=ADVANCED_FACE('',(#741),#455,.F.);
#6890=ADVANCED_FACE('',(#742),#21,.F.);
#6891=ADVANCED_FACE('',(#743),#22,.F.);
#6892=ADVANCED_FACE('',(#744),#23,.F.);
#6893=ADVANCED_FACE('',(#745),#24,.F.);
#6894=ADVANCED_FACE('',(#746),#25,.F.);
#6895=ADVANCED_FACE('',(#747),#26,.F.);
#6896=ADVANCED_FACE('',(#748),#145,.T.);
#6897=ADVANCED_FACE('',(#749),#146,.T.);
#6898=ADVANCED_FACE('',(#750),#147,.T.);
#6899=ADVANCED_FACE('',(#751),#148,.T.);
#6900=ADVANCED_FACE('',(#752),#149,.T.);
#6901=ADVANCED_FACE('',(#753),#150,.T.);
#6902=ADVANCED_FACE('',(#754),#27,.F.);
#6903=ADVANCED_FACE('',(#755),#28,.F.);
#6904=ADVANCED_FACE('',(#756),#29,.F.);
#6905=ADVANCED_FACE('',(#757),#30,.F.);
#6906=ADVANCED_FACE('',(#758),#31,.F.);
#6907=ADVANCED_FACE('',(#759),#32,.F.);
#6908=ADVANCED_FACE('',(#760),#456,.T.);
#6909=ADVANCED_FACE('',(#761),#457,.T.);
#6910=ADVANCED_FACE('',(#762),#458,.T.);
#6911=ADVANCED_FACE('',(#763),#459,.T.);
#6912=ADVANCED_FACE('',(#764),#460,.T.);
#6913=ADVANCED_FACE('',(#765),#461,.T.);
#6914=ADVANCED_FACE('',(#766),#33,.F.);
#6915=ADVANCED_FACE('',(#767),#34,.F.);
#6916=ADVANCED_FACE('',(#768),#35,.F.);
#6917=ADVANCED_FACE('',(#769),#36,.F.);
#6918=ADVANCED_FACE('',(#770),#37,.F.);
#6919=ADVANCED_FACE('',(#771),#38,.F.);
#6920=ADVANCED_FACE('',(#772),#151,.T.);
#6921=ADVANCED_FACE('',(#773),#152,.T.);
#6922=ADVANCED_FACE('',(#774),#153,.T.);
#6923=ADVANCED_FACE('',(#775),#154,.T.);
#6924=ADVANCED_FACE('',(#776),#155,.T.);
#6925=ADVANCED_FACE('',(#777),#156,.T.);
#6926=ADVANCED_FACE('',(#778),#39,.F.);
#6927=ADVANCED_FACE('',(#779),#40,.F.);
#6928=ADVANCED_FACE('',(#780),#41,.F.);
#6929=ADVANCED_FACE('',(#781),#42,.F.);
#6930=ADVANCED_FACE('',(#782),#43,.F.);
#6931=ADVANCED_FACE('',(#783),#44,.F.);
#6932=ADVANCED_FACE('',(#784),#462,.F.);
#6933=ADVANCED_FACE('',(#785),#463,.F.);
#6934=ADVANCED_FACE('',(#786),#464,.F.);
#6935=ADVANCED_FACE('',(#787),#465,.F.);
#6936=ADVANCED_FACE('',(#788),#466,.F.);
#6937=ADVANCED_FACE('',(#789),#467,.F.);
#6938=ADVANCED_FACE('',(#790),#45,.T.);
#6939=ADVANCED_FACE('',(#791),#46,.T.);
#6940=ADVANCED_FACE('',(#792),#47,.T.);
#6941=ADVANCED_FACE('',(#793),#48,.T.);
#6942=ADVANCED_FACE('',(#794),#49,.T.);
#6943=ADVANCED_FACE('',(#795),#50,.T.);
#6944=ADVANCED_FACE('',(#796),#157,.T.);
#6945=ADVANCED_FACE('',(#797),#158,.T.);
#6946=ADVANCED_FACE('',(#798),#159,.T.);
#6947=ADVANCED_FACE('',(#799),#160,.T.);
#6948=ADVANCED_FACE('',(#800),#161,.T.);
#6949=ADVANCED_FACE('',(#801),#162,.T.);
#6950=ADVANCED_FACE('',(#802),#468,.T.);
#6951=ADVANCED_FACE('',(#803),#469,.T.);
#6952=ADVANCED_FACE('',(#804),#470,.T.);
#6953=ADVANCED_FACE('',(#805),#471,.T.);
#6954=ADVANCED_FACE('',(#806),#472,.T.);
#6955=ADVANCED_FACE('',(#807),#473,.T.);
#6956=ADVANCED_FACE('',(#808),#163,.T.);
#6957=ADVANCED_FACE('',(#809),#164,.T.);
#6958=ADVANCED_FACE('',(#810),#165,.T.);
#6959=ADVANCED_FACE('',(#811),#166,.T.);
#6960=ADVANCED_FACE('',(#812),#167,.T.);
#6961=ADVANCED_FACE('',(#813),#51,.T.);
#6962=ADVANCED_FACE('',(#814),#52,.T.);
#6963=ADVANCED_FACE('',(#815),#53,.T.);
#6964=ADVANCED_FACE('',(#816),#54,.T.);
#6965=ADVANCED_FACE('',(#817),#55,.T.);
#6966=ADVANCED_FACE('',(#818),#474,.T.);
#6967=ADVANCED_FACE('',(#819),#475,.T.);
#6968=ADVANCED_FACE('',(#820),#476,.T.);
#6969=ADVANCED_FACE('',(#821),#477,.F.);
#6970=ADVANCED_FACE('',(#822),#478,.F.);
#6971=ADVANCED_FACE('',(#823),#479,.F.);
#6972=ADVANCED_FACE('',(#824),#480,.F.);
#6973=ADVANCED_FACE('',(#825),#481,.F.);
#6974=ADVANCED_FACE('',(#826),#168,.T.);
#6975=ADVANCED_FACE('',(#827),#169,.T.);
#6976=ADVANCED_FACE('',(#828),#170,.T.);
#6977=ADVANCED_FACE('',(#829),#171,.T.);
#6978=ADVANCED_FACE('',(#830),#172,.T.);
#6979=ADVANCED_FACE('',(#831),#173,.T.);
#6980=ADVANCED_FACE('',(#832),#56,.F.);
#6981=ADVANCED_FACE('',(#833),#57,.F.);
#6982=ADVANCED_FACE('',(#834),#58,.F.);
#6983=ADVANCED_FACE('',(#835),#59,.F.);
#6984=ADVANCED_FACE('',(#836),#60,.F.);
#6985=ADVANCED_FACE('',(#837),#61,.T.);
#6986=ADVANCED_FACE('',(#838),#62,.T.);
#6987=ADVANCED_FACE('',(#839),#63,.T.);
#6988=ADVANCED_FACE('',(#840),#64,.T.);
#6989=ADVANCED_FACE('',(#841),#65,.T.);
#6990=ADVANCED_FACE('',(#842),#66,.T.);
#6991=ADVANCED_FACE('',(#843),#174,.T.);
#6992=ADVANCED_FACE('',(#844),#175,.T.);
#6993=ADVANCED_FACE('',(#845),#176,.T.);
#6994=ADVANCED_FACE('',(#846),#177,.T.);
#6995=ADVANCED_FACE('',(#847),#178,.T.);
#6996=ADVANCED_FACE('',(#848),#482,.F.);
#6997=ADVANCED_FACE('',(#849),#483,.F.);
#6998=ADVANCED_FACE('',(#850),#484,.F.);
#6999=ADVANCED_FACE('',(#851),#485,.F.);
#7000=ADVANCED_FACE('',(#852),#486,.F.);
#7001=ADVANCED_FACE('',(#853),#487,.F.);
#7002=ADVANCED_FACE('',(#854),#67,.F.);
#7003=ADVANCED_FACE('',(#855),#68,.F.);
#7004=ADVANCED_FACE('',(#856),#69,.F.);
#7005=ADVANCED_FACE('',(#857),#70,.F.);
#7006=ADVANCED_FACE('',(#858),#71,.F.);
#7007=ADVANCED_FACE('',(#859),#72,.F.);
#7008=ADVANCED_FACE('',(#860),#73,.F.);
#7009=ADVANCED_FACE('',(#861),#74,.F.);
#7010=ADVANCED_FACE('',(#862),#75,.F.);
#7011=ADVANCED_FACE('',(#863),#76,.F.);
#7012=ADVANCED_FACE('',(#864),#77,.F.);
#7013=ADVANCED_FACE('',(#865),#78,.F.);
#7014=ADVANCED_FACE('',(#866),#488,.T.);
#7015=ADVANCED_FACE('',(#867),#489,.T.);
#7016=ADVANCED_FACE('',(#868),#490,.T.);
#7017=ADVANCED_FACE('',(#869),#491,.T.);
#7018=ADVANCED_FACE('',(#870),#492,.T.);
#7019=ADVANCED_FACE('',(#871),#493,.T.);
#7020=ADVANCED_FACE('',(#872),#179,.T.);
#7021=ADVANCED_FACE('',(#873),#180,.T.);
#7022=ADVANCED_FACE('',(#874),#181,.T.);
#7023=ADVANCED_FACE('',(#875),#182,.T.);
#7024=ADVANCED_FACE('',(#876),#183,.T.);
#7025=ADVANCED_FACE('',(#877),#184,.T.);
#7026=ADVANCED_FACE('',(#878),#79,.F.);
#7027=ADVANCED_FACE('',(#879),#80,.F.);
#7028=ADVANCED_FACE('',(#880),#81,.F.);
#7029=ADVANCED_FACE('',(#881),#82,.F.);
#7030=ADVANCED_FACE('',(#882),#83,.F.);
#7031=ADVANCED_FACE('',(#883),#84,.F.);
#7032=ADVANCED_FACE('',(#884),#185,.T.);
#7033=ADVANCED_FACE('',(#885),#85,.F.);
#7034=ADVANCED_FACE('',(#886),#494,.F.);
#7035=ADVANCED_FACE('',(#887),#86,.T.);
#7036=ADVANCED_FACE('',(#888),#186,.T.);
#7037=CLOSED_SHELL('',(#6643,#6644,#6645,#6646,#6647,#6648,#6649,#6650,
#6651,#6652,#6653,#6654,#6655,#6656,#6657,#6658,#6659,#6660,#6661,#6662,
#6663,#6664,#6665,#6666,#6667,#6668,#6669,#6670,#6671,#6672,#6673,#6674,
#6675,#6676,#6677,#6678,#6679,#6680,#6681,#6682,#6683,#6684,#6685,#6686,
#6687,#6688,#6689,#6690,#6691,#6692,#6693,#6694,#6695,#6696,#6697,#6698,
#6699,#6700,#6701,#6702,#6703,#6704,#6705,#6706,#6707,#6708,#6709,#6710,
#6711,#6712,#6713,#6714,#6715,#6716,#6717,#6718,#6719,#6720,#6721,#6722,
#6723,#6724,#6725,#6726,#6727,#6728,#6729,#6730,#6731,#6732,#6733,#6734,
#6735,#6736,#6737,#6738,#6739,#6740,#6741,#6742,#6743,#6744,#6745,#6746,
#6747,#6748,#6749,#6750,#6751,#6752,#6753,#6754,#6755,#6756,#6757,#6758,
#6759,#6760,#6761,#6762,#6763,#6764,#6765,#6766,#6767,#6768,#6769,#6770,
#6771,#6772,#6773,#6774,#6775,#6776,#6777,#6778,#6779,#6780,#6781,#6782,
#6783,#6784,#6785,#6786,#6787,#6788,#6789,#6790,#6791,#6792,#6793,#6794,
#6795,#6796,#6797,#6798,#6799,#6800,#6801,#6802,#6803,#6804,#6805,#6806,
#6807,#6808,#6809,#6810,#6811,#6812,#6813,#6814,#6815,#6816,#6817,#6818,
#6819,#6820,#6821,#6822,#6823,#6824,#6825,#6826,#6827,#6828,#6829,#6830,
#6831,#6832,#6833,#6834,#6835,#6836,#6837,#6838,#6839,#6840,#6841,#6842,
#6843,#6844,#6845,#6846,#6847,#6848,#6849,#6850,#6851,#6852,#6853,#6854,
#6855,#6856,#6857,#6858,#6859,#6860,#6861,#6862,#6863,#6864,#6865,#6866,
#6867,#6868,#6869,#6870,#6871,#6872,#6873,#6874,#6875,#6876,#6877,#6878,
#6879,#6880,#6881,#6882,#6883,#6884,#6885,#6886,#6887,#6888,#6889,#6890,
#6891,#6892,#6893,#6894,#6895,#6896,#6897,#6898,#6899,#6900,#6901,#6902,
#6903,#6904,#6905,#6906,#6907,#6908,#6909,#6910,#6911,#6912,#6913,#6914,
#6915,#6916,#6917,#6918,#6919,#6920,#6921,#6922,#6923,#6924,#6925,#6926,
#6927,#6928,#6929,#6930,#6931,#6932,#6933,#6934,#6935,#6936,#6937,#6938,
#6939,#6940,#6941,#6942,#6943,#6944,#6945,#6946,#6947,#6948,#6949,#6950,
#6951,#6952,#6953,#6954,#6955,#6956,#6957,#6958,#6959,#6960,#6961,#6962,
#6963,#6964,#6965,#6966,#6967,#6968,#6969,#6970,#6971,#6972,#6973,#6974,
#6975,#6976,#6977,#6978,#6979,#6980,#6981,#6982,#6983,#6984,#6985,#6986,
#6987,#6988,#6989,#6990,#6991,#6992,#6993,#6994,#6995,#6996,#6997,#6998,
#6999,#7000,#7001,#7002,#7003,#7004,#7005,#7006,#7007,#7008,#7009,#7010,
#7011,#7012,#7013,#7014,#7015,#7016,#7017,#7018,#7019,#7020,#7021,#7022,
#7023,#7024,#7025,#7026,#7027,#7028,#7029,#7030,#7031,#7032,#7033,#7034,
#7035,#7036));
#7038=DERIVED_UNIT_ELEMENT(#7040,1.);
#7039=DERIVED_UNIT_ELEMENT(#14102,-3.);
#7040=(
CONVERSION_BASED_UNIT('gram',#7042)
MASS_UNIT()
NAMED_UNIT(#14099)
);
#7041=(
MASS_UNIT()
NAMED_UNIT(*)
SI_UNIT(.KILO.,.GRAM.)
);
#7042=MASS_MEASURE_WITH_UNIT(MASS_MEASURE(0.001),#7041);
#7043=DERIVED_UNIT((#7038,#7039));
#7044=MEASURE_REPRESENTATION_ITEM('density measure',
POSITIVE_RATIO_MEASURE(1.),#7043);
#7045=PROPERTY_DEFINITION_REPRESENTATION(#7050,#7047);
#7046=PROPERTY_DEFINITION_REPRESENTATION(#7051,#7048);
#7047=REPRESENTATION('material name',(#7049),#14096);
#7048=REPRESENTATION('density',(#7044),#14096);
#7049=DESCRIPTIVE_REPRESENTATION_ITEM('white pla','white pla');
#7050=PROPERTY_DEFINITION('material property','material name',#14110);
#7051=PROPERTY_DEFINITION('material property','density of part',#14110);
#7052=DATE_TIME_ROLE('creation_date');
#7053=APPLIED_DATE_AND_TIME_ASSIGNMENT(#7054,#7052,(#14110));
#7054=DATE_AND_TIME(#7055,#7056);
#7055=CALENDAR_DATE(2025,17,11);
#7056=LOCAL_TIME(0,0,0.,#7057);
#7057=COORDINATED_UNIVERSAL_TIME_OFFSET(0,0,.BEHIND.);
#7058=AXIS2_PLACEMENT_3D('',#10329,#8025,#8026);
#7059=AXIS2_PLACEMENT_3D('',#10330,#8027,#8028);
#7060=AXIS2_PLACEMENT_3D('',#10335,#8030,#8031);
#7061=AXIS2_PLACEMENT_3D('',#10338,#8033,#8034);
#7062=AXIS2_PLACEMENT_3D('',#10339,#8035,#8036);
#7063=AXIS2_PLACEMENT_3D('',#10343,#8038,#8039);
#7064=AXIS2_PLACEMENT_3D('',#10344,#8040,#8041);
#7065=AXIS2_PLACEMENT_3D('',#10345,#8042,#8043);
#7066=AXIS2_PLACEMENT_3D('',#10349,#8045,#8046);
#7067=AXIS2_PLACEMENT_3D('',#10350,#8047,#8048);
#7068=AXIS2_PLACEMENT_3D('',#10351,#8049,#8050);
#7069=AXIS2_PLACEMENT_3D('',#10355,#8052,#8053);
#7070=AXIS2_PLACEMENT_3D('',#10356,#8054,#8055);
#7071=AXIS2_PLACEMENT_3D('',#10357,#8056,#8057);
#7072=AXIS2_PLACEMENT_3D('',#10361,#8059,#8060);
#7073=AXIS2_PLACEMENT_3D('',#10362,#8061,#8062);
#7074=AXIS2_PLACEMENT_3D('',#10363,#8063,#8064);
#7075=AXIS2_PLACEMENT_3D('',#10367,#8066,#8067);
#7076=AXIS2_PLACEMENT_3D('',#10368,#8068,#8069);
#7077=AXIS2_PLACEMENT_3D('',#10369,#8070,#8071);
#7078=AXIS2_PLACEMENT_3D('',#10373,#8073,#8074);
#7079=AXIS2_PLACEMENT_3D('',#10374,#8075,#8076);
#7080=AXIS2_PLACEMENT_3D('',#10375,#8077,#8078);
#7081=AXIS2_PLACEMENT_3D('',#10379,#8080,#8081);
#7082=AXIS2_PLACEMENT_3D('',#10380,#8082,#8083);
#7083=AXIS2_PLACEMENT_3D('',#10381,#8084,#8085);
#7084=AXIS2_PLACEMENT_3D('',#10385,#8087,#8088);
#7085=AXIS2_PLACEMENT_3D('',#10386,#8089,#8090);
#7086=AXIS2_PLACEMENT_3D('',#10387,#8091,#8092);
#7087=AXIS2_PLACEMENT_3D('',#10391,#8094,#8095);
#7088=AXIS2_PLACEMENT_3D('',#10392,#8096,#8097);
#7089=AXIS2_PLACEMENT_3D('',#10393,#8098,#8099);
#7090=AXIS2_PLACEMENT_3D('',#10397,#8101,#8102);
#7091=AXIS2_PLACEMENT_3D('',#10398,#8103,#8104);
#7092=AXIS2_PLACEMENT_3D('',#10399,#8105,#8106);
#7093=AXIS2_PLACEMENT_3D('',#10403,#8108,#8109);
#7094=AXIS2_PLACEMENT_3D('',#10404,#8110,#8111);
#7095=AXIS2_PLACEMENT_3D('',#10405,#8112,#8113);
#7096=AXIS2_PLACEMENT_3D('',#10409,#8115,#8116);
#7097=AXIS2_PLACEMENT_3D('',#10410,#8117,#8118);
#7098=AXIS2_PLACEMENT_3D('',#10411,#8119,#8120);
#7099=AXIS2_PLACEMENT_3D('',#10415,#8122,#8123);
#7100=AXIS2_PLACEMENT_3D('',#10416,#8124,#8125);
#7101=AXIS2_PLACEMENT_3D('',#10417,#8126,#8127);
#7102=AXIS2_PLACEMENT_3D('',#10421,#8129,#8130);
#7103=AXIS2_PLACEMENT_3D('',#10422,#8131,#8132);
#7104=AXIS2_PLACEMENT_3D('',#10423,#8133,#8134);
#7105=AXIS2_PLACEMENT_3D('',#10427,#8136,#8137);
#7106=AXIS2_PLACEMENT_3D('',#10428,#8138,#8139);
#7107=AXIS2_PLACEMENT_3D('',#10429,#8140,#8141);
#7108=AXIS2_PLACEMENT_3D('',#10433,#8143,#8144);
#7109=AXIS2_PLACEMENT_3D('',#10434,#8145,#8146);
#7110=AXIS2_PLACEMENT_3D('',#10435,#8147,#8148);
#7111=AXIS2_PLACEMENT_3D('',#10439,#8150,#8151);
#7112=AXIS2_PLACEMENT_3D('',#10440,#8152,#8153);
#7113=AXIS2_PLACEMENT_3D('',#10441,#8154,#8155);
#7114=AXIS2_PLACEMENT_3D('',#10445,#8157,#8158);
#7115=AXIS2_PLACEMENT_3D('',#10446,#8159,#8160);
#7116=AXIS2_PLACEMENT_3D('',#10447,#8161,#8162);
#7117=AXIS2_PLACEMENT_3D('',#10451,#8164,#8165);
#7118=AXIS2_PLACEMENT_3D('',#10452,#8166,#8167);
#7119=AXIS2_PLACEMENT_3D('',#10453,#8168,#8169);
#7120=AXIS2_PLACEMENT_3D('',#10457,#8171,#8172);
#7121=AXIS2_PLACEMENT_3D('',#10458,#8173,#8174);
#7122=AXIS2_PLACEMENT_3D('',#10459,#8175,#8176);
#7123=AXIS2_PLACEMENT_3D('',#10463,#8178,#8179);
#7124=AXIS2_PLACEMENT_3D('',#10464,#8180,#8181);
#7125=AXIS2_PLACEMENT_3D('',#10465,#8182,#8183);
#7126=AXIS2_PLACEMENT_3D('',#10469,#8185,#8186);
#7127=AXIS2_PLACEMENT_3D('',#10470,#8187,#8188);
#7128=AXIS2_PLACEMENT_3D('',#10471,#8189,#8190);
#7129=AXIS2_PLACEMENT_3D('',#10475,#8192,#8193);
#7130=AXIS2_PLACEMENT_3D('',#10476,#8194,#8195);
#7131=AXIS2_PLACEMENT_3D('',#10477,#8196,#8197);
#7132=AXIS2_PLACEMENT_3D('',#10481,#8199,#8200);
#7133=AXIS2_PLACEMENT_3D('',#10482,#8201,#8202);
#7134=AXIS2_PLACEMENT_3D('',#10483,#8203,#8204);
#7135=AXIS2_PLACEMENT_3D('',#10487,#8206,#8207);
#7136=AXIS2_PLACEMENT_3D('',#10488,#8208,#8209);
#7137=AXIS2_PLACEMENT_3D('',#10489,#8210,#8211);
#7138=AXIS2_PLACEMENT_3D('',#10493,#8213,#8214);
#7139=AXIS2_PLACEMENT_3D('',#10494,#8215,#8216);
#7140=AXIS2_PLACEMENT_3D('',#10495,#8217,#8218);
#7141=AXIS2_PLACEMENT_3D('',#10499,#8220,#8221);
#7142=AXIS2_PLACEMENT_3D('',#10500,#8222,#8223);
#7143=AXIS2_PLACEMENT_3D('',#10501,#8224,#8225);
#7144=AXIS2_PLACEMENT_3D('',#10505,#8227,#8228);
#7145=AXIS2_PLACEMENT_3D('',#10506,#8229,#8230);
#7146=AXIS2_PLACEMENT_3D('',#10507,#8231,#8232);
#7147=AXIS2_PLACEMENT_3D('',#10511,#8234,#8235);
#7148=AXIS2_PLACEMENT_3D('',#10512,#8236,#8237);
#7149=AXIS2_PLACEMENT_3D('',#10513,#8238,#8239);
#7150=AXIS2_PLACEMENT_3D('',#10517,#8241,#8242);
#7151=AXIS2_PLACEMENT_3D('',#10518,#8243,#8244);
#7152=AXIS2_PLACEMENT_3D('',#10519,#8245,#8246);
#7153=AXIS2_PLACEMENT_3D('',#10523,#8248,#8249);
#7154=AXIS2_PLACEMENT_3D('',#10524,#8250,#8251);
#7155=AXIS2_PLACEMENT_3D('',#10525,#8252,#8253);
#7156=AXIS2_PLACEMENT_3D('',#10529,#8255,#8256);
#7157=AXIS2_PLACEMENT_3D('',#10530,#8257,#8258);
#7158=AXIS2_PLACEMENT_3D('',#10531,#8259,#8260);
#7159=AXIS2_PLACEMENT_3D('',#10535,#8262,#8263);
#7160=AXIS2_PLACEMENT_3D('',#10536,#8264,#8265);
#7161=AXIS2_PLACEMENT_3D('',#10537,#8266,#8267);
#7162=AXIS2_PLACEMENT_3D('',#10541,#8269,#8270);
#7163=AXIS2_PLACEMENT_3D('',#10542,#8271,#8272);
#7164=AXIS2_PLACEMENT_3D('',#10543,#8273,#8274);
#7165=AXIS2_PLACEMENT_3D('',#10544,#8275,#8276);
#7166=AXIS2_PLACEMENT_3D('',#10545,#8277,#8278);
#7167=AXIS2_PLACEMENT_3D('',#10546,#8279,#8280);
#7168=AXIS2_PLACEMENT_3D('',#10550,#8282,#8283);
#7169=AXIS2_PLACEMENT_3D('',#10580,#8285,#8286);
#7170=AXIS2_PLACEMENT_3D('',#10610,#8288,#8289);
#7171=AXIS2_PLACEMENT_3D('',#10640,#8291,#8292);
#7172=AXIS2_PLACEMENT_3D('',#10644,#8294,#8295);
#7173=AXIS2_PLACEMENT_3D('',#10674,#8297,#8298);
#7174=AXIS2_PLACEMENT_3D('',#10704,#8300,#8301);
#7175=AXIS2_PLACEMENT_3D('',#10734,#8303,#8304);
#7176=AXIS2_PLACEMENT_3D('',#10738,#8306,#8307);
#7177=AXIS2_PLACEMENT_3D('',#10740,#8309,#8310);
#7178=AXIS2_PLACEMENT_3D('',#10743,#8312,#8313);
#7179=AXIS2_PLACEMENT_3D('',#10744,#8314,#8315);
#7180=AXIS2_PLACEMENT_3D('',#10748,#8317,#8318);
#7181=AXIS2_PLACEMENT_3D('',#10752,#8320,#8321);
#7182=AXIS2_PLACEMENT_3D('',#10782,#8323,#8324);
#7183=AXIS2_PLACEMENT_3D('',#10812,#8326,#8327);
#7184=AXIS2_PLACEMENT_3D('',#10842,#8329,#8330);
#7185=AXIS2_PLACEMENT_3D('',#10846,#8332,#8333);
#7186=AXIS2_PLACEMENT_3D('',#10876,#8335,#8336);
#7187=AXIS2_PLACEMENT_3D('',#10906,#8338,#8339);
#7188=AXIS2_PLACEMENT_3D('',#10935,#8341,#8342);
#7189=AXIS2_PLACEMENT_3D('',#10936,#8343,#8344);
#7190=AXIS2_PLACEMENT_3D('',#10939,#8346,#8347);
#7191=AXIS2_PLACEMENT_3D('',#10940,#8348,#8349);
#7192=AXIS2_PLACEMENT_3D('',#10943,#8351,#8352);
#7193=AXIS2_PLACEMENT_3D('',#10944,#8353,#8354);
#7194=AXIS2_PLACEMENT_3D('',#10947,#8356,#8357);
#7195=AXIS2_PLACEMENT_3D('',#10948,#8358,#8359);
#7196=AXIS2_PLACEMENT_3D('',#10952,#8361,#8362);
#7197=AXIS2_PLACEMENT_3D('',#10982,#8364,#8365);
#7198=AXIS2_PLACEMENT_3D('',#11012,#8367,#8368);
#7199=AXIS2_PLACEMENT_3D('',#11042,#8370,#8371);
#7200=AXIS2_PLACEMENT_3D('',#11046,#8373,#8374);
#7201=AXIS2_PLACEMENT_3D('',#11076,#8376,#8377);
#7202=AXIS2_PLACEMENT_3D('',#11106,#8379,#8380);
#7203=AXIS2_PLACEMENT_3D('',#11136,#8382,#8383);
#7204=AXIS2_PLACEMENT_3D('',#11139,#8385,#8386);
#7205=AXIS2_PLACEMENT_3D('',#11140,#8387,#8388);
#7206=AXIS2_PLACEMENT_3D('',#11143,#8390,#8391);
#7207=AXIS2_PLACEMENT_3D('',#11144,#8392,#8393);
#7208=AXIS2_PLACEMENT_3D('',#11148,#8395,#8396);
#7209=AXIS2_PLACEMENT_3D('',#11152,#8398,#8399);
#7210=AXIS2_PLACEMENT_3D('',#11182,#8401,#8402);
#7211=AXIS2_PLACEMENT_3D('',#11212,#8404,#8405);
#7212=AXIS2_PLACEMENT_3D('',#11242,#8407,#8408);
#7213=AXIS2_PLACEMENT_3D('',#11246,#8410,#8411);
#7214=AXIS2_PLACEMENT_3D('',#11276,#8413,#8414);
#7215=AXIS2_PLACEMENT_3D('',#11306,#8416,#8417);
#7216=AXIS2_PLACEMENT_3D('',#11335,#8419,#8420);
#7217=AXIS2_PLACEMENT_3D('',#11336,#8421,#8422);
#7218=AXIS2_PLACEMENT_3D('',#11339,#8424,#8425);
#7219=AXIS2_PLACEMENT_3D('',#11340,#8426,#8427);
#7220=AXIS2_PLACEMENT_3D('',#11343,#8429,#8430);
#7221=AXIS2_PLACEMENT_3D('',#11344,#8431,#8432);
#7222=AXIS2_PLACEMENT_3D('',#11347,#8434,#8435);
#7223=AXIS2_PLACEMENT_3D('',#11348,#8436,#8437);
#7224=AXIS2_PLACEMENT_3D('',#11352,#8439,#8440);
#7225=AXIS2_PLACEMENT_3D('',#11382,#8442,#8443);
#7226=AXIS2_PLACEMENT_3D('',#11412,#8445,#8446);
#7227=AXIS2_PLACEMENT_3D('',#11442,#8448,#8449);
#7228=AXIS2_PLACEMENT_3D('',#11446,#8451,#8452);
#7229=AXIS2_PLACEMENT_3D('',#11476,#8454,#8455);
#7230=AXIS2_PLACEMENT_3D('',#11506,#8457,#8458);
#7231=AXIS2_PLACEMENT_3D('',#11536,#8460,#8461);
#7232=AXIS2_PLACEMENT_3D('',#11539,#8463,#8464);
#7233=AXIS2_PLACEMENT_3D('',#11540,#8465,#8466);
#7234=AXIS2_PLACEMENT_3D('',#11543,#8468,#8469);
#7235=AXIS2_PLACEMENT_3D('',#11544,#8470,#8471);
#7236=AXIS2_PLACEMENT_3D('',#11548,#8473,#8474);
#7237=AXIS2_PLACEMENT_3D('',#11552,#8476,#8477);
#7238=AXIS2_PLACEMENT_3D('',#11582,#8479,#8480);
#7239=AXIS2_PLACEMENT_3D('',#11612,#8482,#8483);
#7240=AXIS2_PLACEMENT_3D('',#11642,#8485,#8486);
#7241=AXIS2_PLACEMENT_3D('',#11646,#8488,#8489);
#7242=AXIS2_PLACEMENT_3D('',#11676,#8491,#8492);
#7243=AXIS2_PLACEMENT_3D('',#11706,#8494,#8495);
#7244=AXIS2_PLACEMENT_3D('',#11735,#8497,#8498);
#7245=AXIS2_PLACEMENT_3D('',#11736,#8499,#8500);
#7246=AXIS2_PLACEMENT_3D('',#11739,#8502,#8503);
#7247=AXIS2_PLACEMENT_3D('',#11740,#8504,#8505);
#7248=AXIS2_PLACEMENT_3D('',#11743,#8507,#8508);
#7249=AXIS2_PLACEMENT_3D('',#11744,#8509,#8510);
#7250=AXIS2_PLACEMENT_3D('',#11747,#8512,#8513);
#7251=AXIS2_PLACEMENT_3D('',#11748,#8514,#8515);
#7252=AXIS2_PLACEMENT_3D('',#11750,#8516,#8517);
#7253=AXIS2_PLACEMENT_3D('',#11752,#8518,#8519);
#7254=AXIS2_PLACEMENT_3D('',#11754,#8520,#8521);
#7255=AXIS2_PLACEMENT_3D('',#11756,#8522,#8523);
#7256=AXIS2_PLACEMENT_3D('',#11758,#8524,#8525);
#7257=AXIS2_PLACEMENT_3D('',#11759,#8526,#8527);
#7258=AXIS2_PLACEMENT_3D('',#11764,#8529,#8530);
#7259=AXIS2_PLACEMENT_3D('',#11767,#8532,#8533);
#7260=AXIS2_PLACEMENT_3D('',#11768,#8534,#8535);
#7261=AXIS2_PLACEMENT_3D('',#11772,#8537,#8538);
#7262=AXIS2_PLACEMENT_3D('',#11773,#8539,#8540);
#7263=AXIS2_PLACEMENT_3D('',#11774,#8541,#8542);
#7264=AXIS2_PLACEMENT_3D('',#11776,#8543,#8544);
#7265=AXIS2_PLACEMENT_3D('',#11779,#8546,#8547);
#7266=AXIS2_PLACEMENT_3D('',#11780,#8548,#8549);
#7267=AXIS2_PLACEMENT_3D('',#11784,#8551,#8552);
#7268=AXIS2_PLACEMENT_3D('',#11785,#8553,#8554);
#7269=AXIS2_PLACEMENT_3D('',#11786,#8555,#8556);
#7270=AXIS2_PLACEMENT_3D('',#11790,#8558,#8559);
#7271=AXIS2_PLACEMENT_3D('',#11791,#8560,#8561);
#7272=AXIS2_PLACEMENT_3D('',#11792,#8562,#8563);
#7273=AXIS2_PLACEMENT_3D('',#11796,#8565,#8566);
#7274=AXIS2_PLACEMENT_3D('',#11797,#8567,#8568);
#7275=AXIS2_PLACEMENT_3D('',#11798,#8569,#8570);
#7276=AXIS2_PLACEMENT_3D('',#11802,#8572,#8573);
#7277=AXIS2_PLACEMENT_3D('',#11803,#8574,#8575);
#7278=AXIS2_PLACEMENT_3D('',#11804,#8576,#8577);
#7279=AXIS2_PLACEMENT_3D('',#11808,#8579,#8580);
#7280=AXIS2_PLACEMENT_3D('',#11809,#8581,#8582);
#7281=AXIS2_PLACEMENT_3D('',#11810,#8583,#8584);
#7282=AXIS2_PLACEMENT_3D('',#11812,#8585,#8586);
#7283=AXIS2_PLACEMENT_3D('',#11815,#8588,#8589);
#7284=AXIS2_PLACEMENT_3D('',#11816,#8590,#8591);
#7285=AXIS2_PLACEMENT_3D('',#11820,#8593,#8594);
#7286=AXIS2_PLACEMENT_3D('',#11821,#8595,#8596);
#7287=AXIS2_PLACEMENT_3D('',#11822,#8597,#8598);
#7288=AXIS2_PLACEMENT_3D('',#11826,#8600,#8601);
#7289=AXIS2_PLACEMENT_3D('',#11827,#8602,#8603);
#7290=AXIS2_PLACEMENT_3D('',#11828,#8604,#8605);
#7291=AXIS2_PLACEMENT_3D('',#11832,#8607,#8608);
#7292=AXIS2_PLACEMENT_3D('',#11833,#8609,#8610);
#7293=AXIS2_PLACEMENT_3D('',#11834,#8611,#8612);
#7294=AXIS2_PLACEMENT_3D('',#11837,#8614,#8615);
#7295=AXIS2_PLACEMENT_3D('',#11838,#8616,#8617);
#7296=AXIS2_PLACEMENT_3D('',#11839,#8618,#8619);
#7297=AXIS2_PLACEMENT_3D('',#11842,#8621,#8622);
#7298=AXIS2_PLACEMENT_3D('',#11843,#8623,#8624);
#7299=AXIS2_PLACEMENT_3D('',#11844,#8625,#8626);
#7300=AXIS2_PLACEMENT_3D('',#11847,#8628,#8629);
#7301=AXIS2_PLACEMENT_3D('',#11848,#8630,#8631);
#7302=AXIS2_PLACEMENT_3D('',#11851,#8633,#8634);
#7303=AXIS2_PLACEMENT_3D('',#11852,#8635,#8636);
#7304=AXIS2_PLACEMENT_3D('',#11855,#8638,#8639);
#7305=AXIS2_PLACEMENT_3D('',#11856,#8640,#8641);
#7306=AXIS2_PLACEMENT_3D('',#11859,#8643,#8644);
#7307=AXIS2_PLACEMENT_3D('',#11860,#8645,#8646);
#7308=AXIS2_PLACEMENT_3D('',#11863,#8648,#8649);
#7309=AXIS2_PLACEMENT_3D('',#11864,#8650,#8651);
#7310=AXIS2_PLACEMENT_3D('',#11867,#8653,#8654);
#7311=AXIS2_PLACEMENT_3D('',#11868,#8655,#8656);
#7312=AXIS2_PLACEMENT_3D('',#11869,#8657,#8658);
#7313=AXIS2_PLACEMENT_3D('',#11872,#8660,#8661);
#7314=AXIS2_PLACEMENT_3D('',#11873,#8662,#8663);
#7315=AXIS2_PLACEMENT_3D('',#11876,#8665,#8666);
#7316=AXIS2_PLACEMENT_3D('',#11877,#8667,#8668);
#7317=AXIS2_PLACEMENT_3D('',#11880,#8670,#8671);
#7318=AXIS2_PLACEMENT_3D('',#11881,#8672,#8673);
#7319=AXIS2_PLACEMENT_3D('',#11884,#8675,#8676);
#7320=AXIS2_PLACEMENT_3D('',#11885,#8677,#8678);
#7321=AXIS2_PLACEMENT_3D('',#11888,#8680,#8681);
#7322=AXIS2_PLACEMENT_3D('',#11889,#8682,#8683);
#7323=AXIS2_PLACEMENT_3D('',#11892,#8685,#8686);
#7324=AXIS2_PLACEMENT_3D('',#11893,#8687,#8688);
#7325=AXIS2_PLACEMENT_3D('',#11894,#8689,#8690);
#7326=AXIS2_PLACEMENT_3D('',#11897,#8692,#8693);
#7327=AXIS2_PLACEMENT_3D('',#11898,#8694,#8695);
#7328=AXIS2_PLACEMENT_3D('',#11901,#8697,#8698);
#7329=AXIS2_PLACEMENT_3D('',#11902,#8699,#8700);
#7330=AXIS2_PLACEMENT_3D('',#11905,#8702,#8703);
#7331=AXIS2_PLACEMENT_3D('',#11906,#8704,#8705);
#7332=AXIS2_PLACEMENT_3D('',#11909,#8707,#8708);
#7333=AXIS2_PLACEMENT_3D('',#11910,#8709,#8710);
#7334=AXIS2_PLACEMENT_3D('',#11913,#8712,#8713);
#7335=AXIS2_PLACEMENT_3D('',#11914,#8714,#8715);
#7336=AXIS2_PLACEMENT_3D('',#11918,#8717,#8718);
#7337=AXIS2_PLACEMENT_3D('',#11919,#8719,#8720);
#7338=AXIS2_PLACEMENT_3D('',#11920,#8721,#8722);
#7339=AXIS2_PLACEMENT_3D('',#11922,#8723,#8724);
#7340=AXIS2_PLACEMENT_3D('',#11925,#8726,#8727);
#7341=AXIS2_PLACEMENT_3D('',#11926,#8728,#8729);
#7342=AXIS2_PLACEMENT_3D('',#11930,#8731,#8732);
#7343=AXIS2_PLACEMENT_3D('',#11931,#8733,#8734);
#7344=AXIS2_PLACEMENT_3D('',#11932,#8735,#8736);
#7345=AXIS2_PLACEMENT_3D('',#11936,#8738,#8739);
#7346=AXIS2_PLACEMENT_3D('',#11937,#8740,#8741);
#7347=AXIS2_PLACEMENT_3D('',#11938,#8742,#8743);
#7348=AXIS2_PLACEMENT_3D('',#11939,#8744,#8745);
#7349=AXIS2_PLACEMENT_3D('',#11940,#8746,#8747);
#7350=AXIS2_PLACEMENT_3D('',#11941,#8748,#8749);
#7351=AXIS2_PLACEMENT_3D('',#11942,#8750,#8751);
#7352=AXIS2_PLACEMENT_3D('',#11943,#8752,#8753);
#7353=AXIS2_PLACEMENT_3D('',#11945,#8755,#8756);
#7354=AXIS2_PLACEMENT_3D('',#11947,#8758,#8759);
#7355=AXIS2_PLACEMENT_3D('',#11949,#8761,#8762);
#7356=AXIS2_PLACEMENT_3D('',#11953,#8764,#8765);
#7357=AXIS2_PLACEMENT_3D('',#11983,#8767,#8768);
#7358=AXIS2_PLACEMENT_3D('',#12013,#8770,#8771);
#7359=AXIS2_PLACEMENT_3D('',#12043,#8773,#8774);
#7360=AXIS2_PLACEMENT_3D('',#12047,#8776,#8777);
#7361=AXIS2_PLACEMENT_3D('',#12077,#8779,#8780);
#7362=AXIS2_PLACEMENT_3D('',#12107,#8782,#8783);
#7363=AXIS2_PLACEMENT_3D('',#12137,#8785,#8786);
#7364=AXIS2_PLACEMENT_3D('',#12139,#8788,#8789);
#7365=AXIS2_PLACEMENT_3D('',#12142,#8791,#8792);
#7366=AXIS2_PLACEMENT_3D('',#12143,#8793,#8794);
#7367=AXIS2_PLACEMENT_3D('',#12147,#8796,#8797);
#7368=AXIS2_PLACEMENT_3D('',#12177,#8799,#8800);
#7369=AXIS2_PLACEMENT_3D('',#12207,#8802,#8803);
#7370=AXIS2_PLACEMENT_3D('',#12237,#8805,#8806);
#7371=AXIS2_PLACEMENT_3D('',#12241,#8808,#8809);
#7372=AXIS2_PLACEMENT_3D('',#12271,#8811,#8812);
#7373=AXIS2_PLACEMENT_3D('',#12301,#8814,#8815);
#7374=AXIS2_PLACEMENT_3D('',#12330,#8817,#8818);
#7375=AXIS2_PLACEMENT_3D('',#12332,#8820,#8821);
#7376=AXIS2_PLACEMENT_3D('',#12334,#8823,#8824);
#7377=AXIS2_PLACEMENT_3D('',#12336,#8826,#8827);
#7378=AXIS2_PLACEMENT_3D('',#12338,#8829,#8830);
#7379=AXIS2_PLACEMENT_3D('',#12342,#8832,#8833);
#7380=AXIS2_PLACEMENT_3D('',#12372,#8835,#8836);
#7381=AXIS2_PLACEMENT_3D('',#12402,#8838,#8839);
#7382=AXIS2_PLACEMENT_3D('',#12432,#8841,#8842);
#7383=AXIS2_PLACEMENT_3D('',#12436,#8844,#8845);
#7384=AXIS2_PLACEMENT_3D('',#12466,#8847,#8848);
#7385=AXIS2_PLACEMENT_3D('',#12496,#8850,#8851);
#7386=AXIS2_PLACEMENT_3D('',#12526,#8853,#8854);
#7387=AXIS2_PLACEMENT_3D('',#12528,#8856,#8857);
#7388=AXIS2_PLACEMENT_3D('',#12531,#8859,#8860);
#7389=AXIS2_PLACEMENT_3D('',#12532,#8861,#8862);
#7390=AXIS2_PLACEMENT_3D('',#12536,#8864,#8865);
#7391=AXIS2_PLACEMENT_3D('',#12566,#8867,#8868);
#7392=AXIS2_PLACEMENT_3D('',#12596,#8870,#8871);
#7393=AXIS2_PLACEMENT_3D('',#12626,#8873,#8874);
#7394=AXIS2_PLACEMENT_3D('',#12630,#8876,#8877);
#7395=AXIS2_PLACEMENT_3D('',#12660,#8879,#8880);
#7396=AXIS2_PLACEMENT_3D('',#12690,#8882,#8883);
#7397=AXIS2_PLACEMENT_3D('',#12719,#8885,#8886);
#7398=AXIS2_PLACEMENT_3D('',#12721,#8888,#8889);
#7399=AXIS2_PLACEMENT_3D('',#12723,#8891,#8892);
#7400=AXIS2_PLACEMENT_3D('',#12725,#8893,#8894);
#7401=AXIS2_PLACEMENT_3D('',#12728,#8895,#8896);
#7402=AXIS2_PLACEMENT_3D('',#12730,#8897,#8898);
#7403=AXIS2_PLACEMENT_3D('',#12732,#8899,#8900);
#7404=AXIS2_PLACEMENT_3D('',#12736,#8902,#8903);
#7405=AXIS2_PLACEMENT_3D('',#12738,#8904,#8905);
#7406=AXIS2_PLACEMENT_3D('',#12740,#8906,#8907);
#7407=AXIS2_PLACEMENT_3D('',#12744,#8909,#8910);
#7408=AXIS2_PLACEMENT_3D('',#12746,#8911,#8912);
#7409=AXIS2_PLACEMENT_3D('',#12748,#8913,#8914);
#7410=AXIS2_PLACEMENT_3D('',#12752,#8916,#8917);
#7411=AXIS2_PLACEMENT_3D('',#12754,#8918,#8919);
#7412=AXIS2_PLACEMENT_3D('',#12756,#8920,#8921);
#7413=AXIS2_PLACEMENT_3D('',#12760,#8923,#8924);
#7414=AXIS2_PLACEMENT_3D('',#12762,#8925,#8926);
#7415=AXIS2_PLACEMENT_3D('',#12764,#8927,#8928);
#7416=AXIS2_PLACEMENT_3D('',#12768,#8930,#8931);
#7417=AXIS2_PLACEMENT_3D('',#12770,#8932,#8933);
#7418=AXIS2_PLACEMENT_3D('',#12772,#8934,#8935);
#7419=AXIS2_PLACEMENT_3D('',#12776,#8937,#8938);
#7420=AXIS2_PLACEMENT_3D('',#12778,#8939,#8940);
#7421=AXIS2_PLACEMENT_3D('',#12780,#8941,#8942);
#7422=AXIS2_PLACEMENT_3D('',#12784,#8944,#8945);
#7423=AXIS2_PLACEMENT_3D('',#12786,#8946,#8947);
#7424=AXIS2_PLACEMENT_3D('',#12788,#8948,#8949);
#7425=AXIS2_PLACEMENT_3D('',#12792,#8951,#8952);
#7426=AXIS2_PLACEMENT_3D('',#12794,#8953,#8954);
#7427=AXIS2_PLACEMENT_3D('',#12796,#8955,#8956);
#7428=AXIS2_PLACEMENT_3D('',#12800,#8958,#8959);
#7429=AXIS2_PLACEMENT_3D('',#12802,#8960,#8961);
#7430=AXIS2_PLACEMENT_3D('',#12804,#8962,#8963);
#7431=AXIS2_PLACEMENT_3D('',#12808,#8965,#8966);
#7432=AXIS2_PLACEMENT_3D('',#12810,#8967,#8968);
#7433=AXIS2_PLACEMENT_3D('',#12812,#8969,#8970);
#7434=AXIS2_PLACEMENT_3D('',#12816,#8972,#8973);
#7435=AXIS2_PLACEMENT_3D('',#12818,#8974,#8975);
#7436=AXIS2_PLACEMENT_3D('',#12820,#8976,#8977);
#7437=AXIS2_PLACEMENT_3D('',#12824,#8979,#8980);
#7438=AXIS2_PLACEMENT_3D('',#12826,#8981,#8982);
#7439=AXIS2_PLACEMENT_3D('',#12828,#8983,#8984);
#7440=AXIS2_PLACEMENT_3D('',#12832,#8986,#8987);
#7441=AXIS2_PLACEMENT_3D('',#12834,#8988,#8989);
#7442=AXIS2_PLACEMENT_3D('',#12836,#8990,#8991);
#7443=AXIS2_PLACEMENT_3D('',#12840,#8993,#8994);
#7444=AXIS2_PLACEMENT_3D('',#12842,#8995,#8996);
#7445=AXIS2_PLACEMENT_3D('',#12844,#8997,#8998);
#7446=AXIS2_PLACEMENT_3D('',#12848,#9000,#9001);
#7447=AXIS2_PLACEMENT_3D('',#12850,#9002,#9003);
#7448=AXIS2_PLACEMENT_3D('',#12852,#9004,#9005);
#7449=AXIS2_PLACEMENT_3D('',#12856,#9007,#9008);
#7450=AXIS2_PLACEMENT_3D('',#12858,#9009,#9010);
#7451=AXIS2_PLACEMENT_3D('',#12860,#9011,#9012);
#7452=AXIS2_PLACEMENT_3D('',#12864,#9014,#9015);
#7453=AXIS2_PLACEMENT_3D('',#12866,#9016,#9017);
#7454=AXIS2_PLACEMENT_3D('',#12868,#9018,#9019);
#7455=AXIS2_PLACEMENT_3D('',#12872,#9021,#9022);
#7456=AXIS2_PLACEMENT_3D('',#12874,#9023,#9024);
#7457=AXIS2_PLACEMENT_3D('',#12876,#9025,#9026);
#7458=AXIS2_PLACEMENT_3D('',#12880,#9028,#9029);
#7459=AXIS2_PLACEMENT_3D('',#12882,#9030,#9031);
#7460=AXIS2_PLACEMENT_3D('',#12884,#9032,#9033);
#7461=AXIS2_PLACEMENT_3D('',#12888,#9035,#9036);
#7462=AXIS2_PLACEMENT_3D('',#12890,#9037,#9038);
#7463=AXIS2_PLACEMENT_3D('',#12892,#9039,#9040);
#7464=AXIS2_PLACEMENT_3D('',#12896,#9042,#9043);
#7465=AXIS2_PLACEMENT_3D('',#12898,#9044,#9045);
#7466=AXIS2_PLACEMENT_3D('',#12900,#9046,#9047);
#7467=AXIS2_PLACEMENT_3D('',#12904,#9049,#9050);
#7468=AXIS2_PLACEMENT_3D('',#12906,#9051,#9052);
#7469=AXIS2_PLACEMENT_3D('',#12908,#9053,#9054);
#7470=AXIS2_PLACEMENT_3D('',#12912,#9056,#9057);
#7471=AXIS2_PLACEMENT_3D('',#12914,#9058,#9059);
#7472=AXIS2_PLACEMENT_3D('',#12916,#9060,#9061);
#7473=AXIS2_PLACEMENT_3D('',#12918,#9063,#9064);
#7474=AXIS2_PLACEMENT_3D('',#12922,#9066,#9067);
#7475=AXIS2_PLACEMENT_3D('',#12924,#9069,#9070);
#7476=AXIS2_PLACEMENT_3D('',#12926,#9071,#9072);
#7477=AXIS2_PLACEMENT_3D('',#12928,#9074,#9075);
#7478=AXIS2_PLACEMENT_3D('',#12930,#9076,#9077);
#7479=AXIS2_PLACEMENT_3D('',#12932,#9079,#9080);
#7480=AXIS2_PLACEMENT_3D('',#12936,#9082,#9083);
#7481=AXIS2_PLACEMENT_3D('',#12938,#9085,#9086);
#7482=AXIS2_PLACEMENT_3D('',#12940,#9087,#9088);
#7483=AXIS2_PLACEMENT_3D('',#12942,#9090,#9091);
#7484=AXIS2_PLACEMENT_3D('',#12944,#9092,#9093);
#7485=AXIS2_PLACEMENT_3D('',#12946,#9095,#9096);
#7486=AXIS2_PLACEMENT_3D('',#12950,#9098,#9099);
#7487=AXIS2_PLACEMENT_3D('',#12952,#9101,#9102);
#7488=AXIS2_PLACEMENT_3D('',#12954,#9103,#9104);
#7489=AXIS2_PLACEMENT_3D('',#12956,#9106,#9107);
#7490=AXIS2_PLACEMENT_3D('',#12958,#9108,#9109);
#7491=AXIS2_PLACEMENT_3D('',#12960,#9111,#9112);
#7492=AXIS2_PLACEMENT_3D('',#12964,#9114,#9115);
#7493=AXIS2_PLACEMENT_3D('',#12966,#9117,#9118);
#7494=AXIS2_PLACEMENT_3D('',#12968,#9119,#9120);
#7495=AXIS2_PLACEMENT_3D('',#12970,#9122,#9123);
#7496=AXIS2_PLACEMENT_3D('',#12972,#9124,#9125);
#7497=AXIS2_PLACEMENT_3D('',#12974,#9127,#9128);
#7498=AXIS2_PLACEMENT_3D('',#12978,#9130,#9131);
#7499=AXIS2_PLACEMENT_3D('',#12980,#9133,#9134);
#7500=AXIS2_PLACEMENT_3D('',#12983,#9136,#9137);
#7501=AXIS2_PLACEMENT_3D('',#12984,#9138,#9139);
#7502=AXIS2_PLACEMENT_3D('',#12987,#9141,#9142);
#7503=AXIS2_PLACEMENT_3D('',#12988,#9143,#9144);
#7504=AXIS2_PLACEMENT_3D('',#12992,#9147,#9148);
#7505=AXIS2_PLACEMENT_3D('',#12996,#9150,#9151);
#7506=AXIS2_PLACEMENT_3D('',#12998,#9153,#9154);
#7507=AXIS2_PLACEMENT_3D('',#13000,#9155,#9156);
#7508=AXIS2_PLACEMENT_3D('',#13002,#9158,#9159);
#7509=AXIS2_PLACEMENT_3D('',#13003,#9160,#9161);
#7510=AXIS2_PLACEMENT_3D('',#13004,#9162,#9163);
#7511=AXIS2_PLACEMENT_3D('',#13008,#9165,#9166);
#7512=AXIS2_PLACEMENT_3D('',#13010,#9168,#9169);
#7513=AXIS2_PLACEMENT_3D('',#13012,#9170,#9171);
#7514=AXIS2_PLACEMENT_3D('',#13014,#9173,#9174);
#7515=AXIS2_PLACEMENT_3D('',#13016,#9175,#9176);
#7516=AXIS2_PLACEMENT_3D('',#13018,#9178,#9179);
#7517=AXIS2_PLACEMENT_3D('',#13022,#9181,#9182);
#7518=AXIS2_PLACEMENT_3D('',#13024,#9184,#9185);
#7519=AXIS2_PLACEMENT_3D('',#13026,#9186,#9187);
#7520=AXIS2_PLACEMENT_3D('',#13028,#9189,#9190);
#7521=AXIS2_PLACEMENT_3D('',#13030,#9191,#9192);
#7522=AXIS2_PLACEMENT_3D('',#13032,#9194,#9195);
#7523=AXIS2_PLACEMENT_3D('',#13036,#9197,#9198);
#7524=AXIS2_PLACEMENT_3D('',#13038,#9200,#9201);
#7525=AXIS2_PLACEMENT_3D('',#13040,#9202,#9203);
#7526=AXIS2_PLACEMENT_3D('',#13042,#9205,#9206);
#7527=AXIS2_PLACEMENT_3D('',#13044,#9207,#9208);
#7528=AXIS2_PLACEMENT_3D('',#13046,#9210,#9211);
#7529=AXIS2_PLACEMENT_3D('',#13050,#9213,#9214);
#7530=AXIS2_PLACEMENT_3D('',#13052,#9216,#9217);
#7531=AXIS2_PLACEMENT_3D('',#13054,#9218,#9219);
#7532=AXIS2_PLACEMENT_3D('',#13056,#9221,#9222);
#7533=AXIS2_PLACEMENT_3D('',#13058,#9223,#9224);
#7534=AXIS2_PLACEMENT_3D('',#13060,#9226,#9227);
#7535=AXIS2_PLACEMENT_3D('',#13064,#9229,#9230);
#7536=AXIS2_PLACEMENT_3D('',#13066,#9232,#9233);
#7537=AXIS2_PLACEMENT_3D('',#13069,#9235,#9236);
#7538=AXIS2_PLACEMENT_3D('',#13070,#9237,#9238);
#7539=AXIS2_PLACEMENT_3D('',#13073,#9240,#9241);
#7540=AXIS2_PLACEMENT_3D('',#13074,#9242,#9243);
#7541=AXIS2_PLACEMENT_3D('',#13078,#9246,#9247);
#7542=AXIS2_PLACEMENT_3D('',#13082,#9249,#9250);
#7543=AXIS2_PLACEMENT_3D('',#13084,#9252,#9253);
#7544=AXIS2_PLACEMENT_3D('',#13086,#9254,#9255);
#7545=AXIS2_PLACEMENT_3D('',#13088,#9257,#9258);
#7546=AXIS2_PLACEMENT_3D('',#13089,#9259,#9260);
#7547=AXIS2_PLACEMENT_3D('',#13090,#9261,#9262);
#7548=AXIS2_PLACEMENT_3D('',#13094,#9264,#9265);
#7549=AXIS2_PLACEMENT_3D('',#13096,#9267,#9268);
#7550=AXIS2_PLACEMENT_3D('',#13098,#9269,#9270);
#7551=AXIS2_PLACEMENT_3D('',#13100,#9272,#9273);
#7552=AXIS2_PLACEMENT_3D('',#13102,#9274,#9275);
#7553=AXIS2_PLACEMENT_3D('',#13104,#9277,#9278);
#7554=AXIS2_PLACEMENT_3D('',#13108,#9280,#9281);
#7555=AXIS2_PLACEMENT_3D('',#13110,#9283,#9284);
#7556=AXIS2_PLACEMENT_3D('',#13112,#9285,#9286);
#7557=AXIS2_PLACEMENT_3D('',#13114,#9288,#9289);
#7558=AXIS2_PLACEMENT_3D('',#13116,#9290,#9291);
#7559=AXIS2_PLACEMENT_3D('',#13118,#9293,#9294);
#7560=AXIS2_PLACEMENT_3D('',#13122,#9296,#9297);
#7561=AXIS2_PLACEMENT_3D('',#13124,#9299,#9300);
#7562=AXIS2_PLACEMENT_3D('',#13126,#9301,#9302);
#7563=AXIS2_PLACEMENT_3D('',#13128,#9304,#9305);
#7564=AXIS2_PLACEMENT_3D('',#13130,#9306,#9307);
#7565=AXIS2_PLACEMENT_3D('',#13132,#9309,#9310);
#7566=AXIS2_PLACEMENT_3D('',#13136,#9312,#9313);
#7567=AXIS2_PLACEMENT_3D('',#13138,#9315,#9316);
#7568=AXIS2_PLACEMENT_3D('',#13140,#9317,#9318);
#7569=AXIS2_PLACEMENT_3D('',#13142,#9320,#9321);
#7570=AXIS2_PLACEMENT_3D('',#13144,#9322,#9323);
#7571=AXIS2_PLACEMENT_3D('',#13146,#9325,#9326);
#7572=AXIS2_PLACEMENT_3D('',#13150,#9328,#9329);
#7573=AXIS2_PLACEMENT_3D('',#13152,#9331,#9332);
#7574=AXIS2_PLACEMENT_3D('',#13155,#9334,#9335);
#7575=AXIS2_PLACEMENT_3D('',#13156,#9336,#9337);
#7576=AXIS2_PLACEMENT_3D('',#13159,#9339,#9340);
#7577=AXIS2_PLACEMENT_3D('',#13160,#9341,#9342);
#7578=AXIS2_PLACEMENT_3D('',#13164,#9345,#9346);
#7579=AXIS2_PLACEMENT_3D('',#13168,#9348,#9349);
#7580=AXIS2_PLACEMENT_3D('',#13170,#9351,#9352);
#7581=AXIS2_PLACEMENT_3D('',#13172,#9354,#9355);
#7582=AXIS2_PLACEMENT_3D('',#13175,#9357,#9358);
#7583=AXIS2_PLACEMENT_3D('',#13176,#9359,#9360);
#7584=AXIS2_PLACEMENT_3D('',#13183,#9366,#9367);
#7585=AXIS2_PLACEMENT_3D('',#13184,#9368,#9369);
#7586=AXIS2_PLACEMENT_3D('',#13185,#9370,#9371);
#7587=AXIS2_PLACEMENT_3D('',#13186,#9372,#9373);
#7588=AXIS2_PLACEMENT_3D('',#13187,#9374,#9375);
#7589=AXIS2_PLACEMENT_3D('',#13188,#9376,#9377);
#7590=AXIS2_PLACEMENT_3D('',#13189,#9378,#9379);
#7591=AXIS2_PLACEMENT_3D('',#13191,#9381,#9382);
#7592=AXIS2_PLACEMENT_3D('',#13198,#9388,#9389);
#7593=AXIS2_PLACEMENT_3D('',#13199,#9390,#9391);
#7594=AXIS2_PLACEMENT_3D('',#13200,#9392,#9393);
#7595=AXIS2_PLACEMENT_3D('',#13201,#9394,#9395);
#7596=AXIS2_PLACEMENT_3D('',#13202,#9396,#9397);
#7597=AXIS2_PLACEMENT_3D('',#13203,#9398,#9399);
#7598=AXIS2_PLACEMENT_3D('',#13204,#9400,#9401);
#7599=AXIS2_PLACEMENT_3D('',#13206,#9403,#9404);
#7600=AXIS2_PLACEMENT_3D('',#13208,#9406,#9407);
#7601=AXIS2_PLACEMENT_3D('',#13213,#9411,#9412);
#7602=AXIS2_PLACEMENT_3D('',#13214,#9413,#9414);
#7603=AXIS2_PLACEMENT_3D('',#13215,#9415,#9416);
#7604=AXIS2_PLACEMENT_3D('',#13216,#9417,#9418);
#7605=AXIS2_PLACEMENT_3D('',#13217,#9419,#9420);
#7606=AXIS2_PLACEMENT_3D('',#13218,#9421,#9422);
#7607=AXIS2_PLACEMENT_3D('',#13219,#9423,#9424);
#7608=AXIS2_PLACEMENT_3D('',#13221,#9426,#9427);
#7609=AXIS2_PLACEMENT_3D('',#13225,#9429,#9430);
#7610=AXIS2_PLACEMENT_3D('',#13227,#9432,#9433);
#7611=AXIS2_PLACEMENT_3D('',#13229,#9434,#9435);
#7612=AXIS2_PLACEMENT_3D('',#13231,#9437,#9438);
#7613=AXIS2_PLACEMENT_3D('',#13233,#9439,#9440);
#7614=AXIS2_PLACEMENT_3D('',#13235,#9442,#9443);
#7615=AXIS2_PLACEMENT_3D('',#13239,#9445,#9446);
#7616=AXIS2_PLACEMENT_3D('',#13241,#9448,#9449);
#7617=AXIS2_PLACEMENT_3D('',#13243,#9450,#9451);
#7618=AXIS2_PLACEMENT_3D('',#13245,#9453,#9454);
#7619=AXIS2_PLACEMENT_3D('',#13247,#9455,#9456);
#7620=AXIS2_PLACEMENT_3D('',#13249,#9458,#9459);
#7621=AXIS2_PLACEMENT_3D('',#13253,#9461,#9462);
#7622=AXIS2_PLACEMENT_3D('',#13255,#9464,#9465);
#7623=AXIS2_PLACEMENT_3D('',#13257,#9466,#9467);
#7624=AXIS2_PLACEMENT_3D('',#13259,#9469,#9470);
#7625=AXIS2_PLACEMENT_3D('',#13261,#9471,#9472);
#7626=AXIS2_PLACEMENT_3D('',#13263,#9474,#9475);
#7627=AXIS2_PLACEMENT_3D('',#13267,#9477,#9478);
#7628=AXIS2_PLACEMENT_3D('',#13269,#9480,#9481);
#7629=AXIS2_PLACEMENT_3D('',#13271,#9482,#9483);
#7630=AXIS2_PLACEMENT_3D('',#13273,#9485,#9486);
#7631=AXIS2_PLACEMENT_3D('',#13275,#9487,#9488);
#7632=AXIS2_PLACEMENT_3D('',#13277,#9490,#9491);
#7633=AXIS2_PLACEMENT_3D('',#13281,#9493,#9494);
#7634=AXIS2_PLACEMENT_3D('',#13283,#9496,#9497);
#7635=AXIS2_PLACEMENT_3D('',#13286,#9499,#9500);
#7636=AXIS2_PLACEMENT_3D('',#13287,#9501,#9502);
#7637=AXIS2_PLACEMENT_3D('',#13290,#9504,#9505);
#7638=AXIS2_PLACEMENT_3D('',#13291,#9506,#9507);
#7639=AXIS2_PLACEMENT_3D('',#13295,#9510,#9511);
#7640=AXIS2_PLACEMENT_3D('',#13299,#9513,#9514);
#7641=AXIS2_PLACEMENT_3D('',#13301,#9516,#9517);
#7642=AXIS2_PLACEMENT_3D('',#13303,#9519,#9520);
#7643=AXIS2_PLACEMENT_3D('',#13306,#9522,#9523);
#7644=AXIS2_PLACEMENT_3D('',#13307,#9524,#9525);
#7645=AXIS2_PLACEMENT_3D('',#13309,#9527,#9528);
#7646=AXIS2_PLACEMENT_3D('',#13311,#9530,#9531);
#7647=AXIS2_PLACEMENT_3D('',#13312,#9532,#9533);
#7648=AXIS2_PLACEMENT_3D('',#13313,#9534,#9535);
#7649=AXIS2_PLACEMENT_3D('',#13315,#9537,#9538);
#7650=AXIS2_PLACEMENT_3D('',#13317,#9540,#9541);
#7651=AXIS2_PLACEMENT_3D('',#13319,#9542,#9543);
#7652=AXIS2_PLACEMENT_3D('',#13320,#9544,#9545);
#7653=AXIS2_PLACEMENT_3D('',#13322,#9547,#9548);
#7654=AXIS2_PLACEMENT_3D('',#13325,#9550,#9551);
#7655=AXIS2_PLACEMENT_3D('',#13326,#9552,#9553);
#7656=AXIS2_PLACEMENT_3D('',#13329,#9554,#9555);
#7657=AXIS2_PLACEMENT_3D('',#13333,#9557,#9558);
#7658=AXIS2_PLACEMENT_3D('',#13337,#9560,#9561);
#7659=AXIS2_PLACEMENT_3D('',#13341,#9563,#9564);
#7660=AXIS2_PLACEMENT_3D('',#13343,#9566,#9567);
#7661=AXIS2_PLACEMENT_3D('',#13347,#9569,#9570);
#7662=AXIS2_PLACEMENT_3D('',#13349,#9572,#9573);
#7663=AXIS2_PLACEMENT_3D('',#13353,#9576,#9577);
#7664=AXIS2_PLACEMENT_3D('',#13356,#9579,#9580);
#7665=AXIS2_PLACEMENT_3D('',#13357,#9581,#9582);
#7666=AXIS2_PLACEMENT_3D('',#13361,#9585,#9586);
#7667=AXIS2_PLACEMENT_3D('',#13364,#9588,#9589);
#7668=AXIS2_PLACEMENT_3D('',#13365,#9590,#9591);
#7669=AXIS2_PLACEMENT_3D('',#13367,#9592,#9593);
#7670=AXIS2_PLACEMENT_3D('',#13371,#9595,#9596);
#7671=AXIS2_PLACEMENT_3D('',#13373,#9598,#9599);
#7672=AXIS2_PLACEMENT_3D('',#13375,#9601,#9602);
#7673=AXIS2_PLACEMENT_3D('',#13377,#9604,#9605);
#7674=AXIS2_PLACEMENT_3D('',#13379,#9607,#9608);
#7675=AXIS2_PLACEMENT_3D('',#13380,#9609,#9610);
#7676=AXIS2_PLACEMENT_3D('',#13383,#9613,#9614);
#7677=AXIS2_PLACEMENT_3D('',#13387,#9616,#9617);
#7678=AXIS2_PLACEMENT_3D('',#13417,#9619,#9620);
#7679=AXIS2_PLACEMENT_3D('',#13447,#9622,#9623);
#7680=AXIS2_PLACEMENT_3D('',#13477,#9625,#9626);
#7681=AXIS2_PLACEMENT_3D('',#13481,#9628,#9629);
#7682=AXIS2_PLACEMENT_3D('',#13511,#9631,#9632);
#7683=AXIS2_PLACEMENT_3D('',#13541,#9634,#9635);
#7684=AXIS2_PLACEMENT_3D('',#13571,#9637,#9638);
#7685=AXIS2_PLACEMENT_3D('',#13573,#9640,#9641);
#7686=AXIS2_PLACEMENT_3D('',#13574,#9642,#9643);
#7687=AXIS2_PLACEMENT_3D('',#13578,#9645,#9646);
#7688=AXIS2_PLACEMENT_3D('',#13608,#9648,#9649);
#7689=AXIS2_PLACEMENT_3D('',#13638,#9651,#9652);
#7690=AXIS2_PLACEMENT_3D('',#13668,#9654,#9655);
#7691=AXIS2_PLACEMENT_3D('',#13672,#9657,#9658);
#7692=AXIS2_PLACEMENT_3D('',#13702,#9660,#9661);
#7693=AXIS2_PLACEMENT_3D('',#13732,#9663,#9664);
#7694=AXIS2_PLACEMENT_3D('',#13762,#9666,#9667);
#7695=AXIS2_PLACEMENT_3D('',#13764,#9669,#9670);
#7696=AXIS2_PLACEMENT_3D('',#13765,#9671,#9672);
#7697=AXIS2_PLACEMENT_3D('',#13766,#9673,#9674);
#7698=AXIS2_PLACEMENT_3D('',#13767,#9675,#9676);
#7699=AXIS2_PLACEMENT_3D('',#13768,#9677,#9678);
#7700=AXIS2_PLACEMENT_3D('',#13769,#9679,#9680);
#7701=AXIS2_PLACEMENT_3D('',#13770,#9681,#9682);
#7702=AXIS2_PLACEMENT_3D('',#13771,#9683,#9684);
#7703=AXIS2_PLACEMENT_3D('',#13772,#9685,#9686);
#7704=AXIS2_PLACEMENT_3D('',#13773,#9687,#9688);
#7705=AXIS2_PLACEMENT_3D('',#13774,#9689,#9690);
#7706=AXIS2_PLACEMENT_3D('',#13775,#9691,#9692);
#7707=AXIS2_PLACEMENT_3D('',#13776,#9693,#9694);
#7708=AXIS2_PLACEMENT_3D('',#13777,#9695,#9696);
#7709=AXIS2_PLACEMENT_3D('',#13778,#9697,#9698);
#7710=AXIS2_PLACEMENT_3D('',#13779,#9699,#9700);
#7711=AXIS2_PLACEMENT_3D('',#13780,#9701,#9702);
#7712=AXIS2_PLACEMENT_3D('',#13781,#9703,#9704);
#7713=AXIS2_PLACEMENT_3D('',#13782,#9705,#9706);
#7714=AXIS2_PLACEMENT_3D('',#13783,#9707,#9708);
#7715=AXIS2_PLACEMENT_3D('',#13784,#9709,#9710);
#7716=AXIS2_PLACEMENT_3D('',#13785,#9711,#9712);
#7717=AXIS2_PLACEMENT_3D('',#13786,#9713,#9714);
#7718=AXIS2_PLACEMENT_3D('',#13787,#9715,#9716);
#7719=AXIS2_PLACEMENT_3D('',#13788,#9717,#9718);
#7720=AXIS2_PLACEMENT_3D('',#13789,#9719,#9720);
#7721=AXIS2_PLACEMENT_3D('',#13790,#9721,#9722);
#7722=AXIS2_PLACEMENT_3D('',#13791,#9723,#9724);
#7723=AXIS2_PLACEMENT_3D('',#13792,#9725,#9726);
#7724=AXIS2_PLACEMENT_3D('',#13793,#9727,#9728);
#7725=AXIS2_PLACEMENT_3D('',#13794,#9729,#9730);
#7726=AXIS2_PLACEMENT_3D('',#13795,#9731,#9732);
#7727=AXIS2_PLACEMENT_3D('',#13796,#9733,#9734);
#7728=AXIS2_PLACEMENT_3D('',#13797,#9735,#9736);
#7729=AXIS2_PLACEMENT_3D('',#13798,#9737,#9738);
#7730=AXIS2_PLACEMENT_3D('',#13799,#9739,#9740);
#7731=AXIS2_PLACEMENT_3D('',#13800,#9741,#9742);
#7732=AXIS2_PLACEMENT_3D('',#13801,#9743,#9744);
#7733=AXIS2_PLACEMENT_3D('',#13802,#9745,#9746);
#7734=AXIS2_PLACEMENT_3D('',#13803,#9747,#9748);
#7735=AXIS2_PLACEMENT_3D('',#13804,#9749,#9750);
#7736=AXIS2_PLACEMENT_3D('',#13805,#9751,#9752);
#7737=AXIS2_PLACEMENT_3D('',#13806,#9753,#9754);
#7738=AXIS2_PLACEMENT_3D('',#13807,#9755,#9756);
#7739=AXIS2_PLACEMENT_3D('',#13808,#9757,#9758);
#7740=AXIS2_PLACEMENT_3D('',#13809,#9759,#9760);
#7741=AXIS2_PLACEMENT_3D('',#13810,#9761,#9762);
#7742=AXIS2_PLACEMENT_3D('',#13811,#9763,#9764);
#7743=AXIS2_PLACEMENT_3D('',#13812,#9765,#9766);
#7744=AXIS2_PLACEMENT_3D('',#13813,#9767,#9768);
#7745=AXIS2_PLACEMENT_3D('',#13814,#9769,#9770);
#7746=AXIS2_PLACEMENT_3D('',#13815,#9771,#9772);
#7747=AXIS2_PLACEMENT_3D('',#13816,#9773,#9774);
#7748=AXIS2_PLACEMENT_3D('',#13817,#9775,#9776);
#7749=AXIS2_PLACEMENT_3D('',#13818,#9777,#9778);
#7750=AXIS2_PLACEMENT_3D('',#13819,#9779,#9780);
#7751=AXIS2_PLACEMENT_3D('',#13820,#9781,#9782);
#7752=AXIS2_PLACEMENT_3D('',#13821,#9783,#9784);
#7753=AXIS2_PLACEMENT_3D('',#13822,#9785,#9786);
#7754=AXIS2_PLACEMENT_3D('',#13823,#9787,#9788);
#7755=AXIS2_PLACEMENT_3D('',#13824,#9789,#9790);
#7756=AXIS2_PLACEMENT_3D('',#13825,#9791,#9792);
#7757=AXIS2_PLACEMENT_3D('',#13826,#9793,#9794);
#7758=AXIS2_PLACEMENT_3D('',#13827,#9795,#9796);
#7759=AXIS2_PLACEMENT_3D('',#13828,#9797,#9798);
#7760=AXIS2_PLACEMENT_3D('',#13829,#9799,#9800);
#7761=AXIS2_PLACEMENT_3D('',#13830,#9801,#9802);
#7762=AXIS2_PLACEMENT_3D('',#13831,#9803,#9804);
#7763=AXIS2_PLACEMENT_3D('',#13832,#9805,#9806);
#7764=AXIS2_PLACEMENT_3D('',#13833,#9807,#9808);
#7765=AXIS2_PLACEMENT_3D('',#13834,#9809,#9810);
#7766=AXIS2_PLACEMENT_3D('',#13835,#9811,#9812);
#7767=AXIS2_PLACEMENT_3D('',#13836,#9813,#9814);
#7768=AXIS2_PLACEMENT_3D('',#13837,#9815,#9816);
#7769=AXIS2_PLACEMENT_3D('',#13838,#9817,#9818);
#7770=AXIS2_PLACEMENT_3D('',#13839,#9819,#9820);
#7771=AXIS2_PLACEMENT_3D('',#13840,#9821,#9822);
#7772=AXIS2_PLACEMENT_3D('',#13841,#9823,#9824);
#7773=AXIS2_PLACEMENT_3D('',#13842,#9825,#9826);
#7774=AXIS2_PLACEMENT_3D('',#13843,#9827,#9828);
#7775=AXIS2_PLACEMENT_3D('',#13844,#9829,#9830);
#7776=AXIS2_PLACEMENT_3D('',#13845,#9831,#9832);
#7777=AXIS2_PLACEMENT_3D('',#13846,#9833,#9834);
#7778=AXIS2_PLACEMENT_3D('',#13847,#9835,#9836);
#7779=AXIS2_PLACEMENT_3D('',#13848,#9837,#9838);
#7780=AXIS2_PLACEMENT_3D('',#13849,#9839,#9840);
#7781=AXIS2_PLACEMENT_3D('',#13850,#9841,#9842);
#7782=AXIS2_PLACEMENT_3D('',#13851,#9843,#9844);
#7783=AXIS2_PLACEMENT_3D('',#13852,#9845,#9846);
#7784=AXIS2_PLACEMENT_3D('',#13853,#9847,#9848);
#7785=AXIS2_PLACEMENT_3D('',#13854,#9849,#9850);
#7786=AXIS2_PLACEMENT_3D('',#13855,#9851,#9852);
#7787=AXIS2_PLACEMENT_3D('',#13856,#9853,#9854);
#7788=AXIS2_PLACEMENT_3D('',#13857,#9855,#9856);
#7789=AXIS2_PLACEMENT_3D('',#13858,#9857,#9858);
#7790=AXIS2_PLACEMENT_3D('',#13859,#9859,#9860);
#7791=AXIS2_PLACEMENT_3D('',#13860,#9861,#9862);
#7792=AXIS2_PLACEMENT_3D('',#13861,#9863,#9864);
#7793=AXIS2_PLACEMENT_3D('',#13862,#9865,#9866);
#7794=AXIS2_PLACEMENT_3D('',#13863,#9867,#9868);
#7795=AXIS2_PLACEMENT_3D('',#13864,#9869,#9870);
#7796=AXIS2_PLACEMENT_3D('',#13865,#9871,#9872);
#7797=AXIS2_PLACEMENT_3D('',#13866,#9873,#9874);
#7798=AXIS2_PLACEMENT_3D('',#13867,#9875,#9876);
#7799=AXIS2_PLACEMENT_3D('',#13868,#9877,#9878);
#7800=AXIS2_PLACEMENT_3D('',#13869,#9879,#9880);
#7801=AXIS2_PLACEMENT_3D('',#13870,#9881,#9882);
#7802=AXIS2_PLACEMENT_3D('',#13871,#9883,#9884);
#7803=AXIS2_PLACEMENT_3D('',#13872,#9885,#9886);
#7804=AXIS2_PLACEMENT_3D('',#13873,#9887,#9888);
#7805=AXIS2_PLACEMENT_3D('',#13874,#9889,#9890);
#7806=AXIS2_PLACEMENT_3D('',#13875,#9891,#9892);
#7807=AXIS2_PLACEMENT_3D('',#13876,#9893,#9894);
#7808=AXIS2_PLACEMENT_3D('',#13877,#9895,#9896);
#7809=AXIS2_PLACEMENT_3D('',#13878,#9897,#9898);
#7810=AXIS2_PLACEMENT_3D('',#13879,#9899,#9900);
#7811=AXIS2_PLACEMENT_3D('',#13880,#9901,#9902);
#7812=AXIS2_PLACEMENT_3D('',#13881,#9903,#9904);
#7813=AXIS2_PLACEMENT_3D('',#13882,#9905,#9906);
#7814=AXIS2_PLACEMENT_3D('',#13883,#9907,#9908);
#7815=AXIS2_PLACEMENT_3D('',#13884,#9909,#9910);
#7816=AXIS2_PLACEMENT_3D('',#13885,#9911,#9912);
#7817=AXIS2_PLACEMENT_3D('',#13886,#9913,#9914);
#7818=AXIS2_PLACEMENT_3D('',#13887,#9915,#9916);
#7819=AXIS2_PLACEMENT_3D('',#13888,#9917,#9918);
#7820=AXIS2_PLACEMENT_3D('',#13889,#9919,#9920);
#7821=AXIS2_PLACEMENT_3D('',#13890,#9921,#9922);
#7822=AXIS2_PLACEMENT_3D('',#13891,#9923,#9924);
#7823=AXIS2_PLACEMENT_3D('',#13892,#9925,#9926);
#7824=AXIS2_PLACEMENT_3D('',#13893,#9927,#9928);
#7825=AXIS2_PLACEMENT_3D('',#13894,#9929,#9930);
#7826=AXIS2_PLACEMENT_3D('',#13895,#9931,#9932);
#7827=AXIS2_PLACEMENT_3D('',#13896,#9933,#9934);
#7828=AXIS2_PLACEMENT_3D('',#13897,#9935,#9936);
#7829=AXIS2_PLACEMENT_3D('',#13898,#9937,#9938);
#7830=AXIS2_PLACEMENT_3D('',#13899,#9939,#9940);
#7831=AXIS2_PLACEMENT_3D('',#13900,#9941,#9942);
#7832=AXIS2_PLACEMENT_3D('',#13901,#9943,#9944);
#7833=AXIS2_PLACEMENT_3D('',#13902,#9945,#9946);
#7834=AXIS2_PLACEMENT_3D('',#13903,#9947,#9948);
#7835=AXIS2_PLACEMENT_3D('',#13904,#9949,#9950);
#7836=AXIS2_PLACEMENT_3D('',#13905,#9951,#9952);
#7837=AXIS2_PLACEMENT_3D('',#13906,#9953,#9954);
#7838=AXIS2_PLACEMENT_3D('',#13907,#9955,#9956);
#7839=AXIS2_PLACEMENT_3D('',#13908,#9957,#9958);
#7840=AXIS2_PLACEMENT_3D('',#13909,#9959,#9960);
#7841=AXIS2_PLACEMENT_3D('',#13910,#9961,#9962);
#7842=AXIS2_PLACEMENT_3D('',#13911,#9963,#9964);
#7843=AXIS2_PLACEMENT_3D('',#13912,#9965,#9966);
#7844=AXIS2_PLACEMENT_3D('',#13913,#9967,#9968);
#7845=AXIS2_PLACEMENT_3D('',#13914,#9969,#9970);
#7846=AXIS2_PLACEMENT_3D('',#13915,#9971,#9972);
#7847=AXIS2_PLACEMENT_3D('',#13916,#9973,#9974);
#7848=AXIS2_PLACEMENT_3D('',#13917,#9975,#9976);
#7849=AXIS2_PLACEMENT_3D('',#13918,#9977,#9978);
#7850=AXIS2_PLACEMENT_3D('',#13919,#9979,#9980);
#7851=AXIS2_PLACEMENT_3D('',#13920,#9981,#9982);
#7852=AXIS2_PLACEMENT_3D('',#13921,#9983,#9984);
#7853=AXIS2_PLACEMENT_3D('',#13922,#9985,#9986);
#7854=AXIS2_PLACEMENT_3D('',#13923,#9987,#9988);
#7855=AXIS2_PLACEMENT_3D('',#13924,#9989,#9990);
#7856=AXIS2_PLACEMENT_3D('',#13925,#9991,#9992);
#7857=AXIS2_PLACEMENT_3D('',#13926,#9993,#9994);
#7858=AXIS2_PLACEMENT_3D('',#13927,#9995,#9996);
#7859=AXIS2_PLACEMENT_3D('',#13928,#9997,#9998);
#7860=AXIS2_PLACEMENT_3D('',#13929,#9999,#10000);
#7861=AXIS2_PLACEMENT_3D('',#13930,#10001,#10002);
#7862=AXIS2_PLACEMENT_3D('',#13931,#10003,#10004);
#7863=AXIS2_PLACEMENT_3D('',#13932,#10005,#10006);
#7864=AXIS2_PLACEMENT_3D('',#13933,#10007,#10008);
#7865=AXIS2_PLACEMENT_3D('',#13934,#10009,#10010);
#7866=AXIS2_PLACEMENT_3D('',#13935,#10011,#10012);
#7867=AXIS2_PLACEMENT_3D('',#13936,#10013,#10014);
#7868=AXIS2_PLACEMENT_3D('',#13937,#10015,#10016);
#7869=AXIS2_PLACEMENT_3D('',#13938,#10017,#10018);
#7870=AXIS2_PLACEMENT_3D('',#13939,#10019,#10020);
#7871=AXIS2_PLACEMENT_3D('',#13940,#10021,#10022);
#7872=AXIS2_PLACEMENT_3D('',#13941,#10023,#10024);
#7873=AXIS2_PLACEMENT_3D('',#13942,#10025,#10026);
#7874=AXIS2_PLACEMENT_3D('',#13943,#10027,#10028);
#7875=AXIS2_PLACEMENT_3D('',#13944,#10029,#10030);
#7876=AXIS2_PLACEMENT_3D('',#13945,#10031,#10032);
#7877=AXIS2_PLACEMENT_3D('',#13946,#10033,#10034);
#7878=AXIS2_PLACEMENT_3D('',#13947,#10035,#10036);
#7879=AXIS2_PLACEMENT_3D('',#13948,#10037,#10038);
#7880=AXIS2_PLACEMENT_3D('',#13949,#10039,#10040);
#7881=AXIS2_PLACEMENT_3D('',#13950,#10041,#10042);
#7882=AXIS2_PLACEMENT_3D('',#13951,#10043,#10044);
#7883=AXIS2_PLACEMENT_3D('',#13952,#10045,#10046);
#7884=AXIS2_PLACEMENT_3D('',#13953,#10047,#10048);
#7885=AXIS2_PLACEMENT_3D('',#13954,#10049,#10050);
#7886=AXIS2_PLACEMENT_3D('',#13955,#10051,#10052);
#7887=AXIS2_PLACEMENT_3D('',#13956,#10053,#10054);
#7888=AXIS2_PLACEMENT_3D('',#13957,#10055,#10056);
#7889=AXIS2_PLACEMENT_3D('',#13958,#10057,#10058);
#7890=AXIS2_PLACEMENT_3D('',#13959,#10059,#10060);
#7891=AXIS2_PLACEMENT_3D('',#13960,#10061,#10062);
#7892=AXIS2_PLACEMENT_3D('',#13961,#10063,#10064);
#7893=AXIS2_PLACEMENT_3D('',#13962,#10065,#10066);
#7894=AXIS2_PLACEMENT_3D('',#13963,#10067,#10068);
#7895=AXIS2_PLACEMENT_3D('',#13964,#10069,#10070);
#7896=AXIS2_PLACEMENT_3D('',#13965,#10071,#10072);
#7897=AXIS2_PLACEMENT_3D('',#13966,#10073,#10074);
#7898=AXIS2_PLACEMENT_3D('',#13967,#10075,#10076);
#7899=AXIS2_PLACEMENT_3D('',#13968,#10077,#10078);
#7900=AXIS2_PLACEMENT_3D('',#13969,#10079,#10080);
#7901=AXIS2_PLACEMENT_3D('',#13970,#10081,#10082);
#7902=AXIS2_PLACEMENT_3D('',#13971,#10083,#10084);
#7903=AXIS2_PLACEMENT_3D('',#13972,#10085,#10086);
#7904=AXIS2_PLACEMENT_3D('',#13973,#10087,#10088);
#7905=AXIS2_PLACEMENT_3D('',#13974,#10089,#10090);
#7906=AXIS2_PLACEMENT_3D('',#13975,#10091,#10092);
#7907=AXIS2_PLACEMENT_3D('',#13976,#10093,#10094);
#7908=AXIS2_PLACEMENT_3D('',#13977,#10095,#10096);
#7909=AXIS2_PLACEMENT_3D('',#13978,#10097,#10098);
#7910=AXIS2_PLACEMENT_3D('',#13979,#10099,#10100);
#7911=AXIS2_PLACEMENT_3D('',#13980,#10101,#10102);
#7912=AXIS2_PLACEMENT_3D('',#13981,#10103,#10104);
#7913=AXIS2_PLACEMENT_3D('',#13982,#10105,#10106);
#7914=AXIS2_PLACEMENT_3D('',#13983,#10107,#10108);
#7915=AXIS2_PLACEMENT_3D('',#13984,#10109,#10110);
#7916=AXIS2_PLACEMENT_3D('',#13985,#10111,#10112);
#7917=AXIS2_PLACEMENT_3D('',#13986,#10113,#10114);
#7918=AXIS2_PLACEMENT_3D('',#13987,#10115,#10116);
#7919=AXIS2_PLACEMENT_3D('',#13988,#10117,#10118);
#7920=AXIS2_PLACEMENT_3D('',#13989,#10119,#10120);
#7921=AXIS2_PLACEMENT_3D('',#13990,#10121,#10122);
#7922=AXIS2_PLACEMENT_3D('',#13991,#10123,#10124);
#7923=AXIS2_PLACEMENT_3D('',#13992,#10125,#10126);
#7924=AXIS2_PLACEMENT_3D('',#13993,#10127,#10128);
#7925=AXIS2_PLACEMENT_3D('',#13994,#10129,#10130);
#7926=AXIS2_PLACEMENT_3D('',#13995,#10131,#10132);
#7927=AXIS2_PLACEMENT_3D('',#13996,#10133,#10134);
#7928=AXIS2_PLACEMENT_3D('',#13997,#10135,#10136);
#7929=AXIS2_PLACEMENT_3D('',#13998,#10137,#10138);
#7930=AXIS2_PLACEMENT_3D('',#13999,#10139,#10140);
#7931=AXIS2_PLACEMENT_3D('',#14000,#10141,#10142);
#7932=AXIS2_PLACEMENT_3D('',#14001,#10143,#10144);
#7933=AXIS2_PLACEMENT_3D('',#14002,#10145,#10146);
#7934=AXIS2_PLACEMENT_3D('',#14003,#10147,#10148);
#7935=AXIS2_PLACEMENT_3D('',#14004,#10149,#10150);
#7936=AXIS2_PLACEMENT_3D('',#14005,#10151,#10152);
#7937=AXIS2_PLACEMENT_3D('',#14006,#10153,#10154);
#7938=AXIS2_PLACEMENT_3D('',#14007,#10155,#10156);
#7939=AXIS2_PLACEMENT_3D('',#14008,#10157,#10158);
#7940=AXIS2_PLACEMENT_3D('',#14009,#10159,#10160);
#7941=AXIS2_PLACEMENT_3D('',#14010,#10161,#10162);
#7942=AXIS2_PLACEMENT_3D('',#14011,#10163,#10164);
#7943=AXIS2_PLACEMENT_3D('',#14012,#10165,#10166);
#7944=AXIS2_PLACEMENT_3D('',#14013,#10167,#10168);
#7945=AXIS2_PLACEMENT_3D('',#14014,#10169,#10170);
#7946=AXIS2_PLACEMENT_3D('',#14015,#10171,#10172);
#7947=AXIS2_PLACEMENT_3D('',#14016,#10173,#10174);
#7948=AXIS2_PLACEMENT_3D('',#14017,#10175,#10176);
#7949=AXIS2_PLACEMENT_3D('',#14018,#10177,#10178);
#7950=AXIS2_PLACEMENT_3D('',#14019,#10179,#10180);
#7951=AXIS2_PLACEMENT_3D('',#14020,#10181,#10182);
#7952=AXIS2_PLACEMENT_3D('',#14021,#10183,#10184);
#7953=AXIS2_PLACEMENT_3D('',#14022,#10185,#10186);
#7954=AXIS2_PLACEMENT_3D('',#14023,#10187,#10188);
#7955=AXIS2_PLACEMENT_3D('',#14024,#10189,#10190);
#7956=AXIS2_PLACEMENT_3D('',#14025,#10191,#10192);
#7957=AXIS2_PLACEMENT_3D('',#14026,#10193,#10194);
#7958=AXIS2_PLACEMENT_3D('',#14027,#10195,#10196);
#7959=AXIS2_PLACEMENT_3D('',#14028,#10197,#10198);
#7960=AXIS2_PLACEMENT_3D('',#14029,#10199,#10200);
#7961=AXIS2_PLACEMENT_3D('',#14030,#10201,#10202);
#7962=AXIS2_PLACEMENT_3D('',#14031,#10203,#10204);
#7963=AXIS2_PLACEMENT_3D('',#14032,#10205,#10206);
#7964=AXIS2_PLACEMENT_3D('',#14033,#10207,#10208);
#7965=AXIS2_PLACEMENT_3D('',#14034,#10209,#10210);
#7966=AXIS2_PLACEMENT_3D('',#14035,#10211,#10212);
#7967=AXIS2_PLACEMENT_3D('',#14036,#10213,#10214);
#7968=AXIS2_PLACEMENT_3D('',#14037,#10215,#10216);
#7969=AXIS2_PLACEMENT_3D('',#14038,#10217,#10218);
#7970=AXIS2_PLACEMENT_3D('',#14039,#10219,#10220);
#7971=AXIS2_PLACEMENT_3D('',#14040,#10221,#10222);
#7972=AXIS2_PLACEMENT_3D('',#14041,#10223,#10224);
#7973=AXIS2_PLACEMENT_3D('',#14042,#10225,#10226);
#7974=AXIS2_PLACEMENT_3D('',#14043,#10227,#10228);
#7975=AXIS2_PLACEMENT_3D('',#14044,#10229,#10230);
#7976=AXIS2_PLACEMENT_3D('',#14045,#10231,#10232);
#7977=AXIS2_PLACEMENT_3D('',#14046,#10233,#10234);
#7978=AXIS2_PLACEMENT_3D('',#14047,#10235,#10236);
#7979=AXIS2_PLACEMENT_3D('',#14048,#10237,#10238);
#7980=AXIS2_PLACEMENT_3D('',#14049,#10239,#10240);
#7981=AXIS2_PLACEMENT_3D('',#14050,#10241,#10242);
#7982=AXIS2_PLACEMENT_3D('',#14051,#10243,#10244);
#7983=AXIS2_PLACEMENT_3D('',#14052,#10245,#10246);
#7984=AXIS2_PLACEMENT_3D('',#14053,#10247,#10248);
#7985=AXIS2_PLACEMENT_3D('',#14054,#10249,#10250);
#7986=AXIS2_PLACEMENT_3D('',#14055,#10251,#10252);
#7987=AXIS2_PLACEMENT_3D('',#14056,#10253,#10254);
#7988=AXIS2_PLACEMENT_3D('',#14057,#10255,#10256);
#7989=AXIS2_PLACEMENT_3D('',#14058,#10257,#10258);
#7990=AXIS2_PLACEMENT_3D('',#14059,#10259,#10260);
#7991=AXIS2_PLACEMENT_3D('',#14060,#10261,#10262);
#7992=AXIS2_PLACEMENT_3D('',#14061,#10263,#10264);
#7993=AXIS2_PLACEMENT_3D('',#14062,#10265,#10266);
#7994=AXIS2_PLACEMENT_3D('',#14063,#10267,#10268);
#7995=AXIS2_PLACEMENT_3D('',#14064,#10269,#10270);
#7996=AXIS2_PLACEMENT_3D('',#14065,#10271,#10272);
#7997=AXIS2_PLACEMENT_3D('',#14066,#10273,#10274);
#7998=AXIS2_PLACEMENT_3D('',#14067,#10275,#10276);
#7999=AXIS2_PLACEMENT_3D('',#14068,#10277,#10278);
#8000=AXIS2_PLACEMENT_3D('',#14069,#10279,#10280);
#8001=AXIS2_PLACEMENT_3D('',#14070,#10281,#10282);
#8002=AXIS2_PLACEMENT_3D('',#14071,#10283,#10284);
#8003=AXIS2_PLACEMENT_3D('',#14072,#10285,#10286);
#8004=AXIS2_PLACEMENT_3D('',#14073,#10287,#10288);
#8005=AXIS2_PLACEMENT_3D('',#14074,#10289,#10290);
#8006=AXIS2_PLACEMENT_3D('',#14075,#10291,#10292);
#8007=AXIS2_PLACEMENT_3D('',#14076,#10293,#10294);
#8008=AXIS2_PLACEMENT_3D('',#14077,#10295,#10296);
#8009=AXIS2_PLACEMENT_3D('',#14078,#10297,#10298);
#8010=AXIS2_PLACEMENT_3D('',#14079,#10299,#10300);
#8011=AXIS2_PLACEMENT_3D('',#14080,#10301,#10302);
#8012=AXIS2_PLACEMENT_3D('',#14081,#10303,#10304);
#8013=AXIS2_PLACEMENT_3D('',#14082,#10305,#10306);
#8014=AXIS2_PLACEMENT_3D('',#14083,#10307,#10308);
#8015=AXIS2_PLACEMENT_3D('',#14084,#10309,#10310);
#8016=AXIS2_PLACEMENT_3D('',#14085,#10311,#10312);
#8017=AXIS2_PLACEMENT_3D('',#14086,#10313,#10314);
#8018=AXIS2_PLACEMENT_3D('',#14087,#10315,#10316);
#8019=AXIS2_PLACEMENT_3D('',#14088,#10317,#10318);
#8020=AXIS2_PLACEMENT_3D('',#14089,#10319,#10320);
#8021=AXIS2_PLACEMENT_3D('',#14090,#10321,#10322);
#8022=AXIS2_PLACEMENT_3D('',#14091,#10323,#10324);
#8023=AXIS2_PLACEMENT_3D('',#14092,#10325,#10326);
#8024=AXIS2_PLACEMENT_3D('',#14093,#10327,#10328);
#8025=DIRECTION('axis',(0.,0.,1.));
#8026=DIRECTION('refdir',(1.,0.,0.));
#8027=DIRECTION('center_axis',(1.,0.,0.));
#8028=DIRECTION('ref_axis',(0.,0.707106831306803,0.707106731066288));
#8029=DIRECTION('',(0.707106781186546,-0.499999985853936,-0.500000014146065));
#8030=DIRECTION('center_axis',(1.,0.,0.));
#8031=DIRECTION('ref_axis',(0.,0.707106831306803,0.707106731066288));
#8032=DIRECTION('',(-0.707106781186545,-0.500000000000001,-0.500000000000003));
#8033=DIRECTION('center_axis',(-1.,0.,0.));
#8034=DIRECTION('ref_axis',(0.,0.707106831306803,0.707106731066288));
#8035=DIRECTION('center_axis',(-1.,0.,0.));
#8036=DIRECTION('ref_axis',(0.,0.258819045102521,0.965925826289068));
#8037=DIRECTION('',(0.707106781186548,-0.183012701892219,-0.683012701892219));
#8038=DIRECTION('center_axis',(-1.,0.,0.));
#8039=DIRECTION('ref_axis',(0.,0.258819045102521,0.965925826289068));
#8040=DIRECTION('center_axis',(1.,0.,0.));
#8041=DIRECTION('ref_axis',(0.,0.258819045102521,0.965925826289068));
#8042=DIRECTION('center_axis',(1.,0.,0.));
#8043=DIRECTION('ref_axis',(0.,-0.25881904510252,-0.965925826289069));
#8044=DIRECTION('',(0.707106781186544,0.183012701892222,0.683012701892223));
#8045=DIRECTION('center_axis',(1.,0.,0.));
#8046=DIRECTION('ref_axis',(0.,-0.25881904510252,-0.965925826289069));
#8047=DIRECTION('center_axis',(-1.,0.,0.));
#8048=DIRECTION('ref_axis',(0.,-0.25881904510252,-0.965925826289069));
#8049=DIRECTION('center_axis',(-1.,0.,0.));
#8050=DIRECTION('ref_axis',(0.,-0.258819045102516,-0.96592582628907));
#8051=DIRECTION('',(0.707106781186545,-0.183012701892224,-0.68301270189222));
#8052=DIRECTION('center_axis',(-1.,0.,0.));
#8053=DIRECTION('ref_axis',(0.,-0.258819045102516,-0.96592582628907));
#8054=DIRECTION('center_axis',(1.,0.,0.));
#8055=DIRECTION('ref_axis',(0.,-0.258819045102516,-0.96592582628907));
#8056=DIRECTION('center_axis',(-1.,0.,0.));
#8057=DIRECTION('ref_axis',(0.,1.,0.));
#8058=DIRECTION('',(0.70710678118655,0.183012701892219,-0.683012701892217));
#8059=DIRECTION('center_axis',(-1.,0.,0.));
#8060=DIRECTION('ref_axis',(0.,1.,0.));
#8061=DIRECTION('center_axis',(1.,0.,0.));
#8062=DIRECTION('ref_axis',(0.,1.,0.));
#8063=DIRECTION('center_axis',(-1.,0.,0.));
#8064=DIRECTION('ref_axis',(0.,-0.258819045102521,0.965925826289068));
#8065=DIRECTION('',(0.707106781186546,-0.183012701892219,0.683012701892221));
#8066=DIRECTION('center_axis',(-1.,0.,0.));
#8067=DIRECTION('ref_axis',(0.,-0.258819045102521,0.965925826289068));
#8068=DIRECTION('center_axis',(1.,0.,0.));
#8069=DIRECTION('ref_axis',(0.,-0.258819045102521,0.965925826289068));
#8070=DIRECTION('center_axis',(1.,0.,0.));
#8071=DIRECTION('ref_axis',(0.,-0.258818976636973,0.965925844634354));
#8072=DIRECTION('',(0.707106781186549,0.183012721216102,-0.683012696714398));
#8073=DIRECTION('center_axis',(1.,0.,0.));
#8074=DIRECTION('ref_axis',(0.,-0.258818976636973,0.965925844634354));
#8075=DIRECTION('center_axis',(-1.,0.,0.));
#8076=DIRECTION('ref_axis',(0.,-0.258818976636973,0.965925844634354));
#8077=DIRECTION('center_axis',(-1.,0.,0.));
#8078=DIRECTION('ref_axis',(0.,-0.707106781186547,0.707106781186547));
#8079=DIRECTION('',(0.707106781186546,0.500000000000001,-0.500000000000001));
#8080=DIRECTION('center_axis',(-1.,0.,0.));
#8081=DIRECTION('ref_axis',(0.,-0.707106781186548,0.707106781186548));
#8082=DIRECTION('center_axis',(1.,0.,0.));
#8083=DIRECTION('ref_axis',(0.,-0.707106781186547,0.707106781186548));
#8084=DIRECTION('center_axis',(1.,0.,0.));
#8085=DIRECTION('ref_axis',(0.,0.707106781186548,-0.707106781186548));
#8086=DIRECTION('',(0.70710678118655,-0.499999999999998,0.499999999999998));
#8087=DIRECTION('center_axis',(1.,0.,0.));
#8088=DIRECTION('ref_axis',(0.,0.707106781186547,-0.707106781186547));
#8089=DIRECTION('center_axis',(-1.,0.,0.));
#8090=DIRECTION('ref_axis',(0.,0.707106781186547,-0.707106781186547));
#8091=DIRECTION('center_axis',(-1.,0.,0.));
#8092=DIRECTION('ref_axis',(0.,0.707106781186556,-0.707106781186539));
#8093=DIRECTION('',(0.707106781186547,0.499999999999992,-0.500000000000008));
#8094=DIRECTION('center_axis',(-1.,0.,0.));
#8095=DIRECTION('ref_axis',(0.,0.707106781186556,-0.707106781186539));
#8096=DIRECTION('center_axis',(1.,0.,0.));
#8097=DIRECTION('ref_axis',(0.,0.707106781186556,-0.707106781186539));
#8098=DIRECTION('center_axis',(-1.,0.,0.));
#8099=DIRECTION('ref_axis',(0.,-1.,0.));
#8100=DIRECTION('',(0.707106781186552,0.683012701892215,-0.183012701892218));
#8101=DIRECTION('center_axis',(-1.,0.,0.));
#8102=DIRECTION('ref_axis',(0.,-1.,0.));
#8103=DIRECTION('center_axis',(1.,0.,0.));
#8104=DIRECTION('ref_axis',(0.,-1.,0.));
#8105=DIRECTION('center_axis',(-1.,0.,0.));
#8106=DIRECTION('ref_axis',(0.,-0.965925826289068,0.258819045102521));
#8107=DIRECTION('',(0.707106781186542,-0.683012701892225,0.18301270189222));
#8108=DIRECTION('center_axis',(-1.,0.,0.));
#8109=DIRECTION('ref_axis',(0.,-0.965925826289068,0.258819045102521));
#8110=DIRECTION('center_axis',(1.,0.,0.));
#8111=DIRECTION('ref_axis',(0.,-0.965925826289068,0.258819045102521));
#8112=DIRECTION('center_axis',(1.,0.,0.));
#8113=DIRECTION('ref_axis',(0.,-0.965925807943779,0.258819113568061));
#8114=DIRECTION('',(0.707106781186546,0.683012707070038,-0.183012682568341));
#8115=DIRECTION('center_axis',(1.,0.,0.));
#8116=DIRECTION('ref_axis',(0.,-0.965925807943779,0.258819113568061));
#8117=DIRECTION('center_axis',(-1.,0.,0.));
#8118=DIRECTION('ref_axis',(0.,-0.965925807943779,0.258819113568061));
#8119=DIRECTION('center_axis',(-1.,0.,0.));
#8120=DIRECTION('ref_axis',(0.,-0.965925826289068,-0.25881904510252));
#8121=DIRECTION('',(0.707106781186548,0.683012701892219,0.183012701892219));
#8122=DIRECTION('center_axis',(-1.,0.,0.));
#8123=DIRECTION('ref_axis',(0.,-0.965925826289068,-0.25881904510252));
#8124=DIRECTION('center_axis',(1.,0.,0.));
#8125=DIRECTION('ref_axis',(0.,-0.965925826289068,-0.25881904510252));
#8126=DIRECTION('center_axis',(1.,0.,0.));
#8127=DIRECTION('ref_axis',(0.,0.965925826289068,0.258819045102521));
#8128=DIRECTION('',(0.707106781186548,-0.683012701892219,-0.183012701892217));
#8129=DIRECTION('center_axis',(1.,0.,0.));
#8130=DIRECTION('ref_axis',(0.,0.965925826289068,0.258819045102521));
#8131=DIRECTION('center_axis',(-1.,0.,0.));
#8132=DIRECTION('ref_axis',(0.,0.965925826289068,0.258819045102521));
#8133=DIRECTION('center_axis',(-1.,0.,0.));
#8134=DIRECTION('ref_axis',(0.,0.965925826289066,0.25881904510253));
#8135=DIRECTION('',(0.707106781186545,0.683012701892224,0.183012701892211));
#8136=DIRECTION('center_axis',(-1.,0.,0.));
#8137=DIRECTION('ref_axis',(0.,0.965925826289066,0.25881904510253));
#8138=DIRECTION('center_axis',(1.,0.,0.));
#8139=DIRECTION('ref_axis',(0.,0.965925826289066,0.25881904510253));
#8140=DIRECTION('center_axis',(-1.,0.,0.));
#8141=DIRECTION('ref_axis',(0.,-1.,0.));
#8142=DIRECTION('',(0.707106781186551,0.499999999999997,0.499999999999997));
#8143=DIRECTION('center_axis',(-1.,0.,0.));
#8144=DIRECTION('ref_axis',(0.,-1.,0.));
#8145=DIRECTION('center_axis',(1.,0.,0.));
#8146=DIRECTION('ref_axis',(0.,-1.,0.));
#8147=DIRECTION('center_axis',(-1.,0.,0.));
#8148=DIRECTION('ref_axis',(0.,-0.707106781186549,-0.707106781186546));
#8149=DIRECTION('',(0.707106781186542,-0.500000000000004,-0.500000000000004));
#8150=DIRECTION('center_axis',(-1.,0.,0.));
#8151=DIRECTION('ref_axis',(0.,-0.707106781186549,-0.707106781186546));
#8152=DIRECTION('center_axis',(1.,0.,0.));
#8153=DIRECTION('ref_axis',(0.,-0.707106781186549,-0.707106781186546));
#8154=DIRECTION('center_axis',(1.,0.,0.));
#8155=DIRECTION('ref_axis',(0.,-0.7071068313068,-0.707106731066292));
#8156=DIRECTION('',(0.707106781186546,0.499999985853942,0.50000001414606));
#8157=DIRECTION('center_axis',(1.,0.,0.));
#8158=DIRECTION('ref_axis',(0.,-0.7071068313068,-0.707106731066292));
#8159=DIRECTION('center_axis',(-1.,0.,0.));
#8160=DIRECTION('ref_axis',(0.,-0.7071068313068,-0.707106731066292));
#8161=DIRECTION('center_axis',(-1.,0.,0.));
#8162=DIRECTION('ref_axis',(0.,-0.258819045102521,-0.965925826289068));
#8163=DIRECTION('',(0.707106781186546,0.183012701892221,0.683012701892221));
#8164=DIRECTION('center_axis',(-1.,0.,0.));
#8165=DIRECTION('ref_axis',(0.,-0.258819045102521,-0.965925826289068));
#8166=DIRECTION('center_axis',(1.,0.,0.));
#8167=DIRECTION('ref_axis',(0.,-0.258819045102521,-0.965925826289068));
#8168=DIRECTION('center_axis',(1.,0.,0.));
#8169=DIRECTION('ref_axis',(0.,0.258819045102521,0.965925826289068));
#8170=DIRECTION('',(0.70710678118655,-0.183012701892219,-0.683012701892217));
#8171=DIRECTION('center_axis',(1.,0.,0.));
#8172=DIRECTION('ref_axis',(0.,0.258819045102521,0.965925826289068));
#8173=DIRECTION('center_axis',(-1.,0.,0.));
#8174=DIRECTION('ref_axis',(0.,0.258819045102521,0.965925826289068));
#8175=DIRECTION('center_axis',(-1.,0.,0.));
#8176=DIRECTION('ref_axis',(0.,0.258819045102516,0.96592582628907));
#8177=DIRECTION('',(0.707106781186545,0.183012701892223,0.68301270189222));
#8178=DIRECTION('center_axis',(-1.,0.,0.));
#8179=DIRECTION('ref_axis',(0.,0.258819045102516,0.96592582628907));
#8180=DIRECTION('center_axis',(1.,0.,0.));
#8181=DIRECTION('ref_axis',(0.,0.258819045102516,0.96592582628907));
#8182=DIRECTION('center_axis',(-1.,0.,0.));
#8183=DIRECTION('ref_axis',(0.,1.,0.));
#8184=DIRECTION('',(0.707106781186548,-0.18301270189222,0.683012701892219));
#8185=DIRECTION('center_axis',(-1.,0.,0.));
#8186=DIRECTION('ref_axis',(0.,1.,0.));
#8187=DIRECTION('center_axis',(1.,0.,0.));
#8188=DIRECTION('ref_axis',(0.,1.,0.));
#8189=DIRECTION('center_axis',(-1.,0.,0.));
#8190=DIRECTION('ref_axis',(0.,0.258819045102519,-0.965925826289069));
#8191=DIRECTION('',(0.707106781186542,0.18301270189222,-0.683012701892225));
#8192=DIRECTION('center_axis',(-1.,0.,0.));
#8193=DIRECTION('ref_axis',(0.,0.258819045102519,-0.965925826289069));
#8194=DIRECTION('center_axis',(1.,0.,0.));
#8195=DIRECTION('ref_axis',(0.,0.258819045102519,-0.965925826289069));
#8196=DIRECTION('center_axis',(1.,0.,0.));
#8197=DIRECTION('ref_axis',(0.,0.258818976636977,-0.965925844634353));
#8198=DIRECTION('',(0.707106781186546,-0.183012721216098,0.683012696714403));
#8199=DIRECTION('center_axis',(1.,0.,0.));
#8200=DIRECTION('ref_axis',(0.,0.258818976636977,-0.965925844634353));
#8201=DIRECTION('center_axis',(-1.,0.,0.));
#8202=DIRECTION('ref_axis',(0.,0.258818976636977,-0.965925844634353));
#8203=DIRECTION('center_axis',(-1.,0.,0.));
#8204=DIRECTION('ref_axis',(0.,0.707106781186547,-0.707106781186548));
#8205=DIRECTION('',(0.70710678118654,-0.500000000000003,0.500000000000007));
#8206=DIRECTION('center_axis',(-1.,0.,0.));
#8207=DIRECTION('ref_axis',(0.,0.707106781186547,-0.707106781186548));
#8208=DIRECTION('center_axis',(1.,0.,0.));
#8209=DIRECTION('ref_axis',(0.,0.707106781186547,-0.707106781186548));
#8210=DIRECTION('center_axis',(1.,0.,0.));
#8211=DIRECTION('ref_axis',(0.,-0.707106781186547,0.707106781186547));
#8212=DIRECTION('',(0.707106781186548,0.500000000000001,-0.499999999999999));
#8213=DIRECTION('center_axis',(1.,0.,0.));
#8214=DIRECTION('ref_axis',(0.,-0.707106781186547,0.707106781186547));
#8215=DIRECTION('center_axis',(-1.,0.,0.));
#8216=DIRECTION('ref_axis',(0.,-0.707106781186547,0.707106781186547));
#8217=DIRECTION('center_axis',(-1.,0.,0.));
#8218=DIRECTION('ref_axis',(0.,-0.707106781186552,0.707106781186543));
#8219=DIRECTION('',(0.707106781186544,-0.499999999999998,0.500000000000006));
#8220=DIRECTION('center_axis',(-1.,0.,0.));
#8221=DIRECTION('ref_axis',(0.,-0.707106781186552,0.707106781186543));
#8222=DIRECTION('center_axis',(1.,0.,0.));
#8223=DIRECTION('ref_axis',(0.,-0.707106781186552,0.707106781186543));
#8224=DIRECTION('center_axis',(-1.,0.,0.));
#8225=DIRECTION('ref_axis',(0.,1.,0.));
#8226=DIRECTION('',(0.70710678118655,-0.683012701892217,0.183012701892219));
#8227=DIRECTION('center_axis',(-1.,0.,0.));
#8228=DIRECTION('ref_axis',(0.,1.,0.));
#8229=DIRECTION('center_axis',(1.,0.,0.));
#8230=DIRECTION('ref_axis',(0.,1.,0.));
#8231=DIRECTION('center_axis',(-1.,0.,0.));
#8232=DIRECTION('ref_axis',(0.,0.965925826289068,-0.258819045102522));
#8233=DIRECTION('',(0.707106781186542,0.683012701892225,-0.183012701892221));
#8234=DIRECTION('center_axis',(-1.,0.,0.));
#8235=DIRECTION('ref_axis',(0.,0.965925826289068,-0.258819045102522));
#8236=DIRECTION('center_axis',(1.,0.,0.));
#8237=DIRECTION('ref_axis',(0.,0.965925826289068,-0.258819045102522));
#8238=DIRECTION('center_axis',(1.,0.,0.));
#8239=DIRECTION('ref_axis',(0.,0.965925807943779,-0.258819113568063));
#8240=DIRECTION('',(0.707106781186546,-0.683012707070038,0.183012682568342));
#8241=DIRECTION('center_axis',(1.,0.,0.));
#8242=DIRECTION('ref_axis',(0.,0.965925807943779,-0.258819113568063));
#8243=DIRECTION('center_axis',(-1.,0.,0.));
#8244=DIRECTION('ref_axis',(0.,0.965925807943779,-0.258819113568063));
#8245=DIRECTION('center_axis',(-1.,0.,0.));
#8246=DIRECTION('ref_axis',(0.,0.965925826289069,0.25881904510252));
#8247=DIRECTION('',(0.707106781186544,-0.683012701892223,-0.18301270189222));
#8248=DIRECTION('center_axis',(-1.,0.,0.));
#8249=DIRECTION('ref_axis',(0.,0.965925826289068,0.25881904510252));
#8250=DIRECTION('center_axis',(1.,0.,0.));
#8251=DIRECTION('ref_axis',(0.,0.965925826289068,0.25881904510252));
#8252=DIRECTION('center_axis',(1.,0.,0.));
#8253=DIRECTION('ref_axis',(0.,-0.965925826289068,-0.25881904510252));
#8254=DIRECTION('',(0.707106781186546,0.683012701892221,0.183012701892222));
#8255=DIRECTION('center_axis',(1.,0.,0.));
#8256=DIRECTION('ref_axis',(0.,-0.965925826289069,-0.25881904510252));
#8257=DIRECTION('center_axis',(-1.,0.,0.));
#8258=DIRECTION('ref_axis',(0.,-0.965925826289069,-0.25881904510252));
#8259=DIRECTION('center_axis',(-1.,0.,0.));
#8260=DIRECTION('ref_axis',(0.,-0.965925826289067,-0.258819045102526));
#8261=DIRECTION('',(0.707106781186545,-0.683012701892224,-0.183012701892213));
#8262=DIRECTION('center_axis',(-1.,0.,0.));
#8263=DIRECTION('ref_axis',(0.,-0.965925826289067,-0.258819045102526));
#8264=DIRECTION('center_axis',(1.,0.,0.));
#8265=DIRECTION('ref_axis',(0.,-0.965925826289067,-0.258819045102526));
#8266=DIRECTION('center_axis',(-1.,0.,0.));
#8267=DIRECTION('ref_axis',(0.,1.,0.));
#8268=DIRECTION('',(0.707106781186554,-0.499999999999995,-0.499999999999995));
#8269=DIRECTION('center_axis',(-1.,0.,0.));
#8270=DIRECTION('ref_axis',(0.,1.,0.));
#8271=DIRECTION('center_axis',(1.,0.,0.));
#8272=DIRECTION('ref_axis',(0.,1.,0.));
#8273=DIRECTION('center_axis',(-1.,0.,0.));
#8274=DIRECTION('ref_axis',(0.,0.707106781186548,0.707106781186547));
#8275=DIRECTION('center_axis',(-1.,0.,0.));
#8276=DIRECTION('ref_axis',(0.,0.707106781186548,0.707106781186547));
#8277=DIRECTION('center_axis',(1.,0.,0.));
#8278=DIRECTION('ref_axis',(0.,0.707106781186548,0.707106781186547));
#8279=DIRECTION('center_axis',(1.,0.,0.));
#8280=DIRECTION('ref_axis',(0.,-0.707106781186549,-0.707106781186546));
#8281=DIRECTION('',(1.,0.,0.));
#8282=DIRECTION('center_axis',(-1.,0.,0.));
#8283=DIRECTION('ref_axis',(0.,-0.707106781186549,-0.707106781186546));
#8284=DIRECTION('',(-1.,0.,0.));
#8285=DIRECTION('center_axis',(-1.,0.,0.));
#8286=DIRECTION('ref_axis',(0.,-0.707106781186549,-0.707106781186546));
#8287=DIRECTION('',(1.,0.,0.));
#8288=DIRECTION('center_axis',(1.,0.,0.));
#8289=DIRECTION('ref_axis',(0.,-0.707106781186549,-0.707106781186546));
#8290=DIRECTION('',(-1.,0.,0.));
#8291=DIRECTION('center_axis',(1.,0.,0.));
#8292=DIRECTION('ref_axis',(0.,-0.707106781186549,-0.707106781186546));
#8293=DIRECTION('',(1.,0.,0.));
#8294=DIRECTION('center_axis',(-1.,0.,0.));
#8295=DIRECTION('ref_axis',(0.,-0.707106781186549,-0.707106781186546));
#8296=DIRECTION('',(-1.,0.,0.));
#8297=DIRECTION('center_axis',(-1.,0.,0.));
#8298=DIRECTION('ref_axis',(0.,-0.707106781186549,-0.707106781186546));
#8299=DIRECTION('',(1.,0.,0.));
#8300=DIRECTION('center_axis',(1.,0.,0.));
#8301=DIRECTION('ref_axis',(0.,-0.707106781186549,-0.707106781186546));
#8302=DIRECTION('',(-1.,0.,0.));
#8303=DIRECTION('center_axis',(1.,0.,0.));
#8304=DIRECTION('ref_axis',(0.,-0.707106781186549,-0.707106781186546));
#8305=DIRECTION('',(1.,0.,0.));
#8306=DIRECTION('center_axis',(-1.,0.,0.));
#8307=DIRECTION('ref_axis',(0.,-0.707106781186549,-0.707106781186546));
#8308=DIRECTION('',(1.,0.,0.));
#8309=DIRECTION('center_axis',(1.,0.,0.));
#8310=DIRECTION('ref_axis',(0.,1.,0.));
#8311=DIRECTION('',(1.,0.,0.));
#8312=DIRECTION('center_axis',(1.,0.,0.));
#8313=DIRECTION('ref_axis',(0.,0.,-1.));
#8314=DIRECTION('center_axis',(1.,0.,0.));
#8315=DIRECTION('ref_axis',(0.,0.965925826289066,0.25881904510253));
#8316=DIRECTION('',(1.,0.,0.));
#8317=DIRECTION('center_axis',(-1.,0.,0.));
#8318=DIRECTION('ref_axis',(0.,0.965925826289066,0.25881904510253));
#8319=DIRECTION('',(1.,0.,0.));
#8320=DIRECTION('center_axis',(1.,0.,0.));
#8321=DIRECTION('ref_axis',(0.,0.965925826289066,0.25881904510253));
#8322=DIRECTION('',(1.,0.,0.));
#8323=DIRECTION('center_axis',(1.,0.,0.));
#8324=DIRECTION('ref_axis',(0.,0.965925826289066,0.25881904510253));
#8325=DIRECTION('',(-1.,0.,0.));
#8326=DIRECTION('center_axis',(-1.,0.,0.));
#8327=DIRECTION('ref_axis',(0.,0.965925826289066,0.25881904510253));
#8328=DIRECTION('',(1.,0.,0.));
#8329=DIRECTION('center_axis',(-1.,0.,0.));
#8330=DIRECTION('ref_axis',(0.,0.965925826289066,0.25881904510253));
#8331=DIRECTION('',(1.,0.,0.));
#8332=DIRECTION('center_axis',(1.,0.,0.));
#8333=DIRECTION('ref_axis',(0.,0.965925826289066,0.25881904510253));
#8334=DIRECTION('',(1.,0.,0.));
#8335=DIRECTION('center_axis',(1.,0.,0.));
#8336=DIRECTION('ref_axis',(0.,0.965925826289066,0.25881904510253));
#8337=DIRECTION('',(-1.,0.,0.));
#8338=DIRECTION('center_axis',(-1.,0.,0.));
#8339=DIRECTION('ref_axis',(0.,0.965925826289066,0.25881904510253));
#8340=DIRECTION('',(1.,0.,0.));
#8341=DIRECTION('center_axis',(-1.,0.,0.));
#8342=DIRECTION('ref_axis',(0.,0.965925826289066,0.25881904510253));
#8343=DIRECTION('center_axis',(1.,0.,0.));
#8344=DIRECTION('ref_axis',(0.,0.965925826289068,0.258819045102521));
#8345=DIRECTION('',(1.,0.,0.));
#8346=DIRECTION('center_axis',(1.,0.,0.));
#8347=DIRECTION('ref_axis',(0.,0.965925826289068,0.258819045102521));
#8348=DIRECTION('center_axis',(1.,0.,0.));
#8349=DIRECTION('ref_axis',(0.,0.965925826289068,0.25881904510252));
#8350=DIRECTION('',(1.,0.,0.));
#8351=DIRECTION('center_axis',(-1.,0.,0.));
#8352=DIRECTION('ref_axis',(0.,-0.965925826289068,-0.25881904510252));
#8353=DIRECTION('center_axis',(1.,0.,0.));
#8354=DIRECTION('ref_axis',(0.,-0.965925807943779,0.258819113568061));
#8355=DIRECTION('',(1.,0.,0.));
#8356=DIRECTION('center_axis',(1.,0.,0.));
#8357=DIRECTION('ref_axis',(0.,-0.965925807943779,0.258819113568061));
#8358=DIRECTION('center_axis',(1.,0.,0.));
#8359=DIRECTION('ref_axis',(0.,-0.965925826289068,0.258819045102521));
#8360=DIRECTION('',(1.,0.,0.));
#8361=DIRECTION('center_axis',(-1.,0.,0.));
#8362=DIRECTION('ref_axis',(0.,-0.965925826289068,0.258819045102521));
#8363=DIRECTION('',(-1.,0.,0.));
#8364=DIRECTION('center_axis',(-1.,0.,0.));
#8365=DIRECTION('ref_axis',(0.,-0.965925826289068,0.258819045102521));
#8366=DIRECTION('',(1.,0.,0.));
#8367=DIRECTION('center_axis',(1.,0.,0.));
#8368=DIRECTION('ref_axis',(0.,-0.965925826289068,0.258819045102521));
#8369=DIRECTION('',(-1.,0.,0.));
#8370=DIRECTION('center_axis',(1.,0.,0.));
#8371=DIRECTION('ref_axis',(0.,-0.965925826289068,0.258819045102521));
#8372=DIRECTION('',(1.,0.,0.));
#8373=DIRECTION('center_axis',(-1.,0.,0.));
#8374=DIRECTION('ref_axis',(0.,-0.965925826289068,0.258819045102521));
#8375=DIRECTION('',(-1.,0.,0.));
#8376=DIRECTION('center_axis',(-1.,0.,0.));
#8377=DIRECTION('ref_axis',(0.,-0.965925826289068,0.258819045102521));
#8378=DIRECTION('',(1.,0.,0.));
#8379=DIRECTION('center_axis',(1.,0.,0.));
#8380=DIRECTION('ref_axis',(0.,-0.965925826289068,0.258819045102521));
#8381=DIRECTION('',(-1.,0.,0.));
#8382=DIRECTION('center_axis',(1.,0.,0.));
#8383=DIRECTION('ref_axis',(0.,-0.965925826289068,0.258819045102521));
#8384=DIRECTION('',(1.,0.,0.));
#8385=DIRECTION('center_axis',(-1.,0.,0.));
#8386=DIRECTION('ref_axis',(0.,-0.965925826289068,0.258819045102521));
#8387=DIRECTION('center_axis',(1.,0.,0.));
#8388=DIRECTION('ref_axis',(0.,1.,0.));
#8389=DIRECTION('',(1.,0.,0.));
#8390=DIRECTION('center_axis',(1.,0.,0.));
#8391=DIRECTION('ref_axis',(0.,0.,-1.));
#8392=DIRECTION('center_axis',(1.,0.,0.));
#8393=DIRECTION('ref_axis',(0.,0.707106781186556,-0.707106781186539));
#8394=DIRECTION('',(1.,0.,0.));
#8395=DIRECTION('center_axis',(-1.,0.,0.));
#8396=DIRECTION('ref_axis',(0.,0.707106781186556,-0.707106781186539));
#8397=DIRECTION('',(1.,0.,0.));
#8398=DIRECTION('center_axis',(1.,0.,0.));
#8399=DIRECTION('ref_axis',(0.,0.707106781186556,-0.707106781186539));
#8400=DIRECTION('',(1.,0.,0.));
#8401=DIRECTION('center_axis',(1.,0.,0.));
#8402=DIRECTION('ref_axis',(0.,0.707106781186556,-0.707106781186539));
#8403=DIRECTION('',(-1.,0.,0.));
#8404=DIRECTION('center_axis',(-1.,0.,0.));
#8405=DIRECTION('ref_axis',(0.,0.707106781186556,-0.707106781186539));
#8406=DIRECTION('',(1.,0.,0.));
#8407=DIRECTION('center_axis',(-1.,0.,0.));
#8408=DIRECTION('ref_axis',(0.,0.707106781186556,-0.707106781186539));
#8409=DIRECTION('',(1.,0.,0.));
#8410=DIRECTION('center_axis',(1.,0.,0.));
#8411=DIRECTION('ref_axis',(0.,0.707106781186556,-0.707106781186539));
#8412=DIRECTION('',(1.,0.,0.));
#8413=DIRECTION('center_axis',(1.,0.,0.));
#8414=DIRECTION('ref_axis',(0.,0.707106781186556,-0.707106781186539));
#8415=DIRECTION('',(-1.,0.,0.));
#8416=DIRECTION('center_axis',(-1.,0.,0.));
#8417=DIRECTION('ref_axis',(0.,0.707106781186556,-0.707106781186539));
#8418=DIRECTION('',(1.,0.,0.));
#8419=DIRECTION('center_axis',(-1.,0.,0.));
#8420=DIRECTION('ref_axis',(0.,0.707106781186556,-0.707106781186539));
#8421=DIRECTION('center_axis',(1.,0.,0.));
#8422=DIRECTION('ref_axis',(0.,0.707106781186547,-0.707106781186547));
#8423=DIRECTION('',(1.,0.,0.));
#8424=DIRECTION('center_axis',(1.,0.,0.));
#8425=DIRECTION('ref_axis',(0.,0.707106781186547,-0.707106781186547));
#8426=DIRECTION('center_axis',(1.,0.,0.));
#8427=DIRECTION('ref_axis',(0.,0.707106781186547,-0.707106781186548));
#8428=DIRECTION('',(1.,0.,0.));
#8429=DIRECTION('center_axis',(-1.,0.,0.));
#8430=DIRECTION('ref_axis',(0.,-0.707106781186547,0.707106781186548));
#8431=DIRECTION('center_axis',(1.,0.,0.));
#8432=DIRECTION('ref_axis',(0.,-0.258818976636973,0.965925844634354));
#8433=DIRECTION('',(1.,0.,0.));
#8434=DIRECTION('center_axis',(1.,0.,0.));
#8435=DIRECTION('ref_axis',(0.,-0.258818976636973,0.965925844634354));
#8436=DIRECTION('center_axis',(1.,0.,0.));
#8437=DIRECTION('ref_axis',(0.,-0.258819045102521,0.965925826289068));
#8438=DIRECTION('',(1.,0.,0.));
#8439=DIRECTION('center_axis',(-1.,0.,0.));
#8440=DIRECTION('ref_axis',(0.,-0.258819045102521,0.965925826289068));
#8441=DIRECTION('',(-1.,0.,0.));
#8442=DIRECTION('center_axis',(-1.,0.,0.));
#8443=DIRECTION('ref_axis',(0.,-0.258819045102521,0.965925826289068));
#8444=DIRECTION('',(1.,0.,0.));
#8445=DIRECTION('center_axis',(1.,0.,0.));
#8446=DIRECTION('ref_axis',(0.,-0.258819045102521,0.965925826289068));
#8447=DIRECTION('',(-1.,0.,0.));
#8448=DIRECTION('center_axis',(1.,0.,0.));
#8449=DIRECTION('ref_axis',(0.,-0.258819045102521,0.965925826289068));
#8450=DIRECTION('',(1.,0.,0.));
#8451=DIRECTION('center_axis',(-1.,0.,0.));
#8452=DIRECTION('ref_axis',(0.,-0.258819045102521,0.965925826289068));
#8453=DIRECTION('',(-1.,0.,0.));
#8454=DIRECTION('center_axis',(-1.,0.,0.));
#8455=DIRECTION('ref_axis',(0.,-0.258819045102521,0.965925826289068));
#8456=DIRECTION('',(1.,0.,0.));
#8457=DIRECTION('center_axis',(1.,0.,0.));
#8458=DIRECTION('ref_axis',(0.,-0.258819045102521,0.965925826289068));
#8459=DIRECTION('',(-1.,0.,0.));
#8460=DIRECTION('center_axis',(1.,0.,0.));
#8461=DIRECTION('ref_axis',(0.,-0.258819045102521,0.965925826289068));
#8462=DIRECTION('',(1.,0.,0.));
#8463=DIRECTION('center_axis',(-1.,0.,0.));
#8464=DIRECTION('ref_axis',(0.,-0.258819045102521,0.965925826289068));
#8465=DIRECTION('center_axis',(1.,0.,0.));
#8466=DIRECTION('ref_axis',(0.,1.,0.));
#8467=DIRECTION('',(1.,0.,0.));
#8468=DIRECTION('center_axis',(1.,0.,0.));
#8469=DIRECTION('ref_axis',(0.,0.,-1.));
#8470=DIRECTION('center_axis',(1.,0.,0.));
#8471=DIRECTION('ref_axis',(0.,-0.258819045102516,-0.96592582628907));
#8472=DIRECTION('',(1.,0.,0.));
#8473=DIRECTION('center_axis',(-1.,0.,0.));
#8474=DIRECTION('ref_axis',(0.,-0.258819045102516,-0.96592582628907));
#8475=DIRECTION('',(1.,0.,0.));
#8476=DIRECTION('center_axis',(1.,0.,0.));
#8477=DIRECTION('ref_axis',(0.,-0.258819045102516,-0.96592582628907));
#8478=DIRECTION('',(1.,0.,0.));
#8479=DIRECTION('center_axis',(1.,0.,0.));
#8480=DIRECTION('ref_axis',(0.,-0.258819045102516,-0.96592582628907));
#8481=DIRECTION('',(-1.,0.,0.));
#8482=DIRECTION('center_axis',(-1.,0.,0.));
#8483=DIRECTION('ref_axis',(0.,-0.258819045102516,-0.96592582628907));
#8484=DIRECTION('',(1.,0.,0.));
#8485=DIRECTION('center_axis',(-1.,0.,0.));
#8486=DIRECTION('ref_axis',(0.,-0.258819045102516,-0.96592582628907));
#8487=DIRECTION('',(1.,0.,0.));
#8488=DIRECTION('center_axis',(1.,0.,0.));
#8489=DIRECTION('ref_axis',(0.,-0.258819045102516,-0.96592582628907));
#8490=DIRECTION('',(1.,0.,0.));
#8491=DIRECTION('center_axis',(1.,0.,0.));
#8492=DIRECTION('ref_axis',(0.,-0.258819045102516,-0.96592582628907));
#8493=DIRECTION('',(-1.,0.,0.));
#8494=DIRECTION('center_axis',(-1.,0.,0.));
#8495=DIRECTION('ref_axis',(0.,-0.258819045102516,-0.96592582628907));
#8496=DIRECTION('',(1.,0.,0.));
#8497=DIRECTION('center_axis',(-1.,0.,0.));
#8498=DIRECTION('ref_axis',(0.,-0.258819045102516,-0.96592582628907));
#8499=DIRECTION('center_axis',(1.,0.,0.));
#8500=DIRECTION('ref_axis',(0.,-0.25881904510252,-0.965925826289069));
#8501=DIRECTION('',(1.,0.,0.));
#8502=DIRECTION('center_axis',(1.,0.,0.));
#8503=DIRECTION('ref_axis',(0.,-0.25881904510252,-0.965925826289069));
#8504=DIRECTION('center_axis',(1.,0.,0.));
#8505=DIRECTION('ref_axis',(0.,-0.258819045102521,-0.965925826289068));
#8506=DIRECTION('',(1.,0.,0.));
#8507=DIRECTION('center_axis',(-1.,0.,0.));
#8508=DIRECTION('ref_axis',(0.,0.258819045102521,0.965925826289068));
#8509=DIRECTION('center_axis',(1.,0.,0.));
#8510=DIRECTION('ref_axis',(0.,0.707106831306803,0.707106731066288));
#8511=DIRECTION('',(1.,0.,0.));
#8512=DIRECTION('center_axis',(1.,0.,0.));
#8513=DIRECTION('ref_axis',(0.,0.707106831306803,0.707106731066288));
#8514=DIRECTION('center_axis',(1.,0.,0.));
#8515=DIRECTION('ref_axis',(0.,0.,-1.));
#8516=DIRECTION('center_axis',(1.,0.,0.));
#8517=DIRECTION('ref_axis',(0.,0.,1.));
#8518=DIRECTION('center_axis',(-1.,0.,0.));
#8519=DIRECTION('ref_axis',(0.,0.,-1.));
#8520=DIRECTION('center_axis',(-1.,0.,0.));
#8521=DIRECTION('ref_axis',(0.,1.,-6.12323399573677E-17));
#8522=DIRECTION('center_axis',(-1.,0.,0.));
#8523=DIRECTION('ref_axis',(0.,1.22464679914735E-16,1.));
#8524=DIRECTION('center_axis',(-1.,0.,0.));
#8525=DIRECTION('ref_axis',(0.,-1.,1.83697019872103E-16));
#8526=DIRECTION('center_axis',(-1.,0.,0.));
#8527=DIRECTION('ref_axis',(0.,0.965925807943779,-0.258819113568063));
#8528=DIRECTION('',(-0.707106781186547,0.68301270189222,-0.183012701892222));
#8529=DIRECTION('center_axis',(-1.,0.,0.));
#8530=DIRECTION('ref_axis',(0.,0.965925807943779,-0.258819113568063));
#8531=DIRECTION('',(0.707106781186546,0.683012707070037,-0.183012682568342));
#8532=DIRECTION('center_axis',(1.,0.,0.));
#8533=DIRECTION('ref_axis',(0.,0.965925807943779,-0.258819113568063));
#8534=DIRECTION('center_axis',(1.,0.,0.));
#8535=DIRECTION('ref_axis',(0.,0.965925826289068,-0.258819045102522));
#8536=DIRECTION('',(-0.707106781186547,-0.68301270189222,0.183012701892219));
#8537=DIRECTION('center_axis',(1.,0.,0.));
#8538=DIRECTION('ref_axis',(0.,0.965925826289068,-0.258819045102522));
#8539=DIRECTION('center_axis',(-1.,0.,0.));
#8540=DIRECTION('ref_axis',(0.,0.965925826289068,-0.258819045102522));
#8541=DIRECTION('center_axis',(1.,0.,0.));
#8542=DIRECTION('ref_axis',(0.,1.,0.));
#8543=DIRECTION('center_axis',(-1.,0.,0.));
#8544=DIRECTION('ref_axis',(0.,1.,0.));
#8545=DIRECTION('',(-0.707106781186548,-0.5,0.5));
#8546=DIRECTION('center_axis',(1.,0.,0.));
#8547=DIRECTION('ref_axis',(0.,1.,0.));
#8548=DIRECTION('center_axis',(1.,0.,0.));
#8549=DIRECTION('ref_axis',(0.,-0.707106781186552,0.707106781186543));
#8550=DIRECTION('',(-0.707106781186547,0.500000000000003,-0.499999999999997));
#8551=DIRECTION('center_axis',(1.,0.,0.));
#8552=DIRECTION('ref_axis',(0.,-0.707106781186552,0.707106781186543));
#8553=DIRECTION('center_axis',(-1.,0.,0.));
#8554=DIRECTION('ref_axis',(0.,-0.707106781186552,0.707106781186543));
#8555=DIRECTION('center_axis',(-1.,0.,0.));
#8556=DIRECTION('ref_axis',(0.,-0.707106781186547,0.707106781186547));
#8557=DIRECTION('',(-0.707106781186544,-0.500000000000002,0.500000000000002));
#8558=DIRECTION('center_axis',(-1.,0.,0.));
#8559=DIRECTION('ref_axis',(0.,-0.707106781186547,0.707106781186547));
#8560=DIRECTION('center_axis',(1.,0.,0.));
#8561=DIRECTION('ref_axis',(0.,-0.707106781186547,0.707106781186547));
#8562=DIRECTION('center_axis',(1.,0.,0.));
#8563=DIRECTION('ref_axis',(0.,0.707106781186547,-0.707106781186548));
#8564=DIRECTION('',(-0.707106781186545,-0.183012700187171,0.683012702349089));
#8565=DIRECTION('center_axis',(1.,0.,0.));
#8566=DIRECTION('ref_axis',(0.,0.707106781186547,-0.707106781186548));
#8567=DIRECTION('center_axis',(-1.,0.,0.));
#8568=DIRECTION('ref_axis',(0.,0.707106781186547,-0.707106781186548));
#8569=DIRECTION('center_axis',(-1.,0.,0.));
#8570=DIRECTION('ref_axis',(0.,0.258818976636977,-0.965925844634353));
#8571=DIRECTION('',(-0.707106781186549,0.183012701892216,-0.683012701892218));
#8572=DIRECTION('center_axis',(-1.,0.,0.));
#8573=DIRECTION('ref_axis',(0.,0.258818976636977,-0.965925844634353));
#8574=DIRECTION('center_axis',(1.,0.,0.));
#8575=DIRECTION('ref_axis',(0.,0.258818976636977,-0.965925844634353));
#8576=DIRECTION('center_axis',(1.,0.,0.));
#8577=DIRECTION('ref_axis',(0.,0.258819045102519,-0.965925826289069));
#8578=DIRECTION('',(-0.707106781186547,-0.183012701892219,0.68301270189222));
#8579=DIRECTION('center_axis',(1.,0.,0.));
#8580=DIRECTION('ref_axis',(0.,0.258819045102519,-0.965925826289069));
#8581=DIRECTION('center_axis',(-1.,0.,0.));
#8582=DIRECTION('ref_axis',(0.,0.258819045102519,-0.965925826289069));
#8583=DIRECTION('center_axis',(1.,0.,0.));
#8584=DIRECTION('ref_axis',(0.,1.,0.));
#8585=DIRECTION('center_axis',(-1.,0.,0.));
#8586=DIRECTION('ref_axis',(0.,1.,0.));
#8587=DIRECTION('',(-0.707106781186545,0.18301270189222,0.683012701892222));
#8588=DIRECTION('center_axis',(1.,0.,0.));
#8589=DIRECTION('ref_axis',(0.,1.,0.));
#8590=DIRECTION('center_axis',(1.,0.,0.));
#8591=DIRECTION('ref_axis',(0.,0.258819045102516,0.96592582628907));
#8592=DIRECTION('',(-0.707106781186547,-0.183012701892216,-0.68301270189222));
#8593=DIRECTION('center_axis',(1.,0.,0.));
#8594=DIRECTION('ref_axis',(0.,0.258819045102516,0.96592582628907));
#8595=DIRECTION('center_axis',(-1.,0.,0.));
#8596=DIRECTION('ref_axis',(0.,0.258819045102516,0.96592582628907));
#8597=DIRECTION('center_axis',(-1.,0.,0.));
#8598=DIRECTION('ref_axis',(0.,0.258819045102521,0.965925826289068));
#8599=DIRECTION('',(-0.707106781186545,0.183012701892222,0.683012701892222));
#8600=DIRECTION('center_axis',(-1.,0.,0.));
#8601=DIRECTION('ref_axis',(0.,0.258819045102521,0.965925826289068));
#8602=DIRECTION('center_axis',(1.,0.,0.));
#8603=DIRECTION('ref_axis',(0.,0.258819045102521,0.965925826289068));
#8604=DIRECTION('center_axis',(1.,0.,0.));
#8605=DIRECTION('ref_axis',(0.,-0.258819045102521,-0.965925826289068));
#8606=DIRECTION('',(-0.707106781186548,0.500000001248181,0.499999998751818));
#8607=DIRECTION('center_axis',(1.,0.,0.));
#8608=DIRECTION('ref_axis',(0.,-0.258819045102521,-0.965925826289068));
#8609=DIRECTION('center_axis',(-1.,0.,0.));
#8610=DIRECTION('ref_axis',(0.,-0.258819045102521,-0.965925826289068));
#8611=DIRECTION('center_axis',(-1.,0.,0.));
#8612=DIRECTION('ref_axis',(0.,-0.7071068313068,-0.707106731066292));
#8613=DIRECTION('',(-0.707106781186543,-0.500000000000002,-0.500000000000004));
#8614=DIRECTION('center_axis',(-1.,0.,0.));
#8615=DIRECTION('ref_axis',(0.,-0.7071068313068,-0.707106731066292));
#8616=DIRECTION('center_axis',(1.,0.,0.));
#8617=DIRECTION('ref_axis',(0.,-0.7071068313068,-0.707106731066292));
#8618=DIRECTION('center_axis',(1.,0.,0.));
#8619=DIRECTION('ref_axis',(0.,-0.707106781186549,-0.707106781186546));
#8620=DIRECTION('',(-0.707106781186547,0.499999999999999,0.500000000000002));
#8621=DIRECTION('center_axis',(1.,0.,0.));
#8622=DIRECTION('ref_axis',(0.,-0.707106781186549,-0.707106781186546));
#8623=DIRECTION('center_axis',(1.,0.,0.));
#8624=DIRECTION('ref_axis',(0.,-1.,0.));
#8625=DIRECTION('center_axis',(-1.,0.,0.));
#8626=DIRECTION('ref_axis',(0.,-1.,0.));
#8627=DIRECTION('',(-0.707106781186543,0.683012701892224,0.183012701892219));
#8628=DIRECTION('center_axis',(1.,0.,0.));
#8629=DIRECTION('ref_axis',(0.,-1.,0.));
#8630=DIRECTION('center_axis',(1.,0.,0.));
#8631=DIRECTION('ref_axis',(0.,0.965925826289066,0.25881904510253));
#8632=DIRECTION('',(-0.707106781186546,-0.683012701892219,-0.183012701892226));
#8633=DIRECTION('center_axis',(1.,0.,0.));
#8634=DIRECTION('ref_axis',(0.,0.965925826289066,0.25881904510253));
#8635=DIRECTION('center_axis',(-1.,0.,0.));
#8636=DIRECTION('ref_axis',(0.,0.965925826289068,0.258819045102521));
#8637=DIRECTION('',(-0.707106781186547,0.68301270189222,0.183012701892219));
#8638=DIRECTION('center_axis',(-1.,0.,0.));
#8639=DIRECTION('ref_axis',(0.,0.965925826289068,0.258819045102521));
#8640=DIRECTION('center_axis',(1.,0.,0.));
#8641=DIRECTION('ref_axis',(0.,-0.965925826289068,-0.25881904510252));
#8642=DIRECTION('',(-0.707106781186549,0.683012701435351,-0.183012703597267));
#8643=DIRECTION('center_axis',(1.,0.,0.));
#8644=DIRECTION('ref_axis',(0.,-0.965925826289068,-0.25881904510252));
#8645=DIRECTION('center_axis',(-1.,0.,0.));
#8646=DIRECTION('ref_axis',(0.,-0.965925807943779,0.258819113568061));
#8647=DIRECTION('',(-0.707106781186547,-0.68301270189222,0.183012701892221));
#8648=DIRECTION('center_axis',(-1.,0.,0.));
#8649=DIRECTION('ref_axis',(0.,-0.965925807943779,0.258819113568061));
#8650=DIRECTION('center_axis',(1.,0.,0.));
#8651=DIRECTION('ref_axis',(0.,-0.965925826289068,0.258819045102521));
#8652=DIRECTION('',(-0.707106781186547,0.68301270189222,-0.183012701892219));
#8653=DIRECTION('center_axis',(1.,0.,0.));
#8654=DIRECTION('ref_axis',(0.,-0.965925826289068,0.258819045102521));
#8655=DIRECTION('center_axis',(1.,0.,0.));
#8656=DIRECTION('ref_axis',(0.,-1.,0.));
#8657=DIRECTION('center_axis',(-1.,0.,0.));
#8658=DIRECTION('ref_axis',(0.,-1.,0.));
#8659=DIRECTION('',(-0.707106781186546,0.500000000000001,-0.500000000000001));
#8660=DIRECTION('center_axis',(1.,0.,0.));
#8661=DIRECTION('ref_axis',(0.,-1.,0.));
#8662=DIRECTION('center_axis',(1.,0.,0.));
#8663=DIRECTION('ref_axis',(0.,0.707106781186556,-0.707106781186539));
#8664=DIRECTION('',(-0.707106781186548,-0.500000000000001,0.499999999999999));
#8665=DIRECTION('center_axis',(1.,0.,0.));
#8666=DIRECTION('ref_axis',(0.,0.707106781186556,-0.707106781186539));
#8667=DIRECTION('center_axis',(-1.,0.,0.));
#8668=DIRECTION('ref_axis',(0.,0.707106781186548,-0.707106781186548));
#8669=DIRECTION('',(-0.707106781186548,0.5,-0.5));
#8670=DIRECTION('center_axis',(-1.,0.,0.));
#8671=DIRECTION('ref_axis',(0.,0.707106781186547,-0.707106781186547));
#8672=DIRECTION('center_axis',(1.,0.,0.));
#8673=DIRECTION('ref_axis',(0.,-0.707106781186547,0.707106781186547));
#8674=DIRECTION('',(-0.707106781186549,0.18301270018717,-0.683012702349085));
#8675=DIRECTION('center_axis',(1.,0.,0.));
#8676=DIRECTION('ref_axis',(0.,-0.707106781186548,0.707106781186548));
#8677=DIRECTION('center_axis',(-1.,0.,0.));
#8678=DIRECTION('ref_axis',(0.,-0.258818976636973,0.965925844634354));
#8679=DIRECTION('',(-0.707106781186547,-0.183012701892218,0.68301270189222));
#8680=DIRECTION('center_axis',(-1.,0.,0.));
#8681=DIRECTION('ref_axis',(0.,-0.258818976636973,0.965925844634354));
#8682=DIRECTION('center_axis',(1.,0.,0.));
#8683=DIRECTION('ref_axis',(0.,-0.258819045102521,0.965925826289068));
#8684=DIRECTION('',(-0.707106781186547,0.183012701892219,-0.68301270189222));
#8685=DIRECTION('center_axis',(1.,0.,0.));
#8686=DIRECTION('ref_axis',(0.,-0.258819045102521,0.965925826289068));
#8687=DIRECTION('center_axis',(1.,0.,0.));
#8688=DIRECTION('ref_axis',(0.,1.,0.));
#8689=DIRECTION('center_axis',(-1.,0.,0.));
#8690=DIRECTION('ref_axis',(0.,1.,0.));
#8691=DIRECTION('',(-0.707106781186545,-0.183012701892222,-0.683012701892222));
#8692=DIRECTION('center_axis',(1.,0.,0.));
#8693=DIRECTION('ref_axis',(0.,1.,0.));
#8694=DIRECTION('center_axis',(1.,0.,0.));
#8695=DIRECTION('ref_axis',(0.,-0.258819045102516,-0.96592582628907));
#8696=DIRECTION('',(-0.707106781186545,0.18301270189222,0.683012701892222));
#8697=DIRECTION('center_axis',(1.,0.,0.));
#8698=DIRECTION('ref_axis',(0.,-0.258819045102516,-0.96592582628907));
#8699=DIRECTION('center_axis',(-1.,0.,0.));
#8700=DIRECTION('ref_axis',(0.,-0.25881904510252,-0.965925826289069));
#8701=DIRECTION('',(-0.707106781186549,-0.183012701892219,-0.683012701892218));
#8702=DIRECTION('center_axis',(-1.,0.,0.));
#8703=DIRECTION('ref_axis',(0.,-0.25881904510252,-0.965925826289069));
#8704=DIRECTION('center_axis',(1.,0.,0.));
#8705=DIRECTION('ref_axis',(0.,0.258819045102521,0.965925826289068));
#8706=DIRECTION('',(-0.707106781186548,-0.500000001248183,-0.499999998751816));
#8707=DIRECTION('center_axis',(1.,0.,0.));
#8708=DIRECTION('ref_axis',(0.,0.258819045102521,0.965925826289068));
#8709=DIRECTION('center_axis',(-1.,0.,0.));
#8710=DIRECTION('ref_axis',(0.,0.707106831306803,0.707106731066288));
#8711=DIRECTION('',(-0.707106781186547,0.5,0.5));
#8712=DIRECTION('center_axis',(-1.,0.,0.));
#8713=DIRECTION('ref_axis',(0.,0.707106831306803,0.707106731066288));
#8714=DIRECTION('center_axis',(1.,0.,0.));
#8715=DIRECTION('ref_axis',(0.,0.707106781186548,0.707106781186547));
#8716=DIRECTION('',(-0.707106781186548,-0.5,-0.5));
#8717=DIRECTION('center_axis',(1.,0.,0.));
#8718=DIRECTION('ref_axis',(0.,0.707106781186548,0.707106781186547));
#8719=DIRECTION('center_axis',(-1.,0.,0.));
#8720=DIRECTION('ref_axis',(0.,0.707106781186548,0.707106781186547));
#8721=DIRECTION('center_axis',(1.,0.,0.));
#8722=DIRECTION('ref_axis',(0.,1.,0.));
#8723=DIRECTION('center_axis',(-1.,0.,0.));
#8724=DIRECTION('ref_axis',(0.,1.,0.));
#8725=DIRECTION('',(-0.707106781186545,-0.683012701892222,-0.183012701892219));
#8726=DIRECTION('center_axis',(1.,0.,0.));
#8727=DIRECTION('ref_axis',(0.,1.,0.));
#8728=DIRECTION('center_axis',(1.,0.,0.));
#8729=DIRECTION('ref_axis',(0.,-0.965925826289067,-0.258819045102526));
#8730=DIRECTION('',(-0.707106781186547,0.68301270189222,0.183012701892221));
#8731=DIRECTION('center_axis',(1.,0.,0.));
#8732=DIRECTION('ref_axis',(0.,-0.965925826289067,-0.258819045102526));
#8733=DIRECTION('center_axis',(-1.,0.,0.));
#8734=DIRECTION('ref_axis',(0.,-0.965925826289067,-0.258819045102526));
#8735=DIRECTION('center_axis',(-1.,0.,0.));
#8736=DIRECTION('ref_axis',(0.,-0.965925826289068,-0.25881904510252));
#8737=DIRECTION('',(-0.707106781186545,-0.683012701892222,-0.183012701892218));
#8738=DIRECTION('center_axis',(-1.,0.,0.));
#8739=DIRECTION('ref_axis',(0.,-0.965925826289069,-0.25881904510252));
#8740=DIRECTION('center_axis',(1.,0.,0.));
#8741=DIRECTION('ref_axis',(0.,-0.965925826289069,-0.25881904510252));
#8742=DIRECTION('center_axis',(1.,0.,0.));
#8743=DIRECTION('ref_axis',(0.,0.965925826289069,0.25881904510252));
#8744=DIRECTION('center_axis',(1.,0.,0.));
#8745=DIRECTION('ref_axis',(0.,0.965925826289068,0.25881904510252));
#8746=DIRECTION('center_axis',(-1.,0.,0.));
#8747=DIRECTION('ref_axis',(0.,0.965925826289068,0.25881904510252));
#8748=DIRECTION('center_axis',(1.,0.,0.));
#8749=DIRECTION('ref_axis',(0.,1.,0.));
#8750=DIRECTION('center_axis',(1.,0.,0.));
#8751=DIRECTION('ref_axis',(0.,0.,-1.));
#8752=DIRECTION('center_axis',(1.,0.,0.));
#8753=DIRECTION('ref_axis',(0.,-0.7071068313068,-0.707106731066292));
#8754=DIRECTION('',(1.,0.,0.));
#8755=DIRECTION('center_axis',(1.,0.,0.));
#8756=DIRECTION('ref_axis',(0.,0.258819045102521,0.965925826289068));
#8757=DIRECTION('',(1.,0.,0.));
#8758=DIRECTION('center_axis',(1.,0.,0.));
#8759=DIRECTION('ref_axis',(0.,0.258819045102521,0.965925826289068));
#8760=DIRECTION('',(1.,0.,0.));
#8761=DIRECTION('center_axis',(1.,0.,0.));
#8762=DIRECTION('ref_axis',(0.,0.258819045102516,0.96592582628907));
#8763=DIRECTION('',(1.,0.,0.));
#8764=DIRECTION('center_axis',(1.,0.,0.));
#8765=DIRECTION('ref_axis',(0.,0.258819045102516,0.96592582628907));
#8766=DIRECTION('',(1.,0.,0.));
#8767=DIRECTION('center_axis',(1.,0.,0.));
#8768=DIRECTION('ref_axis',(0.,0.258819045102516,0.96592582628907));
#8769=DIRECTION('',(-1.,0.,0.));
#8770=DIRECTION('center_axis',(-1.,0.,0.));
#8771=DIRECTION('ref_axis',(0.,0.258819045102516,0.96592582628907));
#8772=DIRECTION('',(1.,0.,0.));
#8773=DIRECTION('center_axis',(-1.,0.,0.));
#8774=DIRECTION('ref_axis',(0.,0.258819045102516,0.96592582628907));
#8775=DIRECTION('',(1.,0.,0.));
#8776=DIRECTION('center_axis',(1.,0.,0.));
#8777=DIRECTION('ref_axis',(0.,0.258819045102516,0.96592582628907));
#8778=DIRECTION('',(1.,0.,0.));
#8779=DIRECTION('center_axis',(1.,0.,0.));
#8780=DIRECTION('ref_axis',(0.,0.258819045102516,0.96592582628907));
#8781=DIRECTION('',(-1.,0.,0.));
#8782=DIRECTION('center_axis',(-1.,0.,0.));
#8783=DIRECTION('ref_axis',(0.,0.258819045102516,0.96592582628907));
#8784=DIRECTION('',(1.,0.,0.));
#8785=DIRECTION('center_axis',(-1.,0.,0.));
#8786=DIRECTION('ref_axis',(0.,0.258819045102516,0.96592582628907));
#8787=DIRECTION('',(1.,0.,0.));
#8788=DIRECTION('center_axis',(1.,0.,0.));
#8789=DIRECTION('ref_axis',(0.,1.,0.));
#8790=DIRECTION('',(1.,0.,0.));
#8791=DIRECTION('center_axis',(1.,0.,0.));
#8792=DIRECTION('ref_axis',(0.,0.,-1.));
#8793=DIRECTION('center_axis',(1.,0.,0.));
#8794=DIRECTION('ref_axis',(0.,0.258819045102519,-0.965925826289069));
#8795=DIRECTION('',(1.,0.,0.));
#8796=DIRECTION('center_axis',(-1.,0.,0.));
#8797=DIRECTION('ref_axis',(0.,0.258819045102519,-0.965925826289069));
#8798=DIRECTION('',(-1.,0.,0.));
#8799=DIRECTION('center_axis',(-1.,0.,0.));
#8800=DIRECTION('ref_axis',(0.,0.258819045102519,-0.965925826289069));
#8801=DIRECTION('',(1.,0.,0.));
#8802=DIRECTION('center_axis',(1.,0.,0.));
#8803=DIRECTION('ref_axis',(0.,0.258819045102519,-0.965925826289069));
#8804=DIRECTION('',(-1.,0.,0.));
#8805=DIRECTION('center_axis',(1.,0.,0.));
#8806=DIRECTION('ref_axis',(0.,0.258819045102519,-0.965925826289069));
#8807=DIRECTION('',(1.,0.,0.));
#8808=DIRECTION('center_axis',(-1.,0.,0.));
#8809=DIRECTION('ref_axis',(0.,0.258819045102519,-0.965925826289069));
#8810=DIRECTION('',(-1.,0.,0.));
#8811=DIRECTION('center_axis',(-1.,0.,0.));
#8812=DIRECTION('ref_axis',(0.,0.258819045102519,-0.965925826289069));
#8813=DIRECTION('',(1.,0.,0.));
#8814=DIRECTION('center_axis',(1.,0.,0.));
#8815=DIRECTION('ref_axis',(0.,0.258819045102519,-0.965925826289069));
#8816=DIRECTION('',(-1.,0.,0.));
#8817=DIRECTION('center_axis',(1.,0.,0.));
#8818=DIRECTION('ref_axis',(0.,0.258819045102519,-0.965925826289069));
#8819=DIRECTION('',(1.,0.,0.));
#8820=DIRECTION('center_axis',(1.,0.,0.));
#8821=DIRECTION('ref_axis',(0.,0.258818976636977,-0.965925844634353));
#8822=DIRECTION('',(1.,0.,0.));
#8823=DIRECTION('center_axis',(1.,0.,0.));
#8824=DIRECTION('ref_axis',(0.,-0.707106781186547,0.707106781186548));
#8825=DIRECTION('',(1.,0.,0.));
#8826=DIRECTION('center_axis',(1.,0.,0.));
#8827=DIRECTION('ref_axis',(0.,-0.707106781186548,0.707106781186548));
#8828=DIRECTION('',(1.,0.,0.));
#8829=DIRECTION('center_axis',(1.,0.,0.));
#8830=DIRECTION('ref_axis',(0.,-0.707106781186552,0.707106781186543));
#8831=DIRECTION('',(1.,0.,0.));
#8832=DIRECTION('center_axis',(1.,0.,0.));
#8833=DIRECTION('ref_axis',(0.,-0.707106781186552,0.707106781186543));
#8834=DIRECTION('',(1.,0.,0.));
#8835=DIRECTION('center_axis',(1.,0.,0.));
#8836=DIRECTION('ref_axis',(0.,-0.707106781186552,0.707106781186543));
#8837=DIRECTION('',(-1.,0.,0.));
#8838=DIRECTION('center_axis',(-1.,0.,0.));
#8839=DIRECTION('ref_axis',(0.,-0.707106781186552,0.707106781186543));
#8840=DIRECTION('',(1.,0.,0.));
#8841=DIRECTION('center_axis',(-1.,0.,0.));
#8842=DIRECTION('ref_axis',(0.,-0.707106781186552,0.707106781186543));
#8843=DIRECTION('',(1.,0.,0.));
#8844=DIRECTION('center_axis',(1.,0.,0.));
#8845=DIRECTION('ref_axis',(0.,-0.707106781186552,0.707106781186543));
#8846=DIRECTION('',(1.,0.,0.));
#8847=DIRECTION('center_axis',(1.,0.,0.));
#8848=DIRECTION('ref_axis',(0.,-0.707106781186552,0.707106781186543));
#8849=DIRECTION('',(-1.,0.,0.));
#8850=DIRECTION('center_axis',(-1.,0.,0.));
#8851=DIRECTION('ref_axis',(0.,-0.707106781186552,0.707106781186543));
#8852=DIRECTION('',(1.,0.,0.));
#8853=DIRECTION('center_axis',(-1.,0.,0.));
#8854=DIRECTION('ref_axis',(0.,-0.707106781186552,0.707106781186543));
#8855=DIRECTION('',(1.,0.,0.));
#8856=DIRECTION('center_axis',(1.,0.,0.));
#8857=DIRECTION('ref_axis',(0.,1.,0.));
#8858=DIRECTION('',(1.,0.,0.));
#8859=DIRECTION('center_axis',(1.,0.,0.));
#8860=DIRECTION('ref_axis',(0.,0.,-1.));
#8861=DIRECTION('center_axis',(1.,0.,0.));
#8862=DIRECTION('ref_axis',(0.,0.965925826289068,-0.258819045102522));
#8863=DIRECTION('',(1.,0.,0.));
#8864=DIRECTION('center_axis',(-1.,0.,0.));
#8865=DIRECTION('ref_axis',(0.,0.965925826289068,-0.258819045102522));
#8866=DIRECTION('',(-1.,0.,0.));
#8867=DIRECTION('center_axis',(-1.,0.,0.));
#8868=DIRECTION('ref_axis',(0.,0.965925826289068,-0.258819045102522));
#8869=DIRECTION('',(1.,0.,0.));
#8870=DIRECTION('center_axis',(1.,0.,0.));
#8871=DIRECTION('ref_axis',(0.,0.965925826289068,-0.258819045102522));
#8872=DIRECTION('',(-1.,0.,0.));
#8873=DIRECTION('center_axis',(1.,0.,0.));
#8874=DIRECTION('ref_axis',(0.,0.965925826289068,-0.258819045102522));
#8875=DIRECTION('',(1.,0.,0.));
#8876=DIRECTION('center_axis',(-1.,0.,0.));
#8877=DIRECTION('ref_axis',(0.,0.965925826289068,-0.258819045102522));
#8878=DIRECTION('',(-1.,0.,0.));
#8879=DIRECTION('center_axis',(-1.,0.,0.));
#8880=DIRECTION('ref_axis',(0.,0.965925826289068,-0.258819045102522));
#8881=DIRECTION('',(1.,0.,0.));
#8882=DIRECTION('center_axis',(1.,0.,0.));
#8883=DIRECTION('ref_axis',(0.,0.965925826289068,-0.258819045102522));
#8884=DIRECTION('',(-1.,0.,0.));
#8885=DIRECTION('center_axis',(1.,0.,0.));
#8886=DIRECTION('ref_axis',(0.,0.965925826289068,-0.258819045102522));
#8887=DIRECTION('',(1.,0.,0.));
#8888=DIRECTION('center_axis',(1.,0.,0.));
#8889=DIRECTION('ref_axis',(0.,0.965925807943779,-0.258819113568063));
#8890=DIRECTION('',(1.,0.,0.));
#8891=DIRECTION('center_axis',(-1.,0.,0.));
#8892=DIRECTION('ref_axis',(0.,0.,1.));
#8893=DIRECTION('center_axis',(-1.,0.,0.));
#8894=DIRECTION('ref_axis',(0.,2.93705742533709E-16,-1.));
#8895=DIRECTION('center_axis',(1.,0.,0.));
#8896=DIRECTION('ref_axis',(0.,-0.26082026547865,-0.965387377748252));
#8897=DIRECTION('center_axis',(1.,0.,0.));
#8898=DIRECTION('ref_axis',(0.,-2.93705742533709E-16,1.));
#8899=DIRECTION('center_axis',(1.,0.,0.));
#8900=DIRECTION('ref_axis',(0.,0.966460126362156,-0.256816713147814));
#8901=DIRECTION('',(0.,-0.5,-0.866025403784439));
#8902=DIRECTION('center_axis',(1.,0.,0.));
#8903=DIRECTION('ref_axis',(0.,0.705639860883506,-0.708570664600438));
#8904=DIRECTION('center_axis',(1.,0.,0.));
#8905=DIRECTION('ref_axis',(0.,-2.93705742533709E-16,1.));
#8906=DIRECTION('center_axis',(1.,0.,0.));
#8907=DIRECTION('ref_axis',(0.,0.705639860883505,0.708570664600439));
#8908=DIRECTION('',(0.,0.5,-0.866025403784438));
#8909=DIRECTION('center_axis',(1.,0.,0.));
#8910=DIRECTION('ref_axis',(0.,0.966460126362156,0.256816713147814));
#8911=DIRECTION('center_axis',(1.,0.,0.));
#8912=DIRECTION('ref_axis',(0.,-2.93705742533709E-16,1.));
#8913=DIRECTION('center_axis',(1.,0.,0.));
#8914=DIRECTION('ref_axis',(0.,-0.260820265478651,0.965387377748252));
#8915=DIRECTION('',(0.,1.,2.93705742533709E-16));
#8916=DIRECTION('center_axis',(1.,0.,0.));
#8917=DIRECTION('ref_axis',(0.,0.26082026547865,0.965387377748252));
#8918=DIRECTION('center_axis',(1.,0.,0.));
#8919=DIRECTION('ref_axis',(0.,-2.93705742533709E-16,1.));
#8920=DIRECTION('center_axis',(1.,0.,0.));
#8921=DIRECTION('ref_axis',(0.,-0.966460126362156,0.256816713147812));
#8922=DIRECTION('',(0.,0.5,0.866025403784439));
#8923=DIRECTION('center_axis',(1.,0.,0.));
#8924=DIRECTION('ref_axis',(0.,-0.705639860883506,0.708570664600438));
#8925=DIRECTION('center_axis',(1.,0.,0.));
#8926=DIRECTION('ref_axis',(0.,-2.93705742533709E-16,1.));
#8927=DIRECTION('center_axis',(1.,0.,0.));
#8928=DIRECTION('ref_axis',(0.,-0.705639860883506,-0.708570664600438));
#8929=DIRECTION('',(0.,-0.5,0.866025403784439));
#8930=DIRECTION('center_axis',(1.,0.,0.));
#8931=DIRECTION('ref_axis',(0.,-0.966460126362156,-0.256816713147813));
#8932=DIRECTION('center_axis',(1.,0.,0.));
#8933=DIRECTION('ref_axis',(0.,-2.93705742533709E-16,1.));
#8934=DIRECTION('center_axis',(1.,0.,0.));
#8935=DIRECTION('ref_axis',(0.,0.260820265478651,-0.965387377748252));
#8936=DIRECTION('',(0.,-1.,-2.93705742533709E-16));
#8937=DIRECTION('center_axis',(1.,0.,0.));
#8938=DIRECTION('ref_axis',(0.,0.965387377748252,-0.26082026547865));
#8939=DIRECTION('center_axis',(1.,0.,0.));
#8940=DIRECTION('ref_axis',(0.,-1.,-2.32473402576341E-16));
#8941=DIRECTION('center_axis',(1.,0.,0.));
#8942=DIRECTION('ref_axis',(0.,0.256816713147813,0.966460126362156));
#8943=DIRECTION('',(0.,0.866025403784439,-0.5));
#8944=DIRECTION('center_axis',(1.,0.,0.));
#8945=DIRECTION('ref_axis',(0.,0.708570664600438,0.705639860883506));
#8946=DIRECTION('center_axis',(1.,0.,0.));
#8947=DIRECTION('ref_axis',(0.,-1.,-2.32473402576341E-16));
#8948=DIRECTION('center_axis',(1.,0.,0.));
#8949=DIRECTION('ref_axis',(0.,-0.708570664600439,0.705639860883505));
#8950=DIRECTION('',(0.,0.866025403784438,0.5));
#8951=DIRECTION('center_axis',(1.,0.,0.));
#8952=DIRECTION('ref_axis',(0.,-0.256816713147814,0.966460126362156));
#8953=DIRECTION('center_axis',(1.,0.,0.));
#8954=DIRECTION('ref_axis',(0.,-1.,-2.32473402576341E-16));
#8955=DIRECTION('center_axis',(1.,0.,0.));
#8956=DIRECTION('ref_axis',(0.,-0.965387377748252,-0.26082026547865));
#8957=DIRECTION('',(0.,-2.32473402576341E-16,1.));
#8958=DIRECTION('center_axis',(1.,0.,0.));
#8959=DIRECTION('ref_axis',(0.,-0.965387377748252,0.26082026547865));
#8960=DIRECTION('center_axis',(1.,0.,0.));
#8961=DIRECTION('ref_axis',(0.,-1.,-2.32473402576341E-16));
#8962=DIRECTION('center_axis',(1.,0.,0.));
#8963=DIRECTION('ref_axis',(0.,-0.256816713147813,-0.966460126362156));
#8964=DIRECTION('',(0.,-0.866025403784439,0.5));
#8965=DIRECTION('center_axis',(1.,0.,0.));
#8966=DIRECTION('ref_axis',(0.,-0.708570664600438,-0.705639860883506));
#8967=DIRECTION('center_axis',(1.,0.,0.));
#8968=DIRECTION('ref_axis',(0.,-1.,-2.32473402576341E-16));
#8969=DIRECTION('center_axis',(1.,0.,0.));
#8970=DIRECTION('ref_axis',(0.,0.708570664600438,-0.705639860883506));
#8971=DIRECTION('',(0.,-0.866025403784439,-0.5));
#8972=DIRECTION('center_axis',(1.,0.,0.));
#8973=DIRECTION('ref_axis',(0.,0.256816713147813,-0.966460126362156));
#8974=DIRECTION('center_axis',(1.,0.,0.));
#8975=DIRECTION('ref_axis',(0.,-1.,-2.32473402576341E-16));
#8976=DIRECTION('center_axis',(1.,0.,0.));
#8977=DIRECTION('ref_axis',(0.,0.965387377748252,0.260820265478651));
#8978=DIRECTION('',(0.,2.32473402576341E-16,-1.));
#8979=DIRECTION('center_axis',(1.,0.,0.));
#8980=DIRECTION('ref_axis',(0.,0.26082026547865,0.965387377748252));
#8981=DIRECTION('center_axis',(1.,0.,0.));
#8982=DIRECTION('ref_axis',(0.,1.71241062618974E-16,-1.));
#8983=DIRECTION('center_axis',(1.,0.,0.));
#8984=DIRECTION('ref_axis',(0.,-0.966460126362156,0.256816713147813));
#8985=DIRECTION('',(0.,0.5,0.866025403784439));
#8986=DIRECTION('center_axis',(1.,0.,0.));
#8987=DIRECTION('ref_axis',(0.,-0.705639860883506,0.708570664600438));
#8988=DIRECTION('center_axis',(1.,0.,0.));
#8989=DIRECTION('ref_axis',(0.,1.71241062618974E-16,-1.));
#8990=DIRECTION('center_axis',(1.,0.,0.));
#8991=DIRECTION('ref_axis',(0.,-0.705639860883505,-0.708570664600439));
#8992=DIRECTION('',(0.,-0.5,0.866025403784438));
#8993=DIRECTION('center_axis',(1.,0.,0.));
#8994=DIRECTION('ref_axis',(0.,-0.966460126362156,-0.256816713147814));
#8995=DIRECTION('center_axis',(1.,0.,0.));
#8996=DIRECTION('ref_axis',(0.,1.71241062618974E-16,-1.));
#8997=DIRECTION('center_axis',(1.,0.,0.));
#8998=DIRECTION('ref_axis',(0.,0.26082026547865,-0.965387377748252));
#8999=DIRECTION('',(0.,-1.,-1.71241062618974E-16));
#9000=DIRECTION('center_axis',(1.,0.,0.));
#9001=DIRECTION('ref_axis',(0.,-0.26082026547865,-0.965387377748252));
#9002=DIRECTION('center_axis',(1.,0.,0.));
#9003=DIRECTION('ref_axis',(0.,1.71241062618974E-16,-1.));
#9004=DIRECTION('center_axis',(1.,0.,0.));
#9005=DIRECTION('ref_axis',(0.,0.966460126362156,-0.256816713147813));
#9006=DIRECTION('',(0.,-0.5,-0.866025403784439));
#9007=DIRECTION('center_axis',(1.,0.,0.));
#9008=DIRECTION('ref_axis',(0.,0.705639860883506,-0.708570664600438));
#9009=DIRECTION('center_axis',(1.,0.,0.));
#9010=DIRECTION('ref_axis',(0.,1.71241062618974E-16,-1.));
#9011=DIRECTION('center_axis',(1.,0.,0.));
#9012=DIRECTION('ref_axis',(0.,0.705639860883506,0.708570664600438));
#9013=DIRECTION('',(0.,0.5,-0.866025403784439));
#9014=DIRECTION('center_axis',(1.,0.,0.));
#9015=DIRECTION('ref_axis',(0.,0.966460126362156,0.256816713147813));
#9016=DIRECTION('center_axis',(1.,0.,0.));
#9017=DIRECTION('ref_axis',(0.,1.71241062618974E-16,-1.));
#9018=DIRECTION('center_axis',(1.,0.,0.));
#9019=DIRECTION('ref_axis',(0.,-0.260820265478651,0.965387377748252));
#9020=DIRECTION('',(0.,1.,1.71241062618974E-16));
#9021=DIRECTION('center_axis',(1.,0.,0.));
#9022=DIRECTION('ref_axis',(0.,-0.965387377748252,0.26082026547865));
#9023=DIRECTION('center_axis',(1.,0.,0.));
#9024=DIRECTION('ref_axis',(0.,1.,1.10008722661606E-16));
#9025=DIRECTION('center_axis',(1.,0.,0.));
#9026=DIRECTION('ref_axis',(0.,-0.256816713147813,-0.966460126362156));
#9027=DIRECTION('',(0.,-0.866025403784438,0.5));
#9028=DIRECTION('center_axis',(1.,0.,0.));
#9029=DIRECTION('ref_axis',(0.,-0.708570664600438,-0.705639860883505));
#9030=DIRECTION('center_axis',(1.,0.,0.));
#9031=DIRECTION('ref_axis',(0.,1.,1.10008722661606E-16));
#9032=DIRECTION('center_axis',(1.,0.,0.));
#9033=DIRECTION('ref_axis',(0.,0.708570664600439,-0.705639860883505));
#9034=DIRECTION('',(0.,-0.866025403784438,-0.5));
#9035=DIRECTION('center_axis',(1.,0.,0.));
#9036=DIRECTION('ref_axis',(0.,0.256816713147814,-0.966460126362155));
#9037=DIRECTION('center_axis',(1.,0.,0.));
#9038=DIRECTION('ref_axis',(0.,1.,1.10008722661606E-16));
#9039=DIRECTION('center_axis',(1.,0.,0.));
#9040=DIRECTION('ref_axis',(0.,0.965387377748252,0.26082026547865));
#9041=DIRECTION('',(0.,1.10008722661606E-16,-1.));
#9042=DIRECTION('center_axis',(1.,0.,0.));
#9043=DIRECTION('ref_axis',(0.,0.965387377748252,-0.26082026547865));
#9044=DIRECTION('center_axis',(1.,0.,0.));
#9045=DIRECTION('ref_axis',(0.,1.,1.10008722661606E-16));
#9046=DIRECTION('center_axis',(1.,0.,0.));
#9047=DIRECTION('ref_axis',(0.,0.256816713147813,0.966460126362156));
#9048=DIRECTION('',(0.,0.866025403784439,-0.5));
#9049=DIRECTION('center_axis',(1.,0.,0.));
#9050=DIRECTION('ref_axis',(0.,0.708570664600438,0.705639860883506));
#9051=DIRECTION('center_axis',(1.,0.,0.));
#9052=DIRECTION('ref_axis',(0.,1.,1.10008722661606E-16));
#9053=DIRECTION('center_axis',(1.,0.,0.));
#9054=DIRECTION('ref_axis',(0.,-0.708570664600438,0.705639860883506));
#9055=DIRECTION('',(0.,0.866025403784439,0.5));
#9056=DIRECTION('center_axis',(1.,0.,0.));
#9057=DIRECTION('ref_axis',(0.,-0.256816713147813,0.966460126362156));
#9058=DIRECTION('center_axis',(1.,0.,0.));
#9059=DIRECTION('ref_axis',(0.,1.,1.10008722661606E-16));
#9060=DIRECTION('center_axis',(1.,0.,0.));
#9061=DIRECTION('ref_axis',(0.,-0.965387377748252,-0.260820265478651));
#9062=DIRECTION('',(0.,-1.10008722661606E-16,1.));
#9063=DIRECTION('center_axis',(1.,0.,0.));
#9064=DIRECTION('ref_axis',(0.,-0.965387377748252,0.26082026547865));
#9065=DIRECTION('',(1.,0.,0.));
#9066=DIRECTION('center_axis',(1.,0.,0.));
#9067=DIRECTION('ref_axis',(0.,-0.965387377748252,0.26082026547865));
#9068=DIRECTION('',(-1.,0.,0.));
#9069=DIRECTION('center_axis',(1.,0.,0.));
#9070=DIRECTION('ref_axis',(0.,1.,1.10008722661606E-16));
#9071=DIRECTION('center_axis',(1.,0.,0.));
#9072=DIRECTION('ref_axis',(0.,1.,1.10008722661606E-16));
#9073=DIRECTION('',(1.,0.,0.));
#9074=DIRECTION('center_axis',(1.,0.,0.));
#9075=DIRECTION('ref_axis',(0.,-0.256816713147813,-0.966460126362156));
#9076=DIRECTION('center_axis',(1.,0.,0.));
#9077=DIRECTION('ref_axis',(0.,-0.256816713147813,-0.966460126362156));
#9078=DIRECTION('',(-1.,0.,0.));
#9079=DIRECTION('center_axis',(1.,0.,0.));
#9080=DIRECTION('ref_axis',(0.,-0.708570664600438,-0.705639860883505));
#9081=DIRECTION('',(1.,0.,0.));
#9082=DIRECTION('center_axis',(1.,0.,0.));
#9083=DIRECTION('ref_axis',(0.,-0.708570664600438,-0.705639860883505));
#9084=DIRECTION('',(-1.,0.,0.));
#9085=DIRECTION('center_axis',(1.,0.,0.));
#9086=DIRECTION('ref_axis',(0.,1.,1.10008722661606E-16));
#9087=DIRECTION('center_axis',(1.,0.,0.));
#9088=DIRECTION('ref_axis',(0.,1.,1.10008722661606E-16));
#9089=DIRECTION('',(1.,0.,0.));
#9090=DIRECTION('center_axis',(1.,0.,0.));
#9091=DIRECTION('ref_axis',(0.,0.708570664600439,-0.705639860883505));
#9092=DIRECTION('center_axis',(1.,0.,0.));
#9093=DIRECTION('ref_axis',(0.,0.708570664600439,-0.705639860883505));
#9094=DIRECTION('',(-1.,0.,0.));
#9095=DIRECTION('center_axis',(1.,0.,0.));
#9096=DIRECTION('ref_axis',(0.,0.256816713147814,-0.966460126362155));
#9097=DIRECTION('',(1.,0.,0.));
#9098=DIRECTION('center_axis',(1.,0.,0.));
#9099=DIRECTION('ref_axis',(0.,0.256816713147814,-0.966460126362155));
#9100=DIRECTION('',(-1.,0.,0.));
#9101=DIRECTION('center_axis',(1.,0.,0.));
#9102=DIRECTION('ref_axis',(0.,-0.866025403784438,0.500000000000001));
#9103=DIRECTION('center_axis',(1.,0.,0.));
#9104=DIRECTION('ref_axis',(0.,1.,1.10008722661606E-16));
#9105=DIRECTION('',(1.,0.,0.));
#9106=DIRECTION('center_axis',(1.,0.,0.));
#9107=DIRECTION('ref_axis',(0.,0.965387377748252,0.26082026547865));
#9108=DIRECTION('center_axis',(1.,0.,0.));
#9109=DIRECTION('ref_axis',(0.,0.965387377748252,0.26082026547865));
#9110=DIRECTION('',(-1.,0.,0.));
#9111=DIRECTION('center_axis',(1.,0.,0.));
#9112=DIRECTION('ref_axis',(0.,0.965387377748252,-0.26082026547865));
#9113=DIRECTION('',(1.,0.,0.));
#9114=DIRECTION('center_axis',(1.,0.,0.));
#9115=DIRECTION('ref_axis',(0.,0.965387377748252,-0.26082026547865));
#9116=DIRECTION('',(-1.,0.,0.));
#9117=DIRECTION('center_axis',(1.,0.,0.));
#9118=DIRECTION('ref_axis',(0.,-0.866025403784438,-0.5));
#9119=DIRECTION('center_axis',(1.,0.,0.));
#9120=DIRECTION('ref_axis',(0.,1.,1.10008722661606E-16));
#9121=DIRECTION('',(1.,0.,0.));
#9122=DIRECTION('center_axis',(1.,0.,0.));
#9123=DIRECTION('ref_axis',(0.,0.256816713147813,0.966460126362156));
#9124=DIRECTION('center_axis',(1.,0.,0.));
#9125=DIRECTION('ref_axis',(0.,0.256816713147813,0.966460126362156));
#9126=DIRECTION('',(-1.,0.,0.));
#9127=DIRECTION('center_axis',(1.,0.,0.));
#9128=DIRECTION('ref_axis',(0.,-0.965387377748252,-0.260820265478651));
#9129=DIRECTION('',(1.,0.,0.));
#9130=DIRECTION('center_axis',(1.,0.,0.));
#9131=DIRECTION('ref_axis',(0.,-0.965387377748252,-0.260820265478651));
#9132=DIRECTION('',(-1.,0.,0.));
#9133=DIRECTION('center_axis',(1.,0.,0.));
#9134=DIRECTION('ref_axis',(0.,1.,1.10008722661606E-16));
#9135=DIRECTION('',(-1.,0.,0.));
#9136=DIRECTION('center_axis',(1.,0.,0.));
#9137=DIRECTION('ref_axis',(0.,1.,1.10008722661606E-16));
#9138=DIRECTION('center_axis',(1.,0.,0.));
#9139=DIRECTION('ref_axis',(0.,-0.256816713147813,0.966460126362156));
#9140=DIRECTION('',(1.,0.,0.));
#9141=DIRECTION('center_axis',(1.,0.,0.));
#9142=DIRECTION('ref_axis',(0.,-0.256816713147813,0.966460126362156));
#9143=DIRECTION('center_axis',(0.,0.5,-0.866025403784439));
#9144=DIRECTION('ref_axis',(0.,0.866025403784439,0.5));
#9145=DIRECTION('',(-1.,0.,0.));
#9146=DIRECTION('',(0.,0.866025403784439,0.5));
#9147=DIRECTION('center_axis',(1.,0.,0.));
#9148=DIRECTION('ref_axis',(0.,0.708570664600438,0.705639860883506));
#9149=DIRECTION('',(1.,0.,0.));
#9150=DIRECTION('center_axis',(1.,0.,0.));
#9151=DIRECTION('ref_axis',(0.,0.708570664600438,0.705639860883506));
#9152=DIRECTION('',(-1.,0.,0.));
#9153=DIRECTION('center_axis',(1.,0.,0.));
#9154=DIRECTION('ref_axis',(0.,1.,1.10008722661606E-16));
#9155=DIRECTION('center_axis',(1.,0.,0.));
#9156=DIRECTION('ref_axis',(0.,1.,1.10008722661606E-16));
#9157=DIRECTION('',(1.,0.,0.));
#9158=DIRECTION('center_axis',(1.,0.,0.));
#9159=DIRECTION('ref_axis',(0.,-0.708570664600438,0.705639860883506));
#9160=DIRECTION('center_axis',(1.,0.,0.));
#9161=DIRECTION('ref_axis',(0.,-0.708570664600438,0.705639860883506));
#9162=DIRECTION('center_axis',(1.,0.,0.));
#9163=DIRECTION('ref_axis',(0.,0.26082026547865,0.965387377748252));
#9164=DIRECTION('',(1.,0.,0.));
#9165=DIRECTION('center_axis',(1.,0.,0.));
#9166=DIRECTION('ref_axis',(0.,0.26082026547865,0.965387377748252));
#9167=DIRECTION('',(-1.,0.,0.));
#9168=DIRECTION('center_axis',(1.,0.,0.));
#9169=DIRECTION('ref_axis',(0.,1.71241062618974E-16,-1.));
#9170=DIRECTION('center_axis',(1.,0.,0.));
#9171=DIRECTION('ref_axis',(0.,1.71241062618974E-16,-1.));
#9172=DIRECTION('',(1.,0.,0.));
#9173=DIRECTION('center_axis',(1.,0.,0.));
#9174=DIRECTION('ref_axis',(0.,-0.966460126362156,0.256816713147813));
#9175=DIRECTION('center_axis',(1.,0.,0.));
#9176=DIRECTION('ref_axis',(0.,-0.966460126362156,0.256816713147813));
#9177=DIRECTION('',(-1.,0.,0.));
#9178=DIRECTION('center_axis',(1.,0.,0.));
#9179=DIRECTION('ref_axis',(0.,-0.705639860883506,0.708570664600438));
#9180=DIRECTION('',(1.,0.,0.));
#9181=DIRECTION('center_axis',(1.,0.,0.));
#9182=DIRECTION('ref_axis',(0.,-0.705639860883506,0.708570664600438));
#9183=DIRECTION('',(-1.,0.,0.));
#9184=DIRECTION('center_axis',(1.,0.,0.));
#9185=DIRECTION('ref_axis',(0.,1.71241062618974E-16,-1.));
#9186=DIRECTION('center_axis',(1.,0.,0.));
#9187=DIRECTION('ref_axis',(0.,1.71241062618974E-16,-1.));
#9188=DIRECTION('',(1.,0.,0.));
#9189=DIRECTION('center_axis',(1.,0.,0.));
#9190=DIRECTION('ref_axis',(0.,-0.705639860883505,-0.708570664600439));
#9191=DIRECTION('center_axis',(1.,0.,0.));
#9192=DIRECTION('ref_axis',(0.,-0.705639860883505,-0.708570664600439));
#9193=DIRECTION('',(-1.,0.,0.));
#9194=DIRECTION('center_axis',(1.,0.,0.));
#9195=DIRECTION('ref_axis',(0.,-0.966460126362156,-0.256816713147814));
#9196=DIRECTION('',(1.,0.,0.));
#9197=DIRECTION('center_axis',(1.,0.,0.));
#9198=DIRECTION('ref_axis',(0.,-0.966460126362156,-0.256816713147814));
#9199=DIRECTION('',(-1.,0.,0.));
#9200=DIRECTION('center_axis',(1.,0.,0.));
#9201=DIRECTION('ref_axis',(0.,0.500000000000001,0.866025403784438));
#9202=DIRECTION('center_axis',(1.,0.,0.));
#9203=DIRECTION('ref_axis',(0.,1.71241062618974E-16,-1.));
#9204=DIRECTION('',(1.,0.,0.));
#9205=DIRECTION('center_axis',(1.,0.,0.));
#9206=DIRECTION('ref_axis',(0.,0.26082026547865,-0.965387377748252));
#9207=DIRECTION('center_axis',(1.,0.,0.));
#9208=DIRECTION('ref_axis',(0.,0.26082026547865,-0.965387377748252));
#9209=DIRECTION('',(-1.,0.,0.));
#9210=DIRECTION('center_axis',(1.,0.,0.));
#9211=DIRECTION('ref_axis',(0.,-0.26082026547865,-0.965387377748252));
#9212=DIRECTION('',(1.,0.,0.));
#9213=DIRECTION('center_axis',(1.,0.,0.));
#9214=DIRECTION('ref_axis',(0.,-0.26082026547865,-0.965387377748252));
#9215=DIRECTION('',(-1.,0.,0.));
#9216=DIRECTION('center_axis',(1.,0.,0.));
#9217=DIRECTION('ref_axis',(0.,-0.5,0.866025403784438));
#9218=DIRECTION('center_axis',(1.,0.,0.));
#9219=DIRECTION('ref_axis',(0.,1.71241062618974E-16,-1.));
#9220=DIRECTION('',(1.,0.,0.));
#9221=DIRECTION('center_axis',(1.,0.,0.));
#9222=DIRECTION('ref_axis',(0.,0.966460126362156,-0.256816713147813));
#9223=DIRECTION('center_axis',(1.,0.,0.));
#9224=DIRECTION('ref_axis',(0.,0.966460126362156,-0.256816713147813));
#9225=DIRECTION('',(-1.,0.,0.));
#9226=DIRECTION('center_axis',(1.,0.,0.));
#9227=DIRECTION('ref_axis',(0.,-0.260820265478651,0.965387377748252));
#9228=DIRECTION('',(1.,0.,0.));
#9229=DIRECTION('center_axis',(1.,0.,0.));
#9230=DIRECTION('ref_axis',(0.,-0.260820265478651,0.965387377748252));
#9231=DIRECTION('',(-1.,0.,0.));
#9232=DIRECTION('center_axis',(1.,0.,0.));
#9233=DIRECTION('ref_axis',(0.,1.71241062618974E-16,-1.));
#9234=DIRECTION('',(-1.,0.,0.));
#9235=DIRECTION('center_axis',(1.,0.,0.));
#9236=DIRECTION('ref_axis',(0.,1.71241062618974E-16,-1.));
#9237=DIRECTION('center_axis',(1.,0.,0.));
#9238=DIRECTION('ref_axis',(0.,0.966460126362156,0.256816713147813));
#9239=DIRECTION('',(1.,0.,0.));
#9240=DIRECTION('center_axis',(1.,0.,0.));
#9241=DIRECTION('ref_axis',(0.,0.966460126362156,0.256816713147813));
#9242=DIRECTION('center_axis',(0.,-0.866025403784439,-0.5));
#9243=DIRECTION('ref_axis',(0.,0.5,-0.866025403784439));
#9244=DIRECTION('',(-1.,0.,0.));
#9245=DIRECTION('',(0.,0.5,-0.866025403784439));
#9246=DIRECTION('center_axis',(1.,0.,0.));
#9247=DIRECTION('ref_axis',(0.,0.705639860883506,-0.708570664600438));
#9248=DIRECTION('',(1.,0.,0.));
#9249=DIRECTION('center_axis',(1.,0.,0.));
#9250=DIRECTION('ref_axis',(0.,0.705639860883506,-0.708570664600438));
#9251=DIRECTION('',(-1.,0.,0.));
#9252=DIRECTION('center_axis',(1.,0.,0.));
#9253=DIRECTION('ref_axis',(0.,1.71241062618974E-16,-1.));
#9254=DIRECTION('center_axis',(1.,0.,0.));
#9255=DIRECTION('ref_axis',(0.,1.71241062618974E-16,-1.));
#9256=DIRECTION('',(1.,0.,0.));
#9257=DIRECTION('center_axis',(1.,0.,0.));
#9258=DIRECTION('ref_axis',(0.,0.705639860883506,0.708570664600438));
#9259=DIRECTION('center_axis',(1.,0.,0.));
#9260=DIRECTION('ref_axis',(0.,0.705639860883506,0.708570664600438));
#9261=DIRECTION('center_axis',(1.,0.,0.));
#9262=DIRECTION('ref_axis',(0.,0.965387377748252,-0.26082026547865));
#9263=DIRECTION('',(1.,0.,0.));
#9264=DIRECTION('center_axis',(1.,0.,0.));
#9265=DIRECTION('ref_axis',(0.,0.965387377748252,-0.26082026547865));
#9266=DIRECTION('',(-1.,0.,0.));
#9267=DIRECTION('center_axis',(1.,0.,0.));
#9268=DIRECTION('ref_axis',(0.,-1.,-2.32473402576341E-16));
#9269=DIRECTION('center_axis',(1.,0.,0.));
#9270=DIRECTION('ref_axis',(0.,-1.,-2.32473402576341E-16));
#9271=DIRECTION('',(1.,0.,0.));
#9272=DIRECTION('center_axis',(1.,0.,0.));
#9273=DIRECTION('ref_axis',(0.,0.256816713147813,0.966460126362156));
#9274=DIRECTION('center_axis',(1.,0.,0.));
#9275=DIRECTION('ref_axis',(0.,0.256816713147813,0.966460126362156));
#9276=DIRECTION('',(-1.,0.,0.));
#9277=DIRECTION('center_axis',(1.,0.,0.));
#9278=DIRECTION('ref_axis',(0.,0.708570664600438,0.705639860883506));
#9279=DIRECTION('',(1.,0.,0.));
#9280=DIRECTION('center_axis',(1.,0.,0.));
#9281=DIRECTION('ref_axis',(0.,0.708570664600438,0.705639860883506));
#9282=DIRECTION('',(-1.,0.,0.));
#9283=DIRECTION('center_axis',(1.,0.,0.));
#9284=DIRECTION('ref_axis',(0.,-1.,-2.32473402576341E-16));
#9285=DIRECTION('center_axis',(1.,0.,0.));
#9286=DIRECTION('ref_axis',(0.,-1.,-2.32473402576341E-16));
#9287=DIRECTION('',(1.,0.,0.));
#9288=DIRECTION('center_axis',(1.,0.,0.));
#9289=DIRECTION('ref_axis',(0.,-0.708570664600439,0.705639860883505));
#9290=DIRECTION('center_axis',(1.,0.,0.));
#9291=DIRECTION('ref_axis',(0.,-0.708570664600439,0.705639860883505));
#9292=DIRECTION('',(-1.,0.,0.));
#9293=DIRECTION('center_axis',(1.,0.,0.));
#9294=DIRECTION('ref_axis',(0.,-0.256816713147814,0.966460126362156));
#9295=DIRECTION('',(1.,0.,0.));
#9296=DIRECTION('center_axis',(1.,0.,0.));
#9297=DIRECTION('ref_axis',(0.,-0.256816713147814,0.966460126362156));
#9298=DIRECTION('',(-1.,0.,0.));
#9299=DIRECTION('center_axis',(1.,0.,0.));
#9300=DIRECTION('ref_axis',(0.,0.866025403784438,-0.500000000000001));
#9301=DIRECTION('center_axis',(1.,0.,0.));
#9302=DIRECTION('ref_axis',(0.,-1.,-2.32473402576341E-16));
#9303=DIRECTION('',(1.,0.,0.));
#9304=DIRECTION('center_axis',(1.,0.,0.));
#9305=DIRECTION('ref_axis',(0.,-0.965387377748252,-0.26082026547865));
#9306=DIRECTION('center_axis',(1.,0.,0.));
#9307=DIRECTION('ref_axis',(0.,-0.965387377748252,-0.26082026547865));
#9308=DIRECTION('',(-1.,0.,0.));
#9309=DIRECTION('center_axis',(1.,0.,0.));
#9310=DIRECTION('ref_axis',(0.,-0.965387377748252,0.26082026547865));
#9311=DIRECTION('',(1.,0.,0.));
#9312=DIRECTION('center_axis',(1.,0.,0.));
#9313=DIRECTION('ref_axis',(0.,-0.965387377748252,0.26082026547865));
#9314=DIRECTION('',(-1.,0.,0.));
#9315=DIRECTION('center_axis',(1.,0.,0.));
#9316=DIRECTION('ref_axis',(0.,0.866025403784438,0.500000000000001));
#9317=DIRECTION('center_axis',(1.,0.,0.));
#9318=DIRECTION('ref_axis',(0.,-1.,-2.32473402576341E-16));
#9319=DIRECTION('',(1.,0.,0.));
#9320=DIRECTION('center_axis',(1.,0.,0.));
#9321=DIRECTION('ref_axis',(0.,-0.256816713147813,-0.966460126362156));
#9322=DIRECTION('center_axis',(1.,0.,0.));
#9323=DIRECTION('ref_axis',(0.,-0.256816713147813,-0.966460126362156));
#9324=DIRECTION('',(-1.,0.,0.));
#9325=DIRECTION('center_axis',(1.,0.,0.));
#9326=DIRECTION('ref_axis',(0.,0.965387377748252,0.260820265478651));
#9327=DIRECTION('',(1.,0.,0.));
#9328=DIRECTION('center_axis',(1.,0.,0.));
#9329=DIRECTION('ref_axis',(0.,0.965387377748252,0.260820265478651));
#9330=DIRECTION('',(-1.,0.,0.));
#9331=DIRECTION('center_axis',(1.,0.,0.));
#9332=DIRECTION('ref_axis',(0.,-1.,-2.32473402576341E-16));
#9333=DIRECTION('',(-1.,0.,0.));
#9334=DIRECTION('center_axis',(1.,0.,0.));
#9335=DIRECTION('ref_axis',(0.,-1.,-2.32473402576341E-16));
#9336=DIRECTION('center_axis',(1.,0.,0.));
#9337=DIRECTION('ref_axis',(0.,0.256816713147813,-0.966460126362156));
#9338=DIRECTION('',(1.,0.,0.));
#9339=DIRECTION('center_axis',(1.,0.,0.));
#9340=DIRECTION('ref_axis',(0.,0.256816713147813,-0.966460126362156));
#9341=DIRECTION('center_axis',(0.,-0.5,0.866025403784439));
#9342=DIRECTION('ref_axis',(0.,-0.866025403784439,-0.5));
#9343=DIRECTION('',(-1.,0.,0.));
#9344=DIRECTION('',(0.,-0.866025403784439,-0.5));
#9345=DIRECTION('center_axis',(1.,0.,0.));
#9346=DIRECTION('ref_axis',(0.,-0.708570664600438,-0.705639860883506));
#9347=DIRECTION('',(1.,0.,0.));
#9348=DIRECTION('center_axis',(1.,0.,0.));
#9349=DIRECTION('ref_axis',(0.,-0.708570664600438,-0.705639860883506));
#9350=DIRECTION('',(-1.,0.,0.));
#9351=DIRECTION('center_axis',(0.,0.5,0.866025403784439));
#9352=DIRECTION('ref_axis',(0.,-0.866025403784439,0.5));
#9353=DIRECTION('',(0.,-0.866025403784439,0.5));
#9354=DIRECTION('center_axis',(1.,0.,0.));
#9355=DIRECTION('ref_axis',(0.,0.708570664600438,-0.705639860883506));
#9356=DIRECTION('',(1.,0.,0.));
#9357=DIRECTION('center_axis',(1.,0.,0.));
#9358=DIRECTION('ref_axis',(0.,0.708570664600438,-0.705639860883506));
#9359=DIRECTION('center_axis',(-1.,0.,0.));
#9360=DIRECTION('ref_axis',(0.,1.,-1.83697019872103E-16));
#9361=DIRECTION('',(0.,-1.10008722661606E-16,1.));
#9362=DIRECTION('',(0.,0.866025403784439,-0.5));
#9363=DIRECTION('',(0.,1.10008722661606E-16,-1.));
#9364=DIRECTION('',(0.,-0.866025403784438,-0.5));
#9365=DIRECTION('',(0.,-0.866025403784438,0.5));
#9366=DIRECTION('center_axis',(1.,0.,0.));
#9367=DIRECTION('ref_axis',(0.,-1.,1.83697019872103E-16));
#9368=DIRECTION('center_axis',(0.,0.5,0.866025403784439));
#9369=DIRECTION('ref_axis',(0.,-0.866025403784438,0.5));
#9370=DIRECTION('center_axis',(0.,1.,1.10008722661606E-16));
#9371=DIRECTION('ref_axis',(0.,-1.10008722661606E-16,1.));
#9372=DIRECTION('center_axis',(0.,-0.5,-0.866025403784439));
#9373=DIRECTION('ref_axis',(0.,0.866025403784439,-0.5));
#9374=DIRECTION('center_axis',(0.,-1.,-1.10008722661606E-16));
#9375=DIRECTION('ref_axis',(0.,1.10008722661606E-16,-1.));
#9376=DIRECTION('center_axis',(0.,-0.5,0.866025403784438));
#9377=DIRECTION('ref_axis',(0.,-0.866025403784438,-0.5));
#9378=DIRECTION('center_axis',(-1.,0.,0.));
#9379=DIRECTION('ref_axis',(0.,-1.,1.83697019872103E-16));
#9380=DIRECTION('',(-1.,0.,0.));
#9381=DIRECTION('center_axis',(-1.,0.,0.));
#9382=DIRECTION('ref_axis',(0.,-1.22464679914735E-16,-1.));
#9383=DIRECTION('',(0.,1.,1.71241062618974E-16));
#9384=DIRECTION('',(0.,-0.5,-0.866025403784439));
#9385=DIRECTION('',(0.,-1.,-1.71241062618974E-16));
#9386=DIRECTION('',(0.,-0.5,0.866025403784438));
#9387=DIRECTION('',(0.,0.5,0.866025403784439));
#9388=DIRECTION('center_axis',(1.,0.,0.));
#9389=DIRECTION('ref_axis',(0.,1.22464679914735E-16,1.));
#9390=DIRECTION('center_axis',(0.,0.866025403784439,-0.5));
#9391=DIRECTION('ref_axis',(0.,0.5,0.866025403784439));
#9392=DIRECTION('center_axis',(0.,1.71241062618974E-16,-1.));
#9393=DIRECTION('ref_axis',(0.,1.,1.71241062618974E-16));
#9394=DIRECTION('center_axis',(0.,-0.866025403784439,0.5));
#9395=DIRECTION('ref_axis',(0.,-0.5,-0.866025403784439));
#9396=DIRECTION('center_axis',(0.,-1.71241062618974E-16,1.));
#9397=DIRECTION('ref_axis',(0.,-1.,-1.71241062618974E-16));
#9398=DIRECTION('center_axis',(0.,0.866025403784438,0.5));
#9399=DIRECTION('ref_axis',(0.,-0.5,0.866025403784438));
#9400=DIRECTION('center_axis',(-1.,0.,0.));
#9401=DIRECTION('ref_axis',(0.,1.22464679914735E-16,1.));
#9402=DIRECTION('',(-1.,0.,0.));
#9403=DIRECTION('center_axis',(-1.,0.,0.));
#9404=DIRECTION('ref_axis',(0.,-1.,6.12323399573677E-17));
#9405=DIRECTION('',(0.,2.32473402576341E-16,-1.));
#9406=DIRECTION('center_axis',(1.,0.,0.));
#9407=DIRECTION('ref_axis',(0.,-1.,-2.32473402576341E-16));
#9408=DIRECTION('',(0.,-2.32473402576341E-16,1.));
#9409=DIRECTION('',(0.,0.866025403784438,0.5));
#9410=DIRECTION('',(0.,0.866025403784439,-0.5));
#9411=DIRECTION('center_axis',(1.,0.,0.));
#9412=DIRECTION('ref_axis',(0.,1.,-6.12323399573677E-17));
#9413=DIRECTION('center_axis',(0.,-0.5,-0.866025403784439));
#9414=DIRECTION('ref_axis',(0.,0.866025403784439,-0.5));
#9415=DIRECTION('center_axis',(0.,-1.,-2.32473402576341E-16));
#9416=DIRECTION('ref_axis',(0.,2.32473402576341E-16,-1.));
#9417=DIRECTION('center_axis',(1.,0.,0.));
#9418=DIRECTION('ref_axis',(0.,-1.,-2.32473402576341E-16));
#9419=DIRECTION('center_axis',(0.,1.,2.32473402576341E-16));
#9420=DIRECTION('ref_axis',(0.,-2.32473402576341E-16,1.));
#9421=DIRECTION('center_axis',(0.,0.5,-0.866025403784438));
#9422=DIRECTION('ref_axis',(0.,0.866025403784438,0.5));
#9423=DIRECTION('center_axis',(-1.,0.,0.));
#9424=DIRECTION('ref_axis',(0.,1.,-6.12323399573677E-17));
#9425=DIRECTION('',(-1.,0.,0.));
#9426=DIRECTION('center_axis',(1.,0.,0.));
#9427=DIRECTION('ref_axis',(0.,-0.26082026547865,-0.965387377748252));
#9428=DIRECTION('',(1.,0.,0.));
#9429=DIRECTION('center_axis',(1.,0.,0.));
#9430=DIRECTION('ref_axis',(0.,-0.26082026547865,-0.965387377748252));
#9431=DIRECTION('',(-1.,0.,0.));
#9432=DIRECTION('center_axis',(1.,0.,0.));
#9433=DIRECTION('ref_axis',(0.,-2.93705742533709E-16,1.));
#9434=DIRECTION('center_axis',(1.,0.,0.));
#9435=DIRECTION('ref_axis',(0.,-2.93705742533709E-16,1.));
#9436=DIRECTION('',(1.,0.,0.));
#9437=DIRECTION('center_axis',(1.,0.,0.));
#9438=DIRECTION('ref_axis',(0.,0.966460126362156,-0.256816713147814));
#9439=DIRECTION('center_axis',(1.,0.,0.));
#9440=DIRECTION('ref_axis',(0.,0.966460126362156,-0.256816713147814));
#9441=DIRECTION('',(-1.,0.,0.));
#9442=DIRECTION('center_axis',(1.,0.,0.));
#9443=DIRECTION('ref_axis',(0.,0.705639860883506,-0.708570664600438));
#9444=DIRECTION('',(1.,0.,0.));
#9445=DIRECTION('center_axis',(1.,0.,0.));
#9446=DIRECTION('ref_axis',(0.,0.705639860883506,-0.708570664600438));
#9447=DIRECTION('',(-1.,0.,0.));
#9448=DIRECTION('center_axis',(1.,0.,0.));
#9449=DIRECTION('ref_axis',(0.,-2.93705742533709E-16,1.));
#9450=DIRECTION('center_axis',(1.,0.,0.));
#9451=DIRECTION('ref_axis',(0.,-2.93705742533709E-16,1.));
#9452=DIRECTION('',(1.,0.,0.));
#9453=DIRECTION('center_axis',(1.,0.,0.));
#9454=DIRECTION('ref_axis',(0.,0.705639860883505,0.708570664600439));
#9455=DIRECTION('center_axis',(1.,0.,0.));
#9456=DIRECTION('ref_axis',(0.,0.705639860883505,0.708570664600439));
#9457=DIRECTION('',(-1.,0.,0.));
#9458=DIRECTION('center_axis',(1.,0.,0.));
#9459=DIRECTION('ref_axis',(0.,0.966460126362156,0.256816713147814));
#9460=DIRECTION('',(1.,0.,0.));
#9461=DIRECTION('center_axis',(1.,0.,0.));
#9462=DIRECTION('ref_axis',(0.,0.966460126362156,0.256816713147814));
#9463=DIRECTION('',(-1.,0.,0.));
#9464=DIRECTION('center_axis',(1.,0.,0.));
#9465=DIRECTION('ref_axis',(0.,-0.500000000000001,-0.866025403784438));
#9466=DIRECTION('center_axis',(1.,0.,0.));
#9467=DIRECTION('ref_axis',(0.,-2.93705742533709E-16,1.));
#9468=DIRECTION('',(1.,0.,0.));
#9469=DIRECTION('center_axis',(1.,0.,0.));
#9470=DIRECTION('ref_axis',(0.,-0.260820265478651,0.965387377748252));
#9471=DIRECTION('center_axis',(1.,0.,0.));
#9472=DIRECTION('ref_axis',(0.,-0.260820265478651,0.965387377748252));
#9473=DIRECTION('',(-1.,0.,0.));
#9474=DIRECTION('center_axis',(1.,0.,0.));
#9475=DIRECTION('ref_axis',(0.,0.26082026547865,0.965387377748252));
#9476=DIRECTION('',(1.,0.,0.));
#9477=DIRECTION('center_axis',(1.,0.,0.));
#9478=DIRECTION('ref_axis',(0.,0.26082026547865,0.965387377748252));
#9479=DIRECTION('',(-1.,0.,0.));
#9480=DIRECTION('center_axis',(1.,0.,0.));
#9481=DIRECTION('ref_axis',(0.,0.5,-0.866025403784438));
#9482=DIRECTION('center_axis',(1.,0.,0.));
#9483=DIRECTION('ref_axis',(0.,-2.93705742533709E-16,1.));
#9484=DIRECTION('',(1.,0.,0.));
#9485=DIRECTION('center_axis',(1.,0.,0.));
#9486=DIRECTION('ref_axis',(0.,-0.966460126362156,0.256816713147812));
#9487=DIRECTION('center_axis',(1.,0.,0.));
#9488=DIRECTION('ref_axis',(0.,-0.966460126362156,0.256816713147812));
#9489=DIRECTION('',(-1.,0.,0.));
#9490=DIRECTION('center_axis',(1.,0.,0.));
#9491=DIRECTION('ref_axis',(0.,0.260820265478651,-0.965387377748252));
#9492=DIRECTION('',(1.,0.,0.));
#9493=DIRECTION('center_axis',(1.,0.,0.));
#9494=DIRECTION('ref_axis',(0.,0.260820265478651,-0.965387377748252));
#9495=DIRECTION('',(-1.,0.,0.));
#9496=DIRECTION('center_axis',(1.,0.,0.));
#9497=DIRECTION('ref_axis',(0.,-2.93705742533709E-16,1.));
#9498=DIRECTION('',(-1.,0.,0.));
#9499=DIRECTION('center_axis',(1.,0.,0.));
#9500=DIRECTION('ref_axis',(0.,-2.93705742533709E-16,1.));
#9501=DIRECTION('center_axis',(1.,0.,0.));
#9502=DIRECTION('ref_axis',(0.,-0.966460126362156,-0.256816713147813));
#9503=DIRECTION('',(1.,0.,0.));
#9504=DIRECTION('center_axis',(1.,0.,0.));
#9505=DIRECTION('ref_axis',(0.,-0.966460126362156,-0.256816713147813));
#9506=DIRECTION('center_axis',(0.,0.866025403784439,0.5));
#9507=DIRECTION('ref_axis',(0.,-0.5,0.866025403784439));
#9508=DIRECTION('',(-1.,0.,0.));
#9509=DIRECTION('',(0.,-0.5,0.866025403784439));
#9510=DIRECTION('center_axis',(1.,0.,0.));
#9511=DIRECTION('ref_axis',(0.,-0.705639860883506,0.708570664600438));
#9512=DIRECTION('',(1.,0.,0.));
#9513=DIRECTION('center_axis',(1.,0.,0.));
#9514=DIRECTION('ref_axis',(0.,-0.705639860883506,0.708570664600438));
#9515=DIRECTION('',(-1.,0.,0.));
#9516=DIRECTION('center_axis',(0.,0.866025403784439,-0.5));
#9517=DIRECTION('ref_axis',(0.,0.5,0.866025403784439));
#9518=DIRECTION('',(0.,0.5,0.866025403784439));
#9519=DIRECTION('center_axis',(1.,0.,0.));
#9520=DIRECTION('ref_axis',(0.,-0.705639860883506,-0.708570664600438));
#9521=DIRECTION('',(1.,0.,0.));
#9522=DIRECTION('center_axis',(1.,0.,0.));
#9523=DIRECTION('ref_axis',(0.,-0.705639860883506,-0.708570664600438));
#9524=DIRECTION('center_axis',(0.,-0.866025403784439,0.5));
#9525=DIRECTION('ref_axis',(0.,-0.5,-0.866025403784439));
#9526=DIRECTION('',(0.,-0.5,-0.866025403784439));
#9527=DIRECTION('center_axis',(0.,-2.93705742533709E-16,1.));
#9528=DIRECTION('ref_axis',(0.,-1.,-2.93705742533709E-16));
#9529=DIRECTION('',(0.,-1.,-2.93705742533709E-16));
#9530=DIRECTION('center_axis',(1.,0.,0.));
#9531=DIRECTION('ref_axis',(0.,-2.93705742533709E-16,1.));
#9532=DIRECTION('center_axis',(1.,0.,0.));
#9533=DIRECTION('ref_axis',(0.,-2.93705742533709E-16,1.));
#9534=DIRECTION('center_axis',(0.,2.93705742533709E-16,-1.));
#9535=DIRECTION('ref_axis',(0.,1.,2.93705742533709E-16));
#9536=DIRECTION('',(0.,1.,2.93705742533709E-16));
#9537=DIRECTION('center_axis',(0.,-0.866025403784438,-0.5));
#9538=DIRECTION('ref_axis',(0.,0.5,-0.866025403784438));
#9539=DIRECTION('',(0.,0.5,-0.866025403784438));
#9540=DIRECTION('center_axis',(-1.,0.,0.));
#9541=DIRECTION('ref_axis',(0.,0.,1.));
#9542=DIRECTION('center_axis',(-1.,0.,0.));
#9543=DIRECTION('ref_axis',(0.,0.,-1.));
#9544=DIRECTION('center_axis',(-1.,0.,0.));
#9545=DIRECTION('ref_axis',(0.,0.,-1.));
#9546=DIRECTION('',(-1.,0.,0.));
#9547=DIRECTION('center_axis',(1.,0.,0.));
#9548=DIRECTION('ref_axis',(0.,0.,1.));
#9549=DIRECTION('',(-0.707106781186547,-8.65956056235493E-17,0.707106781186547));
#9550=DIRECTION('center_axis',(-1.,0.,0.));
#9551=DIRECTION('ref_axis',(0.,0.,-1.));
#9552=DIRECTION('center_axis',(1.,0.,0.));
#9553=DIRECTION('ref_axis',(0.,0.,-1.));
#9554=DIRECTION('center_axis',(1.,0.,0.));
#9555=DIRECTION('ref_axis',(0.,-0.707106781186548,-0.707106781186547));
#9556=DIRECTION('',(0.,2.93705742533709E-16,-1.));
#9557=DIRECTION('center_axis',(1.,0.,0.));
#9558=DIRECTION('ref_axis',(0.,-0.707106781186547,0.707106781186548));
#9559=DIRECTION('',(0.,-1.,-2.93705742533709E-16));
#9560=DIRECTION('center_axis',(1.,0.,0.));
#9561=DIRECTION('ref_axis',(0.,0.707106781186548,0.707106781186547));
#9562=DIRECTION('',(0.,-2.93705742533709E-16,1.));
#9563=DIRECTION('center_axis',(1.,0.,0.));
#9564=DIRECTION('ref_axis',(0.,0.707106781186547,-0.707106781186548));
#9565=DIRECTION('',(0.,1.,2.93705742533709E-16));
#9566=DIRECTION('center_axis',(1.,0.,0.));
#9567=DIRECTION('ref_axis',(0.,0.707106781186548,0.707106781186547));
#9568=DIRECTION('',(-1.,0.,0.));
#9569=DIRECTION('center_axis',(-1.,0.,0.));
#9570=DIRECTION('ref_axis',(0.,0.707106781186548,0.707106781186547));
#9571=DIRECTION('',(1.,0.,0.));
#9572=DIRECTION('center_axis',(0.,-2.93705742533709E-16,1.));
#9573=DIRECTION('ref_axis',(0.,-1.,-2.93705742533709E-16));
#9574=DIRECTION('',(1.,0.,0.));
#9575=DIRECTION('',(0.,1.,2.93705742533709E-16));
#9576=DIRECTION('center_axis',(1.,0.,0.));
#9577=DIRECTION('ref_axis',(0.,-0.707106781186547,0.707106781186548));
#9578=DIRECTION('',(-1.,0.,0.));
#9579=DIRECTION('center_axis',(-1.,0.,0.));
#9580=DIRECTION('ref_axis',(0.,-0.707106781186547,0.707106781186548));
#9581=DIRECTION('center_axis',(0.,-1.,-2.93705742533709E-16));
#9582=DIRECTION('ref_axis',(0.,2.93705742533709E-16,-1.));
#9583=DIRECTION('',(1.,0.,0.));
#9584=DIRECTION('',(0.,-2.93705742533709E-16,1.));
#9585=DIRECTION('center_axis',(-1.,0.,0.));
#9586=DIRECTION('ref_axis',(0.,2.93705742533709E-16,-1.));
#9587=DIRECTION('',(0.707106781186547,1.21085716595466E-16,-0.707106781186547));
#9588=DIRECTION('center_axis',(1.,0.,0.));
#9589=DIRECTION('ref_axis',(0.,-2.93705742533709E-16,1.));
#9590=DIRECTION('center_axis',(-1.,0.,0.));
#9591=DIRECTION('ref_axis',(0.,0.,1.));
#9592=DIRECTION('center_axis',(-1.,0.,0.));
#9593=DIRECTION('ref_axis',(0.,-0.707106781186548,-0.707106781186547));
#9594=DIRECTION('',(0.,-1.,-2.93705742533709E-16));
#9595=DIRECTION('center_axis',(-1.,0.,0.));
#9596=DIRECTION('ref_axis',(0.,0.707106781186547,-0.707106781186548));
#9597=DIRECTION('',(0.,2.93705742533709E-16,-1.));
#9598=DIRECTION('center_axis',(1.,0.,0.));
#9599=DIRECTION('ref_axis',(0.,-0.707106781186548,-0.707106781186547));
#9600=DIRECTION('',(-1.,0.,0.));
#9601=DIRECTION('center_axis',(0.,1.,2.93705742533709E-16));
#9602=DIRECTION('ref_axis',(0.,-2.93705742533709E-16,1.));
#9603=DIRECTION('',(-1.,0.,0.));
#9604=DIRECTION('center_axis',(1.,0.,0.));
#9605=DIRECTION('ref_axis',(0.,0.707106781186547,-0.707106781186548));
#9606=DIRECTION('',(1.,0.,0.));
#9607=DIRECTION('center_axis',(0.,2.93705742533709E-16,-1.));
#9608=DIRECTION('ref_axis',(0.,1.,2.93705742533709E-16));
#9609=DIRECTION('center_axis',(1.,0.,0.));
#9610=DIRECTION('ref_axis',(0.,-0.965925826289069,-0.25881904510252));
#9611=DIRECTION('',(1.,0.,0.));
#9612=DIRECTION('',(1.,0.,0.));
#9613=DIRECTION('center_axis',(1.,0.,0.));
#9614=DIRECTION('ref_axis',(0.,-0.965925826289067,-0.258819045102526));
#9615=DIRECTION('',(1.,0.,0.));
#9616=DIRECTION('center_axis',(1.,0.,0.));
#9617=DIRECTION('ref_axis',(0.,-0.965925826289067,-0.258819045102526));
#9618=DIRECTION('',(1.,0.,0.));
#9619=DIRECTION('center_axis',(1.,0.,0.));
#9620=DIRECTION('ref_axis',(0.,-0.965925826289067,-0.258819045102526));
#9621=DIRECTION('',(-1.,0.,0.));
#9622=DIRECTION('center_axis',(-1.,0.,0.));
#9623=DIRECTION('ref_axis',(0.,-0.965925826289067,-0.258819045102526));
#9624=DIRECTION('',(1.,0.,0.));
#9625=DIRECTION('center_axis',(-1.,0.,0.));
#9626=DIRECTION('ref_axis',(0.,-0.965925826289067,-0.258819045102526));
#9627=DIRECTION('',(1.,0.,0.));
#9628=DIRECTION('center_axis',(1.,0.,0.));
#9629=DIRECTION('ref_axis',(0.,-0.965925826289067,-0.258819045102526));
#9630=DIRECTION('',(1.,0.,0.));
#9631=DIRECTION('center_axis',(1.,0.,0.));
#9632=DIRECTION('ref_axis',(0.,-0.965925826289067,-0.258819045102526));
#9633=DIRECTION('',(-1.,0.,0.));
#9634=DIRECTION('center_axis',(-1.,0.,0.));
#9635=DIRECTION('ref_axis',(0.,-0.965925826289067,-0.258819045102526));
#9636=DIRECTION('',(1.,0.,0.));
#9637=DIRECTION('center_axis',(-1.,0.,0.));
#9638=DIRECTION('ref_axis',(0.,-0.965925826289067,-0.258819045102526));
#9639=DIRECTION('',(1.,0.,0.));
#9640=DIRECTION('center_axis',(1.,0.,0.));
#9641=DIRECTION('ref_axis',(0.,-0.965925826289068,-0.25881904510252));
#9642=DIRECTION('center_axis',(1.,0.,0.));
#9643=DIRECTION('ref_axis',(0.,0.707106781186548,0.707106781186547));
#9644=DIRECTION('',(1.,0.,0.));
#9645=DIRECTION('center_axis',(-1.,0.,0.));
#9646=DIRECTION('ref_axis',(0.,0.707106781186548,0.707106781186547));
#9647=DIRECTION('',(-1.,0.,0.));
#9648=DIRECTION('center_axis',(-1.,0.,0.));
#9649=DIRECTION('ref_axis',(0.,0.707106781186548,0.707106781186547));
#9650=DIRECTION('',(1.,0.,0.));
#9651=DIRECTION('center_axis',(1.,0.,0.));
#9652=DIRECTION('ref_axis',(0.,0.707106781186548,0.707106781186547));
#9653=DIRECTION('',(-1.,0.,0.));
#9654=DIRECTION('center_axis',(1.,0.,0.));
#9655=DIRECTION('ref_axis',(0.,0.707106781186548,0.707106781186547));
#9656=DIRECTION('',(1.,0.,0.));
#9657=DIRECTION('center_axis',(-1.,0.,0.));
#9658=DIRECTION('ref_axis',(0.,0.707106781186548,0.707106781186547));
#9659=DIRECTION('',(-1.,0.,0.));
#9660=DIRECTION('center_axis',(-1.,0.,0.));
#9661=DIRECTION('ref_axis',(0.,0.707106781186548,0.707106781186547));
#9662=DIRECTION('',(1.,0.,0.));
#9663=DIRECTION('center_axis',(1.,0.,0.));
#9664=DIRECTION('ref_axis',(0.,0.707106781186548,0.707106781186547));
#9665=DIRECTION('',(-1.,0.,0.));
#9666=DIRECTION('center_axis',(1.,0.,0.));
#9667=DIRECTION('ref_axis',(0.,0.707106781186548,0.707106781186547));
#9668=DIRECTION('',(1.,0.,0.));
#9669=DIRECTION('center_axis',(1.,0.,0.));
#9670=DIRECTION('ref_axis',(0.,1.,0.));
#9671=DIRECTION('center_axis',(1.,0.,0.));
#9672=DIRECTION('ref_axis',(0.,0.,-1.));
#9673=DIRECTION('center_axis',(1.,0.,0.));
#9674=DIRECTION('ref_axis',(0.,1.,0.));
#9675=DIRECTION('center_axis',(1.,0.,0.));
#9676=DIRECTION('ref_axis',(0.,0.,-1.));
#9677=DIRECTION('center_axis',(1.,0.,0.));
#9678=DIRECTION('ref_axis',(0.,1.,0.));
#9679=DIRECTION('center_axis',(1.,0.,0.));
#9680=DIRECTION('ref_axis',(0.,0.,-1.));
#9681=DIRECTION('center_axis',(-1.,0.,0.));
#9682=DIRECTION('ref_axis',(0.,0.,1.));
#9683=DIRECTION('center_axis',(-1.,0.,0.));
#9684=DIRECTION('ref_axis',(0.,-1.,1.83697019872103E-16));
#9685=DIRECTION('center_axis',(-1.,0.,0.));
#9686=DIRECTION('ref_axis',(0.,0.,1.));
#9687=DIRECTION('center_axis',(-1.,0.,0.));
#9688=DIRECTION('ref_axis',(0.,-1.,1.83697019872103E-16));
#9689=DIRECTION('center_axis',(-1.,0.,0.));
#9690=DIRECTION('ref_axis',(0.,0.,1.));
#9691=DIRECTION('center_axis',(-1.,0.,0.));
#9692=DIRECTION('ref_axis',(0.,-1.,1.83697019872103E-16));
#9693=DIRECTION('center_axis',(-1.,0.,0.));
#9694=DIRECTION('ref_axis',(0.,0.,1.));
#9695=DIRECTION('center_axis',(-1.,0.,0.));
#9696=DIRECTION('ref_axis',(0.,-1.,1.83697019872103E-16));
#9697=DIRECTION('center_axis',(-1.,0.,0.));
#9698=DIRECTION('ref_axis',(0.,0.,1.));
#9699=DIRECTION('center_axis',(-1.,0.,0.));
#9700=DIRECTION('ref_axis',(0.,-1.,1.83697019872103E-16));
#9701=DIRECTION('center_axis',(-1.,0.,0.));
#9702=DIRECTION('ref_axis',(0.,0.,1.));
#9703=DIRECTION('center_axis',(-1.,0.,0.));
#9704=DIRECTION('ref_axis',(0.,-1.,1.83697019872103E-16));
#9705=DIRECTION('center_axis',(1.,0.,0.));
#9706=DIRECTION('ref_axis',(0.,0.,-1.));
#9707=DIRECTION('center_axis',(1.,0.,0.));
#9708=DIRECTION('ref_axis',(0.,-1.,1.83697019872103E-16));
#9709=DIRECTION('center_axis',(1.,0.,0.));
#9710=DIRECTION('ref_axis',(0.,0.,-1.));
#9711=DIRECTION('center_axis',(1.,0.,0.));
#9712=DIRECTION('ref_axis',(0.,-1.,1.83697019872103E-16));
#9713=DIRECTION('center_axis',(1.,0.,0.));
#9714=DIRECTION('ref_axis',(0.,-1.22464679914735E-16,1.));
#9715=DIRECTION('center_axis',(1.,0.,0.));
#9716=DIRECTION('ref_axis',(0.,-1.,1.83697019872103E-16));
#9717=DIRECTION('center_axis',(1.,0.,0.));
#9718=DIRECTION('ref_axis',(0.,0.,-1.));
#9719=DIRECTION('center_axis',(1.,0.,0.));
#9720=DIRECTION('ref_axis',(0.,-1.,1.83697019872103E-16));
#9721=DIRECTION('center_axis',(1.,0.,0.));
#9722=DIRECTION('ref_axis',(0.,0.,-1.));
#9723=DIRECTION('center_axis',(1.,0.,0.));
#9724=DIRECTION('ref_axis',(0.,-1.,1.83697019872103E-16));
#9725=DIRECTION('center_axis',(1.,0.,0.));
#9726=DIRECTION('ref_axis',(0.,0.,-1.));
#9727=DIRECTION('center_axis',(1.,0.,0.));
#9728=DIRECTION('ref_axis',(0.,-1.,1.83697019872103E-16));
#9729=DIRECTION('center_axis',(1.,0.,0.));
#9730=DIRECTION('ref_axis',(0.,1.,0.));
#9731=DIRECTION('center_axis',(-1.,0.,0.));
#9732=DIRECTION('ref_axis',(0.,-1.,1.83697019872103E-16));
#9733=DIRECTION('center_axis',(1.,0.,0.));
#9734=DIRECTION('ref_axis',(0.,1.,0.));
#9735=DIRECTION('center_axis',(-1.,0.,0.));
#9736=DIRECTION('ref_axis',(0.,-1.,1.83697019872103E-16));
#9737=DIRECTION('center_axis',(1.,0.,0.));
#9738=DIRECTION('ref_axis',(0.,1.,0.));
#9739=DIRECTION('center_axis',(-1.,0.,0.));
#9740=DIRECTION('ref_axis',(0.,-1.,1.83697019872103E-16));
#9741=DIRECTION('center_axis',(1.,0.,0.));
#9742=DIRECTION('ref_axis',(0.,1.,0.));
#9743=DIRECTION('center_axis',(-1.,0.,0.));
#9744=DIRECTION('ref_axis',(0.,-1.,1.83697019872103E-16));
#9745=DIRECTION('center_axis',(1.,0.,0.));
#9746=DIRECTION('ref_axis',(0.,1.,0.));
#9747=DIRECTION('center_axis',(-1.,0.,0.));
#9748=DIRECTION('ref_axis',(0.,-1.,1.83697019872103E-16));
#9749=DIRECTION('center_axis',(1.,0.,0.));
#9750=DIRECTION('ref_axis',(0.,1.,0.));
#9751=DIRECTION('center_axis',(-1.,0.,0.));
#9752=DIRECTION('ref_axis',(0.,-1.,1.83697019872103E-16));
#9753=DIRECTION('center_axis',(1.,0.,0.));
#9754=DIRECTION('ref_axis',(0.,0.,-1.));
#9755=DIRECTION('center_axis',(1.,0.,0.));
#9756=DIRECTION('ref_axis',(0.,-1.,1.83697019872103E-16));
#9757=DIRECTION('center_axis',(1.,0.,0.));
#9758=DIRECTION('ref_axis',(0.,0.,-1.));
#9759=DIRECTION('center_axis',(1.,0.,0.));
#9760=DIRECTION('ref_axis',(0.,-1.,1.83697019872103E-16));
#9761=DIRECTION('center_axis',(1.,0.,0.));
#9762=DIRECTION('ref_axis',(0.,-1.22464679914735E-16,1.));
#9763=DIRECTION('center_axis',(1.,0.,0.));
#9764=DIRECTION('ref_axis',(0.,-1.,1.83697019872103E-16));
#9765=DIRECTION('center_axis',(1.,0.,0.));
#9766=DIRECTION('ref_axis',(0.,0.,-1.));
#9767=DIRECTION('center_axis',(1.,0.,0.));
#9768=DIRECTION('ref_axis',(0.,-1.,1.83697019872103E-16));
#9769=DIRECTION('center_axis',(1.,0.,0.));
#9770=DIRECTION('ref_axis',(0.,0.,-1.));
#9771=DIRECTION('center_axis',(1.,0.,0.));
#9772=DIRECTION('ref_axis',(0.,-1.,1.83697019872103E-16));
#9773=DIRECTION('center_axis',(1.,0.,0.));
#9774=DIRECTION('ref_axis',(0.,0.,-1.));
#9775=DIRECTION('center_axis',(1.,0.,0.));
#9776=DIRECTION('ref_axis',(0.,-1.,1.83697019872103E-16));
#9777=DIRECTION('center_axis',(-1.,0.,0.));
#9778=DIRECTION('ref_axis',(0.,0.,1.));
#9779=DIRECTION('center_axis',(-1.,0.,0.));
#9780=DIRECTION('ref_axis',(0.,-1.,1.83697019872103E-16));
#9781=DIRECTION('center_axis',(-1.,0.,0.));
#9782=DIRECTION('ref_axis',(0.,0.,1.));
#9783=DIRECTION('center_axis',(-1.,0.,0.));
#9784=DIRECTION('ref_axis',(0.,-1.,1.83697019872103E-16));
#9785=DIRECTION('center_axis',(-1.,0.,0.));
#9786=DIRECTION('ref_axis',(0.,0.,1.));
#9787=DIRECTION('center_axis',(-1.,0.,0.));
#9788=DIRECTION('ref_axis',(0.,-1.,1.83697019872103E-16));
#9789=DIRECTION('center_axis',(-1.,0.,0.));
#9790=DIRECTION('ref_axis',(0.,0.,1.));
#9791=DIRECTION('center_axis',(-1.,0.,0.));
#9792=DIRECTION('ref_axis',(0.,-1.,1.83697019872103E-16));
#9793=DIRECTION('center_axis',(-1.,0.,0.));
#9794=DIRECTION('ref_axis',(0.,0.,1.));
#9795=DIRECTION('center_axis',(-1.,0.,0.));
#9796=DIRECTION('ref_axis',(0.,-1.,1.83697019872103E-16));
#9797=DIRECTION('center_axis',(-1.,0.,0.));
#9798=DIRECTION('ref_axis',(0.,0.,1.));
#9799=DIRECTION('center_axis',(-1.,0.,0.));
#9800=DIRECTION('ref_axis',(0.,-1.,1.83697019872103E-16));
#9801=DIRECTION('center_axis',(1.,0.,0.));
#9802=DIRECTION('ref_axis',(0.,0.,-1.));
#9803=DIRECTION('center_axis',(1.,0.,0.));
#9804=DIRECTION('ref_axis',(0.,-1.,1.83697019872103E-16));
#9805=DIRECTION('center_axis',(1.,0.,0.));
#9806=DIRECTION('ref_axis',(0.,0.,-1.));
#9807=DIRECTION('center_axis',(1.,0.,0.));
#9808=DIRECTION('ref_axis',(0.,-1.,1.83697019872103E-16));
#9809=DIRECTION('center_axis',(1.,0.,0.));
#9810=DIRECTION('ref_axis',(0.,-1.22464679914735E-16,1.));
#9811=DIRECTION('center_axis',(1.,0.,0.));
#9812=DIRECTION('ref_axis',(0.,-1.,1.83697019872103E-16));
#9813=DIRECTION('center_axis',(1.,0.,0.));
#9814=DIRECTION('ref_axis',(0.,0.,-1.));
#9815=DIRECTION('center_axis',(1.,0.,0.));
#9816=DIRECTION('ref_axis',(0.,-1.,1.83697019872103E-16));
#9817=DIRECTION('center_axis',(1.,0.,0.));
#9818=DIRECTION('ref_axis',(0.,0.,-1.));
#9819=DIRECTION('center_axis',(1.,0.,0.));
#9820=DIRECTION('ref_axis',(0.,-1.,1.83697019872103E-16));
#9821=DIRECTION('center_axis',(1.,0.,0.));
#9822=DIRECTION('ref_axis',(0.,0.,-1.));
#9823=DIRECTION('center_axis',(1.,0.,0.));
#9824=DIRECTION('ref_axis',(0.,-1.,1.83697019872103E-16));
#9825=DIRECTION('center_axis',(1.,0.,0.));
#9826=DIRECTION('ref_axis',(0.,1.,0.));
#9827=DIRECTION('center_axis',(-1.,0.,0.));
#9828=DIRECTION('ref_axis',(0.,-1.,1.83697019872103E-16));
#9829=DIRECTION('center_axis',(1.,0.,0.));
#9830=DIRECTION('ref_axis',(0.,1.,0.));
#9831=DIRECTION('center_axis',(-1.,0.,0.));
#9832=DIRECTION('ref_axis',(0.,-1.,1.83697019872103E-16));
#9833=DIRECTION('center_axis',(1.,0.,0.));
#9834=DIRECTION('ref_axis',(0.,1.,0.));
#9835=DIRECTION('center_axis',(-1.,0.,0.));
#9836=DIRECTION('ref_axis',(0.,-1.,1.83697019872103E-16));
#9837=DIRECTION('center_axis',(1.,0.,0.));
#9838=DIRECTION('ref_axis',(0.,1.,0.));
#9839=DIRECTION('center_axis',(-1.,0.,0.));
#9840=DIRECTION('ref_axis',(0.,-1.,1.83697019872103E-16));
#9841=DIRECTION('center_axis',(1.,0.,0.));
#9842=DIRECTION('ref_axis',(0.,1.,0.));
#9843=DIRECTION('center_axis',(-1.,0.,0.));
#9844=DIRECTION('ref_axis',(0.,-1.,1.83697019872103E-16));
#9845=DIRECTION('center_axis',(1.,0.,0.));
#9846=DIRECTION('ref_axis',(0.,1.,0.));
#9847=DIRECTION('center_axis',(-1.,0.,0.));
#9848=DIRECTION('ref_axis',(0.,-1.,1.83697019872103E-16));
#9849=DIRECTION('center_axis',(1.,0.,0.));
#9850=DIRECTION('ref_axis',(0.,0.,-1.));
#9851=DIRECTION('center_axis',(1.,0.,0.));
#9852=DIRECTION('ref_axis',(0.,-1.,1.83697019872103E-16));
#9853=DIRECTION('center_axis',(1.,0.,0.));
#9854=DIRECTION('ref_axis',(0.,0.,-1.));
#9855=DIRECTION('center_axis',(1.,0.,0.));
#9856=DIRECTION('ref_axis',(0.,-1.,1.83697019872103E-16));
#9857=DIRECTION('center_axis',(1.,0.,0.));
#9858=DIRECTION('ref_axis',(0.,-1.22464679914735E-16,1.));
#9859=DIRECTION('center_axis',(1.,0.,0.));
#9860=DIRECTION('ref_axis',(0.,-1.,1.83697019872103E-16));
#9861=DIRECTION('center_axis',(1.,0.,0.));
#9862=DIRECTION('ref_axis',(0.,0.,-1.));
#9863=DIRECTION('center_axis',(1.,0.,0.));
#9864=DIRECTION('ref_axis',(0.,-1.,1.83697019872103E-16));
#9865=DIRECTION('center_axis',(1.,0.,0.));
#9866=DIRECTION('ref_axis',(0.,0.,-1.));
#9867=DIRECTION('center_axis',(1.,0.,0.));
#9868=DIRECTION('ref_axis',(0.,-1.,1.83697019872103E-16));
#9869=DIRECTION('center_axis',(1.,0.,0.));
#9870=DIRECTION('ref_axis',(0.,0.,-1.));
#9871=DIRECTION('center_axis',(1.,0.,0.));
#9872=DIRECTION('ref_axis',(0.,-1.,1.83697019872103E-16));
#9873=DIRECTION('center_axis',(1.,0.,0.));
#9874=DIRECTION('ref_axis',(0.,0.,-1.));
#9875=DIRECTION('center_axis',(-1.,0.,0.));
#9876=DIRECTION('ref_axis',(0.,-1.,1.83697019872103E-16));
#9877=DIRECTION('center_axis',(1.,0.,0.));
#9878=DIRECTION('ref_axis',(0.,0.,-1.));
#9879=DIRECTION('center_axis',(-1.,0.,0.));
#9880=DIRECTION('ref_axis',(0.,-1.,1.83697019872103E-16));
#9881=DIRECTION('center_axis',(1.,0.,0.));
#9882=DIRECTION('ref_axis',(0.,0.,-1.));
#9883=DIRECTION('center_axis',(-1.,0.,0.));
#9884=DIRECTION('ref_axis',(0.,-1.,1.83697019872103E-16));
#9885=DIRECTION('center_axis',(1.,0.,0.));
#9886=DIRECTION('ref_axis',(0.,0.,-1.));
#9887=DIRECTION('center_axis',(-1.,0.,0.));
#9888=DIRECTION('ref_axis',(0.,-1.,1.83697019872103E-16));
#9889=DIRECTION('center_axis',(1.,0.,0.));
#9890=DIRECTION('ref_axis',(0.,0.,-1.));
#9891=DIRECTION('center_axis',(-1.,0.,0.));
#9892=DIRECTION('ref_axis',(0.,-1.,1.83697019872103E-16));
#9893=DIRECTION('center_axis',(1.,0.,0.));
#9894=DIRECTION('ref_axis',(0.,0.,-1.));
#9895=DIRECTION('center_axis',(-1.,0.,0.));
#9896=DIRECTION('ref_axis',(0.,-1.,1.83697019872103E-16));
#9897=DIRECTION('center_axis',(1.,0.,0.));
#9898=DIRECTION('ref_axis',(0.,0.,-1.));
#9899=DIRECTION('center_axis',(1.,0.,0.));
#9900=DIRECTION('ref_axis',(0.,-1.,1.83697019872103E-16));
#9901=DIRECTION('center_axis',(1.,0.,0.));
#9902=DIRECTION('ref_axis',(0.,0.,-1.));
#9903=DIRECTION('center_axis',(1.,0.,0.));
#9904=DIRECTION('ref_axis',(0.,-1.,1.83697019872103E-16));
#9905=DIRECTION('center_axis',(1.,0.,0.));
#9906=DIRECTION('ref_axis',(0.,-1.22464679914735E-16,1.));
#9907=DIRECTION('center_axis',(1.,0.,0.));
#9908=DIRECTION('ref_axis',(0.,-1.,1.83697019872103E-16));
#9909=DIRECTION('center_axis',(1.,0.,0.));
#9910=DIRECTION('ref_axis',(0.,0.,-1.));
#9911=DIRECTION('center_axis',(1.,0.,0.));
#9912=DIRECTION('ref_axis',(0.,-1.,1.83697019872103E-16));
#9913=DIRECTION('center_axis',(1.,0.,0.));
#9914=DIRECTION('ref_axis',(0.,0.,-1.));
#9915=DIRECTION('center_axis',(1.,0.,0.));
#9916=DIRECTION('ref_axis',(0.,-1.,1.83697019872103E-16));
#9917=DIRECTION('center_axis',(1.,0.,0.));
#9918=DIRECTION('ref_axis',(0.,0.,-1.));
#9919=DIRECTION('center_axis',(1.,0.,0.));
#9920=DIRECTION('ref_axis',(0.,-1.,1.83697019872103E-16));
#9921=DIRECTION('center_axis',(1.,0.,0.));
#9922=DIRECTION('ref_axis',(0.,1.,0.));
#9923=DIRECTION('center_axis',(-1.,0.,0.));
#9924=DIRECTION('ref_axis',(0.,-1.,1.83697019872103E-16));
#9925=DIRECTION('center_axis',(1.,0.,0.));
#9926=DIRECTION('ref_axis',(0.,1.,0.));
#9927=DIRECTION('center_axis',(-1.,0.,0.));
#9928=DIRECTION('ref_axis',(0.,-1.,1.83697019872103E-16));
#9929=DIRECTION('center_axis',(1.,0.,0.));
#9930=DIRECTION('ref_axis',(0.,1.,0.));
#9931=DIRECTION('center_axis',(-1.,0.,0.));
#9932=DIRECTION('ref_axis',(0.,-1.,1.83697019872103E-16));
#9933=DIRECTION('center_axis',(1.,0.,0.));
#9934=DIRECTION('ref_axis',(0.,1.,0.));
#9935=DIRECTION('center_axis',(-1.,0.,0.));
#9936=DIRECTION('ref_axis',(0.,-1.,1.83697019872103E-16));
#9937=DIRECTION('center_axis',(1.,0.,0.));
#9938=DIRECTION('ref_axis',(0.,1.,0.));
#9939=DIRECTION('center_axis',(-1.,0.,0.));
#9940=DIRECTION('ref_axis',(0.,-1.,1.83697019872103E-16));
#9941=DIRECTION('center_axis',(1.,0.,0.));
#9942=DIRECTION('ref_axis',(0.,1.,0.));
#9943=DIRECTION('center_axis',(-1.,0.,0.));
#9944=DIRECTION('ref_axis',(0.,-1.,1.83697019872103E-16));
#9945=DIRECTION('center_axis',(1.,0.,0.));
#9946=DIRECTION('ref_axis',(0.,0.,-1.));
#9947=DIRECTION('center_axis',(1.,0.,0.));
#9948=DIRECTION('ref_axis',(0.,-1.,1.83697019872103E-16));
#9949=DIRECTION('center_axis',(1.,0.,0.));
#9950=DIRECTION('ref_axis',(0.,0.,-1.));
#9951=DIRECTION('center_axis',(1.,0.,0.));
#9952=DIRECTION('ref_axis',(0.,-1.,1.83697019872103E-16));
#9953=DIRECTION('center_axis',(1.,0.,0.));
#9954=DIRECTION('ref_axis',(0.,-1.22464679914735E-16,1.));
#9955=DIRECTION('center_axis',(1.,0.,0.));
#9956=DIRECTION('ref_axis',(0.,-1.,1.83697019872103E-16));
#9957=DIRECTION('center_axis',(1.,0.,0.));
#9958=DIRECTION('ref_axis',(0.,0.,-1.));
#9959=DIRECTION('center_axis',(1.,0.,0.));
#9960=DIRECTION('ref_axis',(0.,-1.,1.83697019872103E-16));
#9961=DIRECTION('center_axis',(1.,0.,0.));
#9962=DIRECTION('ref_axis',(0.,0.,-1.));
#9963=DIRECTION('center_axis',(1.,0.,0.));
#9964=DIRECTION('ref_axis',(0.,-1.,1.83697019872103E-16));
#9965=DIRECTION('center_axis',(1.,0.,0.));
#9966=DIRECTION('ref_axis',(0.,0.,-1.));
#9967=DIRECTION('center_axis',(1.,0.,0.));
#9968=DIRECTION('ref_axis',(0.,-1.,1.83697019872103E-16));
#9969=DIRECTION('center_axis',(1.,0.,0.));
#9970=DIRECTION('ref_axis',(0.,0.,-1.));
#9971=DIRECTION('center_axis',(1.,0.,0.));
#9972=DIRECTION('ref_axis',(0.,0.,-1.));
#9973=DIRECTION('center_axis',(1.,0.,0.));
#9974=DIRECTION('ref_axis',(0.,0.,-1.));
#9975=DIRECTION('center_axis',(1.,0.,0.));
#9976=DIRECTION('ref_axis',(0.,0.,-1.));
#9977=DIRECTION('center_axis',(1.,0.,0.));
#9978=DIRECTION('ref_axis',(0.,0.,-1.));
#9979=DIRECTION('center_axis',(1.,0.,0.));
#9980=DIRECTION('ref_axis',(0.,0.,-1.));
#9981=DIRECTION('center_axis',(1.,0.,0.));
#9982=DIRECTION('ref_axis',(0.,0.,-1.));
#9983=DIRECTION('center_axis',(1.,0.,0.));
#9984=DIRECTION('ref_axis',(0.,0.,-1.));
#9985=DIRECTION('center_axis',(1.,0.,0.));
#9986=DIRECTION('ref_axis',(0.,0.,-1.));
#9987=DIRECTION('center_axis',(1.,0.,0.));
#9988=DIRECTION('ref_axis',(0.,0.,-1.));
#9989=DIRECTION('center_axis',(1.,0.,0.));
#9990=DIRECTION('ref_axis',(0.,0.,-1.));
#9991=DIRECTION('center_axis',(1.,0.,0.));
#9992=DIRECTION('ref_axis',(0.,0.,-1.));
#9993=DIRECTION('center_axis',(1.,0.,0.));
#9994=DIRECTION('ref_axis',(0.,1.,0.));
#9995=DIRECTION('center_axis',(1.,0.,0.));
#9996=DIRECTION('ref_axis',(0.,0.,-1.));
#9997=DIRECTION('center_axis',(1.,0.,0.));
#9998=DIRECTION('ref_axis',(0.,1.,0.));
#9999=DIRECTION('center_axis',(1.,0.,0.));
#10000=DIRECTION('ref_axis',(0.,0.,-1.));
#10001=DIRECTION('center_axis',(1.,0.,0.));
#10002=DIRECTION('ref_axis',(0.,1.,0.));
#10003=DIRECTION('center_axis',(1.,0.,0.));
#10004=DIRECTION('ref_axis',(0.,0.,-1.));
#10005=DIRECTION('center_axis',(1.,0.,0.));
#10006=DIRECTION('ref_axis',(0.,1.,0.));
#10007=DIRECTION('center_axis',(1.,0.,0.));
#10008=DIRECTION('ref_axis',(0.,0.,-1.));
#10009=DIRECTION('center_axis',(1.,0.,0.));
#10010=DIRECTION('ref_axis',(0.,1.,0.));
#10011=DIRECTION('center_axis',(1.,0.,0.));
#10012=DIRECTION('ref_axis',(0.,0.,-1.));
#10013=DIRECTION('center_axis',(1.,0.,0.));
#10014=DIRECTION('ref_axis',(0.,1.,0.));
#10015=DIRECTION('center_axis',(1.,0.,0.));
#10016=DIRECTION('ref_axis',(0.,0.,-1.));
#10017=DIRECTION('center_axis',(-1.,0.,0.));
#10018=DIRECTION('ref_axis',(0.,0.,1.));
#10019=DIRECTION('center_axis',(-1.,0.,0.));
#10020=DIRECTION('ref_axis',(0.,-1.,1.83697019872103E-16));
#10021=DIRECTION('center_axis',(-1.,0.,0.));
#10022=DIRECTION('ref_axis',(0.,0.,1.));
#10023=DIRECTION('center_axis',(-1.,0.,0.));
#10024=DIRECTION('ref_axis',(0.,-1.,1.83697019872103E-16));
#10025=DIRECTION('center_axis',(-1.,0.,0.));
#10026=DIRECTION('ref_axis',(0.,0.,1.));
#10027=DIRECTION('center_axis',(-1.,0.,0.));
#10028=DIRECTION('ref_axis',(0.,-1.,1.83697019872103E-16));
#10029=DIRECTION('center_axis',(-1.,0.,0.));
#10030=DIRECTION('ref_axis',(0.,0.,1.));
#10031=DIRECTION('center_axis',(-1.,0.,0.));
#10032=DIRECTION('ref_axis',(0.,-1.,1.83697019872103E-16));
#10033=DIRECTION('center_axis',(-1.,0.,0.));
#10034=DIRECTION('ref_axis',(0.,0.,1.));
#10035=DIRECTION('center_axis',(-1.,0.,0.));
#10036=DIRECTION('ref_axis',(0.,-1.,1.83697019872103E-16));
#10037=DIRECTION('center_axis',(1.,0.,0.));
#10038=DIRECTION('ref_axis',(0.,0.,-1.));
#10039=DIRECTION('center_axis',(1.,0.,0.));
#10040=DIRECTION('ref_axis',(0.,-1.,1.83697019872103E-16));
#10041=DIRECTION('center_axis',(1.,0.,0.));
#10042=DIRECTION('ref_axis',(0.,0.,-1.));
#10043=DIRECTION('center_axis',(1.,0.,0.));
#10044=DIRECTION('ref_axis',(0.,-1.,1.83697019872103E-16));
#10045=DIRECTION('center_axis',(1.,0.,0.));
#10046=DIRECTION('ref_axis',(0.,-1.22464679914735E-16,1.));
#10047=DIRECTION('center_axis',(1.,0.,0.));
#10048=DIRECTION('ref_axis',(0.,-1.,1.83697019872103E-16));
#10049=DIRECTION('center_axis',(1.,0.,0.));
#10050=DIRECTION('ref_axis',(0.,0.,-1.));
#10051=DIRECTION('center_axis',(1.,0.,0.));
#10052=DIRECTION('ref_axis',(0.,-1.,1.83697019872103E-16));
#10053=DIRECTION('center_axis',(1.,0.,0.));
#10054=DIRECTION('ref_axis',(0.,0.,-1.));
#10055=DIRECTION('center_axis',(1.,0.,0.));
#10056=DIRECTION('ref_axis',(0.,-1.,1.83697019872103E-16));
#10057=DIRECTION('center_axis',(1.,0.,0.));
#10058=DIRECTION('ref_axis',(0.,1.,0.));
#10059=DIRECTION('center_axis',(1.,0.,0.));
#10060=DIRECTION('ref_axis',(0.,0.,-1.));
#10061=DIRECTION('center_axis',(1.,0.,0.));
#10062=DIRECTION('ref_axis',(0.,1.,0.));
#10063=DIRECTION('center_axis',(1.,0.,0.));
#10064=DIRECTION('ref_axis',(0.,0.,-1.));
#10065=DIRECTION('center_axis',(1.,0.,0.));
#10066=DIRECTION('ref_axis',(0.,1.,0.));
#10067=DIRECTION('center_axis',(1.,0.,0.));
#10068=DIRECTION('ref_axis',(0.,0.,-1.));
#10069=DIRECTION('center_axis',(1.,0.,0.));
#10070=DIRECTION('ref_axis',(0.,1.,0.));
#10071=DIRECTION('center_axis',(-1.,0.,0.));
#10072=DIRECTION('ref_axis',(0.,-1.,1.83697019872103E-16));
#10073=DIRECTION('center_axis',(1.,0.,0.));
#10074=DIRECTION('ref_axis',(0.,1.,0.));
#10075=DIRECTION('center_axis',(-1.,0.,0.));
#10076=DIRECTION('ref_axis',(0.,-1.,1.83697019872103E-16));
#10077=DIRECTION('center_axis',(1.,0.,0.));
#10078=DIRECTION('ref_axis',(0.,1.,0.));
#10079=DIRECTION('center_axis',(-1.,0.,0.));
#10080=DIRECTION('ref_axis',(0.,-1.,1.83697019872103E-16));
#10081=DIRECTION('center_axis',(1.,0.,0.));
#10082=DIRECTION('ref_axis',(0.,1.,0.));
#10083=DIRECTION('center_axis',(-1.,0.,0.));
#10084=DIRECTION('ref_axis',(0.,-1.,1.83697019872103E-16));
#10085=DIRECTION('center_axis',(1.,0.,0.));
#10086=DIRECTION('ref_axis',(0.,1.,0.));
#10087=DIRECTION('center_axis',(-1.,0.,0.));
#10088=DIRECTION('ref_axis',(0.,-1.,1.83697019872103E-16));
#10089=DIRECTION('center_axis',(1.,0.,0.));
#10090=DIRECTION('ref_axis',(0.,0.,-1.));
#10091=DIRECTION('center_axis',(1.,0.,0.));
#10092=DIRECTION('ref_axis',(0.,-1.,1.83697019872103E-16));
#10093=DIRECTION('center_axis',(1.,0.,0.));
#10094=DIRECTION('ref_axis',(0.,0.,-1.));
#10095=DIRECTION('center_axis',(1.,0.,0.));
#10096=DIRECTION('ref_axis',(0.,-1.,1.83697019872103E-16));
#10097=DIRECTION('center_axis',(1.,0.,0.));
#10098=DIRECTION('ref_axis',(0.,0.,-1.));
#10099=DIRECTION('center_axis',(1.,0.,0.));
#10100=DIRECTION('ref_axis',(0.,-1.,1.83697019872103E-16));
#10101=DIRECTION('center_axis',(1.,0.,0.));
#10102=DIRECTION('ref_axis',(0.,0.,-1.));
#10103=DIRECTION('center_axis',(1.,0.,0.));
#10104=DIRECTION('ref_axis',(0.,-1.,1.83697019872103E-16));
#10105=DIRECTION('center_axis',(1.,0.,0.));
#10106=DIRECTION('ref_axis',(0.,0.,-1.));
#10107=DIRECTION('center_axis',(1.,0.,0.));
#10108=DIRECTION('ref_axis',(0.,-1.,1.83697019872103E-16));
#10109=DIRECTION('center_axis',(1.,0.,0.));
#10110=DIRECTION('ref_axis',(0.,0.,-1.));
#10111=DIRECTION('center_axis',(1.,0.,0.));
#10112=DIRECTION('ref_axis',(0.,-1.,1.83697019872103E-16));
#10113=DIRECTION('center_axis',(1.,0.,0.));
#10114=DIRECTION('ref_axis',(0.,0.,-1.));
#10115=DIRECTION('center_axis',(1.,0.,0.));
#10116=DIRECTION('ref_axis',(0.,-1.,1.83697019872103E-16));
#10117=DIRECTION('center_axis',(1.,0.,0.));
#10118=DIRECTION('ref_axis',(0.,0.,-1.));
#10119=DIRECTION('center_axis',(1.,0.,0.));
#10120=DIRECTION('ref_axis',(0.,-1.,1.83697019872103E-16));
#10121=DIRECTION('center_axis',(1.,0.,0.));
#10122=DIRECTION('ref_axis',(0.,-1.22464679914735E-16,1.));
#10123=DIRECTION('center_axis',(1.,0.,0.));
#10124=DIRECTION('ref_axis',(0.,-1.,1.83697019872103E-16));
#10125=DIRECTION('center_axis',(1.,0.,0.));
#10126=DIRECTION('ref_axis',(0.,0.,-1.));
#10127=DIRECTION('center_axis',(1.,0.,0.));
#10128=DIRECTION('ref_axis',(0.,-1.,1.83697019872103E-16));
#10129=DIRECTION('center_axis',(1.,0.,0.));
#10130=DIRECTION('ref_axis',(0.,0.,-1.));
#10131=DIRECTION('center_axis',(1.,0.,0.));
#10132=DIRECTION('ref_axis',(0.,-1.,1.83697019872103E-16));
#10133=DIRECTION('center_axis',(1.,0.,0.));
#10134=DIRECTION('ref_axis',(0.,0.,-1.));
#10135=DIRECTION('center_axis',(-1.,0.,0.));
#10136=DIRECTION('ref_axis',(0.,-1.,1.83697019872103E-16));
#10137=DIRECTION('center_axis',(1.,0.,0.));
#10138=DIRECTION('ref_axis',(0.,0.,-1.));
#10139=DIRECTION('center_axis',(-1.,0.,0.));
#10140=DIRECTION('ref_axis',(0.,-1.,1.83697019872103E-16));
#10141=DIRECTION('center_axis',(1.,0.,0.));
#10142=DIRECTION('ref_axis',(0.,-1.22464679914735E-16,1.));
#10143=DIRECTION('center_axis',(-1.,0.,0.));
#10144=DIRECTION('ref_axis',(0.,-1.,1.83697019872103E-16));
#10145=DIRECTION('center_axis',(1.,0.,0.));
#10146=DIRECTION('ref_axis',(0.,0.,-1.));
#10147=DIRECTION('center_axis',(-1.,0.,0.));
#10148=DIRECTION('ref_axis',(0.,-1.,1.83697019872103E-16));
#10149=DIRECTION('center_axis',(1.,0.,0.));
#10150=DIRECTION('ref_axis',(0.,0.,-1.));
#10151=DIRECTION('center_axis',(-1.,0.,0.));
#10152=DIRECTION('ref_axis',(0.,-1.,1.83697019872103E-16));
#10153=DIRECTION('center_axis',(1.,0.,0.));
#10154=DIRECTION('ref_axis',(0.,0.,-1.));
#10155=DIRECTION('center_axis',(-1.,0.,0.));
#10156=DIRECTION('ref_axis',(0.,-1.,1.83697019872103E-16));
#10157=DIRECTION('center_axis',(-1.,0.,0.));
#10158=DIRECTION('ref_axis',(0.,0.,1.));
#10159=DIRECTION('center_axis',(-1.,0.,0.));
#10160=DIRECTION('ref_axis',(0.,-1.,1.83697019872103E-16));
#10161=DIRECTION('center_axis',(-1.,0.,0.));
#10162=DIRECTION('ref_axis',(0.,0.,1.));
#10163=DIRECTION('center_axis',(-1.,0.,0.));
#10164=DIRECTION('ref_axis',(0.,-1.,1.83697019872103E-16));
#10165=DIRECTION('center_axis',(-1.,0.,0.));
#10166=DIRECTION('ref_axis',(0.,0.,1.));
#10167=DIRECTION('center_axis',(-1.,0.,0.));
#10168=DIRECTION('ref_axis',(0.,-1.,1.83697019872103E-16));
#10169=DIRECTION('center_axis',(-1.,0.,0.));
#10170=DIRECTION('ref_axis',(0.,0.,1.));
#10171=DIRECTION('center_axis',(-1.,0.,0.));
#10172=DIRECTION('ref_axis',(0.,-1.,1.83697019872103E-16));
#10173=DIRECTION('center_axis',(-1.,0.,0.));
#10174=DIRECTION('ref_axis',(0.,0.,1.));
#10175=DIRECTION('center_axis',(-1.,0.,0.));
#10176=DIRECTION('ref_axis',(0.,-1.,1.83697019872103E-16));
#10177=DIRECTION('center_axis',(1.,0.,0.));
#10178=DIRECTION('ref_axis',(0.,1.,0.));
#10179=DIRECTION('center_axis',(1.,0.,0.));
#10180=DIRECTION('ref_axis',(0.,-1.,1.83697019872103E-16));
#10181=DIRECTION('center_axis',(1.,0.,0.));
#10182=DIRECTION('ref_axis',(0.,1.,0.));
#10183=DIRECTION('center_axis',(1.,0.,0.));
#10184=DIRECTION('ref_axis',(0.,-1.,1.83697019872103E-16));
#10185=DIRECTION('center_axis',(1.,0.,0.));
#10186=DIRECTION('ref_axis',(0.,1.,0.));
#10187=DIRECTION('center_axis',(1.,0.,0.));
#10188=DIRECTION('ref_axis',(0.,-1.,1.83697019872103E-16));
#10189=DIRECTION('center_axis',(1.,0.,0.));
#10190=DIRECTION('ref_axis',(0.,1.,0.));
#10191=DIRECTION('center_axis',(1.,0.,0.));
#10192=DIRECTION('ref_axis',(0.,-1.,1.83697019872103E-16));
#10193=DIRECTION('center_axis',(1.,0.,0.));
#10194=DIRECTION('ref_axis',(0.,1.,0.));
#10195=DIRECTION('center_axis',(1.,0.,0.));
#10196=DIRECTION('ref_axis',(0.,-1.,1.83697019872103E-16));
#10197=DIRECTION('center_axis',(1.,0.,0.));
#10198=DIRECTION('ref_axis',(0.,1.,0.));
#10199=DIRECTION('center_axis',(1.,0.,0.));
#10200=DIRECTION('ref_axis',(0.,-1.,1.83697019872103E-16));
#10201=DIRECTION('center_axis',(1.,0.,0.));
#10202=DIRECTION('ref_axis',(0.,0.,-1.));
#10203=DIRECTION('center_axis',(1.,0.,0.));
#10204=DIRECTION('ref_axis',(0.,-1.,1.83697019872103E-16));
#10205=DIRECTION('center_axis',(1.,0.,0.));
#10206=DIRECTION('ref_axis',(0.,0.,-1.));
#10207=DIRECTION('center_axis',(1.,0.,0.));
#10208=DIRECTION('ref_axis',(0.,-1.,1.83697019872103E-16));
#10209=DIRECTION('center_axis',(1.,0.,0.));
#10210=DIRECTION('ref_axis',(0.,-1.22464679914735E-16,1.));
#10211=DIRECTION('center_axis',(1.,0.,0.));
#10212=DIRECTION('ref_axis',(0.,-1.,1.83697019872103E-16));
#10213=DIRECTION('center_axis',(1.,0.,0.));
#10214=DIRECTION('ref_axis',(0.,0.,-1.));
#10215=DIRECTION('center_axis',(1.,0.,0.));
#10216=DIRECTION('ref_axis',(0.,-1.,1.83697019872103E-16));
#10217=DIRECTION('center_axis',(1.,0.,0.));
#10218=DIRECTION('ref_axis',(0.,0.,-1.));
#10219=DIRECTION('center_axis',(1.,0.,0.));
#10220=DIRECTION('ref_axis',(0.,-1.,1.83697019872103E-16));
#10221=DIRECTION('center_axis',(1.,0.,0.));
#10222=DIRECTION('ref_axis',(0.,0.,-1.));
#10223=DIRECTION('center_axis',(1.,0.,0.));
#10224=DIRECTION('ref_axis',(0.,-1.,1.83697019872103E-16));
#10225=DIRECTION('center_axis',(-1.,0.,0.));
#10226=DIRECTION('ref_axis',(0.,-1.,1.83697019872103E-16));
#10227=DIRECTION('center_axis',(1.,0.,0.));
#10228=DIRECTION('ref_axis',(0.,0.,-1.));
#10229=DIRECTION('center_axis',(-1.,0.,0.));
#10230=DIRECTION('ref_axis',(0.,-1.,1.83697019872103E-16));
#10231=DIRECTION('center_axis',(1.,0.,0.));
#10232=DIRECTION('ref_axis',(0.,0.,-1.));
#10233=DIRECTION('center_axis',(-1.,0.,0.));
#10234=DIRECTION('ref_axis',(0.,-1.,1.83697019872103E-16));
#10235=DIRECTION('center_axis',(1.,0.,0.));
#10236=DIRECTION('ref_axis',(0.,-1.22464679914735E-16,1.));
#10237=DIRECTION('center_axis',(-1.,0.,0.));
#10238=DIRECTION('ref_axis',(0.,-1.,1.83697019872103E-16));
#10239=DIRECTION('center_axis',(1.,0.,0.));
#10240=DIRECTION('ref_axis',(0.,0.,-1.));
#10241=DIRECTION('center_axis',(-1.,0.,0.));
#10242=DIRECTION('ref_axis',(0.,-1.,1.83697019872103E-16));
#10243=DIRECTION('center_axis',(1.,0.,0.));
#10244=DIRECTION('ref_axis',(0.,0.,-1.));
#10245=DIRECTION('center_axis',(-1.,0.,0.));
#10246=DIRECTION('ref_axis',(0.,-1.,1.83697019872103E-16));
#10247=DIRECTION('center_axis',(1.,0.,0.));
#10248=DIRECTION('ref_axis',(0.,0.,-1.));
#10249=DIRECTION('center_axis',(-1.,0.,0.));
#10250=DIRECTION('ref_axis',(0.,-1.,1.83697019872103E-16));
#10251=DIRECTION('center_axis',(1.,0.,0.));
#10252=DIRECTION('ref_axis',(0.,1.,0.));
#10253=DIRECTION('center_axis',(-1.,0.,0.));
#10254=DIRECTION('ref_axis',(0.,-1.,1.83697019872103E-16));
#10255=DIRECTION('center_axis',(1.,0.,0.));
#10256=DIRECTION('ref_axis',(0.,1.,0.));
#10257=DIRECTION('center_axis',(-1.,0.,0.));
#10258=DIRECTION('ref_axis',(0.,-1.,1.83697019872103E-16));
#10259=DIRECTION('center_axis',(1.,0.,0.));
#10260=DIRECTION('ref_axis',(0.,1.,0.));
#10261=DIRECTION('center_axis',(-1.,0.,0.));
#10262=DIRECTION('ref_axis',(0.,-1.,1.83697019872103E-16));
#10263=DIRECTION('center_axis',(1.,0.,0.));
#10264=DIRECTION('ref_axis',(0.,1.,0.));
#10265=DIRECTION('center_axis',(-1.,0.,0.));
#10266=DIRECTION('ref_axis',(0.,-1.,1.83697019872103E-16));
#10267=DIRECTION('center_axis',(1.,0.,0.));
#10268=DIRECTION('ref_axis',(0.,1.,0.));
#10269=DIRECTION('center_axis',(-1.,0.,0.));
#10270=DIRECTION('ref_axis',(0.,-1.,1.83697019872103E-16));
#10271=DIRECTION('center_axis',(1.,0.,0.));
#10272=DIRECTION('ref_axis',(0.,1.,0.));
#10273=DIRECTION('center_axis',(-1.,0.,0.));
#10274=DIRECTION('ref_axis',(0.,-1.,1.83697019872103E-16));
#10275=DIRECTION('center_axis',(1.,0.,0.));
#10276=DIRECTION('ref_axis',(0.,0.,-1.));
#10277=DIRECTION('center_axis',(1.,0.,0.));
#10278=DIRECTION('ref_axis',(0.,-1.,1.83697019872103E-16));
#10279=DIRECTION('center_axis',(1.,0.,0.));
#10280=DIRECTION('ref_axis',(0.,0.,-1.));
#10281=DIRECTION('center_axis',(1.,0.,0.));
#10282=DIRECTION('ref_axis',(0.,-1.,1.83697019872103E-16));
#10283=DIRECTION('center_axis',(1.,0.,0.));
#10284=DIRECTION('ref_axis',(0.,0.,-1.));
#10285=DIRECTION('center_axis',(1.,0.,0.));
#10286=DIRECTION('ref_axis',(0.,-1.,1.83697019872103E-16));
#10287=DIRECTION('center_axis',(1.,0.,0.));
#10288=DIRECTION('ref_axis',(0.,0.,-1.));
#10289=DIRECTION('center_axis',(1.,0.,0.));
#10290=DIRECTION('ref_axis',(0.,-1.,1.83697019872103E-16));
#10291=DIRECTION('center_axis',(1.,0.,0.));
#10292=DIRECTION('ref_axis',(0.,0.,-1.));
#10293=DIRECTION('center_axis',(1.,0.,0.));
#10294=DIRECTION('ref_axis',(0.,-1.,1.83697019872103E-16));
#10295=DIRECTION('center_axis',(1.,0.,0.));
#10296=DIRECTION('ref_axis',(0.,0.,-1.));
#10297=DIRECTION('center_axis',(1.,0.,0.));
#10298=DIRECTION('ref_axis',(0.,-1.,1.83697019872103E-16));
#10299=DIRECTION('center_axis',(1.,0.,0.));
#10300=DIRECTION('ref_axis',(0.,0.,-1.));
#10301=DIRECTION('center_axis',(1.,0.,0.));
#10302=DIRECTION('ref_axis',(0.,0.,-1.));
#10303=DIRECTION('center_axis',(1.,0.,0.));
#10304=DIRECTION('ref_axis',(0.,-1.22464679914735E-16,1.));
#10305=DIRECTION('center_axis',(1.,0.,0.));
#10306=DIRECTION('ref_axis',(0.,0.,-1.));
#10307=DIRECTION('center_axis',(1.,0.,0.));
#10308=DIRECTION('ref_axis',(0.,0.,-1.));
#10309=DIRECTION('center_axis',(1.,0.,0.));
#10310=DIRECTION('ref_axis',(0.,0.,-1.));
#10311=DIRECTION('center_axis',(-1.,0.,0.));
#10312=DIRECTION('ref_axis',(0.,0.,1.));
#10313=DIRECTION('center_axis',(1.,0.,0.));
#10314=DIRECTION('ref_axis',(0.,-1.,1.83697019872103E-16));
#10315=DIRECTION('center_axis',(1.,0.,0.));
#10316=DIRECTION('ref_axis',(0.,0.,-1.));
#10317=DIRECTION('center_axis',(-1.,0.,0.));
#10318=DIRECTION('ref_axis',(0.,-1.,1.83697019872103E-16));
#10319=DIRECTION('center_axis',(1.,0.,0.));
#10320=DIRECTION('ref_axis',(0.,1.,0.));
#10321=DIRECTION('center_axis',(1.,0.,0.));
#10322=DIRECTION('ref_axis',(0.,-1.,1.83697019872103E-16));
#10323=DIRECTION('center_axis',(1.,0.,0.));
#10324=DIRECTION('ref_axis',(0.,0.,-1.));
#10325=DIRECTION('center_axis',(-1.,0.,0.));
#10326=DIRECTION('ref_axis',(0.,-1.,1.83697019872103E-16));
#10327=DIRECTION('center_axis',(-1.,0.,0.));
#10328=DIRECTION('ref_axis',(0.,0.,1.));
#10329=CARTESIAN_POINT('',(0.,0.,0.));
#10330=CARTESIAN_POINT('Origin',(0.484375,0.654073772597556,0.654073772597556));
#10331=CARTESIAN_POINT('',(0.46875,0.601040765508982,0.601040762508149));
#10332=CARTESIAN_POINT('',(0.5,0.578943679222076,0.578943674970895));
#10333=CARTESIAN_POINT('',(0.46875,0.601040765508982,0.601040762508149));
#10334=CARTESIAN_POINT('',(0.5,0.729203868098627,0.729203868098627));
#10335=CARTESIAN_POINT('Origin',(0.5,0.654073772597556,0.654073772597556));
#10336=CARTESIAN_POINT('',(0.46875,0.707106781186547,0.707106781186547));
#10337=CARTESIAN_POINT('',(0.5,0.729203868098627,0.729203868098627));
#10338=CARTESIAN_POINT('Origin',(0.46875,0.654073772597556,0.654073772597556));
#10339=CARTESIAN_POINT('Origin',(0.484375,0.,0.));
#10340=CARTESIAN_POINT('',(0.46875,0.219996188337143,0.821036952345708));
#10341=CARTESIAN_POINT('',(0.5,0.211908093177689,0.790851770274174));
#10342=CARTESIAN_POINT('',(0.46875,0.219996188337143,0.821036952345708));
#10343=CARTESIAN_POINT('Origin',(0.5,0.,0.));
#10344=CARTESIAN_POINT('Origin',(0.46875,0.,0.));
#10345=CARTESIAN_POINT('Origin',(0.484375,0.239407616719832,0.893481389317388));
#10346=CARTESIAN_POINT('',(0.46875,0.258819045102521,0.965925826289068));
#10347=CARTESIAN_POINT('',(0.5,0.266907140261975,0.996111008360602));
#10348=CARTESIAN_POINT('',(0.46875,0.258819045102521,0.965925826289068));
#10349=CARTESIAN_POINT('Origin',(0.5,0.239407616719832,0.893481389317388));
#10350=CARTESIAN_POINT('Origin',(0.46875,0.239407616719832,0.893481389317388));
#10351=CARTESIAN_POINT('Origin',(0.484375,0.27823047348521,1.03837026326075));
#10352=CARTESIAN_POINT('',(0.46875,0.297641901867899,1.11081470023243));
#10353=CARTESIAN_POINT('',(0.5,0.289553806708445,1.0806295181609));
#10354=CARTESIAN_POINT('',(0.46875,0.297641901867899,1.11081470023243));
#10355=CARTESIAN_POINT('Origin',(0.5,0.27823047348521,1.03837026326075));
#10356=CARTESIAN_POINT('Origin',(0.46875,0.27823047348521,1.03837026326075));
#10357=CARTESIAN_POINT('Origin',(0.484375,0.,0.));
#10358=CARTESIAN_POINT('',(0.46875,-0.297641901867899,1.11081470023243));
#10359=CARTESIAN_POINT('',(0.5,-0.289553806708445,1.0806295181609));
#10360=CARTESIAN_POINT('',(0.46875,-0.297641901867899,1.11081470023243));
#10361=CARTESIAN_POINT('Origin',(0.5,0.,0.));
#10362=CARTESIAN_POINT('Origin',(0.46875,0.,0.));
#10363=CARTESIAN_POINT('Origin',(0.484375,-0.27823047348521,1.03837026326075));
#10364=CARTESIAN_POINT('',(0.46875,-0.258819045102521,0.965925826289068));
#10365=CARTESIAN_POINT('',(0.5,-0.266907140261974,0.996111008360602));
#10366=CARTESIAN_POINT('',(0.46875,-0.258819045102521,0.965925826289068));
#10367=CARTESIAN_POINT('Origin',(0.5,-0.27823047348521,1.03837026326075));
#10368=CARTESIAN_POINT('Origin',(0.46875,-0.27823047348521,1.03837026326075));
#10369=CARTESIAN_POINT('Origin',(0.484375,-0.239407616719832,0.893481389317388));
#10370=CARTESIAN_POINT('',(0.46875,-0.219996186287535,0.821036952894898));
#10371=CARTESIAN_POINT('',(0.5,-0.211908090274078,0.790851771052195));
#10372=CARTESIAN_POINT('',(0.46875,-0.219996186287535,0.821036952894898));
#10373=CARTESIAN_POINT('Origin',(0.5,-0.239407616719832,0.893481389317388));
#10374=CARTESIAN_POINT('Origin',(0.46875,-0.239407616719832,0.893481389317388));
#10375=CARTESIAN_POINT('Origin',(0.484375,0.,0.));
#10376=CARTESIAN_POINT('',(0.46875,-0.601040764008565,0.601040764008565));
#10377=CARTESIAN_POINT('',(0.5,-0.578943677096486,0.578943677096486));
#10378=CARTESIAN_POINT('',(0.46875,-0.601040764008565,0.601040764008565));
#10379=CARTESIAN_POINT('Origin',(0.5,0.,0.));
#10380=CARTESIAN_POINT('Origin',(0.46875,0.,0.));
#10381=CARTESIAN_POINT('Origin',(0.484375,-0.654073772597556,0.654073772597556));
#10382=CARTESIAN_POINT('',(0.46875,-0.707106781186548,0.707106781186547));
#10383=CARTESIAN_POINT('',(0.5,-0.729203868098627,0.729203868098627));
#10384=CARTESIAN_POINT('',(0.46875,-0.707106781186548,0.707106781186547));
#10385=CARTESIAN_POINT('Origin',(0.5,-0.654073772597556,0.654073772597556));
#10386=CARTESIAN_POINT('Origin',(0.46875,-0.654073772597556,0.654073772597556));
#10387=CARTESIAN_POINT('Origin',(0.484375,-0.760139789775539,0.760139789775538));
#10388=CARTESIAN_POINT('',(0.46875,-0.81317279836453,0.813172798364529));
#10389=CARTESIAN_POINT('',(0.5,-0.791075711452451,0.79107571145245));
#10390=CARTESIAN_POINT('',(0.46875,-0.81317279836453,0.813172798364529));
#10391=CARTESIAN_POINT('Origin',(0.5,-0.760139789775539,0.760139789775538));
#10392=CARTESIAN_POINT('Origin',(0.46875,-0.760139789775539,0.760139789775538));
#10393=CARTESIAN_POINT('Origin',(0.484375,0.,0.));
#10394=CARTESIAN_POINT('',(0.46875,-1.11081470023243,0.297641901867899));
#10395=CARTESIAN_POINT('',(0.5,-1.0806295181609,0.289553806708445));
#10396=CARTESIAN_POINT('',(0.46875,-1.11081470023243,0.297641901867899));
#10397=CARTESIAN_POINT('Origin',(0.5,0.,0.));
#10398=CARTESIAN_POINT('Origin',(0.46875,0.,0.));
#10399=CARTESIAN_POINT('Origin',(0.484375,-1.03837026326075,0.27823047348521));
#10400=CARTESIAN_POINT('',(0.46875,-0.965925826289068,0.258819045102521));
#10401=CARTESIAN_POINT('',(0.5,-0.996111008360602,0.266907140261975));
#10402=CARTESIAN_POINT('',(0.46875,-0.965925826289068,0.258819045102521));
#10403=CARTESIAN_POINT('Origin',(0.5,-1.03837026326075,0.27823047348521));
#10404=CARTESIAN_POINT('Origin',(0.46875,-1.03837026326075,0.27823047348521));
#10405=CARTESIAN_POINT('Origin',(0.484375,-0.893481389317388,0.239407616719832));
#10406=CARTESIAN_POINT('',(0.46875,-0.821036951796517,0.21999619038675));
#10407=CARTESIAN_POINT('',(0.5,-0.790851769496154,0.211908096081299));
#10408=CARTESIAN_POINT('',(0.46875,-0.821036951796517,0.21999619038675));
#10409=CARTESIAN_POINT('Origin',(0.5,-0.893481389317388,0.239407616719832));
#10410=CARTESIAN_POINT('Origin',(0.46875,-0.893481389317388,0.239407616719832));
#10411=CARTESIAN_POINT('Origin',(0.484375,0.,0.));
#10412=CARTESIAN_POINT('',(0.46875,-0.821036952345708,-0.219996188337142));
#10413=CARTESIAN_POINT('',(0.5,-0.790851770274175,-0.211908093177689));
#10414=CARTESIAN_POINT('',(0.46875,-0.821036952345708,-0.219996188337142));
#10415=CARTESIAN_POINT('Origin',(0.5,0.,0.));
#10416=CARTESIAN_POINT('Origin',(0.46875,0.,0.));
#10417=CARTESIAN_POINT('Origin',(0.484375,-0.893481389317388,-0.239407616719831));
#10418=CARTESIAN_POINT('',(0.46875,-0.965925826289068,-0.25881904510252));
#10419=CARTESIAN_POINT('',(0.5,-0.996111008360602,-0.266907140261974));
#10420=CARTESIAN_POINT('',(0.46875,-0.965925826289068,-0.25881904510252));
#10421=CARTESIAN_POINT('Origin',(0.5,-0.893481389317388,-0.239407616719831));
#10422=CARTESIAN_POINT('Origin',(0.46875,-0.893481389317388,-0.239407616719831));
#10423=CARTESIAN_POINT('Origin',(0.484375,-1.03837026326075,-0.27823047348521));
#10424=CARTESIAN_POINT('',(0.46875,-1.11081470023243,-0.297641901867899));
#10425=CARTESIAN_POINT('',(0.5,-1.08062951816089,-0.289553806708446));
#10426=CARTESIAN_POINT('',(0.46875,-1.11081470023243,-0.297641901867899));
#10427=CARTESIAN_POINT('Origin',(0.5,-1.03837026326075,-0.27823047348521));
#10428=CARTESIAN_POINT('Origin',(0.46875,-1.03837026326075,-0.27823047348521));
#10429=CARTESIAN_POINT('Origin',(0.484375,0.,0.));
#10430=CARTESIAN_POINT('',(0.46875,-0.81317279836453,-0.813172798364529));
#10431=CARTESIAN_POINT('',(0.5,-0.79107571145245,-0.79107571145245));
#10432=CARTESIAN_POINT('',(0.46875,-0.81317279836453,-0.813172798364529));
#10433=CARTESIAN_POINT('Origin',(0.5,0.,0.));
#10434=CARTESIAN_POINT('Origin',(0.46875,0.,0.));
#10435=CARTESIAN_POINT('Origin',(0.484375,-0.760139789775539,-0.760139789775538));
#10436=CARTESIAN_POINT('',(0.46875,-0.707106781186547,-0.707106781186547));
#10437=CARTESIAN_POINT('',(0.5,-0.729203868098627,-0.729203868098627));
#10438=CARTESIAN_POINT('',(0.46875,-0.707106781186547,-0.707106781186547));
#10439=CARTESIAN_POINT('Origin',(0.5,-0.760139789775539,-0.760139789775538));
#10440=CARTESIAN_POINT('Origin',(0.46875,-0.760139789775539,-0.760139789775538));
#10441=CARTESIAN_POINT('Origin',(0.484375,-0.654073772597557,-0.654073772597556));
#10442=CARTESIAN_POINT('',(0.46875,-0.601040765508982,-0.601040762508149));
#10443=CARTESIAN_POINT('',(0.5,-0.578943679222075,-0.578943674970896));
#10444=CARTESIAN_POINT('',(0.46875,-0.601040765508982,-0.601040762508149));
#10445=CARTESIAN_POINT('Origin',(0.5,-0.654073772597557,-0.654073772597556));
#10446=CARTESIAN_POINT('Origin',(0.46875,-0.654073772597557,-0.654073772597556));
#10447=CARTESIAN_POINT('Origin',(0.484375,0.,0.));
#10448=CARTESIAN_POINT('',(0.46875,-0.219996188337143,-0.821036952345708));
#10449=CARTESIAN_POINT('',(0.5,-0.211908093177689,-0.790851770274174));
#10450=CARTESIAN_POINT('',(0.46875,-0.219996188337143,-0.821036952345708));
#10451=CARTESIAN_POINT('Origin',(0.5,0.,0.));
#10452=CARTESIAN_POINT('Origin',(0.46875,0.,0.));
#10453=CARTESIAN_POINT('Origin',(0.484375,-0.239407616719832,-0.893481389317388));
#10454=CARTESIAN_POINT('',(0.46875,-0.258819045102521,-0.965925826289068));
#10455=CARTESIAN_POINT('',(0.5,-0.266907140261975,-0.996111008360601));
#10456=CARTESIAN_POINT('',(0.46875,-0.258819045102521,-0.965925826289068));
#10457=CARTESIAN_POINT('Origin',(0.5,-0.239407616719832,-0.893481389317388));
#10458=CARTESIAN_POINT('Origin',(0.46875,-0.239407616719832,-0.893481389317388));
#10459=CARTESIAN_POINT('Origin',(0.484375,-0.27823047348521,-1.03837026326075));
#10460=CARTESIAN_POINT('',(0.46875,-0.297641901867899,-1.11081470023243));
#10461=CARTESIAN_POINT('',(0.5,-0.289553806708445,-1.0806295181609));
#10462=CARTESIAN_POINT('',(0.46875,-0.297641901867899,-1.11081470023243));
#10463=CARTESIAN_POINT('Origin',(0.5,-0.27823047348521,-1.03837026326075));
#10464=CARTESIAN_POINT('Origin',(0.46875,-0.27823047348521,-1.03837026326075));
#10465=CARTESIAN_POINT('Origin',(0.484375,0.,0.));
#10466=CARTESIAN_POINT('',(0.46875,0.297641901867898,-1.11081470023243));
#10467=CARTESIAN_POINT('',(0.5,0.289553806708445,-1.0806295181609));
#10468=CARTESIAN_POINT('',(0.46875,0.297641901867898,-1.11081470023243));
#10469=CARTESIAN_POINT('Origin',(0.5,0.,0.));
#10470=CARTESIAN_POINT('Origin',(0.46875,0.,0.));
#10471=CARTESIAN_POINT('Origin',(0.484375,0.278230473485209,-1.03837026326075));
#10472=CARTESIAN_POINT('',(0.46875,0.25881904510252,-0.965925826289068));
#10473=CARTESIAN_POINT('',(0.5,0.266907140261974,-0.996111008360602));
#10474=CARTESIAN_POINT('',(0.46875,0.25881904510252,-0.965925826289068));
#10475=CARTESIAN_POINT('Origin',(0.5,0.278230473485209,-1.03837026326075));
#10476=CARTESIAN_POINT('Origin',(0.46875,0.278230473485209,-1.03837026326075));
#10477=CARTESIAN_POINT('Origin',(0.484375,0.239407616719831,-0.893481389317388));
#10478=CARTESIAN_POINT('',(0.46875,0.219996186287536,-0.821036952894898));
#10479=CARTESIAN_POINT('',(0.5,0.211908090274079,-0.790851771052194));
#10480=CARTESIAN_POINT('',(0.46875,0.219996186287536,-0.821036952894898));
#10481=CARTESIAN_POINT('Origin',(0.5,0.239407616719831,-0.893481389317388));
#10482=CARTESIAN_POINT('Origin',(0.46875,0.239407616719831,-0.893481389317388));
#10483=CARTESIAN_POINT('Origin',(0.484375,0.,0.));
#10484=CARTESIAN_POINT('',(0.46875,0.601040764008565,-0.601040764008566));
#10485=CARTESIAN_POINT('',(0.5,0.578943677096485,-0.578943677096486));
#10486=CARTESIAN_POINT('',(0.46875,0.601040764008565,-0.601040764008566));
#10487=CARTESIAN_POINT('Origin',(0.5,0.,0.));
#10488=CARTESIAN_POINT('Origin',(0.46875,0.,0.));
#10489=CARTESIAN_POINT('Origin',(0.484375,0.654073772597556,-0.654073772597557));
#10490=CARTESIAN_POINT('',(0.46875,0.707106781186547,-0.707106781186548));
#10491=CARTESIAN_POINT('',(0.5,0.729203868098627,-0.729203868098627));
#10492=CARTESIAN_POINT('',(0.46875,0.707106781186547,-0.707106781186548));
#10493=CARTESIAN_POINT('Origin',(0.5,0.654073772597556,-0.654073772597557));
#10494=CARTESIAN_POINT('Origin',(0.46875,0.654073772597556,-0.654073772597557));
#10495=CARTESIAN_POINT('Origin',(0.484375,0.760139789775539,-0.760139789775539));
#10496=CARTESIAN_POINT('',(0.46875,0.81317279836453,-0.81317279836453));
#10497=CARTESIAN_POINT('',(0.5,0.79107571145245,-0.79107571145245));
#10498=CARTESIAN_POINT('',(0.46875,0.81317279836453,-0.81317279836453));
#10499=CARTESIAN_POINT('Origin',(0.5,0.760139789775539,-0.760139789775539));
#10500=CARTESIAN_POINT('Origin',(0.46875,0.760139789775539,-0.760139789775539));
#10501=CARTESIAN_POINT('Origin',(0.484375,0.,0.));
#10502=CARTESIAN_POINT('',(0.46875,1.11081470023243,-0.2976419018679));
#10503=CARTESIAN_POINT('',(0.5,1.0806295181609,-0.289553806708446));
#10504=CARTESIAN_POINT('',(0.46875,1.11081470023243,-0.2976419018679));
#10505=CARTESIAN_POINT('Origin',(0.5,0.,0.));
#10506=CARTESIAN_POINT('Origin',(0.46875,0.,0.));
#10507=CARTESIAN_POINT('Origin',(0.484375,1.03837026326075,-0.27823047348521));
#10508=CARTESIAN_POINT('',(0.46875,0.965925826289068,-0.258819045102521));
#10509=CARTESIAN_POINT('',(0.5,0.996111008360602,-0.266907140261975));
#10510=CARTESIAN_POINT('',(0.46875,0.965925826289068,-0.258819045102521));
#10511=CARTESIAN_POINT('Origin',(0.5,1.03837026326075,-0.27823047348521));
#10512=CARTESIAN_POINT('Origin',(0.46875,1.03837026326075,-0.27823047348521));
#10513=CARTESIAN_POINT('Origin',(0.484375,0.893481389317388,-0.239407616719832));
#10514=CARTESIAN_POINT('',(0.46875,0.821036951796517,-0.21999619038675));
#10515=CARTESIAN_POINT('',(0.5,0.790851769496154,-0.211908096081299));
#10516=CARTESIAN_POINT('',(0.46875,0.821036951796517,-0.21999619038675));
#10517=CARTESIAN_POINT('Origin',(0.5,0.893481389317388,-0.239407616719832));
#10518=CARTESIAN_POINT('Origin',(0.46875,0.893481389317388,-0.239407616719832));
#10519=CARTESIAN_POINT('Origin',(0.484375,0.,0.));
#10520=CARTESIAN_POINT('',(0.46875,0.821036952345708,0.219996188337142));
#10521=CARTESIAN_POINT('',(0.5,0.790851770274174,0.211908093177688));
#10522=CARTESIAN_POINT('',(0.46875,0.821036952345708,0.219996188337142));
#10523=CARTESIAN_POINT('Origin',(0.5,0.,0.));
#10524=CARTESIAN_POINT('Origin',(0.46875,0.,0.));
#10525=CARTESIAN_POINT('Origin',(0.484375,0.893481389317388,0.239407616719831));
#10526=CARTESIAN_POINT('',(0.46875,0.965925826289068,0.25881904510252));
#10527=CARTESIAN_POINT('',(0.5,0.996111008360602,0.266907140261974));
#10528=CARTESIAN_POINT('',(0.46875,0.965925826289068,0.25881904510252));
#10529=CARTESIAN_POINT('Origin',(0.5,0.893481389317388,0.239407616719831));
#10530=CARTESIAN_POINT('Origin',(0.46875,0.893481389317388,0.239407616719831));
#10531=CARTESIAN_POINT('Origin',(0.484375,1.03837026326075,0.27823047348521));
#10532=CARTESIAN_POINT('',(0.46875,1.11081470023243,0.297641901867899));
#10533=CARTESIAN_POINT('',(0.5,1.08062951816089,0.289553806708445));
#10534=CARTESIAN_POINT('',(0.46875,1.11081470023243,0.297641901867899));
#10535=CARTESIAN_POINT('Origin',(0.5,1.03837026326075,0.27823047348521));
#10536=CARTESIAN_POINT('Origin',(0.46875,1.03837026326075,0.27823047348521));
#10537=CARTESIAN_POINT('Origin',(0.484375,0.,0.));
#10538=CARTESIAN_POINT('',(0.46875,0.81317279836453,0.813172798364529));
#10539=CARTESIAN_POINT('',(0.5,0.79107571145245,0.79107571145245));
#10540=CARTESIAN_POINT('',(0.46875,0.81317279836453,0.813172798364529));
#10541=CARTESIAN_POINT('Origin',(0.5,0.,0.));
#10542=CARTESIAN_POINT('Origin',(0.46875,0.,0.));
#10543=CARTESIAN_POINT('Origin',(0.484375,0.760139789775539,0.760139789775538));
#10544=CARTESIAN_POINT('Origin',(0.5,0.760139789775539,0.760139789775538));
#10545=CARTESIAN_POINT('Origin',(0.46875,0.760139789775539,0.760139789775538));
#10546=CARTESIAN_POINT('Origin',(-0.5,-0.760139789775539,-0.760139789775538));
#10547=CARTESIAN_POINT('',(0.325,-0.81317279836453,-0.813172798364529));
#10548=CARTESIAN_POINT('',(-0.5,-0.81317279836453,-0.813172798364529));
#10549=CARTESIAN_POINT('',(0.325,-0.747091233641383,-0.833995968818417));
#10550=CARTESIAN_POINT('Origin',(0.325,-0.760139789775539,-0.760139789775538));
#10551=CARTESIAN_POINT('',(0.344685039370079,-0.725621710699455,-0.826724339161244));
#10552=CARTESIAN_POINT('Ctrl Pts',(0.344685039370079,-0.725621710699456,
-0.826724339161243));
#10553=CARTESIAN_POINT('Ctrl Pts',(0.342566750173718,-0.725621710699456,
-0.826724339161243));
#10554=CARTESIAN_POINT('Ctrl Pts',(0.340466995249131,-0.725946336561948,
-0.826895465755634));
#10555=CARTESIAN_POINT('Ctrl Pts',(0.33644822790407,-0.727236706098908,
-0.827540943134429));
#10556=CARTESIAN_POINT('Ctrl Pts',(0.334572415844931,-0.728199491146973,
-0.828012332329552));
#10557=CARTESIAN_POINT('Ctrl Pts',(0.330846911870537,-0.73098822668168,
-0.82926319706426));
#10558=CARTESIAN_POINT('Ctrl Pts',(0.329174209771293,-0.732915530368829,
-0.830063940895303));
#10559=CARTESIAN_POINT('Ctrl Pts',(0.326495643463409,-0.737619162066555,
-0.831727206351313));
#10560=CARTESIAN_POINT('Ctrl Pts',(0.325573048926296,-0.740499193007123,
-0.832597215485704));
#10561=CARTESIAN_POINT('Ctrl Pts',(0.325062533651275,-0.744827242373821,
-0.833568912854672));
#10562=CARTESIAN_POINT('Ctrl Pts',(0.325,-0.745956398743579,-0.833795471621583));
#10563=CARTESIAN_POINT('Ctrl Pts',(0.325,-0.747091233641383,-0.833995968818417));
#10564=CARTESIAN_POINT('',(0.380314960629921,-0.725621710699455,-0.826724339161244));
#10565=CARTESIAN_POINT('',(-0.5,-0.725621710699456,-0.826724339161243));
#10566=CARTESIAN_POINT('',(0.4,-0.70905900616781,-0.815055666769543));
#10567=CARTESIAN_POINT('Ctrl Pts',(0.4,-0.709059006167811,-0.815055666769542));
#10568=CARTESIAN_POINT('Ctrl Pts',(0.4,-0.709267029401999,-0.815249162537844));
#10569=CARTESIAN_POINT('Ctrl Pts',(0.399993918123589,-0.709476396278999,
-0.815441702572363));
#10570=CARTESIAN_POINT('Ctrl Pts',(0.399869351419748,-0.711628990475188,
-0.817398773026902));
#10571=CARTESIAN_POINT('Ctrl Pts',(0.399241656095348,-0.713627841656774,
-0.819023997686517));
#10572=CARTESIAN_POINT('Ctrl Pts',(0.397048396340451,-0.717496247174466,
-0.821884348999011));
#10573=CARTESIAN_POINT('Ctrl Pts',(0.395486607499283,-0.71933286623677,
-0.823093417497313));
#10574=CARTESIAN_POINT('Ctrl Pts',(0.391744971293495,-0.722370323371315,
-0.82495846643448));
#10575=CARTESIAN_POINT('Ctrl Pts',(0.389624052559398,-0.723584159744939,
-0.825634606874462));
#10576=CARTESIAN_POINT('Ctrl Pts',(0.385076044416793,-0.725202036071868,
-0.826511184460007));
#10577=CARTESIAN_POINT('Ctrl Pts',(0.382713298149178,-0.725621710699457,
-0.826724339161243));
#10578=CARTESIAN_POINT('Ctrl Pts',(0.380314960629921,-0.725621710699457,
-0.826724339161243));
#10579=CARTESIAN_POINT('',(0.4,-0.701804219937615,-0.807277474187111));
#10580=CARTESIAN_POINT('Origin',(0.4,-0.760139789775539,-0.760139789775538));
#10581=CARTESIAN_POINT('',(0.380314960629921,-0.691429870564985,-0.790205501177059));
#10582=CARTESIAN_POINT('Ctrl Pts',(0.380314960629921,-0.691429870564987,
-0.790205501177058));
#10583=CARTESIAN_POINT('Ctrl Pts',(0.38178065543647,-0.691429870564987,
-0.790205501177058));
#10584=CARTESIAN_POINT('Ctrl Pts',(0.383238950927283,-0.691498184065485,
-0.790363031250404));
#10585=CARTESIAN_POINT('Ctrl Pts',(0.386095496759084,-0.691773944922985,
-0.790981746993589));
#10586=CARTESIAN_POINT('Ctrl Pts',(0.387480880030354,-0.691980737223094,
-0.791441087106856));
#10587=CARTESIAN_POINT('Ctrl Pts',(0.391148384485906,-0.69275542699558,
-0.793089925102243));
#10588=CARTESIAN_POINT('Ctrl Pts',(0.393246449267388,-0.693472516697049,
-0.794554536578328));
#10589=CARTESIAN_POINT('Ctrl Pts',(0.396660680620403,-0.695351845569818,
-0.797971346449347));
#10590=CARTESIAN_POINT('Ctrl Pts',(0.397973765577666,-0.696492439191697,
-0.799886779123553));
#10591=CARTESIAN_POINT('Ctrl Pts',(0.399604302623432,-0.699032195968261,
-0.803677073874056));
#10592=CARTESIAN_POINT('Ctrl Pts',(0.4,-0.700370015485496,-0.805502564472665));
#10593=CARTESIAN_POINT('Ctrl Pts',(0.4,-0.701804219937617,-0.80727747418711));
#10594=CARTESIAN_POINT('',(0.119685039370078,-0.691429870564985,-0.790205501177059));
#10595=CARTESIAN_POINT('',(-0.5,-0.691429870564987,-0.790205501177058));
#10596=CARTESIAN_POINT('',(0.0999999999999997,-0.701804219937615,-0.807277474187111));
#10597=CARTESIAN_POINT('Ctrl Pts',(0.0999999999999997,-0.701804219937617,
-0.80727747418711));
#10598=CARTESIAN_POINT('Ctrl Pts',(0.0999999999999997,-0.701655288129872,
-0.807093162590556));
#10599=CARTESIAN_POINT('Ctrl Pts',(0.100004273097746,-0.701507084716576,
-0.806907965089814));
#10600=CARTESIAN_POINT('Ctrl Pts',(0.100105466237238,-0.699766045604813,
-0.804711020166326));
#10601=CARTESIAN_POINT('Ctrl Pts',(0.100696809687652,-0.698309785252004,
-0.802655000246361));
#10602=CARTESIAN_POINT('Ctrl Pts',(0.102814262538974,-0.695747490959064,
-0.798667363751173));
#10603=CARTESIAN_POINT('Ctrl Pts',(0.104341749745823,-0.694672878546745,
-0.796778432414934));
#10604=CARTESIAN_POINT('Ctrl Pts',(0.108057402616041,-0.693003815062515,
-0.793618753043324));
#10605=CARTESIAN_POINT('Ctrl Pts',(0.110197724201032,-0.692402003597133,
-0.79235002858689));
#10606=CARTESIAN_POINT('Ctrl Pts',(0.114814952298846,-0.691618738665531,
-0.790647412909125));
#10607=CARTESIAN_POINT('Ctrl Pts',(0.117233487710399,-0.691429870564987,
-0.790205501177058));
#10608=CARTESIAN_POINT('Ctrl Pts',(0.119685039370078,-0.691429870564987,
-0.790205501177058));
#10609=CARTESIAN_POINT('',(0.0999999999999997,-0.70905900616781,-0.815055666769543));
#10610=CARTESIAN_POINT('Origin',(0.0999999999999997,-0.760139789775539,
-0.760139789775538));
#10611=CARTESIAN_POINT('',(0.119685039370078,-0.725621710699455,-0.826724339161244));
#10612=CARTESIAN_POINT('Ctrl Pts',(0.119685039370078,-0.725621710699457,
-0.826724339161243));
#10613=CARTESIAN_POINT('Ctrl Pts',(0.118257448057142,-0.725621710699457,
-0.826724339161243));
#10614=CARTESIAN_POINT('Ctrl Pts',(0.116837762010852,-0.725473454391231,
-0.826648080226996));
#10615=CARTESIAN_POINT('Ctrl Pts',(0.114052429640392,-0.724891893813097,
-0.826341710904044));
#10616=CARTESIAN_POINT('Ctrl Pts',(0.11270046321909,-0.724460090804205,
-0.826112211518445));
#10617=CARTESIAN_POINT('Ctrl Pts',(0.109022141627523,-0.722874419814262,
-0.825237245834327));
#10618=CARTESIAN_POINT('Ctrl Pts',(0.106891452538424,-0.721434470667154,
-0.824412059506919));
#10619=CARTESIAN_POINT('Ctrl Pts',(0.103412312328678,-0.718084161517524,
-0.822270331461676));
#10620=CARTESIAN_POINT('Ctrl Pts',(0.102068392444965,-0.716202440048022,
-0.820972283933071));
#10621=CARTESIAN_POINT('Ctrl Pts',(0.100405568332906,-0.712519404457916,
-0.818123361822917));
#10622=CARTESIAN_POINT('Ctrl Pts',(0.0999999999999997,-0.710759082447012,
-0.816637016886994));
#10623=CARTESIAN_POINT('Ctrl Pts',(0.0999999999999997,-0.709059006167811,
-0.815055666769542));
#10624=CARTESIAN_POINT('',(0.155314960629921,-0.725621710699455,-0.826724339161244));
#10625=CARTESIAN_POINT('',(-0.5,-0.725621710699456,-0.826724339161243));
#10626=CARTESIAN_POINT('',(0.175,-0.747091233641383,-0.833995968818417));
#10627=CARTESIAN_POINT('Ctrl Pts',(0.175,-0.747091233641383,-0.833995968818417));
#10628=CARTESIAN_POINT('Ctrl Pts',(0.175,-0.746330417303639,-0.833861551430198));
#10629=CARTESIAN_POINT('Ctrl Pts',(0.174971870976694,-0.745572021906963,
-0.833715420223355));
#10630=CARTESIAN_POINT('Ctrl Pts',(0.174686718633089,-0.741880758026037,
-0.8329450856069));
#10631=CARTESIAN_POINT('Ctrl Pts',(0.174007075782169,-0.739043847840966,
-0.832163644839533));
#10632=CARTESIAN_POINT('Ctrl Pts',(0.171699319053506,-0.73418580049927,
-0.830546355891479));
#10633=CARTESIAN_POINT('Ctrl Pts',(0.170229979198357,-0.732169309114712,
-0.829752930693556));
#10634=CARTESIAN_POINT('Ctrl Pts',(0.166613303907146,-0.728914555718187,
-0.828352188966847));
#10635=CARTESIAN_POINT('Ctrl Pts',(0.164564486948101,-0.727685143275292,
-0.827760498686425));
#10636=CARTESIAN_POINT('Ctrl Pts',(0.160080577499353,-0.726036717011967,
-0.826944042837007));
#10637=CARTESIAN_POINT('Ctrl Pts',(0.157711332772816,-0.725621710699456,
-0.826724339161243));
#10638=CARTESIAN_POINT('Ctrl Pts',(0.155314960629921,-0.725621710699456,
-0.826724339161243));
#10639=CARTESIAN_POINT('',(0.175,-0.81317279836453,-0.813172798364529));
#10640=CARTESIAN_POINT('Origin',(0.175,-0.760139789775539,-0.760139789775538));
#10641=CARTESIAN_POINT('',(-0.175,-0.81317279836453,-0.813172798364529));
#10642=CARTESIAN_POINT('',(-0.5,-0.81317279836453,-0.813172798364529));
#10643=CARTESIAN_POINT('',(-0.175,-0.747091233641383,-0.833995968818417));
#10644=CARTESIAN_POINT('Origin',(-0.175,-0.760139789775539,-0.760139789775538));
#10645=CARTESIAN_POINT('',(-0.155314960629921,-0.725621710699455,-0.826724339161244));
#10646=CARTESIAN_POINT('Ctrl Pts',(-0.155314960629921,-0.725621710699456,
-0.826724339161243));
#10647=CARTESIAN_POINT('Ctrl Pts',(-0.157433249826282,-0.725621710699456,
-0.826724339161243));
#10648=CARTESIAN_POINT('Ctrl Pts',(-0.15953300475087,-0.725946336561948,
-0.826895465755634));
#10649=CARTESIAN_POINT('Ctrl Pts',(-0.163551772095929,-0.727236706098908,
-0.827540943134429));
#10650=CARTESIAN_POINT('Ctrl Pts',(-0.165427584155068,-0.728199491146973,
-0.828012332329552));
#10651=CARTESIAN_POINT('Ctrl Pts',(-0.169153088129462,-0.73098822668168,
-0.82926319706426));
#10652=CARTESIAN_POINT('Ctrl Pts',(-0.170825790228706,-0.732915530368829,
-0.830063940895303));
#10653=CARTESIAN_POINT('Ctrl Pts',(-0.173504356536592,-0.737619162066556,
-0.831727206351314));
#10654=CARTESIAN_POINT('Ctrl Pts',(-0.174426951073704,-0.740499193007125,
-0.832597215485704));
#10655=CARTESIAN_POINT('Ctrl Pts',(-0.174937466348725,-0.744827242373821,
-0.833568912854671));
#10656=CARTESIAN_POINT('Ctrl Pts',(-0.175,-0.745956398743579,-0.833795471621583));
#10657=CARTESIAN_POINT('Ctrl Pts',(-0.175,-0.747091233641383,-0.833995968818417));
#10658=CARTESIAN_POINT('',(-0.119685039370079,-0.725621710699455,-0.826724339161244));
#10659=CARTESIAN_POINT('',(-0.5,-0.725621710699456,-0.826724339161243));
#10660=CARTESIAN_POINT('',(-0.1,-0.70905900616781,-0.815055666769543));
#10661=CARTESIAN_POINT('Ctrl Pts',(-0.1,-0.709059006167811,-0.815055666769542));
#10662=CARTESIAN_POINT('Ctrl Pts',(-0.1,-0.709267029401999,-0.815249162537844));
#10663=CARTESIAN_POINT('Ctrl Pts',(-0.100006081876411,-0.709476396278999,
-0.815441702572363));
#10664=CARTESIAN_POINT('Ctrl Pts',(-0.100130648580251,-0.711628990475188,
-0.817398773026902));
#10665=CARTESIAN_POINT('Ctrl Pts',(-0.100758343904651,-0.713627841656774,
-0.819023997686517));
#10666=CARTESIAN_POINT('Ctrl Pts',(-0.102951603659549,-0.717496247174466,
-0.821884348999011));
#10667=CARTESIAN_POINT('Ctrl Pts',(-0.104513392500716,-0.71933286623677,
-0.823093417497313));
#10668=CARTESIAN_POINT('Ctrl Pts',(-0.108255028706505,-0.722370323371315,
-0.82495846643448));
#10669=CARTESIAN_POINT('Ctrl Pts',(-0.110375947440602,-0.723584159744939,
-0.825634606874462));
#10670=CARTESIAN_POINT('Ctrl Pts',(-0.114923955583206,-0.725202036071868,
-0.826511184460007));
#10671=CARTESIAN_POINT('Ctrl Pts',(-0.117286701850822,-0.725621710699457,
-0.826724339161243));
#10672=CARTESIAN_POINT('Ctrl Pts',(-0.119685039370079,-0.725621710699457,
-0.826724339161243));
#10673=CARTESIAN_POINT('',(-0.1,-0.701804219937615,-0.807277474187111));
#10674=CARTESIAN_POINT('Origin',(-0.1,-0.760139789775539,-0.760139789775538));
#10675=CARTESIAN_POINT('',(-0.119685039370079,-0.691429870564985,-0.790205501177059));
#10676=CARTESIAN_POINT('Ctrl Pts',(-0.119685039370079,-0.691429870564987,
-0.790205501177058));
#10677=CARTESIAN_POINT('Ctrl Pts',(-0.11821934456353,-0.691429870564987,
-0.790205501177058));
#10678=CARTESIAN_POINT('Ctrl Pts',(-0.116761049072717,-0.691498184065485,
-0.790363031250404));
#10679=CARTESIAN_POINT('Ctrl Pts',(-0.113904503240917,-0.691773944922985,
-0.790981746993589));
#10680=CARTESIAN_POINT('Ctrl Pts',(-0.112519119969646,-0.691980737223094,
-0.791441087106855));
#10681=CARTESIAN_POINT('Ctrl Pts',(-0.108851615514094,-0.69275542699558,
-0.793089925102243));
#10682=CARTESIAN_POINT('Ctrl Pts',(-0.106753550732612,-0.693472516697049,
-0.794554536578327));
#10683=CARTESIAN_POINT('Ctrl Pts',(-0.103339319379596,-0.695351845569819,
-0.797971346449347));
#10684=CARTESIAN_POINT('Ctrl Pts',(-0.102026234422334,-0.696492439191698,
-0.799886779123553));
#10685=CARTESIAN_POINT('Ctrl Pts',(-0.100395697376568,-0.69903219596826,
-0.803677073874055));
#10686=CARTESIAN_POINT('Ctrl Pts',(-0.1,-0.700370015485495,-0.805502564472664));
#10687=CARTESIAN_POINT('Ctrl Pts',(-0.1,-0.701804219937617,-0.80727747418711));
#10688=CARTESIAN_POINT('',(-0.380314960629921,-0.691429870564985,-0.790205501177059));
#10689=CARTESIAN_POINT('',(-0.5,-0.691429870564987,-0.790205501177058));
#10690=CARTESIAN_POINT('',(-0.4,-0.701804219937615,-0.807277474187111));
#10691=CARTESIAN_POINT('Ctrl Pts',(-0.4,-0.701804219937617,-0.80727747418711));
#10692=CARTESIAN_POINT('Ctrl Pts',(-0.4,-0.701655288129872,-0.807093162590556));
#10693=CARTESIAN_POINT('Ctrl Pts',(-0.399995726902254,-0.701507084716576,
-0.806907965089814));
#10694=CARTESIAN_POINT('Ctrl Pts',(-0.399894533762762,-0.699766045604813,
-0.804711020166327));
#10695=CARTESIAN_POINT('Ctrl Pts',(-0.399303190312347,-0.698309785252005,
-0.802655000246361));
#10696=CARTESIAN_POINT('Ctrl Pts',(-0.397185737461026,-0.695747490959064,
-0.798667363751173));
#10697=CARTESIAN_POINT('Ctrl Pts',(-0.395658250254177,-0.694672878546745,
-0.796778432414934));
#10698=CARTESIAN_POINT('Ctrl Pts',(-0.391942597383959,-0.693003815062515,
-0.793618753043324));
#10699=CARTESIAN_POINT('Ctrl Pts',(-0.389802275798968,-0.692402003597133,
-0.79235002858689));
#10700=CARTESIAN_POINT('Ctrl Pts',(-0.385185047701154,-0.691618738665531,
-0.790647412909125));
#10701=CARTESIAN_POINT('Ctrl Pts',(-0.3827665122896,-0.691429870564987,
-0.790205501177058));
#10702=CARTESIAN_POINT('Ctrl Pts',(-0.380314960629921,-0.691429870564987,
-0.790205501177058));
#10703=CARTESIAN_POINT('',(-0.4,-0.70905900616781,-0.815055666769543));
#10704=CARTESIAN_POINT('Origin',(-0.4,-0.760139789775539,-0.760139789775538));
#10705=CARTESIAN_POINT('',(-0.380314960629921,-0.725621710699455,-0.826724339161244));
#10706=CARTESIAN_POINT('Ctrl Pts',(-0.380314960629921,-0.725621710699457,
-0.826724339161243));
#10707=CARTESIAN_POINT('Ctrl Pts',(-0.381742551942858,-0.725621710699457,
-0.826724339161243));
#10708=CARTESIAN_POINT('Ctrl Pts',(-0.383162237989148,-0.725473454391231,
-0.826648080226996));
#10709=CARTESIAN_POINT('Ctrl Pts',(-0.385947570359607,-0.724891893813097,
-0.826341710904044));
#10710=CARTESIAN_POINT('Ctrl Pts',(-0.38729953678091,-0.724460090804205,
-0.826112211518445));
#10711=CARTESIAN_POINT('Ctrl Pts',(-0.390977858372477,-0.722874419814262,
-0.825237245834327));
#10712=CARTESIAN_POINT('Ctrl Pts',(-0.393108547461576,-0.721434470667154,
-0.824412059506919));
#10713=CARTESIAN_POINT('Ctrl Pts',(-0.396587687671321,-0.718084161517524,
-0.822270331461676));
#10714=CARTESIAN_POINT('Ctrl Pts',(-0.397931607555034,-0.716202440048022,
-0.820972283933071));
#10715=CARTESIAN_POINT('Ctrl Pts',(-0.399594431667094,-0.712519404457916,
-0.818123361822917));
#10716=CARTESIAN_POINT('Ctrl Pts',(-0.4,-0.710759082447012,-0.816637016886994));
#10717=CARTESIAN_POINT('Ctrl Pts',(-0.4,-0.709059006167811,-0.815055666769542));
#10718=CARTESIAN_POINT('',(-0.344685039370079,-0.725621710699455,-0.826724339161244));
#10719=CARTESIAN_POINT('',(-0.5,-0.725621710699456,-0.826724339161243));
#10720=CARTESIAN_POINT('',(-0.325,-0.747091233641383,-0.833995968818417));
#10721=CARTESIAN_POINT('Ctrl Pts',(-0.325,-0.747091233641383,-0.833995968818417));
#10722=CARTESIAN_POINT('Ctrl Pts',(-0.325,-0.74633041730364,-0.833861551430198));
#10723=CARTESIAN_POINT('Ctrl Pts',(-0.325028129023306,-0.745572021906963,
-0.833715420223355));
#10724=CARTESIAN_POINT('Ctrl Pts',(-0.325313281366911,-0.741880758026037,
-0.8329450856069));
#10725=CARTESIAN_POINT('Ctrl Pts',(-0.325992924217831,-0.739043847840966,
-0.832163644839533));
#10726=CARTESIAN_POINT('Ctrl Pts',(-0.328300680946494,-0.73418580049927,
-0.830546355891479));
#10727=CARTESIAN_POINT('Ctrl Pts',(-0.329770020801643,-0.732169309114712,
-0.829752930693556));
#10728=CARTESIAN_POINT('Ctrl Pts',(-0.333386696092854,-0.728914555718187,
-0.828352188966847));
#10729=CARTESIAN_POINT('Ctrl Pts',(-0.335435513051899,-0.727685143275292,
-0.827760498686425));
#10730=CARTESIAN_POINT('Ctrl Pts',(-0.339919422500647,-0.726036717011967,
-0.826944042837007));
#10731=CARTESIAN_POINT('Ctrl Pts',(-0.342288667227184,-0.725621710699456,
-0.826724339161243));
#10732=CARTESIAN_POINT('Ctrl Pts',(-0.344685039370079,-0.725621710699456,
-0.826724339161243));
#10733=CARTESIAN_POINT('',(-0.325,-0.81317279836453,-0.813172798364529));
#10734=CARTESIAN_POINT('Origin',(-0.325,-0.760139789775539,-0.760139789775538));
#10735=CARTESIAN_POINT('',(-0.46875,-0.81317279836453,-0.813172798364529));
#10736=CARTESIAN_POINT('',(-0.5,-0.81317279836453,-0.813172798364529));
#10737=CARTESIAN_POINT('',(-0.46875,-0.707106781186547,-0.707106781186547));
#10738=CARTESIAN_POINT('Origin',(-0.46875,-0.760139789775539,-0.760139789775538));
#10739=CARTESIAN_POINT('',(-0.5,-0.707106781186547,-0.707106781186547));
#10740=CARTESIAN_POINT('Origin',(0.4125,0.,0.));
#10741=CARTESIAN_POINT('',(0.325,-1.11081470023243,-0.2976419018679));
#10742=CARTESIAN_POINT('',(-0.5,-1.11081470023243,-0.297641901867899));
#10743=CARTESIAN_POINT('Origin',(0.325,0.,0.));
#10744=CARTESIAN_POINT('Origin',(-0.5,-1.03837026326075,-0.27823047348521));
#10745=CARTESIAN_POINT('',(-0.46875,-0.965925826289068,-0.25881904510252));
#10746=CARTESIAN_POINT('',(-0.5,-0.965925826289068,-0.25881904510252));
#10747=CARTESIAN_POINT('',(-0.46875,-1.11081470023243,-0.297641901867899));
#10748=CARTESIAN_POINT('Origin',(-0.46875,-1.03837026326075,-0.27823047348521));
#10749=CARTESIAN_POINT('',(-0.325,-1.11081470023243,-0.2976419018679));
#10750=CARTESIAN_POINT('',(-0.5,-1.11081470023243,-0.297641901867899));
#10751=CARTESIAN_POINT('',(-0.325,-1.09580731247126,-0.230002002868884));
#10752=CARTESIAN_POINT('Origin',(-0.325,-1.03837026326075,-0.27823047348521));
#10753=CARTESIAN_POINT('',(-0.344685039370079,-1.07877513499027,-0.215044665422628));
#10754=CARTESIAN_POINT('Ctrl Pts',(-0.344685039370079,-1.07877513499027,
-0.21504466542263));
#10755=CARTESIAN_POINT('Ctrl Pts',(-0.342536852428456,-1.07877513499027,
-0.21504466542263));
#10756=CARTESIAN_POINT('Ctrl Pts',(-0.340408017417989,-1.07909450736743,
-0.215245735300603));
#10757=CARTESIAN_POINT('Ctrl Pts',(-0.33634388954211,-1.08033040066288,
-0.216062132805869));
#10758=CARTESIAN_POINT('Ctrl Pts',(-0.334452980002324,-1.08124110858035,
-0.216675290486831));
#10759=CARTESIAN_POINT('Ctrl Pts',(-0.330729314587757,-1.08375868773037,
-0.218499213798073));
#10760=CARTESIAN_POINT('Ctrl Pts',(-0.329071101336025,-1.08542868524529,
-0.219782824395648));
#10761=CARTESIAN_POINT('Ctrl Pts',(-0.326426589074033,-1.08924189741961,
-0.223056890148057));
#10762=CARTESIAN_POINT('Ctrl Pts',(-0.325525148055075,-1.09144351981706,
-0.225134676934903));
#10763=CARTESIAN_POINT('Ctrl Pts',(-0.32505487544143,-1.09440172185843,
-0.228364382287369));
#10764=CARTESIAN_POINT('Ctrl Pts',(-0.325,-1.09511317856294,-0.229175333415316));
#10765=CARTESIAN_POINT('Ctrl Pts',(-0.325,-1.09580731247126,-0.230002002868884));
#10766=CARTESIAN_POINT('',(-0.380314960629921,-1.07877513499027,-0.215044665422628));
#10767=CARTESIAN_POINT('',(-0.5,-1.07877513499027,-0.21504466542263));
#10768=CARTESIAN_POINT('',(-0.4,-1.06038841600479,-0.206535278738699));
#10769=CARTESIAN_POINT('Ctrl Pts',(-0.4,-1.06038841600479,-0.206535278738701));
#10770=CARTESIAN_POINT('Ctrl Pts',(-0.4,-1.06066101589052,-0.206618996286902));
#10771=CARTESIAN_POINT('Ctrl Pts',(-0.399993872534523,-1.06093345863087,
-0.206704367607517));
#10772=CARTESIAN_POINT('Ctrl Pts',(-0.399868703545652,-1.06370760499612,
-0.207591115144174));
#10773=CARTESIAN_POINT('Ctrl Pts',(-0.399239683365732,-1.06611623416363,
-0.208510467902672));
#10774=CARTESIAN_POINT('Ctrl Pts',(-0.397043527039747,-1.07052784168128,
-0.210431150884261));
#10775=CARTESIAN_POINT('Ctrl Pts',(-0.395481070369713,-1.07249223263892,
-0.211416915268703));
#10776=CARTESIAN_POINT('Ctrl Pts',(-0.391739857898322,-1.07562315455521,
-0.213113594263305));
#10777=CARTESIAN_POINT('Ctrl Pts',(-0.389620418420096,-1.07681410954825,
-0.213825862569867));
#10778=CARTESIAN_POINT('Ctrl Pts',(-0.385074788460223,-1.07838091042193,
-0.214787932930892));
#10779=CARTESIAN_POINT('Ctrl Pts',(-0.382712656611275,-1.07877513499027,
-0.21504466542263));
#10780=CARTESIAN_POINT('Ctrl Pts',(-0.380314960629921,-1.07877513499027,
-0.21504466542263));
#10781=CARTESIAN_POINT('',(-0.4,-1.05002491051778,-0.20414154585554));
#10782=CARTESIAN_POINT('Origin',(-0.4,-1.03837026326075,-0.27823047348521));
#10783=CARTESIAN_POINT('',(-0.380314960629921,-1.03005297351204,-0.203693082256134));
#10784=CARTESIAN_POINT('Ctrl Pts',(-0.380314960629921,-1.03005297351204,
-0.203693082256136));
#10785=CARTESIAN_POINT('Ctrl Pts',(-0.381782147274202,-1.03005297351204,
-0.203693082256136));
#10786=CARTESIAN_POINT('Ctrl Pts',(-0.38324191241308,-1.0302239026568,-0.203673437412791));
#10787=CARTESIAN_POINT('Ctrl Pts',(-0.386100003744195,-1.03089867520282,
-0.203602792913618));
#10788=CARTESIAN_POINT('Ctrl Pts',(-0.387485508249587,-1.03140030920116,
-0.203552176700242));
#10789=CARTESIAN_POINT('Ctrl Pts',(-0.391153248801781,-1.03321692678285,
-0.203398602455957));
#10790=CARTESIAN_POINT('Ctrl Pts',(-0.393251276548719,-1.0348448441466,
-0.203287325421263));
#10791=CARTESIAN_POINT('Ctrl Pts',(-0.396663601831772,-1.03874402427419,
-0.203206726123362));
#10792=CARTESIAN_POINT('Ctrl Pts',(-0.397975410106125,-1.04097213437911,
-0.203236923212627));
#10793=CARTESIAN_POINT('Ctrl Pts',(-0.399604597012192,-1.04552252961854,
-0.203541283036154));
#10794=CARTESIAN_POINT('Ctrl Pts',(-0.4,-1.04777153101317,-0.203787075300999));
#10795=CARTESIAN_POINT('Ctrl Pts',(-0.4,-1.05002491051778,-0.204141545855542));
#10796=CARTESIAN_POINT('',(-0.119685039370079,-1.03005297351204,-0.203693082256134));
#10797=CARTESIAN_POINT('',(-0.5,-1.03005297351204,-0.203693082256136));
#10798=CARTESIAN_POINT('',(-0.1,-1.05002491051778,-0.20414154585554));
#10799=CARTESIAN_POINT('Ctrl Pts',(-0.1,-1.05002491051778,-0.204141545855542));
#10800=CARTESIAN_POINT('Ctrl Pts',(-0.1,-1.0497907093444,-0.20410470456022));
#10801=CARTESIAN_POINT('Ctrl Pts',(-0.100004277360937,-1.04955610473336,
-0.204068938094009));
#10802=CARTESIAN_POINT('Ctrl Pts',(-0.100105588205031,-1.04678113357141,
-0.20365936807964));
#10803=CARTESIAN_POINT('Ctrl Pts',(-0.100697715742379,-1.04427078089172,
-0.203426178242534));
#10804=CARTESIAN_POINT('Ctrl Pts',(-0.102817293296704,-1.03953494258965,
-0.203201242354655));
#10805=CARTESIAN_POINT('Ctrl Pts',(-0.104345590512178,-1.03736196206825,
-0.203215218313544));
#10806=CARTESIAN_POINT('Ctrl Pts',(-0.108061435702681,-1.03379314421939,
-0.203349740504735));
#10807=CARTESIAN_POINT('Ctrl Pts',(-0.110200665675004,-1.0323948316848,
-0.2034628344106));
#10808=CARTESIAN_POINT('Ctrl Pts',(-0.114816057418607,-1.03052989506329,
-0.203635719037683));
#10809=CARTESIAN_POINT('Ctrl Pts',(-0.117234051124637,-1.03005297351204,
-0.203693082256136));
#10810=CARTESIAN_POINT('Ctrl Pts',(-0.119685039370079,-1.03005297351204,
-0.203693082256136));
#10811=CARTESIAN_POINT('',(-0.1,-1.06038841600479,-0.206535278738699));
#10812=CARTESIAN_POINT('Origin',(-0.1,-1.03837026326075,-0.27823047348521));
#10813=CARTESIAN_POINT('',(-0.119685039370079,-1.07877513499027,-0.215044665422628));
#10814=CARTESIAN_POINT('Ctrl Pts',(-0.119685039370079,-1.07877513499027,
-0.21504466542263));
#10815=CARTESIAN_POINT('Ctrl Pts',(-0.11825562221196,-1.07877513499027,
-0.21504466542263));
#10816=CARTESIAN_POINT('Ctrl Pts',(-0.116834140077254,-1.07863460655075,
-0.214954169000974));
#10817=CARTESIAN_POINT('Ctrl Pts',(-0.114046785677855,-1.0780773661142,
-0.214603004175087));
#10818=CARTESIAN_POINT('Ctrl Pts',(-0.112694549153354,-1.07766220384127,
-0.214343498474606));
#10819=CARTESIAN_POINT('Ctrl Pts',(-0.109015183036925,-1.07610978142232,
-0.213406721671229));
#10820=CARTESIAN_POINT('Ctrl Pts',(-0.106884051712274,-1.07467351921936,
-0.212571444910088));
#10821=CARTESIAN_POINT('Ctrl Pts',(-0.103407026021617,-1.07114173768147,
-0.210740400895759));
#10822=CARTESIAN_POINT('Ctrl Pts',(-0.102064829887653,-1.06907727678023,
-0.20976035501698));
#10823=CARTESIAN_POINT('Ctrl Pts',(-0.100404775311653,-1.06477109550667,
-0.207996695684522));
#10824=CARTESIAN_POINT('Ctrl Pts',(-0.1,-1.06260576948196,-0.207216245262615));
#10825=CARTESIAN_POINT('Ctrl Pts',(-0.1,-1.06038841600479,-0.206535278738701));
#10826=CARTESIAN_POINT('',(-0.155314960629921,-1.07877513499027,-0.215044665422628));
#10827=CARTESIAN_POINT('',(-0.5,-1.07877513499027,-0.21504466542263));
#10828=CARTESIAN_POINT('',(-0.175,-1.09580731247126,-0.230002002868884));
#10829=CARTESIAN_POINT('Ctrl Pts',(-0.175,-1.09580731247126,-0.230002002868884));
#10830=CARTESIAN_POINT('Ctrl Pts',(-0.175,-1.09528608820272,-0.229381257828061));
#10831=CARTESIAN_POINT('Ctrl Pts',(-0.174969041218494,-1.0947550286422,
-0.228769267893763));
#10832=CARTESIAN_POINT('Ctrl Pts',(-0.17466816089724,-1.09222853717044,
-0.225950939566336));
#10833=CARTESIAN_POINT('Ctrl Pts',(-0.173984166211616,-1.09014871258915,
-0.223904218297785));
#10834=CARTESIAN_POINT('Ctrl Pts',(-0.171679562765013,-1.08634330963159,
-0.220531050332829));
#10835=CARTESIAN_POINT('Ctrl Pts',(-0.170212948728494,-1.08465631201373,
-0.219188908899746));
#10836=CARTESIAN_POINT('Ctrl Pts',(-0.166604339464354,-1.08182625095149,
-0.217078951460859));
#10837=CARTESIAN_POINT('Ctrl Pts',(-0.16455855709978,-1.08070191504139,
-0.216312042894003));
#10838=CARTESIAN_POINT('Ctrl Pts',(-0.16007914137821,-1.07917266349832,
-0.215294069420668));
#10839=CARTESIAN_POINT('Ctrl Pts',(-0.157710601902005,-1.07877513499027,
-0.21504466542263));
#10840=CARTESIAN_POINT('Ctrl Pts',(-0.155314960629921,-1.07877513499027,
-0.21504466542263));
#10841=CARTESIAN_POINT('',(-0.175,-1.11081470023243,-0.2976419018679));
#10842=CARTESIAN_POINT('Origin',(-0.175,-1.03837026326075,-0.27823047348521));
#10843=CARTESIAN_POINT('',(0.175,-1.11081470023243,-0.2976419018679));
#10844=CARTESIAN_POINT('',(-0.5,-1.11081470023243,-0.297641901867899));
#10845=CARTESIAN_POINT('',(0.175,-1.09580731247126,-0.230002002868884));
#10846=CARTESIAN_POINT('Origin',(0.175,-1.03837026326075,-0.27823047348521));
#10847=CARTESIAN_POINT('',(0.155314960629921,-1.07877513499027,-0.215044665422628));
#10848=CARTESIAN_POINT('Ctrl Pts',(0.155314960629921,-1.07877513499027,
-0.21504466542263));
#10849=CARTESIAN_POINT('Ctrl Pts',(0.157463147571544,-1.07877513499027,
-0.21504466542263));
#10850=CARTESIAN_POINT('Ctrl Pts',(0.159591982582011,-1.07909450736743,
-0.215245735300603));
#10851=CARTESIAN_POINT('Ctrl Pts',(0.16365611045789,-1.08033040066288,-0.216062132805869));
#10852=CARTESIAN_POINT('Ctrl Pts',(0.165547019997675,-1.08124110858035,
-0.216675290486831));
#10853=CARTESIAN_POINT('Ctrl Pts',(0.169270685412243,-1.08375868773037,
-0.218499213798073));
#10854=CARTESIAN_POINT('Ctrl Pts',(0.170928898663975,-1.08542868524529,
-0.219782824395648));
#10855=CARTESIAN_POINT('Ctrl Pts',(0.173573410925966,-1.08924189741961,
-0.223056890148056));
#10856=CARTESIAN_POINT('Ctrl Pts',(0.174474851944925,-1.09144351981706,
-0.225134676934902));
#10857=CARTESIAN_POINT('Ctrl Pts',(0.174945124558569,-1.09440172185843,
-0.228364382287369));
#10858=CARTESIAN_POINT('Ctrl Pts',(0.175,-1.09511317856294,-0.229175333415316));
#10859=CARTESIAN_POINT('Ctrl Pts',(0.175,-1.09580731247126,-0.230002002868884));
#10860=CARTESIAN_POINT('',(0.119685039370078,-1.07877513499027,-0.215044665422628));
#10861=CARTESIAN_POINT('',(-0.5,-1.07877513499027,-0.21504466542263));
#10862=CARTESIAN_POINT('',(0.0999999999999997,-1.06038841600479,-0.206535278738699));
#10863=CARTESIAN_POINT('Ctrl Pts',(0.0999999999999997,-1.06038841600479,
-0.206535278738701));
#10864=CARTESIAN_POINT('Ctrl Pts',(0.0999999999999997,-1.06066101589052,
-0.206618996286902));
#10865=CARTESIAN_POINT('Ctrl Pts',(0.100006127465477,-1.06093345863087,
-0.206704367607517));
#10866=CARTESIAN_POINT('Ctrl Pts',(0.100131296454348,-1.06370760499612,
-0.207591115144174));
#10867=CARTESIAN_POINT('Ctrl Pts',(0.100760316634268,-1.06611623416363,
-0.208510467902672));
#10868=CARTESIAN_POINT('Ctrl Pts',(0.102956472960252,-1.07052784168128,
-0.210431150884261));
#10869=CARTESIAN_POINT('Ctrl Pts',(0.104518929630286,-1.07249223263892,
-0.211416915268703));
#10870=CARTESIAN_POINT('Ctrl Pts',(0.108260142101678,-1.07562315455521,
-0.213113594263305));
#10871=CARTESIAN_POINT('Ctrl Pts',(0.110379581579904,-1.07681410954825,
-0.213825862569867));
#10872=CARTESIAN_POINT('Ctrl Pts',(0.114925211539776,-1.07838091042193,
-0.214787932930892));
#10873=CARTESIAN_POINT('Ctrl Pts',(0.117287343388725,-1.07877513499027,
-0.21504466542263));
#10874=CARTESIAN_POINT('Ctrl Pts',(0.119685039370078,-1.07877513499027,
-0.21504466542263));
#10875=CARTESIAN_POINT('',(0.0999999999999997,-1.05002491051778,-0.20414154585554));
#10876=CARTESIAN_POINT('Origin',(0.0999999999999997,-1.03837026326075,-0.27823047348521));
#10877=CARTESIAN_POINT('',(0.119685039370078,-1.03005297351204,-0.203693082256134));
#10878=CARTESIAN_POINT('Ctrl Pts',(0.119685039370078,-1.03005297351204,
-0.203693082256136));
#10879=CARTESIAN_POINT('Ctrl Pts',(0.118217852725798,-1.03005297351204,
-0.203693082256136));
#10880=CARTESIAN_POINT('Ctrl Pts',(0.116758087586919,-1.0302239026568,-0.203673437412791));
#10881=CARTESIAN_POINT('Ctrl Pts',(0.113899996255804,-1.03089867520282,
-0.203602792913618));
#10882=CARTESIAN_POINT('Ctrl Pts',(0.112514491750413,-1.03140030920116,
-0.203552176700242));
#10883=CARTESIAN_POINT('Ctrl Pts',(0.108846751198218,-1.03321692678285,
-0.203398602455957));
#10884=CARTESIAN_POINT('Ctrl Pts',(0.10674872345128,-1.0348448441466,-0.203287325421263));
#10885=CARTESIAN_POINT('Ctrl Pts',(0.103336398168229,-1.03874402427419,
-0.203206726123362));
#10886=CARTESIAN_POINT('Ctrl Pts',(0.102024589893875,-1.04097213437911,
-0.203236923212627));
#10887=CARTESIAN_POINT('Ctrl Pts',(0.100395402987807,-1.04552252961854,
-0.203541283036154));
#10888=CARTESIAN_POINT('Ctrl Pts',(0.0999999999999997,-1.04777153101317,
-0.203787075300999));
#10889=CARTESIAN_POINT('Ctrl Pts',(0.0999999999999997,-1.05002491051778,
-0.204141545855542));
#10890=CARTESIAN_POINT('',(0.380314960629921,-1.03005297351204,-0.203693082256134));
#10891=CARTESIAN_POINT('',(-0.5,-1.03005297351204,-0.203693082256136));
#10892=CARTESIAN_POINT('',(0.4,-1.05002491051778,-0.20414154585554));
#10893=CARTESIAN_POINT('Ctrl Pts',(0.4,-1.05002491051778,-0.204141545855542));
#10894=CARTESIAN_POINT('Ctrl Pts',(0.4,-1.0497907093444,-0.20410470456022));
#10895=CARTESIAN_POINT('Ctrl Pts',(0.399995722639062,-1.04955610473336,
-0.204068938094009));
#10896=CARTESIAN_POINT('Ctrl Pts',(0.399894411794968,-1.04678113357141,
-0.20365936807964));
#10897=CARTESIAN_POINT('Ctrl Pts',(0.39930228425762,-1.04427078089172,-0.203426178242534));
#10898=CARTESIAN_POINT('Ctrl Pts',(0.397182706703296,-1.03953494258965,
-0.203201242354655));
#10899=CARTESIAN_POINT('Ctrl Pts',(0.395654409487822,-1.03736196206825,
-0.203215218313544));
#10900=CARTESIAN_POINT('Ctrl Pts',(0.391938564297319,-1.03379314421939,
-0.203349740504735));
#10901=CARTESIAN_POINT('Ctrl Pts',(0.389799334324996,-1.0323948316848,-0.2034628344106));
#10902=CARTESIAN_POINT('Ctrl Pts',(0.385183942581393,-1.03052989506329,
-0.203635719037683));
#10903=CARTESIAN_POINT('Ctrl Pts',(0.382765948875362,-1.03005297351204,
-0.203693082256136));
#10904=CARTESIAN_POINT('Ctrl Pts',(0.380314960629921,-1.03005297351204,
-0.203693082256136));
#10905=CARTESIAN_POINT('',(0.4,-1.06038841600479,-0.206535278738699));
#10906=CARTESIAN_POINT('Origin',(0.4,-1.03837026326075,-0.27823047348521));
#10907=CARTESIAN_POINT('',(0.380314960629921,-1.07877513499027,-0.215044665422628));
#10908=CARTESIAN_POINT('Ctrl Pts',(0.380314960629921,-1.07877513499027,
-0.21504466542263));
#10909=CARTESIAN_POINT('Ctrl Pts',(0.38174437778804,-1.07877513499027,-0.21504466542263));
#10910=CARTESIAN_POINT('Ctrl Pts',(0.383165859922746,-1.07863460655075,
-0.214954169000974));
#10911=CARTESIAN_POINT('Ctrl Pts',(0.385953214322144,-1.0780773661142,-0.214603004175087));
#10912=CARTESIAN_POINT('Ctrl Pts',(0.387305450846646,-1.07766220384127,
-0.214343498474606));
#10913=CARTESIAN_POINT('Ctrl Pts',(0.390984816963075,-1.07610978142232,
-0.213406721671229));
#10914=CARTESIAN_POINT('Ctrl Pts',(0.393115948287726,-1.07467351921936,
-0.212571444910088));
#10915=CARTESIAN_POINT('Ctrl Pts',(0.396592973978383,-1.07114173768147,
-0.210740400895759));
#10916=CARTESIAN_POINT('Ctrl Pts',(0.397935170112347,-1.06907727678023,
-0.20976035501698));
#10917=CARTESIAN_POINT('Ctrl Pts',(0.399595224688347,-1.06477109550667,
-0.207996695684522));
#10918=CARTESIAN_POINT('Ctrl Pts',(0.4,-1.06260576948196,-0.207216245262615));
#10919=CARTESIAN_POINT('Ctrl Pts',(0.4,-1.06038841600479,-0.206535278738701));
#10920=CARTESIAN_POINT('',(0.344685039370079,-1.07877513499027,-0.215044665422628));
#10921=CARTESIAN_POINT('',(-0.5,-1.07877513499027,-0.21504466542263));
#10922=CARTESIAN_POINT('',(0.325,-1.09580731247126,-0.230002002868884));
#10923=CARTESIAN_POINT('Ctrl Pts',(0.325,-1.09580731247126,-0.230002002868884));
#10924=CARTESIAN_POINT('Ctrl Pts',(0.325,-1.09528608820272,-0.229381257828061));
#10925=CARTESIAN_POINT('Ctrl Pts',(0.325030958781506,-1.0947550286422,-0.228769267893763));
#10926=CARTESIAN_POINT('Ctrl Pts',(0.32533183910276,-1.09222853717044,-0.225950939566336));
#10927=CARTESIAN_POINT('Ctrl Pts',(0.326015833788384,-1.09014871258915,
-0.223904218297785));
#10928=CARTESIAN_POINT('Ctrl Pts',(0.328320437234987,-1.08634330963159,
-0.220531050332829));
#10929=CARTESIAN_POINT('Ctrl Pts',(0.329787051271506,-1.08465631201373,
-0.219188908899746));
#10930=CARTESIAN_POINT('Ctrl Pts',(0.333395660535645,-1.08182625095148,
-0.217078951460859));
#10931=CARTESIAN_POINT('Ctrl Pts',(0.33544144290022,-1.08070191504139,-0.216312042894003));
#10932=CARTESIAN_POINT('Ctrl Pts',(0.339920858621789,-1.07917266349832,
-0.215294069420668));
#10933=CARTESIAN_POINT('Ctrl Pts',(0.342289398097994,-1.07877513499027,
-0.21504466542263));
#10934=CARTESIAN_POINT('Ctrl Pts',(0.344685039370079,-1.07877513499027,
-0.21504466542263));
#10935=CARTESIAN_POINT('Origin',(0.325,-1.03837026326075,-0.27823047348521));
#10936=CARTESIAN_POINT('Origin',(-0.5,-0.893481389317388,-0.239407616719831));
#10937=CARTESIAN_POINT('',(-0.46875,-0.821036952345708,-0.219996188337142));
#10938=CARTESIAN_POINT('',(-0.5,-0.821036952345708,-0.219996188337142));
#10939=CARTESIAN_POINT('Origin',(-0.46875,-0.893481389317388,-0.239407616719831));
#10940=CARTESIAN_POINT('Origin',(-0.5,0.,0.));
#10941=CARTESIAN_POINT('',(-0.46875,-0.821036951796517,0.21999619038675));
#10942=CARTESIAN_POINT('',(-0.5,-0.821036951796517,0.21999619038675));
#10943=CARTESIAN_POINT('Origin',(-0.46875,0.,0.));
#10944=CARTESIAN_POINT('Origin',(-0.5,-0.893481389317388,0.239407616719832));
#10945=CARTESIAN_POINT('',(-0.46875,-0.965925826289068,0.258819045102521));
#10946=CARTESIAN_POINT('',(-0.5,-0.965925826289068,0.258819045102521));
#10947=CARTESIAN_POINT('Origin',(-0.46875,-0.893481389317388,0.239407616719832));
#10948=CARTESIAN_POINT('Origin',(-0.5,-1.03837026326075,0.27823047348521));
#10949=CARTESIAN_POINT('',(0.325,-1.11081470023243,0.297641901867899));
#10950=CARTESIAN_POINT('',(-0.5,-1.11081470023243,0.297641901867899));
#10951=CARTESIAN_POINT('',(0.325,-1.09580731247126,0.230002002868884));
#10952=CARTESIAN_POINT('Origin',(0.325,-1.03837026326075,0.27823047348521));
#10953=CARTESIAN_POINT('',(0.344685039370079,-1.07877513499027,0.215044665422628));
#10954=CARTESIAN_POINT('Ctrl Pts',(0.344685039370079,-1.07877513499027,
0.21504466542263));
#10955=CARTESIAN_POINT('Ctrl Pts',(0.342536852428456,-1.07877513499027,
0.21504466542263));
#10956=CARTESIAN_POINT('Ctrl Pts',(0.34040801741799,-1.07909450736743,0.215245735300603));
#10957=CARTESIAN_POINT('Ctrl Pts',(0.33634388954211,-1.08033040066288,0.216062132805869));
#10958=CARTESIAN_POINT('Ctrl Pts',(0.334452980002324,-1.08124110858035,
0.216675290486831));
#10959=CARTESIAN_POINT('Ctrl Pts',(0.330729314587757,-1.08375868773037,
0.218499213798073));
#10960=CARTESIAN_POINT('Ctrl Pts',(0.329071101336024,-1.08542868524529,
0.219782824395649));
#10961=CARTESIAN_POINT('Ctrl Pts',(0.326426589074034,-1.08924189741961,
0.223056890148056));
#10962=CARTESIAN_POINT('Ctrl Pts',(0.325525148055075,-1.09144351981706,
0.225134676934902));
#10963=CARTESIAN_POINT('Ctrl Pts',(0.32505487544143,-1.09440172185843,0.228364382287369));
#10964=CARTESIAN_POINT('Ctrl Pts',(0.325,-1.09511317856294,0.229175333415316));
#10965=CARTESIAN_POINT('Ctrl Pts',(0.325,-1.09580731247126,0.230002002868884));
#10966=CARTESIAN_POINT('',(0.380314960629921,-1.07877513499027,0.215044665422628));
#10967=CARTESIAN_POINT('',(-0.5,-1.07877513499027,0.21504466542263));
#10968=CARTESIAN_POINT('',(0.4,-1.06038841600479,0.206535278738699));
#10969=CARTESIAN_POINT('Ctrl Pts',(0.4,-1.06038841600479,0.206535278738701));
#10970=CARTESIAN_POINT('Ctrl Pts',(0.4,-1.06066101589052,0.206618996286902));
#10971=CARTESIAN_POINT('Ctrl Pts',(0.399993872534523,-1.06093345863087,
0.206704367607516));
#10972=CARTESIAN_POINT('Ctrl Pts',(0.399868703545651,-1.06370760499612,
0.207591115144174));
#10973=CARTESIAN_POINT('Ctrl Pts',(0.399239683365732,-1.06611623416363,
0.208510467902672));
#10974=CARTESIAN_POINT('Ctrl Pts',(0.397043527039747,-1.07052784168128,
0.210431150884261));
#10975=CARTESIAN_POINT('Ctrl Pts',(0.395481070369713,-1.07249223263892,
0.211416915268703));
#10976=CARTESIAN_POINT('Ctrl Pts',(0.391739857898321,-1.07562315455521,
0.213113594263305));
#10977=CARTESIAN_POINT('Ctrl Pts',(0.389620418420096,-1.07681410954825,
0.213825862569867));
#10978=CARTESIAN_POINT('Ctrl Pts',(0.385074788460223,-1.07838091042193,
0.214787932930892));
#10979=CARTESIAN_POINT('Ctrl Pts',(0.382712656611275,-1.07877513499027,
0.21504466542263));
#10980=CARTESIAN_POINT('Ctrl Pts',(0.380314960629921,-1.07877513499027,
0.21504466542263));
#10981=CARTESIAN_POINT('',(0.4,-1.05002491051778,0.20414154585554));
#10982=CARTESIAN_POINT('Origin',(0.4,-1.03837026326075,0.27823047348521));
#10983=CARTESIAN_POINT('',(0.380314960629921,-1.03005297351204,0.203693082256134));
#10984=CARTESIAN_POINT('Ctrl Pts',(0.380314960629921,-1.03005297351204,
0.203693082256136));
#10985=CARTESIAN_POINT('Ctrl Pts',(0.381782147274202,-1.03005297351204,
0.203693082256136));
#10986=CARTESIAN_POINT('Ctrl Pts',(0.38324191241308,-1.0302239026568,0.203673437412792));
#10987=CARTESIAN_POINT('Ctrl Pts',(0.386100003744195,-1.03089867520282,
0.203602792913618));
#10988=CARTESIAN_POINT('Ctrl Pts',(0.387485508249586,-1.03140030920116,
0.203552176700242));
#10989=CARTESIAN_POINT('Ctrl Pts',(0.391153248801781,-1.03321692678285,
0.203398602455957));
#10990=CARTESIAN_POINT('Ctrl Pts',(0.393251276548719,-1.0348448441466,0.203287325421263));
#10991=CARTESIAN_POINT('Ctrl Pts',(0.396663601831771,-1.03874402427419,
0.203206726123362));
#10992=CARTESIAN_POINT('Ctrl Pts',(0.397975410106125,-1.04097213437911,
0.203236923212627));
#10993=CARTESIAN_POINT('Ctrl Pts',(0.399604597012192,-1.04552252961854,
0.203541283036155));
#10994=CARTESIAN_POINT('Ctrl Pts',(0.4,-1.04777153101317,0.203787075300999));
#10995=CARTESIAN_POINT('Ctrl Pts',(0.4,-1.05002491051778,0.204141545855542));
#10996=CARTESIAN_POINT('',(0.119685039370078,-1.03005297351204,0.203693082256134));
#10997=CARTESIAN_POINT('',(-0.5,-1.03005297351204,0.203693082256136));
#10998=CARTESIAN_POINT('',(0.0999999999999997,-1.05002491051778,0.20414154585554));
#10999=CARTESIAN_POINT('Ctrl Pts',(0.0999999999999997,-1.05002491051778,
0.204141545855542));
#11000=CARTESIAN_POINT('Ctrl Pts',(0.0999999999999997,-1.0497907093444,
0.20410470456022));
#11001=CARTESIAN_POINT('Ctrl Pts',(0.100004277360937,-1.04955610473336,
0.204068938094009));
#11002=CARTESIAN_POINT('Ctrl Pts',(0.100105588205031,-1.04678113357141,
0.20365936807964));
#11003=CARTESIAN_POINT('Ctrl Pts',(0.100697715742379,-1.04427078089172,
0.203426178242534));
#11004=CARTESIAN_POINT('Ctrl Pts',(0.102817293296704,-1.03953494258965,
0.203201242354655));
#11005=CARTESIAN_POINT('Ctrl Pts',(0.104345590512178,-1.03736196206825,
0.203215218313544));
#11006=CARTESIAN_POINT('Ctrl Pts',(0.10806143570268,-1.03379314421939,0.203349740504735));
#11007=CARTESIAN_POINT('Ctrl Pts',(0.110200665675003,-1.0323948316848,0.2034628344106));
#11008=CARTESIAN_POINT('Ctrl Pts',(0.114816057418608,-1.03052989506329,
0.203635719037683));
#11009=CARTESIAN_POINT('Ctrl Pts',(0.117234051124638,-1.03005297351204,
0.203693082256136));
#11010=CARTESIAN_POINT('Ctrl Pts',(0.119685039370078,-1.03005297351204,
0.203693082256136));
#11011=CARTESIAN_POINT('',(0.0999999999999997,-1.06038841600479,0.206535278738699));
#11012=CARTESIAN_POINT('Origin',(0.0999999999999997,-1.03837026326075,0.27823047348521));
#11013=CARTESIAN_POINT('',(0.119685039370078,-1.07877513499027,0.215044665422628));
#11014=CARTESIAN_POINT('Ctrl Pts',(0.119685039370078,-1.07877513499027,
0.21504466542263));
#11015=CARTESIAN_POINT('Ctrl Pts',(0.118255622211959,-1.07877513499027,
0.21504466542263));
#11016=CARTESIAN_POINT('Ctrl Pts',(0.116834140077253,-1.07863460655075,
0.214954169000974));
#11017=CARTESIAN_POINT('Ctrl Pts',(0.114046785677855,-1.0780773661142,0.214603004175087));
#11018=CARTESIAN_POINT('Ctrl Pts',(0.112694549153354,-1.07766220384127,
0.214343498474607));
#11019=CARTESIAN_POINT('Ctrl Pts',(0.109015183036924,-1.07610978142232,
0.213406721671229));
#11020=CARTESIAN_POINT('Ctrl Pts',(0.106884051712274,-1.07467351921936,
0.212571444910088));
#11021=CARTESIAN_POINT('Ctrl Pts',(0.103407026021616,-1.07114173768147,
0.210740400895759));
#11022=CARTESIAN_POINT('Ctrl Pts',(0.102064829887652,-1.06907727678023,
0.209760355016981));
#11023=CARTESIAN_POINT('Ctrl Pts',(0.100404775311653,-1.06477109550667,
0.207996695684522));
#11024=CARTESIAN_POINT('Ctrl Pts',(0.0999999999999997,-1.06260576948196,
0.207216245262615));
#11025=CARTESIAN_POINT('Ctrl Pts',(0.0999999999999997,-1.06038841600479,
0.206535278738701));
#11026=CARTESIAN_POINT('',(0.155314960629921,-1.07877513499027,0.215044665422628));
#11027=CARTESIAN_POINT('',(-0.5,-1.07877513499027,0.21504466542263));
#11028=CARTESIAN_POINT('',(0.175,-1.09580731247126,0.230002002868884));
#11029=CARTESIAN_POINT('Ctrl Pts',(0.175,-1.09580731247126,0.230002002868884));
#11030=CARTESIAN_POINT('Ctrl Pts',(0.175,-1.09528608820272,0.229381257828061));
#11031=CARTESIAN_POINT('Ctrl Pts',(0.174969041218493,-1.0947550286422,0.228769267893763));
#11032=CARTESIAN_POINT('Ctrl Pts',(0.17466816089724,-1.09222853717044,0.225950939566336));
#11033=CARTESIAN_POINT('Ctrl Pts',(0.173984166211616,-1.09014871258915,
0.223904218297785));
#11034=CARTESIAN_POINT('Ctrl Pts',(0.171679562765013,-1.08634330963159,
0.220531050332829));
#11035=CARTESIAN_POINT('Ctrl Pts',(0.170212948728494,-1.08465631201373,
0.219188908899746));
#11036=CARTESIAN_POINT('Ctrl Pts',(0.166604339464354,-1.08182625095149,
0.217078951460859));
#11037=CARTESIAN_POINT('Ctrl Pts',(0.16455855709978,-1.08070191504139,0.216312042894003));
#11038=CARTESIAN_POINT('Ctrl Pts',(0.16007914137821,-1.07917266349832,0.215294069420668));
#11039=CARTESIAN_POINT('Ctrl Pts',(0.157710601902005,-1.07877513499027,
0.21504466542263));
#11040=CARTESIAN_POINT('Ctrl Pts',(0.155314960629921,-1.07877513499027,
0.21504466542263));
#11041=CARTESIAN_POINT('',(0.175,-1.11081470023243,0.297641901867899));
#11042=CARTESIAN_POINT('Origin',(0.175,-1.03837026326075,0.27823047348521));
#11043=CARTESIAN_POINT('',(-0.175,-1.11081470023243,0.297641901867899));
#11044=CARTESIAN_POINT('',(-0.5,-1.11081470023243,0.297641901867899));
#11045=CARTESIAN_POINT('',(-0.175,-1.09580731247126,0.230002002868884));
#11046=CARTESIAN_POINT('Origin',(-0.175,-1.03837026326075,0.27823047348521));
#11047=CARTESIAN_POINT('',(-0.155314960629921,-1.07877513499027,0.215044665422628));
#11048=CARTESIAN_POINT('Ctrl Pts',(-0.155314960629921,-1.07877513499027,
0.21504466542263));
#11049=CARTESIAN_POINT('Ctrl Pts',(-0.157463147571544,-1.07877513499027,
0.21504466542263));
#11050=CARTESIAN_POINT('Ctrl Pts',(-0.15959198258201,-1.07909450736743,
0.215245735300603));
#11051=CARTESIAN_POINT('Ctrl Pts',(-0.16365611045789,-1.08033040066288,
0.216062132805869));
#11052=CARTESIAN_POINT('Ctrl Pts',(-0.165547019997675,-1.08124110858035,
0.216675290486831));
#11053=CARTESIAN_POINT('Ctrl Pts',(-0.169270685412243,-1.08375868773037,
0.218499213798073));
#11054=CARTESIAN_POINT('Ctrl Pts',(-0.170928898663975,-1.08542868524529,
0.219782824395648));
#11055=CARTESIAN_POINT('Ctrl Pts',(-0.173573410925969,-1.08924189741961,
0.223056890148059));
#11056=CARTESIAN_POINT('Ctrl Pts',(-0.174474851944926,-1.09144351981706,
0.225134676934906));
#11057=CARTESIAN_POINT('Ctrl Pts',(-0.17494512455857,-1.09440172185843,
0.228364382287369));
#11058=CARTESIAN_POINT('Ctrl Pts',(-0.175,-1.09511317856294,0.229175333415316));
#11059=CARTESIAN_POINT('Ctrl Pts',(-0.175,-1.09580731247126,0.230002002868884));
#11060=CARTESIAN_POINT('',(-0.119685039370079,-1.07877513499027,0.215044665422628));
#11061=CARTESIAN_POINT('',(-0.5,-1.07877513499027,0.21504466542263));
#11062=CARTESIAN_POINT('',(-0.1,-1.06038841600479,0.206535278738699));
#11063=CARTESIAN_POINT('Ctrl Pts',(-0.1,-1.06038841600479,0.206535278738701));
#11064=CARTESIAN_POINT('Ctrl Pts',(-0.1,-1.06066101589052,0.206618996286902));
#11065=CARTESIAN_POINT('Ctrl Pts',(-0.100006127465477,-1.06093345863087,
0.206704367607516));
#11066=CARTESIAN_POINT('Ctrl Pts',(-0.100131296454348,-1.06370760499612,
0.207591115144174));
#11067=CARTESIAN_POINT('Ctrl Pts',(-0.100760316634268,-1.06611623416363,
0.208510467902672));
#11068=CARTESIAN_POINT('Ctrl Pts',(-0.102956472960252,-1.07052784168128,
0.210431150884261));
#11069=CARTESIAN_POINT('Ctrl Pts',(-0.104518929630287,-1.07249223263892,
0.211416915268703));
#11070=CARTESIAN_POINT('Ctrl Pts',(-0.108260142101678,-1.07562315455521,
0.213113594263305));
#11071=CARTESIAN_POINT('Ctrl Pts',(-0.110379581579904,-1.07681410954825,
0.213825862569867));
#11072=CARTESIAN_POINT('Ctrl Pts',(-0.114925211539777,-1.07838091042193,
0.214787932930892));
#11073=CARTESIAN_POINT('Ctrl Pts',(-0.117287343388725,-1.07877513499027,
0.21504466542263));
#11074=CARTESIAN_POINT('Ctrl Pts',(-0.119685039370079,-1.07877513499027,
0.21504466542263));
#11075=CARTESIAN_POINT('',(-0.1,-1.05002491051778,0.20414154585554));
#11076=CARTESIAN_POINT('Origin',(-0.1,-1.03837026326075,0.27823047348521));
#11077=CARTESIAN_POINT('',(-0.119685039370079,-1.03005297351204,0.203693082256134));
#11078=CARTESIAN_POINT('Ctrl Pts',(-0.119685039370079,-1.03005297351204,
0.203693082256136));
#11079=CARTESIAN_POINT('Ctrl Pts',(-0.118217852725798,-1.03005297351204,
0.203693082256136));
#11080=CARTESIAN_POINT('Ctrl Pts',(-0.11675808758692,-1.0302239026568,0.203673437412792));
#11081=CARTESIAN_POINT('Ctrl Pts',(-0.113899996255805,-1.03089867520282,
0.203602792913618));
#11082=CARTESIAN_POINT('Ctrl Pts',(-0.112514491750413,-1.03140030920116,
0.203552176700242));
#11083=CARTESIAN_POINT('Ctrl Pts',(-0.108846751198219,-1.03321692678285,
0.203398602455957));
#11084=CARTESIAN_POINT('Ctrl Pts',(-0.106748723451281,-1.0348448441466,
0.203287325421263));
#11085=CARTESIAN_POINT('Ctrl Pts',(-0.103336398168229,-1.03874402427419,
0.203206726123362));
#11086=CARTESIAN_POINT('Ctrl Pts',(-0.102024589893875,-1.04097213437911,
0.203236923212627));
#11087=CARTESIAN_POINT('Ctrl Pts',(-0.100395402987807,-1.04552252961854,
0.203541283036155));
#11088=CARTESIAN_POINT('Ctrl Pts',(-0.1,-1.04777153101317,0.203787075300999));
#11089=CARTESIAN_POINT('Ctrl Pts',(-0.1,-1.05002491051778,0.204141545855542));
#11090=CARTESIAN_POINT('',(-0.380314960629921,-1.03005297351204,0.203693082256134));
#11091=CARTESIAN_POINT('',(-0.5,-1.03005297351204,0.203693082256136));
#11092=CARTESIAN_POINT('',(-0.4,-1.05002491051778,0.20414154585554));
#11093=CARTESIAN_POINT('Ctrl Pts',(-0.4,-1.05002491051778,0.204141545855542));
#11094=CARTESIAN_POINT('Ctrl Pts',(-0.4,-1.0497907093444,0.20410470456022));
#11095=CARTESIAN_POINT('Ctrl Pts',(-0.399995722639063,-1.04955610473336,
0.204068938094009));
#11096=CARTESIAN_POINT('Ctrl Pts',(-0.399894411794969,-1.04678113357141,
0.20365936807964));
#11097=CARTESIAN_POINT('Ctrl Pts',(-0.399302284257621,-1.04427078089172,
0.203426178242534));
#11098=CARTESIAN_POINT('Ctrl Pts',(-0.397182706703296,-1.03953494258965,
0.203201242354655));
#11099=CARTESIAN_POINT('Ctrl Pts',(-0.395654409487822,-1.03736196206825,
0.203215218313544));
#11100=CARTESIAN_POINT('Ctrl Pts',(-0.391938564297319,-1.03379314421939,
0.203349740504735));
#11101=CARTESIAN_POINT('Ctrl Pts',(-0.389799334324996,-1.0323948316848,
0.2034628344106));
#11102=CARTESIAN_POINT('Ctrl Pts',(-0.385183942581393,-1.03052989506329,
0.203635719037683));
#11103=CARTESIAN_POINT('Ctrl Pts',(-0.382765948875363,-1.03005297351204,
0.203693082256136));
#11104=CARTESIAN_POINT('Ctrl Pts',(-0.380314960629921,-1.03005297351204,
0.203693082256136));
#11105=CARTESIAN_POINT('',(-0.4,-1.06038841600479,0.206535278738699));
#11106=CARTESIAN_POINT('Origin',(-0.4,-1.03837026326075,0.27823047348521));
#11107=CARTESIAN_POINT('',(-0.380314960629921,-1.07877513499027,0.215044665422628));
#11108=CARTESIAN_POINT('Ctrl Pts',(-0.380314960629921,-1.07877513499027,
0.21504466542263));
#11109=CARTESIAN_POINT('Ctrl Pts',(-0.38174437778804,-1.07877513499027,
0.21504466542263));
#11110=CARTESIAN_POINT('Ctrl Pts',(-0.383165859922746,-1.07863460655075,
0.214954169000974));
#11111=CARTESIAN_POINT('Ctrl Pts',(-0.385953214322145,-1.0780773661142,
0.214603004175087));
#11112=CARTESIAN_POINT('Ctrl Pts',(-0.387305450846646,-1.07766220384127,
0.214343498474607));
#11113=CARTESIAN_POINT('Ctrl Pts',(-0.390984816963075,-1.07610978142232,
0.213406721671229));
#11114=CARTESIAN_POINT('Ctrl Pts',(-0.393115948287726,-1.07467351921936,
0.212571444910088));
#11115=CARTESIAN_POINT('Ctrl Pts',(-0.396592973978383,-1.07114173768147,
0.210740400895759));
#11116=CARTESIAN_POINT('Ctrl Pts',(-0.397935170112347,-1.06907727678023,
0.209760355016981));
#11117=CARTESIAN_POINT('Ctrl Pts',(-0.399595224688347,-1.06477109550667,
0.207996695684522));
#11118=CARTESIAN_POINT('Ctrl Pts',(-0.4,-1.06260576948196,0.207216245262615));
#11119=CARTESIAN_POINT('Ctrl Pts',(-0.4,-1.06038841600479,0.206535278738701));
#11120=CARTESIAN_POINT('',(-0.344685039370079,-1.07877513499027,0.215044665422628));
#11121=CARTESIAN_POINT('',(-0.5,-1.07877513499027,0.21504466542263));
#11122=CARTESIAN_POINT('',(-0.325,-1.09580731247126,0.230002002868884));
#11123=CARTESIAN_POINT('Ctrl Pts',(-0.325,-1.09580731247126,0.230002002868884));
#11124=CARTESIAN_POINT('Ctrl Pts',(-0.325,-1.09528608820272,0.229381257828061));
#11125=CARTESIAN_POINT('Ctrl Pts',(-0.325030958781506,-1.0947550286422,
0.228769267893763));
#11126=CARTESIAN_POINT('Ctrl Pts',(-0.32533183910276,-1.09222853717044,
0.225950939566336));
#11127=CARTESIAN_POINT('Ctrl Pts',(-0.326015833788384,-1.09014871258915,
0.223904218297785));
#11128=CARTESIAN_POINT('Ctrl Pts',(-0.328320437234987,-1.08634330963159,
0.220531050332829));
#11129=CARTESIAN_POINT('Ctrl Pts',(-0.329787051271506,-1.08465631201373,
0.219188908899746));
#11130=CARTESIAN_POINT('Ctrl Pts',(-0.333395660535646,-1.08182625095148,
0.217078951460858));
#11131=CARTESIAN_POINT('Ctrl Pts',(-0.33544144290022,-1.08070191504139,
0.216312042894003));
#11132=CARTESIAN_POINT('Ctrl Pts',(-0.33992085862179,-1.07917266349832,
0.215294069420668));
#11133=CARTESIAN_POINT('Ctrl Pts',(-0.342289398097995,-1.07877513499027,
0.21504466542263));
#11134=CARTESIAN_POINT('Ctrl Pts',(-0.344685039370079,-1.07877513499027,
0.21504466542263));
#11135=CARTESIAN_POINT('',(-0.325,-1.11081470023243,0.297641901867899));
#11136=CARTESIAN_POINT('Origin',(-0.325,-1.03837026326075,0.27823047348521));
#11137=CARTESIAN_POINT('',(-0.46875,-1.11081470023243,0.297641901867899));
#11138=CARTESIAN_POINT('',(-0.5,-1.11081470023243,0.297641901867899));
#11139=CARTESIAN_POINT('Origin',(-0.46875,-1.03837026326075,0.27823047348521));
#11140=CARTESIAN_POINT('Origin',(0.4125,0.,0.));
#11141=CARTESIAN_POINT('',(0.325,-0.81317279836453,0.813172798364529));
#11142=CARTESIAN_POINT('',(-0.5,-0.81317279836453,0.813172798364529));
#11143=CARTESIAN_POINT('Origin',(0.325,0.,0.));
#11144=CARTESIAN_POINT('Origin',(-0.5,-0.760139789775539,0.760139789775538));
#11145=CARTESIAN_POINT('',(-0.46875,-0.707106781186548,0.707106781186547));
#11146=CARTESIAN_POINT('',(-0.5,-0.707106781186548,0.707106781186547));
#11147=CARTESIAN_POINT('',(-0.46875,-0.81317279836453,0.813172798364529));
#11148=CARTESIAN_POINT('Origin',(-0.46875,-0.760139789775539,0.760139789775538));
#11149=CARTESIAN_POINT('',(-0.325,-0.81317279836453,0.813172798364529));
#11150=CARTESIAN_POINT('',(-0.5,-0.81317279836453,0.813172798364529));
#11151=CARTESIAN_POINT('',(-0.325,-0.747091233641383,0.833995968818417));
#11152=CARTESIAN_POINT('Origin',(-0.325,-0.760139789775539,0.760139789775538));
#11153=CARTESIAN_POINT('',(-0.344685039370079,-0.725621710699455,0.826724339161244));
#11154=CARTESIAN_POINT('Ctrl Pts',(-0.344685039370079,-0.725621710699456,
0.826724339161243));
#11155=CARTESIAN_POINT('Ctrl Pts',(-0.342566750173718,-0.725621710699456,
0.826724339161243));
#11156=CARTESIAN_POINT('Ctrl Pts',(-0.340466995249131,-0.725946336561947,
0.826895465755634));
#11157=CARTESIAN_POINT('Ctrl Pts',(-0.33644822790407,-0.727236706098907,
0.827540943134429));
#11158=CARTESIAN_POINT('Ctrl Pts',(-0.334572415844931,-0.728199491146973,
0.828012332329552));
#11159=CARTESIAN_POINT('Ctrl Pts',(-0.330846911870538,-0.73098822668168,
0.829263197064261));
#11160=CARTESIAN_POINT('Ctrl Pts',(-0.329174209771293,-0.732915530368829,
0.830063940895303));
#11161=CARTESIAN_POINT('Ctrl Pts',(-0.326495643463408,-0.737619162066558,
0.831727206351314));
#11162=CARTESIAN_POINT('Ctrl Pts',(-0.325573048926296,-0.740499193007127,
0.832597215485704));
#11163=CARTESIAN_POINT('Ctrl Pts',(-0.325062533651275,-0.744827242373821,
0.833568912854671));
#11164=CARTESIAN_POINT('Ctrl Pts',(-0.325,-0.745956398743579,0.833795471621583));
#11165=CARTESIAN_POINT('Ctrl Pts',(-0.325,-0.747091233641383,0.833995968818417));
#11166=CARTESIAN_POINT('',(-0.380314960629921,-0.725621710699455,0.826724339161244));
#11167=CARTESIAN_POINT('',(-0.5,-0.725621710699456,0.826724339161243));
#11168=CARTESIAN_POINT('',(-0.4,-0.70905900616781,0.815055666769543));
#11169=CARTESIAN_POINT('Ctrl Pts',(-0.4,-0.709059006167811,0.815055666769542));
#11170=CARTESIAN_POINT('Ctrl Pts',(-0.4,-0.709267029401999,0.815249162537844));
#11171=CARTESIAN_POINT('Ctrl Pts',(-0.399993918123589,-0.709476396278998,
0.815441702572363));
#11172=CARTESIAN_POINT('Ctrl Pts',(-0.399869351419749,-0.711628990475188,
0.817398773026902));
#11173=CARTESIAN_POINT('Ctrl Pts',(-0.399241656095349,-0.713627841656774,
0.819023997686517));
#11174=CARTESIAN_POINT('Ctrl Pts',(-0.397048396340451,-0.717496247174466,
0.821884348999011));
#11175=CARTESIAN_POINT('Ctrl Pts',(-0.395486607499283,-0.719332866236771,
0.823093417497313));
#11176=CARTESIAN_POINT('Ctrl Pts',(-0.391744971293495,-0.722370323371315,
0.82495846643448));
#11177=CARTESIAN_POINT('Ctrl Pts',(-0.389624052559398,-0.723584159744939,
0.825634606874463));
#11178=CARTESIAN_POINT('Ctrl Pts',(-0.385076044416794,-0.725202036071868,
0.826511184460007));
#11179=CARTESIAN_POINT('Ctrl Pts',(-0.382713298149178,-0.725621710699456,
0.826724339161243));
#11180=CARTESIAN_POINT('Ctrl Pts',(-0.380314960629921,-0.725621710699456,
0.826724339161243));
#11181=CARTESIAN_POINT('',(-0.4,-0.701804219937615,0.807277474187111));
#11182=CARTESIAN_POINT('Origin',(-0.4,-0.760139789775539,0.760139789775538));
#11183=CARTESIAN_POINT('',(-0.380314960629921,-0.691429870564985,0.790205501177059));
#11184=CARTESIAN_POINT('Ctrl Pts',(-0.380314960629921,-0.691429870564987,
0.790205501177058));
#11185=CARTESIAN_POINT('Ctrl Pts',(-0.38178065543647,-0.691429870564987,
0.790205501177058));
#11186=CARTESIAN_POINT('Ctrl Pts',(-0.383238950927283,-0.691498184065485,
0.790363031250405));
#11187=CARTESIAN_POINT('Ctrl Pts',(-0.386095496759083,-0.691773944922985,
0.790981746993589));
#11188=CARTESIAN_POINT('Ctrl Pts',(-0.387480880030353,-0.691980737223094,
0.791441087106855));
#11189=CARTESIAN_POINT('Ctrl Pts',(-0.391148384485906,-0.69275542699558,
0.793089925102243));
#11190=CARTESIAN_POINT('Ctrl Pts',(-0.393246449267388,-0.69347251669705,
0.794554536578329));
#11191=CARTESIAN_POINT('Ctrl Pts',(-0.396660680620404,-0.695351845569818,
0.797971346449347));
#11192=CARTESIAN_POINT('Ctrl Pts',(-0.397973765577666,-0.696492439191697,
0.799886779123553));
#11193=CARTESIAN_POINT('Ctrl Pts',(-0.399604302623432,-0.699032195968261,
0.803677073874056));
#11194=CARTESIAN_POINT('Ctrl Pts',(-0.4,-0.700370015485496,0.805502564472665));
#11195=CARTESIAN_POINT('Ctrl Pts',(-0.4,-0.701804219937617,0.80727747418711));
#11196=CARTESIAN_POINT('',(-0.119685039370079,-0.691429870564985,0.790205501177059));
#11197=CARTESIAN_POINT('',(-0.5,-0.691429870564987,0.790205501177058));
#11198=CARTESIAN_POINT('',(-0.1,-0.701804219937615,0.807277474187111));
#11199=CARTESIAN_POINT('Ctrl Pts',(-0.1,-0.701804219937617,0.80727747418711));
#11200=CARTESIAN_POINT('Ctrl Pts',(-0.1,-0.701655288129872,0.807093162590556));
#11201=CARTESIAN_POINT('Ctrl Pts',(-0.100004273097746,-0.701507084716576,
0.806907965089814));
#11202=CARTESIAN_POINT('Ctrl Pts',(-0.100105466237238,-0.699766045604813,
0.804711020166327));
#11203=CARTESIAN_POINT('Ctrl Pts',(-0.100696809687653,-0.698309785252004,
0.802655000246362));
#11204=CARTESIAN_POINT('Ctrl Pts',(-0.102814262538974,-0.695747490959064,
0.798667363751173));
#11205=CARTESIAN_POINT('Ctrl Pts',(-0.104341749745823,-0.694672878546745,
0.796778432414934));
#11206=CARTESIAN_POINT('Ctrl Pts',(-0.10805740261604,-0.693003815062516,
0.793618753043324));
#11207=CARTESIAN_POINT('Ctrl Pts',(-0.110197724201032,-0.692402003597133,
0.79235002858689));
#11208=CARTESIAN_POINT('Ctrl Pts',(-0.114814952298847,-0.691618738665531,
0.790647412909124));
#11209=CARTESIAN_POINT('Ctrl Pts',(-0.1172334877104,-0.691429870564987,
0.790205501177058));
#11210=CARTESIAN_POINT('Ctrl Pts',(-0.119685039370079,-0.691429870564987,
0.790205501177058));
#11211=CARTESIAN_POINT('',(-0.1,-0.70905900616781,0.815055666769543));
#11212=CARTESIAN_POINT('Origin',(-0.1,-0.760139789775539,0.760139789775538));
#11213=CARTESIAN_POINT('',(-0.119685039370079,-0.725621710699455,0.826724339161244));
#11214=CARTESIAN_POINT('Ctrl Pts',(-0.119685039370079,-0.725621710699456,
0.826724339161243));
#11215=CARTESIAN_POINT('Ctrl Pts',(-0.118257448057143,-0.725621710699456,
0.826724339161243));
#11216=CARTESIAN_POINT('Ctrl Pts',(-0.116837762010853,-0.725473454391231,
0.826648080226996));
#11217=CARTESIAN_POINT('Ctrl Pts',(-0.114052429640393,-0.724891893813097,
0.826341710904044));
#11218=CARTESIAN_POINT('Ctrl Pts',(-0.11270046321909,-0.724460090804205,
0.826112211518445));
#11219=CARTESIAN_POINT('Ctrl Pts',(-0.109022141627523,-0.722874419814262,
0.825237245834327));
#11220=CARTESIAN_POINT('Ctrl Pts',(-0.106891452538424,-0.721434470667153,
0.824412059506919));
#11221=CARTESIAN_POINT('Ctrl Pts',(-0.103412312328679,-0.718084161517524,
0.822270331461676));
#11222=CARTESIAN_POINT('Ctrl Pts',(-0.102068392444966,-0.716202440048022,
0.820972283933071));
#11223=CARTESIAN_POINT('Ctrl Pts',(-0.100405568332906,-0.712519404457916,
0.818123361822917));
#11224=CARTESIAN_POINT('Ctrl Pts',(-0.1,-0.710759082447012,0.816637016886995));
#11225=CARTESIAN_POINT('Ctrl Pts',(-0.1,-0.709059006167811,0.815055666769542));
#11226=CARTESIAN_POINT('',(-0.155314960629921,-0.725621710699455,0.826724339161244));
#11227=CARTESIAN_POINT('',(-0.5,-0.725621710699456,0.826724339161243));
#11228=CARTESIAN_POINT('',(-0.175,-0.747091233641383,0.833995968818417));
#11229=CARTESIAN_POINT('Ctrl Pts',(-0.175,-0.747091233641383,0.833995968818417));
#11230=CARTESIAN_POINT('Ctrl Pts',(-0.175,-0.746330417303639,0.833861551430198));
#11231=CARTESIAN_POINT('Ctrl Pts',(-0.174971870976694,-0.745572021906963,
0.833715420223355));
#11232=CARTESIAN_POINT('Ctrl Pts',(-0.174686718633089,-0.741880758026036,
0.8329450856069));
#11233=CARTESIAN_POINT('Ctrl Pts',(-0.174007075782169,-0.739043847840966,
0.832163644839533));
#11234=CARTESIAN_POINT('Ctrl Pts',(-0.171699319053507,-0.73418580049927,
0.830546355891479));
#11235=CARTESIAN_POINT('Ctrl Pts',(-0.170229979198357,-0.732169309114712,
0.829752930693556));
#11236=CARTESIAN_POINT('Ctrl Pts',(-0.166613303907147,-0.728914555718187,
0.828352188966847));
#11237=CARTESIAN_POINT('Ctrl Pts',(-0.164564486948101,-0.727685143275291,
0.827760498686425));
#11238=CARTESIAN_POINT('Ctrl Pts',(-0.160080577499353,-0.726036717011967,
0.826944042837007));
#11239=CARTESIAN_POINT('Ctrl Pts',(-0.157711332772816,-0.725621710699456,
0.826724339161243));
#11240=CARTESIAN_POINT('Ctrl Pts',(-0.155314960629921,-0.725621710699456,
0.826724339161243));
#11241=CARTESIAN_POINT('',(-0.175,-0.81317279836453,0.813172798364529));
#11242=CARTESIAN_POINT('Origin',(-0.175,-0.760139789775539,0.760139789775538));
#11243=CARTESIAN_POINT('',(0.175,-0.81317279836453,0.813172798364529));
#11244=CARTESIAN_POINT('',(-0.5,-0.81317279836453,0.813172798364529));
#11245=CARTESIAN_POINT('',(0.175,-0.747091233641383,0.833995968818417));
#11246=CARTESIAN_POINT('Origin',(0.175,-0.760139789775539,0.760139789775538));
#11247=CARTESIAN_POINT('',(0.155314960629921,-0.725621710699455,0.826724339161244));
#11248=CARTESIAN_POINT('Ctrl Pts',(0.155314960629921,-0.725621710699456,
0.826724339161243));
#11249=CARTESIAN_POINT('Ctrl Pts',(0.157433249826282,-0.725621710699456,
0.826724339161243));
#11250=CARTESIAN_POINT('Ctrl Pts',(0.159533004750869,-0.725946336561947,
0.826895465755634));
#11251=CARTESIAN_POINT('Ctrl Pts',(0.163551772095929,-0.727236706098907,
0.827540943134429));
#11252=CARTESIAN_POINT('Ctrl Pts',(0.165427584155069,-0.728199491146973,
0.828012332329552));
#11253=CARTESIAN_POINT('Ctrl Pts',(0.169153088129462,-0.730988226681679,
0.82926319706426));
#11254=CARTESIAN_POINT('Ctrl Pts',(0.170825790228706,-0.732915530368827,
0.830063940895303));
#11255=CARTESIAN_POINT('Ctrl Pts',(0.173504356536601,-0.737619162066573,
0.83172720635132));
#11256=CARTESIAN_POINT('Ctrl Pts',(0.174426951073706,-0.740499193007147,
0.832597215485709));
#11257=CARTESIAN_POINT('Ctrl Pts',(0.174937466348725,-0.744827242373821,
0.833568912854671));
#11258=CARTESIAN_POINT('Ctrl Pts',(0.175,-0.745956398743579,0.833795471621583));
#11259=CARTESIAN_POINT('Ctrl Pts',(0.175,-0.747091233641383,0.833995968818417));
#11260=CARTESIAN_POINT('',(0.119685039370078,-0.725621710699455,0.826724339161244));
#11261=CARTESIAN_POINT('',(-0.5,-0.725621710699456,0.826724339161243));
#11262=CARTESIAN_POINT('',(0.0999999999999997,-0.70905900616781,0.815055666769543));
#11263=CARTESIAN_POINT('Ctrl Pts',(0.0999999999999997,-0.709059006167811,
0.815055666769542));
#11264=CARTESIAN_POINT('Ctrl Pts',(0.0999999999999997,-0.709267029401999,
0.815249162537844));
#11265=CARTESIAN_POINT('Ctrl Pts',(0.100006081876411,-0.709476396278999,
0.815441702572363));
#11266=CARTESIAN_POINT('Ctrl Pts',(0.100130648580251,-0.711628990475188,
0.817398773026902));
#11267=CARTESIAN_POINT('Ctrl Pts',(0.100758343904651,-0.713627841656773,
0.819023997686517));
#11268=CARTESIAN_POINT('Ctrl Pts',(0.102951603659549,-0.717496247174466,
0.821884348999011));
#11269=CARTESIAN_POINT('Ctrl Pts',(0.104513392500716,-0.719332866236771,
0.823093417497313));
#11270=CARTESIAN_POINT('Ctrl Pts',(0.108255028706505,-0.722370323371315,
0.82495846643448));
#11271=CARTESIAN_POINT('Ctrl Pts',(0.110375947440602,-0.723584159744939,
0.825634606874463));
#11272=CARTESIAN_POINT('Ctrl Pts',(0.114923955583206,-0.725202036071868,
0.826511184460007));
#11273=CARTESIAN_POINT('Ctrl Pts',(0.117286701850821,-0.725621710699456,
0.826724339161243));
#11274=CARTESIAN_POINT('Ctrl Pts',(0.119685039370078,-0.725621710699456,
0.826724339161243));
#11275=CARTESIAN_POINT('',(0.0999999999999997,-0.701804219937615,0.807277474187111));
#11276=CARTESIAN_POINT('Origin',(0.0999999999999997,-0.760139789775539,
0.760139789775538));
#11277=CARTESIAN_POINT('',(0.119685039370078,-0.691429870564985,0.790205501177059));
#11278=CARTESIAN_POINT('Ctrl Pts',(0.119685039370078,-0.691429870564987,
0.790205501177058));
#11279=CARTESIAN_POINT('Ctrl Pts',(0.11821934456353,-0.691429870564987,
0.790205501177058));
#11280=CARTESIAN_POINT('Ctrl Pts',(0.116761049072716,-0.691498184065485,
0.790363031250405));
#11281=CARTESIAN_POINT('Ctrl Pts',(0.113904503240917,-0.691773944922985,
0.790981746993589));
#11282=CARTESIAN_POINT('Ctrl Pts',(0.112519119969647,-0.691980737223094,
0.791441087106855));
#11283=CARTESIAN_POINT('Ctrl Pts',(0.108851615514094,-0.69275542699558,
0.793089925102243));
#11284=CARTESIAN_POINT('Ctrl Pts',(0.106753550732611,-0.693472516697049,
0.794554536578328));
#11285=CARTESIAN_POINT('Ctrl Pts',(0.103339319379596,-0.695351845569819,
0.797971346449347));
#11286=CARTESIAN_POINT('Ctrl Pts',(0.102026234422334,-0.696492439191697,
0.799886779123553));
#11287=CARTESIAN_POINT('Ctrl Pts',(0.100395697376568,-0.69903219596826,
0.803677073874056));
#11288=CARTESIAN_POINT('Ctrl Pts',(0.0999999999999997,-0.700370015485496,
0.805502564472665));
#11289=CARTESIAN_POINT('Ctrl Pts',(0.0999999999999997,-0.701804219937617,
0.80727747418711));
#11290=CARTESIAN_POINT('',(0.380314960629921,-0.691429870564985,0.790205501177059));
#11291=CARTESIAN_POINT('',(-0.5,-0.691429870564987,0.790205501177058));
#11292=CARTESIAN_POINT('',(0.4,-0.701804219937615,0.807277474187111));
#11293=CARTESIAN_POINT('Ctrl Pts',(0.4,-0.701804219937617,0.80727747418711));
#11294=CARTESIAN_POINT('Ctrl Pts',(0.4,-0.701655288129872,0.807093162590556));
#11295=CARTESIAN_POINT('Ctrl Pts',(0.399995726902254,-0.701507084716576,
0.806907965089814));
#11296=CARTESIAN_POINT('Ctrl Pts',(0.399894533762761,-0.699766045604813,
0.804711020166327));
#11297=CARTESIAN_POINT('Ctrl Pts',(0.399303190312347,-0.698309785252004,
0.802655000246362));
#11298=CARTESIAN_POINT('Ctrl Pts',(0.397185737461026,-0.695747490959064,
0.798667363751173));
#11299=CARTESIAN_POINT('Ctrl Pts',(0.395658250254176,-0.694672878546745,
0.796778432414934));
#11300=CARTESIAN_POINT('Ctrl Pts',(0.391942597383959,-0.693003815062516,
0.793618753043324));
#11301=CARTESIAN_POINT('Ctrl Pts',(0.389802275798967,-0.692402003597133,
0.79235002858689));
#11302=CARTESIAN_POINT('Ctrl Pts',(0.385185047701153,-0.691618738665531,
0.790647412909124));
#11303=CARTESIAN_POINT('Ctrl Pts',(0.3827665122896,-0.691429870564987,0.790205501177058));
#11304=CARTESIAN_POINT('Ctrl Pts',(0.380314960629921,-0.691429870564987,
0.790205501177058));
#11305=CARTESIAN_POINT('',(0.4,-0.70905900616781,0.815055666769543));
#11306=CARTESIAN_POINT('Origin',(0.4,-0.760139789775539,0.760139789775538));
#11307=CARTESIAN_POINT('',(0.380314960629921,-0.725621710699455,0.826724339161244));
#11308=CARTESIAN_POINT('Ctrl Pts',(0.380314960629921,-0.725621710699456,
0.826724339161243));
#11309=CARTESIAN_POINT('Ctrl Pts',(0.381742551942857,-0.725621710699456,
0.826724339161243));
#11310=CARTESIAN_POINT('Ctrl Pts',(0.383162237989148,-0.725473454391231,
0.826648080226996));
#11311=CARTESIAN_POINT('Ctrl Pts',(0.385947570359607,-0.724891893813097,
0.826341710904045));
#11312=CARTESIAN_POINT('Ctrl Pts',(0.387299536780908,-0.724460090804205,
0.826112211518446));
#11313=CARTESIAN_POINT('Ctrl Pts',(0.390977858372477,-0.722874419814262,
0.825237245834327));
#11314=CARTESIAN_POINT('Ctrl Pts',(0.393108547461576,-0.721434470667153,
0.824412059506919));
#11315=CARTESIAN_POINT('Ctrl Pts',(0.396587687671321,-0.718084161517524,
0.822270331461676));
#11316=CARTESIAN_POINT('Ctrl Pts',(0.397931607555034,-0.716202440048022,
0.820972283933071));
#11317=CARTESIAN_POINT('Ctrl Pts',(0.399594431667094,-0.712519404457916,
0.818123361822917));
#11318=CARTESIAN_POINT('Ctrl Pts',(0.4,-0.710759082447012,0.816637016886995));
#11319=CARTESIAN_POINT('Ctrl Pts',(0.4,-0.709059006167811,0.815055666769542));
#11320=CARTESIAN_POINT('',(0.344685039370079,-0.725621710699455,0.826724339161244));
#11321=CARTESIAN_POINT('',(-0.5,-0.725621710699456,0.826724339161243));
#11322=CARTESIAN_POINT('',(0.325,-0.747091233641383,0.833995968818417));
#11323=CARTESIAN_POINT('Ctrl Pts',(0.325,-0.747091233641383,0.833995968818417));
#11324=CARTESIAN_POINT('Ctrl Pts',(0.325,-0.746330417303639,0.833861551430198));
#11325=CARTESIAN_POINT('Ctrl Pts',(0.325028129023306,-0.745572021906963,
0.833715420223355));
#11326=CARTESIAN_POINT('Ctrl Pts',(0.325313281366911,-0.741880758026036,
0.8329450856069));
#11327=CARTESIAN_POINT('Ctrl Pts',(0.32599292421783,-0.739043847840966,
0.832163644839533));
#11328=CARTESIAN_POINT('Ctrl Pts',(0.328300680946493,-0.73418580049927,
0.830546355891479));
#11329=CARTESIAN_POINT('Ctrl Pts',(0.329770020801643,-0.732169309114712,
0.829752930693556));
#11330=CARTESIAN_POINT('Ctrl Pts',(0.333386696092853,-0.728914555718187,
0.828352188966847));
#11331=CARTESIAN_POINT('Ctrl Pts',(0.335435513051899,-0.727685143275291,
0.827760498686425));
#11332=CARTESIAN_POINT('Ctrl Pts',(0.339919422500647,-0.726036717011966,
0.826944042837007));
#11333=CARTESIAN_POINT('Ctrl Pts',(0.342288667227184,-0.725621710699456,
0.826724339161243));
#11334=CARTESIAN_POINT('Ctrl Pts',(0.344685039370079,-0.725621710699456,
0.826724339161243));
#11335=CARTESIAN_POINT('Origin',(0.325,-0.760139789775539,0.760139789775538));
#11336=CARTESIAN_POINT('Origin',(-0.5,-0.654073772597556,0.654073772597556));
#11337=CARTESIAN_POINT('',(-0.46875,-0.601040764008565,0.601040764008565));
#11338=CARTESIAN_POINT('',(-0.5,-0.601040764008565,0.601040764008565));
#11339=CARTESIAN_POINT('Origin',(-0.46875,-0.654073772597556,0.654073772597556));
#11340=CARTESIAN_POINT('Origin',(-0.5,0.,0.));
#11341=CARTESIAN_POINT('',(-0.46875,-0.219996186287535,0.821036952894898));
#11342=CARTESIAN_POINT('',(-0.5,-0.219996186287535,0.821036952894898));
#11343=CARTESIAN_POINT('Origin',(-0.46875,0.,0.));
#11344=CARTESIAN_POINT('Origin',(-0.5,-0.239407616719832,0.893481389317388));
#11345=CARTESIAN_POINT('',(-0.46875,-0.258819045102521,0.965925826289068));
#11346=CARTESIAN_POINT('',(-0.5,-0.258819045102521,0.965925826289068));
#11347=CARTESIAN_POINT('Origin',(-0.46875,-0.239407616719832,0.893481389317388));
#11348=CARTESIAN_POINT('Origin',(-0.5,-0.27823047348521,1.03837026326075));
#11349=CARTESIAN_POINT('',(0.325,-0.297641901867899,1.11081470023243));
#11350=CARTESIAN_POINT('',(-0.5,-0.297641901867899,1.11081470023243));
#11351=CARTESIAN_POINT('',(0.325,-0.348716078829873,1.0639979716873));
#11352=CARTESIAN_POINT('Origin',(0.325,-0.27823047348521,1.03837026326075));
#11353=CARTESIAN_POINT('',(0.344685039370079,-0.353153424290813,1.04176900458387));
#11354=CARTESIAN_POINT('Ctrl Pts',(0.344685039370079,-0.353153424290811,
1.04176900458387));
#11355=CARTESIAN_POINT('Ctrl Pts',(0.342540714046752,-0.353153424290811,
1.04176900458387));
#11356=CARTESIAN_POINT('Ctrl Pts',(0.340415633672415,-0.353139021862817,
1.04214476980385));
#11357=CARTESIAN_POINT('Ctrl Pts',(0.33635730937351,-0.353050323580863,
1.04361832779261));
#11358=CARTESIAN_POINT('Ctrl Pts',(0.334468301622043,-0.352974991629003,
1.04471028676408));
#11359=CARTESIAN_POINT('Ctrl Pts',(0.330744349293367,-0.352655470897606,
1.04779590717466));
#11360=CARTESIAN_POINT('Ctrl Pts',(0.329084266600235,-0.352379663204485,
1.0498815946518));
#11361=CARTESIAN_POINT('Ctrl Pts',(0.326435358392807,-0.351453087019274,
1.05481660723745));
#11362=CARTESIAN_POINT('Ctrl Pts',(0.325531193028305,-0.350756024759506,
1.05776009748063));
#11363=CARTESIAN_POINT('Ctrl Pts',(0.32505582795408,-0.349437497991989,
1.06194420745452));
#11364=CARTESIAN_POINT('Ctrl Pts',(0.325,-0.349088120126943,1.06297472155503));
#11365=CARTESIAN_POINT('Ctrl Pts',(0.325,-0.348716078829872,1.0639979716873));
#11366=CARTESIAN_POINT('',(0.380314960629921,-0.353153424290813,1.04176900458387));
#11367=CARTESIAN_POINT('',(-0.5,-0.353153424290811,1.04176900458387));
#11368=CARTESIAN_POINT('',(0.4,-0.351329409836984,1.02159094550824));
#11369=CARTESIAN_POINT('Ctrl Pts',(0.4,-0.351329409836982,1.02159094550824));
#11370=CARTESIAN_POINT('Ctrl Pts',(0.4,-0.351393177458502,1.02186874853787));
#11371=CARTESIAN_POINT('Ctrl Pts',(0.399993878448788,-0.351455435760544,
1.02214724170903));
#11372=CARTESIAN_POINT('Ctrl Pts',(0.399868787495742,-0.352074491758885,
1.02499269345729));
#11373=CARTESIAN_POINT('Ctrl Pts',(0.399239938688499,-0.352482614327726,
1.02753805299614));
#11374=CARTESIAN_POINT('Ctrl Pts',(0.397044156788947,-0.353025121328933,
1.03231888251429));
#11375=CARTESIAN_POINT('Ctrl Pts',(0.395481786300012,-0.353153655484714,
1.03451310642562));
#11376=CARTESIAN_POINT('Ctrl Pts',(0.391740518908261,-0.353249795480692,
1.03807332285003));
#11377=CARTESIAN_POINT('Ctrl Pts',(0.389620888358522,-0.353228430732467,
1.03946108058841));
#11378=CARTESIAN_POINT('Ctrl Pts',(0.385074951070903,-0.353178650853766,
1.04129919728854));
#11379=CARTESIAN_POINT('Ctrl Pts',(0.382712739671832,-0.353153424290811,
1.04176900458387));
#11380=CARTESIAN_POINT('Ctrl Pts',(0.380314960629921,-0.353153424290811,
1.04176900458387));
#11381=CARTESIAN_POINT('',(0.4,-0.348220690580167,1.01141902004265));
#11382=CARTESIAN_POINT('Origin',(0.4,-0.27823047348521,1.03837026326075));
#11383=CARTESIAN_POINT('',(0.380314960629921,-0.338623102947055,0.993898583433193));
#11384=CARTESIAN_POINT('Ctrl Pts',(0.380314960629921,-0.338623102947053,
0.993898583433194));
#11385=CARTESIAN_POINT('Ctrl Pts',(0.38178201463302,-0.338623102947053,
0.993898583433194));
#11386=CARTESIAN_POINT('Ctrl Pts',(0.383241649105373,-0.338725561842871,
0.994036765060166));
#11387=CARTESIAN_POINT('Ctrl Pts',(0.386099603162955,-0.339124072648987,
0.994585735255448));
#11388=CARTESIAN_POINT('Ctrl Pts',(0.387485097010922,-0.339418702569507,
0.994994822771891));
#11389=CARTESIAN_POINT('Ctrl Pts',(0.391152816890696,-0.340459946915049,
0.996491172359119));
#11390=CARTESIAN_POINT('Ctrl Pts',(0.393250848087941,-0.341370231651464,
0.997845275753302));
#11391=CARTESIAN_POINT('Ctrl Pts',(0.396663342582268,-0.343389621800354,
1.00118171749265));
#11392=CARTESIAN_POINT('Ctrl Pts',(0.397975264109859,-0.344477579772942,
1.0031264870207));
#11393=CARTESIAN_POINT('Ctrl Pts',(0.399604570865215,-0.346489282704482,
1.00721957597614));
#11394=CARTESIAN_POINT('Ctrl Pts',(0.4,-0.347400954200859,1.00929023041006));
#11395=CARTESIAN_POINT('Ctrl Pts',(0.4,-0.348220690580166,1.01141902004265));
#11396=CARTESIAN_POINT('',(0.119685039370078,-0.338623102947055,0.993898583433193));
#11397=CARTESIAN_POINT('',(-0.5,-0.338623102947053,0.993898583433194));
#11398=CARTESIAN_POINT('',(0.0999999999999997,-0.348220690580167,1.01141902004265));
#11399=CARTESIAN_POINT('Ctrl Pts',(0.0999999999999997,-0.348220690580166,
1.01141902004265));
#11400=CARTESIAN_POINT('Ctrl Pts',(0.0999999999999997,-0.348135499270262,
1.01119778504334));
#11401=CARTESIAN_POINT('Ctrl Pts',(0.10000427698148,-0.34804917551327,1.01097673805608));
#11402=CARTESIAN_POINT('Ctrl Pts',(0.100105577359769,-0.347016449879293,
1.00836891065193));
#11403=CARTESIAN_POINT('Ctrl Pts',(0.100697635233269,-0.345963292268625,
1.00607841581143));
#11404=CARTESIAN_POINT('Ctrl Pts',(0.102817024110283,-0.343790250639801,
1.00186467969891));
#11405=CARTESIAN_POINT('Ctrl Pts',(0.104345249503568,-0.342691660095983,
0.999989790009966));
#11406=CARTESIAN_POINT('Ctrl Pts',(0.108061077718962,-0.340790669652197,
0.996966198625024));
#11407=CARTESIAN_POINT('Ctrl Pts',(0.110200404519353,-0.339993505242431,
0.995811672133243));
#11408=CARTESIAN_POINT('Ctrl Pts',(0.114815959217883,-0.338911253629055,
0.994282943629009));
#11409=CARTESIAN_POINT('Ctrl Pts',(0.117234001059943,-0.338623102947053,
0.993898583433194));
#11410=CARTESIAN_POINT('Ctrl Pts',(0.119685039370078,-0.338623102947053,
0.993898583433194));
#11411=CARTESIAN_POINT('',(0.0999999999999997,-0.351329409836984,1.02159094550824));
#11412=CARTESIAN_POINT('Origin',(0.0999999999999997,-0.27823047348521,1.03837026326075));
#11413=CARTESIAN_POINT('',(0.119685039370078,-0.353153424290813,1.04176900458387));
#11414=CARTESIAN_POINT('Ctrl Pts',(0.119685039370078,-0.353153424290811,
1.04176900458387));
#11415=CARTESIAN_POINT('Ctrl Pts',(0.118255858807347,-0.353153424290811,
1.04176900458387));
#11416=CARTESIAN_POINT('Ctrl Pts',(0.11683460940803,-0.353161529418354,
1.04160211043444));
#11417=CARTESIAN_POINT('Ctrl Pts',(0.114047516734083,-0.35318702158032,
1.04094411675946));
#11418=CARTESIAN_POINT('Ctrl Pts',(0.112695314953243,-0.353204177918287,
1.04045489941759));
#11419=CARTESIAN_POINT('Ctrl Pts',(0.109016083118377,-0.353239243340231,
1.0386423467274));
#11420=CARTESIAN_POINT('Ctrl Pts',(0.106885008444705,-0.35324449641178,
1.03698110800109));
#11421=CARTESIAN_POINT('Ctrl Pts',(0.103407709154884,-0.353064403998105,
1.03300720805299));
#11422=CARTESIAN_POINT('Ctrl Pts',(0.102065290309947,-0.352880944597124,
1.03072921343899));
#11423=CARTESIAN_POINT('Ctrl Pts',(0.100404877806236,-0.352255227180848,
1.02611773729025));
#11424=CARTESIAN_POINT('Ctrl Pts',(0.0999999999999997,-0.351848418055488,
1.02385199981869));
#11425=CARTESIAN_POINT('Ctrl Pts',(0.0999999999999997,-0.351329409836982,
1.02159094550824));
#11426=CARTESIAN_POINT('',(0.155314960629921,-0.353153424290813,1.04176900458387));
#11427=CARTESIAN_POINT('',(-0.5,-0.353153424290811,1.04176900458387));
#11428=CARTESIAN_POINT('',(0.175,-0.348716078829873,1.0639979716873));
#11429=CARTESIAN_POINT('Ctrl Pts',(0.175,-0.348716078829872,1.0639979716873));
#11430=CARTESIAN_POINT('Ctrl Pts',(0.175,-0.348991377113502,1.06324080035349));
#11431=CARTESIAN_POINT('Ctrl Pts',(0.174969413302209,-0.349254326199239,
1.06247953882846));
#11432=CARTESIAN_POINT('Ctrl Pts',(0.174670570262614,-0.350431948718723,
1.05888435911839));
#11433=CARTESIAN_POINT('Ctrl Pts',(0.173987139207156,-0.351165714287213,
1.05605687814725));
#11434=CARTESIAN_POINT('Ctrl Pts',(0.171682146896868,-0.352185533521187,
1.05107038787256));
#11435=CARTESIAN_POINT('Ctrl Pts',(0.170215179834215,-0.352504661238626,
1.0489369048927));
#11436=CARTESIAN_POINT('Ctrl Pts',(0.166605521049507,-0.352917175922727,
1.04542929864994));
#11437=CARTESIAN_POINT('Ctrl Pts',(0.164559339240834,-0.353019208852047,
1.04407169470837));
#11438=CARTESIAN_POINT('Ctrl Pts',(0.160079331614953,-0.353136197254203,
1.04223801425774));
#11439=CARTESIAN_POINT('Ctrl Pts',(0.157710698716802,-0.353153424290811,
1.04176900458387));
#11440=CARTESIAN_POINT('Ctrl Pts',(0.155314960629921,-0.353153424290811,
1.04176900458387));
#11441=CARTESIAN_POINT('',(0.175,-0.297641901867899,1.11081470023243));
#11442=CARTESIAN_POINT('Origin',(0.175,-0.27823047348521,1.03837026326075));
#11443=CARTESIAN_POINT('',(-0.175,-0.297641901867899,1.11081470023243));
#11444=CARTESIAN_POINT('',(-0.5,-0.297641901867899,1.11081470023243));
#11445=CARTESIAN_POINT('',(-0.175,-0.348716078829873,1.0639979716873));
#11446=CARTESIAN_POINT('Origin',(-0.175,-0.27823047348521,1.03837026326075));
#11447=CARTESIAN_POINT('',(-0.155314960629921,-0.353153424290813,1.04176900458387));
#11448=CARTESIAN_POINT('Ctrl Pts',(-0.155314960629921,-0.353153424290811,
1.04176900458387));
#11449=CARTESIAN_POINT('Ctrl Pts',(-0.157459285953248,-0.353153424290811,
1.04176900458387));
#11450=CARTESIAN_POINT('Ctrl Pts',(-0.159584366327585,-0.353139021862817,
1.04214476980385));
#11451=CARTESIAN_POINT('Ctrl Pts',(-0.16364269062649,-0.353050323580863,
1.04361832779261));
#11452=CARTESIAN_POINT('Ctrl Pts',(-0.165531698377957,-0.352974991629003,
1.04471028676408));
#11453=CARTESIAN_POINT('Ctrl Pts',(-0.169255650706633,-0.352655470897606,
1.04779590717466));
#11454=CARTESIAN_POINT('Ctrl Pts',(-0.170915733399765,-0.352379663204485,
1.0498815946518));
#11455=CARTESIAN_POINT('Ctrl Pts',(-0.173564641607193,-0.351453087019274,
1.05481660723745));
#11456=CARTESIAN_POINT('Ctrl Pts',(-0.174468806971695,-0.350756024759505,
1.05776009748063));
#11457=CARTESIAN_POINT('Ctrl Pts',(-0.174944172045919,-0.349437497991989,
1.06194420745452));
#11458=CARTESIAN_POINT('Ctrl Pts',(-0.175,-0.349088120126943,1.06297472155503));
#11459=CARTESIAN_POINT('Ctrl Pts',(-0.175,-0.348716078829872,1.0639979716873));
#11460=CARTESIAN_POINT('',(-0.119685039370079,-0.353153424290813,1.04176900458387));
#11461=CARTESIAN_POINT('',(-0.5,-0.353153424290811,1.04176900458387));
#11462=CARTESIAN_POINT('',(-0.1,-0.351329409836984,1.02159094550824));
#11463=CARTESIAN_POINT('Ctrl Pts',(-0.1,-0.351329409836982,1.02159094550824));
#11464=CARTESIAN_POINT('Ctrl Pts',(-0.1,-0.351393177458502,1.02186874853787));
#11465=CARTESIAN_POINT('Ctrl Pts',(-0.100006121551211,-0.351455435760544,
1.02214724170903));
#11466=CARTESIAN_POINT('Ctrl Pts',(-0.100131212504258,-0.352074491758885,
1.02499269345729));
#11467=CARTESIAN_POINT('Ctrl Pts',(-0.1007600613115,-0.352482614327726,
1.02753805299614));
#11468=CARTESIAN_POINT('Ctrl Pts',(-0.102955843211052,-0.353025121328933,
1.03231888251429));
#11469=CARTESIAN_POINT('Ctrl Pts',(-0.104518213699988,-0.353153655484714,
1.03451310642562));
#11470=CARTESIAN_POINT('Ctrl Pts',(-0.108259481091739,-0.353249795480692,
1.03807332285003));
#11471=CARTESIAN_POINT('Ctrl Pts',(-0.110379111641478,-0.353228430732467,
1.03946108058841));
#11472=CARTESIAN_POINT('Ctrl Pts',(-0.114925048929097,-0.353178650853766,
1.04129919728854));
#11473=CARTESIAN_POINT('Ctrl Pts',(-0.117287260328168,-0.353153424290811,
1.04176900458387));
#11474=CARTESIAN_POINT('Ctrl Pts',(-0.119685039370079,-0.353153424290811,
1.04176900458387));
#11475=CARTESIAN_POINT('',(-0.1,-0.348220690580167,1.01141902004265));
#11476=CARTESIAN_POINT('Origin',(-0.1,-0.27823047348521,1.03837026326075));
#11477=CARTESIAN_POINT('',(-0.119685039370079,-0.338623102947055,0.993898583433193));
#11478=CARTESIAN_POINT('Ctrl Pts',(-0.119685039370079,-0.338623102947053,
0.993898583433194));
#11479=CARTESIAN_POINT('Ctrl Pts',(-0.118217985366979,-0.338623102947053,
0.993898583433194));
#11480=CARTESIAN_POINT('Ctrl Pts',(-0.116758350894627,-0.338725561842871,
0.994036765060166));
#11481=CARTESIAN_POINT('Ctrl Pts',(-0.113900396837045,-0.339124072648987,
0.994585735255448));
#11482=CARTESIAN_POINT('Ctrl Pts',(-0.112514902989078,-0.339418702569507,
0.994994822771891));
#11483=CARTESIAN_POINT('Ctrl Pts',(-0.108847183109304,-0.340459946915049,
0.996491172359119));
#11484=CARTESIAN_POINT('Ctrl Pts',(-0.106749151912059,-0.341370231651464,
0.997845275753302));
#11485=CARTESIAN_POINT('Ctrl Pts',(-0.103336657417731,-0.343389621800354,
1.00118171749265));
#11486=CARTESIAN_POINT('Ctrl Pts',(-0.10202473589014,-0.344477579772942,
1.0031264870207));
#11487=CARTESIAN_POINT('Ctrl Pts',(-0.100395429134784,-0.346489282704482,
1.00721957597614));
#11488=CARTESIAN_POINT('Ctrl Pts',(-0.1,-0.347400954200859,1.00929023041006));
#11489=CARTESIAN_POINT('Ctrl Pts',(-0.1,-0.348220690580166,1.01141902004265));
#11490=CARTESIAN_POINT('',(-0.380314960629921,-0.338623102947055,0.993898583433193));
#11491=CARTESIAN_POINT('',(-0.5,-0.338623102947053,0.993898583433194));
#11492=CARTESIAN_POINT('',(-0.4,-0.348220690580167,1.01141902004265));
#11493=CARTESIAN_POINT('Ctrl Pts',(-0.4,-0.348220690580166,1.01141902004265));
#11494=CARTESIAN_POINT('Ctrl Pts',(-0.4,-0.348135499270262,1.01119778504334));
#11495=CARTESIAN_POINT('Ctrl Pts',(-0.39999572301852,-0.34804917551327,
1.01097673805608));
#11496=CARTESIAN_POINT('Ctrl Pts',(-0.39989442264023,-0.347016449879293,
1.00836891065193));
#11497=CARTESIAN_POINT('Ctrl Pts',(-0.399302364766731,-0.345963292268625,
1.00607841581143));
#11498=CARTESIAN_POINT('Ctrl Pts',(-0.397182975889716,-0.343790250639801,
1.00186467969891));
#11499=CARTESIAN_POINT('Ctrl Pts',(-0.395654750496432,-0.342691660095983,
0.999989790009966));
#11500=CARTESIAN_POINT('Ctrl Pts',(-0.391938922281038,-0.340790669652197,
0.996966198625024));
#11501=CARTESIAN_POINT('Ctrl Pts',(-0.389799595480646,-0.339993505242431,
0.995811672133243));
#11502=CARTESIAN_POINT('Ctrl Pts',(-0.385184040782117,-0.338911253629055,
0.994282943629009));
#11503=CARTESIAN_POINT('Ctrl Pts',(-0.382765998940057,-0.338623102947053,
0.993898583433194));
#11504=CARTESIAN_POINT('Ctrl Pts',(-0.380314960629921,-0.338623102947053,
0.993898583433194));
#11505=CARTESIAN_POINT('',(-0.4,-0.351329409836984,1.02159094550824));
#11506=CARTESIAN_POINT('Origin',(-0.4,-0.27823047348521,1.03837026326075));
#11507=CARTESIAN_POINT('',(-0.380314960629921,-0.353153424290813,1.04176900458387));
#11508=CARTESIAN_POINT('Ctrl Pts',(-0.380314960629921,-0.353153424290811,
1.04176900458387));
#11509=CARTESIAN_POINT('Ctrl Pts',(-0.381744141192653,-0.353153424290811,
1.04176900458387));
#11510=CARTESIAN_POINT('Ctrl Pts',(-0.38316539059197,-0.353161529418354,
1.04160211043444));
#11511=CARTESIAN_POINT('Ctrl Pts',(-0.385952483265917,-0.35318702158032,
1.04094411675946));
#11512=CARTESIAN_POINT('Ctrl Pts',(-0.387304685046756,-0.353204177918287,
1.04045489941759));
#11513=CARTESIAN_POINT('Ctrl Pts',(-0.390983916881622,-0.353239243340231,
1.0386423467274));
#11514=CARTESIAN_POINT('Ctrl Pts',(-0.393114991555295,-0.35324449641178,
1.03698110800109));
#11515=CARTESIAN_POINT('Ctrl Pts',(-0.396592290845116,-0.353064403998105,
1.03300720805299));
#11516=CARTESIAN_POINT('Ctrl Pts',(-0.397934709690053,-0.352880944597124,
1.03072921343899));
#11517=CARTESIAN_POINT('Ctrl Pts',(-0.399595122193764,-0.352255227180848,
1.02611773729025));
#11518=CARTESIAN_POINT('Ctrl Pts',(-0.4,-0.351848418055488,1.02385199981869));
#11519=CARTESIAN_POINT('Ctrl Pts',(-0.4,-0.351329409836982,1.02159094550824));
#11520=CARTESIAN_POINT('',(-0.344685039370079,-0.353153424290813,1.04176900458387));
#11521=CARTESIAN_POINT('',(-0.5,-0.353153424290811,1.04176900458387));
#11522=CARTESIAN_POINT('',(-0.325,-0.348716078829873,1.0639979716873));
#11523=CARTESIAN_POINT('Ctrl Pts',(-0.325,-0.348716078829872,1.0639979716873));
#11524=CARTESIAN_POINT('Ctrl Pts',(-0.325,-0.348991377113502,1.06324080035349));
#11525=CARTESIAN_POINT('Ctrl Pts',(-0.325030586697791,-0.349254326199239,
1.06247953882846));
#11526=CARTESIAN_POINT('Ctrl Pts',(-0.325329429737386,-0.350431948718724,
1.05888435911839));
#11527=CARTESIAN_POINT('Ctrl Pts',(-0.326012860792844,-0.351165714287213,
1.05605687814725));
#11528=CARTESIAN_POINT('Ctrl Pts',(-0.328317853103132,-0.352185533521187,
1.05107038787256));
#11529=CARTESIAN_POINT('Ctrl Pts',(-0.329784820165785,-0.352504661238626,
1.0489369048927));
#11530=CARTESIAN_POINT('Ctrl Pts',(-0.333394478950493,-0.352917175922727,
1.04542929864994));
#11531=CARTESIAN_POINT('Ctrl Pts',(-0.335440660759166,-0.353019208852047,
1.04407169470837));
#11532=CARTESIAN_POINT('Ctrl Pts',(-0.339920668385047,-0.353136197254203,
1.04223801425774));
#11533=CARTESIAN_POINT('Ctrl Pts',(-0.342289301283197,-0.353153424290811,
1.04176900458387));
#11534=CARTESIAN_POINT('Ctrl Pts',(-0.344685039370079,-0.353153424290811,
1.04176900458387));
#11535=CARTESIAN_POINT('',(-0.325,-0.297641901867899,1.11081470023243));
#11536=CARTESIAN_POINT('Origin',(-0.325,-0.27823047348521,1.03837026326075));
#11537=CARTESIAN_POINT('',(-0.46875,-0.297641901867899,1.11081470023243));
#11538=CARTESIAN_POINT('',(-0.5,-0.297641901867899,1.11081470023243));
#11539=CARTESIAN_POINT('Origin',(-0.46875,-0.27823047348521,1.03837026326075));
#11540=CARTESIAN_POINT('Origin',(0.4125,0.,0.));
#11541=CARTESIAN_POINT('',(0.325,0.297641901867898,1.11081470023243));
#11542=CARTESIAN_POINT('',(-0.5,0.297641901867899,1.11081470023243));
#11543=CARTESIAN_POINT('Origin',(0.325,0.,0.));
#11544=CARTESIAN_POINT('Origin',(-0.5,0.27823047348521,1.03837026326075));
#11545=CARTESIAN_POINT('',(-0.46875,0.258819045102521,0.965925826289068));
#11546=CARTESIAN_POINT('',(-0.5,0.258819045102521,0.965925826289068));
#11547=CARTESIAN_POINT('',(-0.46875,0.297641901867899,1.11081470023243));
#11548=CARTESIAN_POINT('Origin',(-0.46875,0.27823047348521,1.03837026326075));
#11549=CARTESIAN_POINT('',(-0.325,0.297641901867898,1.11081470023243));
#11550=CARTESIAN_POINT('',(-0.5,0.297641901867899,1.11081470023243));
#11551=CARTESIAN_POINT('',(-0.325,0.348716078829873,1.0639979716873));
#11552=CARTESIAN_POINT('Origin',(-0.325,0.27823047348521,1.03837026326075));
#11553=CARTESIAN_POINT('',(-0.344685039370079,0.353153424290813,1.04176900458387));
#11554=CARTESIAN_POINT('Ctrl Pts',(-0.344685039370079,0.353153424290811,
1.04176900458387));
#11555=CARTESIAN_POINT('Ctrl Pts',(-0.342540714046752,0.353153424290811,
1.04176900458387));
#11556=CARTESIAN_POINT('Ctrl Pts',(-0.340415633672415,0.353139021862817,
1.04214476980385));
#11557=CARTESIAN_POINT('Ctrl Pts',(-0.33635730937351,0.353050323580863,
1.04361832779261));
#11558=CARTESIAN_POINT('Ctrl Pts',(-0.334468301622042,0.352974991629003,
1.04471028676408));
#11559=CARTESIAN_POINT('Ctrl Pts',(-0.330744349293367,0.352655470897606,
1.04779590717466));
#11560=CARTESIAN_POINT('Ctrl Pts',(-0.329084266600235,0.352379663204485,
1.0498815946518));
#11561=CARTESIAN_POINT('Ctrl Pts',(-0.326435358392806,0.351453087019274,
1.05481660723745));
#11562=CARTESIAN_POINT('Ctrl Pts',(-0.325531193028305,0.350756024759505,
1.05776009748063));
#11563=CARTESIAN_POINT('Ctrl Pts',(-0.32505582795408,0.349437497991989,
1.06194420745452));
#11564=CARTESIAN_POINT('Ctrl Pts',(-0.325,0.349088120126943,1.06297472155503));
#11565=CARTESIAN_POINT('Ctrl Pts',(-0.325,0.348716078829873,1.0639979716873));
#11566=CARTESIAN_POINT('',(-0.380314960629921,0.353153424290813,1.04176900458387));
#11567=CARTESIAN_POINT('',(-0.5,0.353153424290811,1.04176900458387));
#11568=CARTESIAN_POINT('',(-0.4,0.351329409836984,1.02159094550824));
#11569=CARTESIAN_POINT('Ctrl Pts',(-0.4,0.351329409836982,1.02159094550824));
#11570=CARTESIAN_POINT('Ctrl Pts',(-0.4,0.351393177458502,1.02186874853787));
#11571=CARTESIAN_POINT('Ctrl Pts',(-0.399993878448789,0.351455435760545,
1.02214724170903));
#11572=CARTESIAN_POINT('Ctrl Pts',(-0.399868787495742,0.352074491758885,
1.02499269345729));
#11573=CARTESIAN_POINT('Ctrl Pts',(-0.399239938688499,0.352482614327726,
1.02753805299614));
#11574=CARTESIAN_POINT('Ctrl Pts',(-0.397044156788947,0.353025121328933,
1.03231888251429));
#11575=CARTESIAN_POINT('Ctrl Pts',(-0.395481786300012,0.353153655484714,
1.03451310642562));
#11576=CARTESIAN_POINT('Ctrl Pts',(-0.391740518908261,0.353249795480692,
1.03807332285003));
#11577=CARTESIAN_POINT('Ctrl Pts',(-0.389620888358522,0.353228430732467,
1.03946108058841));
#11578=CARTESIAN_POINT('Ctrl Pts',(-0.385074951070903,0.353178650853766,
1.04129919728854));
#11579=CARTESIAN_POINT('Ctrl Pts',(-0.382712739671832,0.353153424290811,
1.04176900458387));
#11580=CARTESIAN_POINT('Ctrl Pts',(-0.380314960629921,0.353153424290811,
1.04176900458387));
#11581=CARTESIAN_POINT('',(-0.4,0.348220690580168,1.01141902004265));
#11582=CARTESIAN_POINT('Origin',(-0.4,0.27823047348521,1.03837026326075));
#11583=CARTESIAN_POINT('',(-0.380314960629921,0.338623102947055,0.993898583433193));
#11584=CARTESIAN_POINT('Ctrl Pts',(-0.380314960629921,0.338623102947053,
0.993898583433194));
#11585=CARTESIAN_POINT('Ctrl Pts',(-0.381782014633021,0.338623102947053,
0.993898583433194));
#11586=CARTESIAN_POINT('Ctrl Pts',(-0.383241649105373,0.338725561842871,
0.994036765060166));
#11587=CARTESIAN_POINT('Ctrl Pts',(-0.386099603162956,0.339124072648987,
0.994585735255448));
#11588=CARTESIAN_POINT('Ctrl Pts',(-0.387485097010923,0.339418702569507,
0.994994822771891));
#11589=CARTESIAN_POINT('Ctrl Pts',(-0.391152816890696,0.340459946915049,
0.996491172359119));
#11590=CARTESIAN_POINT('Ctrl Pts',(-0.393250848087941,0.341370231651464,
0.997845275753302));
#11591=CARTESIAN_POINT('Ctrl Pts',(-0.396663342582269,0.343389621800354,
1.00118171749265));
#11592=CARTESIAN_POINT('Ctrl Pts',(-0.39797526410986,0.344477579772942,
1.0031264870207));
#11593=CARTESIAN_POINT('Ctrl Pts',(-0.399604570865216,0.346489282704482,
1.00721957597613));
#11594=CARTESIAN_POINT('Ctrl Pts',(-0.4,0.347400954200859,1.00929023041006));
#11595=CARTESIAN_POINT('Ctrl Pts',(-0.4,0.348220690580166,1.01141902004265));
#11596=CARTESIAN_POINT('',(-0.119685039370079,0.338623102947055,0.993898583433193));
#11597=CARTESIAN_POINT('',(-0.5,0.338623102947053,0.993898583433194));
#11598=CARTESIAN_POINT('',(-0.1,0.348220690580168,1.01141902004265));
#11599=CARTESIAN_POINT('Ctrl Pts',(-0.1,0.348220690580166,1.01141902004265));
#11600=CARTESIAN_POINT('Ctrl Pts',(-0.1,0.348135499270262,1.01119778504334));
#11601=CARTESIAN_POINT('Ctrl Pts',(-0.10000427698148,0.348049175513271,
1.01097673805608));
#11602=CARTESIAN_POINT('Ctrl Pts',(-0.10010557735977,0.347016449879294,
1.00836891065193));
#11603=CARTESIAN_POINT('Ctrl Pts',(-0.100697635233269,0.345963292268626,
1.00607841581143));
#11604=CARTESIAN_POINT('Ctrl Pts',(-0.102817024110284,0.343790250639801,
1.00186467969891));
#11605=CARTESIAN_POINT('Ctrl Pts',(-0.104345249503569,0.342691660095983,
0.999989790009966));
#11606=CARTESIAN_POINT('Ctrl Pts',(-0.108061077718962,0.340790669652197,
0.996966198625024));
#11607=CARTESIAN_POINT('Ctrl Pts',(-0.110200404519354,0.339993505242431,
0.995811672133242));
#11608=CARTESIAN_POINT('Ctrl Pts',(-0.114815959217883,0.338911253629056,
0.994282943629009));
#11609=CARTESIAN_POINT('Ctrl Pts',(-0.117234001059943,0.338623102947053,
0.993898583433194));
#11610=CARTESIAN_POINT('Ctrl Pts',(-0.119685039370079,0.338623102947053,
0.993898583433194));
#11611=CARTESIAN_POINT('',(-0.1,0.351329409836984,1.02159094550824));
#11612=CARTESIAN_POINT('Origin',(-0.1,0.27823047348521,1.03837026326075));
#11613=CARTESIAN_POINT('',(-0.119685039370079,0.353153424290813,1.04176900458387));
#11614=CARTESIAN_POINT('Ctrl Pts',(-0.119685039370079,0.353153424290811,
1.04176900458387));
#11615=CARTESIAN_POINT('Ctrl Pts',(-0.118255858807346,0.353153424290811,
1.04176900458387));
#11616=CARTESIAN_POINT('Ctrl Pts',(-0.116834609408029,0.353161529418354,
1.04160211043444));
#11617=CARTESIAN_POINT('Ctrl Pts',(-0.114047516734084,0.35318702158032,
1.04094411675946));
#11618=CARTESIAN_POINT('Ctrl Pts',(-0.112695314953245,0.353204177918287,
1.04045489941759));
#11619=CARTESIAN_POINT('Ctrl Pts',(-0.109016083118377,0.353239243340231,
1.0386423467274));
#11620=CARTESIAN_POINT('Ctrl Pts',(-0.106885008444705,0.35324449641178,
1.03698110800109));
#11621=CARTESIAN_POINT('Ctrl Pts',(-0.103407709154884,0.353064403998105,
1.03300720805299));
#11622=CARTESIAN_POINT('Ctrl Pts',(-0.102065290309947,0.352880944597124,
1.03072921343899));
#11623=CARTESIAN_POINT('Ctrl Pts',(-0.100404877806236,0.352255227180848,
1.02611773729025));
#11624=CARTESIAN_POINT('Ctrl Pts',(-0.1,0.351848418055488,1.02385199981869));
#11625=CARTESIAN_POINT('Ctrl Pts',(-0.1,0.351329409836982,1.02159094550824));
#11626=CARTESIAN_POINT('',(-0.155314960629921,0.353153424290813,1.04176900458387));
#11627=CARTESIAN_POINT('',(-0.5,0.353153424290811,1.04176900458387));
#11628=CARTESIAN_POINT('',(-0.175,0.348716078829873,1.0639979716873));
#11629=CARTESIAN_POINT('Ctrl Pts',(-0.175,0.348716078829873,1.0639979716873));
#11630=CARTESIAN_POINT('Ctrl Pts',(-0.175,0.348991377113502,1.06324080035349));
#11631=CARTESIAN_POINT('Ctrl Pts',(-0.174969413302209,0.349254326199239,
1.06247953882846));
#11632=CARTESIAN_POINT('Ctrl Pts',(-0.174670570262614,0.350431948718724,
1.05888435911839));
#11633=CARTESIAN_POINT('Ctrl Pts',(-0.173987139207156,0.351165714287213,
1.05605687814725));
#11634=CARTESIAN_POINT('Ctrl Pts',(-0.171682146896868,0.352185533521187,
1.05107038787256));
#11635=CARTESIAN_POINT('Ctrl Pts',(-0.170215179834215,0.352504661238626,
1.0489369048927));
#11636=CARTESIAN_POINT('Ctrl Pts',(-0.166605521049508,0.352917175922727,
1.04542929864994));
#11637=CARTESIAN_POINT('Ctrl Pts',(-0.164559339240835,0.353019208852048,
1.04407169470837));
#11638=CARTESIAN_POINT('Ctrl Pts',(-0.160079331614952,0.353136197254204,
1.04223801425774));
#11639=CARTESIAN_POINT('Ctrl Pts',(-0.157710698716802,0.353153424290811,
1.04176900458387));
#11640=CARTESIAN_POINT('Ctrl Pts',(-0.155314960629921,0.353153424290811,
1.04176900458387));
#11641=CARTESIAN_POINT('',(-0.175,0.297641901867898,1.11081470023243));
#11642=CARTESIAN_POINT('Origin',(-0.175,0.27823047348521,1.03837026326075));
#11643=CARTESIAN_POINT('',(0.175,0.297641901867898,1.11081470023243));
#11644=CARTESIAN_POINT('',(-0.5,0.297641901867899,1.11081470023243));
#11645=CARTESIAN_POINT('',(0.175,0.348716078829873,1.0639979716873));
#11646=CARTESIAN_POINT('Origin',(0.175,0.27823047348521,1.03837026326075));
#11647=CARTESIAN_POINT('',(0.155314960629921,0.353153424290813,1.04176900458387));
#11648=CARTESIAN_POINT('Ctrl Pts',(0.155314960629921,0.353153424290811,
1.04176900458387));
#11649=CARTESIAN_POINT('Ctrl Pts',(0.157459285953247,0.353153424290811,
1.04176900458387));
#11650=CARTESIAN_POINT('Ctrl Pts',(0.159584366327585,0.353139021862817,
1.04214476980385));
#11651=CARTESIAN_POINT('Ctrl Pts',(0.16364269062649,0.353050323580863,1.04361832779261));
#11652=CARTESIAN_POINT('Ctrl Pts',(0.165531698377957,0.352974991629003,
1.04471028676408));
#11653=CARTESIAN_POINT('Ctrl Pts',(0.169255650706633,0.352655470897606,
1.04779590717466));
#11654=CARTESIAN_POINT('Ctrl Pts',(0.170915733399765,0.352379663204485,
1.0498815946518));
#11655=CARTESIAN_POINT('Ctrl Pts',(0.173564641607192,0.351453087019274,
1.05481660723745));
#11656=CARTESIAN_POINT('Ctrl Pts',(0.174468806971694,0.350756024759506,
1.05776009748063));
#11657=CARTESIAN_POINT('Ctrl Pts',(0.174944172045919,0.349437497991989,
1.06194420745452));
#11658=CARTESIAN_POINT('Ctrl Pts',(0.175,0.349088120126943,1.06297472155503));
#11659=CARTESIAN_POINT('Ctrl Pts',(0.175,0.348716078829873,1.0639979716873));
#11660=CARTESIAN_POINT('',(0.119685039370078,0.353153424290813,1.04176900458387));
#11661=CARTESIAN_POINT('',(-0.5,0.353153424290811,1.04176900458387));
#11662=CARTESIAN_POINT('',(0.0999999999999997,0.351329409836984,1.02159094550824));
#11663=CARTESIAN_POINT('Ctrl Pts',(0.0999999999999997,0.351329409836982,
1.02159094550824));
#11664=CARTESIAN_POINT('Ctrl Pts',(0.0999999999999997,0.351393177458502,
1.02186874853787));
#11665=CARTESIAN_POINT('Ctrl Pts',(0.100006121551211,0.351455435760545,
1.02214724170903));
#11666=CARTESIAN_POINT('Ctrl Pts',(0.100131212504258,0.352074491758885,
1.02499269345729));
#11667=CARTESIAN_POINT('Ctrl Pts',(0.1007600613115,0.352482614327726,1.02753805299614));
#11668=CARTESIAN_POINT('Ctrl Pts',(0.102955843211052,0.353025121328933,
1.03231888251429));
#11669=CARTESIAN_POINT('Ctrl Pts',(0.104518213699987,0.353153655484714,
1.03451310642562));
#11670=CARTESIAN_POINT('Ctrl Pts',(0.108259481091739,0.353249795480692,
1.03807332285003));
#11671=CARTESIAN_POINT('Ctrl Pts',(0.110379111641478,0.353228430732467,
1.03946108058841));
#11672=CARTESIAN_POINT('Ctrl Pts',(0.114925048929097,0.353178650853766,
1.04129919728854));
#11673=CARTESIAN_POINT('Ctrl Pts',(0.117287260328168,0.353153424290811,
1.04176900458387));
#11674=CARTESIAN_POINT('Ctrl Pts',(0.119685039370078,0.353153424290811,
1.04176900458387));
#11675=CARTESIAN_POINT('',(0.0999999999999997,0.348220690580168,1.01141902004265));
#11676=CARTESIAN_POINT('Origin',(0.0999999999999997,0.27823047348521,1.03837026326075));
#11677=CARTESIAN_POINT('',(0.119685039370078,0.338623102947055,0.993898583433193));
#11678=CARTESIAN_POINT('Ctrl Pts',(0.119685039370078,0.338623102947053,
0.993898583433194));
#11679=CARTESIAN_POINT('Ctrl Pts',(0.118217985366979,0.338623102947053,
0.993898583433194));
#11680=CARTESIAN_POINT('Ctrl Pts',(0.116758350894627,0.338725561842871,
0.994036765060166));
#11681=CARTESIAN_POINT('Ctrl Pts',(0.113900396837044,0.339124072648987,
0.994585735255448));
#11682=CARTESIAN_POINT('Ctrl Pts',(0.112514902989077,0.339418702569507,
0.994994822771891));
#11683=CARTESIAN_POINT('Ctrl Pts',(0.108847183109303,0.340459946915049,
0.996491172359119));
#11684=CARTESIAN_POINT('Ctrl Pts',(0.106749151912059,0.341370231651464,
0.997845275753302));
#11685=CARTESIAN_POINT('Ctrl Pts',(0.103336657417731,0.343389621800354,
1.00118171749265));
#11686=CARTESIAN_POINT('Ctrl Pts',(0.10202473589014,0.344477579772942,1.0031264870207));
#11687=CARTESIAN_POINT('Ctrl Pts',(0.100395429134784,0.346489282704482,
1.00721957597614));
#11688=CARTESIAN_POINT('Ctrl Pts',(0.0999999999999998,0.347400954200859,
1.00929023041006));
#11689=CARTESIAN_POINT('Ctrl Pts',(0.0999999999999997,0.348220690580166,
1.01141902004265));
#11690=CARTESIAN_POINT('',(0.380314960629921,0.338623102947055,0.993898583433193));
#11691=CARTESIAN_POINT('',(-0.5,0.338623102947053,0.993898583433194));
#11692=CARTESIAN_POINT('',(0.4,0.348220690580168,1.01141902004265));
#11693=CARTESIAN_POINT('Ctrl Pts',(0.4,0.348220690580166,1.01141902004265));
#11694=CARTESIAN_POINT('Ctrl Pts',(0.4,0.348135499270262,1.01119778504334));
#11695=CARTESIAN_POINT('Ctrl Pts',(0.399995723018519,0.348049175513271,
1.01097673805608));
#11696=CARTESIAN_POINT('Ctrl Pts',(0.39989442264023,0.347016449879294,1.00836891065193));
#11697=CARTESIAN_POINT('Ctrl Pts',(0.399302364766731,0.345963292268626,
1.00607841581143));
#11698=CARTESIAN_POINT('Ctrl Pts',(0.397182975889716,0.343790250639801,
1.00186467969891));
#11699=CARTESIAN_POINT('Ctrl Pts',(0.395654750496431,0.342691660095983,
0.999989790009966));
#11700=CARTESIAN_POINT('Ctrl Pts',(0.391938922281037,0.340790669652197,
0.996966198625024));
#11701=CARTESIAN_POINT('Ctrl Pts',(0.389799595480646,0.339993505242431,
0.995811672133242));
#11702=CARTESIAN_POINT('Ctrl Pts',(0.385184040782117,0.338911253629056,
0.994282943629009));
#11703=CARTESIAN_POINT('Ctrl Pts',(0.382765998940057,0.338623102947053,
0.993898583433194));
#11704=CARTESIAN_POINT('Ctrl Pts',(0.380314960629921,0.338623102947053,
0.993898583433194));
#11705=CARTESIAN_POINT('',(0.4,0.351329409836984,1.02159094550824));
#11706=CARTESIAN_POINT('Origin',(0.4,0.27823047348521,1.03837026326075));
#11707=CARTESIAN_POINT('',(0.380314960629921,0.353153424290813,1.04176900458387));
#11708=CARTESIAN_POINT('Ctrl Pts',(0.380314960629921,0.353153424290811,
1.04176900458387));
#11709=CARTESIAN_POINT('Ctrl Pts',(0.381744141192653,0.353153424290811,
1.04176900458387));
#11710=CARTESIAN_POINT('Ctrl Pts',(0.383165390591971,0.353161529418354,
1.04160211043444));
#11711=CARTESIAN_POINT('Ctrl Pts',(0.385952483265916,0.35318702158032,1.04094411675946));
#11712=CARTESIAN_POINT('Ctrl Pts',(0.387304685046755,0.353204177918287,
1.04045489941759));
#11713=CARTESIAN_POINT('Ctrl Pts',(0.390983916881622,0.353239243340231,
1.0386423467274));
#11714=CARTESIAN_POINT('Ctrl Pts',(0.393114991555294,0.35324449641178,1.03698110800109));
#11715=CARTESIAN_POINT('Ctrl Pts',(0.396592290845116,0.353064403998105,
1.03300720805299));
#11716=CARTESIAN_POINT('Ctrl Pts',(0.397934709690053,0.352880944597124,
1.03072921343899));
#11717=CARTESIAN_POINT('Ctrl Pts',(0.399595122193763,0.352255227180848,
1.02611773729025));
#11718=CARTESIAN_POINT('Ctrl Pts',(0.4,0.351848418055488,1.02385199981869));
#11719=CARTESIAN_POINT('Ctrl Pts',(0.4,0.351329409836982,1.02159094550824));
#11720=CARTESIAN_POINT('',(0.344685039370079,0.353153424290813,1.04176900458387));
#11721=CARTESIAN_POINT('',(-0.5,0.353153424290811,1.04176900458387));
#11722=CARTESIAN_POINT('',(0.325,0.348716078829873,1.0639979716873));
#11723=CARTESIAN_POINT('Ctrl Pts',(0.325,0.348716078829873,1.0639979716873));
#11724=CARTESIAN_POINT('Ctrl Pts',(0.325,0.348991377113502,1.06324080035349));
#11725=CARTESIAN_POINT('Ctrl Pts',(0.325030586697791,0.349254326199239,
1.06247953882846));
#11726=CARTESIAN_POINT('Ctrl Pts',(0.325329429737386,0.350431948718724,
1.05888435911839));
#11727=CARTESIAN_POINT('Ctrl Pts',(0.326012860792844,0.351165714287213,
1.05605687814725));
#11728=CARTESIAN_POINT('Ctrl Pts',(0.328317853103132,0.352185533521187,
1.05107038787256));
#11729=CARTESIAN_POINT('Ctrl Pts',(0.329784820165784,0.352504661238626,
1.0489369048927));
#11730=CARTESIAN_POINT('Ctrl Pts',(0.333394478950492,0.352917175922727,
1.04542929864994));
#11731=CARTESIAN_POINT('Ctrl Pts',(0.335440660759165,0.353019208852048,
1.04407169470837));
#11732=CARTESIAN_POINT('Ctrl Pts',(0.339920668385048,0.353136197254204,
1.04223801425774));
#11733=CARTESIAN_POINT('Ctrl Pts',(0.342289301283198,0.353153424290811,
1.04176900458387));
#11734=CARTESIAN_POINT('Ctrl Pts',(0.344685039370079,0.353153424290811,
1.04176900458387));
#11735=CARTESIAN_POINT('Origin',(0.325,0.27823047348521,1.03837026326075));
#11736=CARTESIAN_POINT('Origin',(-0.5,0.239407616719832,0.893481389317388));
#11737=CARTESIAN_POINT('',(-0.46875,0.219996188337143,0.821036952345708));
#11738=CARTESIAN_POINT('',(-0.5,0.219996188337143,0.821036952345708));
#11739=CARTESIAN_POINT('Origin',(-0.46875,0.239407616719832,0.893481389317388));
#11740=CARTESIAN_POINT('Origin',(-0.5,0.,0.));
#11741=CARTESIAN_POINT('',(-0.46875,0.601040765508982,0.601040762508149));
#11742=CARTESIAN_POINT('',(-0.5,0.601040765508982,0.601040762508149));
#11743=CARTESIAN_POINT('Origin',(-0.46875,0.,0.));
#11744=CARTESIAN_POINT('Origin',(-0.5,0.654073772597556,0.654073772597556));
#11745=CARTESIAN_POINT('',(-0.46875,0.707106781186547,0.707106781186547));
#11746=CARTESIAN_POINT('',(-0.5,0.707106781186547,0.707106781186547));
#11747=CARTESIAN_POINT('Origin',(-0.46875,0.654073772597556,0.654073772597556));
#11748=CARTESIAN_POINT('Origin',(0.5,1.83716777573922E-16,0.));
#11749=CARTESIAN_POINT('',(0.5,3.06161699786838E-17,-0.25));
#11750=CARTESIAN_POINT('Origin',(0.5,0.,0.));
#11751=CARTESIAN_POINT('',(0.5,7.17643024300349E-17,-0.414));
#11752=CARTESIAN_POINT('Origin',(0.5,6.12323399573676E-17,-0.5));
#11753=CARTESIAN_POINT('',(0.5,0.414,4.64141136876847E-17));
#11754=CARTESIAN_POINT('Origin',(0.5,0.5,3.06161699786838E-17));
#11755=CARTESIAN_POINT('',(0.5,-2.10639249453345E-17,0.414));
#11756=CARTESIAN_POINT('Origin',(0.5,9.70547373549473E-33,0.5));
#11757=CARTESIAN_POINT('',(0.5,-0.414,4.28626379701574E-18));
#11758=CARTESIAN_POINT('Origin',(0.5,-0.5,3.06161699786838E-17));
#11759=CARTESIAN_POINT('Origin',(-0.484375,0.893481389317388,-0.239407616719832));
#11760=CARTESIAN_POINT('',(-0.46875,0.965925826289068,-0.258819045102521));
#11761=CARTESIAN_POINT('',(-0.5,0.996111008360601,-0.266907140261975));
#11762=CARTESIAN_POINT('',(-0.46875,0.965925826289068,-0.258819045102521));
#11763=CARTESIAN_POINT('',(-0.5,0.790851769496154,-0.211908096081299));
#11764=CARTESIAN_POINT('Origin',(-0.5,0.893481389317388,-0.239407616719832));
#11765=CARTESIAN_POINT('',(-0.46875,0.821036951796517,-0.21999619038675));
#11766=CARTESIAN_POINT('',(-0.5,0.790851769496154,-0.211908096081299));
#11767=CARTESIAN_POINT('Origin',(-0.46875,0.893481389317388,-0.239407616719832));
#11768=CARTESIAN_POINT('Origin',(-0.484375,1.03837026326075,-0.27823047348521));
#11769=CARTESIAN_POINT('',(-0.46875,1.11081470023243,-0.2976419018679));
#11770=CARTESIAN_POINT('',(-0.5,1.0806295181609,-0.289553806708446));
#11771=CARTESIAN_POINT('',(-0.46875,1.11081470023243,-0.2976419018679));
#11772=CARTESIAN_POINT('Origin',(-0.5,1.03837026326075,-0.27823047348521));
#11773=CARTESIAN_POINT('Origin',(-0.46875,1.03837026326075,-0.27823047348521));
#11774=CARTESIAN_POINT('Origin',(-0.484375,0.,0.));
#11775=CARTESIAN_POINT('',(-0.46875,0.81317279836453,-0.81317279836453));
#11776=CARTESIAN_POINT('Origin',(-0.46875,0.,0.));
#11777=CARTESIAN_POINT('',(-0.5,0.79107571145245,-0.79107571145245));
#11778=CARTESIAN_POINT('',(-0.46875,0.81317279836453,-0.81317279836453));
#11779=CARTESIAN_POINT('Origin',(-0.5,0.,0.));
#11780=CARTESIAN_POINT('Origin',(-0.484375,0.760139789775539,-0.760139789775539));
#11781=CARTESIAN_POINT('',(-0.46875,0.707106781186547,-0.707106781186548));
#11782=CARTESIAN_POINT('',(-0.5,0.729203868098627,-0.729203868098627));
#11783=CARTESIAN_POINT('',(-0.46875,0.707106781186547,-0.707106781186548));
#11784=CARTESIAN_POINT('Origin',(-0.5,0.760139789775539,-0.760139789775539));
#11785=CARTESIAN_POINT('Origin',(-0.46875,0.760139789775539,-0.760139789775539));
#11786=CARTESIAN_POINT('Origin',(-0.484375,0.654073772597556,-0.654073772597557));
#11787=CARTESIAN_POINT('',(-0.46875,0.601040764008565,-0.601040764008566));
#11788=CARTESIAN_POINT('',(-0.5,0.578943677096485,-0.578943677096486));
#11789=CARTESIAN_POINT('',(-0.46875,0.601040764008565,-0.601040764008566));
#11790=CARTESIAN_POINT('Origin',(-0.5,0.654073772597556,-0.654073772597557));
#11791=CARTESIAN_POINT('Origin',(-0.46875,0.654073772597556,-0.654073772597557));
#11792=CARTESIAN_POINT('Origin',(-0.484375,0.,0.));
#11793=CARTESIAN_POINT('',(-0.46875,0.219996186287536,-0.821036952894898));
#11794=CARTESIAN_POINT('',(-0.5,0.211908091203435,-0.790851770803174));
#11795=CARTESIAN_POINT('',(-0.46875,0.219996186287536,-0.821036952894898));
#11796=CARTESIAN_POINT('Origin',(-0.5,0.,0.));
#11797=CARTESIAN_POINT('Origin',(-0.46875,0.,0.));
#11798=CARTESIAN_POINT('Origin',(-0.484375,0.239407616719831,-0.893481389317388));
#11799=CARTESIAN_POINT('',(-0.46875,0.25881904510252,-0.965925826289068));
#11800=CARTESIAN_POINT('',(-0.5,0.266907140261974,-0.996111008360601));
#11801=CARTESIAN_POINT('',(-0.46875,0.25881904510252,-0.965925826289068));
#11802=CARTESIAN_POINT('Origin',(-0.5,0.239407616719831,-0.893481389317388));
#11803=CARTESIAN_POINT('Origin',(-0.46875,0.239407616719831,-0.893481389317388));
#11804=CARTESIAN_POINT('Origin',(-0.484375,0.278230473485209,-1.03837026326075));
#11805=CARTESIAN_POINT('',(-0.46875,0.297641901867898,-1.11081470023243));
#11806=CARTESIAN_POINT('',(-0.5,0.289553806708445,-1.0806295181609));
#11807=CARTESIAN_POINT('',(-0.46875,0.297641901867898,-1.11081470023243));
#11808=CARTESIAN_POINT('Origin',(-0.5,0.278230473485209,-1.03837026326075));
#11809=CARTESIAN_POINT('Origin',(-0.46875,0.278230473485209,-1.03837026326075));
#11810=CARTESIAN_POINT('Origin',(-0.484375,0.,0.));
#11811=CARTESIAN_POINT('',(-0.46875,-0.297641901867899,-1.11081470023243));
#11812=CARTESIAN_POINT('Origin',(-0.46875,0.,0.));
#11813=CARTESIAN_POINT('',(-0.5,-0.289553806708445,-1.08062951816089));
#11814=CARTESIAN_POINT('',(-0.46875,-0.297641901867899,-1.11081470023243));
#11815=CARTESIAN_POINT('Origin',(-0.5,0.,0.));
#11816=CARTESIAN_POINT('Origin',(-0.484375,-0.27823047348521,-1.03837026326075));
#11817=CARTESIAN_POINT('',(-0.46875,-0.258819045102521,-0.965925826289068));
#11818=CARTESIAN_POINT('',(-0.5,-0.266907140261975,-0.996111008360602));
#11819=CARTESIAN_POINT('',(-0.46875,-0.258819045102521,-0.965925826289068));
#11820=CARTESIAN_POINT('Origin',(-0.5,-0.27823047348521,-1.03837026326075));
#11821=CARTESIAN_POINT('Origin',(-0.46875,-0.27823047348521,-1.03837026326075));
#11822=CARTESIAN_POINT('Origin',(-0.484375,-0.239407616719832,-0.893481389317388));
#11823=CARTESIAN_POINT('',(-0.46875,-0.219996188337143,-0.821036952345708));
#11824=CARTESIAN_POINT('',(-0.5,-0.211908093177689,-0.790851770274174));
#11825=CARTESIAN_POINT('',(-0.46875,-0.219996188337143,-0.821036952345708));
#11826=CARTESIAN_POINT('Origin',(-0.5,-0.239407616719832,-0.893481389317388));
#11827=CARTESIAN_POINT('Origin',(-0.46875,-0.239407616719832,-0.893481389317388));
#11828=CARTESIAN_POINT('Origin',(-0.484375,0.,0.));
#11829=CARTESIAN_POINT('',(-0.46875,-0.601040765508982,-0.601040762508149));
#11830=CARTESIAN_POINT('',(-0.5,-0.57894367854174,-0.578943675651232));
#11831=CARTESIAN_POINT('',(-0.46875,-0.601040765508982,-0.601040762508149));
#11832=CARTESIAN_POINT('Origin',(-0.5,0.,0.));
#11833=CARTESIAN_POINT('Origin',(-0.46875,0.,0.));
#11834=CARTESIAN_POINT('Origin',(-0.484375,-0.654073772597557,-0.654073772597556));
#11835=CARTESIAN_POINT('',(-0.5,-0.729203868098627,-0.729203868098627));
#11836=CARTESIAN_POINT('',(-0.46875,-0.707106781186547,-0.707106781186547));
#11837=CARTESIAN_POINT('Origin',(-0.5,-0.654073772597557,-0.654073772597556));
#11838=CARTESIAN_POINT('Origin',(-0.46875,-0.654073772597557,-0.654073772597556));
#11839=CARTESIAN_POINT('Origin',(-0.484375,-0.760139789775539,-0.760139789775538));
#11840=CARTESIAN_POINT('',(-0.5,-0.79107571145245,-0.79107571145245));
#11841=CARTESIAN_POINT('',(-0.46875,-0.81317279836453,-0.813172798364529));
#11842=CARTESIAN_POINT('Origin',(-0.5,-0.760139789775539,-0.760139789775538));
#11843=CARTESIAN_POINT('Origin',(-0.484375,0.,0.));
#11844=CARTESIAN_POINT('Origin',(-0.46875,0.,0.));
#11845=CARTESIAN_POINT('',(-0.5,-1.08062951816089,-0.289553806708445));
#11846=CARTESIAN_POINT('',(-0.46875,-1.11081470023243,-0.297641901867899));
#11847=CARTESIAN_POINT('Origin',(-0.5,0.,0.));
#11848=CARTESIAN_POINT('Origin',(-0.484375,-1.03837026326075,-0.27823047348521));
#11849=CARTESIAN_POINT('',(-0.5,-0.996111008360602,-0.266907140261974));
#11850=CARTESIAN_POINT('',(-0.46875,-0.965925826289068,-0.25881904510252));
#11851=CARTESIAN_POINT('Origin',(-0.5,-1.03837026326075,-0.27823047348521));
#11852=CARTESIAN_POINT('Origin',(-0.484375,-0.893481389317388,-0.239407616719831));
#11853=CARTESIAN_POINT('',(-0.5,-0.790851770274174,-0.211908093177689));
#11854=CARTESIAN_POINT('',(-0.46875,-0.821036952345708,-0.219996188337142));
#11855=CARTESIAN_POINT('Origin',(-0.5,-0.893481389317388,-0.239407616719831));
#11856=CARTESIAN_POINT('Origin',(-0.484375,0.,0.));
#11857=CARTESIAN_POINT('',(-0.5,-0.790851769745175,0.211908095151943));
#11858=CARTESIAN_POINT('',(-0.46875,-0.821036951796517,0.21999619038675));
#11859=CARTESIAN_POINT('Origin',(-0.5,0.,0.));
#11860=CARTESIAN_POINT('Origin',(-0.484375,-0.893481389317388,0.239407616719832));
#11861=CARTESIAN_POINT('',(-0.5,-0.996111008360601,0.266907140261975));
#11862=CARTESIAN_POINT('',(-0.46875,-0.965925826289068,0.258819045102521));
#11863=CARTESIAN_POINT('Origin',(-0.5,-0.893481389317388,0.239407616719832));
#11864=CARTESIAN_POINT('Origin',(-0.484375,-1.03837026326075,0.27823047348521));
#11865=CARTESIAN_POINT('',(-0.5,-1.0806295181609,0.289553806708445));
#11866=CARTESIAN_POINT('',(-0.46875,-1.11081470023243,0.297641901867899));
#11867=CARTESIAN_POINT('Origin',(-0.5,-1.03837026326075,0.27823047348521));
#11868=CARTESIAN_POINT('Origin',(-0.484375,0.,0.));
#11869=CARTESIAN_POINT('Origin',(-0.46875,0.,0.));
#11870=CARTESIAN_POINT('',(-0.5,-0.79107571145245,0.79107571145245));
#11871=CARTESIAN_POINT('',(-0.46875,-0.81317279836453,0.813172798364529));
#11872=CARTESIAN_POINT('Origin',(-0.5,0.,0.));
#11873=CARTESIAN_POINT('Origin',(-0.484375,-0.760139789775539,0.760139789775538));
#11874=CARTESIAN_POINT('',(-0.5,-0.729203868098627,0.729203868098627));
#11875=CARTESIAN_POINT('',(-0.46875,-0.707106781186548,0.707106781186547));
#11876=CARTESIAN_POINT('Origin',(-0.5,-0.760139789775539,0.760139789775538));
#11877=CARTESIAN_POINT('Origin',(-0.484375,-0.654073772597556,0.654073772597556));
#11878=CARTESIAN_POINT('',(-0.5,-0.578943677096486,0.578943677096486));
#11879=CARTESIAN_POINT('',(-0.46875,-0.601040764008565,0.601040764008565));
#11880=CARTESIAN_POINT('Origin',(-0.5,-0.654073772597556,0.654073772597556));
#11881=CARTESIAN_POINT('Origin',(-0.484375,0.,0.));
#11882=CARTESIAN_POINT('',(-0.5,-0.211908091203435,0.790851770803174));
#11883=CARTESIAN_POINT('',(-0.46875,-0.219996186287535,0.821036952894898));
#11884=CARTESIAN_POINT('Origin',(-0.5,0.,0.));
#11885=CARTESIAN_POINT('Origin',(-0.484375,-0.239407616719832,0.893481389317388));
#11886=CARTESIAN_POINT('',(-0.5,-0.266907140261974,0.996111008360602));
#11887=CARTESIAN_POINT('',(-0.46875,-0.258819045102521,0.965925826289068));
#11888=CARTESIAN_POINT('Origin',(-0.5,-0.239407616719832,0.893481389317388));
#11889=CARTESIAN_POINT('Origin',(-0.484375,-0.27823047348521,1.03837026326075));
#11890=CARTESIAN_POINT('',(-0.5,-0.289553806708445,1.0806295181609));
#11891=CARTESIAN_POINT('',(-0.46875,-0.297641901867899,1.11081470023243));
#11892=CARTESIAN_POINT('Origin',(-0.5,-0.27823047348521,1.03837026326075));
#11893=CARTESIAN_POINT('Origin',(-0.484375,0.,0.));
#11894=CARTESIAN_POINT('Origin',(-0.46875,0.,0.));
#11895=CARTESIAN_POINT('',(-0.5,0.289553806708445,1.08062951816089));
#11896=CARTESIAN_POINT('',(-0.46875,0.297641901867899,1.11081470023243));
#11897=CARTESIAN_POINT('Origin',(-0.5,0.,0.));
#11898=CARTESIAN_POINT('Origin',(-0.484375,0.27823047348521,1.03837026326075));
#11899=CARTESIAN_POINT('',(-0.5,0.266907140261975,0.996111008360602));
#11900=CARTESIAN_POINT('',(-0.46875,0.258819045102521,0.965925826289068));
#11901=CARTESIAN_POINT('Origin',(-0.5,0.27823047348521,1.03837026326075));
#11902=CARTESIAN_POINT('Origin',(-0.484375,0.239407616719832,0.893481389317388));
#11903=CARTESIAN_POINT('',(-0.5,0.211908093177689,0.790851770274174));
#11904=CARTESIAN_POINT('',(-0.46875,0.219996188337143,0.821036952345708));
#11905=CARTESIAN_POINT('Origin',(-0.5,0.239407616719832,0.893481389317388));
#11906=CARTESIAN_POINT('Origin',(-0.484375,0.,0.));
#11907=CARTESIAN_POINT('',(-0.5,0.57894367854174,0.578943675651231));
#11908=CARTESIAN_POINT('',(-0.46875,0.601040765508982,0.601040762508149));
#11909=CARTESIAN_POINT('Origin',(-0.5,0.,0.));
#11910=CARTESIAN_POINT('Origin',(-0.484375,0.654073772597556,0.654073772597556));
#11911=CARTESIAN_POINT('',(-0.5,0.729203868098627,0.729203868098627));
#11912=CARTESIAN_POINT('',(-0.46875,0.707106781186547,0.707106781186547));
#11913=CARTESIAN_POINT('Origin',(-0.5,0.654073772597556,0.654073772597556));
#11914=CARTESIAN_POINT('Origin',(-0.484375,0.760139789775539,0.760139789775538));
#11915=CARTESIAN_POINT('',(-0.46875,0.81317279836453,0.813172798364529));
#11916=CARTESIAN_POINT('',(-0.5,0.79107571145245,0.79107571145245));
#11917=CARTESIAN_POINT('',(-0.46875,0.81317279836453,0.813172798364529));
#11918=CARTESIAN_POINT('Origin',(-0.5,0.760139789775539,0.760139789775538));
#11919=CARTESIAN_POINT('Origin',(-0.46875,0.760139789775539,0.760139789775538));
#11920=CARTESIAN_POINT('Origin',(-0.484375,0.,0.));
#11921=CARTESIAN_POINT('',(-0.46875,1.11081470023243,0.297641901867899));
#11922=CARTESIAN_POINT('Origin',(-0.46875,0.,0.));
#11923=CARTESIAN_POINT('',(-0.5,1.08062951816089,0.289553806708445));
#11924=CARTESIAN_POINT('',(-0.46875,1.11081470023243,0.297641901867899));
#11925=CARTESIAN_POINT('Origin',(-0.5,0.,0.));
#11926=CARTESIAN_POINT('Origin',(-0.484375,1.03837026326075,0.27823047348521));
#11927=CARTESIAN_POINT('',(-0.46875,0.965925826289068,0.25881904510252));
#11928=CARTESIAN_POINT('',(-0.5,0.996111008360602,0.266907140261974));
#11929=CARTESIAN_POINT('',(-0.46875,0.965925826289068,0.25881904510252));
#11930=CARTESIAN_POINT('Origin',(-0.5,1.03837026326075,0.27823047348521));
#11931=CARTESIAN_POINT('Origin',(-0.46875,1.03837026326075,0.27823047348521));
#11932=CARTESIAN_POINT('Origin',(-0.484375,0.893481389317388,0.239407616719831));
#11933=CARTESIAN_POINT('',(-0.46875,0.821036952345708,0.219996188337142));
#11934=CARTESIAN_POINT('',(-0.5,0.790851770274174,0.211908093177688));
#11935=CARTESIAN_POINT('',(-0.46875,0.821036952345708,0.219996188337142));
#11936=CARTESIAN_POINT('Origin',(-0.5,0.893481389317388,0.239407616719831));
#11937=CARTESIAN_POINT('Origin',(-0.46875,0.893481389317388,0.239407616719831));
#11938=CARTESIAN_POINT('Origin',(-0.484375,0.,0.));
#11939=CARTESIAN_POINT('Origin',(-0.5,0.,0.));
#11940=CARTESIAN_POINT('Origin',(-0.46875,0.,0.));
#11941=CARTESIAN_POINT('Origin',(-0.4125,0.,0.));
#11942=CARTESIAN_POINT('Origin',(-0.325,0.,0.));
#11943=CARTESIAN_POINT('Origin',(-0.5,-0.654073772597557,-0.654073772597556));
#11944=CARTESIAN_POINT('',(-0.5,-0.601040765508982,-0.601040762508149));
#11945=CARTESIAN_POINT('Origin',(-0.5,0.,0.));
#11946=CARTESIAN_POINT('',(-0.5,-0.219996188337143,-0.821036952345708));
#11947=CARTESIAN_POINT('Origin',(-0.5,-0.239407616719832,-0.893481389317388));
#11948=CARTESIAN_POINT('',(-0.5,-0.258819045102521,-0.965925826289068));
#11949=CARTESIAN_POINT('Origin',(-0.5,-0.27823047348521,-1.03837026326075));
#11950=CARTESIAN_POINT('',(-0.325,-0.297641901867898,-1.11081470023243));
#11951=CARTESIAN_POINT('',(-0.5,-0.297641901867899,-1.11081470023243));
#11952=CARTESIAN_POINT('',(-0.325,-0.348716078829873,-1.0639979716873));
#11953=CARTESIAN_POINT('Origin',(-0.325,-0.27823047348521,-1.03837026326075));
#11954=CARTESIAN_POINT('',(-0.344685039370079,-0.353153424290813,-1.04176900458387));
#11955=CARTESIAN_POINT('Ctrl Pts',(-0.344685039370079,-0.353153424290811,
-1.04176900458387));
#11956=CARTESIAN_POINT('Ctrl Pts',(-0.342540714046753,-0.353153424290811,
-1.04176900458387));
#11957=CARTESIAN_POINT('Ctrl Pts',(-0.340415633672415,-0.353139021862817,
-1.04214476980385));
#11958=CARTESIAN_POINT('Ctrl Pts',(-0.33635730937351,-0.353050323580863,
-1.04361832779261));
#11959=CARTESIAN_POINT('Ctrl Pts',(-0.334468301622043,-0.352974991629003,
-1.04471028676408));
#11960=CARTESIAN_POINT('Ctrl Pts',(-0.330744349293367,-0.352655470897606,
-1.04779590717466));
#11961=CARTESIAN_POINT('Ctrl Pts',(-0.329084266600234,-0.352379663204485,
-1.0498815946518));
#11962=CARTESIAN_POINT('Ctrl Pts',(-0.326435358392809,-0.351453087019275,
-1.05481660723744));
#11963=CARTESIAN_POINT('Ctrl Pts',(-0.325531193028306,-0.350756024759507,
-1.05776009748062));
#11964=CARTESIAN_POINT('Ctrl Pts',(-0.325055827954081,-0.349437497991989,
-1.06194420745452));
#11965=CARTESIAN_POINT('Ctrl Pts',(-0.325,-0.349088120126943,-1.06297472155503));
#11966=CARTESIAN_POINT('Ctrl Pts',(-0.325,-0.348716078829872,-1.0639979716873));
#11967=CARTESIAN_POINT('',(-0.380314960629921,-0.353153424290813,-1.04176900458387));
#11968=CARTESIAN_POINT('',(-0.5,-0.353153424290811,-1.04176900458387));
#11969=CARTESIAN_POINT('',(-0.4,-0.351329409836984,-1.02159094550824));
#11970=CARTESIAN_POINT('Ctrl Pts',(-0.4,-0.351329409836982,-1.02159094550824));
#11971=CARTESIAN_POINT('Ctrl Pts',(-0.4,-0.351393177458502,-1.02186874853787));
#11972=CARTESIAN_POINT('Ctrl Pts',(-0.399993878448789,-0.351455435760545,
-1.02214724170903));
#11973=CARTESIAN_POINT('Ctrl Pts',(-0.399868787495742,-0.352074491758885,
-1.02499269345729));
#11974=CARTESIAN_POINT('Ctrl Pts',(-0.399239938688499,-0.352482614327726,
-1.02753805299614));
#11975=CARTESIAN_POINT('Ctrl Pts',(-0.397044156788947,-0.353025121328933,
-1.03231888251429));
#11976=CARTESIAN_POINT('Ctrl Pts',(-0.395481786300013,-0.353153655484714,
-1.03451310642562));
#11977=CARTESIAN_POINT('Ctrl Pts',(-0.391740518908261,-0.353249795480692,
-1.03807332285003));
#11978=CARTESIAN_POINT('Ctrl Pts',(-0.389620888358522,-0.353228430732467,
-1.03946108058841));
#11979=CARTESIAN_POINT('Ctrl Pts',(-0.385074951070903,-0.353178650853766,
-1.04129919728854));
#11980=CARTESIAN_POINT('Ctrl Pts',(-0.382712739671832,-0.353153424290811,
-1.04176900458387));
#11981=CARTESIAN_POINT('Ctrl Pts',(-0.380314960629921,-0.353153424290811,
-1.04176900458387));
#11982=CARTESIAN_POINT('',(-0.4,-0.348220690580167,-1.01141902004265));
#11983=CARTESIAN_POINT('Origin',(-0.4,-0.27823047348521,-1.03837026326075));
#11984=CARTESIAN_POINT('',(-0.380314960629921,-0.338623102947055,-0.993898583433193));
#11985=CARTESIAN_POINT('Ctrl Pts',(-0.380314960629921,-0.338623102947053,
-0.993898583433194));
#11986=CARTESIAN_POINT('Ctrl Pts',(-0.381782014633021,-0.338623102947053,
-0.993898583433194));
#11987=CARTESIAN_POINT('Ctrl Pts',(-0.383241649105374,-0.338725561842871,
-0.994036765060167));
#11988=CARTESIAN_POINT('Ctrl Pts',(-0.386099603162956,-0.339124072648986,
-0.994585735255448));
#11989=CARTESIAN_POINT('Ctrl Pts',(-0.387485097010923,-0.339418702569507,
-0.994994822771892));
#11990=CARTESIAN_POINT('Ctrl Pts',(-0.391152816890696,-0.340459946915049,
-0.996491172359119));
#11991=CARTESIAN_POINT('Ctrl Pts',(-0.393250848087941,-0.341370231651464,
-0.997845275753302));
#11992=CARTESIAN_POINT('Ctrl Pts',(-0.396663342582269,-0.343389621800354,
-1.00118171749265));
#11993=CARTESIAN_POINT('Ctrl Pts',(-0.39797526410986,-0.344477579772942,
-1.0031264870207));
#11994=CARTESIAN_POINT('Ctrl Pts',(-0.399604570865216,-0.346489282704481,
-1.00721957597614));
#11995=CARTESIAN_POINT('Ctrl Pts',(-0.4,-0.347400954200859,-1.00929023041006));
#11996=CARTESIAN_POINT('Ctrl Pts',(-0.4,-0.348220690580166,-1.01141902004265));
#11997=CARTESIAN_POINT('',(-0.119685039370079,-0.338623102947055,-0.993898583433193));
#11998=CARTESIAN_POINT('',(-0.5,-0.338623102947053,-0.993898583433194));
#11999=CARTESIAN_POINT('',(-0.1,-0.348220690580167,-1.01141902004265));
#12000=CARTESIAN_POINT('Ctrl Pts',(-0.1,-0.348220690580166,-1.01141902004265));
#12001=CARTESIAN_POINT('Ctrl Pts',(-0.1,-0.348135499270262,-1.01119778504334));
#12002=CARTESIAN_POINT('Ctrl Pts',(-0.10000427698148,-0.34804917551327,
-1.01097673805608));
#12003=CARTESIAN_POINT('Ctrl Pts',(-0.10010557735977,-0.347016449879293,
-1.00836891065193));
#12004=CARTESIAN_POINT('Ctrl Pts',(-0.100697635233269,-0.345963292268625,
-1.00607841581143));
#12005=CARTESIAN_POINT('Ctrl Pts',(-0.102817024110284,-0.343790250639801,
-1.00186467969891));
#12006=CARTESIAN_POINT('Ctrl Pts',(-0.104345249503568,-0.342691660095983,
-0.999989790009966));
#12007=CARTESIAN_POINT('Ctrl Pts',(-0.108061077718962,-0.340790669652196,
-0.996966198625024));
#12008=CARTESIAN_POINT('Ctrl Pts',(-0.110200404519354,-0.339993505242431,
-0.995811672133242));
#12009=CARTESIAN_POINT('Ctrl Pts',(-0.114815959217883,-0.338911253629056,
-0.994282943629009));
#12010=CARTESIAN_POINT('Ctrl Pts',(-0.117234001059943,-0.338623102947053,
-0.993898583433194));
#12011=CARTESIAN_POINT('Ctrl Pts',(-0.119685039370079,-0.338623102947053,
-0.993898583433194));
#12012=CARTESIAN_POINT('',(-0.1,-0.351329409836984,-1.02159094550824));
#12013=CARTESIAN_POINT('Origin',(-0.1,-0.27823047348521,-1.03837026326075));
#12014=CARTESIAN_POINT('',(-0.119685039370079,-0.353153424290813,-1.04176900458387));
#12015=CARTESIAN_POINT('Ctrl Pts',(-0.119685039370079,-0.353153424290811,
-1.04176900458387));
#12016=CARTESIAN_POINT('Ctrl Pts',(-0.118255858807347,-0.353153424290811,
-1.04176900458387));
#12017=CARTESIAN_POINT('Ctrl Pts',(-0.11683460940803,-0.353161529418354,
-1.04160211043444));
#12018=CARTESIAN_POINT('Ctrl Pts',(-0.114047516734083,-0.35318702158032,
-1.04094411675946));
#12019=CARTESIAN_POINT('Ctrl Pts',(-0.112695314953244,-0.353204177918287,
-1.04045489941759));
#12020=CARTESIAN_POINT('Ctrl Pts',(-0.109016083118378,-0.353239243340231,
-1.0386423467274));
#12021=CARTESIAN_POINT('Ctrl Pts',(-0.106885008444705,-0.35324449641178,
-1.03698110800109));
#12022=CARTESIAN_POINT('Ctrl Pts',(-0.103407709154884,-0.353064403998106,
-1.03300720805299));
#12023=CARTESIAN_POINT('Ctrl Pts',(-0.102065290309947,-0.352880944597124,
-1.03072921343899));
#12024=CARTESIAN_POINT('Ctrl Pts',(-0.100404877806236,-0.352255227180848,
-1.02611773729025));
#12025=CARTESIAN_POINT('Ctrl Pts',(-0.1,-0.351848418055488,-1.02385199981869));
#12026=CARTESIAN_POINT('Ctrl Pts',(-0.1,-0.351329409836982,-1.02159094550824));
#12027=CARTESIAN_POINT('',(-0.155314960629921,-0.353153424290813,-1.04176900458387));
#12028=CARTESIAN_POINT('',(-0.5,-0.353153424290811,-1.04176900458387));
#12029=CARTESIAN_POINT('',(-0.175,-0.348716078829873,-1.0639979716873));
#12030=CARTESIAN_POINT('Ctrl Pts',(-0.175,-0.348716078829872,-1.0639979716873));
#12031=CARTESIAN_POINT('Ctrl Pts',(-0.175,-0.348991377113502,-1.06324080035349));
#12032=CARTESIAN_POINT('Ctrl Pts',(-0.174969413302209,-0.349254326199239,
-1.06247953882846));
#12033=CARTESIAN_POINT('Ctrl Pts',(-0.174670570262614,-0.350431948718723,
-1.05888435911839));
#12034=CARTESIAN_POINT('Ctrl Pts',(-0.173987139207156,-0.351165714287212,
-1.05605687814725));
#12035=CARTESIAN_POINT('Ctrl Pts',(-0.171682146896868,-0.352185533521187,
-1.05107038787256));
#12036=CARTESIAN_POINT('Ctrl Pts',(-0.170215179834215,-0.352504661238626,
-1.0489369048927));
#12037=CARTESIAN_POINT('Ctrl Pts',(-0.166605521049508,-0.352917175922726,
-1.04542929864994));
#12038=CARTESIAN_POINT('Ctrl Pts',(-0.164559339240834,-0.353019208852047,
-1.04407169470837));
#12039=CARTESIAN_POINT('Ctrl Pts',(-0.160079331614953,-0.353136197254203,
-1.04223801425774));
#12040=CARTESIAN_POINT('Ctrl Pts',(-0.157710698716802,-0.353153424290811,
-1.04176900458387));
#12041=CARTESIAN_POINT('Ctrl Pts',(-0.155314960629921,-0.353153424290811,
-1.04176900458387));
#12042=CARTESIAN_POINT('',(-0.175,-0.297641901867898,-1.11081470023243));
#12043=CARTESIAN_POINT('Origin',(-0.175,-0.27823047348521,-1.03837026326075));
#12044=CARTESIAN_POINT('',(0.175,-0.297641901867898,-1.11081470023243));
#12045=CARTESIAN_POINT('',(-0.5,-0.297641901867899,-1.11081470023243));
#12046=CARTESIAN_POINT('',(0.175,-0.348716078829873,-1.0639979716873));
#12047=CARTESIAN_POINT('Origin',(0.175,-0.27823047348521,-1.03837026326075));
#12048=CARTESIAN_POINT('',(0.155314960629921,-0.353153424290813,-1.04176900458387));
#12049=CARTESIAN_POINT('Ctrl Pts',(0.155314960629921,-0.353153424290811,
-1.04176900458387));
#12050=CARTESIAN_POINT('Ctrl Pts',(0.157459285953247,-0.353153424290811,
-1.04176900458387));
#12051=CARTESIAN_POINT('Ctrl Pts',(0.159584366327585,-0.353139021862817,
-1.04214476980385));
#12052=CARTESIAN_POINT('Ctrl Pts',(0.16364269062649,-0.353050323580863,
-1.04361832779261));
#12053=CARTESIAN_POINT('Ctrl Pts',(0.165531698377957,-0.352974991629003,
-1.04471028676408));
#12054=CARTESIAN_POINT('Ctrl Pts',(0.169255650706633,-0.352655470897606,
-1.04779590717466));
#12055=CARTESIAN_POINT('Ctrl Pts',(0.170915733399765,-0.352379663204485,
-1.0498815946518));
#12056=CARTESIAN_POINT('Ctrl Pts',(0.173564641607192,-0.351453087019275,
-1.05481660723745));
#12057=CARTESIAN_POINT('Ctrl Pts',(0.174468806971694,-0.350756024759506,
-1.05776009748063));
#12058=CARTESIAN_POINT('Ctrl Pts',(0.174944172045919,-0.349437497991989,
-1.06194420745452));
#12059=CARTESIAN_POINT('Ctrl Pts',(0.175,-0.349088120126943,-1.06297472155503));
#12060=CARTESIAN_POINT('Ctrl Pts',(0.175,-0.348716078829872,-1.0639979716873));
#12061=CARTESIAN_POINT('',(0.119685039370078,-0.353153424290813,-1.04176900458387));
#12062=CARTESIAN_POINT('',(-0.5,-0.353153424290811,-1.04176900458387));
#12063=CARTESIAN_POINT('',(0.0999999999999997,-0.351329409836984,-1.02159094550824));
#12064=CARTESIAN_POINT('Ctrl Pts',(0.0999999999999997,-0.351329409836982,
-1.02159094550824));
#12065=CARTESIAN_POINT('Ctrl Pts',(0.0999999999999997,-0.351393177458502,
-1.02186874853787));
#12066=CARTESIAN_POINT('Ctrl Pts',(0.100006121551211,-0.351455435760545,
-1.02214724170903));
#12067=CARTESIAN_POINT('Ctrl Pts',(0.100131212504258,-0.352074491758885,
-1.02499269345729));
#12068=CARTESIAN_POINT('Ctrl Pts',(0.1007600613115,-0.352482614327726,-1.02753805299614));
#12069=CARTESIAN_POINT('Ctrl Pts',(0.102955843211052,-0.353025121328933,
-1.03231888251429));
#12070=CARTESIAN_POINT('Ctrl Pts',(0.104518213699987,-0.353153655484714,
-1.03451310642562));
#12071=CARTESIAN_POINT('Ctrl Pts',(0.108259481091739,-0.353249795480692,
-1.03807332285003));
#12072=CARTESIAN_POINT('Ctrl Pts',(0.110379111641478,-0.353228430732467,
-1.03946108058841));
#12073=CARTESIAN_POINT('Ctrl Pts',(0.114925048929097,-0.353178650853766,
-1.04129919728854));
#12074=CARTESIAN_POINT('Ctrl Pts',(0.117287260328168,-0.353153424290811,
-1.04176900458387));
#12075=CARTESIAN_POINT('Ctrl Pts',(0.119685039370078,-0.353153424290811,
-1.04176900458387));
#12076=CARTESIAN_POINT('',(0.0999999999999997,-0.348220690580167,-1.01141902004265));
#12077=CARTESIAN_POINT('Origin',(0.0999999999999997,-0.27823047348521,-1.03837026326075));
#12078=CARTESIAN_POINT('',(0.119685039370078,-0.338623102947055,-0.993898583433193));
#12079=CARTESIAN_POINT('Ctrl Pts',(0.119685039370078,-0.338623102947053,
-0.993898583433194));
#12080=CARTESIAN_POINT('Ctrl Pts',(0.118217985366979,-0.338623102947053,
-0.993898583433194));
#12081=CARTESIAN_POINT('Ctrl Pts',(0.116758350894626,-0.338725561842871,
-0.994036765060167));
#12082=CARTESIAN_POINT('Ctrl Pts',(0.113900396837044,-0.339124072648986,
-0.994585735255448));
#12083=CARTESIAN_POINT('Ctrl Pts',(0.112514902989077,-0.339418702569507,
-0.994994822771892));
#12084=CARTESIAN_POINT('Ctrl Pts',(0.108847183109303,-0.340459946915049,
-0.996491172359119));
#12085=CARTESIAN_POINT('Ctrl Pts',(0.106749151912059,-0.341370231651464,
-0.997845275753302));
#12086=CARTESIAN_POINT('Ctrl Pts',(0.103336657417731,-0.343389621800354,
-1.00118171749265));
#12087=CARTESIAN_POINT('Ctrl Pts',(0.10202473589014,-0.344477579772942,
-1.0031264870207));
#12088=CARTESIAN_POINT('Ctrl Pts',(0.100395429134784,-0.346489282704482,
-1.00721957597614));
#12089=CARTESIAN_POINT('Ctrl Pts',(0.0999999999999997,-0.347400954200859,
-1.00929023041006));
#12090=CARTESIAN_POINT('Ctrl Pts',(0.0999999999999997,-0.348220690580166,
-1.01141902004265));
#12091=CARTESIAN_POINT('',(0.380314960629921,-0.338623102947055,-0.993898583433193));
#12092=CARTESIAN_POINT('',(-0.5,-0.338623102947053,-0.993898583433194));
#12093=CARTESIAN_POINT('',(0.4,-0.348220690580167,-1.01141902004265));
#12094=CARTESIAN_POINT('Ctrl Pts',(0.4,-0.348220690580166,-1.01141902004265));
#12095=CARTESIAN_POINT('Ctrl Pts',(0.4,-0.348135499270262,-1.01119778504334));
#12096=CARTESIAN_POINT('Ctrl Pts',(0.399995723018519,-0.34804917551327,
-1.01097673805608));
#12097=CARTESIAN_POINT('Ctrl Pts',(0.39989442264023,-0.347016449879293,
-1.00836891065193));
#12098=CARTESIAN_POINT('Ctrl Pts',(0.399302364766731,-0.345963292268625,
-1.00607841581143));
#12099=CARTESIAN_POINT('Ctrl Pts',(0.397182975889716,-0.343790250639801,
-1.00186467969891));
#12100=CARTESIAN_POINT('Ctrl Pts',(0.395654750496431,-0.342691660095983,
-0.999989790009966));
#12101=CARTESIAN_POINT('Ctrl Pts',(0.391938922281037,-0.340790669652196,
-0.996966198625024));
#12102=CARTESIAN_POINT('Ctrl Pts',(0.389799595480646,-0.339993505242431,
-0.995811672133243));
#12103=CARTESIAN_POINT('Ctrl Pts',(0.385184040782117,-0.338911253629056,
-0.994282943629009));
#12104=CARTESIAN_POINT('Ctrl Pts',(0.382765998940057,-0.338623102947053,
-0.993898583433194));
#12105=CARTESIAN_POINT('Ctrl Pts',(0.380314960629921,-0.338623102947053,
-0.993898583433194));
#12106=CARTESIAN_POINT('',(0.4,-0.351329409836984,-1.02159094550824));
#12107=CARTESIAN_POINT('Origin',(0.4,-0.27823047348521,-1.03837026326075));
#12108=CARTESIAN_POINT('',(0.380314960629921,-0.353153424290813,-1.04176900458387));
#12109=CARTESIAN_POINT('Ctrl Pts',(0.380314960629921,-0.353153424290811,
-1.04176900458387));
#12110=CARTESIAN_POINT('Ctrl Pts',(0.381744141192652,-0.353153424290811,
-1.04176900458387));
#12111=CARTESIAN_POINT('Ctrl Pts',(0.383165390591969,-0.353161529418354,
-1.04160211043444));
#12112=CARTESIAN_POINT('Ctrl Pts',(0.385952483265917,-0.35318702158032,
-1.04094411675946));
#12113=CARTESIAN_POINT('Ctrl Pts',(0.387304685046756,-0.353204177918287,
-1.04045489941759));
#12114=CARTESIAN_POINT('Ctrl Pts',(0.390983916881622,-0.353239243340231,
-1.0386423467274));
#12115=CARTESIAN_POINT('Ctrl Pts',(0.393114991555294,-0.35324449641178,
-1.03698110800109));
#12116=CARTESIAN_POINT('Ctrl Pts',(0.396592290845116,-0.353064403998106,
-1.03300720805299));
#12117=CARTESIAN_POINT('Ctrl Pts',(0.397934709690053,-0.352880944597124,
-1.03072921343899));
#12118=CARTESIAN_POINT('Ctrl Pts',(0.399595122193764,-0.352255227180848,
-1.02611773729025));
#12119=CARTESIAN_POINT('Ctrl Pts',(0.4,-0.351848418055488,-1.02385199981869));
#12120=CARTESIAN_POINT('Ctrl Pts',(0.4,-0.351329409836982,-1.02159094550824));
#12121=CARTESIAN_POINT('',(0.344685039370079,-0.353153424290813,-1.04176900458387));
#12122=CARTESIAN_POINT('',(-0.5,-0.353153424290811,-1.04176900458387));
#12123=CARTESIAN_POINT('',(0.325,-0.348716078829873,-1.0639979716873));
#12124=CARTESIAN_POINT('Ctrl Pts',(0.325,-0.348716078829872,-1.0639979716873));
#12125=CARTESIAN_POINT('Ctrl Pts',(0.325,-0.348991377113502,-1.06324080035349));
#12126=CARTESIAN_POINT('Ctrl Pts',(0.325030586697791,-0.349254326199239,
-1.06247953882846));
#12127=CARTESIAN_POINT('Ctrl Pts',(0.325329429737386,-0.350431948718723,
-1.05888435911839));
#12128=CARTESIAN_POINT('Ctrl Pts',(0.326012860792844,-0.351165714287212,
-1.05605687814725));
#12129=CARTESIAN_POINT('Ctrl Pts',(0.328317853103132,-0.352185533521187,
-1.05107038787256));
#12130=CARTESIAN_POINT('Ctrl Pts',(0.329784820165784,-0.352504661238626,
-1.0489369048927));
#12131=CARTESIAN_POINT('Ctrl Pts',(0.333394478950493,-0.352917175922727,
-1.04542929864994));
#12132=CARTESIAN_POINT('Ctrl Pts',(0.335440660759166,-0.353019208852047,
-1.04407169470837));
#12133=CARTESIAN_POINT('Ctrl Pts',(0.339920668385047,-0.353136197254203,
-1.04223801425774));
#12134=CARTESIAN_POINT('Ctrl Pts',(0.342289301283198,-0.353153424290811,
-1.04176900458387));
#12135=CARTESIAN_POINT('Ctrl Pts',(0.344685039370079,-0.353153424290811,
-1.04176900458387));
#12136=CARTESIAN_POINT('',(0.325,-0.297641901867898,-1.11081470023243));
#12137=CARTESIAN_POINT('Origin',(0.325,-0.27823047348521,-1.03837026326075));
#12138=CARTESIAN_POINT('',(-0.5,-0.297641901867899,-1.11081470023243));
#12139=CARTESIAN_POINT('Origin',(-0.4125,0.,0.));
#12140=CARTESIAN_POINT('',(-0.325,0.297641901867899,-1.11081470023243));
#12141=CARTESIAN_POINT('',(-0.5,0.297641901867898,-1.11081470023243));
#12142=CARTESIAN_POINT('Origin',(-0.325,0.,0.));
#12143=CARTESIAN_POINT('Origin',(-0.5,0.278230473485209,-1.03837026326075));
#12144=CARTESIAN_POINT('',(0.325,0.297641901867899,-1.11081470023243));
#12145=CARTESIAN_POINT('',(-0.5,0.297641901867898,-1.11081470023243));
#12146=CARTESIAN_POINT('',(0.325,0.348716078829872,-1.0639979716873));
#12147=CARTESIAN_POINT('Origin',(0.325,0.278230473485209,-1.03837026326075));
#12148=CARTESIAN_POINT('',(0.344685039370079,0.353153424290812,-1.04176900458387));
#12149=CARTESIAN_POINT('Ctrl Pts',(0.344685039370079,0.35315342429081,-1.04176900458387));
#12150=CARTESIAN_POINT('Ctrl Pts',(0.342540714046752,0.35315342429081,-1.04176900458387));
#12151=CARTESIAN_POINT('Ctrl Pts',(0.340415633672414,0.353139021862816,
-1.04214476980385));
#12152=CARTESIAN_POINT('Ctrl Pts',(0.336357309373511,0.353050323580862,
-1.04361832779261));
#12153=CARTESIAN_POINT('Ctrl Pts',(0.334468301622043,0.352974991629002,
-1.04471028676408));
#12154=CARTESIAN_POINT('Ctrl Pts',(0.330744349293366,0.352655470897605,
-1.04779590717466));
#12155=CARTESIAN_POINT('Ctrl Pts',(0.329084266600234,0.352379663204484,
-1.0498815946518));
#12156=CARTESIAN_POINT('Ctrl Pts',(0.326435358392807,0.351453087019274,
-1.05481660723745));
#12157=CARTESIAN_POINT('Ctrl Pts',(0.325531193028305,0.350756024759505,
-1.05776009748063));
#12158=CARTESIAN_POINT('Ctrl Pts',(0.32505582795408,0.349437497991989,-1.06194420745452));
#12159=CARTESIAN_POINT('Ctrl Pts',(0.325,0.349088120126942,-1.06297472155503));
#12160=CARTESIAN_POINT('Ctrl Pts',(0.325,0.348716078829872,-1.0639979716873));
#12161=CARTESIAN_POINT('',(0.380314960629921,0.353153424290812,-1.04176900458387));
#12162=CARTESIAN_POINT('',(-0.5,0.35315342429081,-1.04176900458387));
#12163=CARTESIAN_POINT('',(0.4,0.351329409836983,-1.02159094550824));
#12164=CARTESIAN_POINT('Ctrl Pts',(0.4,0.351329409836982,-1.02159094550824));
#12165=CARTESIAN_POINT('Ctrl Pts',(0.4,0.351393177458501,-1.02186874853787));
#12166=CARTESIAN_POINT('Ctrl Pts',(0.399993878448788,0.351455435760544,
-1.02214724170903));
#12167=CARTESIAN_POINT('Ctrl Pts',(0.399868787495742,0.352074491758885,
-1.02499269345729));
#12168=CARTESIAN_POINT('Ctrl Pts',(0.399239938688499,0.352482614327726,
-1.02753805299614));
#12169=CARTESIAN_POINT('Ctrl Pts',(0.397044156788947,0.353025121328933,
-1.03231888251429));
#12170=CARTESIAN_POINT('Ctrl Pts',(0.395481786300012,0.353153655484713,
-1.03451310642562));
#12171=CARTESIAN_POINT('Ctrl Pts',(0.391740518908261,0.353249795480692,
-1.03807332285003));
#12172=CARTESIAN_POINT('Ctrl Pts',(0.389620888358521,0.353228430732467,
-1.03946108058841));
#12173=CARTESIAN_POINT('Ctrl Pts',(0.385074951070902,0.353178650853766,
-1.04129919728854));
#12174=CARTESIAN_POINT('Ctrl Pts',(0.382712739671831,0.35315342429081,-1.04176900458387));
#12175=CARTESIAN_POINT('Ctrl Pts',(0.380314960629921,0.35315342429081,-1.04176900458387));
#12176=CARTESIAN_POINT('',(0.4,0.348220690580167,-1.01141902004265));
#12177=CARTESIAN_POINT('Origin',(0.4,0.278230473485209,-1.03837026326075));
#12178=CARTESIAN_POINT('',(0.380314960629921,0.338623102947055,-0.993898583433193));
#12179=CARTESIAN_POINT('Ctrl Pts',(0.380314960629921,0.338623102947052,
-0.993898583433194));
#12180=CARTESIAN_POINT('Ctrl Pts',(0.38178201463302,0.338623102947052,-0.993898583433194));
#12181=CARTESIAN_POINT('Ctrl Pts',(0.383241649105373,0.338725561842871,
-0.994036765060166));
#12182=CARTESIAN_POINT('Ctrl Pts',(0.386099603162956,0.339124072648986,
-0.994585735255448));
#12183=CARTESIAN_POINT('Ctrl Pts',(0.387485097010923,0.339418702569507,
-0.994994822771892));
#12184=CARTESIAN_POINT('Ctrl Pts',(0.391152816890696,0.340459946915049,
-0.996491172359119));
#12185=CARTESIAN_POINT('Ctrl Pts',(0.39325084808794,0.341370231651463,-0.997845275753301));
#12186=CARTESIAN_POINT('Ctrl Pts',(0.396663342582269,0.343389621800354,
-1.00118171749265));
#12187=CARTESIAN_POINT('Ctrl Pts',(0.39797526410986,0.344477579772941,-1.0031264870207));
#12188=CARTESIAN_POINT('Ctrl Pts',(0.399604570865215,0.346489282704481,
-1.00721957597614));
#12189=CARTESIAN_POINT('Ctrl Pts',(0.4,0.347400954200859,-1.00929023041006));
#12190=CARTESIAN_POINT('Ctrl Pts',(0.4,0.348220690580165,-1.01141902004265));
#12191=CARTESIAN_POINT('',(0.119685039370078,0.338623102947055,-0.993898583433193));
#12192=CARTESIAN_POINT('',(-0.5,0.338623102947052,-0.993898583433194));
#12193=CARTESIAN_POINT('',(0.0999999999999997,0.348220690580167,-1.01141902004265));
#12194=CARTESIAN_POINT('Ctrl Pts',(0.0999999999999997,0.348220690580165,
-1.01141902004265));
#12195=CARTESIAN_POINT('Ctrl Pts',(0.0999999999999997,0.348135499270262,
-1.01119778504334));
#12196=CARTESIAN_POINT('Ctrl Pts',(0.10000427698148,0.34804917551327,-1.01097673805608));
#12197=CARTESIAN_POINT('Ctrl Pts',(0.100105577359769,0.347016449879293,
-1.00836891065193));
#12198=CARTESIAN_POINT('Ctrl Pts',(0.100697635233269,0.345963292268625,
-1.00607841581143));
#12199=CARTESIAN_POINT('Ctrl Pts',(0.102817024110283,0.343790250639801,
-1.00186467969891));
#12200=CARTESIAN_POINT('Ctrl Pts',(0.104345249503568,0.342691660095982,
-0.999989790009966));
#12201=CARTESIAN_POINT('Ctrl Pts',(0.108061077718962,0.340790669652196,
-0.996966198625024));
#12202=CARTESIAN_POINT('Ctrl Pts',(0.110200404519353,0.33999350524243,-0.995811672133243));
#12203=CARTESIAN_POINT('Ctrl Pts',(0.114815959217883,0.338911253629055,
-0.994282943629009));
#12204=CARTESIAN_POINT('Ctrl Pts',(0.117234001059943,0.338623102947052,
-0.993898583433194));
#12205=CARTESIAN_POINT('Ctrl Pts',(0.119685039370078,0.338623102947052,
-0.993898583433194));
#12206=CARTESIAN_POINT('',(0.0999999999999997,0.351329409836983,-1.02159094550824));
#12207=CARTESIAN_POINT('Origin',(0.0999999999999997,0.278230473485209,-1.03837026326075));
#12208=CARTESIAN_POINT('',(0.119685039370078,0.353153424290812,-1.04176900458387));
#12209=CARTESIAN_POINT('Ctrl Pts',(0.119685039370078,0.35315342429081,-1.04176900458387));
#12210=CARTESIAN_POINT('Ctrl Pts',(0.118255858807348,0.35315342429081,-1.04176900458387));
#12211=CARTESIAN_POINT('Ctrl Pts',(0.116834609408031,0.353161529418354,
-1.04160211043444));
#12212=CARTESIAN_POINT('Ctrl Pts',(0.114047516734082,0.353187021580319,
-1.04094411675946));
#12213=CARTESIAN_POINT('Ctrl Pts',(0.112695314953243,0.353204177918287,
-1.04045489941759));
#12214=CARTESIAN_POINT('Ctrl Pts',(0.109016083118377,0.35323924334023,-1.0386423467274));
#12215=CARTESIAN_POINT('Ctrl Pts',(0.106885008444705,0.353244496411779,
-1.03698110800109));
#12216=CARTESIAN_POINT('Ctrl Pts',(0.103407709154883,0.353064403998105,
-1.03300720805299));
#12217=CARTESIAN_POINT('Ctrl Pts',(0.102065290309947,0.352880944597124,
-1.03072921343899));
#12218=CARTESIAN_POINT('Ctrl Pts',(0.100404877806236,0.352255227180848,
-1.02611773729025));
#12219=CARTESIAN_POINT('Ctrl Pts',(0.0999999999999997,0.351848418055488,
-1.02385199981869));
#12220=CARTESIAN_POINT('Ctrl Pts',(0.0999999999999997,0.351329409836982,
-1.02159094550824));
#12221=CARTESIAN_POINT('',(0.155314960629921,0.353153424290812,-1.04176900458387));
#12222=CARTESIAN_POINT('',(-0.5,0.35315342429081,-1.04176900458387));
#12223=CARTESIAN_POINT('',(0.175,0.348716078829872,-1.0639979716873));
#12224=CARTESIAN_POINT('Ctrl Pts',(0.175,0.348716078829872,-1.0639979716873));
#12225=CARTESIAN_POINT('Ctrl Pts',(0.175,0.348991377113502,-1.06324080035349));
#12226=CARTESIAN_POINT('Ctrl Pts',(0.174969413302209,0.349254326199238,
-1.06247953882846));
#12227=CARTESIAN_POINT('Ctrl Pts',(0.174670570262614,0.350431948718723,
-1.05888435911839));
#12228=CARTESIAN_POINT('Ctrl Pts',(0.173987139207156,0.351165714287212,
-1.05605687814725));
#12229=CARTESIAN_POINT('Ctrl Pts',(0.171682146896868,0.352185533521187,
-1.05107038787256));
#12230=CARTESIAN_POINT('Ctrl Pts',(0.170215179834215,0.352504661238625,
-1.0489369048927));
#12231=CARTESIAN_POINT('Ctrl Pts',(0.166605521049507,0.352917175922726,
-1.04542929864994));
#12232=CARTESIAN_POINT('Ctrl Pts',(0.164559339240834,0.353019208852047,
-1.04407169470837));
#12233=CARTESIAN_POINT('Ctrl Pts',(0.160079331614953,0.353136197254203,
-1.04223801425774));
#12234=CARTESIAN_POINT('Ctrl Pts',(0.157710698716802,0.35315342429081,-1.04176900458387));
#12235=CARTESIAN_POINT('Ctrl Pts',(0.155314960629921,0.35315342429081,-1.04176900458387));
#12236=CARTESIAN_POINT('',(0.175,0.297641901867899,-1.11081470023243));
#12237=CARTESIAN_POINT('Origin',(0.175,0.278230473485209,-1.03837026326075));
#12238=CARTESIAN_POINT('',(-0.175,0.297641901867899,-1.11081470023243));
#12239=CARTESIAN_POINT('',(-0.5,0.297641901867898,-1.11081470023243));
#12240=CARTESIAN_POINT('',(-0.175,0.348716078829872,-1.0639979716873));
#12241=CARTESIAN_POINT('Origin',(-0.175,0.278230473485209,-1.03837026326075));
#12242=CARTESIAN_POINT('',(-0.155314960629921,0.353153424290812,-1.04176900458387));
#12243=CARTESIAN_POINT('Ctrl Pts',(-0.155314960629921,0.35315342429081,
-1.04176900458387));
#12244=CARTESIAN_POINT('Ctrl Pts',(-0.157459285953248,0.35315342429081,
-1.04176900458387));
#12245=CARTESIAN_POINT('Ctrl Pts',(-0.159584366327585,0.353139021862816,
-1.04214476980385));
#12246=CARTESIAN_POINT('Ctrl Pts',(-0.16364269062649,0.353050323580862,
-1.04361832779261));
#12247=CARTESIAN_POINT('Ctrl Pts',(-0.165531698377957,0.352974991629002,
-1.04471028676408));
#12248=CARTESIAN_POINT('Ctrl Pts',(-0.169255650706633,0.352655470897606,
-1.04779590717466));
#12249=CARTESIAN_POINT('Ctrl Pts',(-0.170915733399765,0.352379663204484,
-1.0498815946518));
#12250=CARTESIAN_POINT('Ctrl Pts',(-0.173564641607192,0.351453087019274,
-1.05481660723745));
#12251=CARTESIAN_POINT('Ctrl Pts',(-0.174468806971694,0.350756024759506,
-1.05776009748063));
#12252=CARTESIAN_POINT('Ctrl Pts',(-0.174944172045919,0.349437497991989,
-1.06194420745452));
#12253=CARTESIAN_POINT('Ctrl Pts',(-0.175,0.349088120126943,-1.06297472155503));
#12254=CARTESIAN_POINT('Ctrl Pts',(-0.175,0.348716078829872,-1.0639979716873));
#12255=CARTESIAN_POINT('',(-0.119685039370079,0.353153424290812,-1.04176900458387));
#12256=CARTESIAN_POINT('',(-0.5,0.35315342429081,-1.04176900458387));
#12257=CARTESIAN_POINT('',(-0.1,0.351329409836983,-1.02159094550824));
#12258=CARTESIAN_POINT('Ctrl Pts',(-0.1,0.351329409836982,-1.02159094550824));
#12259=CARTESIAN_POINT('Ctrl Pts',(-0.1,0.351393177458501,-1.02186874853787));
#12260=CARTESIAN_POINT('Ctrl Pts',(-0.100006121551211,0.351455435760544,
-1.02214724170903));
#12261=CARTESIAN_POINT('Ctrl Pts',(-0.100131212504258,0.352074491758885,
-1.02499269345729));
#12262=CARTESIAN_POINT('Ctrl Pts',(-0.1007600613115,0.352482614327726,-1.02753805299614));
#12263=CARTESIAN_POINT('Ctrl Pts',(-0.102955843211052,0.353025121328933,
-1.03231888251429));
#12264=CARTESIAN_POINT('Ctrl Pts',(-0.104518213699987,0.353153655484713,
-1.03451310642562));
#12265=CARTESIAN_POINT('Ctrl Pts',(-0.108259481091739,0.353249795480692,
-1.03807332285003));
#12266=CARTESIAN_POINT('Ctrl Pts',(-0.110379111641478,0.353228430732467,
-1.03946108058841));
#12267=CARTESIAN_POINT('Ctrl Pts',(-0.114925048929098,0.353178650853766,
-1.04129919728854));
#12268=CARTESIAN_POINT('Ctrl Pts',(-0.117287260328169,0.35315342429081,
-1.04176900458387));
#12269=CARTESIAN_POINT('Ctrl Pts',(-0.119685039370079,0.35315342429081,
-1.04176900458387));
#12270=CARTESIAN_POINT('',(-0.1,0.348220690580167,-1.01141902004265));
#12271=CARTESIAN_POINT('Origin',(-0.1,0.278230473485209,-1.03837026326075));
#12272=CARTESIAN_POINT('',(-0.119685039370079,0.338623102947055,-0.993898583433193));
#12273=CARTESIAN_POINT('Ctrl Pts',(-0.119685039370079,0.338623102947052,
-0.993898583433194));
#12274=CARTESIAN_POINT('Ctrl Pts',(-0.118217985366979,0.338623102947052,
-0.993898583433194));
#12275=CARTESIAN_POINT('Ctrl Pts',(-0.116758350894627,0.338725561842871,
-0.994036765060167));
#12276=CARTESIAN_POINT('Ctrl Pts',(-0.113900396837044,0.339124072648986,
-0.994585735255448));
#12277=CARTESIAN_POINT('Ctrl Pts',(-0.112514902989077,0.339418702569507,
-0.994994822771892));
#12278=CARTESIAN_POINT('Ctrl Pts',(-0.108847183109304,0.340459946915049,
-0.996491172359119));
#12279=CARTESIAN_POINT('Ctrl Pts',(-0.106749151912059,0.341370231651463,
-0.997845275753302));
#12280=CARTESIAN_POINT('Ctrl Pts',(-0.103336657417731,0.343389621800354,
-1.00118171749265));
#12281=CARTESIAN_POINT('Ctrl Pts',(-0.10202473589014,0.344477579772941,
-1.0031264870207));
#12282=CARTESIAN_POINT('Ctrl Pts',(-0.100395429134784,0.346489282704481,
-1.00721957597614));
#12283=CARTESIAN_POINT('Ctrl Pts',(-0.1,0.347400954200859,-1.00929023041006));
#12284=CARTESIAN_POINT('Ctrl Pts',(-0.1,0.348220690580165,-1.01141902004265));
#12285=CARTESIAN_POINT('',(-0.380314960629921,0.338623102947055,-0.993898583433193));
#12286=CARTESIAN_POINT('',(-0.5,0.338623102947052,-0.993898583433194));
#12287=CARTESIAN_POINT('',(-0.4,0.348220690580167,-1.01141902004265));
#12288=CARTESIAN_POINT('Ctrl Pts',(-0.4,0.348220690580165,-1.01141902004265));
#12289=CARTESIAN_POINT('Ctrl Pts',(-0.4,0.348135499270262,-1.01119778504334));
#12290=CARTESIAN_POINT('Ctrl Pts',(-0.39999572301852,0.34804917551327,-1.01097673805608));
#12291=CARTESIAN_POINT('Ctrl Pts',(-0.39989442264023,0.347016449879293,
-1.00836891065193));
#12292=CARTESIAN_POINT('Ctrl Pts',(-0.399302364766731,0.345963292268625,
-1.00607841581143));
#12293=CARTESIAN_POINT('Ctrl Pts',(-0.397182975889716,0.343790250639801,
-1.00186467969891));
#12294=CARTESIAN_POINT('Ctrl Pts',(-0.395654750496431,0.342691660095982,
-0.999989790009966));
#12295=CARTESIAN_POINT('Ctrl Pts',(-0.391938922281038,0.340790669652196,
-0.996966198625024));
#12296=CARTESIAN_POINT('Ctrl Pts',(-0.389799595480646,0.33999350524243,
-0.995811672133243));
#12297=CARTESIAN_POINT('Ctrl Pts',(-0.385184040782117,0.338911253629055,
-0.994282943629009));
#12298=CARTESIAN_POINT('Ctrl Pts',(-0.382765998940057,0.338623102947052,
-0.993898583433194));
#12299=CARTESIAN_POINT('Ctrl Pts',(-0.380314960629921,0.338623102947052,
-0.993898583433194));
#12300=CARTESIAN_POINT('',(-0.4,0.351329409836983,-1.02159094550824));
#12301=CARTESIAN_POINT('Origin',(-0.4,0.278230473485209,-1.03837026326075));
#12302=CARTESIAN_POINT('',(-0.380314960629921,0.353153424290812,-1.04176900458387));
#12303=CARTESIAN_POINT('Ctrl Pts',(-0.380314960629921,0.35315342429081,
-1.04176900458387));
#12304=CARTESIAN_POINT('Ctrl Pts',(-0.381744141192652,0.35315342429081,
-1.04176900458387));
#12305=CARTESIAN_POINT('Ctrl Pts',(-0.383165390591968,0.353161529418354,
-1.04160211043444));
#12306=CARTESIAN_POINT('Ctrl Pts',(-0.385952483265917,0.353187021580319,
-1.04094411675946));
#12307=CARTESIAN_POINT('Ctrl Pts',(-0.387304685046756,0.353204177918287,
-1.04045489941759));
#12308=CARTESIAN_POINT('Ctrl Pts',(-0.390983916881623,0.35323924334023,
-1.0386423467274));
#12309=CARTESIAN_POINT('Ctrl Pts',(-0.393114991555295,0.353244496411779,
-1.03698110800109));
#12310=CARTESIAN_POINT('Ctrl Pts',(-0.396592290845116,0.353064403998105,
-1.03300720805299));
#12311=CARTESIAN_POINT('Ctrl Pts',(-0.397934709690053,0.352880944597124,
-1.03072921343899));
#12312=CARTESIAN_POINT('Ctrl Pts',(-0.399595122193764,0.352255227180848,
-1.02611773729025));
#12313=CARTESIAN_POINT('Ctrl Pts',(-0.4,0.351848418055488,-1.02385199981869));
#12314=CARTESIAN_POINT('Ctrl Pts',(-0.4,0.351329409836982,-1.02159094550824));
#12315=CARTESIAN_POINT('',(-0.344685039370079,0.353153424290812,-1.04176900458387));
#12316=CARTESIAN_POINT('',(-0.5,0.35315342429081,-1.04176900458387));
#12317=CARTESIAN_POINT('',(-0.325,0.348716078829872,-1.0639979716873));
#12318=CARTESIAN_POINT('Ctrl Pts',(-0.325,0.348716078829872,-1.0639979716873));
#12319=CARTESIAN_POINT('Ctrl Pts',(-0.325,0.348991377113502,-1.06324080035349));
#12320=CARTESIAN_POINT('Ctrl Pts',(-0.325030586697791,0.349254326199238,
-1.06247953882846));
#12321=CARTESIAN_POINT('Ctrl Pts',(-0.325329429737386,0.350431948718723,
-1.05888435911839));
#12322=CARTESIAN_POINT('Ctrl Pts',(-0.326012860792844,0.351165714287212,
-1.05605687814725));
#12323=CARTESIAN_POINT('Ctrl Pts',(-0.328317853103132,0.352185533521187,
-1.05107038787256));
#12324=CARTESIAN_POINT('Ctrl Pts',(-0.329784820165785,0.352504661238625,
-1.0489369048927));
#12325=CARTESIAN_POINT('Ctrl Pts',(-0.333394478950493,0.352917175922726,
-1.04542929864994));
#12326=CARTESIAN_POINT('Ctrl Pts',(-0.335440660759166,0.353019208852047,
-1.04407169470837));
#12327=CARTESIAN_POINT('Ctrl Pts',(-0.339920668385047,0.353136197254203,
-1.04223801425774));
#12328=CARTESIAN_POINT('Ctrl Pts',(-0.342289301283198,0.35315342429081,
-1.04176900458387));
#12329=CARTESIAN_POINT('Ctrl Pts',(-0.344685039370079,0.35315342429081,
-1.04176900458387));
#12330=CARTESIAN_POINT('Origin',(-0.325,0.278230473485209,-1.03837026326075));
#12331=CARTESIAN_POINT('',(-0.5,0.25881904510252,-0.965925826289068));
#12332=CARTESIAN_POINT('Origin',(-0.5,0.239407616719831,-0.893481389317388));
#12333=CARTESIAN_POINT('',(-0.5,0.219996186287536,-0.821036952894898));
#12334=CARTESIAN_POINT('Origin',(-0.5,0.,0.));
#12335=CARTESIAN_POINT('',(-0.5,0.601040764008565,-0.601040764008566));
#12336=CARTESIAN_POINT('Origin',(-0.5,0.654073772597556,-0.654073772597557));
#12337=CARTESIAN_POINT('',(-0.5,0.707106781186547,-0.707106781186548));
#12338=CARTESIAN_POINT('Origin',(-0.5,0.760139789775539,-0.760139789775539));
#12339=CARTESIAN_POINT('',(-0.325,0.81317279836453,-0.813172798364529));
#12340=CARTESIAN_POINT('',(-0.5,0.81317279836453,-0.81317279836453));
#12341=CARTESIAN_POINT('',(-0.325,0.747091233641383,-0.833995968818418));
#12342=CARTESIAN_POINT('Origin',(-0.325,0.760139789775539,-0.760139789775539));
#12343=CARTESIAN_POINT('',(-0.344685039370079,0.725621710699455,-0.826724339161245));
#12344=CARTESIAN_POINT('Ctrl Pts',(-0.344685039370079,0.725621710699456,
-0.826724339161243));
#12345=CARTESIAN_POINT('Ctrl Pts',(-0.342566750173718,0.725621710699456,
-0.826724339161243));
#12346=CARTESIAN_POINT('Ctrl Pts',(-0.340466995249131,0.725946336561947,
-0.826895465755634));
#12347=CARTESIAN_POINT('Ctrl Pts',(-0.33644822790407,0.727236706098907,
-0.827540943134429));
#12348=CARTESIAN_POINT('Ctrl Pts',(-0.334572415844931,0.728199491146973,
-0.828012332329552));
#12349=CARTESIAN_POINT('Ctrl Pts',(-0.330846911870537,0.73098822668168,
-0.829263197064261));
#12350=CARTESIAN_POINT('Ctrl Pts',(-0.329174209771293,0.732915530368829,
-0.830063940895303));
#12351=CARTESIAN_POINT('Ctrl Pts',(-0.326495643463407,0.737619162066559,
-0.831727206351315));
#12352=CARTESIAN_POINT('Ctrl Pts',(-0.325573048926296,0.740499193007128,
-0.832597215485705));
#12353=CARTESIAN_POINT('Ctrl Pts',(-0.325062533651275,0.744827242373821,
-0.833568912854672));
#12354=CARTESIAN_POINT('Ctrl Pts',(-0.325,0.745956398743579,-0.833795471621583));
#12355=CARTESIAN_POINT('Ctrl Pts',(-0.325,0.747091233641383,-0.833995968818418));
#12356=CARTESIAN_POINT('',(-0.380314960629921,0.725621710699455,-0.826724339161245));
#12357=CARTESIAN_POINT('',(-0.5,0.725621710699456,-0.826724339161243));
#12358=CARTESIAN_POINT('',(-0.4,0.70905900616781,-0.815055666769544));
#12359=CARTESIAN_POINT('Ctrl Pts',(-0.4,0.709059006167811,-0.815055666769542));
#12360=CARTESIAN_POINT('Ctrl Pts',(-0.4,0.709267029401999,-0.815249162537844));
#12361=CARTESIAN_POINT('Ctrl Pts',(-0.399993918123589,0.709476396278999,
-0.815441702572363));
#12362=CARTESIAN_POINT('Ctrl Pts',(-0.399869351419749,0.711628990475188,
-0.817398773026902));
#12363=CARTESIAN_POINT('Ctrl Pts',(-0.399241656095349,0.713627841656773,
-0.819023997686517));
#12364=CARTESIAN_POINT('Ctrl Pts',(-0.397048396340451,0.717496247174466,
-0.821884348999011));
#12365=CARTESIAN_POINT('Ctrl Pts',(-0.395486607499283,0.719332866236771,
-0.823093417497313));
#12366=CARTESIAN_POINT('Ctrl Pts',(-0.391744971293496,0.722370323371314,
-0.82495846643448));
#12367=CARTESIAN_POINT('Ctrl Pts',(-0.389624052559398,0.723584159744939,
-0.825634606874463));
#12368=CARTESIAN_POINT('Ctrl Pts',(-0.385076044416793,0.725202036071868,
-0.826511184460007));
#12369=CARTESIAN_POINT('Ctrl Pts',(-0.382713298149178,0.725621710699456,
-0.826724339161243));
#12370=CARTESIAN_POINT('Ctrl Pts',(-0.380314960629921,0.725621710699456,
-0.826724339161243));
#12371=CARTESIAN_POINT('',(-0.4,0.701804219937615,-0.807277474187112));
#12372=CARTESIAN_POINT('Origin',(-0.4,0.760139789775539,-0.760139789775539));
#12373=CARTESIAN_POINT('',(-0.380314960629921,0.691429870564985,-0.79020550117706));
#12374=CARTESIAN_POINT('Ctrl Pts',(-0.380314960629921,0.691429870564987,
-0.790205501177058));
#12375=CARTESIAN_POINT('Ctrl Pts',(-0.381780655436471,0.691429870564987,
-0.790205501177058));
#12376=CARTESIAN_POINT('Ctrl Pts',(-0.383238950927285,0.691498184065485,
-0.790363031250405));
#12377=CARTESIAN_POINT('Ctrl Pts',(-0.386095496759084,0.691773944922985,
-0.790981746993589));
#12378=CARTESIAN_POINT('Ctrl Pts',(-0.387480880030355,0.691980737223094,
-0.791441087106856));
#12379=CARTESIAN_POINT('Ctrl Pts',(-0.391148384485905,0.692755426995579,
-0.793089925102243));
#12380=CARTESIAN_POINT('Ctrl Pts',(-0.393246449267387,0.693472516697049,
-0.794554536578327));
#12381=CARTESIAN_POINT('Ctrl Pts',(-0.396660680620404,0.695351845569819,
-0.797971346449347));
#12382=CARTESIAN_POINT('Ctrl Pts',(-0.397973765577666,0.696492439191697,
-0.799886779123554));
#12383=CARTESIAN_POINT('Ctrl Pts',(-0.399604302623432,0.69903219596826,
-0.803677073874056));
#12384=CARTESIAN_POINT('Ctrl Pts',(-0.4,0.700370015485495,-0.805502564472665));
#12385=CARTESIAN_POINT('Ctrl Pts',(-0.4,0.701804219937617,-0.80727747418711));
#12386=CARTESIAN_POINT('',(-0.119685039370079,0.691429870564985,-0.79020550117706));
#12387=CARTESIAN_POINT('',(-0.5,0.691429870564987,-0.790205501177058));
#12388=CARTESIAN_POINT('',(-0.1,0.701804219937615,-0.807277474187112));
#12389=CARTESIAN_POINT('Ctrl Pts',(-0.1,0.701804219937617,-0.80727747418711));
#12390=CARTESIAN_POINT('Ctrl Pts',(-0.1,0.701655288129872,-0.807093162590556));
#12391=CARTESIAN_POINT('Ctrl Pts',(-0.100004273097746,0.701507084716576,
-0.806907965089814));
#12392=CARTESIAN_POINT('Ctrl Pts',(-0.100105466237238,0.699766045604812,
-0.804711020166326));
#12393=CARTESIAN_POINT('Ctrl Pts',(-0.100696809687653,0.698309785252004,
-0.802655000246361));
#12394=CARTESIAN_POINT('Ctrl Pts',(-0.102814262538974,0.695747490959064,
-0.798667363751173));
#12395=CARTESIAN_POINT('Ctrl Pts',(-0.104341749745823,0.694672878546745,
-0.796778432414934));
#12396=CARTESIAN_POINT('Ctrl Pts',(-0.108057402616041,0.693003815062515,
-0.793618753043324));
#12397=CARTESIAN_POINT('Ctrl Pts',(-0.110197724201033,0.692402003597133,
-0.79235002858689));
#12398=CARTESIAN_POINT('Ctrl Pts',(-0.114814952298845,0.691618738665531,
-0.790647412909125));
#12399=CARTESIAN_POINT('Ctrl Pts',(-0.1172334877104,0.691429870564987,-0.790205501177058));
#12400=CARTESIAN_POINT('Ctrl Pts',(-0.119685039370079,0.691429870564987,
-0.790205501177058));
#12401=CARTESIAN_POINT('',(-0.1,0.70905900616781,-0.815055666769544));
#12402=CARTESIAN_POINT('Origin',(-0.1,0.760139789775539,-0.760139789775539));
#12403=CARTESIAN_POINT('',(-0.119685039370079,0.725621710699455,-0.826724339161245));
#12404=CARTESIAN_POINT('Ctrl Pts',(-0.119685039370079,0.725621710699456,
-0.826724339161243));
#12405=CARTESIAN_POINT('Ctrl Pts',(-0.118257448057143,0.725621710699456,
-0.826724339161243));
#12406=CARTESIAN_POINT('Ctrl Pts',(-0.116837762010853,0.725473454391231,
-0.826648080226996));
#12407=CARTESIAN_POINT('Ctrl Pts',(-0.114052429640392,0.724891893813097,
-0.826341710904044));
#12408=CARTESIAN_POINT('Ctrl Pts',(-0.112700463219089,0.724460090804204,
-0.826112211518445));
#12409=CARTESIAN_POINT('Ctrl Pts',(-0.109022141627523,0.722874419814262,
-0.825237245834327));
#12410=CARTESIAN_POINT('Ctrl Pts',(-0.106891452538424,0.721434470667154,
-0.824412059506919));
#12411=CARTESIAN_POINT('Ctrl Pts',(-0.103412312328679,0.718084161517524,
-0.822270331461676));
#12412=CARTESIAN_POINT('Ctrl Pts',(-0.102068392444966,0.716202440048022,
-0.820972283933071));
#12413=CARTESIAN_POINT('Ctrl Pts',(-0.100405568332906,0.712519404457916,
-0.818123361822917));
#12414=CARTESIAN_POINT('Ctrl Pts',(-0.1,0.710759082447012,-0.816637016886995));
#12415=CARTESIAN_POINT('Ctrl Pts',(-0.1,0.709059006167811,-0.815055666769542));
#12416=CARTESIAN_POINT('',(-0.155314960629921,0.725621710699455,-0.826724339161245));
#12417=CARTESIAN_POINT('',(-0.5,0.725621710699456,-0.826724339161243));
#12418=CARTESIAN_POINT('',(-0.175,0.747091233641383,-0.833995968818418));
#12419=CARTESIAN_POINT('Ctrl Pts',(-0.175,0.747091233641383,-0.833995968818418));
#12420=CARTESIAN_POINT('Ctrl Pts',(-0.175,0.746330417303639,-0.833861551430198));
#12421=CARTESIAN_POINT('Ctrl Pts',(-0.174971870976694,0.745572021906963,
-0.833715420223355));
#12422=CARTESIAN_POINT('Ctrl Pts',(-0.174686718633089,0.741880758026037,
-0.8329450856069));
#12423=CARTESIAN_POINT('Ctrl Pts',(-0.174007075782169,0.739043847840966,
-0.832163644839534));
#12424=CARTESIAN_POINT('Ctrl Pts',(-0.171699319053506,0.73418580049927,
-0.830546355891479));
#12425=CARTESIAN_POINT('Ctrl Pts',(-0.170229979198357,0.732169309114711,
-0.829752930693557));
#12426=CARTESIAN_POINT('Ctrl Pts',(-0.166613303907146,0.728914555718187,
-0.828352188966847));
#12427=CARTESIAN_POINT('Ctrl Pts',(-0.164564486948101,0.727685143275291,
-0.827760498686425));
#12428=CARTESIAN_POINT('Ctrl Pts',(-0.160080577499353,0.726036717011967,
-0.826944042837007));
#12429=CARTESIAN_POINT('Ctrl Pts',(-0.157711332772816,0.725621710699456,
-0.826724339161243));
#12430=CARTESIAN_POINT('Ctrl Pts',(-0.155314960629921,0.725621710699456,
-0.826724339161243));
#12431=CARTESIAN_POINT('',(-0.175,0.81317279836453,-0.813172798364529));
#12432=CARTESIAN_POINT('Origin',(-0.175,0.760139789775539,-0.760139789775539));
#12433=CARTESIAN_POINT('',(0.175,0.81317279836453,-0.813172798364529));
#12434=CARTESIAN_POINT('',(-0.5,0.81317279836453,-0.81317279836453));
#12435=CARTESIAN_POINT('',(0.175,0.747091233641383,-0.833995968818418));
#12436=CARTESIAN_POINT('Origin',(0.175,0.760139789775539,-0.760139789775539));
#12437=CARTESIAN_POINT('',(0.155314960629921,0.725621710699455,-0.826724339161245));
#12438=CARTESIAN_POINT('Ctrl Pts',(0.155314960629921,0.725621710699456,
-0.826724339161243));
#12439=CARTESIAN_POINT('Ctrl Pts',(0.157433249826282,0.725621710699456,
-0.826724339161243));
#12440=CARTESIAN_POINT('Ctrl Pts',(0.159533004750869,0.725946336561947,
-0.826895465755634));
#12441=CARTESIAN_POINT('Ctrl Pts',(0.163551772095929,0.727236706098907,
-0.827540943134429));
#12442=CARTESIAN_POINT('Ctrl Pts',(0.165427584155068,0.728199491146973,
-0.828012332329552));
#12443=CARTESIAN_POINT('Ctrl Pts',(0.169153088129462,0.73098822668168,-0.829263197064261));
#12444=CARTESIAN_POINT('Ctrl Pts',(0.170825790228707,0.732915530368829,
-0.830063940895303));
#12445=CARTESIAN_POINT('Ctrl Pts',(0.17350435653659,0.737619162066554,-0.831727206351313));
#12446=CARTESIAN_POINT('Ctrl Pts',(0.174426951073703,0.740499193007122,
-0.832597215485704));
#12447=CARTESIAN_POINT('Ctrl Pts',(0.174937466348725,0.744827242373821,
-0.833568912854672));
#12448=CARTESIAN_POINT('Ctrl Pts',(0.175,0.745956398743579,-0.833795471621583));
#12449=CARTESIAN_POINT('Ctrl Pts',(0.175,0.747091233641383,-0.833995968818418));
#12450=CARTESIAN_POINT('',(0.119685039370078,0.725621710699455,-0.826724339161245));
#12451=CARTESIAN_POINT('',(-0.5,0.725621710699456,-0.826724339161243));
#12452=CARTESIAN_POINT('',(0.0999999999999997,0.70905900616781,-0.815055666769544));
#12453=CARTESIAN_POINT('Ctrl Pts',(0.0999999999999997,0.709059006167811,
-0.815055666769542));
#12454=CARTESIAN_POINT('Ctrl Pts',(0.0999999999999997,0.709267029401999,
-0.815249162537845));
#12455=CARTESIAN_POINT('Ctrl Pts',(0.100006081876411,0.709476396278998,
-0.815441702572363));
#12456=CARTESIAN_POINT('Ctrl Pts',(0.100130648580251,0.711628990475188,
-0.817398773026903));
#12457=CARTESIAN_POINT('Ctrl Pts',(0.100758343904651,0.713627841656774,
-0.819023997686517));
#12458=CARTESIAN_POINT('Ctrl Pts',(0.102951603659549,0.717496247174466,
-0.821884348999011));
#12459=CARTESIAN_POINT('Ctrl Pts',(0.104513392500717,0.719332866236771,
-0.823093417497313));
#12460=CARTESIAN_POINT('Ctrl Pts',(0.108255028706504,0.722370323371314,
-0.82495846643448));
#12461=CARTESIAN_POINT('Ctrl Pts',(0.110375947440601,0.723584159744939,
-0.825634606874463));
#12462=CARTESIAN_POINT('Ctrl Pts',(0.114923955583206,0.725202036071868,
-0.826511184460007));
#12463=CARTESIAN_POINT('Ctrl Pts',(0.117286701850821,0.725621710699456,
-0.826724339161243));
#12464=CARTESIAN_POINT('Ctrl Pts',(0.119685039370078,0.725621710699456,
-0.826724339161243));
#12465=CARTESIAN_POINT('',(0.0999999999999997,0.701804219937615,-0.807277474187112));
#12466=CARTESIAN_POINT('Origin',(0.0999999999999997,0.760139789775539,-0.760139789775539));
#12467=CARTESIAN_POINT('',(0.119685039370078,0.691429870564985,-0.79020550117706));
#12468=CARTESIAN_POINT('Ctrl Pts',(0.119685039370078,0.691429870564987,
-0.790205501177058));
#12469=CARTESIAN_POINT('Ctrl Pts',(0.118219344563529,0.691429870564987,
-0.790205501177058));
#12470=CARTESIAN_POINT('Ctrl Pts',(0.116761049072715,0.691498184065485,
-0.790363031250405));
#12471=CARTESIAN_POINT('Ctrl Pts',(0.113904503240916,0.691773944922985,
-0.790981746993589));
#12472=CARTESIAN_POINT('Ctrl Pts',(0.112519119969645,0.691980737223094,
-0.791441087106856));
#12473=CARTESIAN_POINT('Ctrl Pts',(0.108851615514094,0.692755426995579,
-0.793089925102243));
#12474=CARTESIAN_POINT('Ctrl Pts',(0.106753550732612,0.693472516697049,
-0.794554536578327));
#12475=CARTESIAN_POINT('Ctrl Pts',(0.103339319379595,0.695351845569819,
-0.797971346449347));
#12476=CARTESIAN_POINT('Ctrl Pts',(0.102026234422334,0.696492439191697,
-0.799886779123553));
#12477=CARTESIAN_POINT('Ctrl Pts',(0.100395697376568,0.69903219596826,-0.803677073874056));
#12478=CARTESIAN_POINT('Ctrl Pts',(0.0999999999999997,0.700370015485495,
-0.805502564472665));
#12479=CARTESIAN_POINT('Ctrl Pts',(0.0999999999999997,0.701804219937617,
-0.80727747418711));
#12480=CARTESIAN_POINT('',(0.380314960629921,0.691429870564985,-0.79020550117706));
#12481=CARTESIAN_POINT('',(-0.5,0.691429870564987,-0.790205501177058));
#12482=CARTESIAN_POINT('',(0.4,0.701804219937615,-0.807277474187112));
#12483=CARTESIAN_POINT('Ctrl Pts',(0.4,0.701804219937617,-0.80727747418711));
#12484=CARTESIAN_POINT('Ctrl Pts',(0.4,0.701655288129872,-0.807093162590556));
#12485=CARTESIAN_POINT('Ctrl Pts',(0.399995726902254,0.701507084716576,
-0.806907965089814));
#12486=CARTESIAN_POINT('Ctrl Pts',(0.399894533762761,0.699766045604813,
-0.804711020166327));
#12487=CARTESIAN_POINT('Ctrl Pts',(0.399303190312347,0.698309785252004,
-0.802655000246362));
#12488=CARTESIAN_POINT('Ctrl Pts',(0.397185737461026,0.695747490959064,
-0.798667363751173));
#12489=CARTESIAN_POINT('Ctrl Pts',(0.395658250254177,0.694672878546745,
-0.796778432414934));
#12490=CARTESIAN_POINT('Ctrl Pts',(0.391942597383959,0.693003815062515,
-0.793618753043324));
#12491=CARTESIAN_POINT('Ctrl Pts',(0.389802275798967,0.692402003597133,
-0.79235002858689));
#12492=CARTESIAN_POINT('Ctrl Pts',(0.385185047701154,0.691618738665531,
-0.790647412909125));
#12493=CARTESIAN_POINT('Ctrl Pts',(0.3827665122896,0.691429870564987,-0.790205501177058));
#12494=CARTESIAN_POINT('Ctrl Pts',(0.380314960629921,0.691429870564987,
-0.790205501177058));
#12495=CARTESIAN_POINT('',(0.4,0.70905900616781,-0.815055666769544));
#12496=CARTESIAN_POINT('Origin',(0.4,0.760139789775539,-0.760139789775539));
#12497=CARTESIAN_POINT('',(0.380314960629921,0.725621710699455,-0.826724339161245));
#12498=CARTESIAN_POINT('Ctrl Pts',(0.380314960629921,0.725621710699456,
-0.826724339161243));
#12499=CARTESIAN_POINT('Ctrl Pts',(0.381742551942857,0.725621710699456,
-0.826724339161243));
#12500=CARTESIAN_POINT('Ctrl Pts',(0.383162237989146,0.725473454391231,
-0.826648080226996));
#12501=CARTESIAN_POINT('Ctrl Pts',(0.385947570359608,0.724891893813097,
-0.826341710904044));
#12502=CARTESIAN_POINT('Ctrl Pts',(0.387299536780911,0.724460090804204,
-0.826112211518445));
#12503=CARTESIAN_POINT('Ctrl Pts',(0.390977858372477,0.722874419814262,
-0.825237245834327));
#12504=CARTESIAN_POINT('Ctrl Pts',(0.393108547461575,0.721434470667154,
-0.824412059506919));
#12505=CARTESIAN_POINT('Ctrl Pts',(0.396587687671321,0.718084161517524,
-0.822270331461676));
#12506=CARTESIAN_POINT('Ctrl Pts',(0.397931607555034,0.716202440048022,
-0.820972283933071));
#12507=CARTESIAN_POINT('Ctrl Pts',(0.399594431667094,0.712519404457916,
-0.818123361822917));
#12508=CARTESIAN_POINT('Ctrl Pts',(0.4,0.710759082447012,-0.816637016886995));
#12509=CARTESIAN_POINT('Ctrl Pts',(0.4,0.709059006167811,-0.815055666769542));
#12510=CARTESIAN_POINT('',(0.344685039370079,0.725621710699455,-0.826724339161245));
#12511=CARTESIAN_POINT('',(-0.5,0.725621710699456,-0.826724339161243));
#12512=CARTESIAN_POINT('',(0.325,0.747091233641383,-0.833995968818418));
#12513=CARTESIAN_POINT('Ctrl Pts',(0.325,0.747091233641383,-0.833995968818418));
#12514=CARTESIAN_POINT('Ctrl Pts',(0.325,0.746330417303639,-0.833861551430198));
#12515=CARTESIAN_POINT('Ctrl Pts',(0.325028129023306,0.745572021906963,
-0.833715420223355));
#12516=CARTESIAN_POINT('Ctrl Pts',(0.32531328136691,0.741880758026037,-0.8329450856069));
#12517=CARTESIAN_POINT('Ctrl Pts',(0.32599292421783,0.739043847840966,-0.832163644839534));
#12518=CARTESIAN_POINT('Ctrl Pts',(0.328300680946493,0.73418580049927,-0.830546355891479));
#12519=CARTESIAN_POINT('Ctrl Pts',(0.329770020801643,0.732169309114712,
-0.829752930693557));
#12520=CARTESIAN_POINT('Ctrl Pts',(0.333386696092854,0.728914555718187,
-0.828352188966847));
#12521=CARTESIAN_POINT('Ctrl Pts',(0.335435513051899,0.727685143275291,
-0.827760498686425));
#12522=CARTESIAN_POINT('Ctrl Pts',(0.339919422500646,0.726036717011967,
-0.826944042837008));
#12523=CARTESIAN_POINT('Ctrl Pts',(0.342288667227184,0.725621710699456,
-0.826724339161243));
#12524=CARTESIAN_POINT('Ctrl Pts',(0.344685039370079,0.725621710699456,
-0.826724339161243));
#12525=CARTESIAN_POINT('',(0.325,0.81317279836453,-0.813172798364529));
#12526=CARTESIAN_POINT('Origin',(0.325,0.760139789775539,-0.760139789775539));
#12527=CARTESIAN_POINT('',(-0.5,0.81317279836453,-0.81317279836453));
#12528=CARTESIAN_POINT('Origin',(-0.4125,0.,0.));
#12529=CARTESIAN_POINT('',(-0.325,1.11081470023243,-0.297641901867899));
#12530=CARTESIAN_POINT('',(-0.5,1.11081470023243,-0.2976419018679));
#12531=CARTESIAN_POINT('Origin',(-0.325,0.,0.));
#12532=CARTESIAN_POINT('Origin',(-0.5,1.03837026326075,-0.27823047348521));
#12533=CARTESIAN_POINT('',(0.325,1.11081470023243,-0.297641901867899));
#12534=CARTESIAN_POINT('',(-0.5,1.11081470023243,-0.2976419018679));
#12535=CARTESIAN_POINT('',(0.325,1.09580731247126,-0.230002002868885));
#12536=CARTESIAN_POINT('Origin',(0.325,1.03837026326075,-0.27823047348521));
#12537=CARTESIAN_POINT('',(0.344685039370079,1.07877513499027,-0.215044665422629));
#12538=CARTESIAN_POINT('Ctrl Pts',(0.344685039370079,1.07877513499027,-0.215044665422631));
#12539=CARTESIAN_POINT('Ctrl Pts',(0.342536852428456,1.07877513499027,-0.215044665422631));
#12540=CARTESIAN_POINT('Ctrl Pts',(0.34040801741799,1.07909450736743,-0.215245735300603));
#12541=CARTESIAN_POINT('Ctrl Pts',(0.33634388954211,1.08033040066288,-0.216062132805869));
#12542=CARTESIAN_POINT('Ctrl Pts',(0.334452980002325,1.08124110858035,-0.216675290486831));
#12543=CARTESIAN_POINT('Ctrl Pts',(0.330729314587757,1.08375868773037,-0.218499213798073));
#12544=CARTESIAN_POINT('Ctrl Pts',(0.329071101336024,1.08542868524529,-0.219782824395649));
#12545=CARTESIAN_POINT('Ctrl Pts',(0.326426589074034,1.08924189741961,-0.223056890148056));
#12546=CARTESIAN_POINT('Ctrl Pts',(0.325525148055075,1.09144351981706,-0.225134676934901));
#12547=CARTESIAN_POINT('Ctrl Pts',(0.32505487544143,1.09440172185843,-0.228364382287369));
#12548=CARTESIAN_POINT('Ctrl Pts',(0.325,1.09511317856294,-0.229175333415316));
#12549=CARTESIAN_POINT('Ctrl Pts',(0.325,1.09580731247126,-0.230002002868885));
#12550=CARTESIAN_POINT('',(0.380314960629921,1.07877513499027,-0.215044665422629));
#12551=CARTESIAN_POINT('',(-0.5,1.07877513499027,-0.215044665422631));
#12552=CARTESIAN_POINT('',(0.4,1.06038841600479,-0.206535278738699));
#12553=CARTESIAN_POINT('Ctrl Pts',(0.4,1.06038841600479,-0.206535278738701));
#12554=CARTESIAN_POINT('Ctrl Pts',(0.4,1.06066101589052,-0.206618996286902));
#12555=CARTESIAN_POINT('Ctrl Pts',(0.399993872534523,1.06093345863087,-0.206704367607517));
#12556=CARTESIAN_POINT('Ctrl Pts',(0.399868703545651,1.06370760499612,-0.207591115144175));
#12557=CARTESIAN_POINT('Ctrl Pts',(0.399239683365731,1.06611623416363,-0.208510467902672));
#12558=CARTESIAN_POINT('Ctrl Pts',(0.397043527039747,1.07052784168128,-0.210431150884261));
#12559=CARTESIAN_POINT('Ctrl Pts',(0.395481070369714,1.07249223263892,-0.211416915268703));
#12560=CARTESIAN_POINT('Ctrl Pts',(0.391739857898321,1.07562315455521,-0.213113594263305));
#12561=CARTESIAN_POINT('Ctrl Pts',(0.389620418420096,1.07681410954825,-0.213825862569867));
#12562=CARTESIAN_POINT('Ctrl Pts',(0.385074788460223,1.07838091042193,-0.214787932930892));
#12563=CARTESIAN_POINT('Ctrl Pts',(0.382712656611275,1.07877513499027,-0.215044665422631));
#12564=CARTESIAN_POINT('Ctrl Pts',(0.380314960629921,1.07877513499027,-0.215044665422631));
#12565=CARTESIAN_POINT('',(0.4,1.05002491051778,-0.204141545855541));
#12566=CARTESIAN_POINT('Origin',(0.4,1.03837026326075,-0.27823047348521));
#12567=CARTESIAN_POINT('',(0.380314960629921,1.03005297351204,-0.203693082256134));
#12568=CARTESIAN_POINT('Ctrl Pts',(0.380314960629921,1.03005297351204,-0.203693082256136));
#12569=CARTESIAN_POINT('Ctrl Pts',(0.381782147274201,1.03005297351204,-0.203693082256136));
#12570=CARTESIAN_POINT('Ctrl Pts',(0.383241912413079,1.0302239026568,-0.203673437412792));
#12571=CARTESIAN_POINT('Ctrl Pts',(0.386100003744195,1.03089867520282,-0.203602792913619));
#12572=CARTESIAN_POINT('Ctrl Pts',(0.387485508249587,1.03140030920116,-0.203552176700242));
#12573=CARTESIAN_POINT('Ctrl Pts',(0.391153248801781,1.03321692678285,-0.203398602455957));
#12574=CARTESIAN_POINT('Ctrl Pts',(0.393251276548719,1.0348448441466,-0.203287325421263));
#12575=CARTESIAN_POINT('Ctrl Pts',(0.396663601831771,1.03874402427419,-0.203206726123362));
#12576=CARTESIAN_POINT('Ctrl Pts',(0.397975410106125,1.04097213437911,-0.203236923212628));
#12577=CARTESIAN_POINT('Ctrl Pts',(0.399604597012192,1.04552252961854,-0.203541283036155));
#12578=CARTESIAN_POINT('Ctrl Pts',(0.4,1.04777153101317,-0.203787075300999));
#12579=CARTESIAN_POINT('Ctrl Pts',(0.4,1.05002491051778,-0.204141545855543));
#12580=CARTESIAN_POINT('',(0.119685039370078,1.03005297351204,-0.203693082256134));
#12581=CARTESIAN_POINT('',(-0.5,1.03005297351204,-0.203693082256136));
#12582=CARTESIAN_POINT('',(0.0999999999999997,1.05002491051778,-0.204141545855541));
#12583=CARTESIAN_POINT('Ctrl Pts',(0.0999999999999997,1.05002491051778,
-0.204141545855543));
#12584=CARTESIAN_POINT('Ctrl Pts',(0.0999999999999997,1.0497907093444,-0.204104704560221));
#12585=CARTESIAN_POINT('Ctrl Pts',(0.100004277360937,1.04955610473336,-0.20406893809401));
#12586=CARTESIAN_POINT('Ctrl Pts',(0.100105588205031,1.04678113357141,-0.20365936807964));
#12587=CARTESIAN_POINT('Ctrl Pts',(0.100697715742379,1.04427078089172,-0.203426178242535));
#12588=CARTESIAN_POINT('Ctrl Pts',(0.102817293296704,1.03953494258965,-0.203201242354655));
#12589=CARTESIAN_POINT('Ctrl Pts',(0.104345590512178,1.03736196206825,-0.203215218313544));
#12590=CARTESIAN_POINT('Ctrl Pts',(0.10806143570268,1.03379314421939,-0.203349740504736));
#12591=CARTESIAN_POINT('Ctrl Pts',(0.110200665675003,1.0323948316848,-0.2034628344106));
#12592=CARTESIAN_POINT('Ctrl Pts',(0.114816057418608,1.03052989506329,-0.203635719037684));
#12593=CARTESIAN_POINT('Ctrl Pts',(0.117234051124638,1.03005297351204,-0.203693082256136));
#12594=CARTESIAN_POINT('Ctrl Pts',(0.119685039370078,1.03005297351204,-0.203693082256136));
#12595=CARTESIAN_POINT('',(0.0999999999999997,1.06038841600479,-0.206535278738699));
#12596=CARTESIAN_POINT('Origin',(0.0999999999999997,1.03837026326075,-0.27823047348521));
#12597=CARTESIAN_POINT('',(0.119685039370078,1.07877513499027,-0.215044665422629));
#12598=CARTESIAN_POINT('Ctrl Pts',(0.119685039370078,1.07877513499027,-0.215044665422631));
#12599=CARTESIAN_POINT('Ctrl Pts',(0.118255622211959,1.07877513499027,-0.215044665422631));
#12600=CARTESIAN_POINT('Ctrl Pts',(0.116834140077252,1.07863460655075,-0.214954169000975));
#12601=CARTESIAN_POINT('Ctrl Pts',(0.114046785677855,1.0780773661142,-0.214603004175088));
#12602=CARTESIAN_POINT('Ctrl Pts',(0.112694549153354,1.07766220384127,-0.214343498474607));
#12603=CARTESIAN_POINT('Ctrl Pts',(0.109015183036924,1.07610978142232,-0.213406721671229));
#12604=CARTESIAN_POINT('Ctrl Pts',(0.106884051712274,1.07467351921936,-0.212571444910088));
#12605=CARTESIAN_POINT('Ctrl Pts',(0.103407026021616,1.07114173768147,-0.21074040089576));
#12606=CARTESIAN_POINT('Ctrl Pts',(0.102064829887652,1.06907727678023,-0.209760355016981));
#12607=CARTESIAN_POINT('Ctrl Pts',(0.100404775311653,1.06477109550667,-0.207996695684523));
#12608=CARTESIAN_POINT('Ctrl Pts',(0.0999999999999997,1.06260576948196,
-0.207216245262615));
#12609=CARTESIAN_POINT('Ctrl Pts',(0.0999999999999997,1.06038841600479,
-0.206535278738701));
#12610=CARTESIAN_POINT('',(0.155314960629921,1.07877513499027,-0.215044665422629));
#12611=CARTESIAN_POINT('',(-0.5,1.07877513499027,-0.215044665422631));
#12612=CARTESIAN_POINT('',(0.175,1.09580731247126,-0.230002002868885));
#12613=CARTESIAN_POINT('Ctrl Pts',(0.175,1.09580731247126,-0.230002002868885));
#12614=CARTESIAN_POINT('Ctrl Pts',(0.175,1.09528608820272,-0.229381257828061));
#12615=CARTESIAN_POINT('Ctrl Pts',(0.174969041218493,1.0947550286422,-0.228769267893763));
#12616=CARTESIAN_POINT('Ctrl Pts',(0.17466816089724,1.09222853717044,-0.225950939566336));
#12617=CARTESIAN_POINT('Ctrl Pts',(0.173984166211616,1.09014871258915,-0.223904218297785));
#12618=CARTESIAN_POINT('Ctrl Pts',(0.171679562765013,1.08634330963159,-0.220531050332829));
#12619=CARTESIAN_POINT('Ctrl Pts',(0.170212948728494,1.08465631201373,-0.219188908899746));
#12620=CARTESIAN_POINT('Ctrl Pts',(0.166604339464353,1.08182625095148,-0.217078951460858));
#12621=CARTESIAN_POINT('Ctrl Pts',(0.164558557099779,1.08070191504139,-0.216312042894004));
#12622=CARTESIAN_POINT('Ctrl Pts',(0.16007914137821,1.07917266349832,-0.215294069420668));
#12623=CARTESIAN_POINT('Ctrl Pts',(0.157710601902005,1.07877513499027,-0.215044665422631));
#12624=CARTESIAN_POINT('Ctrl Pts',(0.155314960629921,1.07877513499027,-0.215044665422631));
#12625=CARTESIAN_POINT('',(0.175,1.11081470023243,-0.297641901867899));
#12626=CARTESIAN_POINT('Origin',(0.175,1.03837026326075,-0.27823047348521));
#12627=CARTESIAN_POINT('',(-0.175,1.11081470023243,-0.297641901867899));
#12628=CARTESIAN_POINT('',(-0.5,1.11081470023243,-0.2976419018679));
#12629=CARTESIAN_POINT('',(-0.175,1.09580731247126,-0.230002002868885));
#12630=CARTESIAN_POINT('Origin',(-0.175,1.03837026326075,-0.27823047348521));
#12631=CARTESIAN_POINT('',(-0.155314960629921,1.07877513499027,-0.215044665422629));
#12632=CARTESIAN_POINT('Ctrl Pts',(-0.155314960629921,1.07877513499027,
-0.215044665422631));
#12633=CARTESIAN_POINT('Ctrl Pts',(-0.157463147571544,1.07877513499027,
-0.215044665422631));
#12634=CARTESIAN_POINT('Ctrl Pts',(-0.15959198258201,1.07909450736743,-0.215245735300604));
#12635=CARTESIAN_POINT('Ctrl Pts',(-0.16365611045789,1.08033040066288,-0.216062132805869));
#12636=CARTESIAN_POINT('Ctrl Pts',(-0.165547019997675,1.08124110858035,
-0.216675290486831));
#12637=CARTESIAN_POINT('Ctrl Pts',(-0.169270685412243,1.08375868773037,
-0.218499213798073));
#12638=CARTESIAN_POINT('Ctrl Pts',(-0.170928898663975,1.08542868524529,
-0.219782824395649));
#12639=CARTESIAN_POINT('Ctrl Pts',(-0.173573410925964,1.08924189741961,
-0.223056890148053));
#12640=CARTESIAN_POINT('Ctrl Pts',(-0.174474851944924,1.09144351981705,
-0.225134676934897));
#12641=CARTESIAN_POINT('Ctrl Pts',(-0.17494512455857,1.09440172185843,-0.228364382287369));
#12642=CARTESIAN_POINT('Ctrl Pts',(-0.175,1.09511317856294,-0.229175333415316));
#12643=CARTESIAN_POINT('Ctrl Pts',(-0.175,1.09580731247126,-0.230002002868885));
#12644=CARTESIAN_POINT('',(-0.119685039370079,1.07877513499027,-0.215044665422629));
#12645=CARTESIAN_POINT('',(-0.5,1.07877513499027,-0.215044665422631));
#12646=CARTESIAN_POINT('',(-0.1,1.06038841600479,-0.206535278738699));
#12647=CARTESIAN_POINT('Ctrl Pts',(-0.1,1.06038841600479,-0.206535278738701));
#12648=CARTESIAN_POINT('Ctrl Pts',(-0.1,1.06066101589052,-0.206618996286902));
#12649=CARTESIAN_POINT('Ctrl Pts',(-0.100006127465477,1.06093345863087,
-0.206704367607517));
#12650=CARTESIAN_POINT('Ctrl Pts',(-0.100131296454348,1.06370760499612,
-0.207591115144174));
#12651=CARTESIAN_POINT('Ctrl Pts',(-0.100760316634268,1.06611623416363,
-0.208510467902673));
#12652=CARTESIAN_POINT('Ctrl Pts',(-0.102956472960252,1.07052784168128,
-0.210431150884261));
#12653=CARTESIAN_POINT('Ctrl Pts',(-0.104518929630286,1.07249223263892,
-0.211416915268703));
#12654=CARTESIAN_POINT('Ctrl Pts',(-0.108260142101678,1.07562315455521,
-0.213113594263305));
#12655=CARTESIAN_POINT('Ctrl Pts',(-0.110379581579904,1.07681410954825,
-0.213825862569867));
#12656=CARTESIAN_POINT('Ctrl Pts',(-0.114925211539776,1.07838091042193,
-0.214787932930892));
#12657=CARTESIAN_POINT('Ctrl Pts',(-0.117287343388725,1.07877513499027,
-0.215044665422631));
#12658=CARTESIAN_POINT('Ctrl Pts',(-0.119685039370079,1.07877513499027,
-0.215044665422631));
#12659=CARTESIAN_POINT('',(-0.1,1.05002491051778,-0.204141545855541));
#12660=CARTESIAN_POINT('Origin',(-0.1,1.03837026326075,-0.27823047348521));
#12661=CARTESIAN_POINT('',(-0.119685039370079,1.03005297351204,-0.203693082256134));
#12662=CARTESIAN_POINT('Ctrl Pts',(-0.119685039370079,1.03005297351204,
-0.203693082256136));
#12663=CARTESIAN_POINT('Ctrl Pts',(-0.118217852725799,1.03005297351204,
-0.203693082256136));
#12664=CARTESIAN_POINT('Ctrl Pts',(-0.116758087586921,1.0302239026568,-0.203673437412792));
#12665=CARTESIAN_POINT('Ctrl Pts',(-0.113899996255805,1.03089867520282,
-0.203602792913619));
#12666=CARTESIAN_POINT('Ctrl Pts',(-0.112514491750413,1.03140030920116,
-0.203552176700242));
#12667=CARTESIAN_POINT('Ctrl Pts',(-0.108846751198219,1.03321692678285,
-0.203398602455957));
#12668=CARTESIAN_POINT('Ctrl Pts',(-0.106748723451281,1.0348448441466,-0.203287325421263));
#12669=CARTESIAN_POINT('Ctrl Pts',(-0.103336398168228,1.03874402427419,
-0.203206726123362));
#12670=CARTESIAN_POINT('Ctrl Pts',(-0.102024589893875,1.04097213437911,
-0.203236923212628));
#12671=CARTESIAN_POINT('Ctrl Pts',(-0.100395402987808,1.04552252961854,
-0.203541283036155));
#12672=CARTESIAN_POINT('Ctrl Pts',(-0.1,1.04777153101317,-0.203787075300999));
#12673=CARTESIAN_POINT('Ctrl Pts',(-0.1,1.05002491051778,-0.204141545855543));
#12674=CARTESIAN_POINT('',(-0.380314960629921,1.03005297351204,-0.203693082256134));
#12675=CARTESIAN_POINT('',(-0.5,1.03005297351204,-0.203693082256136));
#12676=CARTESIAN_POINT('',(-0.4,1.05002491051778,-0.204141545855541));
#12677=CARTESIAN_POINT('Ctrl Pts',(-0.4,1.05002491051778,-0.204141545855543));
#12678=CARTESIAN_POINT('Ctrl Pts',(-0.4,1.0497907093444,-0.204104704560221));
#12679=CARTESIAN_POINT('Ctrl Pts',(-0.399995722639063,1.04955610473336,
-0.20406893809401));
#12680=CARTESIAN_POINT('Ctrl Pts',(-0.399894411794969,1.04678113357141,
-0.20365936807964));
#12681=CARTESIAN_POINT('Ctrl Pts',(-0.399302284257621,1.04427078089172,
-0.203426178242535));
#12682=CARTESIAN_POINT('Ctrl Pts',(-0.397182706703296,1.03953494258965,
-0.203201242354655));
#12683=CARTESIAN_POINT('Ctrl Pts',(-0.395654409487822,1.03736196206825,
-0.203215218313544));
#12684=CARTESIAN_POINT('Ctrl Pts',(-0.39193856429732,1.03379314421939,-0.203349740504736));
#12685=CARTESIAN_POINT('Ctrl Pts',(-0.389799334324997,1.0323948316848,-0.2034628344106));
#12686=CARTESIAN_POINT('Ctrl Pts',(-0.385183942581392,1.03052989506329,
-0.203635719037684));
#12687=CARTESIAN_POINT('Ctrl Pts',(-0.382765948875362,1.03005297351204,
-0.203693082256136));
#12688=CARTESIAN_POINT('Ctrl Pts',(-0.380314960629921,1.03005297351204,
-0.203693082256136));
#12689=CARTESIAN_POINT('',(-0.4,1.06038841600479,-0.206535278738699));
#12690=CARTESIAN_POINT('Origin',(-0.4,1.03837026326075,-0.27823047348521));
#12691=CARTESIAN_POINT('',(-0.380314960629921,1.07877513499027,-0.215044665422629));
#12692=CARTESIAN_POINT('Ctrl Pts',(-0.380314960629921,1.07877513499027,
-0.215044665422631));
#12693=CARTESIAN_POINT('Ctrl Pts',(-0.381744377788041,1.07877513499027,
-0.215044665422631));
#12694=CARTESIAN_POINT('Ctrl Pts',(-0.383165859922748,1.07863460655075,
-0.214954169000975));
#12695=CARTESIAN_POINT('Ctrl Pts',(-0.385953214322145,1.0780773661142,-0.214603004175088));
#12696=CARTESIAN_POINT('Ctrl Pts',(-0.387305450846646,1.07766220384127,
-0.214343498474607));
#12697=CARTESIAN_POINT('Ctrl Pts',(-0.390984816963075,1.07610978142232,
-0.213406721671229));
#12698=CARTESIAN_POINT('Ctrl Pts',(-0.393115948287726,1.07467351921936,
-0.212571444910089));
#12699=CARTESIAN_POINT('Ctrl Pts',(-0.396592973978383,1.07114173768147,
-0.21074040089576));
#12700=CARTESIAN_POINT('Ctrl Pts',(-0.397935170112347,1.06907727678023,
-0.209760355016981));
#12701=CARTESIAN_POINT('Ctrl Pts',(-0.399595224688347,1.06477109550667,
-0.207996695684523));
#12702=CARTESIAN_POINT('Ctrl Pts',(-0.4,1.06260576948196,-0.207216245262615));
#12703=CARTESIAN_POINT('Ctrl Pts',(-0.4,1.06038841600479,-0.206535278738701));
#12704=CARTESIAN_POINT('',(-0.344685039370079,1.07877513499027,-0.215044665422629));
#12705=CARTESIAN_POINT('',(-0.5,1.07877513499027,-0.215044665422631));
#12706=CARTESIAN_POINT('',(-0.325,1.09580731247126,-0.230002002868885));
#12707=CARTESIAN_POINT('Ctrl Pts',(-0.325,1.09580731247126,-0.230002002868885));
#12708=CARTESIAN_POINT('Ctrl Pts',(-0.325,1.09528608820272,-0.229381257828061));
#12709=CARTESIAN_POINT('Ctrl Pts',(-0.325030958781506,1.0947550286422,-0.228769267893763));
#12710=CARTESIAN_POINT('Ctrl Pts',(-0.32533183910276,1.09222853717044,-0.225950939566336));
#12711=CARTESIAN_POINT('Ctrl Pts',(-0.326015833788384,1.09014871258915,
-0.223904218297785));
#12712=CARTESIAN_POINT('Ctrl Pts',(-0.328320437234987,1.08634330963159,
-0.220531050332829));
#12713=CARTESIAN_POINT('Ctrl Pts',(-0.329787051271506,1.08465631201373,
-0.219188908899746));
#12714=CARTESIAN_POINT('Ctrl Pts',(-0.333395660535646,1.08182625095148,
-0.217078951460859));
#12715=CARTESIAN_POINT('Ctrl Pts',(-0.33544144290022,1.08070191504139,-0.216312042894004));
#12716=CARTESIAN_POINT('Ctrl Pts',(-0.33992085862179,1.07917266349832,-0.215294069420668));
#12717=CARTESIAN_POINT('Ctrl Pts',(-0.342289398097995,1.07877513499027,
-0.215044665422631));
#12718=CARTESIAN_POINT('Ctrl Pts',(-0.344685039370079,1.07877513499027,
-0.215044665422631));
#12719=CARTESIAN_POINT('Origin',(-0.325,1.03837026326075,-0.27823047348521));
#12720=CARTESIAN_POINT('',(-0.5,0.965925826289068,-0.258819045102521));
#12721=CARTESIAN_POINT('Origin',(-0.5,0.893481389317388,-0.239407616719832));
#12722=CARTESIAN_POINT('',(-0.5,0.821036951796517,-0.21999619038675));
#12723=CARTESIAN_POINT('Origin',(-0.5,1.15,0.));
#12724=CARTESIAN_POINT('',(-0.5,-4.28102656547434E-17,0.25));
#12725=CARTESIAN_POINT('Origin',(-0.5,0.,0.));
#12726=CARTESIAN_POINT('',(-0.5,-0.0859270505061851,-0.316993197278911));
#12727=CARTESIAN_POINT('',(-0.5,-0.0229789024676758,-0.334));
#12728=CARTESIAN_POINT('Origin',(-0.5,-0.0229789024676758,-0.209));
#12729=CARTESIAN_POINT('',(-0.5,-0.115525014968737,-0.334081590028831));
#12730=CARTESIAN_POINT('Origin',(-0.5,-0.0958401446854779,-0.334));
#12731=CARTESIAN_POINT('',(-0.5,-0.132270765794379,-0.397099686711908));
#12732=CARTESIAN_POINT('Origin',(-0.5,-0.240523941267434,-0.334599686711908));
#12733=CARTESIAN_POINT('',(-0.5,-0.155249668262055,-0.436900313288092));
#12734=CARTESIAN_POINT('',(-0.5,0.127281734773688,0.0524584315035337));
#12735=CARTESIAN_POINT('',(-0.5,-0.201452065474922,-0.482911607250081));
#12736=CARTESIAN_POINT('Origin',(-0.5,-0.26350284373511,-0.374400313288092));
#12737=CARTESIAN_POINT('',(-0.5,-0.201452065474922,-0.51708839274992));
#12738=CARTESIAN_POINT('Origin',(-0.5,-0.191680289370956,-0.5));
#12739=CARTESIAN_POINT('',(-0.5,-0.155249668262055,-0.563099686711908));
#12740=CARTESIAN_POINT('Origin',(-0.5,-0.26350284373511,-0.625599686711908));
#12741=CARTESIAN_POINT('',(-0.5,-0.132270765794379,-0.602900313288092));
#12742=CARTESIAN_POINT('',(-0.5,-0.127302168830121,-0.611506175672519));
#12743=CARTESIAN_POINT('',(-0.5,-0.115525014968737,-0.665918409971169));
#12744=CARTESIAN_POINT('Origin',(-0.5,-0.240523941267434,-0.665400313288092));
#12745=CARTESIAN_POINT('',(-0.5,-0.085927050506185,-0.683006802721088));
#12746=CARTESIAN_POINT('Origin',(-0.5,-0.0958401446854778,-0.666));
#12747=CARTESIAN_POINT('',(-0.5,-0.0229789024676757,-0.666));
#12748=CARTESIAN_POINT('Origin',(-0.5,-0.0229789024676757,-0.791));
#12749=CARTESIAN_POINT('',(-0.5,0.0229789024676759,-0.666));
#12750=CARTESIAN_POINT('',(-0.5,0.5369224473423,-0.666));
#12751=CARTESIAN_POINT('',(-0.5,0.0859270505061853,-0.683006802721088));
#12752=CARTESIAN_POINT('Origin',(-0.5,0.022978902467676,-0.791));
#12753=CARTESIAN_POINT('',(-0.5,0.115525014968737,-0.665918409971169));
#12754=CARTESIAN_POINT('Origin',(-0.5,0.0958401446854781,-0.666));
#12755=CARTESIAN_POINT('',(-0.5,0.132270765794379,-0.602900313288092));
#12756=CARTESIAN_POINT('Origin',(-0.5,0.240523941267434,-0.665400313288092));
#12757=CARTESIAN_POINT('',(-0.5,0.155249668262055,-0.563099686711908));
#12758=CARTESIAN_POINT('',(-0.5,0.376724616172422,-0.179493824327482));
#12759=CARTESIAN_POINT('',(-0.5,0.201452065474922,-0.517088392749919));
#12760=CARTESIAN_POINT('Origin',(-0.5,0.26350284373511,-0.625599686711908));
#12761=CARTESIAN_POINT('',(-0.5,0.201452065474922,-0.48291160725008));
#12762=CARTESIAN_POINT('Origin',(-0.5,0.191680289370956,-0.5));
#12763=CARTESIAN_POINT('',(-0.5,0.155249668262055,-0.436900313288092));
#12764=CARTESIAN_POINT('Origin',(-0.5,0.26350284373511,-0.374400313288092));
#12765=CARTESIAN_POINT('',(-0.5,0.132270765794379,-0.397099686711908));
#12766=CARTESIAN_POINT('',(-0.5,0.198295817884012,-0.511458431503533));
#12767=CARTESIAN_POINT('',(-0.5,0.115525014968737,-0.334081590028831));
#12768=CARTESIAN_POINT('Origin',(-0.5,0.240523941267434,-0.334599686711908));
#12769=CARTESIAN_POINT('',(-0.5,0.0859270505061852,-0.316993197278911));
#12770=CARTESIAN_POINT('Origin',(-0.5,0.095840144685478,-0.334));
#12771=CARTESIAN_POINT('',(-0.5,0.0229789024676758,-0.334));
#12772=CARTESIAN_POINT('Origin',(-0.5,0.0229789024676758,-0.209));
#12773=CARTESIAN_POINT('',(-0.5,0.6130775526577,-0.334));
#12774=CARTESIAN_POINT('',(-0.5,0.316993197278911,-0.0859270505061851));
#12775=CARTESIAN_POINT('',(-0.5,0.334,-0.0229789024676759));
#12776=CARTESIAN_POINT('Origin',(-0.5,0.209,-0.0229789024676759));
#12777=CARTESIAN_POINT('',(-0.5,0.334081590028831,-0.115525014968737));
#12778=CARTESIAN_POINT('Origin',(-0.5,0.334,-0.0958401446854779));
#12779=CARTESIAN_POINT('',(-0.5,0.397099686711908,-0.132270765794379));
#12780=CARTESIAN_POINT('Origin',(-0.5,0.334599686711908,-0.240523941267434));
#12781=CARTESIAN_POINT('',(-0.5,0.436900313288092,-0.155249668262055));
#12782=CARTESIAN_POINT('',(-0.5,0.627773872084492,-0.265450568814338));
#12783=CARTESIAN_POINT('',(-0.5,0.482911607250081,-0.201452065474922));
#12784=CARTESIAN_POINT('Origin',(-0.5,0.374400313288092,-0.26350284373511));
#12785=CARTESIAN_POINT('',(-0.5,0.51708839274992,-0.201452065474922));
#12786=CARTESIAN_POINT('Origin',(-0.5,0.5,-0.191680289370956));
#12787=CARTESIAN_POINT('',(-0.5,0.563099686711908,-0.155249668262055));
#12788=CARTESIAN_POINT('Origin',(-0.5,0.625599686711908,-0.26350284373511));
#12789=CARTESIAN_POINT('',(-0.5,0.602900313288092,-0.132270765794379));
#12790=CARTESIAN_POINT('',(-0.5,0.793773872084493,-0.0220698652420953));
#12791=CARTESIAN_POINT('',(-0.5,0.665918409971169,-0.115525014968737));
#12792=CARTESIAN_POINT('Origin',(-0.5,0.665400313288092,-0.240523941267434));
#12793=CARTESIAN_POINT('',(-0.5,0.683006802721088,-0.085927050506185));
#12794=CARTESIAN_POINT('Origin',(-0.5,0.666,-0.0958401446854778));
#12795=CARTESIAN_POINT('',(-0.5,0.666,-0.0229789024676759));
#12796=CARTESIAN_POINT('Origin',(-0.5,0.791,-0.0229789024676758));
#12797=CARTESIAN_POINT('',(-0.5,0.666,0.0229789024676759));
#12798=CARTESIAN_POINT('',(-0.5,0.666,-0.0380775526576996));
#12799=CARTESIAN_POINT('',(-0.5,0.683006802721088,0.0859270505061852));
#12800=CARTESIAN_POINT('Origin',(-0.5,0.791,0.022978902467676));
#12801=CARTESIAN_POINT('',(-0.5,0.665918409971169,0.115525014968737));
#12802=CARTESIAN_POINT('Origin',(-0.5,0.666,0.095840144685478));
#12803=CARTESIAN_POINT('',(-0.5,0.602900313288092,0.132270765794379));
#12804=CARTESIAN_POINT('Origin',(-0.5,0.665400313288092,0.240523941267434));
#12805=CARTESIAN_POINT('',(-0.5,0.563099686711908,0.155249668262055));
#12806=CARTESIAN_POINT('',(-0.5,0.859726127915508,-0.016007687415604));
#12807=CARTESIAN_POINT('',(-0.5,0.517088392749919,0.201452065474922));
#12808=CARTESIAN_POINT('Origin',(-0.5,0.625599686711908,0.26350284373511));
#12809=CARTESIAN_POINT('',(-0.5,0.48291160725008,0.201452065474922));
#12810=CARTESIAN_POINT('Origin',(-0.5,0.5,0.191680289370956));
#12811=CARTESIAN_POINT('',(-0.5,0.436900313288092,0.155249668262055));
#12812=CARTESIAN_POINT('Origin',(-0.5,0.374400313288092,0.26350284373511));
#12813=CARTESIAN_POINT('',(-0.5,0.397099686711908,0.132270765794379));
#12814=CARTESIAN_POINT('',(-0.5,0.693726127915507,0.303528121472038));
#12815=CARTESIAN_POINT('',(-0.5,0.334081590028831,0.115525014968737));
#12816=CARTESIAN_POINT('Origin',(-0.5,0.334599686711908,0.240523941267434));
#12817=CARTESIAN_POINT('',(-0.5,0.316993197278911,0.0859270505061851));
#12818=CARTESIAN_POINT('Origin',(-0.5,0.334,0.0958401446854779));
#12819=CARTESIAN_POINT('',(-0.5,0.334,0.0229789024676759));
#12820=CARTESIAN_POINT('Origin',(-0.5,0.209,0.0229789024676758));
#12821=CARTESIAN_POINT('',(-0.5,0.334,0.0380775526576995));
#12822=CARTESIAN_POINT('',(-0.5,0.0859270505061852,0.316993197278911));
#12823=CARTESIAN_POINT('',(-0.5,0.0229789024676759,0.334));
#12824=CARTESIAN_POINT('Origin',(-0.5,0.0229789024676759,0.209));
#12825=CARTESIAN_POINT('',(-0.5,0.115525014968737,0.334081590028831));
#12826=CARTESIAN_POINT('Origin',(-0.5,0.0958401446854779,0.334));
#12827=CARTESIAN_POINT('',(-0.5,0.132270765794379,0.397099686711908));
#12828=CARTESIAN_POINT('Origin',(-0.5,0.240523941267434,0.334599686711908));
#12829=CARTESIAN_POINT('',(-0.5,0.155249668262055,0.436900313288092));
#12830=CARTESIAN_POINT('',(-0.5,0.160218265226312,0.445506175672519));
#12831=CARTESIAN_POINT('',(-0.5,0.201452065474922,0.482911607250081));
#12832=CARTESIAN_POINT('Origin',(-0.5,0.26350284373511,0.374400313288092));
#12833=CARTESIAN_POINT('',(-0.5,0.201452065474922,0.51708839274992));
#12834=CARTESIAN_POINT('Origin',(-0.5,0.191680289370956,0.5));
#12835=CARTESIAN_POINT('',(-0.5,0.155249668262055,0.563099686711908));
#12836=CARTESIAN_POINT('Origin',(-0.5,0.26350284373511,0.625599686711908));
#12837=CARTESIAN_POINT('',(-0.5,0.132270765794379,0.602900313288092));
#12838=CARTESIAN_POINT('',(-0.5,0.414802168830122,0.113541568496466));
#12839=CARTESIAN_POINT('',(-0.5,0.115525014968737,0.665918409971169));
#12840=CARTESIAN_POINT('Origin',(-0.5,0.240523941267434,0.665400313288092));
#12841=CARTESIAN_POINT('',(-0.5,0.0859270505061851,0.683006802721088));
#12842=CARTESIAN_POINT('Origin',(-0.5,0.0958401446854779,0.666));
#12843=CARTESIAN_POINT('',(-0.5,0.0229789024676759,0.666));
#12844=CARTESIAN_POINT('Origin',(-0.5,0.0229789024676759,0.791));
#12845=CARTESIAN_POINT('',(-0.5,-0.0229789024676759,0.666));
#12846=CARTESIAN_POINT('',(-0.5,0.613077552657699,0.666));
#12847=CARTESIAN_POINT('',(-0.5,-0.0859270505061852,0.683006802721088));
#12848=CARTESIAN_POINT('Origin',(-0.5,-0.0229789024676759,0.791));
#12849=CARTESIAN_POINT('',(-0.5,-0.115525014968737,0.665918409971169));
#12850=CARTESIAN_POINT('Origin',(-0.5,-0.095840144685478,0.666));
#12851=CARTESIAN_POINT('',(-0.5,-0.132270765794379,0.602900313288092));
#12852=CARTESIAN_POINT('Origin',(-0.5,-0.240523941267434,0.665400313288092));
#12853=CARTESIAN_POINT('',(-0.5,-0.155249668262055,0.563099686711908));
#12854=CARTESIAN_POINT('',(-0.5,-0.0892246161724223,0.677458431503533));
#12855=CARTESIAN_POINT('',(-0.5,-0.201452065474922,0.517088392749919));
#12856=CARTESIAN_POINT('Origin',(-0.5,-0.26350284373511,0.625599686711908));
#12857=CARTESIAN_POINT('',(-0.5,-0.201452065474922,0.48291160725008));
#12858=CARTESIAN_POINT('Origin',(-0.5,-0.191680289370956,0.5));
#12859=CARTESIAN_POINT('',(-0.5,-0.155249668262055,0.436900313288092));
#12860=CARTESIAN_POINT('Origin',(-0.5,-0.26350284373511,0.374400313288092));
#12861=CARTESIAN_POINT('',(-0.5,-0.132270765794379,0.397099686711908));
#12862=CARTESIAN_POINT('',(-0.5,0.0892041821159881,0.0134938243274814));
#12863=CARTESIAN_POINT('',(-0.5,-0.115525014968737,0.334081590028831));
#12864=CARTESIAN_POINT('Origin',(-0.5,-0.240523941267434,0.334599686711908));
#12865=CARTESIAN_POINT('',(-0.5,-0.0859270505061851,0.316993197278911));
#12866=CARTESIAN_POINT('Origin',(-0.5,-0.0958401446854779,0.334));
#12867=CARTESIAN_POINT('',(-0.5,-0.0229789024676758,0.334));
#12868=CARTESIAN_POINT('Origin',(-0.5,-0.0229789024676758,0.209));
#12869=CARTESIAN_POINT('',(-0.5,0.5369224473423,0.334));
#12870=CARTESIAN_POINT('',(-0.5,-0.316993197278911,0.0859270505061852));
#12871=CARTESIAN_POINT('',(-0.5,-0.334,0.0229789024676759));
#12872=CARTESIAN_POINT('Origin',(-0.5,-0.209,0.022978902467676));
#12873=CARTESIAN_POINT('',(-0.5,-0.334081590028831,0.115525014968737));
#12874=CARTESIAN_POINT('Origin',(-0.5,-0.334,0.095840144685478));
#12875=CARTESIAN_POINT('',(-0.5,-0.397099686711908,0.132270765794379));
#12876=CARTESIAN_POINT('Origin',(-0.5,-0.334599686711908,0.240523941267434));
#12877=CARTESIAN_POINT('',(-0.5,-0.436900313288092,0.155249668262055));
#12878=CARTESIAN_POINT('',(-0.5,0.234726127915507,-0.232514038361714));
#12879=CARTESIAN_POINT('',(-0.5,-0.482911607250081,0.201452065474922));
#12880=CARTESIAN_POINT('Origin',(-0.5,-0.374400313288092,0.26350284373511));
#12881=CARTESIAN_POINT('',(-0.5,-0.51708839274992,0.201452065474922));
#12882=CARTESIAN_POINT('Origin',(-0.5,-0.5,0.191680289370956));
#12883=CARTESIAN_POINT('',(-0.5,-0.563099686711908,0.155249668262055));
#12884=CARTESIAN_POINT('Origin',(-0.5,-0.625599686711908,0.26350284373511));
#12885=CARTESIAN_POINT('',(-0.5,-0.602900313288092,0.132270765794379));
#12886=CARTESIAN_POINT('',(-0.5,0.0687261279155071,0.520034472418148));
#12887=CARTESIAN_POINT('',(-0.5,-0.665918409971169,0.115525014968737));
#12888=CARTESIAN_POINT('Origin',(-0.5,-0.665400313288092,0.240523941267434));
#12889=CARTESIAN_POINT('',(-0.5,-0.683006802721088,0.0859270505061851));
#12890=CARTESIAN_POINT('Origin',(-0.5,-0.666,0.0958401446854779));
#12891=CARTESIAN_POINT('',(-0.5,-0.666,0.0229789024676759));
#12892=CARTESIAN_POINT('Origin',(-0.5,-0.791,0.0229789024676759));
#12893=CARTESIAN_POINT('',(-0.5,-0.666,-0.0229789024676758));
#12894=CARTESIAN_POINT('',(-0.5,-0.666,0.0380775526576995));
#12895=CARTESIAN_POINT('',(-0.5,-0.683006802721088,-0.0859270505061851));
#12896=CARTESIAN_POINT('Origin',(-0.5,-0.791,-0.0229789024676759));
#12897=CARTESIAN_POINT('',(-0.5,-0.665918409971169,-0.115525014968737));
#12898=CARTESIAN_POINT('Origin',(-0.5,-0.666,-0.095840144685478));
#12899=CARTESIAN_POINT('',(-0.5,-0.602900313288092,-0.132270765794379));
#12900=CARTESIAN_POINT('Origin',(-0.5,-0.665400313288092,-0.240523941267434));
#12901=CARTESIAN_POINT('',(-0.5,-0.563099686711908,-0.155249668262055));
#12902=CARTESIAN_POINT('',(-0.5,0.00277387208449269,-0.481956919760448));
#12903=CARTESIAN_POINT('',(-0.5,-0.517088392749919,-0.201452065474922));
#12904=CARTESIAN_POINT('Origin',(-0.5,-0.625599686711908,-0.26350284373511));
#12905=CARTESIAN_POINT('',(-0.5,-0.48291160725008,-0.201452065474922));
#12906=CARTESIAN_POINT('Origin',(-0.5,-0.5,-0.191680289370956));
#12907=CARTESIAN_POINT('',(-0.5,-0.436900313288092,-0.155249668262055));
#12908=CARTESIAN_POINT('Origin',(-0.5,-0.374400313288092,-0.26350284373511));
#12909=CARTESIAN_POINT('',(-0.5,-0.397099686711908,-0.132270765794379));
#12910=CARTESIAN_POINT('',(-0.5,0.168773872084493,0.194436485704014));
#12911=CARTESIAN_POINT('',(-0.5,-0.334081590028831,-0.115525014968737));
#12912=CARTESIAN_POINT('Origin',(-0.5,-0.334599686711908,-0.240523941267434));
#12913=CARTESIAN_POINT('',(-0.5,-0.316993197278911,-0.0859270505061851));
#12914=CARTESIAN_POINT('Origin',(-0.5,-0.334,-0.0958401446854779));
#12915=CARTESIAN_POINT('',(-0.5,-0.334,-0.0229789024676758));
#12916=CARTESIAN_POINT('Origin',(-0.5,-0.209,-0.0229789024676757));
#12917=CARTESIAN_POINT('',(-0.5,-0.334,-0.0380775526576997));
#12918=CARTESIAN_POINT('Origin',(-0.5,-0.209,0.022978902467676));
#12919=CARTESIAN_POINT('',(-0.333333333333333,-0.334,0.0229789024676759));
#12920=CARTESIAN_POINT('',(-0.5,-0.334,0.0229789024676759));
#12921=CARTESIAN_POINT('',(-0.333333333333333,-0.316993197278911,0.0859270505061852));
#12922=CARTESIAN_POINT('Origin',(-0.333333333333333,-0.209,0.022978902467676));
#12923=CARTESIAN_POINT('',(-0.5,-0.316993197278911,0.0859270505061852));
#12924=CARTESIAN_POINT('Origin',(-0.5,-0.334,0.095840144685478));
#12925=CARTESIAN_POINT('',(-0.333333333333333,-0.334081590028831,0.115525014968737));
#12926=CARTESIAN_POINT('Origin',(-0.333333333333333,-0.334,0.095840144685478));
#12927=CARTESIAN_POINT('',(-0.5,-0.334081590028831,0.115525014968737));
#12928=CARTESIAN_POINT('Origin',(-0.5,-0.334599686711908,0.240523941267434));
#12929=CARTESIAN_POINT('',(-0.333333333333333,-0.397099686711908,0.132270765794379));
#12930=CARTESIAN_POINT('Origin',(-0.333333333333333,-0.334599686711908,
0.240523941267434));
#12931=CARTESIAN_POINT('',(-0.5,-0.397099686711908,0.132270765794379));
#12932=CARTESIAN_POINT('Origin',(-0.5,-0.374400313288092,0.26350284373511));
#12933=CARTESIAN_POINT('',(-0.333333333333333,-0.436900313288092,0.155249668262055));
#12934=CARTESIAN_POINT('',(-0.5,-0.436900313288092,0.155249668262055));
#12935=CARTESIAN_POINT('',(-0.333333333333333,-0.482911607250081,0.201452065474922));
#12936=CARTESIAN_POINT('Origin',(-0.333333333333333,-0.374400313288092,
0.26350284373511));
#12937=CARTESIAN_POINT('',(-0.5,-0.482911607250081,0.201452065474922));
#12938=CARTESIAN_POINT('Origin',(-0.5,-0.5,0.191680289370956));
#12939=CARTESIAN_POINT('',(-0.333333333333333,-0.51708839274992,0.201452065474922));
#12940=CARTESIAN_POINT('Origin',(-0.333333333333333,-0.5,0.191680289370956));
#12941=CARTESIAN_POINT('',(-0.5,-0.51708839274992,0.201452065474922));
#12942=CARTESIAN_POINT('Origin',(-0.5,-0.625599686711908,0.26350284373511));
#12943=CARTESIAN_POINT('',(-0.333333333333333,-0.563099686711908,0.155249668262055));
#12944=CARTESIAN_POINT('Origin',(-0.333333333333333,-0.625599686711908,
0.26350284373511));
#12945=CARTESIAN_POINT('',(-0.5,-0.563099686711908,0.155249668262055));
#12946=CARTESIAN_POINT('Origin',(-0.5,-0.665400313288092,0.240523941267434));
#12947=CARTESIAN_POINT('',(-0.333333333333333,-0.602900313288092,0.132270765794379));
#12948=CARTESIAN_POINT('',(-0.5,-0.602900313288092,0.132270765794379));
#12949=CARTESIAN_POINT('',(-0.333333333333333,-0.665918409971169,0.115525014968737));
#12950=CARTESIAN_POINT('Origin',(-0.333333333333333,-0.665400313288092,
0.240523941267434));
#12951=CARTESIAN_POINT('',(-0.5,-0.665918409971169,0.115525014968737));
#12952=CARTESIAN_POINT('Origin',(-0.5,-0.666,0.0958401446854779));
#12953=CARTESIAN_POINT('',(-0.333333333333333,-0.683006802721088,0.0859270505061851));
#12954=CARTESIAN_POINT('Origin',(-0.333333333333333,-0.666,0.0958401446854779));
#12955=CARTESIAN_POINT('',(-0.5,-0.683006802721088,0.0859270505061851));
#12956=CARTESIAN_POINT('Origin',(-0.5,-0.791,0.0229789024676759));
#12957=CARTESIAN_POINT('',(-0.333333333333333,-0.666,0.0229789024676759));
#12958=CARTESIAN_POINT('Origin',(-0.333333333333333,-0.791,0.0229789024676759));
#12959=CARTESIAN_POINT('',(-0.5,-0.666,0.0229789024676759));
#12960=CARTESIAN_POINT('Origin',(-0.5,-0.791,-0.0229789024676759));
#12961=CARTESIAN_POINT('',(-0.333333333333333,-0.666,-0.0229789024676758));
#12962=CARTESIAN_POINT('',(-0.5,-0.666,-0.0229789024676758));
#12963=CARTESIAN_POINT('',(-0.333333333333333,-0.683006802721088,-0.0859270505061851));
#12964=CARTESIAN_POINT('Origin',(-0.333333333333333,-0.791,-0.0229789024676759));
#12965=CARTESIAN_POINT('',(-0.5,-0.683006802721088,-0.0859270505061851));
#12966=CARTESIAN_POINT('Origin',(-0.5,-0.666,-0.095840144685478));
#12967=CARTESIAN_POINT('',(-0.333333333333333,-0.665918409971169,-0.115525014968737));
#12968=CARTESIAN_POINT('Origin',(-0.333333333333333,-0.666,-0.095840144685478));
#12969=CARTESIAN_POINT('',(-0.5,-0.665918409971169,-0.115525014968737));
#12970=CARTESIAN_POINT('Origin',(-0.5,-0.665400313288092,-0.240523941267434));
#12971=CARTESIAN_POINT('',(-0.333333333333333,-0.602900313288092,-0.132270765794379));
#12972=CARTESIAN_POINT('Origin',(-0.333333333333333,-0.665400313288092,
-0.240523941267434));
#12973=CARTESIAN_POINT('',(-0.5,-0.602900313288092,-0.132270765794379));
#12974=CARTESIAN_POINT('Origin',(-0.5,-0.209,-0.0229789024676757));
#12975=CARTESIAN_POINT('',(-0.333333333333333,-0.316993197278911,-0.0859270505061851));
#12976=CARTESIAN_POINT('',(-0.5,-0.316993197278911,-0.0859270505061851));
#12977=CARTESIAN_POINT('',(-0.333333333333333,-0.334,-0.0229789024676758));
#12978=CARTESIAN_POINT('Origin',(-0.333333333333333,-0.209,-0.0229789024676757));
#12979=CARTESIAN_POINT('',(-0.5,-0.334,-0.0229789024676758));
#12980=CARTESIAN_POINT('Origin',(-0.5,-0.334,-0.0958401446854779));
#12981=CARTESIAN_POINT('',(-0.333333333333333,-0.334081590028831,-0.115525014968737));
#12982=CARTESIAN_POINT('',(-0.5,-0.334081590028831,-0.115525014968737));
#12983=CARTESIAN_POINT('Origin',(-0.333333333333333,-0.334,-0.0958401446854779));
#12984=CARTESIAN_POINT('Origin',(-0.5,-0.334599686711908,-0.240523941267434));
#12985=CARTESIAN_POINT('',(-0.333333333333333,-0.397099686711908,-0.132270765794379));
#12986=CARTESIAN_POINT('',(-0.5,-0.397099686711908,-0.132270765794379));
#12987=CARTESIAN_POINT('Origin',(-0.333333333333333,-0.334599686711908,
-0.240523941267434));
#12988=CARTESIAN_POINT('Origin',(-0.5,-0.482952255831015,-0.181837769685916));
#12989=CARTESIAN_POINT('',(-0.333333333333333,-0.436900313288092,-0.155249668262055));
#12990=CARTESIAN_POINT('',(-0.5,-0.436900313288092,-0.155249668262055));
#12991=CARTESIAN_POINT('',(-0.333333333333333,-0.334,-0.0958401446854779));
#12992=CARTESIAN_POINT('Origin',(-0.5,-0.625599686711908,-0.26350284373511));
#12993=CARTESIAN_POINT('',(-0.333333333333333,-0.563099686711908,-0.155249668262055));
#12994=CARTESIAN_POINT('',(-0.5,-0.563099686711908,-0.155249668262055));
#12995=CARTESIAN_POINT('',(-0.333333333333333,-0.517088392749919,-0.201452065474922));
#12996=CARTESIAN_POINT('Origin',(-0.333333333333333,-0.625599686711908,
-0.26350284373511));
#12997=CARTESIAN_POINT('',(-0.5,-0.517088392749919,-0.201452065474922));
#12998=CARTESIAN_POINT('Origin',(-0.5,-0.5,-0.191680289370956));
#12999=CARTESIAN_POINT('',(-0.333333333333333,-0.48291160725008,-0.201452065474922));
#13000=CARTESIAN_POINT('Origin',(-0.333333333333333,-0.5,-0.191680289370956));
#13001=CARTESIAN_POINT('',(-0.5,-0.48291160725008,-0.201452065474922));
#13002=CARTESIAN_POINT('Origin',(-0.5,-0.374400313288092,-0.26350284373511));
#13003=CARTESIAN_POINT('Origin',(-0.333333333333333,-0.374400313288092,
-0.26350284373511));
#13004=CARTESIAN_POINT('Origin',(-0.5,0.0229789024676759,0.209));
#13005=CARTESIAN_POINT('',(-0.333333333333333,0.0229789024676759,0.334));
#13006=CARTESIAN_POINT('',(-0.5,0.0229789024676759,0.334));
#13007=CARTESIAN_POINT('',(-0.333333333333333,0.0859270505061852,0.316993197278911));
#13008=CARTESIAN_POINT('Origin',(-0.333333333333333,0.0229789024676759,
0.209));
#13009=CARTESIAN_POINT('',(-0.5,0.0859270505061852,0.316993197278911));
#13010=CARTESIAN_POINT('Origin',(-0.5,0.0958401446854779,0.334));
#13011=CARTESIAN_POINT('',(-0.333333333333333,0.115525014968737,0.334081590028831));
#13012=CARTESIAN_POINT('Origin',(-0.333333333333333,0.0958401446854779,
0.334));
#13013=CARTESIAN_POINT('',(-0.5,0.115525014968737,0.334081590028831));
#13014=CARTESIAN_POINT('Origin',(-0.5,0.240523941267434,0.334599686711908));
#13015=CARTESIAN_POINT('',(-0.333333333333333,0.132270765794379,0.397099686711908));
#13016=CARTESIAN_POINT('Origin',(-0.333333333333333,0.240523941267434,0.334599686711908));
#13017=CARTESIAN_POINT('',(-0.5,0.132270765794379,0.397099686711908));
#13018=CARTESIAN_POINT('Origin',(-0.5,0.26350284373511,0.374400313288092));
#13019=CARTESIAN_POINT('',(-0.333333333333333,0.155249668262055,0.436900313288092));
#13020=CARTESIAN_POINT('',(-0.5,0.155249668262055,0.436900313288092));
#13021=CARTESIAN_POINT('',(-0.333333333333333,0.201452065474922,0.482911607250081));
#13022=CARTESIAN_POINT('Origin',(-0.333333333333333,0.26350284373511,0.374400313288092));
#13023=CARTESIAN_POINT('',(-0.5,0.201452065474922,0.482911607250081));
#13024=CARTESIAN_POINT('Origin',(-0.5,0.191680289370956,0.5));
#13025=CARTESIAN_POINT('',(-0.333333333333333,0.201452065474922,0.51708839274992));
#13026=CARTESIAN_POINT('Origin',(-0.333333333333333,0.191680289370956,0.5));
#13027=CARTESIAN_POINT('',(-0.5,0.201452065474922,0.51708839274992));
#13028=CARTESIAN_POINT('Origin',(-0.5,0.26350284373511,0.625599686711908));
#13029=CARTESIAN_POINT('',(-0.333333333333333,0.155249668262055,0.563099686711908));
#13030=CARTESIAN_POINT('Origin',(-0.333333333333333,0.26350284373511,0.625599686711908));
#13031=CARTESIAN_POINT('',(-0.5,0.155249668262055,0.563099686711908));
#13032=CARTESIAN_POINT('Origin',(-0.5,0.240523941267434,0.665400313288092));
#13033=CARTESIAN_POINT('',(-0.333333333333333,0.132270765794379,0.602900313288092));
#13034=CARTESIAN_POINT('',(-0.5,0.132270765794379,0.602900313288092));
#13035=CARTESIAN_POINT('',(-0.333333333333333,0.115525014968737,0.665918409971169));
#13036=CARTESIAN_POINT('Origin',(-0.333333333333333,0.240523941267434,0.665400313288092));
#13037=CARTESIAN_POINT('',(-0.5,0.115525014968737,0.665918409971169));
#13038=CARTESIAN_POINT('Origin',(-0.5,0.0958401446854779,0.666));
#13039=CARTESIAN_POINT('',(-0.333333333333333,0.0859270505061851,0.683006802721088));
#13040=CARTESIAN_POINT('Origin',(-0.333333333333333,0.0958401446854779,
0.666));
#13041=CARTESIAN_POINT('',(-0.5,0.0859270505061851,0.683006802721088));
#13042=CARTESIAN_POINT('Origin',(-0.5,0.0229789024676759,0.791));
#13043=CARTESIAN_POINT('',(-0.333333333333333,0.0229789024676759,0.666));
#13044=CARTESIAN_POINT('Origin',(-0.333333333333333,0.0229789024676759,
0.791));
#13045=CARTESIAN_POINT('',(-0.5,0.0229789024676759,0.666));
#13046=CARTESIAN_POINT('Origin',(-0.5,-0.0229789024676759,0.791));
#13047=CARTESIAN_POINT('',(-0.333333333333333,-0.0229789024676759,0.666));
#13048=CARTESIAN_POINT('',(-0.5,-0.0229789024676759,0.666));
#13049=CARTESIAN_POINT('',(-0.333333333333333,-0.0859270505061852,0.683006802721088));
#13050=CARTESIAN_POINT('Origin',(-0.333333333333333,-0.0229789024676759,
0.791));
#13051=CARTESIAN_POINT('',(-0.5,-0.0859270505061852,0.683006802721088));
#13052=CARTESIAN_POINT('Origin',(-0.5,-0.095840144685478,0.666));
#13053=CARTESIAN_POINT('',(-0.333333333333333,-0.115525014968737,0.665918409971169));
#13054=CARTESIAN_POINT('Origin',(-0.333333333333333,-0.095840144685478,
0.666));
#13055=CARTESIAN_POINT('',(-0.5,-0.115525014968737,0.665918409971169));
#13056=CARTESIAN_POINT('Origin',(-0.5,-0.240523941267434,0.665400313288092));
#13057=CARTESIAN_POINT('',(-0.333333333333333,-0.132270765794379,0.602900313288092));
#13058=CARTESIAN_POINT('Origin',(-0.333333333333333,-0.240523941267434,
0.665400313288092));
#13059=CARTESIAN_POINT('',(-0.5,-0.132270765794379,0.602900313288092));
#13060=CARTESIAN_POINT('Origin',(-0.5,-0.0229789024676758,0.209));
#13061=CARTESIAN_POINT('',(-0.333333333333333,-0.0859270505061851,0.316993197278911));
#13062=CARTESIAN_POINT('',(-0.5,-0.0859270505061851,0.316993197278911));
#13063=CARTESIAN_POINT('',(-0.333333333333333,-0.0229789024676758,0.334));
#13064=CARTESIAN_POINT('Origin',(-0.333333333333333,-0.0229789024676758,
0.209));
#13065=CARTESIAN_POINT('',(-0.5,-0.0229789024676758,0.334));
#13066=CARTESIAN_POINT('Origin',(-0.5,-0.0958401446854779,0.334));
#13067=CARTESIAN_POINT('',(-0.333333333333333,-0.115525014968737,0.334081590028831));
#13068=CARTESIAN_POINT('',(-0.5,-0.115525014968737,0.334081590028831));
#13069=CARTESIAN_POINT('Origin',(-0.333333333333333,-0.0958401446854779,
0.334));
#13070=CARTESIAN_POINT('Origin',(-0.5,-0.240523941267434,0.334599686711908));
#13071=CARTESIAN_POINT('',(-0.333333333333333,-0.132270765794379,0.397099686711908));
#13072=CARTESIAN_POINT('',(-0.5,-0.132270765794379,0.397099686711908));
#13073=CARTESIAN_POINT('Origin',(-0.333333333333333,-0.240523941267434,
0.334599686711908));
#13074=CARTESIAN_POINT('Origin',(-0.5,-0.181837769685916,0.482952255831015));
#13075=CARTESIAN_POINT('',(-0.333333333333333,-0.155249668262055,0.436900313288092));
#13076=CARTESIAN_POINT('',(-0.5,-0.155249668262055,0.436900313288092));
#13077=CARTESIAN_POINT('',(-0.333333333333333,-0.0958401446854779,0.334));
#13078=CARTESIAN_POINT('Origin',(-0.5,-0.26350284373511,0.625599686711908));
#13079=CARTESIAN_POINT('',(-0.333333333333333,-0.155249668262055,0.563099686711908));
#13080=CARTESIAN_POINT('',(-0.5,-0.155249668262055,0.563099686711908));
#13081=CARTESIAN_POINT('',(-0.333333333333333,-0.201452065474922,0.517088392749919));
#13082=CARTESIAN_POINT('Origin',(-0.333333333333333,-0.26350284373511,0.625599686711908));
#13083=CARTESIAN_POINT('',(-0.5,-0.201452065474922,0.517088392749919));
#13084=CARTESIAN_POINT('Origin',(-0.5,-0.191680289370956,0.5));
#13085=CARTESIAN_POINT('',(-0.333333333333333,-0.201452065474922,0.48291160725008));
#13086=CARTESIAN_POINT('Origin',(-0.333333333333333,-0.191680289370956,
0.5));
#13087=CARTESIAN_POINT('',(-0.5,-0.201452065474922,0.48291160725008));
#13088=CARTESIAN_POINT('Origin',(-0.5,-0.26350284373511,0.374400313288092));
#13089=CARTESIAN_POINT('Origin',(-0.333333333333333,-0.26350284373511,0.374400313288092));
#13090=CARTESIAN_POINT('Origin',(-0.5,0.209,-0.0229789024676759));
#13091=CARTESIAN_POINT('',(-0.333333333333333,0.334,-0.0229789024676759));
#13092=CARTESIAN_POINT('',(-0.5,0.334,-0.0229789024676759));
#13093=CARTESIAN_POINT('',(-0.333333333333333,0.316993197278911,-0.0859270505061851));
#13094=CARTESIAN_POINT('Origin',(-0.333333333333333,0.209,-0.0229789024676759));
#13095=CARTESIAN_POINT('',(-0.5,0.316993197278911,-0.0859270505061851));
#13096=CARTESIAN_POINT('Origin',(-0.5,0.334,-0.0958401446854779));
#13097=CARTESIAN_POINT('',(-0.333333333333333,0.334081590028831,-0.115525014968737));
#13098=CARTESIAN_POINT('Origin',(-0.333333333333333,0.334,-0.0958401446854779));
#13099=CARTESIAN_POINT('',(-0.5,0.334081590028831,-0.115525014968737));
#13100=CARTESIAN_POINT('Origin',(-0.5,0.334599686711908,-0.240523941267434));
#13101=CARTESIAN_POINT('',(-0.333333333333333,0.397099686711908,-0.132270765794379));
#13102=CARTESIAN_POINT('Origin',(-0.333333333333333,0.334599686711908,-0.240523941267434));
#13103=CARTESIAN_POINT('',(-0.5,0.397099686711908,-0.132270765794379));
#13104=CARTESIAN_POINT('Origin',(-0.5,0.374400313288092,-0.26350284373511));
#13105=CARTESIAN_POINT('',(-0.333333333333333,0.436900313288092,-0.155249668262055));
#13106=CARTESIAN_POINT('',(-0.5,0.436900313288092,-0.155249668262055));
#13107=CARTESIAN_POINT('',(-0.333333333333333,0.482911607250081,-0.201452065474922));
#13108=CARTESIAN_POINT('Origin',(-0.333333333333333,0.374400313288092,-0.26350284373511));
#13109=CARTESIAN_POINT('',(-0.5,0.482911607250081,-0.201452065474922));
#13110=CARTESIAN_POINT('Origin',(-0.5,0.5,-0.191680289370956));
#13111=CARTESIAN_POINT('',(-0.333333333333333,0.51708839274992,-0.201452065474922));
#13112=CARTESIAN_POINT('Origin',(-0.333333333333333,0.5,-0.191680289370956));
#13113=CARTESIAN_POINT('',(-0.5,0.51708839274992,-0.201452065474922));
#13114=CARTESIAN_POINT('Origin',(-0.5,0.625599686711908,-0.26350284373511));
#13115=CARTESIAN_POINT('',(-0.333333333333333,0.563099686711908,-0.155249668262055));
#13116=CARTESIAN_POINT('Origin',(-0.333333333333333,0.625599686711908,-0.26350284373511));
#13117=CARTESIAN_POINT('',(-0.5,0.563099686711908,-0.155249668262055));
#13118=CARTESIAN_POINT('Origin',(-0.5,0.665400313288092,-0.240523941267434));
#13119=CARTESIAN_POINT('',(-0.333333333333333,0.602900313288092,-0.132270765794379));
#13120=CARTESIAN_POINT('',(-0.5,0.602900313288092,-0.132270765794379));
#13121=CARTESIAN_POINT('',(-0.333333333333333,0.665918409971169,-0.115525014968737));
#13122=CARTESIAN_POINT('Origin',(-0.333333333333333,0.665400313288092,-0.240523941267434));
#13123=CARTESIAN_POINT('',(-0.5,0.665918409971169,-0.115525014968737));
#13124=CARTESIAN_POINT('Origin',(-0.5,0.666,-0.0958401446854778));
#13125=CARTESIAN_POINT('',(-0.333333333333333,0.683006802721088,-0.085927050506185));
#13126=CARTESIAN_POINT('Origin',(-0.333333333333333,0.666,-0.0958401446854778));
#13127=CARTESIAN_POINT('',(-0.5,0.683006802721088,-0.085927050506185));
#13128=CARTESIAN_POINT('Origin',(-0.5,0.791,-0.0229789024676758));
#13129=CARTESIAN_POINT('',(-0.333333333333333,0.666,-0.0229789024676759));
#13130=CARTESIAN_POINT('Origin',(-0.333333333333333,0.791,-0.0229789024676758));
#13131=CARTESIAN_POINT('',(-0.5,0.666,-0.0229789024676759));
#13132=CARTESIAN_POINT('Origin',(-0.5,0.791,0.022978902467676));
#13133=CARTESIAN_POINT('',(-0.333333333333333,0.666,0.0229789024676759));
#13134=CARTESIAN_POINT('',(-0.5,0.666,0.0229789024676759));
#13135=CARTESIAN_POINT('',(-0.333333333333333,0.683006802721088,0.0859270505061852));
#13136=CARTESIAN_POINT('Origin',(-0.333333333333333,0.791,0.022978902467676));
#13137=CARTESIAN_POINT('',(-0.5,0.683006802721088,0.0859270505061852));
#13138=CARTESIAN_POINT('Origin',(-0.5,0.666,0.095840144685478));
#13139=CARTESIAN_POINT('',(-0.333333333333333,0.665918409971169,0.115525014968737));
#13140=CARTESIAN_POINT('Origin',(-0.333333333333333,0.666,0.095840144685478));
#13141=CARTESIAN_POINT('',(-0.5,0.665918409971169,0.115525014968737));
#13142=CARTESIAN_POINT('Origin',(-0.5,0.665400313288092,0.240523941267434));
#13143=CARTESIAN_POINT('',(-0.333333333333333,0.602900313288092,0.132270765794379));
#13144=CARTESIAN_POINT('Origin',(-0.333333333333333,0.665400313288092,0.240523941267434));
#13145=CARTESIAN_POINT('',(-0.5,0.602900313288092,0.132270765794379));
#13146=CARTESIAN_POINT('Origin',(-0.5,0.209,0.0229789024676758));
#13147=CARTESIAN_POINT('',(-0.333333333333333,0.316993197278911,0.0859270505061851));
#13148=CARTESIAN_POINT('',(-0.5,0.316993197278911,0.0859270505061851));
#13149=CARTESIAN_POINT('',(-0.333333333333333,0.334,0.0229789024676758));
#13150=CARTESIAN_POINT('Origin',(-0.333333333333333,0.209,0.0229789024676758));
#13151=CARTESIAN_POINT('',(-0.5,0.334,0.0229789024676759));
#13152=CARTESIAN_POINT('Origin',(-0.5,0.334,0.0958401446854779));
#13153=CARTESIAN_POINT('',(-0.333333333333333,0.334081590028831,0.115525014968737));
#13154=CARTESIAN_POINT('',(-0.5,0.334081590028831,0.115525014968737));
#13155=CARTESIAN_POINT('Origin',(-0.333333333333333,0.334,0.0958401446854779));
#13156=CARTESIAN_POINT('Origin',(-0.5,0.334599686711908,0.240523941267434));
#13157=CARTESIAN_POINT('',(-0.333333333333333,0.397099686711908,0.132270765794379));
#13158=CARTESIAN_POINT('',(-0.5,0.397099686711908,0.132270765794379));
#13159=CARTESIAN_POINT('Origin',(-0.333333333333333,0.334599686711908,0.240523941267434));
#13160=CARTESIAN_POINT('Origin',(-0.5,0.482952255831015,0.181837769685917));
#13161=CARTESIAN_POINT('',(-0.333333333333333,0.436900313288092,0.155249668262055));
#13162=CARTESIAN_POINT('',(-0.5,0.436900313288092,0.155249668262055));
#13163=CARTESIAN_POINT('',(-0.333333333333333,0.334,0.095840144685478));
#13164=CARTESIAN_POINT('Origin',(-0.5,0.625599686711908,0.26350284373511));
#13165=CARTESIAN_POINT('',(-0.333333333333333,0.563099686711908,0.155249668262055));
#13166=CARTESIAN_POINT('',(-0.5,0.563099686711908,0.155249668262055));
#13167=CARTESIAN_POINT('',(-0.333333333333333,0.517088392749919,0.201452065474922));
#13168=CARTESIAN_POINT('Origin',(-0.333333333333333,0.625599686711908,0.26350284373511));
#13169=CARTESIAN_POINT('',(-0.5,0.517088392749919,0.201452065474922));
#13170=CARTESIAN_POINT('Origin',(-0.5,0.648952255831015,0.105682664370517));
#13171=CARTESIAN_POINT('',(-0.333333333333333,0.5,0.191680289370956));
#13172=CARTESIAN_POINT('Origin',(-0.5,0.374400313288092,0.26350284373511));
#13173=CARTESIAN_POINT('',(-0.333333333333333,0.48291160725008,0.201452065474922));
#13174=CARTESIAN_POINT('',(-0.5,0.48291160725008,0.201452065474922));
#13175=CARTESIAN_POINT('Origin',(-0.333333333333333,0.374400313288092,0.26350284373511));
#13176=CARTESIAN_POINT('Origin',(-0.333333333333333,-0.5,6.99937259867374E-17));
#13177=CARTESIAN_POINT('',(-0.333333333333333,-0.334,0.095840144685478));
#13178=CARTESIAN_POINT('',(-0.333333333333333,-0.5,-0.191680289370956));
#13179=CARTESIAN_POINT('',(-0.333333333333333,-0.666,-0.0958401446854779));
#13180=CARTESIAN_POINT('',(-0.333333333333333,-0.666,0.0958401446854779));
#13181=CARTESIAN_POINT('',(-0.333333333333333,-0.5,0.191680289370956));
#13182=CARTESIAN_POINT('',(-0.333333333333333,-0.414,2.53501887423502E-17));
#13183=CARTESIAN_POINT('Origin',(-0.333333333333333,-0.5,3.06161699786838E-17));
#13184=CARTESIAN_POINT('Origin',(-0.5,-0.351047744168985,0.105682664370517));
#13185=CARTESIAN_POINT('Origin',(-0.5,-0.334,-0.0761551053153991));
#13186=CARTESIAN_POINT('Origin',(-0.5,-0.648952255831015,-0.105682664370517));
#13187=CARTESIAN_POINT('Origin',(-0.5,-0.666,0.0761551053153992));
#13188=CARTESIAN_POINT('Origin',(-0.5,-0.517047744168985,0.181837769685917));
#13189=CARTESIAN_POINT('Origin',(0.5,-0.5,3.06161699786838E-17));
#13190=CARTESIAN_POINT('',(0.5,-0.414,4.28626379701574E-18));
#13191=CARTESIAN_POINT('Origin',(-0.333333333333333,3.93775560080536E-17,
0.5));
#13192=CARTESIAN_POINT('',(-0.333333333333333,0.0958401446854779,0.334));
#13193=CARTESIAN_POINT('',(-0.333333333333333,-0.191680289370956,0.5));
#13194=CARTESIAN_POINT('',(-0.333333333333333,-0.095840144685478,0.666));
#13195=CARTESIAN_POINT('',(-0.333333333333333,0.0958401446854779,0.666));
#13196=CARTESIAN_POINT('',(-0.333333333333333,0.191680289370956,0.5));
#13197=CARTESIAN_POINT('',(-0.333333333333333,9.70547373549473E-33,0.414));
#13198=CARTESIAN_POINT('Origin',(-0.333333333333333,9.70547373549473E-33,
0.5));
#13199=CARTESIAN_POINT('Origin',(-0.5,0.105682664370517,0.351047744168985));
#13200=CARTESIAN_POINT('Origin',(-0.5,-0.0761551053153992,0.334));
#13201=CARTESIAN_POINT('Origin',(-0.5,-0.105682664370517,0.648952255831015));
#13202=CARTESIAN_POINT('Origin',(-0.5,0.0761551053153992,0.666));
#13203=CARTESIAN_POINT('Origin',(-0.5,0.181837769685917,0.517047744168985));
#13204=CARTESIAN_POINT('Origin',(0.5,9.70547373549473E-33,0.5));
#13205=CARTESIAN_POINT('',(0.5,-2.10639249453345E-17,0.414));
#13206=CARTESIAN_POINT('Origin',(-0.333333333333333,0.5,-8.76138602936972E-18));
#13207=CARTESIAN_POINT('',(-0.333333333333333,0.334,-0.0958401446854779));
#13208=CARTESIAN_POINT('Origin',(-0.333333333333333,0.5,0.191680289370956));
#13209=CARTESIAN_POINT('',(-0.333333333333333,0.666,0.095840144685478));
#13210=CARTESIAN_POINT('',(-0.333333333333333,0.666,-0.0958401446854778));
#13211=CARTESIAN_POINT('',(-0.333333333333333,0.5,-0.191680289370956));
#13212=CARTESIAN_POINT('',(-0.333333333333333,0.414,2.53501887423502E-17));
#13213=CARTESIAN_POINT('Origin',(-0.333333333333333,0.5,3.06161699786838E-17));
#13214=CARTESIAN_POINT('Origin',(-0.5,0.351047744168985,-0.105682664370517));
#13215=CARTESIAN_POINT('Origin',(-0.5,0.334,0.0761551053153992));
#13216=CARTESIAN_POINT('Origin',(-0.5,0.5,0.191680289370956));
#13217=CARTESIAN_POINT('Origin',(-0.5,0.666,-0.0761551053153991));
#13218=CARTESIAN_POINT('Origin',(-0.5,0.517047744168985,-0.181837769685916));
#13219=CARTESIAN_POINT('Origin',(0.5,0.5,3.06161699786838E-17));
#13220=CARTESIAN_POINT('',(0.5,0.414,4.64141136876847E-17));
#13221=CARTESIAN_POINT('Origin',(-0.5,-0.0229789024676758,-0.209));
#13222=CARTESIAN_POINT('',(-0.333333333333333,-0.0229789024676758,-0.334));
#13223=CARTESIAN_POINT('',(-0.5,-0.0229789024676758,-0.334));
#13224=CARTESIAN_POINT('',(-0.333333333333333,-0.0859270505061851,-0.316993197278911));
#13225=CARTESIAN_POINT('Origin',(-0.333333333333333,-0.0229789024676758,
-0.209));
#13226=CARTESIAN_POINT('',(-0.5,-0.0859270505061851,-0.316993197278911));
#13227=CARTESIAN_POINT('Origin',(-0.5,-0.0958401446854779,-0.334));
#13228=CARTESIAN_POINT('',(-0.333333333333333,-0.115525014968737,-0.334081590028831));
#13229=CARTESIAN_POINT('Origin',(-0.333333333333333,-0.0958401446854779,
-0.334));
#13230=CARTESIAN_POINT('',(-0.5,-0.115525014968737,-0.334081590028831));
#13231=CARTESIAN_POINT('Origin',(-0.5,-0.240523941267434,-0.334599686711908));
#13232=CARTESIAN_POINT('',(-0.333333333333333,-0.132270765794379,-0.397099686711908));
#13233=CARTESIAN_POINT('Origin',(-0.333333333333333,-0.240523941267434,
-0.334599686711908));
#13234=CARTESIAN_POINT('',(-0.5,-0.132270765794379,-0.397099686711908));
#13235=CARTESIAN_POINT('Origin',(-0.5,-0.26350284373511,-0.374400313288092));
#13236=CARTESIAN_POINT('',(-0.333333333333333,-0.155249668262055,-0.436900313288092));
#13237=CARTESIAN_POINT('',(-0.5,-0.155249668262055,-0.436900313288092));
#13238=CARTESIAN_POINT('',(-0.333333333333333,-0.201452065474922,-0.482911607250081));
#13239=CARTESIAN_POINT('Origin',(-0.333333333333333,-0.26350284373511,-0.374400313288092));
#13240=CARTESIAN_POINT('',(-0.5,-0.201452065474922,-0.482911607250081));
#13241=CARTESIAN_POINT('Origin',(-0.5,-0.191680289370956,-0.5));
#13242=CARTESIAN_POINT('',(-0.333333333333333,-0.201452065474922,-0.51708839274992));
#13243=CARTESIAN_POINT('Origin',(-0.333333333333333,-0.191680289370956,
-0.5));
#13244=CARTESIAN_POINT('',(-0.5,-0.201452065474922,-0.51708839274992));
#13245=CARTESIAN_POINT('Origin',(-0.5,-0.26350284373511,-0.625599686711908));
#13246=CARTESIAN_POINT('',(-0.333333333333333,-0.155249668262055,-0.563099686711908));
#13247=CARTESIAN_POINT('Origin',(-0.333333333333333,-0.26350284373511,-0.625599686711908));
#13248=CARTESIAN_POINT('',(-0.5,-0.155249668262055,-0.563099686711908));
#13249=CARTESIAN_POINT('Origin',(-0.5,-0.240523941267434,-0.665400313288092));
#13250=CARTESIAN_POINT('',(-0.333333333333333,-0.132270765794379,-0.602900313288092));
#13251=CARTESIAN_POINT('',(-0.5,-0.132270765794379,-0.602900313288092));
#13252=CARTESIAN_POINT('',(-0.333333333333333,-0.115525014968737,-0.665918409971169));
#13253=CARTESIAN_POINT('Origin',(-0.333333333333333,-0.240523941267434,
-0.665400313288092));
#13254=CARTESIAN_POINT('',(-0.5,-0.115525014968737,-0.665918409971169));
#13255=CARTESIAN_POINT('Origin',(-0.5,-0.0958401446854778,-0.666));
#13256=CARTESIAN_POINT('',(-0.333333333333333,-0.085927050506185,-0.683006802721088));
#13257=CARTESIAN_POINT('Origin',(-0.333333333333333,-0.0958401446854778,
-0.666));
#13258=CARTESIAN_POINT('',(-0.5,-0.085927050506185,-0.683006802721088));
#13259=CARTESIAN_POINT('Origin',(-0.5,-0.0229789024676757,-0.791));
#13260=CARTESIAN_POINT('',(-0.333333333333333,-0.0229789024676757,-0.666));
#13261=CARTESIAN_POINT('Origin',(-0.333333333333333,-0.0229789024676757,
-0.791));
#13262=CARTESIAN_POINT('',(-0.5,-0.0229789024676757,-0.666));
#13263=CARTESIAN_POINT('Origin',(-0.5,0.022978902467676,-0.791));
#13264=CARTESIAN_POINT('',(-0.333333333333333,0.022978902467676,-0.666));
#13265=CARTESIAN_POINT('',(-0.5,0.022978902467676,-0.666));
#13266=CARTESIAN_POINT('',(-0.333333333333333,0.0859270505061853,-0.683006802721088));
#13267=CARTESIAN_POINT('Origin',(-0.333333333333333,0.022978902467676,-0.791));
#13268=CARTESIAN_POINT('',(-0.5,0.0859270505061853,-0.683006802721088));
#13269=CARTESIAN_POINT('Origin',(-0.5,0.0958401446854781,-0.666));
#13270=CARTESIAN_POINT('',(-0.333333333333333,0.115525014968737,-0.665918409971169));
#13271=CARTESIAN_POINT('Origin',(-0.333333333333333,0.0958401446854781,
-0.666));
#13272=CARTESIAN_POINT('',(-0.5,0.115525014968737,-0.665918409971169));
#13273=CARTESIAN_POINT('Origin',(-0.5,0.240523941267434,-0.665400313288092));
#13274=CARTESIAN_POINT('',(-0.333333333333333,0.132270765794379,-0.602900313288092));
#13275=CARTESIAN_POINT('Origin',(-0.333333333333333,0.240523941267434,-0.665400313288092));
#13276=CARTESIAN_POINT('',(-0.5,0.132270765794379,-0.602900313288092));
#13277=CARTESIAN_POINT('Origin',(-0.5,0.0229789024676758,-0.209));
#13278=CARTESIAN_POINT('',(-0.333333333333333,0.0859270505061852,-0.316993197278911));
#13279=CARTESIAN_POINT('',(-0.5,0.0859270505061852,-0.316993197278911));
#13280=CARTESIAN_POINT('',(-0.333333333333333,0.0229789024676758,-0.334));
#13281=CARTESIAN_POINT('Origin',(-0.333333333333333,0.0229789024676758,
-0.209));
#13282=CARTESIAN_POINT('',(-0.5,0.0229789024676758,-0.334));
#13283=CARTESIAN_POINT('Origin',(-0.5,0.095840144685478,-0.334));
#13284=CARTESIAN_POINT('',(-0.333333333333333,0.115525014968737,-0.334081590028831));
#13285=CARTESIAN_POINT('',(-0.5,0.115525014968737,-0.334081590028831));
#13286=CARTESIAN_POINT('Origin',(-0.333333333333333,0.095840144685478,-0.334));
#13287=CARTESIAN_POINT('Origin',(-0.5,0.240523941267434,-0.334599686711908));
#13288=CARTESIAN_POINT('',(-0.333333333333333,0.132270765794379,-0.397099686711908));
#13289=CARTESIAN_POINT('',(-0.5,0.132270765794379,-0.397099686711908));
#13290=CARTESIAN_POINT('Origin',(-0.333333333333333,0.240523941267434,-0.334599686711908));
#13291=CARTESIAN_POINT('Origin',(-0.5,0.181837769685917,-0.482952255831015));
#13292=CARTESIAN_POINT('',(-0.333333333333333,0.155249668262055,-0.436900313288092));
#13293=CARTESIAN_POINT('',(-0.5,0.155249668262055,-0.436900313288092));
#13294=CARTESIAN_POINT('',(-0.333333333333333,0.095840144685478,-0.334));
#13295=CARTESIAN_POINT('Origin',(-0.5,0.26350284373511,-0.625599686711908));
#13296=CARTESIAN_POINT('',(-0.333333333333333,0.155249668262055,-0.563099686711908));
#13297=CARTESIAN_POINT('',(-0.5,0.155249668262055,-0.563099686711908));
#13298=CARTESIAN_POINT('',(-0.333333333333333,0.201452065474922,-0.517088392749919));
#13299=CARTESIAN_POINT('Origin',(-0.333333333333333,0.26350284373511,-0.625599686711908));
#13300=CARTESIAN_POINT('',(-0.5,0.201452065474922,-0.517088392749919));
#13301=CARTESIAN_POINT('Origin',(-0.5,0.105682664370517,-0.648952255831015));
#13302=CARTESIAN_POINT('',(-0.333333333333333,0.191680289370956,-0.5));
#13303=CARTESIAN_POINT('Origin',(-0.5,0.26350284373511,-0.374400313288092));
#13304=CARTESIAN_POINT('',(-0.333333333333333,0.201452065474922,-0.48291160725008));
#13305=CARTESIAN_POINT('',(-0.5,0.201452065474922,-0.48291160725008));
#13306=CARTESIAN_POINT('Origin',(-0.333333333333333,0.26350284373511,-0.374400313288092));
#13307=CARTESIAN_POINT('Origin',(-0.5,-0.105682664370517,-0.351047744168985));
#13308=CARTESIAN_POINT('',(-0.333333333333333,-0.191680289370956,-0.5));
#13309=CARTESIAN_POINT('Origin',(-0.5,0.0761551053153992,-0.334));
#13310=CARTESIAN_POINT('',(-0.333333333333333,-0.0958401446854779,-0.334));
#13311=CARTESIAN_POINT('Origin',(-0.5,0.191680289370956,-0.5));
#13312=CARTESIAN_POINT('Origin',(-0.333333333333333,0.191680289370956,-0.5));
#13313=CARTESIAN_POINT('Origin',(-0.5,-0.0761551053153991,-0.666));
#13314=CARTESIAN_POINT('',(-0.333333333333333,0.0958401446854781,-0.666));
#13315=CARTESIAN_POINT('Origin',(-0.5,-0.181837769685916,-0.517047744168985));
#13316=CARTESIAN_POINT('',(-0.333333333333333,-0.0958401446854778,-0.666));
#13317=CARTESIAN_POINT('Origin',(-0.333333333333333,2.18547839493141E-17,
-0.5));
#13318=CARTESIAN_POINT('',(-0.333333333333333,7.17643024300349E-17,-0.414));
#13319=CARTESIAN_POINT('Origin',(-0.333333333333333,6.12323399573676E-17,
-0.5));
#13320=CARTESIAN_POINT('Origin',(0.5,6.12323399573676E-17,-0.5));
#13321=CARTESIAN_POINT('',(0.5,7.17643024300349E-17,-0.414));
#13322=CARTESIAN_POINT('Origin',(0.475,0.,0.));
#13323=CARTESIAN_POINT('',(0.45,0.,-0.2));
#13324=CARTESIAN_POINT('',(0.475,2.75545529808154E-17,-0.225));
#13325=CARTESIAN_POINT('Origin',(0.45,0.,0.));
#13326=CARTESIAN_POINT('Origin',(0.45,0.,0.));
#13327=CARTESIAN_POINT('',(0.45,-0.127,-0.107));
#13328=CARTESIAN_POINT('',(0.45,-0.107,-0.127));
#13329=CARTESIAN_POINT('Origin',(0.45,-0.107,-0.107));
#13330=CARTESIAN_POINT('',(0.45,-0.127,0.107));
#13331=CARTESIAN_POINT('',(0.45,-0.127,0.0635));
#13332=CARTESIAN_POINT('',(0.45,-0.107,0.127));
#13333=CARTESIAN_POINT('Origin',(0.45,-0.107,0.107));
#13334=CARTESIAN_POINT('',(0.45,0.107,0.127));
#13335=CARTESIAN_POINT('',(0.45,0.0635,0.127));
#13336=CARTESIAN_POINT('',(0.45,0.127,0.107));
#13337=CARTESIAN_POINT('Origin',(0.45,0.107,0.107));
#13338=CARTESIAN_POINT('',(0.45,0.127,-0.107));
#13339=CARTESIAN_POINT('',(0.45,0.127,-0.0635));
#13340=CARTESIAN_POINT('',(0.45,0.107,-0.127));
#13341=CARTESIAN_POINT('Origin',(0.45,0.107,-0.107));
#13342=CARTESIAN_POINT('',(0.45,-0.0635,-0.127));
#13343=CARTESIAN_POINT('Origin',(-0.5,0.107,0.107));
#13344=CARTESIAN_POINT('',(-0.45,0.107,0.127));
#13345=CARTESIAN_POINT('',(-0.5,0.107,0.127));
#13346=CARTESIAN_POINT('',(-0.45,0.127,0.107));
#13347=CARTESIAN_POINT('Origin',(-0.45,0.107,0.107));
#13348=CARTESIAN_POINT('',(-0.5,0.127,0.107));
#13349=CARTESIAN_POINT('Origin',(-0.5,0.127,0.127));
#13350=CARTESIAN_POINT('',(-0.45,-0.107,0.127));
#13351=CARTESIAN_POINT('',(-0.5,-0.107,0.127));
#13352=CARTESIAN_POINT('',(-0.45,0.0635,0.127));
#13353=CARTESIAN_POINT('Origin',(-0.5,-0.107,0.107));
#13354=CARTESIAN_POINT('',(-0.45,-0.127,0.107));
#13355=CARTESIAN_POINT('',(-0.5,-0.127,0.107));
#13356=CARTESIAN_POINT('Origin',(-0.45,-0.107,0.107));
#13357=CARTESIAN_POINT('Origin',(-0.5,-0.127,0.127));
#13358=CARTESIAN_POINT('',(-0.45,-0.127,-0.107));
#13359=CARTESIAN_POINT('',(-0.5,-0.127,-0.107));
#13360=CARTESIAN_POINT('',(-0.45,-0.127,0.0635));
#13361=CARTESIAN_POINT('Origin',(-0.475,0.,0.));
#13362=CARTESIAN_POINT('',(-0.45,-5.87411485067418E-17,0.2));
#13363=CARTESIAN_POINT('',(-0.475,-3.8529239089269E-17,0.225));
#13364=CARTESIAN_POINT('Origin',(-0.45,0.,0.));
#13365=CARTESIAN_POINT('Origin',(-0.45,0.,0.));
#13366=CARTESIAN_POINT('',(-0.45,-0.107,-0.127));
#13367=CARTESIAN_POINT('Origin',(-0.45,-0.107,-0.107));
#13368=CARTESIAN_POINT('',(-0.45,0.107,-0.127));
#13369=CARTESIAN_POINT('',(-0.45,-0.0635,-0.127));
#13370=CARTESIAN_POINT('',(-0.45,0.127,-0.107));
#13371=CARTESIAN_POINT('Origin',(-0.45,0.107,-0.107));
#13372=CARTESIAN_POINT('',(-0.45,0.127,-0.0635));
#13373=CARTESIAN_POINT('Origin',(-0.5,-0.107,-0.107));
#13374=CARTESIAN_POINT('',(-0.5,-0.107,-0.127));
#13375=CARTESIAN_POINT('Origin',(-0.5,0.127,-0.127));
#13376=CARTESIAN_POINT('',(-0.5,0.127,-0.107));
#13377=CARTESIAN_POINT('Origin',(-0.5,0.107,-0.107));
#13378=CARTESIAN_POINT('',(-0.5,0.107,-0.127));
#13379=CARTESIAN_POINT('Origin',(-0.5,-0.127,-0.127));
#13380=CARTESIAN_POINT('Origin',(-0.5,0.893481389317388,0.239407616719831));
#13381=CARTESIAN_POINT('',(-0.5,0.821036952345708,0.219996188337142));
#13382=CARTESIAN_POINT('',(-0.5,0.965925826289068,0.25881904510252));
#13383=CARTESIAN_POINT('Origin',(-0.5,1.03837026326075,0.27823047348521));
#13384=CARTESIAN_POINT('',(-0.325,1.11081470023243,0.297641901867899));
#13385=CARTESIAN_POINT('',(-0.5,1.11081470023243,0.297641901867899));
#13386=CARTESIAN_POINT('',(-0.325,1.09580731247126,0.230002002868884));
#13387=CARTESIAN_POINT('Origin',(-0.325,1.03837026326075,0.27823047348521));
#13388=CARTESIAN_POINT('',(-0.344685039370079,1.07877513499027,0.215044665422628));
#13389=CARTESIAN_POINT('Ctrl Pts',(-0.344685039370079,1.07877513499027,
0.21504466542263));
#13390=CARTESIAN_POINT('Ctrl Pts',(-0.342536852428456,1.07877513499027,
0.21504466542263));
#13391=CARTESIAN_POINT('Ctrl Pts',(-0.34040801741799,1.07909450736743,0.215245735300603));
#13392=CARTESIAN_POINT('Ctrl Pts',(-0.33634388954211,1.08033040066288,0.216062132805869));
#13393=CARTESIAN_POINT('Ctrl Pts',(-0.334452980002324,1.08124110858035,
0.216675290486831));
#13394=CARTESIAN_POINT('Ctrl Pts',(-0.330729314587757,1.08375868773037,
0.218499213798073));
#13395=CARTESIAN_POINT('Ctrl Pts',(-0.329071101336025,1.08542868524529,
0.219782824395648));
#13396=CARTESIAN_POINT('Ctrl Pts',(-0.326426589074032,1.08924189741961,
0.223056890148058));
#13397=CARTESIAN_POINT('Ctrl Pts',(-0.325525148055074,1.09144351981706,
0.225134676934905));
#13398=CARTESIAN_POINT('Ctrl Pts',(-0.32505487544143,1.09440172185843,0.228364382287369));
#13399=CARTESIAN_POINT('Ctrl Pts',(-0.325,1.09511317856294,0.229175333415316));
#13400=CARTESIAN_POINT('Ctrl Pts',(-0.325,1.09580731247126,0.230002002868884));
#13401=CARTESIAN_POINT('',(-0.380314960629921,1.07877513499027,0.215044665422628));
#13402=CARTESIAN_POINT('',(-0.5,1.07877513499027,0.21504466542263));
#13403=CARTESIAN_POINT('',(-0.4,1.06038841600479,0.206535278738699));
#13404=CARTESIAN_POINT('Ctrl Pts',(-0.4,1.06038841600479,0.206535278738701));
#13405=CARTESIAN_POINT('Ctrl Pts',(-0.4,1.06066101589052,0.206618996286902));
#13406=CARTESIAN_POINT('Ctrl Pts',(-0.399993872534523,1.06093345863087,
0.206704367607516));
#13407=CARTESIAN_POINT('Ctrl Pts',(-0.399868703545652,1.06370760499612,
0.207591115144174));
#13408=CARTESIAN_POINT('Ctrl Pts',(-0.399239683365732,1.06611623416363,
0.208510467902672));
#13409=CARTESIAN_POINT('Ctrl Pts',(-0.397043527039747,1.07052784168128,
0.210431150884261));
#13410=CARTESIAN_POINT('Ctrl Pts',(-0.395481070369713,1.07249223263892,
0.211416915268703));
#13411=CARTESIAN_POINT('Ctrl Pts',(-0.391739857898322,1.07562315455521,
0.213113594263305));
#13412=CARTESIAN_POINT('Ctrl Pts',(-0.389620418420096,1.07681410954825,
0.213825862569867));
#13413=CARTESIAN_POINT('Ctrl Pts',(-0.385074788460223,1.07838091042193,
0.214787932930892));
#13414=CARTESIAN_POINT('Ctrl Pts',(-0.382712656611275,1.07877513499027,
0.21504466542263));
#13415=CARTESIAN_POINT('Ctrl Pts',(-0.380314960629921,1.07877513499027,
0.21504466542263));
#13416=CARTESIAN_POINT('',(-0.4,1.05002491051778,0.20414154585554));
#13417=CARTESIAN_POINT('Origin',(-0.4,1.03837026326075,0.27823047348521));
#13418=CARTESIAN_POINT('',(-0.380314960629921,1.03005297351204,0.203693082256134));
#13419=CARTESIAN_POINT('Ctrl Pts',(-0.380314960629921,1.03005297351204,
0.203693082256136));
#13420=CARTESIAN_POINT('Ctrl Pts',(-0.381782147274202,1.03005297351204,
0.203693082256136));
#13421=CARTESIAN_POINT('Ctrl Pts',(-0.38324191241308,1.0302239026568,0.203673437412791));
#13422=CARTESIAN_POINT('Ctrl Pts',(-0.386100003744195,1.03089867520282,
0.203602792913618));
#13423=CARTESIAN_POINT('Ctrl Pts',(-0.387485508249587,1.03140030920116,
0.203552176700241));
#13424=CARTESIAN_POINT('Ctrl Pts',(-0.391153248801781,1.03321692678285,
0.203398602455957));
#13425=CARTESIAN_POINT('Ctrl Pts',(-0.393251276548719,1.0348448441466,0.203287325421263));
#13426=CARTESIAN_POINT('Ctrl Pts',(-0.396663601831771,1.03874402427419,
0.203206726123362));
#13427=CARTESIAN_POINT('Ctrl Pts',(-0.397975410106125,1.04097213437911,
0.203236923212627));
#13428=CARTESIAN_POINT('Ctrl Pts',(-0.399604597012193,1.04552252961854,
0.203541283036154));
#13429=CARTESIAN_POINT('Ctrl Pts',(-0.4,1.04777153101317,0.203787075300999));
#13430=CARTESIAN_POINT('Ctrl Pts',(-0.4,1.05002491051778,0.204141545855542));
#13431=CARTESIAN_POINT('',(-0.119685039370079,1.03005297351204,0.203693082256134));
#13432=CARTESIAN_POINT('',(-0.5,1.03005297351204,0.203693082256136));
#13433=CARTESIAN_POINT('',(-0.1,1.05002491051778,0.20414154585554));
#13434=CARTESIAN_POINT('Ctrl Pts',(-0.1,1.05002491051778,0.204141545855542));
#13435=CARTESIAN_POINT('Ctrl Pts',(-0.1,1.0497907093444,0.20410470456022));
#13436=CARTESIAN_POINT('Ctrl Pts',(-0.100004277360937,1.04955610473336,
0.204068938094009));
#13437=CARTESIAN_POINT('Ctrl Pts',(-0.100105588205031,1.04678113357141,
0.20365936807964));
#13438=CARTESIAN_POINT('Ctrl Pts',(-0.100697715742379,1.04427078089172,
0.203426178242534));
#13439=CARTESIAN_POINT('Ctrl Pts',(-0.102817293296704,1.03953494258965,
0.203201242354655));
#13440=CARTESIAN_POINT('Ctrl Pts',(-0.104345590512178,1.03736196206825,
0.203215218313544));
#13441=CARTESIAN_POINT('Ctrl Pts',(-0.108061435702681,1.03379314421939,
0.203349740504735));
#13442=CARTESIAN_POINT('Ctrl Pts',(-0.110200665675004,1.0323948316848,0.2034628344106));
#13443=CARTESIAN_POINT('Ctrl Pts',(-0.114816057418607,1.03052989506329,
0.203635719037683));
#13444=CARTESIAN_POINT('Ctrl Pts',(-0.117234051124637,1.03005297351204,
0.203693082256136));
#13445=CARTESIAN_POINT('Ctrl Pts',(-0.119685039370079,1.03005297351204,
0.203693082256136));
#13446=CARTESIAN_POINT('',(-0.1,1.06038841600479,0.206535278738699));
#13447=CARTESIAN_POINT('Origin',(-0.1,1.03837026326075,0.27823047348521));
#13448=CARTESIAN_POINT('',(-0.119685039370079,1.07877513499027,0.215044665422628));
#13449=CARTESIAN_POINT('Ctrl Pts',(-0.119685039370079,1.07877513499027,
0.21504466542263));
#13450=CARTESIAN_POINT('Ctrl Pts',(-0.11825562221196,1.07877513499027,0.21504466542263));
#13451=CARTESIAN_POINT('Ctrl Pts',(-0.116834140077254,1.07863460655075,
0.214954169000974));
#13452=CARTESIAN_POINT('Ctrl Pts',(-0.114046785677855,1.0780773661142,0.214603004175087));
#13453=CARTESIAN_POINT('Ctrl Pts',(-0.112694549153353,1.07766220384127,
0.214343498474606));
#13454=CARTESIAN_POINT('Ctrl Pts',(-0.109015183036924,1.07610978142232,
0.213406721671229));
#13455=CARTESIAN_POINT('Ctrl Pts',(-0.106884051712274,1.07467351921936,
0.212571444910088));
#13456=CARTESIAN_POINT('Ctrl Pts',(-0.103407026021617,1.07114173768147,
0.210740400895759));
#13457=CARTESIAN_POINT('Ctrl Pts',(-0.102064829887653,1.06907727678023,
0.20976035501698));
#13458=CARTESIAN_POINT('Ctrl Pts',(-0.100404775311653,1.06477109550667,
0.207996695684522));
#13459=CARTESIAN_POINT('Ctrl Pts',(-0.1,1.06260576948196,0.207216245262614));
#13460=CARTESIAN_POINT('Ctrl Pts',(-0.1,1.06038841600479,0.206535278738701));
#13461=CARTESIAN_POINT('',(-0.155314960629921,1.07877513499027,0.215044665422628));
#13462=CARTESIAN_POINT('',(-0.5,1.07877513499027,0.21504466542263));
#13463=CARTESIAN_POINT('',(-0.175,1.09580731247126,0.230002002868884));
#13464=CARTESIAN_POINT('Ctrl Pts',(-0.175,1.09580731247126,0.230002002868884));
#13465=CARTESIAN_POINT('Ctrl Pts',(-0.175,1.09528608820272,0.229381257828061));
#13466=CARTESIAN_POINT('Ctrl Pts',(-0.174969041218494,1.0947550286422,0.228769267893763));
#13467=CARTESIAN_POINT('Ctrl Pts',(-0.17466816089724,1.09222853717044,0.225950939566336));
#13468=CARTESIAN_POINT('Ctrl Pts',(-0.173984166211616,1.09014871258915,
0.223904218297785));
#13469=CARTESIAN_POINT('Ctrl Pts',(-0.171679562765013,1.08634330963159,
0.220531050332829));
#13470=CARTESIAN_POINT('Ctrl Pts',(-0.170212948728494,1.08465631201373,
0.219188908899746));
#13471=CARTESIAN_POINT('Ctrl Pts',(-0.166604339464354,1.08182625095148,
0.217078951460858));
#13472=CARTESIAN_POINT('Ctrl Pts',(-0.16455855709978,1.08070191504139,0.216312042894003));
#13473=CARTESIAN_POINT('Ctrl Pts',(-0.16007914137821,1.07917266349832,0.215294069420668));
#13474=CARTESIAN_POINT('Ctrl Pts',(-0.157710601902005,1.07877513499027,
0.21504466542263));
#13475=CARTESIAN_POINT('Ctrl Pts',(-0.155314960629921,1.07877513499027,
0.21504466542263));
#13476=CARTESIAN_POINT('',(-0.175,1.11081470023243,0.297641901867899));
#13477=CARTESIAN_POINT('Origin',(-0.175,1.03837026326075,0.27823047348521));
#13478=CARTESIAN_POINT('',(0.175,1.11081470023243,0.297641901867899));
#13479=CARTESIAN_POINT('',(-0.5,1.11081470023243,0.297641901867899));
#13480=CARTESIAN_POINT('',(0.175,1.09580731247126,0.230002002868884));
#13481=CARTESIAN_POINT('Origin',(0.175,1.03837026326075,0.27823047348521));
#13482=CARTESIAN_POINT('',(0.155314960629921,1.07877513499027,0.215044665422628));
#13483=CARTESIAN_POINT('Ctrl Pts',(0.155314960629921,1.07877513499027,0.21504466542263));
#13484=CARTESIAN_POINT('Ctrl Pts',(0.157463147571544,1.07877513499027,0.21504466542263));
#13485=CARTESIAN_POINT('Ctrl Pts',(0.15959198258201,1.07909450736743,0.215245735300603));
#13486=CARTESIAN_POINT('Ctrl Pts',(0.16365611045789,1.08033040066288,0.216062132805869));
#13487=CARTESIAN_POINT('Ctrl Pts',(0.165547019997675,1.08124110858035,0.216675290486831));
#13488=CARTESIAN_POINT('Ctrl Pts',(0.169270685412243,1.08375868773037,0.218499213798073));
#13489=CARTESIAN_POINT('Ctrl Pts',(0.170928898663975,1.08542868524529,0.219782824395648));
#13490=CARTESIAN_POINT('Ctrl Pts',(0.173573410925969,1.08924189741961,0.22305689014806));
#13491=CARTESIAN_POINT('Ctrl Pts',(0.174474851944926,1.09144351981706,0.225134676934907));
#13492=CARTESIAN_POINT('Ctrl Pts',(0.174945124558569,1.09440172185843,0.228364382287369));
#13493=CARTESIAN_POINT('Ctrl Pts',(0.175,1.09511317856294,0.229175333415316));
#13494=CARTESIAN_POINT('Ctrl Pts',(0.175,1.09580731247126,0.230002002868884));
#13495=CARTESIAN_POINT('',(0.119685039370078,1.07877513499027,0.215044665422628));
#13496=CARTESIAN_POINT('',(-0.5,1.07877513499027,0.21504466542263));
#13497=CARTESIAN_POINT('',(0.0999999999999997,1.06038841600479,0.206535278738699));
#13498=CARTESIAN_POINT('Ctrl Pts',(0.0999999999999997,1.06038841600479,
0.206535278738701));
#13499=CARTESIAN_POINT('Ctrl Pts',(0.0999999999999997,1.06066101589052,
0.206618996286902));
#13500=CARTESIAN_POINT('Ctrl Pts',(0.100006127465477,1.06093345863087,0.206704367607516));
#13501=CARTESIAN_POINT('Ctrl Pts',(0.100131296454348,1.06370760499612,0.207591115144174));
#13502=CARTESIAN_POINT('Ctrl Pts',(0.100760316634268,1.06611623416363,0.208510467902672));
#13503=CARTESIAN_POINT('Ctrl Pts',(0.102956472960252,1.07052784168128,0.210431150884261));
#13504=CARTESIAN_POINT('Ctrl Pts',(0.104518929630286,1.07249223263892,0.211416915268702));
#13505=CARTESIAN_POINT('Ctrl Pts',(0.108260142101678,1.07562315455521,0.213113594263305));
#13506=CARTESIAN_POINT('Ctrl Pts',(0.110379581579904,1.07681410954825,0.213825862569867));
#13507=CARTESIAN_POINT('Ctrl Pts',(0.114925211539776,1.07838091042193,0.214787932930892));
#13508=CARTESIAN_POINT('Ctrl Pts',(0.117287343388724,1.07877513499027,0.21504466542263));
#13509=CARTESIAN_POINT('Ctrl Pts',(0.119685039370078,1.07877513499027,0.21504466542263));
#13510=CARTESIAN_POINT('',(0.0999999999999997,1.05002491051778,0.20414154585554));
#13511=CARTESIAN_POINT('Origin',(0.0999999999999997,1.03837026326075,0.27823047348521));
#13512=CARTESIAN_POINT('',(0.119685039370078,1.03005297351204,0.203693082256134));
#13513=CARTESIAN_POINT('Ctrl Pts',(0.119685039370078,1.03005297351204,0.203693082256136));
#13514=CARTESIAN_POINT('Ctrl Pts',(0.118217852725798,1.03005297351204,0.203693082256136));
#13515=CARTESIAN_POINT('Ctrl Pts',(0.116758087586919,1.0302239026568,0.203673437412791));
#13516=CARTESIAN_POINT('Ctrl Pts',(0.113899996255804,1.03089867520282,0.203602792913618));
#13517=CARTESIAN_POINT('Ctrl Pts',(0.112514491750413,1.03140030920116,0.203552176700241));
#13518=CARTESIAN_POINT('Ctrl Pts',(0.108846751198218,1.03321692678285,0.203398602455957));
#13519=CARTESIAN_POINT('Ctrl Pts',(0.10674872345128,1.0348448441466,0.203287325421263));
#13520=CARTESIAN_POINT('Ctrl Pts',(0.103336398168228,1.03874402427419,0.203206726123362));
#13521=CARTESIAN_POINT('Ctrl Pts',(0.102024589893875,1.04097213437911,0.203236923212627));
#13522=CARTESIAN_POINT('Ctrl Pts',(0.100395402987807,1.04552252961854,0.203541283036154));
#13523=CARTESIAN_POINT('Ctrl Pts',(0.0999999999999997,1.04777153101317,
0.203787075300999));
#13524=CARTESIAN_POINT('Ctrl Pts',(0.0999999999999997,1.05002491051778,
0.204141545855542));
#13525=CARTESIAN_POINT('',(0.380314960629921,1.03005297351204,0.203693082256134));
#13526=CARTESIAN_POINT('',(-0.5,1.03005297351204,0.203693082256136));
#13527=CARTESIAN_POINT('',(0.4,1.05002491051778,0.20414154585554));
#13528=CARTESIAN_POINT('Ctrl Pts',(0.4,1.05002491051778,0.204141545855542));
#13529=CARTESIAN_POINT('Ctrl Pts',(0.4,1.0497907093444,0.20410470456022));
#13530=CARTESIAN_POINT('Ctrl Pts',(0.399995722639062,1.04955610473336,0.204068938094009));
#13531=CARTESIAN_POINT('Ctrl Pts',(0.399894411794968,1.04678113357141,0.20365936807964));
#13532=CARTESIAN_POINT('Ctrl Pts',(0.39930228425762,1.04427078089172,0.203426178242534));
#13533=CARTESIAN_POINT('Ctrl Pts',(0.397182706703296,1.03953494258965,0.203201242354655));
#13534=CARTESIAN_POINT('Ctrl Pts',(0.395654409487822,1.03736196206825,0.203215218313544));
#13535=CARTESIAN_POINT('Ctrl Pts',(0.391938564297319,1.03379314421939,0.203349740504735));
#13536=CARTESIAN_POINT('Ctrl Pts',(0.389799334324996,1.0323948316848,0.2034628344106));
#13537=CARTESIAN_POINT('Ctrl Pts',(0.385183942581393,1.03052989506329,0.203635719037683));
#13538=CARTESIAN_POINT('Ctrl Pts',(0.382765948875362,1.03005297351204,0.203693082256136));
#13539=CARTESIAN_POINT('Ctrl Pts',(0.380314960629921,1.03005297351204,0.203693082256136));
#13540=CARTESIAN_POINT('',(0.4,1.06038841600479,0.206535278738699));
#13541=CARTESIAN_POINT('Origin',(0.4,1.03837026326075,0.27823047348521));
#13542=CARTESIAN_POINT('',(0.380314960629921,1.07877513499027,0.215044665422628));
#13543=CARTESIAN_POINT('Ctrl Pts',(0.380314960629921,1.07877513499027,0.21504466542263));
#13544=CARTESIAN_POINT('Ctrl Pts',(0.38174437778804,1.07877513499027,0.21504466542263));
#13545=CARTESIAN_POINT('Ctrl Pts',(0.383165859922746,1.07863460655075,0.214954169000974));
#13546=CARTESIAN_POINT('Ctrl Pts',(0.385953214322145,1.0780773661142,0.214603004175087));
#13547=CARTESIAN_POINT('Ctrl Pts',(0.387305450846646,1.07766220384127,0.214343498474606));
#13548=CARTESIAN_POINT('Ctrl Pts',(0.390984816963075,1.07610978142232,0.213406721671229));
#13549=CARTESIAN_POINT('Ctrl Pts',(0.393115948287726,1.07467351921936,0.212571444910088));
#13550=CARTESIAN_POINT('Ctrl Pts',(0.396592973978383,1.07114173768147,0.210740400895759));
#13551=CARTESIAN_POINT('Ctrl Pts',(0.397935170112347,1.06907727678023,0.20976035501698));
#13552=CARTESIAN_POINT('Ctrl Pts',(0.399595224688347,1.06477109550667,0.207996695684522));
#13553=CARTESIAN_POINT('Ctrl Pts',(0.4,1.06260576948196,0.207216245262615));
#13554=CARTESIAN_POINT('Ctrl Pts',(0.4,1.06038841600479,0.206535278738701));
#13555=CARTESIAN_POINT('',(0.344685039370079,1.07877513499027,0.215044665422628));
#13556=CARTESIAN_POINT('',(-0.5,1.07877513499027,0.21504466542263));
#13557=CARTESIAN_POINT('',(0.325,1.09580731247126,0.230002002868884));
#13558=CARTESIAN_POINT('Ctrl Pts',(0.325,1.09580731247126,0.230002002868884));
#13559=CARTESIAN_POINT('Ctrl Pts',(0.325,1.09528608820272,0.229381257828061));
#13560=CARTESIAN_POINT('Ctrl Pts',(0.325030958781506,1.0947550286422,0.228769267893763));
#13561=CARTESIAN_POINT('Ctrl Pts',(0.32533183910276,1.09222853717044,0.225950939566336));
#13562=CARTESIAN_POINT('Ctrl Pts',(0.326015833788384,1.09014871258915,0.223904218297785));
#13563=CARTESIAN_POINT('Ctrl Pts',(0.328320437234987,1.08634330963159,0.220531050332829));
#13564=CARTESIAN_POINT('Ctrl Pts',(0.329787051271506,1.08465631201373,0.219188908899746));
#13565=CARTESIAN_POINT('Ctrl Pts',(0.333395660535646,1.08182625095148,0.217078951460858));
#13566=CARTESIAN_POINT('Ctrl Pts',(0.33544144290022,1.08070191504139,0.216312042894003));
#13567=CARTESIAN_POINT('Ctrl Pts',(0.339920858621789,1.07917266349832,0.215294069420668));
#13568=CARTESIAN_POINT('Ctrl Pts',(0.342289398097994,1.07877513499027,0.21504466542263));
#13569=CARTESIAN_POINT('Ctrl Pts',(0.344685039370079,1.07877513499027,0.21504466542263));
#13570=CARTESIAN_POINT('',(0.325,1.11081470023243,0.297641901867899));
#13571=CARTESIAN_POINT('Origin',(0.325,1.03837026326075,0.27823047348521));
#13572=CARTESIAN_POINT('',(-0.5,1.11081470023243,0.297641901867899));
#13573=CARTESIAN_POINT('Origin',(-0.5,0.,0.));
#13574=CARTESIAN_POINT('Origin',(-0.5,0.760139789775539,0.760139789775538));
#13575=CARTESIAN_POINT('',(0.325,0.81317279836453,0.813172798364529));
#13576=CARTESIAN_POINT('',(-0.5,0.81317279836453,0.813172798364529));
#13577=CARTESIAN_POINT('',(0.325,0.747091233641383,0.833995968818418));
#13578=CARTESIAN_POINT('Origin',(0.325,0.760139789775539,0.760139789775538));
#13579=CARTESIAN_POINT('',(0.344685039370079,0.725621710699455,0.826724339161245));
#13580=CARTESIAN_POINT('Ctrl Pts',(0.344685039370079,0.725621710699456,
0.826724339161243));
#13581=CARTESIAN_POINT('Ctrl Pts',(0.342566750173717,0.725621710699456,
0.826724339161243));
#13582=CARTESIAN_POINT('Ctrl Pts',(0.340466995249129,0.725946336561948,
0.826895465755634));
#13583=CARTESIAN_POINT('Ctrl Pts',(0.336448227904071,0.727236706098908,
0.827540943134429));
#13584=CARTESIAN_POINT('Ctrl Pts',(0.334572415844932,0.728199491146972,
0.828012332329552));
#13585=CARTESIAN_POINT('Ctrl Pts',(0.330846911870537,0.73098822668168,0.829263197064261));
#13586=CARTESIAN_POINT('Ctrl Pts',(0.329174209771293,0.732915530368829,
0.830063940895303));
#13587=CARTESIAN_POINT('Ctrl Pts',(0.32649564346341,0.737619162066554,0.831727206351313));
#13588=CARTESIAN_POINT('Ctrl Pts',(0.325573048926296,0.740499193007121,
0.832597215485703));
#13589=CARTESIAN_POINT('Ctrl Pts',(0.325062533651275,0.744827242373821,
0.833568912854672));
#13590=CARTESIAN_POINT('Ctrl Pts',(0.325,0.745956398743579,0.833795471621583));
#13591=CARTESIAN_POINT('Ctrl Pts',(0.325,0.747091233641383,0.833995968818418));
#13592=CARTESIAN_POINT('',(0.380314960629921,0.725621710699455,0.826724339161245));
#13593=CARTESIAN_POINT('',(-0.5,0.725621710699456,0.826724339161243));
#13594=CARTESIAN_POINT('',(0.4,0.70905900616781,0.815055666769544));
#13595=CARTESIAN_POINT('Ctrl Pts',(0.4,0.709059006167811,0.815055666769542));
#13596=CARTESIAN_POINT('Ctrl Pts',(0.4,0.709267029401999,0.815249162537845));
#13597=CARTESIAN_POINT('Ctrl Pts',(0.399993918123589,0.709476396278999,
0.815441702572363));
#13598=CARTESIAN_POINT('Ctrl Pts',(0.399869351419748,0.711628990475188,
0.817398773026903));
#13599=CARTESIAN_POINT('Ctrl Pts',(0.399241656095348,0.713627841656774,
0.819023997686517));
#13600=CARTESIAN_POINT('Ctrl Pts',(0.397048396340451,0.717496247174466,
0.821884348999011));
#13601=CARTESIAN_POINT('Ctrl Pts',(0.395486607499283,0.719332866236771,
0.823093417497313));
#13602=CARTESIAN_POINT('Ctrl Pts',(0.391744971293495,0.722370323371315,
0.82495846643448));
#13603=CARTESIAN_POINT('Ctrl Pts',(0.389624052559397,0.723584159744939,
0.825634606874463));
#13604=CARTESIAN_POINT('Ctrl Pts',(0.385076044416793,0.725202036071868,
0.826511184460007));
#13605=CARTESIAN_POINT('Ctrl Pts',(0.382713298149178,0.725621710699456,
0.826724339161243));
#13606=CARTESIAN_POINT('Ctrl Pts',(0.380314960629921,0.725621710699456,
0.826724339161243));
#13607=CARTESIAN_POINT('',(0.4,0.701804219937615,0.807277474187111));
#13608=CARTESIAN_POINT('Origin',(0.4,0.760139789775539,0.760139789775538));
#13609=CARTESIAN_POINT('',(0.380314960629921,0.691429870564985,0.79020550117706));
#13610=CARTESIAN_POINT('Ctrl Pts',(0.380314960629921,0.691429870564987,
0.790205501177058));
#13611=CARTESIAN_POINT('Ctrl Pts',(0.381780655436469,0.691429870564987,
0.790205501177058));
#13612=CARTESIAN_POINT('Ctrl Pts',(0.383238950927282,0.691498184065485,
0.790363031250404));
#13613=CARTESIAN_POINT('Ctrl Pts',(0.386095496759084,0.691773944922985,
0.790981746993589));
#13614=CARTESIAN_POINT('Ctrl Pts',(0.387480880030354,0.691980737223094,
0.791441087106856));
#13615=CARTESIAN_POINT('Ctrl Pts',(0.391148384485905,0.692755426995579,
0.793089925102244));
#13616=CARTESIAN_POINT('Ctrl Pts',(0.393246449267388,0.693472516697049,
0.794554536578328));
#13617=CARTESIAN_POINT('Ctrl Pts',(0.396660680620404,0.695351845569819,
0.797971346449347));
#13618=CARTESIAN_POINT('Ctrl Pts',(0.397973765577666,0.696492439191697,
0.799886779123553));
#13619=CARTESIAN_POINT('Ctrl Pts',(0.399604302623432,0.69903219596826,0.803677073874056));
#13620=CARTESIAN_POINT('Ctrl Pts',(0.4,0.700370015485495,0.805502564472665));
#13621=CARTESIAN_POINT('Ctrl Pts',(0.4,0.701804219937617,0.80727747418711));
#13622=CARTESIAN_POINT('',(0.119685039370078,0.691429870564985,0.79020550117706));
#13623=CARTESIAN_POINT('',(-0.5,0.691429870564987,0.790205501177058));
#13624=CARTESIAN_POINT('',(0.0999999999999997,0.701804219937615,0.807277474187111));
#13625=CARTESIAN_POINT('Ctrl Pts',(0.0999999999999997,0.701804219937617,
0.80727747418711));
#13626=CARTESIAN_POINT('Ctrl Pts',(0.0999999999999997,0.701655288129872,
0.807093162590556));
#13627=CARTESIAN_POINT('Ctrl Pts',(0.100004273097746,0.701507084716576,
0.806907965089814));
#13628=CARTESIAN_POINT('Ctrl Pts',(0.100105466237238,0.699766045604813,
0.804711020166327));
#13629=CARTESIAN_POINT('Ctrl Pts',(0.100696809687652,0.698309785252004,
0.802655000246362));
#13630=CARTESIAN_POINT('Ctrl Pts',(0.102814262538974,0.695747490959064,
0.798667363751173));
#13631=CARTESIAN_POINT('Ctrl Pts',(0.104341749745823,0.694672878546745,
0.796778432414934));
#13632=CARTESIAN_POINT('Ctrl Pts',(0.10805740261604,0.693003815062515,0.793618753043324));
#13633=CARTESIAN_POINT('Ctrl Pts',(0.110197724201032,0.692402003597133,
0.79235002858689));
#13634=CARTESIAN_POINT('Ctrl Pts',(0.114814952298846,0.691618738665531,
0.790647412909124));
#13635=CARTESIAN_POINT('Ctrl Pts',(0.1172334877104,0.691429870564987,0.790205501177058));
#13636=CARTESIAN_POINT('Ctrl Pts',(0.119685039370078,0.691429870564987,
0.790205501177058));
#13637=CARTESIAN_POINT('',(0.0999999999999997,0.70905900616781,0.815055666769544));
#13638=CARTESIAN_POINT('Origin',(0.0999999999999997,0.760139789775539,0.760139789775538));
#13639=CARTESIAN_POINT('',(0.119685039370078,0.725621710699455,0.826724339161245));
#13640=CARTESIAN_POINT('Ctrl Pts',(0.119685039370078,0.725621710699456,
0.826724339161243));
#13641=CARTESIAN_POINT('Ctrl Pts',(0.118257448057143,0.725621710699456,
0.826724339161243));
#13642=CARTESIAN_POINT('Ctrl Pts',(0.116837762010853,0.725473454391231,
0.826648080226996));
#13643=CARTESIAN_POINT('Ctrl Pts',(0.114052429640392,0.724891893813097,
0.826341710904044));
#13644=CARTESIAN_POINT('Ctrl Pts',(0.11270046321909,0.724460090804205,0.826112211518445));
#13645=CARTESIAN_POINT('Ctrl Pts',(0.109022141627523,0.722874419814262,
0.825237245834327));
#13646=CARTESIAN_POINT('Ctrl Pts',(0.106891452538424,0.721434470667153,
0.824412059506919));
#13647=CARTESIAN_POINT('Ctrl Pts',(0.103412312328679,0.718084161517524,
0.822270331461676));
#13648=CARTESIAN_POINT('Ctrl Pts',(0.102068392444965,0.716202440048022,
0.820972283933071));
#13649=CARTESIAN_POINT('Ctrl Pts',(0.100405568332906,0.712519404457916,
0.818123361822917));
#13650=CARTESIAN_POINT('Ctrl Pts',(0.0999999999999997,0.710759082447012,
0.816637016886995));
#13651=CARTESIAN_POINT('Ctrl Pts',(0.0999999999999997,0.709059006167811,
0.815055666769542));
#13652=CARTESIAN_POINT('',(0.155314960629921,0.725621710699455,0.826724339161245));
#13653=CARTESIAN_POINT('',(-0.5,0.725621710699456,0.826724339161243));
#13654=CARTESIAN_POINT('',(0.175,0.747091233641383,0.833995968818418));
#13655=CARTESIAN_POINT('Ctrl Pts',(0.175,0.747091233641383,0.833995968818418));
#13656=CARTESIAN_POINT('Ctrl Pts',(0.175,0.746330417303639,0.833861551430198));
#13657=CARTESIAN_POINT('Ctrl Pts',(0.174971870976694,0.745572021906963,
0.833715420223355));
#13658=CARTESIAN_POINT('Ctrl Pts',(0.174686718633089,0.741880758026036,
0.8329450856069));
#13659=CARTESIAN_POINT('Ctrl Pts',(0.174007075782169,0.739043847840966,
0.832163644839533));
#13660=CARTESIAN_POINT('Ctrl Pts',(0.171699319053506,0.73418580049927,0.830546355891479));
#13661=CARTESIAN_POINT('Ctrl Pts',(0.170229979198357,0.732169309114712,
0.829752930693556));
#13662=CARTESIAN_POINT('Ctrl Pts',(0.166613303907147,0.728914555718187,
0.828352188966847));
#13663=CARTESIAN_POINT('Ctrl Pts',(0.164564486948101,0.727685143275291,
0.827760498686425));
#13664=CARTESIAN_POINT('Ctrl Pts',(0.160080577499353,0.726036717011966,
0.826944042837007));
#13665=CARTESIAN_POINT('Ctrl Pts',(0.157711332772816,0.725621710699456,
0.826724339161243));
#13666=CARTESIAN_POINT('Ctrl Pts',(0.155314960629921,0.725621710699456,
0.826724339161243));
#13667=CARTESIAN_POINT('',(0.175,0.81317279836453,0.813172798364529));
#13668=CARTESIAN_POINT('Origin',(0.175,0.760139789775539,0.760139789775538));
#13669=CARTESIAN_POINT('',(-0.175,0.81317279836453,0.813172798364529));
#13670=CARTESIAN_POINT('',(-0.5,0.81317279836453,0.813172798364529));
#13671=CARTESIAN_POINT('',(-0.175,0.747091233641383,0.833995968818418));
#13672=CARTESIAN_POINT('Origin',(-0.175,0.760139789775539,0.760139789775538));
#13673=CARTESIAN_POINT('',(-0.155314960629921,0.725621710699455,0.826724339161245));
#13674=CARTESIAN_POINT('Ctrl Pts',(-0.155314960629921,0.725621710699456,
0.826724339161243));
#13675=CARTESIAN_POINT('Ctrl Pts',(-0.157433249826282,0.725621710699456,
0.826724339161243));
#13676=CARTESIAN_POINT('Ctrl Pts',(-0.159533004750869,0.725946336561947,
0.826895465755634));
#13677=CARTESIAN_POINT('Ctrl Pts',(-0.163551772095929,0.727236706098907,
0.827540943134429));
#13678=CARTESIAN_POINT('Ctrl Pts',(-0.165427584155069,0.728199491146973,
0.828012332329552));
#13679=CARTESIAN_POINT('Ctrl Pts',(-0.169153088129462,0.730988226681679,
0.82926319706426));
#13680=CARTESIAN_POINT('Ctrl Pts',(-0.170825790228706,0.732915530368828,
0.830063940895303));
#13681=CARTESIAN_POINT('Ctrl Pts',(-0.173504356536601,0.737619162066572,
0.83172720635132));
#13682=CARTESIAN_POINT('Ctrl Pts',(-0.174426951073706,0.740499193007146,
0.832597215485709));
#13683=CARTESIAN_POINT('Ctrl Pts',(-0.174937466348725,0.744827242373821,
0.833568912854671));
#13684=CARTESIAN_POINT('Ctrl Pts',(-0.175,0.745956398743579,0.833795471621583));
#13685=CARTESIAN_POINT('Ctrl Pts',(-0.175,0.747091233641383,0.833995968818418));
#13686=CARTESIAN_POINT('',(-0.119685039370079,0.725621710699455,0.826724339161245));
#13687=CARTESIAN_POINT('',(-0.5,0.725621710699456,0.826724339161243));
#13688=CARTESIAN_POINT('',(-0.1,0.70905900616781,0.815055666769544));
#13689=CARTESIAN_POINT('Ctrl Pts',(-0.1,0.709059006167811,0.815055666769542));
#13690=CARTESIAN_POINT('Ctrl Pts',(-0.1,0.709267029401999,0.815249162537845));
#13691=CARTESIAN_POINT('Ctrl Pts',(-0.100006081876411,0.709476396278999,
0.815441702572363));
#13692=CARTESIAN_POINT('Ctrl Pts',(-0.100130648580251,0.711628990475188,
0.817398773026903));
#13693=CARTESIAN_POINT('Ctrl Pts',(-0.100758343904651,0.713627841656774,
0.819023997686517));
#13694=CARTESIAN_POINT('Ctrl Pts',(-0.102951603659549,0.717496247174466,
0.821884348999011));
#13695=CARTESIAN_POINT('Ctrl Pts',(-0.104513392500717,0.719332866236771,
0.823093417497313));
#13696=CARTESIAN_POINT('Ctrl Pts',(-0.108255028706505,0.722370323371315,
0.82495846643448));
#13697=CARTESIAN_POINT('Ctrl Pts',(-0.110375947440602,0.723584159744939,
0.825634606874463));
#13698=CARTESIAN_POINT('Ctrl Pts',(-0.114923955583206,0.725202036071868,
0.826511184460007));
#13699=CARTESIAN_POINT('Ctrl Pts',(-0.117286701850822,0.725621710699456,
0.826724339161243));
#13700=CARTESIAN_POINT('Ctrl Pts',(-0.119685039370079,0.725621710699456,
0.826724339161243));
#13701=CARTESIAN_POINT('',(-0.1,0.701804219937615,0.807277474187111));
#13702=CARTESIAN_POINT('Origin',(-0.1,0.760139789775539,0.760139789775538));
#13703=CARTESIAN_POINT('',(-0.119685039370079,0.691429870564985,0.79020550117706));
#13704=CARTESIAN_POINT('Ctrl Pts',(-0.119685039370079,0.691429870564987,
0.790205501177058));
#13705=CARTESIAN_POINT('Ctrl Pts',(-0.118219344563531,0.691429870564987,
0.790205501177058));
#13706=CARTESIAN_POINT('Ctrl Pts',(-0.116761049072718,0.691498184065485,
0.790363031250404));
#13707=CARTESIAN_POINT('Ctrl Pts',(-0.113904503240916,0.691773944922985,
0.790981746993589));
#13708=CARTESIAN_POINT('Ctrl Pts',(-0.112519119969646,0.691980737223094,
0.791441087106856));
#13709=CARTESIAN_POINT('Ctrl Pts',(-0.108851615514094,0.692755426995579,
0.793089925102244));
#13710=CARTESIAN_POINT('Ctrl Pts',(-0.106753550732612,0.693472516697049,
0.794554536578328));
#13711=CARTESIAN_POINT('Ctrl Pts',(-0.103339319379596,0.695351845569819,
0.797971346449347));
#13712=CARTESIAN_POINT('Ctrl Pts',(-0.102026234422334,0.696492439191697,
0.799886779123553));
#13713=CARTESIAN_POINT('Ctrl Pts',(-0.100395697376568,0.69903219596826,
0.803677073874056));
#13714=CARTESIAN_POINT('Ctrl Pts',(-0.1,0.700370015485496,0.805502564472665));
#13715=CARTESIAN_POINT('Ctrl Pts',(-0.1,0.701804219937617,0.80727747418711));
#13716=CARTESIAN_POINT('',(-0.380314960629921,0.691429870564985,0.79020550117706));
#13717=CARTESIAN_POINT('',(-0.5,0.691429870564987,0.790205501177058));
#13718=CARTESIAN_POINT('',(-0.4,0.701804219937615,0.807277474187111));
#13719=CARTESIAN_POINT('Ctrl Pts',(-0.4,0.701804219937617,0.80727747418711));
#13720=CARTESIAN_POINT('Ctrl Pts',(-0.4,0.701655288129872,0.807093162590556));
#13721=CARTESIAN_POINT('Ctrl Pts',(-0.399995726902254,0.701507084716576,
0.806907965089814));
#13722=CARTESIAN_POINT('Ctrl Pts',(-0.399894533762762,0.699766045604813,
0.804711020166327));
#13723=CARTESIAN_POINT('Ctrl Pts',(-0.399303190312347,0.698309785252004,
0.802655000246362));
#13724=CARTESIAN_POINT('Ctrl Pts',(-0.397185737461026,0.695747490959064,
0.798667363751173));
#13725=CARTESIAN_POINT('Ctrl Pts',(-0.395658250254177,0.694672878546745,
0.796778432414934));
#13726=CARTESIAN_POINT('Ctrl Pts',(-0.39194259738396,0.693003815062516,
0.793618753043325));
#13727=CARTESIAN_POINT('Ctrl Pts',(-0.389802275798968,0.692402003597133,
0.79235002858689));
#13728=CARTESIAN_POINT('Ctrl Pts',(-0.385185047701153,0.69161873866553,
0.790647412909124));
#13729=CARTESIAN_POINT('Ctrl Pts',(-0.382766512289599,0.691429870564987,
0.790205501177058));
#13730=CARTESIAN_POINT('Ctrl Pts',(-0.380314960629921,0.691429870564987,
0.790205501177058));
#13731=CARTESIAN_POINT('',(-0.4,0.70905900616781,0.815055666769544));
#13732=CARTESIAN_POINT('Origin',(-0.4,0.760139789775539,0.760139789775538));
#13733=CARTESIAN_POINT('',(-0.380314960629921,0.725621710699455,0.826724339161245));
#13734=CARTESIAN_POINT('Ctrl Pts',(-0.380314960629921,0.725621710699456,
0.826724339161243));
#13735=CARTESIAN_POINT('Ctrl Pts',(-0.381742551942857,0.725621710699456,
0.826724339161243));
#13736=CARTESIAN_POINT('Ctrl Pts',(-0.383162237989147,0.725473454391231,
0.826648080226996));
#13737=CARTESIAN_POINT('Ctrl Pts',(-0.385947570359607,0.724891893813097,
0.826341710904044));
#13738=CARTESIAN_POINT('Ctrl Pts',(-0.38729953678091,0.724460090804205,
0.826112211518445));
#13739=CARTESIAN_POINT('Ctrl Pts',(-0.390977858372477,0.722874419814262,
0.825237245834327));
#13740=CARTESIAN_POINT('Ctrl Pts',(-0.393108547461576,0.721434470667153,
0.824412059506919));
#13741=CARTESIAN_POINT('Ctrl Pts',(-0.396587687671321,0.718084161517524,
0.822270331461676));
#13742=CARTESIAN_POINT('Ctrl Pts',(-0.397931607555034,0.716202440048022,
0.820972283933071));
#13743=CARTESIAN_POINT('Ctrl Pts',(-0.399594431667094,0.712519404457916,
0.818123361822917));
#13744=CARTESIAN_POINT('Ctrl Pts',(-0.4,0.710759082447012,0.816637016886995));
#13745=CARTESIAN_POINT('Ctrl Pts',(-0.4,0.709059006167811,0.815055666769542));
#13746=CARTESIAN_POINT('',(-0.344685039370079,0.725621710699455,0.826724339161245));
#13747=CARTESIAN_POINT('',(-0.5,0.725621710699456,0.826724339161243));
#13748=CARTESIAN_POINT('',(-0.325,0.747091233641383,0.833995968818418));
#13749=CARTESIAN_POINT('Ctrl Pts',(-0.325,0.747091233641383,0.833995968818418));
#13750=CARTESIAN_POINT('Ctrl Pts',(-0.325,0.746330417303639,0.833861551430198));
#13751=CARTESIAN_POINT('Ctrl Pts',(-0.325028129023306,0.745572021906963,
0.833715420223355));
#13752=CARTESIAN_POINT('Ctrl Pts',(-0.325313281366911,0.741880758026036,
0.8329450856069));
#13753=CARTESIAN_POINT('Ctrl Pts',(-0.325992924217831,0.739043847840966,
0.832163644839533));
#13754=CARTESIAN_POINT('Ctrl Pts',(-0.328300680946494,0.73418580049927,
0.830546355891479));
#13755=CARTESIAN_POINT('Ctrl Pts',(-0.329770020801643,0.732169309114712,
0.829752930693556));
#13756=CARTESIAN_POINT('Ctrl Pts',(-0.333386696092853,0.728914555718187,
0.828352188966847));
#13757=CARTESIAN_POINT('Ctrl Pts',(-0.335435513051899,0.727685143275291,
0.827760498686425));
#13758=CARTESIAN_POINT('Ctrl Pts',(-0.339919422500647,0.726036717011966,
0.826944042837007));
#13759=CARTESIAN_POINT('Ctrl Pts',(-0.342288667227184,0.725621710699456,
0.826724339161243));
#13760=CARTESIAN_POINT('Ctrl Pts',(-0.344685039370079,0.725621710699456,
0.826724339161243));
#13761=CARTESIAN_POINT('',(-0.325,0.81317279836453,0.813172798364529));
#13762=CARTESIAN_POINT('Origin',(-0.325,0.760139789775539,0.760139789775538));
#13763=CARTESIAN_POINT('',(-0.5,0.81317279836453,0.813172798364529));
#13764=CARTESIAN_POINT('Origin',(0.4125,0.,0.));
#13765=CARTESIAN_POINT('Origin',(0.325,0.,0.));
#13766=CARTESIAN_POINT('Origin',(0.4125,0.,0.));
#13767=CARTESIAN_POINT('Origin',(0.325,0.,0.));
#13768=CARTESIAN_POINT('Origin',(0.4125,0.,0.));
#13769=CARTESIAN_POINT('Origin',(0.325,0.,0.));
#13770=CARTESIAN_POINT('Origin',(0.325,1.15,0.));
#13771=CARTESIAN_POINT('Origin',(0.325,0.,0.));
#13772=CARTESIAN_POINT('Origin',(0.325,1.15,0.));
#13773=CARTESIAN_POINT('Origin',(0.325,0.,0.));
#13774=CARTESIAN_POINT('Origin',(0.325,1.15,0.));
#13775=CARTESIAN_POINT('Origin',(0.325,0.,0.));
#13776=CARTESIAN_POINT('Origin',(0.325,1.15,0.));
#13777=CARTESIAN_POINT('Origin',(0.325,0.,0.));
#13778=CARTESIAN_POINT('Origin',(0.325,1.15,0.));
#13779=CARTESIAN_POINT('Origin',(0.325,0.,0.));
#13780=CARTESIAN_POINT('Origin',(0.325,1.15,0.));
#13781=CARTESIAN_POINT('Origin',(0.325,0.,0.));
#13782=CARTESIAN_POINT('Origin',(0.344685039370079,0.,0.));
#13783=CARTESIAN_POINT('Origin',(0.344685039370079,0.,0.));
#13784=CARTESIAN_POINT('Origin',(0.344685039370079,0.,0.));
#13785=CARTESIAN_POINT('Origin',(0.344685039370079,0.,0.));
#13786=CARTESIAN_POINT('Origin',(0.344685039370079,0.,0.));
#13787=CARTESIAN_POINT('Origin',(0.344685039370079,0.,0.));
#13788=CARTESIAN_POINT('Origin',(0.344685039370079,0.,0.));
#13789=CARTESIAN_POINT('Origin',(0.344685039370079,0.,0.));
#13790=CARTESIAN_POINT('Origin',(0.344685039370079,0.,0.));
#13791=CARTESIAN_POINT('Origin',(0.344685039370079,0.,0.));
#13792=CARTESIAN_POINT('Origin',(0.344685039370079,0.,0.));
#13793=CARTESIAN_POINT('Origin',(0.344685039370079,0.,0.));
#13794=CARTESIAN_POINT('Origin',(0.3625,0.,0.));
#13795=CARTESIAN_POINT('Origin',(0.380314960629921,0.,0.));
#13796=CARTESIAN_POINT('Origin',(0.3625,0.,0.));
#13797=CARTESIAN_POINT('Origin',(0.380314960629921,0.,0.));
#13798=CARTESIAN_POINT('Origin',(0.3625,0.,0.));
#13799=CARTESIAN_POINT('Origin',(0.380314960629921,0.,0.));
#13800=CARTESIAN_POINT('Origin',(0.3625,0.,0.));
#13801=CARTESIAN_POINT('Origin',(0.380314960629921,0.,0.));
#13802=CARTESIAN_POINT('Origin',(0.3625,0.,0.));
#13803=CARTESIAN_POINT('Origin',(0.380314960629921,0.,0.));
#13804=CARTESIAN_POINT('Origin',(0.3625,0.,0.));
#13805=CARTESIAN_POINT('Origin',(0.380314960629921,0.,0.));
#13806=CARTESIAN_POINT('Origin',(0.380314960629921,0.,0.));
#13807=CARTESIAN_POINT('Origin',(0.4,0.,0.));
#13808=CARTESIAN_POINT('Origin',(0.380314960629921,0.,0.));
#13809=CARTESIAN_POINT('Origin',(0.4,0.,0.));
#13810=CARTESIAN_POINT('Origin',(0.380314960629921,0.,0.));
#13811=CARTESIAN_POINT('Origin',(0.4,0.,0.));
#13812=CARTESIAN_POINT('Origin',(0.380314960629921,0.,0.));
#13813=CARTESIAN_POINT('Origin',(0.4,0.,0.));
#13814=CARTESIAN_POINT('Origin',(0.380314960629921,0.,0.));
#13815=CARTESIAN_POINT('Origin',(0.4,0.,0.));
#13816=CARTESIAN_POINT('Origin',(0.380314960629921,0.,0.));
#13817=CARTESIAN_POINT('Origin',(0.4,0.,0.));
#13818=CARTESIAN_POINT('Origin',(0.4,1.1,0.));
#13819=CARTESIAN_POINT('Origin',(0.4,0.,0.));
#13820=CARTESIAN_POINT('Origin',(0.4,1.1,0.));
#13821=CARTESIAN_POINT('Origin',(0.4,0.,0.));
#13822=CARTESIAN_POINT('Origin',(0.4,1.1,0.));
#13823=CARTESIAN_POINT('Origin',(0.4,0.,0.));
#13824=CARTESIAN_POINT('Origin',(0.4,1.1,0.));
#13825=CARTESIAN_POINT('Origin',(0.4,0.,0.));
#13826=CARTESIAN_POINT('Origin',(0.4,1.1,0.));
#13827=CARTESIAN_POINT('Origin',(0.4,0.,0.));
#13828=CARTESIAN_POINT('Origin',(0.4,1.1,0.));
#13829=CARTESIAN_POINT('Origin',(0.4,0.,0.));
#13830=CARTESIAN_POINT('Origin',(0.380314960629921,0.,0.));
#13831=CARTESIAN_POINT('Origin',(0.380314960629921,0.,0.));
#13832=CARTESIAN_POINT('Origin',(0.380314960629921,0.,0.));
#13833=CARTESIAN_POINT('Origin',(0.380314960629921,0.,0.));
#13834=CARTESIAN_POINT('Origin',(0.380314960629921,0.,0.));
#13835=CARTESIAN_POINT('Origin',(0.380314960629921,0.,0.));
#13836=CARTESIAN_POINT('Origin',(0.380314960629921,0.,0.));
#13837=CARTESIAN_POINT('Origin',(0.380314960629921,0.,0.));
#13838=CARTESIAN_POINT('Origin',(0.380314960629921,0.,0.));
#13839=CARTESIAN_POINT('Origin',(0.380314960629921,0.,0.));
#13840=CARTESIAN_POINT('Origin',(0.380314960629921,0.,0.));
#13841=CARTESIAN_POINT('Origin',(0.380314960629921,0.,0.));
#13842=CARTESIAN_POINT('Origin',(0.25,0.,0.));
#13843=CARTESIAN_POINT('Origin',(0.119685039370078,0.,0.));
#13844=CARTESIAN_POINT('Origin',(0.25,0.,0.));
#13845=CARTESIAN_POINT('Origin',(0.119685039370078,0.,0.));
#13846=CARTESIAN_POINT('Origin',(0.25,0.,0.));
#13847=CARTESIAN_POINT('Origin',(0.119685039370078,0.,0.));
#13848=CARTESIAN_POINT('Origin',(0.25,0.,0.));
#13849=CARTESIAN_POINT('Origin',(0.119685039370078,0.,0.));
#13850=CARTESIAN_POINT('Origin',(0.25,0.,0.));
#13851=CARTESIAN_POINT('Origin',(0.119685039370078,0.,0.));
#13852=CARTESIAN_POINT('Origin',(0.25,0.,0.));
#13853=CARTESIAN_POINT('Origin',(0.119685039370078,0.,0.));
#13854=CARTESIAN_POINT('Origin',(0.119685039370078,0.,0.));
#13855=CARTESIAN_POINT('Origin',(0.0999999999999997,0.,0.));
#13856=CARTESIAN_POINT('Origin',(0.119685039370078,0.,0.));
#13857=CARTESIAN_POINT('Origin',(0.0999999999999997,0.,0.));
#13858=CARTESIAN_POINT('Origin',(0.119685039370078,0.,0.));
#13859=CARTESIAN_POINT('Origin',(0.0999999999999997,0.,0.));
#13860=CARTESIAN_POINT('Origin',(0.119685039370078,0.,0.));
#13861=CARTESIAN_POINT('Origin',(0.0999999999999997,0.,0.));
#13862=CARTESIAN_POINT('Origin',(0.119685039370078,0.,0.));
#13863=CARTESIAN_POINT('Origin',(0.0999999999999997,0.,0.));
#13864=CARTESIAN_POINT('Origin',(0.119685039370078,0.,0.));
#13865=CARTESIAN_POINT('Origin',(0.0999999999999997,0.,0.));
#13866=CARTESIAN_POINT('Origin',(0.0999999999999997,1.05,0.));
#13867=CARTESIAN_POINT('Origin',(0.0999999999999997,0.,0.));
#13868=CARTESIAN_POINT('Origin',(0.0999999999999997,1.05,0.));
#13869=CARTESIAN_POINT('Origin',(0.0999999999999997,0.,0.));
#13870=CARTESIAN_POINT('Origin',(0.0999999999999997,1.05,0.));
#13871=CARTESIAN_POINT('Origin',(0.0999999999999997,0.,0.));
#13872=CARTESIAN_POINT('Origin',(0.0999999999999997,1.05,0.));
#13873=CARTESIAN_POINT('Origin',(0.0999999999999997,0.,0.));
#13874=CARTESIAN_POINT('Origin',(0.0999999999999997,1.05,0.));
#13875=CARTESIAN_POINT('Origin',(0.0999999999999997,0.,0.));
#13876=CARTESIAN_POINT('Origin',(0.0999999999999997,1.05,0.));
#13877=CARTESIAN_POINT('Origin',(0.0999999999999997,0.,0.));
#13878=CARTESIAN_POINT('Origin',(0.119685039370078,0.,0.));
#13879=CARTESIAN_POINT('Origin',(0.119685039370078,0.,0.));
#13880=CARTESIAN_POINT('Origin',(0.119685039370078,0.,0.));
#13881=CARTESIAN_POINT('Origin',(0.119685039370078,0.,0.));
#13882=CARTESIAN_POINT('Origin',(0.119685039370078,0.,0.));
#13883=CARTESIAN_POINT('Origin',(0.119685039370078,0.,0.));
#13884=CARTESIAN_POINT('Origin',(0.119685039370078,0.,0.));
#13885=CARTESIAN_POINT('Origin',(0.119685039370078,0.,0.));
#13886=CARTESIAN_POINT('Origin',(0.119685039370078,0.,0.));
#13887=CARTESIAN_POINT('Origin',(0.119685039370078,0.,0.));
#13888=CARTESIAN_POINT('Origin',(0.119685039370078,0.,0.));
#13889=CARTESIAN_POINT('Origin',(0.119685039370078,0.,0.));
#13890=CARTESIAN_POINT('Origin',(0.1375,0.,0.));
#13891=CARTESIAN_POINT('Origin',(0.155314960629921,0.,0.));
#13892=CARTESIAN_POINT('Origin',(0.1375,0.,0.));
#13893=CARTESIAN_POINT('Origin',(0.155314960629921,0.,0.));
#13894=CARTESIAN_POINT('Origin',(0.1375,0.,0.));
#13895=CARTESIAN_POINT('Origin',(0.155314960629921,0.,0.));
#13896=CARTESIAN_POINT('Origin',(0.1375,0.,0.));
#13897=CARTESIAN_POINT('Origin',(0.155314960629921,0.,0.));
#13898=CARTESIAN_POINT('Origin',(0.1375,0.,0.));
#13899=CARTESIAN_POINT('Origin',(0.155314960629921,0.,0.));
#13900=CARTESIAN_POINT('Origin',(0.1375,0.,0.));
#13901=CARTESIAN_POINT('Origin',(0.155314960629921,0.,0.));
#13902=CARTESIAN_POINT('Origin',(0.155314960629921,0.,0.));
#13903=CARTESIAN_POINT('Origin',(0.175,0.,0.));
#13904=CARTESIAN_POINT('Origin',(0.155314960629921,0.,0.));
#13905=CARTESIAN_POINT('Origin',(0.175,0.,0.));
#13906=CARTESIAN_POINT('Origin',(0.155314960629921,0.,0.));
#13907=CARTESIAN_POINT('Origin',(0.175,0.,0.));
#13908=CARTESIAN_POINT('Origin',(0.155314960629921,0.,0.));
#13909=CARTESIAN_POINT('Origin',(0.175,0.,0.));
#13910=CARTESIAN_POINT('Origin',(0.155314960629921,0.,0.));
#13911=CARTESIAN_POINT('Origin',(0.175,0.,0.));
#13912=CARTESIAN_POINT('Origin',(0.155314960629921,0.,0.));
#13913=CARTESIAN_POINT('Origin',(0.175,0.,0.));
#13914=CARTESIAN_POINT('Origin',(0.175,1.1,0.));
#13915=CARTESIAN_POINT('Origin',(0.175,0.,0.));
#13916=CARTESIAN_POINT('Origin',(0.175,1.1,0.));
#13917=CARTESIAN_POINT('Origin',(0.175,0.,0.));
#13918=CARTESIAN_POINT('Origin',(0.175,1.1,0.));
#13919=CARTESIAN_POINT('Origin',(0.175,0.,0.));
#13920=CARTESIAN_POINT('Origin',(0.175,1.1,0.));
#13921=CARTESIAN_POINT('Origin',(0.175,0.,0.));
#13922=CARTESIAN_POINT('Origin',(0.175,1.1,0.));
#13923=CARTESIAN_POINT('Origin',(0.175,0.,0.));
#13924=CARTESIAN_POINT('Origin',(0.175,1.1,0.));
#13925=CARTESIAN_POINT('Origin',(0.175,0.,0.));
#13926=CARTESIAN_POINT('Origin',(-1.31128703695885E-16,0.,0.));
#13927=CARTESIAN_POINT('Origin',(-0.175,0.,0.));
#13928=CARTESIAN_POINT('Origin',(-1.31128703695885E-16,0.,0.));
#13929=CARTESIAN_POINT('Origin',(-0.175,0.,0.));
#13930=CARTESIAN_POINT('Origin',(-1.31128703695885E-16,0.,0.));
#13931=CARTESIAN_POINT('Origin',(-0.175,0.,0.));
#13932=CARTESIAN_POINT('Origin',(-1.31128703695885E-16,0.,0.));
#13933=CARTESIAN_POINT('Origin',(-0.175,0.,0.));
#13934=CARTESIAN_POINT('Origin',(-1.31128703695885E-16,0.,0.));
#13935=CARTESIAN_POINT('Origin',(-0.175,0.,0.));
#13936=CARTESIAN_POINT('Origin',(-1.31128703695885E-16,0.,0.));
#13937=CARTESIAN_POINT('Origin',(-0.175,0.,0.));
#13938=CARTESIAN_POINT('Origin',(-0.175,1.15,0.));
#13939=CARTESIAN_POINT('Origin',(-0.175,0.,0.));
#13940=CARTESIAN_POINT('Origin',(-0.175,1.15,0.));
#13941=CARTESIAN_POINT('Origin',(-0.175,0.,0.));
#13942=CARTESIAN_POINT('Origin',(-0.175,1.15,0.));
#13943=CARTESIAN_POINT('Origin',(-0.175,0.,0.));
#13944=CARTESIAN_POINT('Origin',(-0.175,1.15,0.));
#13945=CARTESIAN_POINT('Origin',(-0.175,0.,0.));
#13946=CARTESIAN_POINT('Origin',(-0.175,1.15,0.));
#13947=CARTESIAN_POINT('Origin',(-0.175,0.,0.));
#13948=CARTESIAN_POINT('Origin',(-0.155314960629921,0.,0.));
#13949=CARTESIAN_POINT('Origin',(-0.155314960629921,0.,0.));
#13950=CARTESIAN_POINT('Origin',(-0.155314960629921,0.,0.));
#13951=CARTESIAN_POINT('Origin',(-0.155314960629921,0.,0.));
#13952=CARTESIAN_POINT('Origin',(-0.155314960629921,0.,0.));
#13953=CARTESIAN_POINT('Origin',(-0.155314960629921,0.,0.));
#13954=CARTESIAN_POINT('Origin',(-0.155314960629921,0.,0.));
#13955=CARTESIAN_POINT('Origin',(-0.155314960629921,0.,0.));
#13956=CARTESIAN_POINT('Origin',(-0.155314960629921,0.,0.));
#13957=CARTESIAN_POINT('Origin',(-0.155314960629921,0.,0.));
#13958=CARTESIAN_POINT('Origin',(-0.4125,0.,0.));
#13959=CARTESIAN_POINT('Origin',(-0.325,0.,0.));
#13960=CARTESIAN_POINT('Origin',(-0.4125,0.,0.));
#13961=CARTESIAN_POINT('Origin',(-0.325,0.,0.));
#13962=CARTESIAN_POINT('Origin',(-0.4125,0.,0.));
#13963=CARTESIAN_POINT('Origin',(-0.325,0.,0.));
#13964=CARTESIAN_POINT('Origin',(-0.1375,0.,0.));
#13965=CARTESIAN_POINT('Origin',(-0.119685039370079,0.,0.));
#13966=CARTESIAN_POINT('Origin',(-0.1375,0.,0.));
#13967=CARTESIAN_POINT('Origin',(-0.119685039370079,0.,0.));
#13968=CARTESIAN_POINT('Origin',(-0.1375,0.,0.));
#13969=CARTESIAN_POINT('Origin',(-0.119685039370079,0.,0.));
#13970=CARTESIAN_POINT('Origin',(-0.1375,0.,0.));
#13971=CARTESIAN_POINT('Origin',(-0.119685039370079,0.,0.));
#13972=CARTESIAN_POINT('Origin',(-0.1375,0.,0.));
#13973=CARTESIAN_POINT('Origin',(-0.119685039370079,0.,0.));
#13974=CARTESIAN_POINT('Origin',(-0.325,1.1,0.));
#13975=CARTESIAN_POINT('Origin',(-0.325,0.,0.));
#13976=CARTESIAN_POINT('Origin',(-0.325,1.1,0.));
#13977=CARTESIAN_POINT('Origin',(-0.325,0.,0.));
#13978=CARTESIAN_POINT('Origin',(-0.325,1.1,0.));
#13979=CARTESIAN_POINT('Origin',(-0.325,0.,0.));
#13980=CARTESIAN_POINT('Origin',(-0.325,1.1,0.));
#13981=CARTESIAN_POINT('Origin',(-0.325,0.,0.));
#13982=CARTESIAN_POINT('Origin',(-0.325,1.1,0.));
#13983=CARTESIAN_POINT('Origin',(-0.325,0.,0.));
#13984=CARTESIAN_POINT('Origin',(-0.325,1.1,0.));
#13985=CARTESIAN_POINT('Origin',(-0.325,0.,0.));
#13986=CARTESIAN_POINT('Origin',(-0.119685039370079,0.,0.));
#13987=CARTESIAN_POINT('Origin',(-0.1,0.,0.));
#13988=CARTESIAN_POINT('Origin',(-0.119685039370079,0.,0.));
#13989=CARTESIAN_POINT('Origin',(-0.1,0.,0.));
#13990=CARTESIAN_POINT('Origin',(-0.119685039370079,0.,0.));
#13991=CARTESIAN_POINT('Origin',(-0.1,0.,0.));
#13992=CARTESIAN_POINT('Origin',(-0.119685039370079,0.,0.));
#13993=CARTESIAN_POINT('Origin',(-0.1,0.,0.));
#13994=CARTESIAN_POINT('Origin',(-0.119685039370079,0.,0.));
#13995=CARTESIAN_POINT('Origin',(-0.1,0.,0.));
#13996=CARTESIAN_POINT('Origin',(-0.344685039370079,0.,0.));
#13997=CARTESIAN_POINT('Origin',(-0.344685039370079,0.,0.));
#13998=CARTESIAN_POINT('Origin',(-0.344685039370079,0.,0.));
#13999=CARTESIAN_POINT('Origin',(-0.344685039370079,0.,0.));
#14000=CARTESIAN_POINT('Origin',(-0.344685039370079,0.,0.));
#14001=CARTESIAN_POINT('Origin',(-0.344685039370079,0.,0.));
#14002=CARTESIAN_POINT('Origin',(-0.344685039370079,0.,0.));
#14003=CARTESIAN_POINT('Origin',(-0.344685039370079,0.,0.));
#14004=CARTESIAN_POINT('Origin',(-0.344685039370079,0.,0.));
#14005=CARTESIAN_POINT('Origin',(-0.344685039370079,0.,0.));
#14006=CARTESIAN_POINT('Origin',(-0.344685039370079,0.,0.));
#14007=CARTESIAN_POINT('Origin',(-0.344685039370079,0.,0.));
#14008=CARTESIAN_POINT('Origin',(-0.1,1.1,0.));
#14009=CARTESIAN_POINT('Origin',(-0.1,0.,0.));
#14010=CARTESIAN_POINT('Origin',(-0.1,1.1,0.));
#14011=CARTESIAN_POINT('Origin',(-0.1,0.,0.));
#14012=CARTESIAN_POINT('Origin',(-0.1,1.1,0.));
#14013=CARTESIAN_POINT('Origin',(-0.1,0.,0.));
#14014=CARTESIAN_POINT('Origin',(-0.1,1.1,0.));
#14015=CARTESIAN_POINT('Origin',(-0.1,0.,0.));
#14016=CARTESIAN_POINT('Origin',(-0.1,1.1,0.));
#14017=CARTESIAN_POINT('Origin',(-0.1,0.,0.));
#14018=CARTESIAN_POINT('Origin',(-0.3625,0.,0.));
#14019=CARTESIAN_POINT('Origin',(-0.380314960629921,0.,0.));
#14020=CARTESIAN_POINT('Origin',(-0.3625,0.,0.));
#14021=CARTESIAN_POINT('Origin',(-0.380314960629921,0.,0.));
#14022=CARTESIAN_POINT('Origin',(-0.3625,0.,0.));
#14023=CARTESIAN_POINT('Origin',(-0.380314960629921,0.,0.));
#14024=CARTESIAN_POINT('Origin',(-0.3625,0.,0.));
#14025=CARTESIAN_POINT('Origin',(-0.380314960629921,0.,0.));
#14026=CARTESIAN_POINT('Origin',(-0.3625,0.,0.));
#14027=CARTESIAN_POINT('Origin',(-0.380314960629921,0.,0.));
#14028=CARTESIAN_POINT('Origin',(-0.3625,0.,0.));
#14029=CARTESIAN_POINT('Origin',(-0.380314960629921,0.,0.));
#14030=CARTESIAN_POINT('Origin',(-0.119685039370079,0.,0.));
#14031=CARTESIAN_POINT('Origin',(-0.119685039370079,0.,0.));
#14032=CARTESIAN_POINT('Origin',(-0.119685039370079,0.,0.));
#14033=CARTESIAN_POINT('Origin',(-0.119685039370079,0.,0.));
#14034=CARTESIAN_POINT('Origin',(-0.119685039370079,0.,0.));
#14035=CARTESIAN_POINT('Origin',(-0.119685039370079,0.,0.));
#14036=CARTESIAN_POINT('Origin',(-0.119685039370079,0.,0.));
#14037=CARTESIAN_POINT('Origin',(-0.119685039370079,0.,0.));
#14038=CARTESIAN_POINT('Origin',(-0.119685039370079,0.,0.));
#14039=CARTESIAN_POINT('Origin',(-0.119685039370079,0.,0.));
#14040=CARTESIAN_POINT('Origin',(-0.119685039370079,0.,0.));
#14041=CARTESIAN_POINT('Origin',(-0.119685039370079,0.,0.));
#14042=CARTESIAN_POINT('Origin',(-0.1,0.,0.));
#14043=CARTESIAN_POINT('Origin',(-0.380314960629921,0.,0.));
#14044=CARTESIAN_POINT('Origin',(-0.4,0.,0.));
#14045=CARTESIAN_POINT('Origin',(-0.380314960629921,0.,0.));
#14046=CARTESIAN_POINT('Origin',(-0.4,0.,0.));
#14047=CARTESIAN_POINT('Origin',(-0.380314960629921,0.,0.));
#14048=CARTESIAN_POINT('Origin',(-0.4,0.,0.));
#14049=CARTESIAN_POINT('Origin',(-0.380314960629921,0.,0.));
#14050=CARTESIAN_POINT('Origin',(-0.4,0.,0.));
#14051=CARTESIAN_POINT('Origin',(-0.380314960629921,0.,0.));
#14052=CARTESIAN_POINT('Origin',(-0.4,0.,0.));
#14053=CARTESIAN_POINT('Origin',(-0.380314960629921,0.,0.));
#14054=CARTESIAN_POINT('Origin',(-0.4,0.,0.));
#14055=CARTESIAN_POINT('Origin',(-0.25,0.,0.));
#14056=CARTESIAN_POINT('Origin',(-0.380314960629921,0.,0.));
#14057=CARTESIAN_POINT('Origin',(-0.25,0.,0.));
#14058=CARTESIAN_POINT('Origin',(-0.380314960629921,0.,0.));
#14059=CARTESIAN_POINT('Origin',(-0.25,0.,0.));
#14060=CARTESIAN_POINT('Origin',(-0.380314960629921,0.,0.));
#14061=CARTESIAN_POINT('Origin',(-0.25,0.,0.));
#14062=CARTESIAN_POINT('Origin',(-0.380314960629921,0.,0.));
#14063=CARTESIAN_POINT('Origin',(-0.25,0.,0.));
#14064=CARTESIAN_POINT('Origin',(-0.380314960629921,0.,0.));
#14065=CARTESIAN_POINT('Origin',(-0.25,0.,0.));
#14066=CARTESIAN_POINT('Origin',(-0.380314960629921,0.,0.));
#14067=CARTESIAN_POINT('Origin',(-0.4,1.05,0.));
#14068=CARTESIAN_POINT('Origin',(-0.4,0.,0.));
#14069=CARTESIAN_POINT('Origin',(-0.4,1.05,0.));
#14070=CARTESIAN_POINT('Origin',(-0.4,0.,0.));
#14071=CARTESIAN_POINT('Origin',(-0.4,1.05,0.));
#14072=CARTESIAN_POINT('Origin',(-0.4,0.,0.));
#14073=CARTESIAN_POINT('Origin',(-0.4,1.05,0.));
#14074=CARTESIAN_POINT('Origin',(-0.4,0.,0.));
#14075=CARTESIAN_POINT('Origin',(-0.4,1.05,0.));
#14076=CARTESIAN_POINT('Origin',(-0.4,0.,0.));
#14077=CARTESIAN_POINT('Origin',(-0.4,1.05,0.));
#14078=CARTESIAN_POINT('Origin',(-0.4,0.,0.));
#14079=CARTESIAN_POINT('Origin',(-0.380314960629921,0.,0.));
#14080=CARTESIAN_POINT('Origin',(-0.380314960629921,0.,0.));
#14081=CARTESIAN_POINT('Origin',(-0.380314960629921,0.,0.));
#14082=CARTESIAN_POINT('Origin',(-0.380314960629921,0.,0.));
#14083=CARTESIAN_POINT('Origin',(-0.380314960629921,0.,0.));
#14084=CARTESIAN_POINT('Origin',(-0.380314960629921,0.,0.));
#14085=CARTESIAN_POINT('Origin',(-0.1,1.1,0.));
#14086=CARTESIAN_POINT('Origin',(-0.1,0.,0.));
#14087=CARTESIAN_POINT('Origin',(-0.119685039370079,0.,0.));
#14088=CARTESIAN_POINT('Origin',(-0.119685039370079,0.,0.));
#14089=CARTESIAN_POINT('Origin',(-0.1375,0.,0.));
#14090=CARTESIAN_POINT('Origin',(-0.155314960629921,0.,0.));
#14091=CARTESIAN_POINT('Origin',(-0.155314960629921,0.,0.));
#14092=CARTESIAN_POINT('Origin',(-0.175,0.,0.));
#14093=CARTESIAN_POINT('Origin',(-0.175,1.15,0.));
#14094=UNCERTAINTY_MEASURE_WITH_UNIT(LENGTH_MEASURE(0.000393700787401575),
#14100,'DISTANCE_ACCURACY_VALUE',
'Maximum model space distance between geometric entities at asserted c
onnectivities');
#14095=UNCERTAINTY_MEASURE_WITH_UNIT(LENGTH_MEASURE(0.000393700787401575),
#14100,'DISTANCE_ACCURACY_VALUE',
'Maximum model space distance between geometric entities at asserted c
onnectivities');
#14096=(
GEOMETRIC_REPRESENTATION_CONTEXT(3)
GLOBAL_UNCERTAINTY_ASSIGNED_CONTEXT((#14094))
GLOBAL_UNIT_ASSIGNED_CONTEXT((#14100,#14104,#14105))
REPRESENTATION_CONTEXT('','3D')
);
#14097=(
GEOMETRIC_REPRESENTATION_CONTEXT(3)
GLOBAL_UNCERTAINTY_ASSIGNED_CONTEXT((#14095))
GLOBAL_UNIT_ASSIGNED_CONTEXT((#14100,#14104,#14105))
REPRESENTATION_CONTEXT('','3D')
);
#14098=DIMENSIONAL_EXPONENTS(1.,0.,0.,0.,0.,0.,0.);
#14099=DIMENSIONAL_EXPONENTS(0.,1.,0.,0.,0.,0.,0.);
#14100=(
CONVERSION_BASED_UNIT('inch',#14103)
LENGTH_UNIT()
NAMED_UNIT(#14098)
);
#14101=(
LENGTH_UNIT()
NAMED_UNIT(*)
SI_UNIT(.MILLI.,.METRE.)
);
#14102=(
LENGTH_UNIT()
NAMED_UNIT(*)
SI_UNIT(.CENTI.,.METRE.)
);
#14103=LENGTH_MEASURE_WITH_UNIT(LENGTH_MEASURE(25.4),#14101);
#14104=(
NAMED_UNIT(*)
PLANE_ANGLE_UNIT()
SI_UNIT($,.RADIAN.)
);
#14105=(
NAMED_UNIT(*)
SI_UNIT($,.STERADIAN.)
SOLID_ANGLE_UNIT()
);
#14106=SHAPE_DEFINITION_REPRESENTATION(#14107,#14108);
#14107=PRODUCT_DEFINITION_SHAPE('',$,#14110);
#14108=SHAPE_REPRESENTATION('',(#7058),#14096);
#14109=PRODUCT_DEFINITION_CONTEXT('part definition',#14114,'design');
#14110=PRODUCT_DEFINITION('internal','internal',#14111,#14109);
#14111=PRODUCT_DEFINITION_FORMATION('',$,#14116);
#14112=PRODUCT_RELATED_PRODUCT_CATEGORY('internal','internal',(#14116));
#14113=APPLICATION_PROTOCOL_DEFINITION('international standard',
'automotive_design',2009,#14114);
#14114=APPLICATION_CONTEXT(
'Core Data for Automotive Mechanical Design Process');
#14115=PRODUCT_CONTEXT('part definition',#14114,'mechanical');
#14116=PRODUCT('internal','internal',$,(#14115));
#14117=PRESENTATION_STYLE_ASSIGNMENT((#14118));
#14118=SURFACE_STYLE_USAGE(.BOTH.,#14121);
#14119=SURFACE_STYLE_RENDERING_WITH_PROPERTIES($,#14125,(#14120));
#14120=SURFACE_STYLE_TRANSPARENT(0.);
#14121=SURFACE_SIDE_STYLE('',(#14122,#14119));
#14122=SURFACE_STYLE_FILL_AREA(#14123);
#14123=FILL_AREA_STYLE('',(#14124));
#14124=FILL_AREA_STYLE_COLOUR('',#14125);
#14125=COLOUR_RGB('',0.250980392156863,0.250980392156863,0.250980392156863);
ENDSEC;
END-ISO-10303-21;
