ISO-10303-21;
HEADER;
/* Generated by software containing ST-Developer
 * from STEP Tools, Inc. (www.steptools.com) 
 */

FILE_DESCRIPTION(
/* description */ (''),
/* implementation_level */ '2;1');

FILE_NAME(
/* name */ '4x2.75 nut outer.stp',
/* time_stamp */ '2026-01-12T21:07:31+13:00',
/* author */ ('cloudy'),
/* organization */ (''),
/* preprocessor_version */ 'ST-DEVELOPER v20',
/* originating_system */ 'Autodesk Inventor 2025',
/* authorisation */ '');

FILE_SCHEMA (('AUTOMOTIVE_DESIGN { 1 0 10303 214 3 1 1 }'));
ENDSEC;

DATA;
#10=MECHANICAL_DESIGN_GEOMETRIC_PRESENTATION_REPRESENTATION('',(#277,#278,
#279,#280,#281,#282,#283,#284,#285,#286,#287,#288,#289,#290,#291,#292,#293,
#294,#295,#296,#297,#298,#299,#300,#301,#302,#303,#304,#305,#306,#307,#308,
#309,#310,#311,#312,#313,#314,#315,#316,#317,#318,#319,#320,#321,#322,#323,
#324,#325,#326,#327,#328,#329,#330,#331,#332,#333,#334,#335,#336,#337,#338,
#339,#340,#341,#342,#343,#344,#345,#346,#347,#348,#349,#350,#351,#352,#353,
#354,#355,#356,#357,#358,#359,#360,#361,#362,#363,#364,#365,#366,#367,#368,
#369,#370,#371,#372,#373,#374),#7017);
#11=SHAPE_REPRESENTATION_RELATIONSHIP('SRR','None',#7028,#12);
#12=ADVANCED_BREP_SHAPE_REPRESENTATION('',(#13),#7016);
#13=MANIFOLD_SOLID_BREP('Solid1',#3984);
#14=B_SPLINE_CURVE_WITH_KNOTS('',3,(#6354,#6355,#6356,#6357),
 .UNSPECIFIED.,.F.,.F.,(4,4),(1.66576591224142,1.68985223535281),
 .UNSPECIFIED.);
#15=B_SPLINE_CURVE_WITH_KNOTS('',3,(#6370,#6371,#6372,#6373),
 .UNSPECIFIED.,.F.,.F.,(4,4),(0.758824750593759,0.781178459159582),
 .UNSPECIFIED.);
#16=B_SPLINE_CURVE_WITH_KNOTS('',3,(#6428,#6429,#6430,#6431),
 .UNSPECIFIED.,.F.,.F.,(4,4),(1.66576591224142,1.68985223535281),
 .UNSPECIFIED.);
#17=B_SPLINE_CURVE_WITH_KNOTS('',3,(#6444,#6445,#6446,#6447),
 .UNSPECIFIED.,.F.,.F.,(4,4),(0.758824750593759,0.781178459159579),
 .UNSPECIFIED.);
#18=B_SPLINE_CURVE_WITH_KNOTS('',3,(#6502,#6503,#6504,#6505),
 .UNSPECIFIED.,.F.,.F.,(4,4),(1.66576591224142,1.6898522353528),
 .UNSPECIFIED.);
#19=B_SPLINE_CURVE_WITH_KNOTS('',3,(#6518,#6519,#6520,#6521),
 .UNSPECIFIED.,.F.,.F.,(4,4),(0.758824750593759,0.781178459159576),
 .UNSPECIFIED.);
#20=B_SPLINE_CURVE_WITH_KNOTS('',3,(#6632,#6633,#6634,#6635,#6636,#6637,
#6638,#6639),.UNSPECIFIED.,.F.,.F.,(4,2,2,4),(0.84848888033223,0.923590888214898,
1.08707976559241,1.11243553426073),.UNSPECIFIED.);
#21=B_SPLINE_CURVE_WITH_KNOTS('',3,(#6644,#6645,#6646,#6647,#6648,#6649,
#6650,#6651),.UNSPECIFIED.,.F.,.F.,(4,2,2,4),(0.870240359930851,0.897200081982716,
1.06036774455728,1.13394854935078),.UNSPECIFIED.);
#22=B_SPLINE_CURVE_WITH_KNOTS('',3,(#6660,#6661,#6662,#6663),
 .UNSPECIFIED.,.F.,.F.,(4,4),(0.0706651890846536,0.0947515121960372),
 .UNSPECIFIED.);
#23=B_SPLINE_CURVE_WITH_KNOTS('',3,(#6664,#6665,#6666,#6667,#6668,#6669,
#6670,#6671),.UNSPECIFIED.,.F.,.F.,(4,2,2,4),(-1.1119198549749,-1.08496013332374,
-0.921792470749179,-0.848211665955674),.UNSPECIFIED.);
#24=B_SPLINE_CURVE_WITH_KNOTS('',3,(#6673,#6674,#6675,#6676,#6677,#6678,
#6679,#6680),.UNSPECIFIED.,.F.,.F.,(4,2,2,4),(0.84848888033223,0.923590888214896,
1.08707976559241,1.11243553426073),.UNSPECIFIED.);
#25=B_SPLINE_CURVE_WITH_KNOTS('',3,(#6685,#6686,#6687,#6688,#6689,#6690,
#6691,#6692),.UNSPECIFIED.,.F.,.F.,(4,2,2,4),(0.870240359930849,0.897200081982713,
1.06036774455727,1.13394854935078),.UNSPECIFIED.);
#26=B_SPLINE_CURVE_WITH_KNOTS('',3,(#6696,#6697,#6698,#6699,#6700,#6701,
#6702,#6703),.UNSPECIFIED.,.F.,.F.,(4,2,2,4),(0.84848888033223,0.923590888214893,
1.0870797655924,1.11243553426072),.UNSPECIFIED.);
#27=B_SPLINE_CURVE_WITH_KNOTS('',3,(#6708,#6709,#6710,#6711,#6712,#6713,
#6714,#6715),.UNSPECIFIED.,.F.,.F.,(4,2,2,4),(0.870240359930847,0.897200081982712,
1.06036774455727,1.13394854935077),.UNSPECIFIED.);
#28=B_SPLINE_CURVE_WITH_KNOTS('',3,(#6738,#6739,#6740,#6741,#6742,#6743,
#6744,#6745),.UNSPECIFIED.,.F.,.F.,(4,2,2,4),(0.84848888033223,0.923590888214891,
1.0870797655924,1.11243553426072),.UNSPECIFIED.);
#29=B_SPLINE_CURVE_WITH_KNOTS('',3,(#6755,#6756,#6757,#6758,#6759,#6760,
#6761,#6762),.UNSPECIFIED.,.F.,.F.,(4,2,2,4),(0.870240359930845,0.897200081982711,
1.06036774455727,1.13394854935077),.UNSPECIFIED.);
#30=B_SPLINE_CURVE_WITH_KNOTS('',3,(#6766,#6767,#6768,#6769),
 .UNSPECIFIED.,.F.,.F.,(4,4),(0.758824750593759,0.781178459159582),
 .UNSPECIFIED.);
#31=B_SPLINE_CURVE_WITH_KNOTS('',3,(#6808,#6809,#6810,#6811,#6812,#6813,
#6814,#6815),.UNSPECIFIED.,.F.,.F.,(4,2,2,4),(0.848488880332231,0.923590888214893,
1.0870797655924,1.11243553426072),.UNSPECIFIED.);
#32=B_SPLINE_CURVE_WITH_KNOTS('',3,(#6825,#6826,#6827,#6828,#6829,#6830,
#6831,#6832),.UNSPECIFIED.,.F.,.F.,(4,2,2,4),(0.87024035993085,0.897200081982715,
1.06036774455728,1.13394854935078),.UNSPECIFIED.);
#33=B_SPLINE_CURVE_WITH_KNOTS('',3,(#6836,#6837,#6838,#6839),
 .UNSPECIFIED.,.F.,.F.,(4,4),(0.758824750593758,0.781178459159582),
 .UNSPECIFIED.);
#34=B_SPLINE_CURVE_WITH_KNOTS('',3,(#6845,#6846,#6847,#6848),
 .UNSPECIFIED.,.F.,.F.,(4,4),(1.66576591224142,1.68985223535281),
 .UNSPECIFIED.);
#35=B_SPLINE_CURVE_WITH_KNOTS('',3,(#6890,#6891,#6892,#6893,#6894,#6895,
#6896,#6897),.UNSPECIFIED.,.F.,.F.,(4,2,2,4),(0.848488880332231,0.923590888214897,
1.08707976559241,1.11243553426073),.UNSPECIFIED.);
#36=B_SPLINE_CURVE_WITH_KNOTS('',3,(#6907,#6908,#6909,#6910,#6911,#6912,
#6913,#6914),.UNSPECIFIED.,.F.,.F.,(4,2,2,4),(0.870240359930852,0.897200081982716,
1.06036774455728,1.13394854935078),.UNSPECIFIED.);
#37=B_SPLINE_CURVE_WITH_KNOTS('',3,(#6917,#6918,#6919,#6920),
 .UNSPECIFIED.,.F.,.F.,(4,4),(0.758824750593759,0.781178459159579),
 .UNSPECIFIED.);
#38=B_SPLINE_CURVE_WITH_KNOTS('',3,(#6922,#6923,#6924,#6925),
 .UNSPECIFIED.,.F.,.F.,(4,4),(1.66576591224142,1.68985223535281),
 .UNSPECIFIED.);
#39=B_SPLINE_CURVE_WITH_KNOTS('',3,(#6944,#6945,#6946,#6947),
 .UNSPECIFIED.,.F.,.F.,(4,4),(1.66576591224142,1.68985223535281),
 .UNSPECIFIED.);
#40=B_SPLINE_CURVE_WITH_KNOTS('',3,(#6951,#6952,#6953,#6954,#6955,#6956,
#6957,#6958,#6959),.UNSPECIFIED.,.F.,.F.,(4,2,3,4),(-0.23859088526018,-0.163488877377512,
0.,0.025355768668317),.UNSPECIFIED.);
#41=B_SPLINE_CURVE_WITH_KNOTS('',3,(#6961,#6962,#6963,#6964),
 .UNSPECIFIED.,.F.,.F.,(4,4),(0.758824750593759,0.781178459159576),
 .UNSPECIFIED.);
#42=(
BOUNDED_CURVE()
B_SPLINE_CURVE(2,(#6317,#6318,#6319),.UNSPECIFIED.,.F.,.F.)
B_SPLINE_CURVE_WITH_KNOTS((3,3),(0.,0.152412986696158),.UNSPECIFIED.)
CURVE()
GEOMETRIC_REPRESENTATION_ITEM()
RATIONAL_B_SPLINE_CURVE((1.,1.00027978824243,1.00020197597994))
REPRESENTATION_ITEM('')
);
#43=(
BOUNDED_CURVE()
B_SPLINE_CURVE(2,(#6332,#6333,#6334),.UNSPECIFIED.,.F.,.F.)
B_SPLINE_CURVE_WITH_KNOTS((3,3),(0.0861175963699616,0.238410557079738),
 .UNSPECIFIED.)
CURVE()
GEOMETRIC_REPRESENTATION_ITEM()
RATIONAL_B_SPLINE_CURVE((1.00020180148462,1.00027933666519,1.))
REPRESENTATION_ITEM('')
);
#44=(
BOUNDED_CURVE()
B_SPLINE_CURVE(2,(#6341,#6342,#6343),.UNSPECIFIED.,.F.,.F.)
B_SPLINE_CURVE_WITH_KNOTS((3,3),(0.,0.64547871285236),.UNSPECIFIED.)
CURVE()
GEOMETRIC_REPRESENTATION_ITEM()
RATIONAL_B_SPLINE_CURVE((1.,1.01010917376189,1.00698146198152))
REPRESENTATION_ITEM('')
);
#45=(
BOUNDED_CURVE()
B_SPLINE_CURVE(2,(#6344,#6345,#6346),.UNSPECIFIED.,.F.,.F.)
B_SPLINE_CURVE_WITH_KNOTS((3,3),(0.137631839887139,0.214562037632394),
 .UNSPECIFIED.)
CURVE()
GEOMETRIC_REPRESENTATION_ITEM()
RATIONAL_B_SPLINE_CURVE((1.00013850263142,1.00010795978183,1.))
REPRESENTATION_ITEM('')
);
#46=(
BOUNDED_CURVE()
B_SPLINE_CURVE(2,(#6381,#6382,#6383),.UNSPECIFIED.,.F.,.F.)
B_SPLINE_CURVE_WITH_KNOTS((3,3),(0.,0.0768514047032063),.UNSPECIFIED.)
CURVE()
GEOMETRIC_REPRESENTATION_ITEM()
RATIONAL_B_SPLINE_CURVE((1.,1.00010777914416,1.00013833247199))
REPRESENTATION_ITEM('')
);
#47=(
BOUNDED_CURVE()
B_SPLINE_CURVE(2,(#6384,#6385,#6386),.UNSPECIFIED.,.F.,.F.)
B_SPLINE_CURVE_WITH_KNOTS((3,3),(0.338208885961422,0.985347945359484),
 .UNSPECIFIED.)
CURVE()
GEOMETRIC_REPRESENTATION_ITEM()
RATIONAL_B_SPLINE_CURVE((1.00695206719331,1.01012718087737,1.))
REPRESENTATION_ITEM('')
);
#48=(
BOUNDED_CURVE()
B_SPLINE_CURVE(2,(#6392,#6393,#6394),.UNSPECIFIED.,.F.,.F.)
B_SPLINE_CURVE_WITH_KNOTS((3,3),(0.,0.152412986696135),.UNSPECIFIED.)
CURVE()
GEOMETRIC_REPRESENTATION_ITEM()
RATIONAL_B_SPLINE_CURVE((1.,1.00027978824494,1.00020197598175))
REPRESENTATION_ITEM('')
);
#49=(
BOUNDED_CURVE()
B_SPLINE_CURVE(2,(#6406,#6407,#6408),.UNSPECIFIED.,.F.,.F.)
B_SPLINE_CURVE_WITH_KNOTS((3,3),(0.0861175963699954,0.238410557079738),
 .UNSPECIFIED.)
CURVE()
GEOMETRIC_REPRESENTATION_ITEM()
RATIONAL_B_SPLINE_CURVE((1.00020180148548,1.00027933666637,1.))
REPRESENTATION_ITEM('')
);
#50=(
BOUNDED_CURVE()
B_SPLINE_CURVE(2,(#6415,#6416,#6417),.UNSPECIFIED.,.F.,.F.)
B_SPLINE_CURVE_WITH_KNOTS((3,3),(0.,0.645478712852166),.UNSPECIFIED.)
CURVE()
GEOMETRIC_REPRESENTATION_ITEM()
RATIONAL_B_SPLINE_CURVE((1.,1.01010917376251,1.00698146198195))
REPRESENTATION_ITEM('')
);
#51=(
BOUNDED_CURVE()
B_SPLINE_CURVE(2,(#6418,#6419,#6420),.UNSPECIFIED.,.F.,.F.)
B_SPLINE_CURVE_WITH_KNOTS((3,3),(0.137631839888475,0.214562037632394),
 .UNSPECIFIED.)
CURVE()
GEOMETRIC_REPRESENTATION_ITEM()
RATIONAL_B_SPLINE_CURVE((1.00013850263108,1.00010795978157,1.))
REPRESENTATION_ITEM('')
);
#52=(
BOUNDED_CURVE()
B_SPLINE_CURVE(2,(#6455,#6456,#6457),.UNSPECIFIED.,.F.,.F.)
B_SPLINE_CURVE_WITH_KNOTS((3,3),(0.,0.0768514047083886),.UNSPECIFIED.)
CURVE()
GEOMETRIC_REPRESENTATION_ITEM()
RATIONAL_B_SPLINE_CURVE((1.,1.0001077791331,1.00013833245779))
REPRESENTATION_ITEM('')
);
#53=(
BOUNDED_CURVE()
B_SPLINE_CURVE(2,(#6458,#6459,#6460),.UNSPECIFIED.,.F.,.F.)
B_SPLINE_CURVE_WITH_KNOTS((3,3),(0.338208885961174,0.985347945359484),
 .UNSPECIFIED.)
CURVE()
GEOMETRIC_REPRESENTATION_ITEM()
RATIONAL_B_SPLINE_CURVE((1.00695206719307,1.01012718087703,1.))
REPRESENTATION_ITEM('')
);
#54=(
BOUNDED_CURVE()
B_SPLINE_CURVE(2,(#6466,#6467,#6468),.UNSPECIFIED.,.F.,.F.)
B_SPLINE_CURVE_WITH_KNOTS((3,3),(0.,0.15241298669613),.UNSPECIFIED.)
CURVE()
GEOMETRIC_REPRESENTATION_ITEM()
RATIONAL_B_SPLINE_CURVE((1.,1.0002797882446,1.0002019759815))
REPRESENTATION_ITEM('')
);
#55=(
BOUNDED_CURVE()
B_SPLINE_CURVE(2,(#6480,#6481,#6482),.UNSPECIFIED.,.F.,.F.)
B_SPLINE_CURVE_WITH_KNOTS((3,3),(0.0861175963700169,0.238410557079738),
 .UNSPECIFIED.)
CURVE()
GEOMETRIC_REPRESENTATION_ITEM()
RATIONAL_B_SPLINE_CURVE((1.00020180148496,1.00027933666566,1.))
REPRESENTATION_ITEM('')
);
#56=(
BOUNDED_CURVE()
B_SPLINE_CURVE(2,(#6489,#6490,#6491),.UNSPECIFIED.,.F.,.F.)
B_SPLINE_CURVE_WITH_KNOTS((3,3),(0.,0.645478712852005),.UNSPECIFIED.)
CURVE()
GEOMETRIC_REPRESENTATION_ITEM()
RATIONAL_B_SPLINE_CURVE((1.,1.01010917376254,1.00698146198197))
REPRESENTATION_ITEM('')
);
#57=(
BOUNDED_CURVE()
B_SPLINE_CURVE(2,(#6492,#6493,#6494),.UNSPECIFIED.,.F.,.F.)
B_SPLINE_CURVE_WITH_KNOTS((3,3),(0.137631839887438,0.214562037632394),
 .UNSPECIFIED.)
CURVE()
GEOMETRIC_REPRESENTATION_ITEM()
RATIONAL_B_SPLINE_CURVE((1.00013850263202,1.0001079597823,1.))
REPRESENTATION_ITEM('')
);
#58=(
BOUNDED_CURVE()
B_SPLINE_CURVE(2,(#6529,#6530,#6531),.UNSPECIFIED.,.F.,.F.)
B_SPLINE_CURVE_WITH_KNOTS((3,3),(0.,0.0768514047078714),.UNSPECIFIED.)
CURVE()
GEOMETRIC_REPRESENTATION_ITEM()
RATIONAL_B_SPLINE_CURVE((1.,1.00010777913561,1.00013833246102))
REPRESENTATION_ITEM('')
);
#59=(
BOUNDED_CURVE()
B_SPLINE_CURVE(2,(#6532,#6533,#6534),.UNSPECIFIED.,.F.,.F.)
B_SPLINE_CURVE_WITH_KNOTS((3,3),(0.338208885961397,0.985347945359484),
 .UNSPECIFIED.)
CURVE()
GEOMETRIC_REPRESENTATION_ITEM()
RATIONAL_B_SPLINE_CURVE((1.00695206719318,1.01012718087718,1.))
REPRESENTATION_ITEM('')
);
#60=(
BOUNDED_CURVE()
B_SPLINE_CURVE(2,(#6540,#6541,#6542),.UNSPECIFIED.,.F.,.F.)
B_SPLINE_CURVE_WITH_KNOTS((3,3),(0.,0.152412986696165),.UNSPECIFIED.)
CURVE()
GEOMETRIC_REPRESENTATION_ITEM()
RATIONAL_B_SPLINE_CURVE((1.,1.00027978824391,1.00020197598101))
REPRESENTATION_ITEM('')
);
#61=(
BOUNDED_CURVE()
B_SPLINE_CURVE(2,(#6554,#6555,#6556),.UNSPECIFIED.,.F.,.F.)
B_SPLINE_CURVE_WITH_KNOTS((3,3),(0.0861175963700969,0.238410557079738),
 .UNSPECIFIED.)
CURVE()
GEOMETRIC_REPRESENTATION_ITEM()
RATIONAL_B_SPLINE_CURVE((1.00020180148426,1.00027933666469,1.))
REPRESENTATION_ITEM('')
);
#62=(
BOUNDED_CURVE()
B_SPLINE_CURVE(2,(#6656,#6657,#6658),.UNSPECIFIED.,.F.,.F.)
B_SPLINE_CURVE_WITH_KNOTS((3,3),(0.859788185630634,1.60543526878135),
 .UNSPECIFIED.)
CURVE()
GEOMETRIC_REPRESENTATION_ITEM()
RATIONAL_B_SPLINE_CURVE((1.02357714981084,1.02605179630549,1.01508598727345))
REPRESENTATION_ITEM('')
);
#63=(
BOUNDED_CURVE()
B_SPLINE_CURVE(2,(#6722,#6723,#6724),.UNSPECIFIED.,.F.,.F.)
B_SPLINE_CURVE_WITH_KNOTS((3,3),(0.0861175963701021,0.238410557079738),
 .UNSPECIFIED.)
CURVE()
GEOMETRIC_REPRESENTATION_ITEM()
RATIONAL_B_SPLINE_CURVE((1.00020180148475,1.00027933666537,1.))
REPRESENTATION_ITEM('')
);
#64=(
BOUNDED_CURVE()
B_SPLINE_CURVE(2,(#6730,#6731,#6732),.UNSPECIFIED.,.F.,.F.)
B_SPLINE_CURVE_WITH_KNOTS((3,3),(0.,0.645478712852118),.UNSPECIFIED.)
CURVE()
GEOMETRIC_REPRESENTATION_ITEM()
RATIONAL_B_SPLINE_CURVE((1.,1.01010917376247,1.00698146198192))
REPRESENTATION_ITEM('')
);
#65=(
BOUNDED_CURVE()
B_SPLINE_CURVE(2,(#6733,#6734,#6735),.UNSPECIFIED.,.F.,.F.)
B_SPLINE_CURVE_WITH_KNOTS((3,3),(0.137631839887384,0.214562037632394),
 .UNSPECIFIED.)
CURVE()
GEOMETRIC_REPRESENTATION_ITEM()
RATIONAL_B_SPLINE_CURVE((1.00013850262481,1.00010795977668,1.))
REPRESENTATION_ITEM('')
);
#66=(
BOUNDED_CURVE()
B_SPLINE_CURVE(2,(#6771,#6772,#6773),.UNSPECIFIED.,.F.,.F.)
B_SPLINE_CURVE_WITH_KNOTS((3,3),(0.33820888596152,0.985347945359484),
 .UNSPECIFIED.)
CURVE()
GEOMETRIC_REPRESENTATION_ITEM()
RATIONAL_B_SPLINE_CURVE((1.00695206719343,1.01012718087754,1.))
REPRESENTATION_ITEM('')
);
#67=(
BOUNDED_CURVE()
B_SPLINE_CURVE(2,(#6782,#6783,#6784),.UNSPECIFIED.,.F.,.F.)
B_SPLINE_CURVE_WITH_KNOTS((3,3),(0.0861175963700047,0.238410557079738),
 .UNSPECIFIED.)
CURVE()
GEOMETRIC_REPRESENTATION_ITEM()
RATIONAL_B_SPLINE_CURVE((1.0002018014847,1.00027933666529,1.))
REPRESENTATION_ITEM('')
);
#68=(
BOUNDED_CURVE()
B_SPLINE_CURVE(2,(#6790,#6791,#6792),.UNSPECIFIED.,.F.,.F.)
B_SPLINE_CURVE_WITH_KNOTS((3,3),(0.,0.645478712852039),.UNSPECIFIED.)
CURVE()
GEOMETRIC_REPRESENTATION_ITEM()
RATIONAL_B_SPLINE_CURVE((1.,1.01010917376248,1.00698146198193))
REPRESENTATION_ITEM('')
);
#69=(
BOUNDED_CURVE()
B_SPLINE_CURVE(2,(#6793,#6794,#6795),.UNSPECIFIED.,.F.,.F.)
B_SPLINE_CURVE_WITH_KNOTS((3,3),(0.137631839884285,0.214562037632395),
 .UNSPECIFIED.)
CURVE()
GEOMETRIC_REPRESENTATION_ITEM()
RATIONAL_B_SPLINE_CURVE((1.00013850263175,1.00010795978209,1.))
REPRESENTATION_ITEM('')
);
#70=(
BOUNDED_CURVE()
B_SPLINE_CURVE(2,(#6800,#6801,#6802),.UNSPECIFIED.,.F.,.F.)
B_SPLINE_CURVE_WITH_KNOTS((3,3),(0.,0.15241298669618),.UNSPECIFIED.)
CURVE()
GEOMETRIC_REPRESENTATION_ITEM()
RATIONAL_B_SPLINE_CURVE((1.,1.00027978824354,1.00020197598074))
REPRESENTATION_ITEM('')
);
#71=(
BOUNDED_CURVE()
B_SPLINE_CURVE(2,(#6841,#6842,#6843),.UNSPECIFIED.,.F.,.F.)
B_SPLINE_CURVE_WITH_KNOTS((3,3),(0.338208885961187,0.985347945359484),
 .UNSPECIFIED.)
CURVE()
GEOMETRIC_REPRESENTATION_ITEM()
RATIONAL_B_SPLINE_CURVE((1.00695206719305,1.01012718087699,1.))
REPRESENTATION_ITEM('')
);
#72=(
BOUNDED_CURVE()
B_SPLINE_CURVE(2,(#6856,#6857,#6858),.UNSPECIFIED.,.F.,.F.)
B_SPLINE_CURVE_WITH_KNOTS((3,3),(0.0861175963701316,0.238410557079738),
 .UNSPECIFIED.)
CURVE()
GEOMETRIC_REPRESENTATION_ITEM()
RATIONAL_B_SPLINE_CURVE((1.00020180148476,1.00027933666537,1.))
REPRESENTATION_ITEM('')
);
#73=(
BOUNDED_CURVE()
B_SPLINE_CURVE(2,(#6864,#6865,#6866),.UNSPECIFIED.,.F.,.F.)
B_SPLINE_CURVE_WITH_KNOTS((3,3),(0.,0.645478712852143),.UNSPECIFIED.)
CURVE()
GEOMETRIC_REPRESENTATION_ITEM()
RATIONAL_B_SPLINE_CURVE((1.,1.0101091737624,1.00698146198187))
REPRESENTATION_ITEM('')
);
#74=(
BOUNDED_CURVE()
B_SPLINE_CURVE(2,(#6867,#6868,#6869),.UNSPECIFIED.,.F.,.F.)
B_SPLINE_CURVE_WITH_KNOTS((3,3),(0.137631839889405,0.214562037632395),
 .UNSPECIFIED.)
CURVE()
GEOMETRIC_REPRESENTATION_ITEM()
RATIONAL_B_SPLINE_CURVE((1.00013850262713,1.00010795977849,1.))
REPRESENTATION_ITEM('')
);
#75=(
BOUNDED_CURVE()
B_SPLINE_CURVE(2,(#6874,#6875,#6876),.UNSPECIFIED.,.F.,.F.)
B_SPLINE_CURVE_WITH_KNOTS((3,3),(0.,0.152412986696138),.UNSPECIFIED.)
CURVE()
GEOMETRIC_REPRESENTATION_ITEM()
RATIONAL_B_SPLINE_CURVE((1.,1.0002797882429,1.00020197598028))
REPRESENTATION_ITEM('')
);
#76=(
BOUNDED_CURVE()
B_SPLINE_CURVE(2,(#6880,#6881,#6882),.UNSPECIFIED.,.F.,.F.)
B_SPLINE_CURVE_WITH_KNOTS((3,3),(0.,0.0768514047081415),.UNSPECIFIED.)
CURVE()
GEOMETRIC_REPRESENTATION_ITEM()
RATIONAL_B_SPLINE_CURVE((1.,1.00010777913069,1.00013833245469))
REPRESENTATION_ITEM('')
);
#77=(
BOUNDED_CURVE()
B_SPLINE_CURVE(2,(#6884,#6885,#6886),.UNSPECIFIED.,.F.,.F.)
B_SPLINE_CURVE_WITH_KNOTS((3,3),(0.338208885961243,0.985347945359484),
 .UNSPECIFIED.)
CURVE()
GEOMETRIC_REPRESENTATION_ITEM()
RATIONAL_B_SPLINE_CURVE((1.00695206719316,1.01012718087716,1.))
REPRESENTATION_ITEM('')
);
#78=(
BOUNDED_CURVE()
B_SPLINE_CURVE(2,(#6929,#6930,#6931),.UNSPECIFIED.,.F.,.F.)
B_SPLINE_CURVE_WITH_KNOTS((3,3),(0.,0.0768514047059142),.UNSPECIFIED.)
CURVE()
GEOMETRIC_REPRESENTATION_ITEM()
RATIONAL_B_SPLINE_CURVE((1.,1.00010777913024,1.00013833245412))
REPRESENTATION_ITEM('')
);
#79=(
BOUNDED_CURVE()
B_SPLINE_CURVE(2,(#6936,#6937,#6938),.UNSPECIFIED.,.F.,.F.)
B_SPLINE_CURVE_WITH_KNOTS((3,3),(0.,0.0768514047061732),.UNSPECIFIED.)
CURVE()
GEOMETRIC_REPRESENTATION_ITEM()
RATIONAL_B_SPLINE_CURVE((1.,1.00010777912196,1.00013833244349))
REPRESENTATION_ITEM('')
);
#80=(
BOUNDED_CURVE()
B_SPLINE_CURVE(2,(#6966,#6967,#6968),.UNSPECIFIED.,.F.,.F.)
B_SPLINE_CURVE_WITH_KNOTS((3,3),(0.386160585588577,1.13370260311968),
 .UNSPECIFIED.)
CURVE()
GEOMETRIC_REPRESENTATION_ITEM()
RATIONAL_B_SPLINE_CURVE((1.01499927208129,1.02602888755055,1.02355251312935))
REPRESENTATION_ITEM('')
);
#81=(
BOUNDED_CURVE()
B_SPLINE_CURVE(2,(#6972,#6973,#6974),.UNSPECIFIED.,.F.,.F.)
B_SPLINE_CURVE_WITH_KNOTS((3,3),(0.5529094055333,0.627786650200689),
 .UNSPECIFIED.)
CURVE()
GEOMETRIC_REPRESENTATION_ITEM()
RATIONAL_B_SPLINE_CURVE((1.0038836881013,1.00386046121273,1.00375971776729))
REPRESENTATION_ITEM('')
);
#82=(
BOUNDED_CURVE()
B_SPLINE_CURVE(2,(#6976,#6977,#6978),.UNSPECIFIED.,.F.,.F.)
B_SPLINE_CURVE_WITH_KNOTS((3,3),(0.,0.152412986696167),.UNSPECIFIED.)
CURVE()
GEOMETRIC_REPRESENTATION_ITEM()
RATIONAL_B_SPLINE_CURVE((1.,1.0002797882424,1.00020197597992))
REPRESENTATION_ITEM('')
);
#83=(
BOUNDED_CURVE()
B_SPLINE_CURVE(2,(#6987,#6988,#6989),.UNSPECIFIED.,.F.,.F.)
B_SPLINE_CURVE_WITH_KNOTS((3,3),(0.433175830198235,0.508128583871592),
 .UNSPECIFIED.)
CURVE()
GEOMETRIC_REPRESENTATION_ITEM()
RATIONAL_B_SPLINE_CURVE((1.00376303252488,1.00386404124697,1.00388734132034))
REPRESENTATION_ITEM('')
);
#84=CYLINDRICAL_SURFACE('',#4103,0.02);
#85=CYLINDRICAL_SURFACE('',#4107,0.02);
#86=CYLINDRICAL_SURFACE('',#4111,0.02);
#87=CYLINDRICAL_SURFACE('',#4115,0.02);
#88=CYLINDRICAL_SURFACE('',#4120,0.125);
#89=CYLINDRICAL_SURFACE('',#4122,0.0196850393700788);
#90=CYLINDRICAL_SURFACE('',#4124,0.125);
#91=CYLINDRICAL_SURFACE('',#4127,0.125);
#92=CYLINDRICAL_SURFACE('',#4129,0.0196850393700787);
#93=CYLINDRICAL_SURFACE('',#4131,0.125);
#94=CYLINDRICAL_SURFACE('',#4134,0.125);
#95=CYLINDRICAL_SURFACE('',#4136,0.0196850393700787);
#96=CYLINDRICAL_SURFACE('',#4138,0.125);
#97=CYLINDRICAL_SURFACE('',#4141,0.125);
#98=CYLINDRICAL_SURFACE('',#4143,0.0196850393700787);
#99=CYLINDRICAL_SURFACE('',#4145,0.125);
#100=CYLINDRICAL_SURFACE('',#4148,0.125);
#101=CYLINDRICAL_SURFACE('',#4150,0.0196850393700787);
#102=CYLINDRICAL_SURFACE('',#4152,0.125);
#103=CYLINDRICAL_SURFACE('',#4155,0.125);
#104=CYLINDRICAL_SURFACE('',#4157,0.0196850393700787);
#105=CYLINDRICAL_SURFACE('',#4159,0.125);
#106=CYLINDRICAL_SURFACE('',#4161,0.125);
#107=CYLINDRICAL_SURFACE('',#4163,0.0196850393700788);
#108=CYLINDRICAL_SURFACE('',#4165,0.125);
#109=CYLINDRICAL_SURFACE('',#4168,0.125);
#110=CYLINDRICAL_SURFACE('',#4170,0.0196850393700787);
#111=CYLINDRICAL_SURFACE('',#4172,0.125);
#112=CYLINDRICAL_SURFACE('',#4175,0.125);
#113=CYLINDRICAL_SURFACE('',#4177,0.0196850393700787);
#114=CYLINDRICAL_SURFACE('',#4179,0.125);
#115=CYLINDRICAL_SURFACE('',#4182,0.125);
#116=CYLINDRICAL_SURFACE('',#4184,0.0196850393700787);
#117=CYLINDRICAL_SURFACE('',#4186,0.125);
#118=CYLINDRICAL_SURFACE('',#4189,0.125);
#119=CYLINDRICAL_SURFACE('',#4191,0.0196850393700787);
#120=CYLINDRICAL_SURFACE('',#4193,0.125);
#121=CYLINDRICAL_SURFACE('',#4196,0.125);
#122=CYLINDRICAL_SURFACE('',#4198,0.0196850393700787);
#123=CYLINDRICAL_SURFACE('',#4200,0.125);
#124=CYLINDRICAL_SURFACE('',#4202,0.125);
#125=CYLINDRICAL_SURFACE('',#4204,0.0196850393700788);
#126=CYLINDRICAL_SURFACE('',#4206,0.125);
#127=CYLINDRICAL_SURFACE('',#4209,0.125);
#128=CYLINDRICAL_SURFACE('',#4211,0.0196850393700787);
#129=CYLINDRICAL_SURFACE('',#4213,0.125);
#130=CYLINDRICAL_SURFACE('',#4216,0.125);
#131=CYLINDRICAL_SURFACE('',#4218,0.0196850393700787);
#132=CYLINDRICAL_SURFACE('',#4220,0.125);
#133=CYLINDRICAL_SURFACE('',#4223,0.125);
#134=CYLINDRICAL_SURFACE('',#4225,0.0196850393700787);
#135=CYLINDRICAL_SURFACE('',#4227,0.125);
#136=CYLINDRICAL_SURFACE('',#4230,0.125);
#137=CYLINDRICAL_SURFACE('',#4232,0.0196850393700787);
#138=CYLINDRICAL_SURFACE('',#4234,0.125);
#139=CYLINDRICAL_SURFACE('',#4237,0.125);
#140=CYLINDRICAL_SURFACE('',#4239,0.0196850393700787);
#141=CYLINDRICAL_SURFACE('',#4241,0.125);
#142=CYLINDRICAL_SURFACE('',#4252,0.125);
#143=CYLINDRICAL_SURFACE('',#4254,0.0196850393700788);
#144=CYLINDRICAL_SURFACE('',#4256,0.125);
#145=CYLINDRICAL_SURFACE('',#4259,0.125);
#146=CYLINDRICAL_SURFACE('',#4261,0.0196850393700787);
#147=CYLINDRICAL_SURFACE('',#4263,0.125);
#148=CYLINDRICAL_SURFACE('',#4266,0.125);
#149=CYLINDRICAL_SURFACE('',#4268,0.0196850393700787);
#150=CYLINDRICAL_SURFACE('',#4270,0.125);
#151=CYLINDRICAL_SURFACE('',#4273,0.125);
#152=CYLINDRICAL_SURFACE('',#4275,0.0196850393700787);
#153=CYLINDRICAL_SURFACE('',#4277,0.125);
#154=CYLINDRICAL_SURFACE('',#4280,0.125);
#155=CYLINDRICAL_SURFACE('',#4282,0.0196850393700787);
#156=CYLINDRICAL_SURFACE('',#4284,0.125);
#157=CYLINDRICAL_SURFACE('',#4287,0.125);
#158=CYLINDRICAL_SURFACE('',#4289,0.0196850393700787);
#159=CYLINDRICAL_SURFACE('',#4291,0.125);
#160=CYLINDRICAL_SURFACE('',#4297,1.26964247172458);
#161=CYLINDRICAL_SURFACE('',#4302,0.1);
#162=CYLINDRICAL_SURFACE('',#4306,0.1);
#163=CYLINDRICAL_SURFACE('',#4311,1.26964247172458);
#164=CYLINDRICAL_SURFACE('',#4316,0.1);
#165=CYLINDRICAL_SURFACE('',#4320,0.1);
#166=CYLINDRICAL_SURFACE('',#4325,1.26964247172458);
#167=CYLINDRICAL_SURFACE('',#4330,0.1);
#168=CYLINDRICAL_SURFACE('',#4334,0.1);
#169=CYLINDRICAL_SURFACE('',#4339,1.26964247172458);
#170=CYLINDRICAL_SURFACE('',#4343,0.086);
#171=CYLINDRICAL_SURFACE('',#4345,0.086);
#172=CYLINDRICAL_SURFACE('',#4347,0.086);
#173=CYLINDRICAL_SURFACE('',#4349,0.086);
#174=CYLINDRICAL_SURFACE('',#4387,0.1);
#175=CYLINDRICAL_SURFACE('',#4391,1.26964247172458);
#176=CYLINDRICAL_SURFACE('',#4400,0.1);
#177=CYLINDRICAL_SURFACE('',#4412,0.1);
#178=CYLINDRICAL_SURFACE('',#4414,0.1);
#179=CYLINDRICAL_SURFACE('',#4417,0.1);
#180=CYLINDRICAL_SURFACE('',#4419,0.1);
#181=CYLINDRICAL_SURFACE('',#4432,1.26964247172458);
#182=CYLINDRICAL_SURFACE('',#4433,1.26964247172458);
#183=CYLINDRICAL_SURFACE('',#4441,0.1);
#184=CYLINDRICAL_SURFACE('',#4443,0.1);
#185=FACE_BOUND('',#584,.T.);
#186=FACE_BOUND('',#585,.T.);
#187=FACE_BOUND('',#586,.T.);
#188=FACE_BOUND('',#587,.T.);
#189=FACE_BOUND('',#588,.T.);
#190=FACE_BOUND('',#598,.T.);
#191=FACE_BOUND('',#670,.T.);
#192=FACE_BOUND('',#673,.T.);
#193=FACE_BOUND('',#676,.T.);
#194=FACE_BOUND('',#701,.T.);
#195=FACE_BOUND('',#735,.T.);
#196=FACE_BOUND('',#736,.T.);
#197=FACE_BOUND('',#737,.T.);
#198=FACE_BOUND('',#738,.T.);
#199=FACE_BOUND('',#739,.T.);
#200=PLANE('',#4009);
#201=PLANE('',#4106);
#202=PLANE('',#4110);
#203=PLANE('',#4114);
#204=PLANE('',#4118);
#205=PLANE('',#4119);
#206=PLANE('',#4126);
#207=PLANE('',#4133);
#208=PLANE('',#4140);
#209=PLANE('',#4147);
#210=PLANE('',#4154);
#211=PLANE('',#4167);
#212=PLANE('',#4174);
#213=PLANE('',#4181);
#214=PLANE('',#4188);
#215=PLANE('',#4195);
#216=PLANE('',#4208);
#217=PLANE('',#4215);
#218=PLANE('',#4222);
#219=PLANE('',#4229);
#220=PLANE('',#4236);
#221=PLANE('',#4243);
#222=PLANE('',#4244);
#223=PLANE('',#4246);
#224=PLANE('',#4247);
#225=PLANE('',#4249);
#226=PLANE('',#4250);
#227=PLANE('',#4258);
#228=PLANE('',#4265);
#229=PLANE('',#4272);
#230=PLANE('',#4279);
#231=PLANE('',#4286);
#232=PLANE('',#4293);
#233=PLANE('',#4295);
#234=PLANE('',#4296);
#235=PLANE('',#4300);
#236=PLANE('',#4301);
#237=PLANE('',#4305);
#238=PLANE('',#4309);
#239=PLANE('',#4310);
#240=PLANE('',#4314);
#241=PLANE('',#4315);
#242=PLANE('',#4319);
#243=PLANE('',#4323);
#244=PLANE('',#4324);
#245=PLANE('',#4328);
#246=PLANE('',#4329);
#247=PLANE('',#4333);
#248=PLANE('',#4337);
#249=PLANE('',#4338);
#250=PLANE('',#4342);
#251=PLANE('',#4351);
#252=PLANE('',#4364);
#253=PLANE('',#4369);
#254=PLANE('',#4374);
#255=PLANE('',#4378);
#256=PLANE('',#4379);
#257=PLANE('',#4382);
#258=PLANE('',#4388);
#259=PLANE('',#4389);
#260=PLANE('',#4390);
#261=PLANE('',#4395);
#262=PLANE('',#4401);
#263=PLANE('',#4402);
#264=PLANE('',#4403);
#265=PLANE('',#4404);
#266=PLANE('',#4407);
#267=PLANE('',#4413);
#268=PLANE('',#4415);
#269=PLANE('',#4416);
#270=PLANE('',#4418);
#271=PLANE('',#4420);
#272=PLANE('',#4434);
#273=PLANE('',#4435);
#274=PLANE('',#4438);
#275=PLANE('',#4442);
#276=PLANE('',#4444);
#277=STYLED_ITEM('',(#7037),#3778);
#278=STYLED_ITEM('',(#7037),#3888);
#279=STYLED_ITEM('',(#7037),#3889);
#280=STYLED_ITEM('',(#7037),#3890);
#281=STYLED_ITEM('',(#7037),#3891);
#282=STYLED_ITEM('',(#7037),#3892);
#283=STYLED_ITEM('',(#7037),#3893);
#284=STYLED_ITEM('',(#7037),#3894);
#285=STYLED_ITEM('',(#7037),#3895);
#286=STYLED_ITEM('',(#7037),#3896);
#287=STYLED_ITEM('',(#7037),#3897);
#288=STYLED_ITEM('',(#7037),#3898);
#289=STYLED_ITEM('',(#7037),#3899);
#290=STYLED_ITEM('',(#7037),#3900);
#291=STYLED_ITEM('',(#7037),#3901);
#292=STYLED_ITEM('',(#7037),#3902);
#293=STYLED_ITEM('',(#7037),#3903);
#294=STYLED_ITEM('',(#7037),#3904);
#295=STYLED_ITEM('',(#7037),#3905);
#296=STYLED_ITEM('',(#7037),#3906);
#297=STYLED_ITEM('',(#7037),#3907);
#298=STYLED_ITEM('',(#7037),#3908);
#299=STYLED_ITEM('',(#7037),#3909);
#300=STYLED_ITEM('',(#7037),#3910);
#301=STYLED_ITEM('',(#7037),#3911);
#302=STYLED_ITEM('',(#7037),#3912);
#303=STYLED_ITEM('',(#7037),#3913);
#304=STYLED_ITEM('',(#7037),#3914);
#305=STYLED_ITEM('',(#7037),#3915);
#306=STYLED_ITEM('',(#7037),#3916);
#307=STYLED_ITEM('',(#7037),#3917);
#308=STYLED_ITEM('',(#7037),#3918);
#309=STYLED_ITEM('',(#7037),#3919);
#310=STYLED_ITEM('',(#7037),#3920);
#311=STYLED_ITEM('',(#7037),#3921);
#312=STYLED_ITEM('',(#7037),#3922);
#313=STYLED_ITEM('',(#7037),#3923);
#314=STYLED_ITEM('',(#7037),#3924);
#315=STYLED_ITEM('',(#7037),#3925);
#316=STYLED_ITEM('',(#7037),#3926);
#317=STYLED_ITEM('',(#7037),#3927);
#318=STYLED_ITEM('',(#7037),#3928);
#319=STYLED_ITEM('',(#7037),#3929);
#320=STYLED_ITEM('',(#7037),#3930);
#321=STYLED_ITEM('',(#7037),#3931);
#322=STYLED_ITEM('',(#7037),#3932);
#323=STYLED_ITEM('',(#7037),#3933);
#324=STYLED_ITEM('',(#7037),#3934);
#325=STYLED_ITEM('',(#7037),#3935);
#326=STYLED_ITEM('',(#7037),#3936);
#327=STYLED_ITEM('',(#7037),#3937);
#328=STYLED_ITEM('',(#7037),#3938);
#329=STYLED_ITEM('',(#7037),#3939);
#330=STYLED_ITEM('',(#7037),#3940);
#331=STYLED_ITEM('',(#7037),#3941);
#332=STYLED_ITEM('',(#7037),#3942);
#333=STYLED_ITEM('',(#7037),#3943);
#334=STYLED_ITEM('',(#7037),#3944);
#335=STYLED_ITEM('',(#7037),#3945);
#336=STYLED_ITEM('',(#7037),#3946);
#337=STYLED_ITEM('',(#7037),#3947);
#338=STYLED_ITEM('',(#7037),#3948);
#339=STYLED_ITEM('',(#7037),#3949);
#340=STYLED_ITEM('',(#7037),#3950);
#341=STYLED_ITEM('',(#7037),#3951);
#342=STYLED_ITEM('',(#7037),#3952);
#343=STYLED_ITEM('',(#7037),#3953);
#344=STYLED_ITEM('',(#7037),#3954);
#345=STYLED_ITEM('',(#7037),#3955);
#346=STYLED_ITEM('',(#7037),#3956);
#347=STYLED_ITEM('',(#7037),#3957);
#348=STYLED_ITEM('',(#7037),#3958);
#349=STYLED_ITEM('',(#7037),#3959);
#350=STYLED_ITEM('',(#7037),#3960);
#351=STYLED_ITEM('',(#7037),#3961);
#352=STYLED_ITEM('',(#7037),#3962);
#353=STYLED_ITEM('',(#7037),#3963);
#354=STYLED_ITEM('',(#7037),#3964);
#355=STYLED_ITEM('',(#7037),#3965);
#356=STYLED_ITEM('',(#7037),#3966);
#357=STYLED_ITEM('',(#7037),#3967);
#358=STYLED_ITEM('',(#7037),#3968);
#359=STYLED_ITEM('',(#7037),#3969);
#360=STYLED_ITEM('',(#7037),#3970);
#361=STYLED_ITEM('',(#7037),#3971);
#362=STYLED_ITEM('',(#7037),#3972);
#363=STYLED_ITEM('',(#7037),#3973);
#364=STYLED_ITEM('',(#7037),#3974);
#365=STYLED_ITEM('',(#7037),#3975);
#366=STYLED_ITEM('',(#7037),#3976);
#367=STYLED_ITEM('',(#7037),#3977);
#368=STYLED_ITEM('',(#7037),#3978);
#369=STYLED_ITEM('',(#7037),#3979);
#370=STYLED_ITEM('',(#7037),#3980);
#371=STYLED_ITEM('',(#7037),#3981);
#372=STYLED_ITEM('',(#7037),#3982);
#373=STYLED_ITEM('',(#7037),#3983);
#374=STYLED_ITEM('',(#7037),#13);
#375=FACE_OUTER_BOUND('',#582,.T.);
#376=FACE_OUTER_BOUND('',#583,.T.);
#377=FACE_OUTER_BOUND('',#589,.T.);
#378=FACE_OUTER_BOUND('',#590,.T.);
#379=FACE_OUTER_BOUND('',#591,.T.);
#380=FACE_OUTER_BOUND('',#592,.T.);
#381=FACE_OUTER_BOUND('',#593,.T.);
#382=FACE_OUTER_BOUND('',#594,.T.);
#383=FACE_OUTER_BOUND('',#595,.T.);
#384=FACE_OUTER_BOUND('',#596,.T.);
#385=FACE_OUTER_BOUND('',#597,.T.);
#386=FACE_OUTER_BOUND('',#599,.T.);
#387=FACE_OUTER_BOUND('',#600,.T.);
#388=FACE_OUTER_BOUND('',#601,.T.);
#389=FACE_OUTER_BOUND('',#602,.T.);
#390=FACE_OUTER_BOUND('',#603,.T.);
#391=FACE_OUTER_BOUND('',#604,.T.);
#392=FACE_OUTER_BOUND('',#605,.T.);
#393=FACE_OUTER_BOUND('',#606,.T.);
#394=FACE_OUTER_BOUND('',#607,.T.);
#395=FACE_OUTER_BOUND('',#608,.T.);
#396=FACE_OUTER_BOUND('',#609,.T.);
#397=FACE_OUTER_BOUND('',#610,.T.);
#398=FACE_OUTER_BOUND('',#611,.T.);
#399=FACE_OUTER_BOUND('',#612,.T.);
#400=FACE_OUTER_BOUND('',#613,.T.);
#401=FACE_OUTER_BOUND('',#614,.T.);
#402=FACE_OUTER_BOUND('',#615,.T.);
#403=FACE_OUTER_BOUND('',#616,.T.);
#404=FACE_OUTER_BOUND('',#617,.T.);
#405=FACE_OUTER_BOUND('',#618,.T.);
#406=FACE_OUTER_BOUND('',#619,.T.);
#407=FACE_OUTER_BOUND('',#620,.T.);
#408=FACE_OUTER_BOUND('',#621,.T.);
#409=FACE_OUTER_BOUND('',#622,.T.);
#410=FACE_OUTER_BOUND('',#623,.T.);
#411=FACE_OUTER_BOUND('',#624,.T.);
#412=FACE_OUTER_BOUND('',#625,.T.);
#413=FACE_OUTER_BOUND('',#626,.T.);
#414=FACE_OUTER_BOUND('',#627,.T.);
#415=FACE_OUTER_BOUND('',#628,.T.);
#416=FACE_OUTER_BOUND('',#629,.T.);
#417=FACE_OUTER_BOUND('',#630,.T.);
#418=FACE_OUTER_BOUND('',#631,.T.);
#419=FACE_OUTER_BOUND('',#632,.T.);
#420=FACE_OUTER_BOUND('',#633,.T.);
#421=FACE_OUTER_BOUND('',#634,.T.);
#422=FACE_OUTER_BOUND('',#635,.T.);
#423=FACE_OUTER_BOUND('',#636,.T.);
#424=FACE_OUTER_BOUND('',#637,.T.);
#425=FACE_OUTER_BOUND('',#638,.T.);
#426=FACE_OUTER_BOUND('',#639,.T.);
#427=FACE_OUTER_BOUND('',#640,.T.);
#428=FACE_OUTER_BOUND('',#641,.T.);
#429=FACE_OUTER_BOUND('',#642,.T.);
#430=FACE_OUTER_BOUND('',#643,.T.);
#431=FACE_OUTER_BOUND('',#644,.T.);
#432=FACE_OUTER_BOUND('',#645,.T.);
#433=FACE_OUTER_BOUND('',#646,.T.);
#434=FACE_OUTER_BOUND('',#647,.T.);
#435=FACE_OUTER_BOUND('',#648,.T.);
#436=FACE_OUTER_BOUND('',#649,.T.);
#437=FACE_OUTER_BOUND('',#650,.T.);
#438=FACE_OUTER_BOUND('',#651,.T.);
#439=FACE_OUTER_BOUND('',#652,.T.);
#440=FACE_OUTER_BOUND('',#653,.T.);
#441=FACE_OUTER_BOUND('',#654,.T.);
#442=FACE_OUTER_BOUND('',#655,.T.);
#443=FACE_OUTER_BOUND('',#656,.T.);
#444=FACE_OUTER_BOUND('',#657,.T.);
#445=FACE_OUTER_BOUND('',#658,.T.);
#446=FACE_OUTER_BOUND('',#659,.T.);
#447=FACE_OUTER_BOUND('',#660,.T.);
#448=FACE_OUTER_BOUND('',#661,.T.);
#449=FACE_OUTER_BOUND('',#662,.T.);
#450=FACE_OUTER_BOUND('',#663,.T.);
#451=FACE_OUTER_BOUND('',#664,.T.);
#452=FACE_OUTER_BOUND('',#665,.T.);
#453=FACE_OUTER_BOUND('',#666,.T.);
#454=FACE_OUTER_BOUND('',#667,.T.);
#455=FACE_OUTER_BOUND('',#668,.T.);
#456=FACE_OUTER_BOUND('',#669,.T.);
#457=FACE_OUTER_BOUND('',#671,.T.);
#458=FACE_OUTER_BOUND('',#672,.T.);
#459=FACE_OUTER_BOUND('',#674,.T.);
#460=FACE_OUTER_BOUND('',#675,.T.);
#461=FACE_OUTER_BOUND('',#677,.T.);
#462=FACE_OUTER_BOUND('',#678,.T.);
#463=FACE_OUTER_BOUND('',#679,.T.);
#464=FACE_OUTER_BOUND('',#680,.T.);
#465=FACE_OUTER_BOUND('',#681,.T.);
#466=FACE_OUTER_BOUND('',#682,.T.);
#467=FACE_OUTER_BOUND('',#683,.T.);
#468=FACE_OUTER_BOUND('',#684,.T.);
#469=FACE_OUTER_BOUND('',#685,.T.);
#470=FACE_OUTER_BOUND('',#686,.T.);
#471=FACE_OUTER_BOUND('',#687,.T.);
#472=FACE_OUTER_BOUND('',#688,.T.);
#473=FACE_OUTER_BOUND('',#689,.T.);
#474=FACE_OUTER_BOUND('',#690,.T.);
#475=FACE_OUTER_BOUND('',#691,.T.);
#476=FACE_OUTER_BOUND('',#692,.T.);
#477=FACE_OUTER_BOUND('',#693,.T.);
#478=FACE_OUTER_BOUND('',#694,.T.);
#479=FACE_OUTER_BOUND('',#695,.T.);
#480=FACE_OUTER_BOUND('',#696,.T.);
#481=FACE_OUTER_BOUND('',#697,.T.);
#482=FACE_OUTER_BOUND('',#698,.T.);
#483=FACE_OUTER_BOUND('',#699,.T.);
#484=FACE_OUTER_BOUND('',#700,.T.);
#485=FACE_OUTER_BOUND('',#702,.T.);
#486=FACE_OUTER_BOUND('',#703,.T.);
#487=FACE_OUTER_BOUND('',#704,.T.);
#488=FACE_OUTER_BOUND('',#705,.T.);
#489=FACE_OUTER_BOUND('',#706,.T.);
#490=FACE_OUTER_BOUND('',#707,.T.);
#491=FACE_OUTER_BOUND('',#708,.T.);
#492=FACE_OUTER_BOUND('',#709,.T.);
#493=FACE_OUTER_BOUND('',#710,.T.);
#494=FACE_OUTER_BOUND('',#711,.T.);
#495=FACE_OUTER_BOUND('',#712,.T.);
#496=FACE_OUTER_BOUND('',#713,.T.);
#497=FACE_OUTER_BOUND('',#714,.T.);
#498=FACE_OUTER_BOUND('',#715,.T.);
#499=FACE_OUTER_BOUND('',#716,.T.);
#500=FACE_OUTER_BOUND('',#717,.T.);
#501=FACE_OUTER_BOUND('',#718,.T.);
#502=FACE_OUTER_BOUND('',#719,.T.);
#503=FACE_OUTER_BOUND('',#720,.T.);
#504=FACE_OUTER_BOUND('',#721,.T.);
#505=FACE_OUTER_BOUND('',#722,.T.);
#506=FACE_OUTER_BOUND('',#723,.T.);
#507=FACE_OUTER_BOUND('',#724,.T.);
#508=FACE_OUTER_BOUND('',#725,.T.);
#509=FACE_OUTER_BOUND('',#726,.T.);
#510=FACE_OUTER_BOUND('',#727,.T.);
#511=FACE_OUTER_BOUND('',#728,.T.);
#512=FACE_OUTER_BOUND('',#729,.T.);
#513=FACE_OUTER_BOUND('',#730,.T.);
#514=FACE_OUTER_BOUND('',#731,.T.);
#515=FACE_OUTER_BOUND('',#732,.T.);
#516=FACE_OUTER_BOUND('',#733,.T.);
#517=FACE_OUTER_BOUND('',#734,.T.);
#518=FACE_OUTER_BOUND('',#740,.T.);
#519=FACE_OUTER_BOUND('',#741,.T.);
#520=FACE_OUTER_BOUND('',#742,.T.);
#521=FACE_OUTER_BOUND('',#743,.T.);
#522=FACE_OUTER_BOUND('',#744,.T.);
#523=FACE_OUTER_BOUND('',#745,.T.);
#524=FACE_OUTER_BOUND('',#746,.T.);
#525=FACE_OUTER_BOUND('',#747,.T.);
#526=FACE_OUTER_BOUND('',#748,.T.);
#527=FACE_OUTER_BOUND('',#749,.T.);
#528=FACE_OUTER_BOUND('',#750,.T.);
#529=FACE_OUTER_BOUND('',#751,.T.);
#530=FACE_OUTER_BOUND('',#752,.T.);
#531=FACE_OUTER_BOUND('',#753,.T.);
#532=FACE_OUTER_BOUND('',#754,.T.);
#533=FACE_OUTER_BOUND('',#755,.T.);
#534=FACE_OUTER_BOUND('',#756,.T.);
#535=FACE_OUTER_BOUND('',#757,.T.);
#536=FACE_OUTER_BOUND('',#758,.T.);
#537=FACE_OUTER_BOUND('',#759,.T.);
#538=FACE_OUTER_BOUND('',#760,.T.);
#539=FACE_OUTER_BOUND('',#761,.T.);
#540=FACE_OUTER_BOUND('',#762,.T.);
#541=FACE_OUTER_BOUND('',#763,.T.);
#542=FACE_OUTER_BOUND('',#764,.T.);
#543=FACE_OUTER_BOUND('',#765,.T.);
#544=FACE_OUTER_BOUND('',#766,.T.);
#545=FACE_OUTER_BOUND('',#767,.T.);
#546=FACE_OUTER_BOUND('',#768,.T.);
#547=FACE_OUTER_BOUND('',#769,.T.);
#548=FACE_OUTER_BOUND('',#770,.T.);
#549=FACE_OUTER_BOUND('',#771,.T.);
#550=FACE_OUTER_BOUND('',#772,.T.);
#551=FACE_OUTER_BOUND('',#773,.T.);
#552=FACE_OUTER_BOUND('',#774,.T.);
#553=FACE_OUTER_BOUND('',#775,.T.);
#554=FACE_OUTER_BOUND('',#776,.T.);
#555=FACE_OUTER_BOUND('',#777,.T.);
#556=FACE_OUTER_BOUND('',#778,.T.);
#557=FACE_OUTER_BOUND('',#779,.T.);
#558=FACE_OUTER_BOUND('',#780,.T.);
#559=FACE_OUTER_BOUND('',#781,.T.);
#560=FACE_OUTER_BOUND('',#782,.T.);
#561=FACE_OUTER_BOUND('',#783,.T.);
#562=FACE_OUTER_BOUND('',#784,.T.);
#563=FACE_OUTER_BOUND('',#785,.T.);
#564=FACE_OUTER_BOUND('',#786,.T.);
#565=FACE_OUTER_BOUND('',#787,.T.);
#566=FACE_OUTER_BOUND('',#788,.T.);
#567=FACE_OUTER_BOUND('',#789,.T.);
#568=FACE_OUTER_BOUND('',#790,.T.);
#569=FACE_OUTER_BOUND('',#791,.T.);
#570=FACE_OUTER_BOUND('',#792,.T.);
#571=FACE_OUTER_BOUND('',#793,.T.);
#572=FACE_OUTER_BOUND('',#794,.T.);
#573=FACE_OUTER_BOUND('',#795,.T.);
#574=FACE_OUTER_BOUND('',#796,.T.);
#575=FACE_OUTER_BOUND('',#797,.T.);
#576=FACE_OUTER_BOUND('',#798,.T.);
#577=FACE_OUTER_BOUND('',#799,.T.);
#578=FACE_OUTER_BOUND('',#800,.T.);
#579=FACE_OUTER_BOUND('',#801,.T.);
#580=FACE_OUTER_BOUND('',#802,.T.);
#581=FACE_OUTER_BOUND('',#803,.T.);
#582=EDGE_LOOP('',(#2576,#2577,#2578,#2579));
#583=EDGE_LOOP('',(#2580,#2581,#2582,#2583,#2584,#2585,#2586,#2587,#2588,
#2589,#2590,#2591,#2592,#2593,#2594,#2595,#2596,#2597,#2598,#2599,#2600,
#2601,#2602,#2603,#2604,#2605,#2606,#2607));
#584=EDGE_LOOP('',(#2608,#2609,#2610,#2611,#2612,#2613,#2614,#2615,#2616,
#2617,#2618,#2619,#2620,#2621,#2622,#2623,#2624,#2625,#2626,#2627,#2628,
#2629,#2630,#2631));
#585=EDGE_LOOP('',(#2632,#2633,#2634,#2635,#2636,#2637,#2638,#2639,#2640,
#2641,#2642,#2643,#2644,#2645,#2646,#2647,#2648,#2649,#2650,#2651,#2652,
#2653,#2654,#2655));
#586=EDGE_LOOP('',(#2656,#2657,#2658,#2659,#2660,#2661,#2662,#2663,#2664,
#2665,#2666,#2667,#2668,#2669,#2670,#2671,#2672,#2673,#2674,#2675,#2676,
#2677,#2678,#2679));
#587=EDGE_LOOP('',(#2680,#2681,#2682,#2683,#2684,#2685,#2686,#2687,#2688,
#2689,#2690,#2691,#2692,#2693,#2694,#2695,#2696,#2697,#2698,#2699,#2700,
#2701,#2702,#2703));
#588=EDGE_LOOP('',(#2704));
#589=EDGE_LOOP('',(#2705,#2706,#2707,#2708));
#590=EDGE_LOOP('',(#2709,#2710,#2711,#2712));
#591=EDGE_LOOP('',(#2713,#2714,#2715,#2716));
#592=EDGE_LOOP('',(#2717,#2718,#2719,#2720));
#593=EDGE_LOOP('',(#2721,#2722,#2723,#2724));
#594=EDGE_LOOP('',(#2725,#2726,#2727,#2728));
#595=EDGE_LOOP('',(#2729,#2730,#2731,#2732));
#596=EDGE_LOOP('',(#2733,#2734,#2735,#2736));
#597=EDGE_LOOP('',(#2737));
#598=EDGE_LOOP('',(#2738,#2739,#2740,#2741,#2742,#2743,#2744,#2745));
#599=EDGE_LOOP('',(#2746,#2747,#2748,#2749));
#600=EDGE_LOOP('',(#2750,#2751,#2752,#2753));
#601=EDGE_LOOP('',(#2754,#2755,#2756,#2757));
#602=EDGE_LOOP('',(#2758,#2759,#2760,#2761));
#603=EDGE_LOOP('',(#2762,#2763,#2764,#2765));
#604=EDGE_LOOP('',(#2766,#2767,#2768,#2769));
#605=EDGE_LOOP('',(#2770,#2771,#2772,#2773));
#606=EDGE_LOOP('',(#2774,#2775,#2776,#2777));
#607=EDGE_LOOP('',(#2778,#2779,#2780,#2781));
#608=EDGE_LOOP('',(#2782,#2783,#2784,#2785));
#609=EDGE_LOOP('',(#2786,#2787,#2788,#2789));
#610=EDGE_LOOP('',(#2790,#2791,#2792,#2793));
#611=EDGE_LOOP('',(#2794,#2795,#2796,#2797));
#612=EDGE_LOOP('',(#2798,#2799,#2800,#2801));
#613=EDGE_LOOP('',(#2802,#2803,#2804,#2805));
#614=EDGE_LOOP('',(#2806,#2807,#2808,#2809));
#615=EDGE_LOOP('',(#2810,#2811,#2812,#2813));
#616=EDGE_LOOP('',(#2814,#2815,#2816,#2817));
#617=EDGE_LOOP('',(#2818,#2819,#2820,#2821));
#618=EDGE_LOOP('',(#2822,#2823,#2824,#2825));
#619=EDGE_LOOP('',(#2826,#2827,#2828,#2829));
#620=EDGE_LOOP('',(#2830,#2831,#2832,#2833));
#621=EDGE_LOOP('',(#2834,#2835,#2836,#2837));
#622=EDGE_LOOP('',(#2838,#2839,#2840,#2841));
#623=EDGE_LOOP('',(#2842,#2843,#2844,#2845));
#624=EDGE_LOOP('',(#2846,#2847,#2848,#2849));
#625=EDGE_LOOP('',(#2850,#2851,#2852,#2853));
#626=EDGE_LOOP('',(#2854,#2855,#2856,#2857));
#627=EDGE_LOOP('',(#2858,#2859,#2860,#2861));
#628=EDGE_LOOP('',(#2862,#2863,#2864,#2865));
#629=EDGE_LOOP('',(#2866,#2867,#2868,#2869));
#630=EDGE_LOOP('',(#2870,#2871,#2872,#2873));
#631=EDGE_LOOP('',(#2874,#2875,#2876,#2877));
#632=EDGE_LOOP('',(#2878,#2879,#2880,#2881));
#633=EDGE_LOOP('',(#2882,#2883,#2884,#2885));
#634=EDGE_LOOP('',(#2886,#2887,#2888,#2889));
#635=EDGE_LOOP('',(#2890,#2891,#2892,#2893));
#636=EDGE_LOOP('',(#2894,#2895,#2896,#2897));
#637=EDGE_LOOP('',(#2898,#2899,#2900,#2901));
#638=EDGE_LOOP('',(#2902,#2903,#2904,#2905));
#639=EDGE_LOOP('',(#2906,#2907,#2908,#2909));
#640=EDGE_LOOP('',(#2910,#2911,#2912,#2913));
#641=EDGE_LOOP('',(#2914,#2915,#2916,#2917));
#642=EDGE_LOOP('',(#2918,#2919,#2920,#2921));
#643=EDGE_LOOP('',(#2922,#2923,#2924,#2925));
#644=EDGE_LOOP('',(#2926,#2927,#2928,#2929));
#645=EDGE_LOOP('',(#2930,#2931,#2932,#2933));
#646=EDGE_LOOP('',(#2934,#2935,#2936,#2937));
#647=EDGE_LOOP('',(#2938,#2939,#2940,#2941));
#648=EDGE_LOOP('',(#2942,#2943,#2944,#2945));
#649=EDGE_LOOP('',(#2946,#2947,#2948,#2949));
#650=EDGE_LOOP('',(#2950,#2951,#2952,#2953));
#651=EDGE_LOOP('',(#2954,#2955,#2956,#2957));
#652=EDGE_LOOP('',(#2958,#2959,#2960,#2961));
#653=EDGE_LOOP('',(#2962,#2963,#2964,#2965));
#654=EDGE_LOOP('',(#2966,#2967,#2968,#2969));
#655=EDGE_LOOP('',(#2970,#2971,#2972,#2973));
#656=EDGE_LOOP('',(#2974,#2975,#2976,#2977));
#657=EDGE_LOOP('',(#2978,#2979,#2980,#2981));
#658=EDGE_LOOP('',(#2982,#2983,#2984,#2985));
#659=EDGE_LOOP('',(#2986,#2987,#2988,#2989));
#660=EDGE_LOOP('',(#2990,#2991,#2992,#2993));
#661=EDGE_LOOP('',(#2994,#2995,#2996,#2997));
#662=EDGE_LOOP('',(#2998,#2999,#3000,#3001));
#663=EDGE_LOOP('',(#3002,#3003,#3004,#3005));
#664=EDGE_LOOP('',(#3006,#3007,#3008,#3009));
#665=EDGE_LOOP('',(#3010,#3011,#3012,#3013));
#666=EDGE_LOOP('',(#3014,#3015,#3016,#3017));
#667=EDGE_LOOP('',(#3018,#3019,#3020,#3021));
#668=EDGE_LOOP('',(#3022,#3023,#3024,#3025));
#669=EDGE_LOOP('',(#3026,#3027,#3028,#3029,#3030,#3031,#3032,#3033,#3034,
#3035,#3036,#3037,#3038,#3039,#3040,#3041,#3042,#3043,#3044,#3045,#3046,
#3047,#3048,#3049));
#670=EDGE_LOOP('',(#3050));
#671=EDGE_LOOP('',(#3051,#3052,#3053,#3054));
#672=EDGE_LOOP('',(#3055,#3056,#3057,#3058,#3059,#3060,#3061,#3062,#3063,
#3064,#3065,#3066,#3067,#3068,#3069,#3070,#3071,#3072,#3073,#3074,#3075,
#3076,#3077,#3078));
#673=EDGE_LOOP('',(#3079));
#674=EDGE_LOOP('',(#3080,#3081,#3082,#3083));
#675=EDGE_LOOP('',(#3084,#3085,#3086,#3087,#3088,#3089,#3090,#3091,#3092,
#3093,#3094,#3095,#3096,#3097,#3098,#3099,#3100,#3101,#3102,#3103,#3104,
#3105,#3106,#3107));
#676=EDGE_LOOP('',(#3108));
#677=EDGE_LOOP('',(#3109,#3110,#3111,#3112));
#678=EDGE_LOOP('',(#3113,#3114,#3115,#3116));
#679=EDGE_LOOP('',(#3117,#3118,#3119,#3120));
#680=EDGE_LOOP('',(#3121,#3122,#3123,#3124));
#681=EDGE_LOOP('',(#3125,#3126,#3127,#3128));
#682=EDGE_LOOP('',(#3129,#3130,#3131,#3132));
#683=EDGE_LOOP('',(#3133,#3134,#3135,#3136));
#684=EDGE_LOOP('',(#3137,#3138,#3139,#3140));
#685=EDGE_LOOP('',(#3141,#3142,#3143,#3144));
#686=EDGE_LOOP('',(#3145,#3146,#3147,#3148));
#687=EDGE_LOOP('',(#3149,#3150,#3151,#3152));
#688=EDGE_LOOP('',(#3153,#3154,#3155,#3156));
#689=EDGE_LOOP('',(#3157,#3158,#3159,#3160));
#690=EDGE_LOOP('',(#3161,#3162,#3163,#3164));
#691=EDGE_LOOP('',(#3165,#3166,#3167,#3168));
#692=EDGE_LOOP('',(#3169,#3170,#3171,#3172));
#693=EDGE_LOOP('',(#3173,#3174,#3175,#3176));
#694=EDGE_LOOP('',(#3177,#3178,#3179,#3180));
#695=EDGE_LOOP('',(#3181,#3182,#3183,#3184));
#696=EDGE_LOOP('',(#3185,#3186,#3187,#3188));
#697=EDGE_LOOP('',(#3189,#3190,#3191,#3192));
#698=EDGE_LOOP('',(#3193,#3194,#3195,#3196));
#699=EDGE_LOOP('',(#3197,#3198,#3199,#3200));
#700=EDGE_LOOP('',(#3201,#3202,#3203,#3204,#3205,#3206,#3207,#3208,#3209,
#3210,#3211,#3212,#3213,#3214,#3215,#3216,#3217,#3218,#3219,#3220,#3221,
#3222,#3223,#3224));
#701=EDGE_LOOP('',(#3225));
#702=EDGE_LOOP('',(#3226,#3227,#3228,#3229));
#703=EDGE_LOOP('',(#3230,#3231,#3232,#3233));
#704=EDGE_LOOP('',(#3234,#3235,#3236,#3237));
#705=EDGE_LOOP('',(#3238,#3239,#3240,#3241));
#706=EDGE_LOOP('',(#3242,#3243,#3244,#3245,#3246));
#707=EDGE_LOOP('',(#3247,#3248,#3249,#3250,#3251));
#708=EDGE_LOOP('',(#3252,#3253,#3254,#3255));
#709=EDGE_LOOP('',(#3256,#3257,#3258,#3259,#3260));
#710=EDGE_LOOP('',(#3261,#3262,#3263,#3264,#3265));
#711=EDGE_LOOP('',(#3266,#3267,#3268,#3269));
#712=EDGE_LOOP('',(#3270,#3271,#3272,#3273));
#713=EDGE_LOOP('',(#3274,#3275,#3276,#3277));
#714=EDGE_LOOP('',(#3278,#3279,#3280,#3281,#3282));
#715=EDGE_LOOP('',(#3283,#3284,#3285,#3286,#3287));
#716=EDGE_LOOP('',(#3288,#3289,#3290,#3291));
#717=EDGE_LOOP('',(#3292,#3293,#3294,#3295,#3296));
#718=EDGE_LOOP('',(#3297,#3298,#3299,#3300,#3301));
#719=EDGE_LOOP('',(#3302,#3303,#3304,#3305));
#720=EDGE_LOOP('',(#3306,#3307,#3308,#3309));
#721=EDGE_LOOP('',(#3310,#3311,#3312,#3313));
#722=EDGE_LOOP('',(#3314,#3315,#3316,#3317,#3318));
#723=EDGE_LOOP('',(#3319,#3320,#3321,#3322,#3323));
#724=EDGE_LOOP('',(#3324,#3325,#3326,#3327));
#725=EDGE_LOOP('',(#3328,#3329,#3330,#3331,#3332));
#726=EDGE_LOOP('',(#3333,#3334,#3335,#3336,#3337));
#727=EDGE_LOOP('',(#3338,#3339,#3340,#3341));
#728=EDGE_LOOP('',(#3342,#3343,#3344,#3345));
#729=EDGE_LOOP('',(#3346,#3347,#3348,#3349));
#730=EDGE_LOOP('',(#3350,#3351,#3352,#3353));
#731=EDGE_LOOP('',(#3354,#3355,#3356,#3357));
#732=EDGE_LOOP('',(#3358,#3359,#3360,#3361));
#733=EDGE_LOOP('',(#3362,#3363,#3364,#3365));
#734=EDGE_LOOP('',(#3366,#3367,#3368,#3369,#3370,#3371,#3372,#3373,#3374,
#3375,#3376,#3377,#3378,#3379,#3380,#3381,#3382,#3383,#3384,#3385,#3386,
#3387,#3388,#3389,#3390,#3391,#3392,#3393,#3394,#3395,#3396,#3397,#3398,
#3399,#3400,#3401,#3402,#3403,#3404,#3405,#3406,#3407,#3408,#3409,#3410,
#3411,#3412,#3413,#3414,#3415,#3416,#3417,#3418,#3419,#3420,#3421));
#735=EDGE_LOOP('',(#3422,#3423,#3424,#3425,#3426,#3427,#3428,#3429));
#736=EDGE_LOOP('',(#3430));
#737=EDGE_LOOP('',(#3431));
#738=EDGE_LOOP('',(#3432));
#739=EDGE_LOOP('',(#3433));
#740=EDGE_LOOP('',(#3434,#3435,#3436,#3437));
#741=EDGE_LOOP('',(#3438,#3439,#3440,#3441));
#742=EDGE_LOOP('',(#3442,#3443,#3444,#3445));
#743=EDGE_LOOP('',(#3446,#3447,#3448,#3449,#3450,#3451,#3452,#3453));
#744=EDGE_LOOP('',(#3454,#3455,#3456,#3457));
#745=EDGE_LOOP('',(#3458,#3459,#3460,#3461));
#746=EDGE_LOOP('',(#3462,#3463,#3464,#3465));
#747=EDGE_LOOP('',(#3466,#3467,#3468,#3469,#3470,#3471,#3472,#3473));
#748=EDGE_LOOP('',(#3474,#3475,#3476,#3477));
#749=EDGE_LOOP('',(#3478,#3479,#3480,#3481));
#750=EDGE_LOOP('',(#3482,#3483,#3484,#3485));
#751=EDGE_LOOP('',(#3486,#3487,#3488,#3489,#3490,#3491,#3492,#3493));
#752=EDGE_LOOP('',(#3494,#3495,#3496,#3497));
#753=EDGE_LOOP('',(#3498,#3499,#3500,#3501,#3502));
#754=EDGE_LOOP('',(#3503,#3504,#3505,#3506));
#755=EDGE_LOOP('',(#3507,#3508,#3509,#3510));
#756=EDGE_LOOP('',(#3511,#3512,#3513,#3514));
#757=EDGE_LOOP('',(#3515,#3516,#3517,#3518,#3519,#3520,#3521,#3522));
#758=EDGE_LOOP('',(#3523,#3524,#3525,#3526,#3527));
#759=EDGE_LOOP('',(#3528,#3529,#3530,#3531));
#760=EDGE_LOOP('',(#3532,#3533,#3534,#3535,#3536));
#761=EDGE_LOOP('',(#3537,#3538,#3539,#3540));
#762=EDGE_LOOP('',(#3541,#3542,#3543,#3544));
#763=EDGE_LOOP('',(#3545,#3546,#3547,#3548));
#764=EDGE_LOOP('',(#3549,#3550,#3551,#3552));
#765=EDGE_LOOP('',(#3553,#3554,#3555,#3556));
#766=EDGE_LOOP('',(#3557,#3558,#3559,#3560,#3561,#3562,#3563,#3564));
#767=EDGE_LOOP('',(#3565,#3566,#3567,#3568,#3569));
#768=EDGE_LOOP('',(#3570,#3571,#3572,#3573));
#769=EDGE_LOOP('',(#3574,#3575,#3576,#3577,#3578));
#770=EDGE_LOOP('',(#3579,#3580,#3581,#3582));
#771=EDGE_LOOP('',(#3583,#3584,#3585,#3586,#3587));
#772=EDGE_LOOP('',(#3588,#3589,#3590,#3591));
#773=EDGE_LOOP('',(#3592,#3593,#3594,#3595));
#774=EDGE_LOOP('',(#3596,#3597,#3598,#3599));
#775=EDGE_LOOP('',(#3600,#3601,#3602,#3603,#3604,#3605,#3606,#3607));
#776=EDGE_LOOP('',(#3608,#3609,#3610,#3611,#3612));
#777=EDGE_LOOP('',(#3613,#3614,#3615,#3616,#3617));
#778=EDGE_LOOP('',(#3618,#3619,#3620,#3621,#3622));
#779=EDGE_LOOP('',(#3623,#3624,#3625,#3626));
#780=EDGE_LOOP('',(#3627,#3628,#3629,#3630,#3631));
#781=EDGE_LOOP('',(#3632,#3633,#3634,#3635,#3636));
#782=EDGE_LOOP('',(#3637,#3638,#3639,#3640));
#783=EDGE_LOOP('',(#3641,#3642,#3643,#3644,#3645));
#784=EDGE_LOOP('',(#3646,#3647,#3648,#3649));
#785=EDGE_LOOP('',(#3650,#3651,#3652,#3653,#3654,#3655,#3656,#3657));
#786=EDGE_LOOP('',(#3658,#3659,#3660,#3661,#3662,#3663));
#787=EDGE_LOOP('',(#3664,#3665,#3666,#3667,#3668,#3669));
#788=EDGE_LOOP('',(#3670,#3671,#3672,#3673,#3674,#3675));
#789=EDGE_LOOP('',(#3676,#3677,#3678,#3679,#3680,#3681));
#790=EDGE_LOOP('',(#3682,#3683,#3684,#3685,#3686,#3687));
#791=EDGE_LOOP('',(#3688,#3689,#3690,#3691,#3692,#3693));
#792=EDGE_LOOP('',(#3694,#3695,#3696,#3697,#3698,#3699));
#793=EDGE_LOOP('',(#3700,#3701,#3702,#3703));
#794=EDGE_LOOP('',(#3704,#3705,#3706,#3707));
#795=EDGE_LOOP('',(#3708,#3709,#3710,#3711));
#796=EDGE_LOOP('',(#3712,#3713,#3714,#3715,#3716));
#797=EDGE_LOOP('',(#3717,#3718,#3719,#3720));
#798=EDGE_LOOP('',(#3721,#3722,#3723,#3724));
#799=EDGE_LOOP('',(#3725,#3726,#3727,#3728));
#800=EDGE_LOOP('',(#3729,#3730,#3731,#3732,#3733));
#801=EDGE_LOOP('',(#3734,#3735,#3736,#3737));
#802=EDGE_LOOP('',(#3738,#3739,#3740,#3741,#3742));
#803=EDGE_LOOP('',(#3743,#3744,#3745,#3746,#3747));
#804=LINE('',#5614,#1088);
#805=LINE('',#5621,#1089);
#806=LINE('',#5629,#1090);
#807=LINE('',#5637,#1091);
#808=LINE('',#5645,#1092);
#809=LINE('',#5653,#1093);
#810=LINE('',#5661,#1094);
#811=LINE('',#5669,#1095);
#812=LINE('',#5677,#1096);
#813=LINE('',#5685,#1097);
#814=LINE('',#5693,#1098);
#815=LINE('',#5701,#1099);
#816=LINE('',#5709,#1100);
#817=LINE('',#5717,#1101);
#818=LINE('',#5725,#1102);
#819=LINE('',#5733,#1103);
#820=LINE('',#5741,#1104);
#821=LINE('',#5749,#1105);
#822=LINE('',#5757,#1106);
#823=LINE('',#5765,#1107);
#824=LINE('',#5773,#1108);
#825=LINE('',#5781,#1109);
#826=LINE('',#5789,#1110);
#827=LINE('',#5797,#1111);
#828=LINE('',#5805,#1112);
#829=LINE('',#5813,#1113);
#830=LINE('',#5821,#1114);
#831=LINE('',#5829,#1115);
#832=LINE('',#5837,#1116);
#833=LINE('',#5845,#1117);
#834=LINE('',#5853,#1118);
#835=LINE('',#5861,#1119);
#836=LINE('',#5870,#1120);
#837=LINE('',#5873,#1121);
#838=LINE('',#5876,#1122);
#839=LINE('',#5878,#1123);
#840=LINE('',#5879,#1124);
#841=LINE('',#5885,#1125);
#842=LINE('',#5888,#1126);
#843=LINE('',#5890,#1127);
#844=LINE('',#5891,#1128);
#845=LINE('',#5897,#1129);
#846=LINE('',#5900,#1130);
#847=LINE('',#5902,#1131);
#848=LINE('',#5903,#1132);
#849=LINE('',#5908,#1133);
#850=LINE('',#5911,#1134);
#851=LINE('',#5912,#1135);
#852=LINE('',#5916,#1136);
#853=LINE('',#5919,#1137);
#854=LINE('',#5922,#1138);
#855=LINE('',#5926,#1139);
#856=LINE('',#5930,#1140);
#857=LINE('',#5931,#1141);
#858=LINE('',#5934,#1142);
#859=LINE('',#5938,#1143);
#860=LINE('',#5942,#1144);
#861=LINE('',#5946,#1145);
#862=LINE('',#5947,#1146);
#863=LINE('',#5950,#1147);
#864=LINE('',#5954,#1148);
#865=LINE('',#5958,#1149);
#866=LINE('',#5962,#1150);
#867=LINE('',#5963,#1151);
#868=LINE('',#5966,#1152);
#869=LINE('',#5970,#1153);
#870=LINE('',#5974,#1154);
#871=LINE('',#5978,#1155);
#872=LINE('',#5979,#1156);
#873=LINE('',#5982,#1157);
#874=LINE('',#5986,#1158);
#875=LINE('',#5990,#1159);
#876=LINE('',#5994,#1160);
#877=LINE('',#5995,#1161);
#878=LINE('',#5998,#1162);
#879=LINE('',#6001,#1163);
#880=LINE('',#6005,#1164);
#881=LINE('',#6010,#1165);
#882=LINE('',#6013,#1166);
#883=LINE('',#6016,#1167);
#884=LINE('',#6020,#1168);
#885=LINE('',#6024,#1169);
#886=LINE('',#6025,#1170);
#887=LINE('',#6028,#1171);
#888=LINE('',#6032,#1172);
#889=LINE('',#6036,#1173);
#890=LINE('',#6040,#1174);
#891=LINE('',#6041,#1175);
#892=LINE('',#6044,#1176);
#893=LINE('',#6048,#1177);
#894=LINE('',#6052,#1178);
#895=LINE('',#6056,#1179);
#896=LINE('',#6057,#1180);
#897=LINE('',#6060,#1181);
#898=LINE('',#6064,#1182);
#899=LINE('',#6068,#1183);
#900=LINE('',#6072,#1184);
#901=LINE('',#6073,#1185);
#902=LINE('',#6076,#1186);
#903=LINE('',#6080,#1187);
#904=LINE('',#6084,#1188);
#905=LINE('',#6088,#1189);
#906=LINE('',#6089,#1190);
#907=LINE('',#6092,#1191);
#908=LINE('',#6095,#1192);
#909=LINE('',#6099,#1193);
#910=LINE('',#6104,#1194);
#911=LINE('',#6107,#1195);
#912=LINE('',#6110,#1196);
#913=LINE('',#6114,#1197);
#914=LINE('',#6118,#1198);
#915=LINE('',#6119,#1199);
#916=LINE('',#6122,#1200);
#917=LINE('',#6126,#1201);
#918=LINE('',#6130,#1202);
#919=LINE('',#6134,#1203);
#920=LINE('',#6135,#1204);
#921=LINE('',#6138,#1205);
#922=LINE('',#6142,#1206);
#923=LINE('',#6146,#1207);
#924=LINE('',#6150,#1208);
#925=LINE('',#6151,#1209);
#926=LINE('',#6154,#1210);
#927=LINE('',#6158,#1211);
#928=LINE('',#6162,#1212);
#929=LINE('',#6166,#1213);
#930=LINE('',#6167,#1214);
#931=LINE('',#6170,#1215);
#932=LINE('',#6174,#1216);
#933=LINE('',#6178,#1217);
#934=LINE('',#6182,#1218);
#935=LINE('',#6183,#1219);
#936=LINE('',#6186,#1220);
#937=LINE('',#6189,#1221);
#938=LINE('',#6193,#1222);
#939=LINE('',#6197,#1223);
#940=LINE('',#6202,#1224);
#941=LINE('',#6207,#1225);
#942=LINE('',#6213,#1226);
#943=LINE('',#6216,#1227);
#944=LINE('',#6219,#1228);
#945=LINE('',#6223,#1229);
#946=LINE('',#6227,#1230);
#947=LINE('',#6228,#1231);
#948=LINE('',#6231,#1232);
#949=LINE('',#6235,#1233);
#950=LINE('',#6239,#1234);
#951=LINE('',#6243,#1235);
#952=LINE('',#6244,#1236);
#953=LINE('',#6247,#1237);
#954=LINE('',#6251,#1238);
#955=LINE('',#6255,#1239);
#956=LINE('',#6259,#1240);
#957=LINE('',#6260,#1241);
#958=LINE('',#6263,#1242);
#959=LINE('',#6267,#1243);
#960=LINE('',#6271,#1244);
#961=LINE('',#6275,#1245);
#962=LINE('',#6276,#1246);
#963=LINE('',#6279,#1247);
#964=LINE('',#6283,#1248);
#965=LINE('',#6287,#1249);
#966=LINE('',#6291,#1250);
#967=LINE('',#6292,#1251);
#968=LINE('',#6295,#1252);
#969=LINE('',#6298,#1253);
#970=LINE('',#6302,#1254);
#971=LINE('',#6306,#1255);
#972=LINE('',#6313,#1256);
#973=LINE('',#6315,#1257);
#974=LINE('',#6320,#1258);
#975=LINE('',#6325,#1259);
#976=LINE('',#6329,#1260);
#977=LINE('',#6331,#1261);
#978=LINE('',#6337,#1262);
#979=LINE('',#6339,#1263);
#980=LINE('',#6351,#1264);
#981=LINE('',#6360,#1265);
#982=LINE('',#6362,#1266);
#983=LINE('',#6363,#1267);
#984=LINE('',#6368,#1268);
#985=LINE('',#6377,#1269);
#986=LINE('',#6379,#1270);
#987=LINE('',#6389,#1271);
#988=LINE('',#6391,#1272);
#989=LINE('',#6399,#1273);
#990=LINE('',#6403,#1274);
#991=LINE('',#6405,#1275);
#992=LINE('',#6411,#1276);
#993=LINE('',#6413,#1277);
#994=LINE('',#6425,#1278);
#995=LINE('',#6434,#1279);
#996=LINE('',#6436,#1280);
#997=LINE('',#6437,#1281);
#998=LINE('',#6442,#1282);
#999=LINE('',#6451,#1283);
#1000=LINE('',#6453,#1284);
#1001=LINE('',#6463,#1285);
#1002=LINE('',#6465,#1286);
#1003=LINE('',#6473,#1287);
#1004=LINE('',#6477,#1288);
#1005=LINE('',#6479,#1289);
#1006=LINE('',#6485,#1290);
#1007=LINE('',#6487,#1291);
#1008=LINE('',#6499,#1292);
#1009=LINE('',#6508,#1293);
#1010=LINE('',#6510,#1294);
#1011=LINE('',#6511,#1295);
#1012=LINE('',#6516,#1296);
#1013=LINE('',#6525,#1297);
#1014=LINE('',#6527,#1298);
#1015=LINE('',#6537,#1299);
#1016=LINE('',#6539,#1300);
#1017=LINE('',#6547,#1301);
#1018=LINE('',#6551,#1302);
#1019=LINE('',#6553,#1303);
#1020=LINE('',#6560,#1304);
#1021=LINE('',#6564,#1305);
#1022=LINE('',#6568,#1306);
#1023=LINE('',#6572,#1307);
#1024=LINE('',#6575,#1308);
#1025=LINE('',#6579,#1309);
#1026=LINE('',#6583,#1310);
#1027=LINE('',#6585,#1311);
#1028=LINE('',#6589,#1312);
#1029=LINE('',#6591,#1313);
#1030=LINE('',#6595,#1314);
#1031=LINE('',#6599,#1315);
#1032=LINE('',#6601,#1316);
#1033=LINE('',#6605,#1317);
#1034=LINE('',#6607,#1318);
#1035=LINE('',#6611,#1319);
#1036=LINE('',#6615,#1320);
#1037=LINE('',#6617,#1321);
#1038=LINE('',#6621,#1322);
#1039=LINE('',#6623,#1323);
#1040=LINE('',#6627,#1324);
#1041=LINE('',#6630,#1325);
#1042=LINE('',#6640,#1326);
#1043=LINE('',#6642,#1327);
#1044=LINE('',#6681,#1328);
#1045=LINE('',#6683,#1329);
#1046=LINE('',#6704,#1330);
#1047=LINE('',#6706,#1331);
#1048=LINE('',#6720,#1332);
#1049=LINE('',#6725,#1333);
#1050=LINE('',#6728,#1334);
#1051=LINE('',#6747,#1335);
#1052=LINE('',#6751,#1336);
#1053=LINE('',#6752,#1337);
#1054=LINE('',#6776,#1338);
#1055=LINE('',#6777,#1339);
#1056=LINE('',#6780,#1340);
#1057=LINE('',#6785,#1341);
#1058=LINE('',#6788,#1342);
#1059=LINE('',#6798,#1343);
#1060=LINE('',#6803,#1344);
#1061=LINE('',#6817,#1345);
#1062=LINE('',#6821,#1346);
#1063=LINE('',#6822,#1347);
#1064=LINE('',#6850,#1348);
#1065=LINE('',#6851,#1349);
#1066=LINE('',#6854,#1350);
#1067=LINE('',#6859,#1351);
#1068=LINE('',#6862,#1352);
#1069=LINE('',#6872,#1353);
#1070=LINE('',#6877,#1354);
#1071=LINE('',#6887,#1355);
#1072=LINE('',#6899,#1356);
#1073=LINE('',#6903,#1357);
#1074=LINE('',#6904,#1358);
#1075=LINE('',#6927,#1359);
#1076=LINE('',#6933,#1360);
#1077=LINE('',#6940,#1361);
#1078=LINE('',#6943,#1362);
#1079=LINE('',#6991,#1363);
#1080=LINE('',#6994,#1364);
#1081=LINE('',#6996,#1365);
#1082=LINE('',#6999,#1366);
#1083=LINE('',#7003,#1367);
#1084=LINE('',#7004,#1368);
#1085=LINE('',#7008,#1369);
#1086=LINE('',#7010,#1370);
#1087=LINE('',#7012,#1371);
#1088=VECTOR('',#4451,0.225);
#1089=VECTOR('',#4458,0.393700787401575);
#1090=VECTOR('',#4465,0.393700787401575);
#1091=VECTOR('',#4472,0.393700787401575);
#1092=VECTOR('',#4479,0.393700787401575);
#1093=VECTOR('',#4486,0.393700787401575);
#1094=VECTOR('',#4493,0.393700787401575);
#1095=VECTOR('',#4500,0.393700787401575);
#1096=VECTOR('',#4507,0.393700787401575);
#1097=VECTOR('',#4514,0.393700787401575);
#1098=VECTOR('',#4521,0.393700787401575);
#1099=VECTOR('',#4528,0.393700787401575);
#1100=VECTOR('',#4535,0.393700787401575);
#1101=VECTOR('',#4542,0.393700787401575);
#1102=VECTOR('',#4549,0.393700787401575);
#1103=VECTOR('',#4556,0.393700787401575);
#1104=VECTOR('',#4563,0.393700787401575);
#1105=VECTOR('',#4570,0.393700787401575);
#1106=VECTOR('',#4577,0.393700787401575);
#1107=VECTOR('',#4584,0.393700787401575);
#1108=VECTOR('',#4591,0.393700787401575);
#1109=VECTOR('',#4598,0.393700787401575);
#1110=VECTOR('',#4605,0.393700787401575);
#1111=VECTOR('',#4612,0.393700787401575);
#1112=VECTOR('',#4619,0.393700787401575);
#1113=VECTOR('',#4626,0.393700787401575);
#1114=VECTOR('',#4633,0.393700787401575);
#1115=VECTOR('',#4640,0.393700787401575);
#1116=VECTOR('',#4647,0.393700787401575);
#1117=VECTOR('',#4654,0.393700787401575);
#1118=VECTOR('',#4661,0.393700787401575);
#1119=VECTOR('',#4668,0.393700787401575);
#1120=VECTOR('',#4677,0.393700787401575);
#1121=VECTOR('',#4680,0.393700787401575);
#1122=VECTOR('',#4683,0.393700787401575);
#1123=VECTOR('',#4684,0.393700787401575);
#1124=VECTOR('',#4685,0.393700787401575);
#1125=VECTOR('',#4690,0.393700787401575);
#1126=VECTOR('',#4693,0.393700787401575);
#1127=VECTOR('',#4696,0.393700787401575);
#1128=VECTOR('',#4697,0.393700787401575);
#1129=VECTOR('',#4702,0.393700787401575);
#1130=VECTOR('',#4705,0.393700787401575);
#1131=VECTOR('',#4708,0.393700787401575);
#1132=VECTOR('',#4709,0.393700787401575);
#1133=VECTOR('',#4714,0.393700787401575);
#1134=VECTOR('',#4719,0.393700787401575);
#1135=VECTOR('',#4720,0.393700787401575);
#1136=VECTOR('',#4725,0.393700787401575);
#1137=VECTOR('',#4728,0.393700787401575);
#1138=VECTOR('',#4731,0.393700787401575);
#1139=VECTOR('',#4736,0.393700787401575);
#1140=VECTOR('',#4741,0.393700787401575);
#1141=VECTOR('',#4742,0.393700787401575);
#1142=VECTOR('',#4745,0.393700787401575);
#1143=VECTOR('',#4750,0.393700787401575);
#1144=VECTOR('',#4755,0.393700787401575);
#1145=VECTOR('',#4760,0.393700787401575);
#1146=VECTOR('',#4761,0.393700787401575);
#1147=VECTOR('',#4764,0.393700787401575);
#1148=VECTOR('',#4769,0.393700787401575);
#1149=VECTOR('',#4774,0.393700787401575);
#1150=VECTOR('',#4779,0.393700787401575);
#1151=VECTOR('',#4780,0.393700787401575);
#1152=VECTOR('',#4783,0.393700787401575);
#1153=VECTOR('',#4788,0.393700787401575);
#1154=VECTOR('',#4793,0.393700787401575);
#1155=VECTOR('',#4798,0.393700787401575);
#1156=VECTOR('',#4799,0.393700787401575);
#1157=VECTOR('',#4802,0.393700787401575);
#1158=VECTOR('',#4807,0.393700787401575);
#1159=VECTOR('',#4812,0.393700787401575);
#1160=VECTOR('',#4817,0.393700787401575);
#1161=VECTOR('',#4818,0.393700787401575);
#1162=VECTOR('',#4821,0.393700787401575);
#1163=VECTOR('',#4824,0.393700787401575);
#1164=VECTOR('',#4829,0.393700787401575);
#1165=VECTOR('',#4836,0.393700787401575);
#1166=VECTOR('',#4839,0.393700787401575);
#1167=VECTOR('',#4842,0.393700787401575);
#1168=VECTOR('',#4847,0.393700787401575);
#1169=VECTOR('',#4852,0.393700787401575);
#1170=VECTOR('',#4853,0.393700787401575);
#1171=VECTOR('',#4856,0.393700787401575);
#1172=VECTOR('',#4861,0.393700787401575);
#1173=VECTOR('',#4866,0.393700787401575);
#1174=VECTOR('',#4871,0.393700787401575);
#1175=VECTOR('',#4872,0.393700787401575);
#1176=VECTOR('',#4875,0.393700787401575);
#1177=VECTOR('',#4880,0.393700787401575);
#1178=VECTOR('',#4885,0.393700787401575);
#1179=VECTOR('',#4890,0.393700787401575);
#1180=VECTOR('',#4891,0.393700787401575);
#1181=VECTOR('',#4894,0.393700787401575);
#1182=VECTOR('',#4899,0.393700787401575);
#1183=VECTOR('',#4904,0.393700787401575);
#1184=VECTOR('',#4909,0.393700787401575);
#1185=VECTOR('',#4910,0.393700787401575);
#1186=VECTOR('',#4913,0.393700787401575);
#1187=VECTOR('',#4918,0.393700787401575);
#1188=VECTOR('',#4923,0.393700787401575);
#1189=VECTOR('',#4928,0.393700787401575);
#1190=VECTOR('',#4929,0.393700787401575);
#1191=VECTOR('',#4932,0.393700787401575);
#1192=VECTOR('',#4935,0.393700787401575);
#1193=VECTOR('',#4940,0.393700787401575);
#1194=VECTOR('',#4947,0.393700787401575);
#1195=VECTOR('',#4950,0.393700787401575);
#1196=VECTOR('',#4953,0.393700787401575);
#1197=VECTOR('',#4958,0.393700787401575);
#1198=VECTOR('',#4963,0.393700787401575);
#1199=VECTOR('',#4964,0.393700787401575);
#1200=VECTOR('',#4967,0.393700787401575);
#1201=VECTOR('',#4972,0.393700787401575);
#1202=VECTOR('',#4977,0.393700787401575);
#1203=VECTOR('',#4982,0.393700787401575);
#1204=VECTOR('',#4983,0.393700787401575);
#1205=VECTOR('',#4986,0.393700787401575);
#1206=VECTOR('',#4991,0.393700787401575);
#1207=VECTOR('',#4996,0.393700787401575);
#1208=VECTOR('',#5001,0.393700787401575);
#1209=VECTOR('',#5002,0.393700787401575);
#1210=VECTOR('',#5005,0.393700787401575);
#1211=VECTOR('',#5010,0.393700787401575);
#1212=VECTOR('',#5015,0.393700787401575);
#1213=VECTOR('',#5020,0.393700787401575);
#1214=VECTOR('',#5021,0.393700787401575);
#1215=VECTOR('',#5024,0.393700787401575);
#1216=VECTOR('',#5029,0.393700787401575);
#1217=VECTOR('',#5034,0.393700787401575);
#1218=VECTOR('',#5039,0.393700787401575);
#1219=VECTOR('',#5040,0.393700787401575);
#1220=VECTOR('',#5043,0.393700787401575);
#1221=VECTOR('',#5046,0.393700787401575);
#1222=VECTOR('',#5051,0.393700787401575);
#1223=VECTOR('',#5058,0.393700787401575);
#1224=VECTOR('',#5065,0.393700787401575);
#1225=VECTOR('',#5072,0.393700787401575);
#1226=VECTOR('',#5079,0.393700787401575);
#1227=VECTOR('',#5082,0.393700787401575);
#1228=VECTOR('',#5085,0.393700787401575);
#1229=VECTOR('',#5090,0.393700787401575);
#1230=VECTOR('',#5095,0.393700787401575);
#1231=VECTOR('',#5096,0.393700787401575);
#1232=VECTOR('',#5099,0.393700787401575);
#1233=VECTOR('',#5104,0.393700787401575);
#1234=VECTOR('',#5109,0.393700787401575);
#1235=VECTOR('',#5114,0.393700787401575);
#1236=VECTOR('',#5115,0.393700787401575);
#1237=VECTOR('',#5118,0.393700787401575);
#1238=VECTOR('',#5123,0.393700787401575);
#1239=VECTOR('',#5128,0.393700787401575);
#1240=VECTOR('',#5133,0.393700787401575);
#1241=VECTOR('',#5134,0.393700787401575);
#1242=VECTOR('',#5137,0.393700787401575);
#1243=VECTOR('',#5142,0.393700787401575);
#1244=VECTOR('',#5147,0.393700787401575);
#1245=VECTOR('',#5152,0.393700787401575);
#1246=VECTOR('',#5153,0.393700787401575);
#1247=VECTOR('',#5156,0.393700787401575);
#1248=VECTOR('',#5161,0.393700787401575);
#1249=VECTOR('',#5166,0.393700787401575);
#1250=VECTOR('',#5171,0.393700787401575);
#1251=VECTOR('',#5172,0.393700787401575);
#1252=VECTOR('',#5175,0.393700787401575);
#1253=VECTOR('',#5178,0.393700787401575);
#1254=VECTOR('',#5183,0.393700787401575);
#1255=VECTOR('',#5190,0.393700787401575);
#1256=VECTOR('',#5197,0.393700787401575);
#1257=VECTOR('',#5198,0.393700787401575);
#1258=VECTOR('',#5199,0.393700787401575);
#1259=VECTOR('',#5204,0.393700787401575);
#1260=VECTOR('',#5209,0.393700787401575);
#1261=VECTOR('',#5210,0.393700787401575);
#1262=VECTOR('',#5213,0.393700787401575);
#1263=VECTOR('',#5214,0.393700787401575);
#1264=VECTOR('',#5219,0.393700787401575);
#1265=VECTOR('',#5224,0.393700787401575);
#1266=VECTOR('',#5225,0.393700787401575);
#1267=VECTOR('',#5226,0.393700787401575);
#1268=VECTOR('',#5231,0.393700787401575);
#1269=VECTOR('',#5236,0.393700787401575);
#1270=VECTOR('',#5237,0.393700787401575);
#1271=VECTOR('',#5240,0.393700787401575);
#1272=VECTOR('',#5241,0.393700787401575);
#1273=VECTOR('',#5246,0.393700787401575);
#1274=VECTOR('',#5251,0.393700787401575);
#1275=VECTOR('',#5252,0.393700787401575);
#1276=VECTOR('',#5255,0.393700787401575);
#1277=VECTOR('',#5256,0.393700787401575);
#1278=VECTOR('',#5261,0.393700787401575);
#1279=VECTOR('',#5266,0.393700787401575);
#1280=VECTOR('',#5267,0.393700787401575);
#1281=VECTOR('',#5268,0.393700787401575);
#1282=VECTOR('',#5273,0.393700787401575);
#1283=VECTOR('',#5278,0.393700787401575);
#1284=VECTOR('',#5279,0.393700787401575);
#1285=VECTOR('',#5282,0.393700787401575);
#1286=VECTOR('',#5283,0.393700787401575);
#1287=VECTOR('',#5288,0.393700787401575);
#1288=VECTOR('',#5293,0.393700787401575);
#1289=VECTOR('',#5294,0.393700787401575);
#1290=VECTOR('',#5297,0.393700787401575);
#1291=VECTOR('',#5298,0.393700787401575);
#1292=VECTOR('',#5303,0.393700787401575);
#1293=VECTOR('',#5308,0.393700787401575);
#1294=VECTOR('',#5309,0.393700787401575);
#1295=VECTOR('',#5310,0.393700787401575);
#1296=VECTOR('',#5315,0.393700787401575);
#1297=VECTOR('',#5320,0.393700787401575);
#1298=VECTOR('',#5321,0.393700787401575);
#1299=VECTOR('',#5324,0.393700787401575);
#1300=VECTOR('',#5325,0.393700787401575);
#1301=VECTOR('',#5330,0.393700787401575);
#1302=VECTOR('',#5335,0.393700787401575);
#1303=VECTOR('',#5336,0.393700787401575);
#1304=VECTOR('',#5341,0.086);
#1305=VECTOR('',#5346,0.086);
#1306=VECTOR('',#5351,0.086);
#1307=VECTOR('',#5356,0.086);
#1308=VECTOR('',#5359,0.393700787401575);
#1309=VECTOR('',#5362,0.393700787401575);
#1310=VECTOR('',#5365,0.393700787401575);
#1311=VECTOR('',#5366,0.393700787401575);
#1312=VECTOR('',#5369,0.393700787401575);
#1313=VECTOR('',#5370,0.393700787401575);
#1314=VECTOR('',#5373,0.393700787401575);
#1315=VECTOR('',#5376,0.393700787401575);
#1316=VECTOR('',#5377,0.393700787401575);
#1317=VECTOR('',#5380,0.393700787401575);
#1318=VECTOR('',#5381,0.393700787401575);
#1319=VECTOR('',#5384,0.393700787401575);
#1320=VECTOR('',#5387,0.393700787401575);
#1321=VECTOR('',#5388,0.393700787401575);
#1322=VECTOR('',#5391,0.393700787401575);
#1323=VECTOR('',#5392,0.393700787401575);
#1324=VECTOR('',#5395,0.393700787401575);
#1325=VECTOR('',#5398,0.393700787401575);
#1326=VECTOR('',#5401,0.393700787401575);
#1327=VECTOR('',#5404,0.393700787401575);
#1328=VECTOR('',#5413,0.393700787401575);
#1329=VECTOR('',#5416,0.393700787401575);
#1330=VECTOR('',#5425,0.393700787401575);
#1331=VECTOR('',#5428,0.393700787401575);
#1332=VECTOR('',#5437,0.393700787401575);
#1333=VECTOR('',#5438,0.393700787401575);
#1334=VECTOR('',#5441,0.393700787401575);
#1335=VECTOR('',#5444,0.393700787401575);
#1336=VECTOR('',#5449,0.393700787401575);
#1337=VECTOR('',#5450,0.393700787401575);
#1338=VECTOR('',#5461,0.393700787401575);
#1339=VECTOR('',#5462,0.393700787401575);
#1340=VECTOR('',#5465,0.393700787401575);
#1341=VECTOR('',#5466,0.393700787401575);
#1342=VECTOR('',#5469,0.393700787401575);
#1343=VECTOR('',#5472,0.393700787401575);
#1344=VECTOR('',#5473,0.393700787401575);
#1345=VECTOR('',#5480,0.393700787401575);
#1346=VECTOR('',#5485,0.393700787401575);
#1347=VECTOR('',#5486,0.393700787401575);
#1348=VECTOR('',#5497,0.393700787401575);
#1349=VECTOR('',#5498,0.393700787401575);
#1350=VECTOR('',#5501,0.393700787401575);
#1351=VECTOR('',#5502,0.393700787401575);
#1352=VECTOR('',#5505,0.393700787401575);
#1353=VECTOR('',#5508,0.393700787401575);
#1354=VECTOR('',#5509,0.393700787401575);
#1355=VECTOR('',#5512,0.393700787401575);
#1356=VECTOR('',#5515,0.393700787401575);
#1357=VECTOR('',#5520,0.393700787401575);
#1358=VECTOR('',#5521,0.393700787401575);
#1359=VECTOR('',#5532,0.393700787401575);
#1360=VECTOR('',#5537,0.393700787401575);
#1361=VECTOR('',#5544,0.393700787401575);
#1362=VECTOR('',#5549,0.393700787401575);
#1363=VECTOR('',#5576,0.393700787401575);
#1364=VECTOR('',#5581,0.393700787401575);
#1365=VECTOR('',#5584,0.393700787401575);
#1366=VECTOR('',#5587,0.393700787401575);
#1367=VECTOR('',#5592,0.393700787401575);
#1368=VECTOR('',#5593,0.393700787401575);
#1369=VECTOR('',#5600,0.393700787401575);
#1370=VECTOR('',#5603,0.393700787401575);
#1371=VECTOR('',#5606,0.393700787401575);
#1372=CIRCLE('',#4007,0.25);
#1373=CIRCLE('',#4008,0.2);
#1374=CIRCLE('',#4010,0.139370078740157);
#1375=CIRCLE('',#4011,0.139370078740157);
#1376=CIRCLE('',#4012,0.86964247172458);
#1377=CIRCLE('',#4013,0.139370078740157);
#1378=CIRCLE('',#4014,0.139370078740157);
#1379=CIRCLE('',#4015,0.86964247172458);
#1380=CIRCLE('',#4016,0.139370078740157);
#1381=CIRCLE('',#4017,0.139370078740157);
#1382=CIRCLE('',#4018,0.86964247172458);
#1383=CIRCLE('',#4019,0.139370078740157);
#1384=CIRCLE('',#4020,0.139370078740157);
#1385=CIRCLE('',#4021,0.86964247172458);
#1386=CIRCLE('',#4022,0.139370078740157);
#1387=CIRCLE('',#4023,0.139370078740157);
#1388=CIRCLE('',#4024,0.86964247172458);
#1389=CIRCLE('',#4025,0.139370078740157);
#1390=CIRCLE('',#4026,0.139370078740157);
#1391=CIRCLE('',#4027,0.86964247172458);
#1392=CIRCLE('',#4028,0.139370078740158);
#1393=CIRCLE('',#4029,0.139370078740158);
#1394=CIRCLE('',#4030,0.86964247172458);
#1395=CIRCLE('',#4031,0.125);
#1396=CIRCLE('',#4032,0.125);
#1397=CIRCLE('',#4033,0.0196850393700787);
#1398=CIRCLE('',#4034,0.125);
#1399=CIRCLE('',#4035,0.125);
#1400=CIRCLE('',#4036,0.0196850393700787);
#1401=CIRCLE('',#4037,0.125);
#1402=CIRCLE('',#4038,0.125);
#1403=CIRCLE('',#4039,0.0196850393700787);
#1404=CIRCLE('',#4040,0.125);
#1405=CIRCLE('',#4041,0.125);
#1406=CIRCLE('',#4042,0.0196850393700787);
#1407=CIRCLE('',#4043,0.125);
#1408=CIRCLE('',#4044,0.125);
#1409=CIRCLE('',#4045,0.0196850393700787);
#1410=CIRCLE('',#4046,0.125);
#1411=CIRCLE('',#4047,0.125);
#1412=CIRCLE('',#4048,0.0196850393700788);
#1413=CIRCLE('',#4049,0.125);
#1414=CIRCLE('',#4050,0.125);
#1415=CIRCLE('',#4051,0.0196850393700787);
#1416=CIRCLE('',#4052,0.125);
#1417=CIRCLE('',#4053,0.125);
#1418=CIRCLE('',#4054,0.0196850393700787);
#1419=CIRCLE('',#4055,0.125);
#1420=CIRCLE('',#4056,0.125);
#1421=CIRCLE('',#4057,0.0196850393700787);
#1422=CIRCLE('',#4058,0.125);
#1423=CIRCLE('',#4059,0.125);
#1424=CIRCLE('',#4060,0.0196850393700787);
#1425=CIRCLE('',#4061,0.125);
#1426=CIRCLE('',#4062,0.125);
#1427=CIRCLE('',#4063,0.0196850393700787);
#1428=CIRCLE('',#4064,0.125);
#1429=CIRCLE('',#4065,0.125);
#1430=CIRCLE('',#4066,0.0196850393700788);
#1431=CIRCLE('',#4067,0.125);
#1432=CIRCLE('',#4068,0.125);
#1433=CIRCLE('',#4069,0.0196850393700787);
#1434=CIRCLE('',#4070,0.125);
#1435=CIRCLE('',#4071,0.125);
#1436=CIRCLE('',#4072,0.0196850393700787);
#1437=CIRCLE('',#4073,0.125);
#1438=CIRCLE('',#4074,0.125);
#1439=CIRCLE('',#4075,0.0196850393700787);
#1440=CIRCLE('',#4076,0.125);
#1441=CIRCLE('',#4077,0.125);
#1442=CIRCLE('',#4078,0.0196850393700787);
#1443=CIRCLE('',#4079,0.125);
#1444=CIRCLE('',#4080,0.125);
#1445=CIRCLE('',#4081,0.0196850393700787);
#1446=CIRCLE('',#4082,0.125);
#1447=CIRCLE('',#4083,0.125);
#1448=CIRCLE('',#4084,0.0196850393700788);
#1449=CIRCLE('',#4085,0.125);
#1450=CIRCLE('',#4086,0.125);
#1451=CIRCLE('',#4087,0.0196850393700787);
#1452=CIRCLE('',#4088,0.125);
#1453=CIRCLE('',#4089,0.125);
#1454=CIRCLE('',#4090,0.0196850393700787);
#1455=CIRCLE('',#4091,0.125);
#1456=CIRCLE('',#4092,0.125);
#1457=CIRCLE('',#4093,0.0196850393700787);
#1458=CIRCLE('',#4094,0.125);
#1459=CIRCLE('',#4095,0.125);
#1460=CIRCLE('',#4096,0.0196850393700787);
#1461=CIRCLE('',#4097,0.125);
#1462=CIRCLE('',#4098,0.125);
#1463=CIRCLE('',#4099,0.0196850393700787);
#1464=CIRCLE('',#4100,0.125);
#1465=CIRCLE('',#4101,0.125);
#1466=CIRCLE('',#4102,0.0196850393700788);
#1467=CIRCLE('',#4104,0.02);
#1468=CIRCLE('',#4105,0.02);
#1469=CIRCLE('',#4108,0.02);
#1470=CIRCLE('',#4109,0.02);
#1471=CIRCLE('',#4112,0.02);
#1472=CIRCLE('',#4113,0.02);
#1473=CIRCLE('',#4116,0.02);
#1474=CIRCLE('',#4117,0.02);
#1475=CIRCLE('',#4121,0.125);
#1476=CIRCLE('',#4123,0.0196850393700788);
#1477=CIRCLE('',#4125,0.125);
#1478=CIRCLE('',#4128,0.125);
#1479=CIRCLE('',#4130,0.0196850393700787);
#1480=CIRCLE('',#4132,0.125);
#1481=CIRCLE('',#4135,0.125);
#1482=CIRCLE('',#4137,0.0196850393700787);
#1483=CIRCLE('',#4139,0.125);
#1484=CIRCLE('',#4142,0.125);
#1485=CIRCLE('',#4144,0.0196850393700787);
#1486=CIRCLE('',#4146,0.125);
#1487=CIRCLE('',#4149,0.125);
#1488=CIRCLE('',#4151,0.0196850393700787);
#1489=CIRCLE('',#4153,0.125);
#1490=CIRCLE('',#4156,0.125);
#1491=CIRCLE('',#4158,0.0196850393700787);
#1492=CIRCLE('',#4160,0.125);
#1493=CIRCLE('',#4162,0.125);
#1494=CIRCLE('',#4164,0.0196850393700788);
#1495=CIRCLE('',#4166,0.125);
#1496=CIRCLE('',#4169,0.125);
#1497=CIRCLE('',#4171,0.0196850393700787);
#1498=CIRCLE('',#4173,0.125);
#1499=CIRCLE('',#4176,0.125);
#1500=CIRCLE('',#4178,0.0196850393700787);
#1501=CIRCLE('',#4180,0.125);
#1502=CIRCLE('',#4183,0.125);
#1503=CIRCLE('',#4185,0.0196850393700787);
#1504=CIRCLE('',#4187,0.125);
#1505=CIRCLE('',#4190,0.125);
#1506=CIRCLE('',#4192,0.0196850393700787);
#1507=CIRCLE('',#4194,0.125);
#1508=CIRCLE('',#4197,0.125);
#1509=CIRCLE('',#4199,0.0196850393700787);
#1510=CIRCLE('',#4201,0.125);
#1511=CIRCLE('',#4203,0.125);
#1512=CIRCLE('',#4205,0.0196850393700788);
#1513=CIRCLE('',#4207,0.125);
#1514=CIRCLE('',#4210,0.125);
#1515=CIRCLE('',#4212,0.0196850393700787);
#1516=CIRCLE('',#4214,0.125);
#1517=CIRCLE('',#4217,0.125);
#1518=CIRCLE('',#4219,0.0196850393700787);
#1519=CIRCLE('',#4221,0.125);
#1520=CIRCLE('',#4224,0.125);
#1521=CIRCLE('',#4226,0.0196850393700787);
#1522=CIRCLE('',#4228,0.125);
#1523=CIRCLE('',#4231,0.125);
#1524=CIRCLE('',#4233,0.0196850393700787);
#1525=CIRCLE('',#4235,0.125);
#1526=CIRCLE('',#4238,0.125);
#1527=CIRCLE('',#4240,0.0196850393700787);
#1528=CIRCLE('',#4242,0.125);
#1529=CIRCLE('',#4245,0.086);
#1530=CIRCLE('',#4248,0.086);
#1531=CIRCLE('',#4251,0.086);
#1532=CIRCLE('',#4253,0.125);
#1533=CIRCLE('',#4255,0.0196850393700788);
#1534=CIRCLE('',#4257,0.125);
#1535=CIRCLE('',#4260,0.125);
#1536=CIRCLE('',#4262,0.0196850393700787);
#1537=CIRCLE('',#4264,0.125);
#1538=CIRCLE('',#4267,0.125);
#1539=CIRCLE('',#4269,0.0196850393700787);
#1540=CIRCLE('',#4271,0.125);
#1541=CIRCLE('',#4274,0.125);
#1542=CIRCLE('',#4276,0.0196850393700787);
#1543=CIRCLE('',#4278,0.125);
#1544=CIRCLE('',#4281,0.125);
#1545=CIRCLE('',#4283,0.0196850393700787);
#1546=CIRCLE('',#4285,0.125);
#1547=CIRCLE('',#4288,0.125);
#1548=CIRCLE('',#4290,0.0196850393700787);
#1549=CIRCLE('',#4292,0.125);
#1550=CIRCLE('',#4294,0.086);
#1551=CIRCLE('',#4298,1.26964247172458);
#1552=CIRCLE('',#4299,1.26964247172458);
#1553=CIRCLE('',#4303,0.1);
#1554=CIRCLE('',#4304,0.1);
#1555=CIRCLE('',#4307,0.1);
#1556=CIRCLE('',#4308,0.1);
#1557=CIRCLE('',#4312,1.26964247172458);
#1558=CIRCLE('',#4313,1.26964247172458);
#1559=CIRCLE('',#4317,0.1);
#1560=CIRCLE('',#4318,0.1);
#1561=CIRCLE('',#4321,0.1);
#1562=CIRCLE('',#4322,0.1);
#1563=CIRCLE('',#4326,1.26964247172458);
#1564=CIRCLE('',#4327,1.26964247172458);
#1565=CIRCLE('',#4331,0.1);
#1566=CIRCLE('',#4332,0.1);
#1567=CIRCLE('',#4335,0.1);
#1568=CIRCLE('',#4336,0.1);
#1569=CIRCLE('',#4340,1.26964247172458);
#1570=CIRCLE('',#4341,1.26964247172458);
#1571=CIRCLE('',#4344,0.086);
#1572=CIRCLE('',#4346,0.086);
#1573=CIRCLE('',#4348,0.086);
#1574=CIRCLE('',#4350,0.086);
#1575=CIRCLE('',#4352,0.1);
#1576=CIRCLE('',#4353,0.1);
#1577=CIRCLE('',#4354,1.26964247172458);
#1578=CIRCLE('',#4355,0.1);
#1579=CIRCLE('',#4356,0.1);
#1580=CIRCLE('',#4357,1.26964247172458);
#1581=CIRCLE('',#4358,0.1);
#1582=CIRCLE('',#4359,0.1);
#1583=CIRCLE('',#4360,1.26964247172458);
#1584=CIRCLE('',#4361,0.1);
#1585=CIRCLE('',#4362,0.1);
#1586=CIRCLE('',#4367,1.21106382796189);
#1587=CIRCLE('',#4372,1.21106382796189);
#1588=CIRCLE('',#4377,1.21106382796189);
#1589=CIRCLE('',#4381,0.1);
#1590=CIRCLE('',#4384,0.1);
#1591=CIRCLE('',#4386,1.21106382796189);
#1592=CIRCLE('',#4392,1.26964247172458);
#1593=CIRCLE('',#4394,0.1);
#1594=CIRCLE('',#4397,0.1);
#1595=CIRCLE('',#4399,1.21106382796189);
#1596=CIRCLE('',#4406,0.1);
#1597=CIRCLE('',#4409,0.1);
#1598=CIRCLE('',#4411,1.21106382796189);
#1599=CIRCLE('',#4422,1.21106382796189);
#1600=CIRCLE('',#4424,1.26964247172458);
#1601=CIRCLE('',#4426,1.26964247172458);
#1602=CIRCLE('',#4437,0.1);
#1603=CIRCLE('',#4440,0.1);
#1604=VERTEX_POINT('',#5611);
#1605=VERTEX_POINT('',#5613);
#1606=VERTEX_POINT('',#5617);
#1607=VERTEX_POINT('',#5618);
#1608=VERTEX_POINT('',#5620);
#1609=VERTEX_POINT('',#5622);
#1610=VERTEX_POINT('',#5624);
#1611=VERTEX_POINT('',#5626);
#1612=VERTEX_POINT('',#5628);
#1613=VERTEX_POINT('',#5630);
#1614=VERTEX_POINT('',#5632);
#1615=VERTEX_POINT('',#5634);
#1616=VERTEX_POINT('',#5636);
#1617=VERTEX_POINT('',#5638);
#1618=VERTEX_POINT('',#5640);
#1619=VERTEX_POINT('',#5642);
#1620=VERTEX_POINT('',#5644);
#1621=VERTEX_POINT('',#5646);
#1622=VERTEX_POINT('',#5648);
#1623=VERTEX_POINT('',#5650);
#1624=VERTEX_POINT('',#5652);
#1625=VERTEX_POINT('',#5654);
#1626=VERTEX_POINT('',#5656);
#1627=VERTEX_POINT('',#5658);
#1628=VERTEX_POINT('',#5660);
#1629=VERTEX_POINT('',#5662);
#1630=VERTEX_POINT('',#5664);
#1631=VERTEX_POINT('',#5666);
#1632=VERTEX_POINT('',#5668);
#1633=VERTEX_POINT('',#5670);
#1634=VERTEX_POINT('',#5673);
#1635=VERTEX_POINT('',#5674);
#1636=VERTEX_POINT('',#5676);
#1637=VERTEX_POINT('',#5678);
#1638=VERTEX_POINT('',#5680);
#1639=VERTEX_POINT('',#5682);
#1640=VERTEX_POINT('',#5684);
#1641=VERTEX_POINT('',#5686);
#1642=VERTEX_POINT('',#5688);
#1643=VERTEX_POINT('',#5690);
#1644=VERTEX_POINT('',#5692);
#1645=VERTEX_POINT('',#5694);
#1646=VERTEX_POINT('',#5696);
#1647=VERTEX_POINT('',#5698);
#1648=VERTEX_POINT('',#5700);
#1649=VERTEX_POINT('',#5702);
#1650=VERTEX_POINT('',#5704);
#1651=VERTEX_POINT('',#5706);
#1652=VERTEX_POINT('',#5708);
#1653=VERTEX_POINT('',#5710);
#1654=VERTEX_POINT('',#5712);
#1655=VERTEX_POINT('',#5714);
#1656=VERTEX_POINT('',#5716);
#1657=VERTEX_POINT('',#5718);
#1658=VERTEX_POINT('',#5721);
#1659=VERTEX_POINT('',#5722);
#1660=VERTEX_POINT('',#5724);
#1661=VERTEX_POINT('',#5726);
#1662=VERTEX_POINT('',#5728);
#1663=VERTEX_POINT('',#5730);
#1664=VERTEX_POINT('',#5732);
#1665=VERTEX_POINT('',#5734);
#1666=VERTEX_POINT('',#5736);
#1667=VERTEX_POINT('',#5738);
#1668=VERTEX_POINT('',#5740);
#1669=VERTEX_POINT('',#5742);
#1670=VERTEX_POINT('',#5744);
#1671=VERTEX_POINT('',#5746);
#1672=VERTEX_POINT('',#5748);
#1673=VERTEX_POINT('',#5750);
#1674=VERTEX_POINT('',#5752);
#1675=VERTEX_POINT('',#5754);
#1676=VERTEX_POINT('',#5756);
#1677=VERTEX_POINT('',#5758);
#1678=VERTEX_POINT('',#5760);
#1679=VERTEX_POINT('',#5762);
#1680=VERTEX_POINT('',#5764);
#1681=VERTEX_POINT('',#5766);
#1682=VERTEX_POINT('',#5769);
#1683=VERTEX_POINT('',#5770);
#1684=VERTEX_POINT('',#5772);
#1685=VERTEX_POINT('',#5774);
#1686=VERTEX_POINT('',#5776);
#1687=VERTEX_POINT('',#5778);
#1688=VERTEX_POINT('',#5780);
#1689=VERTEX_POINT('',#5782);
#1690=VERTEX_POINT('',#5784);
#1691=VERTEX_POINT('',#5786);
#1692=VERTEX_POINT('',#5788);
#1693=VERTEX_POINT('',#5790);
#1694=VERTEX_POINT('',#5792);
#1695=VERTEX_POINT('',#5794);
#1696=VERTEX_POINT('',#5796);
#1697=VERTEX_POINT('',#5798);
#1698=VERTEX_POINT('',#5800);
#1699=VERTEX_POINT('',#5802);
#1700=VERTEX_POINT('',#5804);
#1701=VERTEX_POINT('',#5806);
#1702=VERTEX_POINT('',#5808);
#1703=VERTEX_POINT('',#5810);
#1704=VERTEX_POINT('',#5812);
#1705=VERTEX_POINT('',#5814);
#1706=VERTEX_POINT('',#5817);
#1707=VERTEX_POINT('',#5818);
#1708=VERTEX_POINT('',#5820);
#1709=VERTEX_POINT('',#5822);
#1710=VERTEX_POINT('',#5824);
#1711=VERTEX_POINT('',#5826);
#1712=VERTEX_POINT('',#5828);
#1713=VERTEX_POINT('',#5830);
#1714=VERTEX_POINT('',#5832);
#1715=VERTEX_POINT('',#5834);
#1716=VERTEX_POINT('',#5836);
#1717=VERTEX_POINT('',#5838);
#1718=VERTEX_POINT('',#5840);
#1719=VERTEX_POINT('',#5842);
#1720=VERTEX_POINT('',#5844);
#1721=VERTEX_POINT('',#5846);
#1722=VERTEX_POINT('',#5848);
#1723=VERTEX_POINT('',#5850);
#1724=VERTEX_POINT('',#5852);
#1725=VERTEX_POINT('',#5854);
#1726=VERTEX_POINT('',#5856);
#1727=VERTEX_POINT('',#5858);
#1728=VERTEX_POINT('',#5860);
#1729=VERTEX_POINT('',#5862);
#1730=VERTEX_POINT('',#5866);
#1731=VERTEX_POINT('',#5867);
#1732=VERTEX_POINT('',#5869);
#1733=VERTEX_POINT('',#5871);
#1734=VERTEX_POINT('',#5875);
#1735=VERTEX_POINT('',#5877);
#1736=VERTEX_POINT('',#5881);
#1737=VERTEX_POINT('',#5882);
#1738=VERTEX_POINT('',#5884);
#1739=VERTEX_POINT('',#5886);
#1740=VERTEX_POINT('',#5893);
#1741=VERTEX_POINT('',#5894);
#1742=VERTEX_POINT('',#5896);
#1743=VERTEX_POINT('',#5898);
#1744=VERTEX_POINT('',#5905);
#1745=VERTEX_POINT('',#5907);
#1746=VERTEX_POINT('',#5915);
#1747=VERTEX_POINT('',#5917);
#1748=VERTEX_POINT('',#5921);
#1749=VERTEX_POINT('',#5925);
#1750=VERTEX_POINT('',#5929);
#1751=VERTEX_POINT('',#5933);
#1752=VERTEX_POINT('',#5937);
#1753=VERTEX_POINT('',#5941);
#1754=VERTEX_POINT('',#5945);
#1755=VERTEX_POINT('',#5949);
#1756=VERTEX_POINT('',#5953);
#1757=VERTEX_POINT('',#5957);
#1758=VERTEX_POINT('',#5961);
#1759=VERTEX_POINT('',#5965);
#1760=VERTEX_POINT('',#5969);
#1761=VERTEX_POINT('',#5973);
#1762=VERTEX_POINT('',#5977);
#1763=VERTEX_POINT('',#5981);
#1764=VERTEX_POINT('',#5985);
#1765=VERTEX_POINT('',#5989);
#1766=VERTEX_POINT('',#5993);
#1767=VERTEX_POINT('',#5997);
#1768=VERTEX_POINT('',#5999);
#1769=VERTEX_POINT('',#6003);
#1770=VERTEX_POINT('',#6009);
#1771=VERTEX_POINT('',#6011);
#1772=VERTEX_POINT('',#6015);
#1773=VERTEX_POINT('',#6019);
#1774=VERTEX_POINT('',#6023);
#1775=VERTEX_POINT('',#6027);
#1776=VERTEX_POINT('',#6031);
#1777=VERTEX_POINT('',#6035);
#1778=VERTEX_POINT('',#6039);
#1779=VERTEX_POINT('',#6043);
#1780=VERTEX_POINT('',#6047);
#1781=VERTEX_POINT('',#6051);
#1782=VERTEX_POINT('',#6055);
#1783=VERTEX_POINT('',#6059);
#1784=VERTEX_POINT('',#6063);
#1785=VERTEX_POINT('',#6067);
#1786=VERTEX_POINT('',#6071);
#1787=VERTEX_POINT('',#6075);
#1788=VERTEX_POINT('',#6079);
#1789=VERTEX_POINT('',#6083);
#1790=VERTEX_POINT('',#6087);
#1791=VERTEX_POINT('',#6091);
#1792=VERTEX_POINT('',#6093);
#1793=VERTEX_POINT('',#6097);
#1794=VERTEX_POINT('',#6103);
#1795=VERTEX_POINT('',#6105);
#1796=VERTEX_POINT('',#6109);
#1797=VERTEX_POINT('',#6113);
#1798=VERTEX_POINT('',#6117);
#1799=VERTEX_POINT('',#6121);
#1800=VERTEX_POINT('',#6125);
#1801=VERTEX_POINT('',#6129);
#1802=VERTEX_POINT('',#6133);
#1803=VERTEX_POINT('',#6137);
#1804=VERTEX_POINT('',#6141);
#1805=VERTEX_POINT('',#6145);
#1806=VERTEX_POINT('',#6149);
#1807=VERTEX_POINT('',#6153);
#1808=VERTEX_POINT('',#6157);
#1809=VERTEX_POINT('',#6161);
#1810=VERTEX_POINT('',#6165);
#1811=VERTEX_POINT('',#6169);
#1812=VERTEX_POINT('',#6173);
#1813=VERTEX_POINT('',#6177);
#1814=VERTEX_POINT('',#6181);
#1815=VERTEX_POINT('',#6185);
#1816=VERTEX_POINT('',#6187);
#1817=VERTEX_POINT('',#6191);
#1818=VERTEX_POINT('',#6199);
#1819=VERTEX_POINT('',#6204);
#1820=VERTEX_POINT('',#6209);
#1821=VERTEX_POINT('',#6212);
#1822=VERTEX_POINT('',#6214);
#1823=VERTEX_POINT('',#6218);
#1824=VERTEX_POINT('',#6222);
#1825=VERTEX_POINT('',#6226);
#1826=VERTEX_POINT('',#6230);
#1827=VERTEX_POINT('',#6234);
#1828=VERTEX_POINT('',#6238);
#1829=VERTEX_POINT('',#6242);
#1830=VERTEX_POINT('',#6246);
#1831=VERTEX_POINT('',#6250);
#1832=VERTEX_POINT('',#6254);
#1833=VERTEX_POINT('',#6258);
#1834=VERTEX_POINT('',#6262);
#1835=VERTEX_POINT('',#6266);
#1836=VERTEX_POINT('',#6270);
#1837=VERTEX_POINT('',#6274);
#1838=VERTEX_POINT('',#6278);
#1839=VERTEX_POINT('',#6282);
#1840=VERTEX_POINT('',#6286);
#1841=VERTEX_POINT('',#6290);
#1842=VERTEX_POINT('',#6294);
#1843=VERTEX_POINT('',#6296);
#1844=VERTEX_POINT('',#6300);
#1845=VERTEX_POINT('',#6307);
#1846=VERTEX_POINT('',#6311);
#1847=VERTEX_POINT('',#6312);
#1848=VERTEX_POINT('',#6314);
#1849=VERTEX_POINT('',#6316);
#1850=VERTEX_POINT('',#6322);
#1851=VERTEX_POINT('',#6324);
#1852=VERTEX_POINT('',#6328);
#1853=VERTEX_POINT('',#6330);
#1854=VERTEX_POINT('',#6336);
#1855=VERTEX_POINT('',#6338);
#1856=VERTEX_POINT('',#6340);
#1857=VERTEX_POINT('',#6348);
#1858=VERTEX_POINT('',#6350);
#1859=VERTEX_POINT('',#6352);
#1860=VERTEX_POINT('',#6359);
#1861=VERTEX_POINT('',#6361);
#1862=VERTEX_POINT('',#6365);
#1863=VERTEX_POINT('',#6367);
#1864=VERTEX_POINT('',#6369);
#1865=VERTEX_POINT('',#6376);
#1866=VERTEX_POINT('',#6378);
#1867=VERTEX_POINT('',#6380);
#1868=VERTEX_POINT('',#6388);
#1869=VERTEX_POINT('',#6390);
#1870=VERTEX_POINT('',#6396);
#1871=VERTEX_POINT('',#6398);
#1872=VERTEX_POINT('',#6402);
#1873=VERTEX_POINT('',#6404);
#1874=VERTEX_POINT('',#6410);
#1875=VERTEX_POINT('',#6412);
#1876=VERTEX_POINT('',#6414);
#1877=VERTEX_POINT('',#6422);
#1878=VERTEX_POINT('',#6424);
#1879=VERTEX_POINT('',#6426);
#1880=VERTEX_POINT('',#6433);
#1881=VERTEX_POINT('',#6435);
#1882=VERTEX_POINT('',#6439);
#1883=VERTEX_POINT('',#6441);
#1884=VERTEX_POINT('',#6443);
#1885=VERTEX_POINT('',#6450);
#1886=VERTEX_POINT('',#6452);
#1887=VERTEX_POINT('',#6454);
#1888=VERTEX_POINT('',#6462);
#1889=VERTEX_POINT('',#6464);
#1890=VERTEX_POINT('',#6470);
#1891=VERTEX_POINT('',#6472);
#1892=VERTEX_POINT('',#6476);
#1893=VERTEX_POINT('',#6478);
#1894=VERTEX_POINT('',#6484);
#1895=VERTEX_POINT('',#6486);
#1896=VERTEX_POINT('',#6488);
#1897=VERTEX_POINT('',#6496);
#1898=VERTEX_POINT('',#6498);
#1899=VERTEX_POINT('',#6500);
#1900=VERTEX_POINT('',#6507);
#1901=VERTEX_POINT('',#6509);
#1902=VERTEX_POINT('',#6513);
#1903=VERTEX_POINT('',#6515);
#1904=VERTEX_POINT('',#6517);
#1905=VERTEX_POINT('',#6524);
#1906=VERTEX_POINT('',#6526);
#1907=VERTEX_POINT('',#6528);
#1908=VERTEX_POINT('',#6536);
#1909=VERTEX_POINT('',#6538);
#1910=VERTEX_POINT('',#6544);
#1911=VERTEX_POINT('',#6546);
#1912=VERTEX_POINT('',#6550);
#1913=VERTEX_POINT('',#6552);
#1914=VERTEX_POINT('',#6558);
#1915=VERTEX_POINT('',#6562);
#1916=VERTEX_POINT('',#6566);
#1917=VERTEX_POINT('',#6570);
#1918=VERTEX_POINT('',#6574);
#1919=VERTEX_POINT('',#6576);
#1920=VERTEX_POINT('',#6578);
#1921=VERTEX_POINT('',#6580);
#1922=VERTEX_POINT('',#6582);
#1923=VERTEX_POINT('',#6584);
#1924=VERTEX_POINT('',#6586);
#1925=VERTEX_POINT('',#6588);
#1926=VERTEX_POINT('',#6590);
#1927=VERTEX_POINT('',#6592);
#1928=VERTEX_POINT('',#6594);
#1929=VERTEX_POINT('',#6596);
#1930=VERTEX_POINT('',#6598);
#1931=VERTEX_POINT('',#6600);
#1932=VERTEX_POINT('',#6602);
#1933=VERTEX_POINT('',#6604);
#1934=VERTEX_POINT('',#6606);
#1935=VERTEX_POINT('',#6608);
#1936=VERTEX_POINT('',#6610);
#1937=VERTEX_POINT('',#6612);
#1938=VERTEX_POINT('',#6614);
#1939=VERTEX_POINT('',#6616);
#1940=VERTEX_POINT('',#6618);
#1941=VERTEX_POINT('',#6620);
#1942=VERTEX_POINT('',#6622);
#1943=VERTEX_POINT('',#6624);
#1944=VERTEX_POINT('',#6626);
#1945=VERTEX_POINT('',#6628);
#1946=VERTEX_POINT('',#6653);
#1947=VERTEX_POINT('',#6655);
#1948=VERTEX_POINT('',#6659);
#1949=VERTEX_POINT('',#6719);
#1950=VERTEX_POINT('',#6721);
#1951=VERTEX_POINT('',#6727);
#1952=VERTEX_POINT('',#6729);
#1953=VERTEX_POINT('',#6737);
#1954=VERTEX_POINT('',#6746);
#1955=VERTEX_POINT('',#6750);
#1956=VERTEX_POINT('',#6754);
#1957=VERTEX_POINT('',#6765);
#1958=VERTEX_POINT('',#6770);
#1959=VERTEX_POINT('',#6779);
#1960=VERTEX_POINT('',#6781);
#1961=VERTEX_POINT('',#6787);
#1962=VERTEX_POINT('',#6789);
#1963=VERTEX_POINT('',#6797);
#1964=VERTEX_POINT('',#6799);
#1965=VERTEX_POINT('',#6807);
#1966=VERTEX_POINT('',#6816);
#1967=VERTEX_POINT('',#6820);
#1968=VERTEX_POINT('',#6824);
#1969=VERTEX_POINT('',#6835);
#1970=VERTEX_POINT('',#6840);
#1971=VERTEX_POINT('',#6853);
#1972=VERTEX_POINT('',#6855);
#1973=VERTEX_POINT('',#6861);
#1974=VERTEX_POINT('',#6863);
#1975=VERTEX_POINT('',#6871);
#1976=VERTEX_POINT('',#6873);
#1977=VERTEX_POINT('',#6879);
#1978=VERTEX_POINT('',#6883);
#1979=VERTEX_POINT('',#6889);
#1980=VERTEX_POINT('',#6898);
#1981=VERTEX_POINT('',#6902);
#1982=VERTEX_POINT('',#6906);
#1983=VERTEX_POINT('',#6950);
#1984=VERTEX_POINT('',#6960);
#1985=VERTEX_POINT('',#6965);
#1986=VERTEX_POINT('',#6971);
#1987=VERTEX_POINT('',#6975);
#1988=VERTEX_POINT('',#6998);
#1989=VERTEX_POINT('',#7002);
#1990=EDGE_CURVE('',#1604,#1604,#1372,.T.);
#1991=EDGE_CURVE('',#1604,#1605,#804,.T.);
#1992=EDGE_CURVE('',#1605,#1605,#1373,.T.);
#1993=EDGE_CURVE('',#1606,#1607,#1374,.T.);
#1994=EDGE_CURVE('',#1608,#1606,#805,.T.);
#1995=EDGE_CURVE('',#1609,#1608,#1375,.T.);
#1996=EDGE_CURVE('',#1609,#1610,#1376,.T.);
#1997=EDGE_CURVE('',#1611,#1610,#1377,.T.);
#1998=EDGE_CURVE('',#1612,#1611,#806,.T.);
#1999=EDGE_CURVE('',#1613,#1612,#1378,.T.);
#2000=EDGE_CURVE('',#1614,#1613,#1379,.T.);
#2001=EDGE_CURVE('',#1615,#1614,#1380,.T.);
#2002=EDGE_CURVE('',#1616,#1615,#807,.T.);
#2003=EDGE_CURVE('',#1617,#1616,#1381,.T.);
#2004=EDGE_CURVE('',#1617,#1618,#1382,.T.);
#2005=EDGE_CURVE('',#1619,#1618,#1383,.T.);
#2006=EDGE_CURVE('',#1620,#1619,#808,.T.);
#2007=EDGE_CURVE('',#1621,#1620,#1384,.T.);
#2008=EDGE_CURVE('',#1621,#1622,#1385,.T.);
#2009=EDGE_CURVE('',#1623,#1622,#1386,.T.);
#2010=EDGE_CURVE('',#1624,#1623,#809,.T.);
#2011=EDGE_CURVE('',#1625,#1624,#1387,.T.);
#2012=EDGE_CURVE('',#1625,#1626,#1388,.T.);
#2013=EDGE_CURVE('',#1627,#1626,#1389,.T.);
#2014=EDGE_CURVE('',#1628,#1627,#810,.T.);
#2015=EDGE_CURVE('',#1629,#1628,#1390,.T.);
#2016=EDGE_CURVE('',#1629,#1630,#1391,.T.);
#2017=EDGE_CURVE('',#1631,#1630,#1392,.T.);
#2018=EDGE_CURVE('',#1632,#1631,#811,.T.);
#2019=EDGE_CURVE('',#1633,#1632,#1393,.T.);
#2020=EDGE_CURVE('',#1633,#1607,#1394,.T.);
#2021=EDGE_CURVE('',#1634,#1635,#1395,.T.);
#2022=EDGE_CURVE('',#1634,#1636,#812,.T.);
#2023=EDGE_CURVE('',#1637,#1636,#1396,.T.);
#2024=EDGE_CURVE('',#1637,#1638,#1397,.T.);
#2025=EDGE_CURVE('',#1639,#1638,#1398,.T.);
#2026=EDGE_CURVE('',#1639,#1640,#813,.T.);
#2027=EDGE_CURVE('',#1641,#1640,#1399,.T.);
#2028=EDGE_CURVE('',#1641,#1642,#1400,.T.);
#2029=EDGE_CURVE('',#1643,#1642,#1401,.T.);
#2030=EDGE_CURVE('',#1643,#1644,#814,.T.);
#2031=EDGE_CURVE('',#1645,#1644,#1402,.T.);
#2032=EDGE_CURVE('',#1645,#1646,#1403,.T.);
#2033=EDGE_CURVE('',#1647,#1646,#1404,.T.);
#2034=EDGE_CURVE('',#1647,#1648,#815,.T.);
#2035=EDGE_CURVE('',#1649,#1648,#1405,.T.);
#2036=EDGE_CURVE('',#1649,#1650,#1406,.T.);
#2037=EDGE_CURVE('',#1651,#1650,#1407,.T.);
#2038=EDGE_CURVE('',#1651,#1652,#816,.T.);
#2039=EDGE_CURVE('',#1653,#1652,#1408,.T.);
#2040=EDGE_CURVE('',#1653,#1654,#1409,.T.);
#2041=EDGE_CURVE('',#1655,#1654,#1410,.T.);
#2042=EDGE_CURVE('',#1655,#1656,#817,.T.);
#2043=EDGE_CURVE('',#1657,#1656,#1411,.T.);
#2044=EDGE_CURVE('',#1657,#1635,#1412,.T.);
#2045=EDGE_CURVE('',#1658,#1659,#1413,.T.);
#2046=EDGE_CURVE('',#1658,#1660,#818,.T.);
#2047=EDGE_CURVE('',#1661,#1660,#1414,.T.);
#2048=EDGE_CURVE('',#1661,#1662,#1415,.T.);
#2049=EDGE_CURVE('',#1663,#1662,#1416,.T.);
#2050=EDGE_CURVE('',#1663,#1664,#819,.T.);
#2051=EDGE_CURVE('',#1665,#1664,#1417,.T.);
#2052=EDGE_CURVE('',#1665,#1666,#1418,.T.);
#2053=EDGE_CURVE('',#1667,#1666,#1419,.T.);
#2054=EDGE_CURVE('',#1667,#1668,#820,.T.);
#2055=EDGE_CURVE('',#1669,#1668,#1420,.T.);
#2056=EDGE_CURVE('',#1669,#1670,#1421,.T.);
#2057=EDGE_CURVE('',#1671,#1670,#1422,.T.);
#2058=EDGE_CURVE('',#1671,#1672,#821,.T.);
#2059=EDGE_CURVE('',#1673,#1672,#1423,.T.);
#2060=EDGE_CURVE('',#1673,#1674,#1424,.T.);
#2061=EDGE_CURVE('',#1675,#1674,#1425,.T.);
#2062=EDGE_CURVE('',#1675,#1676,#822,.T.);
#2063=EDGE_CURVE('',#1677,#1676,#1426,.T.);
#2064=EDGE_CURVE('',#1677,#1678,#1427,.T.);
#2065=EDGE_CURVE('',#1679,#1678,#1428,.T.);
#2066=EDGE_CURVE('',#1679,#1680,#823,.T.);
#2067=EDGE_CURVE('',#1681,#1680,#1429,.T.);
#2068=EDGE_CURVE('',#1681,#1659,#1430,.T.);
#2069=EDGE_CURVE('',#1682,#1683,#1431,.T.);
#2070=EDGE_CURVE('',#1682,#1684,#824,.T.);
#2071=EDGE_CURVE('',#1685,#1684,#1432,.T.);
#2072=EDGE_CURVE('',#1685,#1686,#1433,.T.);
#2073=EDGE_CURVE('',#1687,#1686,#1434,.T.);
#2074=EDGE_CURVE('',#1687,#1688,#825,.T.);
#2075=EDGE_CURVE('',#1689,#1688,#1435,.T.);
#2076=EDGE_CURVE('',#1689,#1690,#1436,.T.);
#2077=EDGE_CURVE('',#1691,#1690,#1437,.T.);
#2078=EDGE_CURVE('',#1691,#1692,#826,.T.);
#2079=EDGE_CURVE('',#1693,#1692,#1438,.T.);
#2080=EDGE_CURVE('',#1693,#1694,#1439,.T.);
#2081=EDGE_CURVE('',#1695,#1694,#1440,.T.);
#2082=EDGE_CURVE('',#1695,#1696,#827,.T.);
#2083=EDGE_CURVE('',#1697,#1696,#1441,.T.);
#2084=EDGE_CURVE('',#1697,#1698,#1442,.T.);
#2085=EDGE_CURVE('',#1699,#1698,#1443,.T.);
#2086=EDGE_CURVE('',#1699,#1700,#828,.T.);
#2087=EDGE_CURVE('',#1701,#1700,#1444,.T.);
#2088=EDGE_CURVE('',#1701,#1702,#1445,.T.);
#2089=EDGE_CURVE('',#1703,#1702,#1446,.T.);
#2090=EDGE_CURVE('',#1703,#1704,#829,.T.);
#2091=EDGE_CURVE('',#1705,#1704,#1447,.T.);
#2092=EDGE_CURVE('',#1705,#1683,#1448,.T.);
#2093=EDGE_CURVE('',#1706,#1707,#1449,.T.);
#2094=EDGE_CURVE('',#1706,#1708,#830,.T.);
#2095=EDGE_CURVE('',#1709,#1708,#1450,.T.);
#2096=EDGE_CURVE('',#1709,#1710,#1451,.T.);
#2097=EDGE_CURVE('',#1711,#1710,#1452,.T.);
#2098=EDGE_CURVE('',#1711,#1712,#831,.T.);
#2099=EDGE_CURVE('',#1713,#1712,#1453,.T.);
#2100=EDGE_CURVE('',#1713,#1714,#1454,.T.);
#2101=EDGE_CURVE('',#1715,#1714,#1455,.T.);
#2102=EDGE_CURVE('',#1715,#1716,#832,.T.);
#2103=EDGE_CURVE('',#1717,#1716,#1456,.T.);
#2104=EDGE_CURVE('',#1717,#1718,#1457,.T.);
#2105=EDGE_CURVE('',#1719,#1718,#1458,.T.);
#2106=EDGE_CURVE('',#1719,#1720,#833,.T.);
#2107=EDGE_CURVE('',#1721,#1720,#1459,.T.);
#2108=EDGE_CURVE('',#1721,#1722,#1460,.T.);
#2109=EDGE_CURVE('',#1723,#1722,#1461,.T.);
#2110=EDGE_CURVE('',#1723,#1724,#834,.T.);
#2111=EDGE_CURVE('',#1725,#1724,#1462,.T.);
#2112=EDGE_CURVE('',#1725,#1726,#1463,.T.);
#2113=EDGE_CURVE('',#1727,#1726,#1464,.T.);
#2114=EDGE_CURVE('',#1727,#1728,#835,.T.);
#2115=EDGE_CURVE('',#1729,#1728,#1465,.T.);
#2116=EDGE_CURVE('',#1729,#1707,#1466,.T.);
#2117=EDGE_CURVE('',#1730,#1731,#1467,.T.);
#2118=EDGE_CURVE('',#1731,#1732,#836,.T.);
#2119=EDGE_CURVE('',#1732,#1733,#1468,.T.);
#2120=EDGE_CURVE('',#1733,#1730,#837,.T.);
#2121=EDGE_CURVE('',#1734,#1731,#838,.T.);
#2122=EDGE_CURVE('',#1735,#1734,#839,.T.);
#2123=EDGE_CURVE('',#1732,#1735,#840,.T.);
#2124=EDGE_CURVE('',#1736,#1737,#1469,.T.);
#2125=EDGE_CURVE('',#1737,#1738,#841,.T.);
#2126=EDGE_CURVE('',#1738,#1739,#1470,.T.);
#2127=EDGE_CURVE('',#1739,#1736,#842,.T.);
#2128=EDGE_CURVE('',#1738,#1733,#843,.T.);
#2129=EDGE_CURVE('',#1730,#1737,#844,.T.);
#2130=EDGE_CURVE('',#1740,#1741,#1471,.T.);
#2131=EDGE_CURVE('',#1741,#1742,#845,.T.);
#2132=EDGE_CURVE('',#1742,#1743,#1472,.T.);
#2133=EDGE_CURVE('',#1743,#1740,#846,.T.);
#2134=EDGE_CURVE('',#1742,#1739,#847,.T.);
#2135=EDGE_CURVE('',#1736,#1741,#848,.T.);
#2136=EDGE_CURVE('',#1734,#1744,#1473,.T.);
#2137=EDGE_CURVE('',#1744,#1745,#849,.T.);
#2138=EDGE_CURVE('',#1745,#1735,#1474,.T.);
#2139=EDGE_CURVE('',#1745,#1743,#850,.T.);
#2140=EDGE_CURVE('',#1740,#1744,#851,.T.);
#2141=EDGE_CURVE('',#1659,#1746,#852,.T.);
#2142=EDGE_CURVE('',#1746,#1747,#1475,.F.);
#2143=EDGE_CURVE('',#1747,#1658,#853,.T.);
#2144=EDGE_CURVE('',#1748,#1681,#854,.T.);
#2145=EDGE_CURVE('',#1748,#1746,#1476,.T.);
#2146=EDGE_CURVE('',#1680,#1749,#855,.T.);
#2147=EDGE_CURVE('',#1749,#1748,#1477,.F.);
#2148=EDGE_CURVE('',#1750,#1679,#856,.T.);
#2149=EDGE_CURVE('',#1750,#1749,#857,.T.);
#2150=EDGE_CURVE('',#1678,#1751,#858,.T.);
#2151=EDGE_CURVE('',#1751,#1750,#1478,.F.);
#2152=EDGE_CURVE('',#1752,#1677,#859,.T.);
#2153=EDGE_CURVE('',#1752,#1751,#1479,.T.);
#2154=EDGE_CURVE('',#1676,#1753,#860,.T.);
#2155=EDGE_CURVE('',#1753,#1752,#1480,.F.);
#2156=EDGE_CURVE('',#1754,#1675,#861,.T.);
#2157=EDGE_CURVE('',#1754,#1753,#862,.T.);
#2158=EDGE_CURVE('',#1674,#1755,#863,.T.);
#2159=EDGE_CURVE('',#1755,#1754,#1481,.F.);
#2160=EDGE_CURVE('',#1756,#1673,#864,.T.);
#2161=EDGE_CURVE('',#1756,#1755,#1482,.T.);
#2162=EDGE_CURVE('',#1672,#1757,#865,.T.);
#2163=EDGE_CURVE('',#1757,#1756,#1483,.F.);
#2164=EDGE_CURVE('',#1758,#1671,#866,.T.);
#2165=EDGE_CURVE('',#1758,#1757,#867,.T.);
#2166=EDGE_CURVE('',#1670,#1759,#868,.T.);
#2167=EDGE_CURVE('',#1759,#1758,#1484,.F.);
#2168=EDGE_CURVE('',#1760,#1669,#869,.T.);
#2169=EDGE_CURVE('',#1760,#1759,#1485,.T.);
#2170=EDGE_CURVE('',#1668,#1761,#870,.T.);
#2171=EDGE_CURVE('',#1761,#1760,#1486,.F.);
#2172=EDGE_CURVE('',#1762,#1667,#871,.T.);
#2173=EDGE_CURVE('',#1762,#1761,#872,.T.);
#2174=EDGE_CURVE('',#1666,#1763,#873,.T.);
#2175=EDGE_CURVE('',#1763,#1762,#1487,.F.);
#2176=EDGE_CURVE('',#1764,#1665,#874,.T.);
#2177=EDGE_CURVE('',#1764,#1763,#1488,.T.);
#2178=EDGE_CURVE('',#1664,#1765,#875,.T.);
#2179=EDGE_CURVE('',#1765,#1764,#1489,.F.);
#2180=EDGE_CURVE('',#1766,#1663,#876,.T.);
#2181=EDGE_CURVE('',#1766,#1765,#877,.T.);
#2182=EDGE_CURVE('',#1660,#1767,#878,.T.);
#2183=EDGE_CURVE('',#1767,#1768,#1490,.F.);
#2184=EDGE_CURVE('',#1768,#1661,#879,.T.);
#2185=EDGE_CURVE('',#1768,#1769,#1491,.T.);
#2186=EDGE_CURVE('',#1662,#1769,#880,.T.);
#2187=EDGE_CURVE('',#1769,#1766,#1492,.F.);
#2188=EDGE_CURVE('',#1683,#1770,#881,.T.);
#2189=EDGE_CURVE('',#1770,#1771,#1493,.F.);
#2190=EDGE_CURVE('',#1771,#1682,#882,.T.);
#2191=EDGE_CURVE('',#1772,#1705,#883,.T.);
#2192=EDGE_CURVE('',#1772,#1770,#1494,.T.);
#2193=EDGE_CURVE('',#1704,#1773,#884,.T.);
#2194=EDGE_CURVE('',#1773,#1772,#1495,.F.);
#2195=EDGE_CURVE('',#1774,#1703,#885,.T.);
#2196=EDGE_CURVE('',#1774,#1773,#886,.T.);
#2197=EDGE_CURVE('',#1702,#1775,#887,.T.);
#2198=EDGE_CURVE('',#1775,#1774,#1496,.F.);
#2199=EDGE_CURVE('',#1776,#1701,#888,.T.);
#2200=EDGE_CURVE('',#1776,#1775,#1497,.T.);
#2201=EDGE_CURVE('',#1700,#1777,#889,.T.);
#2202=EDGE_CURVE('',#1777,#1776,#1498,.F.);
#2203=EDGE_CURVE('',#1778,#1699,#890,.T.);
#2204=EDGE_CURVE('',#1778,#1777,#891,.T.);
#2205=EDGE_CURVE('',#1698,#1779,#892,.T.);
#2206=EDGE_CURVE('',#1779,#1778,#1499,.F.);
#2207=EDGE_CURVE('',#1780,#1697,#893,.T.);
#2208=EDGE_CURVE('',#1780,#1779,#1500,.T.);
#2209=EDGE_CURVE('',#1696,#1781,#894,.T.);
#2210=EDGE_CURVE('',#1781,#1780,#1501,.F.);
#2211=EDGE_CURVE('',#1782,#1695,#895,.T.);
#2212=EDGE_CURVE('',#1782,#1781,#896,.T.);
#2213=EDGE_CURVE('',#1694,#1783,#897,.T.);
#2214=EDGE_CURVE('',#1783,#1782,#1502,.F.);
#2215=EDGE_CURVE('',#1784,#1693,#898,.T.);
#2216=EDGE_CURVE('',#1784,#1783,#1503,.T.);
#2217=EDGE_CURVE('',#1692,#1785,#899,.T.);
#2218=EDGE_CURVE('',#1785,#1784,#1504,.F.);
#2219=EDGE_CURVE('',#1786,#1691,#900,.T.);
#2220=EDGE_CURVE('',#1786,#1785,#901,.T.);
#2221=EDGE_CURVE('',#1690,#1787,#902,.T.);
#2222=EDGE_CURVE('',#1787,#1786,#1505,.F.);
#2223=EDGE_CURVE('',#1788,#1689,#903,.T.);
#2224=EDGE_CURVE('',#1788,#1787,#1506,.T.);
#2225=EDGE_CURVE('',#1688,#1789,#904,.T.);
#2226=EDGE_CURVE('',#1789,#1788,#1507,.F.);
#2227=EDGE_CURVE('',#1790,#1687,#905,.T.);
#2228=EDGE_CURVE('',#1790,#1789,#906,.T.);
#2229=EDGE_CURVE('',#1684,#1791,#907,.T.);
#2230=EDGE_CURVE('',#1791,#1792,#1508,.F.);
#2231=EDGE_CURVE('',#1792,#1685,#908,.T.);
#2232=EDGE_CURVE('',#1792,#1793,#1509,.T.);
#2233=EDGE_CURVE('',#1686,#1793,#909,.T.);
#2234=EDGE_CURVE('',#1793,#1790,#1510,.F.);
#2235=EDGE_CURVE('',#1635,#1794,#910,.T.);
#2236=EDGE_CURVE('',#1794,#1795,#1511,.F.);
#2237=EDGE_CURVE('',#1795,#1634,#911,.T.);
#2238=EDGE_CURVE('',#1796,#1657,#912,.T.);
#2239=EDGE_CURVE('',#1796,#1794,#1512,.T.);
#2240=EDGE_CURVE('',#1656,#1797,#913,.T.);
#2241=EDGE_CURVE('',#1797,#1796,#1513,.F.);
#2242=EDGE_CURVE('',#1798,#1655,#914,.T.);
#2243=EDGE_CURVE('',#1798,#1797,#915,.T.);
#2244=EDGE_CURVE('',#1654,#1799,#916,.T.);
#2245=EDGE_CURVE('',#1799,#1798,#1514,.F.);
#2246=EDGE_CURVE('',#1800,#1653,#917,.T.);
#2247=EDGE_CURVE('',#1800,#1799,#1515,.T.);
#2248=EDGE_CURVE('',#1652,#1801,#918,.T.);
#2249=EDGE_CURVE('',#1801,#1800,#1516,.F.);
#2250=EDGE_CURVE('',#1802,#1651,#919,.T.);
#2251=EDGE_CURVE('',#1802,#1801,#920,.T.);
#2252=EDGE_CURVE('',#1650,#1803,#921,.T.);
#2253=EDGE_CURVE('',#1803,#1802,#1517,.F.);
#2254=EDGE_CURVE('',#1804,#1649,#922,.T.);
#2255=EDGE_CURVE('',#1804,#1803,#1518,.T.);
#2256=EDGE_CURVE('',#1648,#1805,#923,.T.);
#2257=EDGE_CURVE('',#1805,#1804,#1519,.F.);
#2258=EDGE_CURVE('',#1806,#1647,#924,.T.);
#2259=EDGE_CURVE('',#1806,#1805,#925,.T.);
#2260=EDGE_CURVE('',#1646,#1807,#926,.T.);
#2261=EDGE_CURVE('',#1807,#1806,#1520,.F.);
#2262=EDGE_CURVE('',#1808,#1645,#927,.T.);
#2263=EDGE_CURVE('',#1808,#1807,#1521,.T.);
#2264=EDGE_CURVE('',#1644,#1809,#928,.T.);
#2265=EDGE_CURVE('',#1809,#1808,#1522,.F.);
#2266=EDGE_CURVE('',#1810,#1643,#929,.T.);
#2267=EDGE_CURVE('',#1810,#1809,#930,.T.);
#2268=EDGE_CURVE('',#1642,#1811,#931,.T.);
#2269=EDGE_CURVE('',#1811,#1810,#1523,.F.);
#2270=EDGE_CURVE('',#1812,#1641,#932,.T.);
#2271=EDGE_CURVE('',#1812,#1811,#1524,.T.);
#2272=EDGE_CURVE('',#1640,#1813,#933,.T.);
#2273=EDGE_CURVE('',#1813,#1812,#1525,.F.);
#2274=EDGE_CURVE('',#1814,#1639,#934,.T.);
#2275=EDGE_CURVE('',#1814,#1813,#935,.T.);
#2276=EDGE_CURVE('',#1636,#1815,#936,.T.);
#2277=EDGE_CURVE('',#1815,#1816,#1526,.F.);
#2278=EDGE_CURVE('',#1816,#1637,#937,.T.);
#2279=EDGE_CURVE('',#1816,#1817,#1527,.T.);
#2280=EDGE_CURVE('',#1638,#1817,#938,.T.);
#2281=EDGE_CURVE('',#1817,#1814,#1528,.F.);
#2282=EDGE_CURVE('',#1747,#1767,#939,.T.);
#2283=EDGE_CURVE('',#1818,#1818,#1529,.T.);
#2284=EDGE_CURVE('',#1771,#1791,#940,.T.);
#2285=EDGE_CURVE('',#1819,#1819,#1530,.T.);
#2286=EDGE_CURVE('',#1795,#1815,#941,.T.);
#2287=EDGE_CURVE('',#1820,#1820,#1531,.T.);
#2288=EDGE_CURVE('',#1707,#1821,#942,.T.);
#2289=EDGE_CURVE('',#1821,#1822,#1532,.F.);
#2290=EDGE_CURVE('',#1822,#1706,#943,.T.);
#2291=EDGE_CURVE('',#1823,#1729,#944,.T.);
#2292=EDGE_CURVE('',#1823,#1821,#1533,.T.);
#2293=EDGE_CURVE('',#1728,#1824,#945,.T.);
#2294=EDGE_CURVE('',#1824,#1823,#1534,.F.);
#2295=EDGE_CURVE('',#1825,#1727,#946,.T.);
#2296=EDGE_CURVE('',#1825,#1824,#947,.T.);
#2297=EDGE_CURVE('',#1726,#1826,#948,.T.);
#2298=EDGE_CURVE('',#1826,#1825,#1535,.F.);
#2299=EDGE_CURVE('',#1827,#1725,#949,.T.);
#2300=EDGE_CURVE('',#1827,#1826,#1536,.T.);
#2301=EDGE_CURVE('',#1724,#1828,#950,.T.);
#2302=EDGE_CURVE('',#1828,#1827,#1537,.F.);
#2303=EDGE_CURVE('',#1829,#1723,#951,.T.);
#2304=EDGE_CURVE('',#1829,#1828,#952,.T.);
#2305=EDGE_CURVE('',#1722,#1830,#953,.T.);
#2306=EDGE_CURVE('',#1830,#1829,#1538,.F.);
#2307=EDGE_CURVE('',#1831,#1721,#954,.T.);
#2308=EDGE_CURVE('',#1831,#1830,#1539,.T.);
#2309=EDGE_CURVE('',#1720,#1832,#955,.T.);
#2310=EDGE_CURVE('',#1832,#1831,#1540,.F.);
#2311=EDGE_CURVE('',#1833,#1719,#956,.T.);
#2312=EDGE_CURVE('',#1833,#1832,#957,.T.);
#2313=EDGE_CURVE('',#1718,#1834,#958,.T.);
#2314=EDGE_CURVE('',#1834,#1833,#1541,.F.);
#2315=EDGE_CURVE('',#1835,#1717,#959,.T.);
#2316=EDGE_CURVE('',#1835,#1834,#1542,.T.);
#2317=EDGE_CURVE('',#1716,#1836,#960,.T.);
#2318=EDGE_CURVE('',#1836,#1835,#1543,.F.);
#2319=EDGE_CURVE('',#1837,#1715,#961,.T.);
#2320=EDGE_CURVE('',#1837,#1836,#962,.T.);
#2321=EDGE_CURVE('',#1714,#1838,#963,.T.);
#2322=EDGE_CURVE('',#1838,#1837,#1544,.F.);
#2323=EDGE_CURVE('',#1839,#1713,#964,.T.);
#2324=EDGE_CURVE('',#1839,#1838,#1545,.T.);
#2325=EDGE_CURVE('',#1712,#1840,#965,.T.);
#2326=EDGE_CURVE('',#1840,#1839,#1546,.F.);
#2327=EDGE_CURVE('',#1841,#1711,#966,.T.);
#2328=EDGE_CURVE('',#1841,#1840,#967,.T.);
#2329=EDGE_CURVE('',#1708,#1842,#968,.T.);
#2330=EDGE_CURVE('',#1842,#1843,#1547,.F.);
#2331=EDGE_CURVE('',#1843,#1709,#969,.T.);
#2332=EDGE_CURVE('',#1843,#1844,#1548,.T.);
#2333=EDGE_CURVE('',#1710,#1844,#970,.T.);
#2334=EDGE_CURVE('',#1844,#1841,#1549,.F.);
#2335=EDGE_CURVE('',#1822,#1842,#971,.T.);
#2336=EDGE_CURVE('',#1845,#1845,#1550,.T.);
#2337=EDGE_CURVE('',#1846,#1847,#972,.T.);
#2338=EDGE_CURVE('',#1847,#1848,#973,.T.);
#2339=EDGE_CURVE('',#1848,#1849,#42,.T.);
#2340=EDGE_CURVE('',#1849,#1846,#974,.T.);
#2341=EDGE_CURVE('',#1847,#1850,#1551,.T.);
#2342=EDGE_CURVE('',#1851,#1850,#975,.T.);
#2343=EDGE_CURVE('',#1848,#1851,#1552,.T.);
#2344=EDGE_CURVE('',#1850,#1852,#976,.T.);
#2345=EDGE_CURVE('',#1852,#1853,#977,.T.);
#2346=EDGE_CURVE('',#1853,#1851,#43,.T.);
#2347=EDGE_CURVE('',#1852,#1854,#978,.T.);
#2348=EDGE_CURVE('',#1855,#1854,#979,.T.);
#2349=EDGE_CURVE('',#1856,#1855,#44,.T.);
#2350=EDGE_CURVE('',#1853,#1856,#45,.T.);
#2351=EDGE_CURVE('',#1854,#1857,#1553,.T.);
#2352=EDGE_CURVE('',#1857,#1858,#980,.T.);
#2353=EDGE_CURVE('',#1859,#1858,#1554,.T.);
#2354=EDGE_CURVE('',#1855,#1859,#14,.F.);
#2355=EDGE_CURVE('',#1857,#1860,#981,.T.);
#2356=EDGE_CURVE('',#1861,#1860,#982,.T.);
#2357=EDGE_CURVE('',#1858,#1861,#983,.T.);
#2358=EDGE_CURVE('',#1860,#1862,#1555,.T.);
#2359=EDGE_CURVE('',#1862,#1863,#984,.T.);
#2360=EDGE_CURVE('',#1863,#1864,#15,.T.);
#2361=EDGE_CURVE('',#1861,#1864,#1556,.T.);
#2362=EDGE_CURVE('',#1862,#1865,#985,.T.);
#2363=EDGE_CURVE('',#1866,#1865,#986,.T.);
#2364=EDGE_CURVE('',#1867,#1866,#46,.T.);
#2365=EDGE_CURVE('',#1863,#1867,#47,.T.);
#2366=EDGE_CURVE('',#1865,#1868,#987,.T.);
#2367=EDGE_CURVE('',#1868,#1869,#988,.T.);
#2368=EDGE_CURVE('',#1869,#1866,#48,.T.);
#2369=EDGE_CURVE('',#1868,#1870,#1557,.T.);
#2370=EDGE_CURVE('',#1871,#1870,#989,.T.);
#2371=EDGE_CURVE('',#1869,#1871,#1558,.T.);
#2372=EDGE_CURVE('',#1870,#1872,#990,.T.);
#2373=EDGE_CURVE('',#1872,#1873,#991,.T.);
#2374=EDGE_CURVE('',#1873,#1871,#49,.T.);
#2375=EDGE_CURVE('',#1872,#1874,#992,.T.);
#2376=EDGE_CURVE('',#1875,#1874,#993,.T.);
#2377=EDGE_CURVE('',#1876,#1875,#50,.T.);
#2378=EDGE_CURVE('',#1873,#1876,#51,.T.);
#2379=EDGE_CURVE('',#1874,#1877,#1559,.T.);
#2380=EDGE_CURVE('',#1877,#1878,#994,.T.);
#2381=EDGE_CURVE('',#1879,#1878,#1560,.T.);
#2382=EDGE_CURVE('',#1875,#1879,#16,.F.);
#2383=EDGE_CURVE('',#1877,#1880,#995,.T.);
#2384=EDGE_CURVE('',#1881,#1880,#996,.T.);
#2385=EDGE_CURVE('',#1878,#1881,#997,.T.);
#2386=EDGE_CURVE('',#1880,#1882,#1561,.T.);
#2387=EDGE_CURVE('',#1882,#1883,#998,.T.);
#2388=EDGE_CURVE('',#1883,#1884,#17,.T.);
#2389=EDGE_CURVE('',#1881,#1884,#1562,.T.);
#2390=EDGE_CURVE('',#1882,#1885,#999,.T.);
#2391=EDGE_CURVE('',#1886,#1885,#1000,.T.);
#2392=EDGE_CURVE('',#1887,#1886,#52,.T.);
#2393=EDGE_CURVE('',#1883,#1887,#53,.T.);
#2394=EDGE_CURVE('',#1885,#1888,#1001,.T.);
#2395=EDGE_CURVE('',#1888,#1889,#1002,.T.);
#2396=EDGE_CURVE('',#1889,#1886,#54,.T.);
#2397=EDGE_CURVE('',#1888,#1890,#1563,.T.);
#2398=EDGE_CURVE('',#1891,#1890,#1003,.T.);
#2399=EDGE_CURVE('',#1889,#1891,#1564,.T.);
#2400=EDGE_CURVE('',#1890,#1892,#1004,.T.);
#2401=EDGE_CURVE('',#1892,#1893,#1005,.T.);
#2402=EDGE_CURVE('',#1893,#1891,#55,.T.);
#2403=EDGE_CURVE('',#1892,#1894,#1006,.T.);
#2404=EDGE_CURVE('',#1895,#1894,#1007,.T.);
#2405=EDGE_CURVE('',#1896,#1895,#56,.T.);
#2406=EDGE_CURVE('',#1893,#1896,#57,.T.);
#2407=EDGE_CURVE('',#1894,#1897,#1565,.T.);
#2408=EDGE_CURVE('',#1897,#1898,#1008,.T.);
#2409=EDGE_CURVE('',#1899,#1898,#1566,.T.);
#2410=EDGE_CURVE('',#1895,#1899,#18,.F.);
#2411=EDGE_CURVE('',#1897,#1900,#1009,.T.);
#2412=EDGE_CURVE('',#1901,#1900,#1010,.T.);
#2413=EDGE_CURVE('',#1898,#1901,#1011,.T.);
#2414=EDGE_CURVE('',#1900,#1902,#1567,.T.);
#2415=EDGE_CURVE('',#1902,#1903,#1012,.T.);
#2416=EDGE_CURVE('',#1903,#1904,#19,.T.);
#2417=EDGE_CURVE('',#1901,#1904,#1568,.T.);
#2418=EDGE_CURVE('',#1902,#1905,#1013,.T.);
#2419=EDGE_CURVE('',#1906,#1905,#1014,.T.);
#2420=EDGE_CURVE('',#1907,#1906,#58,.T.);
#2421=EDGE_CURVE('',#1903,#1907,#59,.T.);
#2422=EDGE_CURVE('',#1905,#1908,#1015,.T.);
#2423=EDGE_CURVE('',#1908,#1909,#1016,.T.);
#2424=EDGE_CURVE('',#1909,#1906,#60,.T.);
#2425=EDGE_CURVE('',#1908,#1910,#1569,.T.);
#2426=EDGE_CURVE('',#1911,#1910,#1017,.T.);
#2427=EDGE_CURVE('',#1909,#1911,#1570,.T.);
#2428=EDGE_CURVE('',#1910,#1912,#1018,.T.);
#2429=EDGE_CURVE('',#1912,#1913,#1019,.T.);
#2430=EDGE_CURVE('',#1913,#1911,#61,.T.);
#2431=EDGE_CURVE('',#1914,#1914,#1571,.T.);
#2432=EDGE_CURVE('',#1914,#1820,#1020,.T.);
#2433=EDGE_CURVE('',#1915,#1915,#1572,.T.);
#2434=EDGE_CURVE('',#1915,#1845,#1021,.T.);
#2435=EDGE_CURVE('',#1916,#1916,#1573,.T.);
#2436=EDGE_CURVE('',#1916,#1818,#1022,.T.);
#2437=EDGE_CURVE('',#1917,#1917,#1574,.T.);
#2438=EDGE_CURVE('',#1917,#1819,#1023,.T.);
#2439=EDGE_CURVE('',#1918,#1846,#1024,.T.);
#2440=EDGE_CURVE('',#1919,#1918,#1575,.T.);
#2441=EDGE_CURVE('',#1920,#1919,#1025,.T.);
#2442=EDGE_CURVE('',#1921,#1920,#1576,.T.);
#2443=EDGE_CURVE('',#1922,#1921,#1026,.T.);
#2444=EDGE_CURVE('',#1923,#1922,#1027,.T.);
#2445=EDGE_CURVE('',#1924,#1923,#1577,.T.);
#2446=EDGE_CURVE('',#1925,#1924,#1028,.T.);
#2447=EDGE_CURVE('',#1926,#1925,#1029,.T.);
#2448=EDGE_CURVE('',#1927,#1926,#1578,.T.);
#2449=EDGE_CURVE('',#1928,#1927,#1030,.T.);
#2450=EDGE_CURVE('',#1929,#1928,#1579,.T.);
#2451=EDGE_CURVE('',#1930,#1929,#1031,.T.);
#2452=EDGE_CURVE('',#1931,#1930,#1032,.T.);
#2453=EDGE_CURVE('',#1932,#1931,#1580,.T.);
#2454=EDGE_CURVE('',#1933,#1932,#1033,.T.);
#2455=EDGE_CURVE('',#1934,#1933,#1034,.T.);
#2456=EDGE_CURVE('',#1935,#1934,#1581,.T.);
#2457=EDGE_CURVE('',#1936,#1935,#1035,.T.);
#2458=EDGE_CURVE('',#1937,#1936,#1582,.T.);
#2459=EDGE_CURVE('',#1938,#1937,#1036,.T.);
#2460=EDGE_CURVE('',#1939,#1938,#1037,.T.);
#2461=EDGE_CURVE('',#1940,#1939,#1583,.T.);
#2462=EDGE_CURVE('',#1941,#1940,#1038,.T.);
#2463=EDGE_CURVE('',#1941,#1942,#1039,.T.);
#2464=EDGE_CURVE('',#1943,#1942,#1584,.T.);
#2465=EDGE_CURVE('',#1944,#1943,#1040,.T.);
#2466=EDGE_CURVE('',#1945,#1944,#1585,.T.);
#2467=EDGE_CURVE('',#1945,#1912,#1041,.T.);
#2468=EDGE_CURVE('',#1904,#1609,#20,.T.);
#2469=EDGE_CURVE('',#1608,#1901,#1042,.T.);
#2470=EDGE_CURVE('',#1606,#1898,#1043,.T.);
#2471=EDGE_CURVE('',#1607,#1899,#21,.T.);
#2472=EDGE_CURVE('',#1907,#1946,#1586,.T.);
#2473=EDGE_CURVE('',#1946,#1947,#62,.T.);
#2474=EDGE_CURVE('',#1948,#1947,#22,.T.);
#2475=EDGE_CURVE('',#1610,#1948,#23,.T.);
#2476=EDGE_CURVE('',#1884,#1633,#24,.T.);
#2477=EDGE_CURVE('',#1632,#1881,#1044,.T.);
#2478=EDGE_CURVE('',#1631,#1878,#1045,.T.);
#2479=EDGE_CURVE('',#1630,#1879,#25,.T.);
#2480=EDGE_CURVE('',#1887,#1896,#1587,.T.);
#2481=EDGE_CURVE('',#1864,#1629,#26,.T.);
#2482=EDGE_CURVE('',#1628,#1861,#1046,.T.);
#2483=EDGE_CURVE('',#1627,#1858,#1047,.T.);
#2484=EDGE_CURVE('',#1626,#1859,#27,.T.);
#2485=EDGE_CURVE('',#1867,#1876,#1588,.T.);
#2486=EDGE_CURVE('',#1922,#1949,#1048,.T.);
#2487=EDGE_CURVE('',#1949,#1950,#63,.T.);
#2488=EDGE_CURVE('',#1950,#1923,#1049,.T.);
#2489=EDGE_CURVE('',#1951,#1921,#1050,.T.);
#2490=EDGE_CURVE('',#1952,#1951,#64,.T.);
#2491=EDGE_CURVE('',#1949,#1952,#65,.T.);
#2492=EDGE_CURVE('',#1953,#1625,#28,.T.);
#2493=EDGE_CURVE('',#1624,#1954,#1051,.T.);
#2494=EDGE_CURVE('',#1954,#1953,#1589,.T.);
#2495=EDGE_CURVE('',#1623,#1955,#1052,.T.);
#2496=EDGE_CURVE('',#1955,#1954,#1053,.T.);
#2497=EDGE_CURVE('',#1622,#1956,#29,.T.);
#2498=EDGE_CURVE('',#1956,#1955,#1590,.T.);
#2499=EDGE_CURVE('',#1957,#1953,#30,.T.);
#2500=EDGE_CURVE('',#1957,#1958,#66,.T.);
#2501=EDGE_CURVE('',#1958,#1856,#1591,.T.);
#2502=EDGE_CURVE('',#1918,#1957,#1054,.T.);
#2503=EDGE_CURVE('',#1954,#1919,#1055,.T.);
#2504=EDGE_CURVE('',#1930,#1959,#1056,.T.);
#2505=EDGE_CURVE('',#1959,#1960,#67,.T.);
#2506=EDGE_CURVE('',#1960,#1931,#1057,.T.);
#2507=EDGE_CURVE('',#1961,#1929,#1058,.T.);
#2508=EDGE_CURVE('',#1962,#1961,#68,.T.);
#2509=EDGE_CURVE('',#1959,#1962,#69,.T.);
#2510=EDGE_CURVE('',#1924,#1963,#1059,.T.);
#2511=EDGE_CURVE('',#1963,#1964,#70,.T.);
#2512=EDGE_CURVE('',#1964,#1925,#1060,.T.);
#2513=EDGE_CURVE('',#1963,#1950,#1592,.T.);
#2514=EDGE_CURVE('',#1965,#1621,#31,.T.);
#2515=EDGE_CURVE('',#1620,#1966,#1061,.T.);
#2516=EDGE_CURVE('',#1966,#1965,#1593,.T.);
#2517=EDGE_CURVE('',#1619,#1967,#1062,.T.);
#2518=EDGE_CURVE('',#1967,#1966,#1063,.T.);
#2519=EDGE_CURVE('',#1618,#1968,#32,.T.);
#2520=EDGE_CURVE('',#1968,#1967,#1594,.T.);
#2521=EDGE_CURVE('',#1969,#1965,#33,.T.);
#2522=EDGE_CURVE('',#1969,#1970,#71,.T.);
#2523=EDGE_CURVE('',#1970,#1952,#1595,.T.);
#2524=EDGE_CURVE('',#1951,#1956,#34,.F.);
#2525=EDGE_CURVE('',#1926,#1969,#1064,.T.);
#2526=EDGE_CURVE('',#1966,#1927,#1065,.T.);
#2527=EDGE_CURVE('',#1938,#1971,#1066,.T.);
#2528=EDGE_CURVE('',#1971,#1972,#72,.T.);
#2529=EDGE_CURVE('',#1972,#1939,#1067,.T.);
#2530=EDGE_CURVE('',#1973,#1937,#1068,.T.);
#2531=EDGE_CURVE('',#1974,#1973,#73,.T.);
#2532=EDGE_CURVE('',#1971,#1974,#74,.T.);
#2533=EDGE_CURVE('',#1932,#1975,#1069,.T.);
#2534=EDGE_CURVE('',#1975,#1976,#75,.T.);
#2535=EDGE_CURVE('',#1976,#1933,#1070,.T.);
#2536=EDGE_CURVE('',#1977,#1976,#76,.T.);
#2537=EDGE_CURVE('',#1978,#1977,#77,.T.);
#2538=EDGE_CURVE('',#1934,#1978,#1071,.T.);
#2539=EDGE_CURVE('',#1979,#1617,#35,.T.);
#2540=EDGE_CURVE('',#1616,#1980,#1072,.T.);
#2541=EDGE_CURVE('',#1980,#1979,#1596,.T.);
#2542=EDGE_CURVE('',#1615,#1981,#1073,.T.);
#2543=EDGE_CURVE('',#1981,#1980,#1074,.T.);
#2544=EDGE_CURVE('',#1614,#1982,#36,.T.);
#2545=EDGE_CURVE('',#1982,#1981,#1597,.T.);
#2546=EDGE_CURVE('',#1978,#1979,#37,.T.);
#2547=EDGE_CURVE('',#1977,#1962,#1598,.T.);
#2548=EDGE_CURVE('',#1961,#1968,#38,.F.);
#2549=EDGE_CURVE('',#1980,#1935,#1075,.T.);
#2550=EDGE_CURVE('',#1958,#1849,#78,.T.);
#2551=EDGE_CURVE('',#1920,#1955,#1076,.T.);
#2552=EDGE_CURVE('',#1970,#1964,#79,.T.);
#2553=EDGE_CURVE('',#1928,#1967,#1077,.T.);
#2554=EDGE_CURVE('',#1936,#1981,#1078,.T.);
#2555=EDGE_CURVE('',#1973,#1982,#39,.F.);
#2556=EDGE_CURVE('',#1983,#1613,#40,.T.);
#2557=EDGE_CURVE('',#1984,#1983,#41,.T.);
#2558=EDGE_CURVE('',#1984,#1985,#80,.T.);
#2559=EDGE_CURVE('',#1985,#1974,#1599,.T.);
#2560=EDGE_CURVE('',#1985,#1986,#81,.T.);
#2561=EDGE_CURVE('',#1987,#1986,#82,.T.);
#2562=EDGE_CURVE('',#1987,#1972,#1600,.T.);
#2563=EDGE_CURVE('',#1975,#1960,#1601,.T.);
#2564=EDGE_CURVE('',#1913,#1946,#83,.T.);
#2565=EDGE_CURVE('',#1940,#1987,#1079,.T.);
#2566=EDGE_CURVE('',#1986,#1941,#1080,.T.);
#2567=EDGE_CURVE('',#1942,#1984,#1081,.T.);
#2568=EDGE_CURVE('',#1612,#1988,#1082,.T.);
#2569=EDGE_CURVE('',#1988,#1983,#1602,.T.);
#2570=EDGE_CURVE('',#1611,#1989,#1083,.T.);
#2571=EDGE_CURVE('',#1989,#1988,#1084,.T.);
#2572=EDGE_CURVE('',#1948,#1989,#1603,.T.);
#2573=EDGE_CURVE('',#1988,#1943,#1085,.T.);
#2574=EDGE_CURVE('',#1944,#1989,#1086,.T.);
#2575=EDGE_CURVE('',#1947,#1945,#1087,.T.);
#2576=ORIENTED_EDGE('',*,*,#1990,.T.);
#2577=ORIENTED_EDGE('',*,*,#1991,.T.);
#2578=ORIENTED_EDGE('',*,*,#1992,.T.);
#2579=ORIENTED_EDGE('',*,*,#1991,.F.);
#2580=ORIENTED_EDGE('',*,*,#1993,.F.);
#2581=ORIENTED_EDGE('',*,*,#1994,.F.);
#2582=ORIENTED_EDGE('',*,*,#1995,.F.);
#2583=ORIENTED_EDGE('',*,*,#1996,.T.);
#2584=ORIENTED_EDGE('',*,*,#1997,.F.);
#2585=ORIENTED_EDGE('',*,*,#1998,.F.);
#2586=ORIENTED_EDGE('',*,*,#1999,.F.);
#2587=ORIENTED_EDGE('',*,*,#2000,.F.);
#2588=ORIENTED_EDGE('',*,*,#2001,.F.);
#2589=ORIENTED_EDGE('',*,*,#2002,.F.);
#2590=ORIENTED_EDGE('',*,*,#2003,.F.);
#2591=ORIENTED_EDGE('',*,*,#2004,.T.);
#2592=ORIENTED_EDGE('',*,*,#2005,.F.);
#2593=ORIENTED_EDGE('',*,*,#2006,.F.);
#2594=ORIENTED_EDGE('',*,*,#2007,.F.);
#2595=ORIENTED_EDGE('',*,*,#2008,.T.);
#2596=ORIENTED_EDGE('',*,*,#2009,.F.);
#2597=ORIENTED_EDGE('',*,*,#2010,.F.);
#2598=ORIENTED_EDGE('',*,*,#2011,.F.);
#2599=ORIENTED_EDGE('',*,*,#2012,.T.);
#2600=ORIENTED_EDGE('',*,*,#2013,.F.);
#2601=ORIENTED_EDGE('',*,*,#2014,.F.);
#2602=ORIENTED_EDGE('',*,*,#2015,.F.);
#2603=ORIENTED_EDGE('',*,*,#2016,.T.);
#2604=ORIENTED_EDGE('',*,*,#2017,.F.);
#2605=ORIENTED_EDGE('',*,*,#2018,.F.);
#2606=ORIENTED_EDGE('',*,*,#2019,.F.);
#2607=ORIENTED_EDGE('',*,*,#2020,.T.);
#2608=ORIENTED_EDGE('',*,*,#2021,.F.);
#2609=ORIENTED_EDGE('',*,*,#2022,.T.);
#2610=ORIENTED_EDGE('',*,*,#2023,.F.);
#2611=ORIENTED_EDGE('',*,*,#2024,.T.);
#2612=ORIENTED_EDGE('',*,*,#2025,.F.);
#2613=ORIENTED_EDGE('',*,*,#2026,.T.);
#2614=ORIENTED_EDGE('',*,*,#2027,.F.);
#2615=ORIENTED_EDGE('',*,*,#2028,.T.);
#2616=ORIENTED_EDGE('',*,*,#2029,.F.);
#2617=ORIENTED_EDGE('',*,*,#2030,.T.);
#2618=ORIENTED_EDGE('',*,*,#2031,.F.);
#2619=ORIENTED_EDGE('',*,*,#2032,.T.);
#2620=ORIENTED_EDGE('',*,*,#2033,.F.);
#2621=ORIENTED_EDGE('',*,*,#2034,.T.);
#2622=ORIENTED_EDGE('',*,*,#2035,.F.);
#2623=ORIENTED_EDGE('',*,*,#2036,.T.);
#2624=ORIENTED_EDGE('',*,*,#2037,.F.);
#2625=ORIENTED_EDGE('',*,*,#2038,.T.);
#2626=ORIENTED_EDGE('',*,*,#2039,.F.);
#2627=ORIENTED_EDGE('',*,*,#2040,.T.);
#2628=ORIENTED_EDGE('',*,*,#2041,.F.);
#2629=ORIENTED_EDGE('',*,*,#2042,.T.);
#2630=ORIENTED_EDGE('',*,*,#2043,.F.);
#2631=ORIENTED_EDGE('',*,*,#2044,.T.);
#2632=ORIENTED_EDGE('',*,*,#2045,.F.);
#2633=ORIENTED_EDGE('',*,*,#2046,.T.);
#2634=ORIENTED_EDGE('',*,*,#2047,.F.);
#2635=ORIENTED_EDGE('',*,*,#2048,.T.);
#2636=ORIENTED_EDGE('',*,*,#2049,.F.);
#2637=ORIENTED_EDGE('',*,*,#2050,.T.);
#2638=ORIENTED_EDGE('',*,*,#2051,.F.);
#2639=ORIENTED_EDGE('',*,*,#2052,.T.);
#2640=ORIENTED_EDGE('',*,*,#2053,.F.);
#2641=ORIENTED_EDGE('',*,*,#2054,.T.);
#2642=ORIENTED_EDGE('',*,*,#2055,.F.);
#2643=ORIENTED_EDGE('',*,*,#2056,.T.);
#2644=ORIENTED_EDGE('',*,*,#2057,.F.);
#2645=ORIENTED_EDGE('',*,*,#2058,.T.);
#2646=ORIENTED_EDGE('',*,*,#2059,.F.);
#2647=ORIENTED_EDGE('',*,*,#2060,.T.);
#2648=ORIENTED_EDGE('',*,*,#2061,.F.);
#2649=ORIENTED_EDGE('',*,*,#2062,.T.);
#2650=ORIENTED_EDGE('',*,*,#2063,.F.);
#2651=ORIENTED_EDGE('',*,*,#2064,.T.);
#2652=ORIENTED_EDGE('',*,*,#2065,.F.);
#2653=ORIENTED_EDGE('',*,*,#2066,.T.);
#2654=ORIENTED_EDGE('',*,*,#2067,.F.);
#2655=ORIENTED_EDGE('',*,*,#2068,.T.);
#2656=ORIENTED_EDGE('',*,*,#2069,.F.);
#2657=ORIENTED_EDGE('',*,*,#2070,.T.);
#2658=ORIENTED_EDGE('',*,*,#2071,.F.);
#2659=ORIENTED_EDGE('',*,*,#2072,.T.);
#2660=ORIENTED_EDGE('',*,*,#2073,.F.);
#2661=ORIENTED_EDGE('',*,*,#2074,.T.);
#2662=ORIENTED_EDGE('',*,*,#2075,.F.);
#2663=ORIENTED_EDGE('',*,*,#2076,.T.);
#2664=ORIENTED_EDGE('',*,*,#2077,.F.);
#2665=ORIENTED_EDGE('',*,*,#2078,.T.);
#2666=ORIENTED_EDGE('',*,*,#2079,.F.);
#2667=ORIENTED_EDGE('',*,*,#2080,.T.);
#2668=ORIENTED_EDGE('',*,*,#2081,.F.);
#2669=ORIENTED_EDGE('',*,*,#2082,.T.);
#2670=ORIENTED_EDGE('',*,*,#2083,.F.);
#2671=ORIENTED_EDGE('',*,*,#2084,.T.);
#2672=ORIENTED_EDGE('',*,*,#2085,.F.);
#2673=ORIENTED_EDGE('',*,*,#2086,.T.);
#2674=ORIENTED_EDGE('',*,*,#2087,.F.);
#2675=ORIENTED_EDGE('',*,*,#2088,.T.);
#2676=ORIENTED_EDGE('',*,*,#2089,.F.);
#2677=ORIENTED_EDGE('',*,*,#2090,.T.);
#2678=ORIENTED_EDGE('',*,*,#2091,.F.);
#2679=ORIENTED_EDGE('',*,*,#2092,.T.);
#2680=ORIENTED_EDGE('',*,*,#2093,.F.);
#2681=ORIENTED_EDGE('',*,*,#2094,.T.);
#2682=ORIENTED_EDGE('',*,*,#2095,.F.);
#2683=ORIENTED_EDGE('',*,*,#2096,.T.);
#2684=ORIENTED_EDGE('',*,*,#2097,.F.);
#2685=ORIENTED_EDGE('',*,*,#2098,.T.);
#2686=ORIENTED_EDGE('',*,*,#2099,.F.);
#2687=ORIENTED_EDGE('',*,*,#2100,.T.);
#2688=ORIENTED_EDGE('',*,*,#2101,.F.);
#2689=ORIENTED_EDGE('',*,*,#2102,.T.);
#2690=ORIENTED_EDGE('',*,*,#2103,.F.);
#2691=ORIENTED_EDGE('',*,*,#2104,.T.);
#2692=ORIENTED_EDGE('',*,*,#2105,.F.);
#2693=ORIENTED_EDGE('',*,*,#2106,.T.);
#2694=ORIENTED_EDGE('',*,*,#2107,.F.);
#2695=ORIENTED_EDGE('',*,*,#2108,.T.);
#2696=ORIENTED_EDGE('',*,*,#2109,.F.);
#2697=ORIENTED_EDGE('',*,*,#2110,.T.);
#2698=ORIENTED_EDGE('',*,*,#2111,.F.);
#2699=ORIENTED_EDGE('',*,*,#2112,.T.);
#2700=ORIENTED_EDGE('',*,*,#2113,.F.);
#2701=ORIENTED_EDGE('',*,*,#2114,.T.);
#2702=ORIENTED_EDGE('',*,*,#2115,.F.);
#2703=ORIENTED_EDGE('',*,*,#2116,.T.);
#2704=ORIENTED_EDGE('',*,*,#1990,.F.);
#2705=ORIENTED_EDGE('',*,*,#2117,.T.);
#2706=ORIENTED_EDGE('',*,*,#2118,.T.);
#2707=ORIENTED_EDGE('',*,*,#2119,.T.);
#2708=ORIENTED_EDGE('',*,*,#2120,.T.);
#2709=ORIENTED_EDGE('',*,*,#2118,.F.);
#2710=ORIENTED_EDGE('',*,*,#2121,.F.);
#2711=ORIENTED_EDGE('',*,*,#2122,.F.);
#2712=ORIENTED_EDGE('',*,*,#2123,.F.);
#2713=ORIENTED_EDGE('',*,*,#2124,.T.);
#2714=ORIENTED_EDGE('',*,*,#2125,.T.);
#2715=ORIENTED_EDGE('',*,*,#2126,.T.);
#2716=ORIENTED_EDGE('',*,*,#2127,.T.);
#2717=ORIENTED_EDGE('',*,*,#2120,.F.);
#2718=ORIENTED_EDGE('',*,*,#2128,.F.);
#2719=ORIENTED_EDGE('',*,*,#2125,.F.);
#2720=ORIENTED_EDGE('',*,*,#2129,.F.);
#2721=ORIENTED_EDGE('',*,*,#2130,.T.);
#2722=ORIENTED_EDGE('',*,*,#2131,.T.);
#2723=ORIENTED_EDGE('',*,*,#2132,.T.);
#2724=ORIENTED_EDGE('',*,*,#2133,.T.);
#2725=ORIENTED_EDGE('',*,*,#2127,.F.);
#2726=ORIENTED_EDGE('',*,*,#2134,.F.);
#2727=ORIENTED_EDGE('',*,*,#2131,.F.);
#2728=ORIENTED_EDGE('',*,*,#2135,.F.);
#2729=ORIENTED_EDGE('',*,*,#2136,.T.);
#2730=ORIENTED_EDGE('',*,*,#2137,.T.);
#2731=ORIENTED_EDGE('',*,*,#2138,.T.);
#2732=ORIENTED_EDGE('',*,*,#2122,.T.);
#2733=ORIENTED_EDGE('',*,*,#2133,.F.);
#2734=ORIENTED_EDGE('',*,*,#2139,.F.);
#2735=ORIENTED_EDGE('',*,*,#2137,.F.);
#2736=ORIENTED_EDGE('',*,*,#2140,.F.);
#2737=ORIENTED_EDGE('',*,*,#1992,.F.);
#2738=ORIENTED_EDGE('',*,*,#2140,.T.);
#2739=ORIENTED_EDGE('',*,*,#2136,.F.);
#2740=ORIENTED_EDGE('',*,*,#2121,.T.);
#2741=ORIENTED_EDGE('',*,*,#2117,.F.);
#2742=ORIENTED_EDGE('',*,*,#2129,.T.);
#2743=ORIENTED_EDGE('',*,*,#2124,.F.);
#2744=ORIENTED_EDGE('',*,*,#2135,.T.);
#2745=ORIENTED_EDGE('',*,*,#2130,.F.);
#2746=ORIENTED_EDGE('',*,*,#2045,.T.);
#2747=ORIENTED_EDGE('',*,*,#2141,.T.);
#2748=ORIENTED_EDGE('',*,*,#2142,.T.);
#2749=ORIENTED_EDGE('',*,*,#2143,.T.);
#2750=ORIENTED_EDGE('',*,*,#2141,.F.);
#2751=ORIENTED_EDGE('',*,*,#2068,.F.);
#2752=ORIENTED_EDGE('',*,*,#2144,.F.);
#2753=ORIENTED_EDGE('',*,*,#2145,.T.);
#2754=ORIENTED_EDGE('',*,*,#2067,.T.);
#2755=ORIENTED_EDGE('',*,*,#2146,.T.);
#2756=ORIENTED_EDGE('',*,*,#2147,.T.);
#2757=ORIENTED_EDGE('',*,*,#2144,.T.);
#2758=ORIENTED_EDGE('',*,*,#2146,.F.);
#2759=ORIENTED_EDGE('',*,*,#2066,.F.);
#2760=ORIENTED_EDGE('',*,*,#2148,.F.);
#2761=ORIENTED_EDGE('',*,*,#2149,.T.);
#2762=ORIENTED_EDGE('',*,*,#2065,.T.);
#2763=ORIENTED_EDGE('',*,*,#2150,.T.);
#2764=ORIENTED_EDGE('',*,*,#2151,.T.);
#2765=ORIENTED_EDGE('',*,*,#2148,.T.);
#2766=ORIENTED_EDGE('',*,*,#2150,.F.);
#2767=ORIENTED_EDGE('',*,*,#2064,.F.);
#2768=ORIENTED_EDGE('',*,*,#2152,.F.);
#2769=ORIENTED_EDGE('',*,*,#2153,.T.);
#2770=ORIENTED_EDGE('',*,*,#2063,.T.);
#2771=ORIENTED_EDGE('',*,*,#2154,.T.);
#2772=ORIENTED_EDGE('',*,*,#2155,.T.);
#2773=ORIENTED_EDGE('',*,*,#2152,.T.);
#2774=ORIENTED_EDGE('',*,*,#2154,.F.);
#2775=ORIENTED_EDGE('',*,*,#2062,.F.);
#2776=ORIENTED_EDGE('',*,*,#2156,.F.);
#2777=ORIENTED_EDGE('',*,*,#2157,.T.);
#2778=ORIENTED_EDGE('',*,*,#2061,.T.);
#2779=ORIENTED_EDGE('',*,*,#2158,.T.);
#2780=ORIENTED_EDGE('',*,*,#2159,.T.);
#2781=ORIENTED_EDGE('',*,*,#2156,.T.);
#2782=ORIENTED_EDGE('',*,*,#2158,.F.);
#2783=ORIENTED_EDGE('',*,*,#2060,.F.);
#2784=ORIENTED_EDGE('',*,*,#2160,.F.);
#2785=ORIENTED_EDGE('',*,*,#2161,.T.);
#2786=ORIENTED_EDGE('',*,*,#2059,.T.);
#2787=ORIENTED_EDGE('',*,*,#2162,.T.);
#2788=ORIENTED_EDGE('',*,*,#2163,.T.);
#2789=ORIENTED_EDGE('',*,*,#2160,.T.);
#2790=ORIENTED_EDGE('',*,*,#2162,.F.);
#2791=ORIENTED_EDGE('',*,*,#2058,.F.);
#2792=ORIENTED_EDGE('',*,*,#2164,.F.);
#2793=ORIENTED_EDGE('',*,*,#2165,.T.);
#2794=ORIENTED_EDGE('',*,*,#2057,.T.);
#2795=ORIENTED_EDGE('',*,*,#2166,.T.);
#2796=ORIENTED_EDGE('',*,*,#2167,.T.);
#2797=ORIENTED_EDGE('',*,*,#2164,.T.);
#2798=ORIENTED_EDGE('',*,*,#2166,.F.);
#2799=ORIENTED_EDGE('',*,*,#2056,.F.);
#2800=ORIENTED_EDGE('',*,*,#2168,.F.);
#2801=ORIENTED_EDGE('',*,*,#2169,.T.);
#2802=ORIENTED_EDGE('',*,*,#2055,.T.);
#2803=ORIENTED_EDGE('',*,*,#2170,.T.);
#2804=ORIENTED_EDGE('',*,*,#2171,.T.);
#2805=ORIENTED_EDGE('',*,*,#2168,.T.);
#2806=ORIENTED_EDGE('',*,*,#2170,.F.);
#2807=ORIENTED_EDGE('',*,*,#2054,.F.);
#2808=ORIENTED_EDGE('',*,*,#2172,.F.);
#2809=ORIENTED_EDGE('',*,*,#2173,.T.);
#2810=ORIENTED_EDGE('',*,*,#2053,.T.);
#2811=ORIENTED_EDGE('',*,*,#2174,.T.);
#2812=ORIENTED_EDGE('',*,*,#2175,.T.);
#2813=ORIENTED_EDGE('',*,*,#2172,.T.);
#2814=ORIENTED_EDGE('',*,*,#2174,.F.);
#2815=ORIENTED_EDGE('',*,*,#2052,.F.);
#2816=ORIENTED_EDGE('',*,*,#2176,.F.);
#2817=ORIENTED_EDGE('',*,*,#2177,.T.);
#2818=ORIENTED_EDGE('',*,*,#2051,.T.);
#2819=ORIENTED_EDGE('',*,*,#2178,.T.);
#2820=ORIENTED_EDGE('',*,*,#2179,.T.);
#2821=ORIENTED_EDGE('',*,*,#2176,.T.);
#2822=ORIENTED_EDGE('',*,*,#2178,.F.);
#2823=ORIENTED_EDGE('',*,*,#2050,.F.);
#2824=ORIENTED_EDGE('',*,*,#2180,.F.);
#2825=ORIENTED_EDGE('',*,*,#2181,.T.);
#2826=ORIENTED_EDGE('',*,*,#2047,.T.);
#2827=ORIENTED_EDGE('',*,*,#2182,.T.);
#2828=ORIENTED_EDGE('',*,*,#2183,.T.);
#2829=ORIENTED_EDGE('',*,*,#2184,.T.);
#2830=ORIENTED_EDGE('',*,*,#2184,.F.);
#2831=ORIENTED_EDGE('',*,*,#2185,.T.);
#2832=ORIENTED_EDGE('',*,*,#2186,.F.);
#2833=ORIENTED_EDGE('',*,*,#2048,.F.);
#2834=ORIENTED_EDGE('',*,*,#2049,.T.);
#2835=ORIENTED_EDGE('',*,*,#2186,.T.);
#2836=ORIENTED_EDGE('',*,*,#2187,.T.);
#2837=ORIENTED_EDGE('',*,*,#2180,.T.);
#2838=ORIENTED_EDGE('',*,*,#2069,.T.);
#2839=ORIENTED_EDGE('',*,*,#2188,.T.);
#2840=ORIENTED_EDGE('',*,*,#2189,.T.);
#2841=ORIENTED_EDGE('',*,*,#2190,.T.);
#2842=ORIENTED_EDGE('',*,*,#2188,.F.);
#2843=ORIENTED_EDGE('',*,*,#2092,.F.);
#2844=ORIENTED_EDGE('',*,*,#2191,.F.);
#2845=ORIENTED_EDGE('',*,*,#2192,.T.);
#2846=ORIENTED_EDGE('',*,*,#2091,.T.);
#2847=ORIENTED_EDGE('',*,*,#2193,.T.);
#2848=ORIENTED_EDGE('',*,*,#2194,.T.);
#2849=ORIENTED_EDGE('',*,*,#2191,.T.);
#2850=ORIENTED_EDGE('',*,*,#2193,.F.);
#2851=ORIENTED_EDGE('',*,*,#2090,.F.);
#2852=ORIENTED_EDGE('',*,*,#2195,.F.);
#2853=ORIENTED_EDGE('',*,*,#2196,.T.);
#2854=ORIENTED_EDGE('',*,*,#2089,.T.);
#2855=ORIENTED_EDGE('',*,*,#2197,.T.);
#2856=ORIENTED_EDGE('',*,*,#2198,.T.);
#2857=ORIENTED_EDGE('',*,*,#2195,.T.);
#2858=ORIENTED_EDGE('',*,*,#2197,.F.);
#2859=ORIENTED_EDGE('',*,*,#2088,.F.);
#2860=ORIENTED_EDGE('',*,*,#2199,.F.);
#2861=ORIENTED_EDGE('',*,*,#2200,.T.);
#2862=ORIENTED_EDGE('',*,*,#2087,.T.);
#2863=ORIENTED_EDGE('',*,*,#2201,.T.);
#2864=ORIENTED_EDGE('',*,*,#2202,.T.);
#2865=ORIENTED_EDGE('',*,*,#2199,.T.);
#2866=ORIENTED_EDGE('',*,*,#2201,.F.);
#2867=ORIENTED_EDGE('',*,*,#2086,.F.);
#2868=ORIENTED_EDGE('',*,*,#2203,.F.);
#2869=ORIENTED_EDGE('',*,*,#2204,.T.);
#2870=ORIENTED_EDGE('',*,*,#2085,.T.);
#2871=ORIENTED_EDGE('',*,*,#2205,.T.);
#2872=ORIENTED_EDGE('',*,*,#2206,.T.);
#2873=ORIENTED_EDGE('',*,*,#2203,.T.);
#2874=ORIENTED_EDGE('',*,*,#2205,.F.);
#2875=ORIENTED_EDGE('',*,*,#2084,.F.);
#2876=ORIENTED_EDGE('',*,*,#2207,.F.);
#2877=ORIENTED_EDGE('',*,*,#2208,.T.);
#2878=ORIENTED_EDGE('',*,*,#2083,.T.);
#2879=ORIENTED_EDGE('',*,*,#2209,.T.);
#2880=ORIENTED_EDGE('',*,*,#2210,.T.);
#2881=ORIENTED_EDGE('',*,*,#2207,.T.);
#2882=ORIENTED_EDGE('',*,*,#2209,.F.);
#2883=ORIENTED_EDGE('',*,*,#2082,.F.);
#2884=ORIENTED_EDGE('',*,*,#2211,.F.);
#2885=ORIENTED_EDGE('',*,*,#2212,.T.);
#2886=ORIENTED_EDGE('',*,*,#2081,.T.);
#2887=ORIENTED_EDGE('',*,*,#2213,.T.);
#2888=ORIENTED_EDGE('',*,*,#2214,.T.);
#2889=ORIENTED_EDGE('',*,*,#2211,.T.);
#2890=ORIENTED_EDGE('',*,*,#2213,.F.);
#2891=ORIENTED_EDGE('',*,*,#2080,.F.);
#2892=ORIENTED_EDGE('',*,*,#2215,.F.);
#2893=ORIENTED_EDGE('',*,*,#2216,.T.);
#2894=ORIENTED_EDGE('',*,*,#2079,.T.);
#2895=ORIENTED_EDGE('',*,*,#2217,.T.);
#2896=ORIENTED_EDGE('',*,*,#2218,.T.);
#2897=ORIENTED_EDGE('',*,*,#2215,.T.);
#2898=ORIENTED_EDGE('',*,*,#2217,.F.);
#2899=ORIENTED_EDGE('',*,*,#2078,.F.);
#2900=ORIENTED_EDGE('',*,*,#2219,.F.);
#2901=ORIENTED_EDGE('',*,*,#2220,.T.);
#2902=ORIENTED_EDGE('',*,*,#2077,.T.);
#2903=ORIENTED_EDGE('',*,*,#2221,.T.);
#2904=ORIENTED_EDGE('',*,*,#2222,.T.);
#2905=ORIENTED_EDGE('',*,*,#2219,.T.);
#2906=ORIENTED_EDGE('',*,*,#2221,.F.);
#2907=ORIENTED_EDGE('',*,*,#2076,.F.);
#2908=ORIENTED_EDGE('',*,*,#2223,.F.);
#2909=ORIENTED_EDGE('',*,*,#2224,.T.);
#2910=ORIENTED_EDGE('',*,*,#2075,.T.);
#2911=ORIENTED_EDGE('',*,*,#2225,.T.);
#2912=ORIENTED_EDGE('',*,*,#2226,.T.);
#2913=ORIENTED_EDGE('',*,*,#2223,.T.);
#2914=ORIENTED_EDGE('',*,*,#2225,.F.);
#2915=ORIENTED_EDGE('',*,*,#2074,.F.);
#2916=ORIENTED_EDGE('',*,*,#2227,.F.);
#2917=ORIENTED_EDGE('',*,*,#2228,.T.);
#2918=ORIENTED_EDGE('',*,*,#2071,.T.);
#2919=ORIENTED_EDGE('',*,*,#2229,.T.);
#2920=ORIENTED_EDGE('',*,*,#2230,.T.);
#2921=ORIENTED_EDGE('',*,*,#2231,.T.);
#2922=ORIENTED_EDGE('',*,*,#2231,.F.);
#2923=ORIENTED_EDGE('',*,*,#2232,.T.);
#2924=ORIENTED_EDGE('',*,*,#2233,.F.);
#2925=ORIENTED_EDGE('',*,*,#2072,.F.);
#2926=ORIENTED_EDGE('',*,*,#2073,.T.);
#2927=ORIENTED_EDGE('',*,*,#2233,.T.);
#2928=ORIENTED_EDGE('',*,*,#2234,.T.);
#2929=ORIENTED_EDGE('',*,*,#2227,.T.);
#2930=ORIENTED_EDGE('',*,*,#2021,.T.);
#2931=ORIENTED_EDGE('',*,*,#2235,.T.);
#2932=ORIENTED_EDGE('',*,*,#2236,.T.);
#2933=ORIENTED_EDGE('',*,*,#2237,.T.);
#2934=ORIENTED_EDGE('',*,*,#2235,.F.);
#2935=ORIENTED_EDGE('',*,*,#2044,.F.);
#2936=ORIENTED_EDGE('',*,*,#2238,.F.);
#2937=ORIENTED_EDGE('',*,*,#2239,.T.);
#2938=ORIENTED_EDGE('',*,*,#2043,.T.);
#2939=ORIENTED_EDGE('',*,*,#2240,.T.);
#2940=ORIENTED_EDGE('',*,*,#2241,.T.);
#2941=ORIENTED_EDGE('',*,*,#2238,.T.);
#2942=ORIENTED_EDGE('',*,*,#2240,.F.);
#2943=ORIENTED_EDGE('',*,*,#2042,.F.);
#2944=ORIENTED_EDGE('',*,*,#2242,.F.);
#2945=ORIENTED_EDGE('',*,*,#2243,.T.);
#2946=ORIENTED_EDGE('',*,*,#2041,.T.);
#2947=ORIENTED_EDGE('',*,*,#2244,.T.);
#2948=ORIENTED_EDGE('',*,*,#2245,.T.);
#2949=ORIENTED_EDGE('',*,*,#2242,.T.);
#2950=ORIENTED_EDGE('',*,*,#2244,.F.);
#2951=ORIENTED_EDGE('',*,*,#2040,.F.);
#2952=ORIENTED_EDGE('',*,*,#2246,.F.);
#2953=ORIENTED_EDGE('',*,*,#2247,.T.);
#2954=ORIENTED_EDGE('',*,*,#2039,.T.);
#2955=ORIENTED_EDGE('',*,*,#2248,.T.);
#2956=ORIENTED_EDGE('',*,*,#2249,.T.);
#2957=ORIENTED_EDGE('',*,*,#2246,.T.);
#2958=ORIENTED_EDGE('',*,*,#2248,.F.);
#2959=ORIENTED_EDGE('',*,*,#2038,.F.);
#2960=ORIENTED_EDGE('',*,*,#2250,.F.);
#2961=ORIENTED_EDGE('',*,*,#2251,.T.);
#2962=ORIENTED_EDGE('',*,*,#2037,.T.);
#2963=ORIENTED_EDGE('',*,*,#2252,.T.);
#2964=ORIENTED_EDGE('',*,*,#2253,.T.);
#2965=ORIENTED_EDGE('',*,*,#2250,.T.);
#2966=ORIENTED_EDGE('',*,*,#2252,.F.);
#2967=ORIENTED_EDGE('',*,*,#2036,.F.);
#2968=ORIENTED_EDGE('',*,*,#2254,.F.);
#2969=ORIENTED_EDGE('',*,*,#2255,.T.);
#2970=ORIENTED_EDGE('',*,*,#2035,.T.);
#2971=ORIENTED_EDGE('',*,*,#2256,.T.);
#2972=ORIENTED_EDGE('',*,*,#2257,.T.);
#2973=ORIENTED_EDGE('',*,*,#2254,.T.);
#2974=ORIENTED_EDGE('',*,*,#2256,.F.);
#2975=ORIENTED_EDGE('',*,*,#2034,.F.);
#2976=ORIENTED_EDGE('',*,*,#2258,.F.);
#2977=ORIENTED_EDGE('',*,*,#2259,.T.);
#2978=ORIENTED_EDGE('',*,*,#2033,.T.);
#2979=ORIENTED_EDGE('',*,*,#2260,.T.);
#2980=ORIENTED_EDGE('',*,*,#2261,.T.);
#2981=ORIENTED_EDGE('',*,*,#2258,.T.);
#2982=ORIENTED_EDGE('',*,*,#2260,.F.);
#2983=ORIENTED_EDGE('',*,*,#2032,.F.);
#2984=ORIENTED_EDGE('',*,*,#2262,.F.);
#2985=ORIENTED_EDGE('',*,*,#2263,.T.);
#2986=ORIENTED_EDGE('',*,*,#2031,.T.);
#2987=ORIENTED_EDGE('',*,*,#2264,.T.);
#2988=ORIENTED_EDGE('',*,*,#2265,.T.);
#2989=ORIENTED_EDGE('',*,*,#2262,.T.);
#2990=ORIENTED_EDGE('',*,*,#2264,.F.);
#2991=ORIENTED_EDGE('',*,*,#2030,.F.);
#2992=ORIENTED_EDGE('',*,*,#2266,.F.);
#2993=ORIENTED_EDGE('',*,*,#2267,.T.);
#2994=ORIENTED_EDGE('',*,*,#2029,.T.);
#2995=ORIENTED_EDGE('',*,*,#2268,.T.);
#2996=ORIENTED_EDGE('',*,*,#2269,.T.);
#2997=ORIENTED_EDGE('',*,*,#2266,.T.);
#2998=ORIENTED_EDGE('',*,*,#2268,.F.);
#2999=ORIENTED_EDGE('',*,*,#2028,.F.);
#3000=ORIENTED_EDGE('',*,*,#2270,.F.);
#3001=ORIENTED_EDGE('',*,*,#2271,.T.);
#3002=ORIENTED_EDGE('',*,*,#2027,.T.);
#3003=ORIENTED_EDGE('',*,*,#2272,.T.);
#3004=ORIENTED_EDGE('',*,*,#2273,.T.);
#3005=ORIENTED_EDGE('',*,*,#2270,.T.);
#3006=ORIENTED_EDGE('',*,*,#2272,.F.);
#3007=ORIENTED_EDGE('',*,*,#2026,.F.);
#3008=ORIENTED_EDGE('',*,*,#2274,.F.);
#3009=ORIENTED_EDGE('',*,*,#2275,.T.);
#3010=ORIENTED_EDGE('',*,*,#2023,.T.);
#3011=ORIENTED_EDGE('',*,*,#2276,.T.);
#3012=ORIENTED_EDGE('',*,*,#2277,.T.);
#3013=ORIENTED_EDGE('',*,*,#2278,.T.);
#3014=ORIENTED_EDGE('',*,*,#2278,.F.);
#3015=ORIENTED_EDGE('',*,*,#2279,.T.);
#3016=ORIENTED_EDGE('',*,*,#2280,.F.);
#3017=ORIENTED_EDGE('',*,*,#2024,.F.);
#3018=ORIENTED_EDGE('',*,*,#2025,.T.);
#3019=ORIENTED_EDGE('',*,*,#2280,.T.);
#3020=ORIENTED_EDGE('',*,*,#2281,.T.);
#3021=ORIENTED_EDGE('',*,*,#2274,.T.);
#3022=ORIENTED_EDGE('',*,*,#2143,.F.);
#3023=ORIENTED_EDGE('',*,*,#2282,.T.);
#3024=ORIENTED_EDGE('',*,*,#2182,.F.);
#3025=ORIENTED_EDGE('',*,*,#2046,.F.);
#3026=ORIENTED_EDGE('',*,*,#2161,.F.);
#3027=ORIENTED_EDGE('',*,*,#2163,.F.);
#3028=ORIENTED_EDGE('',*,*,#2165,.F.);
#3029=ORIENTED_EDGE('',*,*,#2167,.F.);
#3030=ORIENTED_EDGE('',*,*,#2169,.F.);
#3031=ORIENTED_EDGE('',*,*,#2171,.F.);
#3032=ORIENTED_EDGE('',*,*,#2173,.F.);
#3033=ORIENTED_EDGE('',*,*,#2175,.F.);
#3034=ORIENTED_EDGE('',*,*,#2177,.F.);
#3035=ORIENTED_EDGE('',*,*,#2179,.F.);
#3036=ORIENTED_EDGE('',*,*,#2181,.F.);
#3037=ORIENTED_EDGE('',*,*,#2187,.F.);
#3038=ORIENTED_EDGE('',*,*,#2185,.F.);
#3039=ORIENTED_EDGE('',*,*,#2183,.F.);
#3040=ORIENTED_EDGE('',*,*,#2282,.F.);
#3041=ORIENTED_EDGE('',*,*,#2142,.F.);
#3042=ORIENTED_EDGE('',*,*,#2145,.F.);
#3043=ORIENTED_EDGE('',*,*,#2147,.F.);
#3044=ORIENTED_EDGE('',*,*,#2149,.F.);
#3045=ORIENTED_EDGE('',*,*,#2151,.F.);
#3046=ORIENTED_EDGE('',*,*,#2153,.F.);
#3047=ORIENTED_EDGE('',*,*,#2155,.F.);
#3048=ORIENTED_EDGE('',*,*,#2157,.F.);
#3049=ORIENTED_EDGE('',*,*,#2159,.F.);
#3050=ORIENTED_EDGE('',*,*,#2283,.F.);
#3051=ORIENTED_EDGE('',*,*,#2190,.F.);
#3052=ORIENTED_EDGE('',*,*,#2284,.T.);
#3053=ORIENTED_EDGE('',*,*,#2229,.F.);
#3054=ORIENTED_EDGE('',*,*,#2070,.F.);
#3055=ORIENTED_EDGE('',*,*,#2208,.F.);
#3056=ORIENTED_EDGE('',*,*,#2210,.F.);
#3057=ORIENTED_EDGE('',*,*,#2212,.F.);
#3058=ORIENTED_EDGE('',*,*,#2214,.F.);
#3059=ORIENTED_EDGE('',*,*,#2216,.F.);
#3060=ORIENTED_EDGE('',*,*,#2218,.F.);
#3061=ORIENTED_EDGE('',*,*,#2220,.F.);
#3062=ORIENTED_EDGE('',*,*,#2222,.F.);
#3063=ORIENTED_EDGE('',*,*,#2224,.F.);
#3064=ORIENTED_EDGE('',*,*,#2226,.F.);
#3065=ORIENTED_EDGE('',*,*,#2228,.F.);
#3066=ORIENTED_EDGE('',*,*,#2234,.F.);
#3067=ORIENTED_EDGE('',*,*,#2232,.F.);
#3068=ORIENTED_EDGE('',*,*,#2230,.F.);
#3069=ORIENTED_EDGE('',*,*,#2284,.F.);
#3070=ORIENTED_EDGE('',*,*,#2189,.F.);
#3071=ORIENTED_EDGE('',*,*,#2192,.F.);
#3072=ORIENTED_EDGE('',*,*,#2194,.F.);
#3073=ORIENTED_EDGE('',*,*,#2196,.F.);
#3074=ORIENTED_EDGE('',*,*,#2198,.F.);
#3075=ORIENTED_EDGE('',*,*,#2200,.F.);
#3076=ORIENTED_EDGE('',*,*,#2202,.F.);
#3077=ORIENTED_EDGE('',*,*,#2204,.F.);
#3078=ORIENTED_EDGE('',*,*,#2206,.F.);
#3079=ORIENTED_EDGE('',*,*,#2285,.F.);
#3080=ORIENTED_EDGE('',*,*,#2237,.F.);
#3081=ORIENTED_EDGE('',*,*,#2286,.T.);
#3082=ORIENTED_EDGE('',*,*,#2276,.F.);
#3083=ORIENTED_EDGE('',*,*,#2022,.F.);
#3084=ORIENTED_EDGE('',*,*,#2255,.F.);
#3085=ORIENTED_EDGE('',*,*,#2257,.F.);
#3086=ORIENTED_EDGE('',*,*,#2259,.F.);
#3087=ORIENTED_EDGE('',*,*,#2261,.F.);
#3088=ORIENTED_EDGE('',*,*,#2263,.F.);
#3089=ORIENTED_EDGE('',*,*,#2265,.F.);
#3090=ORIENTED_EDGE('',*,*,#2267,.F.);
#3091=ORIENTED_EDGE('',*,*,#2269,.F.);
#3092=ORIENTED_EDGE('',*,*,#2271,.F.);
#3093=ORIENTED_EDGE('',*,*,#2273,.F.);
#3094=ORIENTED_EDGE('',*,*,#2275,.F.);
#3095=ORIENTED_EDGE('',*,*,#2281,.F.);
#3096=ORIENTED_EDGE('',*,*,#2279,.F.);
#3097=ORIENTED_EDGE('',*,*,#2277,.F.);
#3098=ORIENTED_EDGE('',*,*,#2286,.F.);
#3099=ORIENTED_EDGE('',*,*,#2236,.F.);
#3100=ORIENTED_EDGE('',*,*,#2239,.F.);
#3101=ORIENTED_EDGE('',*,*,#2241,.F.);
#3102=ORIENTED_EDGE('',*,*,#2243,.F.);
#3103=ORIENTED_EDGE('',*,*,#2245,.F.);
#3104=ORIENTED_EDGE('',*,*,#2247,.F.);
#3105=ORIENTED_EDGE('',*,*,#2249,.F.);
#3106=ORIENTED_EDGE('',*,*,#2251,.F.);
#3107=ORIENTED_EDGE('',*,*,#2253,.F.);
#3108=ORIENTED_EDGE('',*,*,#2287,.F.);
#3109=ORIENTED_EDGE('',*,*,#2093,.T.);
#3110=ORIENTED_EDGE('',*,*,#2288,.T.);
#3111=ORIENTED_EDGE('',*,*,#2289,.T.);
#3112=ORIENTED_EDGE('',*,*,#2290,.T.);
#3113=ORIENTED_EDGE('',*,*,#2288,.F.);
#3114=ORIENTED_EDGE('',*,*,#2116,.F.);
#3115=ORIENTED_EDGE('',*,*,#2291,.F.);
#3116=ORIENTED_EDGE('',*,*,#2292,.T.);
#3117=ORIENTED_EDGE('',*,*,#2115,.T.);
#3118=ORIENTED_EDGE('',*,*,#2293,.T.);
#3119=ORIENTED_EDGE('',*,*,#2294,.T.);
#3120=ORIENTED_EDGE('',*,*,#2291,.T.);
#3121=ORIENTED_EDGE('',*,*,#2293,.F.);
#3122=ORIENTED_EDGE('',*,*,#2114,.F.);
#3123=ORIENTED_EDGE('',*,*,#2295,.F.);
#3124=ORIENTED_EDGE('',*,*,#2296,.T.);
#3125=ORIENTED_EDGE('',*,*,#2113,.T.);
#3126=ORIENTED_EDGE('',*,*,#2297,.T.);
#3127=ORIENTED_EDGE('',*,*,#2298,.T.);
#3128=ORIENTED_EDGE('',*,*,#2295,.T.);
#3129=ORIENTED_EDGE('',*,*,#2297,.F.);
#3130=ORIENTED_EDGE('',*,*,#2112,.F.);
#3131=ORIENTED_EDGE('',*,*,#2299,.F.);
#3132=ORIENTED_EDGE('',*,*,#2300,.T.);
#3133=ORIENTED_EDGE('',*,*,#2111,.T.);
#3134=ORIENTED_EDGE('',*,*,#2301,.T.);
#3135=ORIENTED_EDGE('',*,*,#2302,.T.);
#3136=ORIENTED_EDGE('',*,*,#2299,.T.);
#3137=ORIENTED_EDGE('',*,*,#2301,.F.);
#3138=ORIENTED_EDGE('',*,*,#2110,.F.);
#3139=ORIENTED_EDGE('',*,*,#2303,.F.);
#3140=ORIENTED_EDGE('',*,*,#2304,.T.);
#3141=ORIENTED_EDGE('',*,*,#2109,.T.);
#3142=ORIENTED_EDGE('',*,*,#2305,.T.);
#3143=ORIENTED_EDGE('',*,*,#2306,.T.);
#3144=ORIENTED_EDGE('',*,*,#2303,.T.);
#3145=ORIENTED_EDGE('',*,*,#2305,.F.);
#3146=ORIENTED_EDGE('',*,*,#2108,.F.);
#3147=ORIENTED_EDGE('',*,*,#2307,.F.);
#3148=ORIENTED_EDGE('',*,*,#2308,.T.);
#3149=ORIENTED_EDGE('',*,*,#2107,.T.);
#3150=ORIENTED_EDGE('',*,*,#2309,.T.);
#3151=ORIENTED_EDGE('',*,*,#2310,.T.);
#3152=ORIENTED_EDGE('',*,*,#2307,.T.);
#3153=ORIENTED_EDGE('',*,*,#2309,.F.);
#3154=ORIENTED_EDGE('',*,*,#2106,.F.);
#3155=ORIENTED_EDGE('',*,*,#2311,.F.);
#3156=ORIENTED_EDGE('',*,*,#2312,.T.);
#3157=ORIENTED_EDGE('',*,*,#2105,.T.);
#3158=ORIENTED_EDGE('',*,*,#2313,.T.);
#3159=ORIENTED_EDGE('',*,*,#2314,.T.);
#3160=ORIENTED_EDGE('',*,*,#2311,.T.);
#3161=ORIENTED_EDGE('',*,*,#2313,.F.);
#3162=ORIENTED_EDGE('',*,*,#2104,.F.);
#3163=ORIENTED_EDGE('',*,*,#2315,.F.);
#3164=ORIENTED_EDGE('',*,*,#2316,.T.);
#3165=ORIENTED_EDGE('',*,*,#2103,.T.);
#3166=ORIENTED_EDGE('',*,*,#2317,.T.);
#3167=ORIENTED_EDGE('',*,*,#2318,.T.);
#3168=ORIENTED_EDGE('',*,*,#2315,.T.);
#3169=ORIENTED_EDGE('',*,*,#2317,.F.);
#3170=ORIENTED_EDGE('',*,*,#2102,.F.);
#3171=ORIENTED_EDGE('',*,*,#2319,.F.);
#3172=ORIENTED_EDGE('',*,*,#2320,.T.);
#3173=ORIENTED_EDGE('',*,*,#2101,.T.);
#3174=ORIENTED_EDGE('',*,*,#2321,.T.);
#3175=ORIENTED_EDGE('',*,*,#2322,.T.);
#3176=ORIENTED_EDGE('',*,*,#2319,.T.);
#3177=ORIENTED_EDGE('',*,*,#2321,.F.);
#3178=ORIENTED_EDGE('',*,*,#2100,.F.);
#3179=ORIENTED_EDGE('',*,*,#2323,.F.);
#3180=ORIENTED_EDGE('',*,*,#2324,.T.);
#3181=ORIENTED_EDGE('',*,*,#2099,.T.);
#3182=ORIENTED_EDGE('',*,*,#2325,.T.);
#3183=ORIENTED_EDGE('',*,*,#2326,.T.);
#3184=ORIENTED_EDGE('',*,*,#2323,.T.);
#3185=ORIENTED_EDGE('',*,*,#2325,.F.);
#3186=ORIENTED_EDGE('',*,*,#2098,.F.);
#3187=ORIENTED_EDGE('',*,*,#2327,.F.);
#3188=ORIENTED_EDGE('',*,*,#2328,.T.);
#3189=ORIENTED_EDGE('',*,*,#2095,.T.);
#3190=ORIENTED_EDGE('',*,*,#2329,.T.);
#3191=ORIENTED_EDGE('',*,*,#2330,.T.);
#3192=ORIENTED_EDGE('',*,*,#2331,.T.);
#3193=ORIENTED_EDGE('',*,*,#2331,.F.);
#3194=ORIENTED_EDGE('',*,*,#2332,.T.);
#3195=ORIENTED_EDGE('',*,*,#2333,.F.);
#3196=ORIENTED_EDGE('',*,*,#2096,.F.);
#3197=ORIENTED_EDGE('',*,*,#2097,.T.);
#3198=ORIENTED_EDGE('',*,*,#2333,.T.);
#3199=ORIENTED_EDGE('',*,*,#2334,.T.);
#3200=ORIENTED_EDGE('',*,*,#2327,.T.);
#3201=ORIENTED_EDGE('',*,*,#2316,.F.);
#3202=ORIENTED_EDGE('',*,*,#2318,.F.);
#3203=ORIENTED_EDGE('',*,*,#2320,.F.);
#3204=ORIENTED_EDGE('',*,*,#2322,.F.);
#3205=ORIENTED_EDGE('',*,*,#2324,.F.);
#3206=ORIENTED_EDGE('',*,*,#2326,.F.);
#3207=ORIENTED_EDGE('',*,*,#2328,.F.);
#3208=ORIENTED_EDGE('',*,*,#2334,.F.);
#3209=ORIENTED_EDGE('',*,*,#2332,.F.);
#3210=ORIENTED_EDGE('',*,*,#2330,.F.);
#3211=ORIENTED_EDGE('',*,*,#2335,.F.);
#3212=ORIENTED_EDGE('',*,*,#2289,.F.);
#3213=ORIENTED_EDGE('',*,*,#2292,.F.);
#3214=ORIENTED_EDGE('',*,*,#2294,.F.);
#3215=ORIENTED_EDGE('',*,*,#2296,.F.);
#3216=ORIENTED_EDGE('',*,*,#2298,.F.);
#3217=ORIENTED_EDGE('',*,*,#2300,.F.);
#3218=ORIENTED_EDGE('',*,*,#2302,.F.);
#3219=ORIENTED_EDGE('',*,*,#2304,.F.);
#3220=ORIENTED_EDGE('',*,*,#2306,.F.);
#3221=ORIENTED_EDGE('',*,*,#2308,.F.);
#3222=ORIENTED_EDGE('',*,*,#2310,.F.);
#3223=ORIENTED_EDGE('',*,*,#2312,.F.);
#3224=ORIENTED_EDGE('',*,*,#2314,.F.);
#3225=ORIENTED_EDGE('',*,*,#2336,.F.);
#3226=ORIENTED_EDGE('',*,*,#2290,.F.);
#3227=ORIENTED_EDGE('',*,*,#2335,.T.);
#3228=ORIENTED_EDGE('',*,*,#2329,.F.);
#3229=ORIENTED_EDGE('',*,*,#2094,.F.);
#3230=ORIENTED_EDGE('',*,*,#2337,.T.);
#3231=ORIENTED_EDGE('',*,*,#2338,.T.);
#3232=ORIENTED_EDGE('',*,*,#2339,.T.);
#3233=ORIENTED_EDGE('',*,*,#2340,.T.);
#3234=ORIENTED_EDGE('',*,*,#2341,.T.);
#3235=ORIENTED_EDGE('',*,*,#2342,.F.);
#3236=ORIENTED_EDGE('',*,*,#2343,.F.);
#3237=ORIENTED_EDGE('',*,*,#2338,.F.);
#3238=ORIENTED_EDGE('',*,*,#2344,.T.);
#3239=ORIENTED_EDGE('',*,*,#2345,.T.);
#3240=ORIENTED_EDGE('',*,*,#2346,.T.);
#3241=ORIENTED_EDGE('',*,*,#2342,.T.);
#3242=ORIENTED_EDGE('',*,*,#2347,.T.);
#3243=ORIENTED_EDGE('',*,*,#2348,.F.);
#3244=ORIENTED_EDGE('',*,*,#2349,.F.);
#3245=ORIENTED_EDGE('',*,*,#2350,.F.);
#3246=ORIENTED_EDGE('',*,*,#2345,.F.);
#3247=ORIENTED_EDGE('',*,*,#2351,.T.);
#3248=ORIENTED_EDGE('',*,*,#2352,.T.);
#3249=ORIENTED_EDGE('',*,*,#2353,.F.);
#3250=ORIENTED_EDGE('',*,*,#2354,.F.);
#3251=ORIENTED_EDGE('',*,*,#2348,.T.);
#3252=ORIENTED_EDGE('',*,*,#2355,.T.);
#3253=ORIENTED_EDGE('',*,*,#2356,.F.);
#3254=ORIENTED_EDGE('',*,*,#2357,.F.);
#3255=ORIENTED_EDGE('',*,*,#2352,.F.);
#3256=ORIENTED_EDGE('',*,*,#2358,.T.);
#3257=ORIENTED_EDGE('',*,*,#2359,.T.);
#3258=ORIENTED_EDGE('',*,*,#2360,.T.);
#3259=ORIENTED_EDGE('',*,*,#2361,.F.);
#3260=ORIENTED_EDGE('',*,*,#2356,.T.);
#3261=ORIENTED_EDGE('',*,*,#2362,.T.);
#3262=ORIENTED_EDGE('',*,*,#2363,.F.);
#3263=ORIENTED_EDGE('',*,*,#2364,.F.);
#3264=ORIENTED_EDGE('',*,*,#2365,.F.);
#3265=ORIENTED_EDGE('',*,*,#2359,.F.);
#3266=ORIENTED_EDGE('',*,*,#2366,.T.);
#3267=ORIENTED_EDGE('',*,*,#2367,.T.);
#3268=ORIENTED_EDGE('',*,*,#2368,.T.);
#3269=ORIENTED_EDGE('',*,*,#2363,.T.);
#3270=ORIENTED_EDGE('',*,*,#2369,.T.);
#3271=ORIENTED_EDGE('',*,*,#2370,.F.);
#3272=ORIENTED_EDGE('',*,*,#2371,.F.);
#3273=ORIENTED_EDGE('',*,*,#2367,.F.);
#3274=ORIENTED_EDGE('',*,*,#2372,.T.);
#3275=ORIENTED_EDGE('',*,*,#2373,.T.);
#3276=ORIENTED_EDGE('',*,*,#2374,.T.);
#3277=ORIENTED_EDGE('',*,*,#2370,.T.);
#3278=ORIENTED_EDGE('',*,*,#2375,.T.);
#3279=ORIENTED_EDGE('',*,*,#2376,.F.);
#3280=ORIENTED_EDGE('',*,*,#2377,.F.);
#3281=ORIENTED_EDGE('',*,*,#2378,.F.);
#3282=ORIENTED_EDGE('',*,*,#2373,.F.);
#3283=ORIENTED_EDGE('',*,*,#2379,.T.);
#3284=ORIENTED_EDGE('',*,*,#2380,.T.);
#3285=ORIENTED_EDGE('',*,*,#2381,.F.);
#3286=ORIENTED_EDGE('',*,*,#2382,.F.);
#3287=ORIENTED_EDGE('',*,*,#2376,.T.);
#3288=ORIENTED_EDGE('',*,*,#2383,.T.);
#3289=ORIENTED_EDGE('',*,*,#2384,.F.);
#3290=ORIENTED_EDGE('',*,*,#2385,.F.);
#3291=ORIENTED_EDGE('',*,*,#2380,.F.);
#3292=ORIENTED_EDGE('',*,*,#2386,.T.);
#3293=ORIENTED_EDGE('',*,*,#2387,.T.);
#3294=ORIENTED_EDGE('',*,*,#2388,.T.);
#3295=ORIENTED_EDGE('',*,*,#2389,.F.);
#3296=ORIENTED_EDGE('',*,*,#2384,.T.);
#3297=ORIENTED_EDGE('',*,*,#2390,.T.);
#3298=ORIENTED_EDGE('',*,*,#2391,.F.);
#3299=ORIENTED_EDGE('',*,*,#2392,.F.);
#3300=ORIENTED_EDGE('',*,*,#2393,.F.);
#3301=ORIENTED_EDGE('',*,*,#2387,.F.);
#3302=ORIENTED_EDGE('',*,*,#2394,.T.);
#3303=ORIENTED_EDGE('',*,*,#2395,.T.);
#3304=ORIENTED_EDGE('',*,*,#2396,.T.);
#3305=ORIENTED_EDGE('',*,*,#2391,.T.);
#3306=ORIENTED_EDGE('',*,*,#2397,.T.);
#3307=ORIENTED_EDGE('',*,*,#2398,.F.);
#3308=ORIENTED_EDGE('',*,*,#2399,.F.);
#3309=ORIENTED_EDGE('',*,*,#2395,.F.);
#3310=ORIENTED_EDGE('',*,*,#2400,.T.);
#3311=ORIENTED_EDGE('',*,*,#2401,.T.);
#3312=ORIENTED_EDGE('',*,*,#2402,.T.);
#3313=ORIENTED_EDGE('',*,*,#2398,.T.);
#3314=ORIENTED_EDGE('',*,*,#2403,.T.);
#3315=ORIENTED_EDGE('',*,*,#2404,.F.);
#3316=ORIENTED_EDGE('',*,*,#2405,.F.);
#3317=ORIENTED_EDGE('',*,*,#2406,.F.);
#3318=ORIENTED_EDGE('',*,*,#2401,.F.);
#3319=ORIENTED_EDGE('',*,*,#2407,.T.);
#3320=ORIENTED_EDGE('',*,*,#2408,.T.);
#3321=ORIENTED_EDGE('',*,*,#2409,.F.);
#3322=ORIENTED_EDGE('',*,*,#2410,.F.);
#3323=ORIENTED_EDGE('',*,*,#2404,.T.);
#3324=ORIENTED_EDGE('',*,*,#2411,.T.);
#3325=ORIENTED_EDGE('',*,*,#2412,.F.);
#3326=ORIENTED_EDGE('',*,*,#2413,.F.);
#3327=ORIENTED_EDGE('',*,*,#2408,.F.);
#3328=ORIENTED_EDGE('',*,*,#2414,.T.);
#3329=ORIENTED_EDGE('',*,*,#2415,.T.);
#3330=ORIENTED_EDGE('',*,*,#2416,.T.);
#3331=ORIENTED_EDGE('',*,*,#2417,.F.);
#3332=ORIENTED_EDGE('',*,*,#2412,.T.);
#3333=ORIENTED_EDGE('',*,*,#2418,.T.);
#3334=ORIENTED_EDGE('',*,*,#2419,.F.);
#3335=ORIENTED_EDGE('',*,*,#2420,.F.);
#3336=ORIENTED_EDGE('',*,*,#2421,.F.);
#3337=ORIENTED_EDGE('',*,*,#2415,.F.);
#3338=ORIENTED_EDGE('',*,*,#2422,.T.);
#3339=ORIENTED_EDGE('',*,*,#2423,.T.);
#3340=ORIENTED_EDGE('',*,*,#2424,.T.);
#3341=ORIENTED_EDGE('',*,*,#2419,.T.);
#3342=ORIENTED_EDGE('',*,*,#2425,.T.);
#3343=ORIENTED_EDGE('',*,*,#2426,.F.);
#3344=ORIENTED_EDGE('',*,*,#2427,.F.);
#3345=ORIENTED_EDGE('',*,*,#2423,.F.);
#3346=ORIENTED_EDGE('',*,*,#2428,.T.);
#3347=ORIENTED_EDGE('',*,*,#2429,.T.);
#3348=ORIENTED_EDGE('',*,*,#2430,.T.);
#3349=ORIENTED_EDGE('',*,*,#2426,.T.);
#3350=ORIENTED_EDGE('',*,*,#2431,.T.);
#3351=ORIENTED_EDGE('',*,*,#2432,.T.);
#3352=ORIENTED_EDGE('',*,*,#2287,.T.);
#3353=ORIENTED_EDGE('',*,*,#2432,.F.);
#3354=ORIENTED_EDGE('',*,*,#2433,.T.);
#3355=ORIENTED_EDGE('',*,*,#2434,.T.);
#3356=ORIENTED_EDGE('',*,*,#2336,.T.);
#3357=ORIENTED_EDGE('',*,*,#2434,.F.);
#3358=ORIENTED_EDGE('',*,*,#2435,.T.);
#3359=ORIENTED_EDGE('',*,*,#2436,.T.);
#3360=ORIENTED_EDGE('',*,*,#2283,.T.);
#3361=ORIENTED_EDGE('',*,*,#2436,.F.);
#3362=ORIENTED_EDGE('',*,*,#2437,.T.);
#3363=ORIENTED_EDGE('',*,*,#2438,.T.);
#3364=ORIENTED_EDGE('',*,*,#2285,.T.);
#3365=ORIENTED_EDGE('',*,*,#2438,.F.);
#3366=ORIENTED_EDGE('',*,*,#2439,.F.);
#3367=ORIENTED_EDGE('',*,*,#2440,.F.);
#3368=ORIENTED_EDGE('',*,*,#2441,.F.);
#3369=ORIENTED_EDGE('',*,*,#2442,.F.);
#3370=ORIENTED_EDGE('',*,*,#2443,.F.);
#3371=ORIENTED_EDGE('',*,*,#2444,.F.);
#3372=ORIENTED_EDGE('',*,*,#2445,.F.);
#3373=ORIENTED_EDGE('',*,*,#2446,.F.);
#3374=ORIENTED_EDGE('',*,*,#2447,.F.);
#3375=ORIENTED_EDGE('',*,*,#2448,.F.);
#3376=ORIENTED_EDGE('',*,*,#2449,.F.);
#3377=ORIENTED_EDGE('',*,*,#2450,.F.);
#3378=ORIENTED_EDGE('',*,*,#2451,.F.);
#3379=ORIENTED_EDGE('',*,*,#2452,.F.);
#3380=ORIENTED_EDGE('',*,*,#2453,.F.);
#3381=ORIENTED_EDGE('',*,*,#2454,.F.);
#3382=ORIENTED_EDGE('',*,*,#2455,.F.);
#3383=ORIENTED_EDGE('',*,*,#2456,.F.);
#3384=ORIENTED_EDGE('',*,*,#2457,.F.);
#3385=ORIENTED_EDGE('',*,*,#2458,.F.);
#3386=ORIENTED_EDGE('',*,*,#2459,.F.);
#3387=ORIENTED_EDGE('',*,*,#2460,.F.);
#3388=ORIENTED_EDGE('',*,*,#2461,.F.);
#3389=ORIENTED_EDGE('',*,*,#2462,.F.);
#3390=ORIENTED_EDGE('',*,*,#2463,.T.);
#3391=ORIENTED_EDGE('',*,*,#2464,.F.);
#3392=ORIENTED_EDGE('',*,*,#2465,.F.);
#3393=ORIENTED_EDGE('',*,*,#2466,.F.);
#3394=ORIENTED_EDGE('',*,*,#2467,.T.);
#3395=ORIENTED_EDGE('',*,*,#2428,.F.);
#3396=ORIENTED_EDGE('',*,*,#2425,.F.);
#3397=ORIENTED_EDGE('',*,*,#2422,.F.);
#3398=ORIENTED_EDGE('',*,*,#2418,.F.);
#3399=ORIENTED_EDGE('',*,*,#2414,.F.);
#3400=ORIENTED_EDGE('',*,*,#2411,.F.);
#3401=ORIENTED_EDGE('',*,*,#2407,.F.);
#3402=ORIENTED_EDGE('',*,*,#2403,.F.);
#3403=ORIENTED_EDGE('',*,*,#2400,.F.);
#3404=ORIENTED_EDGE('',*,*,#2397,.F.);
#3405=ORIENTED_EDGE('',*,*,#2394,.F.);
#3406=ORIENTED_EDGE('',*,*,#2390,.F.);
#3407=ORIENTED_EDGE('',*,*,#2386,.F.);
#3408=ORIENTED_EDGE('',*,*,#2383,.F.);
#3409=ORIENTED_EDGE('',*,*,#2379,.F.);
#3410=ORIENTED_EDGE('',*,*,#2375,.F.);
#3411=ORIENTED_EDGE('',*,*,#2372,.F.);
#3412=ORIENTED_EDGE('',*,*,#2369,.F.);
#3413=ORIENTED_EDGE('',*,*,#2366,.F.);
#3414=ORIENTED_EDGE('',*,*,#2362,.F.);
#3415=ORIENTED_EDGE('',*,*,#2358,.F.);
#3416=ORIENTED_EDGE('',*,*,#2355,.F.);
#3417=ORIENTED_EDGE('',*,*,#2351,.F.);
#3418=ORIENTED_EDGE('',*,*,#2347,.F.);
#3419=ORIENTED_EDGE('',*,*,#2344,.F.);
#3420=ORIENTED_EDGE('',*,*,#2341,.F.);
#3421=ORIENTED_EDGE('',*,*,#2337,.F.);
#3422=ORIENTED_EDGE('',*,*,#2139,.T.);
#3423=ORIENTED_EDGE('',*,*,#2132,.F.);
#3424=ORIENTED_EDGE('',*,*,#2134,.T.);
#3425=ORIENTED_EDGE('',*,*,#2126,.F.);
#3426=ORIENTED_EDGE('',*,*,#2128,.T.);
#3427=ORIENTED_EDGE('',*,*,#2119,.F.);
#3428=ORIENTED_EDGE('',*,*,#2123,.T.);
#3429=ORIENTED_EDGE('',*,*,#2138,.F.);
#3430=ORIENTED_EDGE('',*,*,#2431,.F.);
#3431=ORIENTED_EDGE('',*,*,#2433,.F.);
#3432=ORIENTED_EDGE('',*,*,#2435,.F.);
#3433=ORIENTED_EDGE('',*,*,#2437,.F.);
#3434=ORIENTED_EDGE('',*,*,#2468,.T.);
#3435=ORIENTED_EDGE('',*,*,#1995,.T.);
#3436=ORIENTED_EDGE('',*,*,#2469,.T.);
#3437=ORIENTED_EDGE('',*,*,#2417,.T.);
#3438=ORIENTED_EDGE('',*,*,#2469,.F.);
#3439=ORIENTED_EDGE('',*,*,#1994,.T.);
#3440=ORIENTED_EDGE('',*,*,#2470,.T.);
#3441=ORIENTED_EDGE('',*,*,#2413,.T.);
#3442=ORIENTED_EDGE('',*,*,#2471,.T.);
#3443=ORIENTED_EDGE('',*,*,#2409,.T.);
#3444=ORIENTED_EDGE('',*,*,#2470,.F.);
#3445=ORIENTED_EDGE('',*,*,#1993,.T.);
#3446=ORIENTED_EDGE('',*,*,#2468,.F.);
#3447=ORIENTED_EDGE('',*,*,#2416,.F.);
#3448=ORIENTED_EDGE('',*,*,#2421,.T.);
#3449=ORIENTED_EDGE('',*,*,#2472,.T.);
#3450=ORIENTED_EDGE('',*,*,#2473,.T.);
#3451=ORIENTED_EDGE('',*,*,#2474,.F.);
#3452=ORIENTED_EDGE('',*,*,#2475,.F.);
#3453=ORIENTED_EDGE('',*,*,#1996,.F.);
#3454=ORIENTED_EDGE('',*,*,#2476,.T.);
#3455=ORIENTED_EDGE('',*,*,#2019,.T.);
#3456=ORIENTED_EDGE('',*,*,#2477,.T.);
#3457=ORIENTED_EDGE('',*,*,#2389,.T.);
#3458=ORIENTED_EDGE('',*,*,#2477,.F.);
#3459=ORIENTED_EDGE('',*,*,#2018,.T.);
#3460=ORIENTED_EDGE('',*,*,#2478,.T.);
#3461=ORIENTED_EDGE('',*,*,#2385,.T.);
#3462=ORIENTED_EDGE('',*,*,#2479,.T.);
#3463=ORIENTED_EDGE('',*,*,#2381,.T.);
#3464=ORIENTED_EDGE('',*,*,#2478,.F.);
#3465=ORIENTED_EDGE('',*,*,#2017,.T.);
#3466=ORIENTED_EDGE('',*,*,#2471,.F.);
#3467=ORIENTED_EDGE('',*,*,#2020,.F.);
#3468=ORIENTED_EDGE('',*,*,#2476,.F.);
#3469=ORIENTED_EDGE('',*,*,#2388,.F.);
#3470=ORIENTED_EDGE('',*,*,#2393,.T.);
#3471=ORIENTED_EDGE('',*,*,#2480,.T.);
#3472=ORIENTED_EDGE('',*,*,#2405,.T.);
#3473=ORIENTED_EDGE('',*,*,#2410,.T.);
#3474=ORIENTED_EDGE('',*,*,#2481,.T.);
#3475=ORIENTED_EDGE('',*,*,#2015,.T.);
#3476=ORIENTED_EDGE('',*,*,#2482,.T.);
#3477=ORIENTED_EDGE('',*,*,#2361,.T.);
#3478=ORIENTED_EDGE('',*,*,#2482,.F.);
#3479=ORIENTED_EDGE('',*,*,#2014,.T.);
#3480=ORIENTED_EDGE('',*,*,#2483,.T.);
#3481=ORIENTED_EDGE('',*,*,#2357,.T.);
#3482=ORIENTED_EDGE('',*,*,#2484,.T.);
#3483=ORIENTED_EDGE('',*,*,#2353,.T.);
#3484=ORIENTED_EDGE('',*,*,#2483,.F.);
#3485=ORIENTED_EDGE('',*,*,#2013,.T.);
#3486=ORIENTED_EDGE('',*,*,#2479,.F.);
#3487=ORIENTED_EDGE('',*,*,#2016,.F.);
#3488=ORIENTED_EDGE('',*,*,#2481,.F.);
#3489=ORIENTED_EDGE('',*,*,#2360,.F.);
#3490=ORIENTED_EDGE('',*,*,#2365,.T.);
#3491=ORIENTED_EDGE('',*,*,#2485,.T.);
#3492=ORIENTED_EDGE('',*,*,#2377,.T.);
#3493=ORIENTED_EDGE('',*,*,#2382,.T.);
#3494=ORIENTED_EDGE('',*,*,#2444,.T.);
#3495=ORIENTED_EDGE('',*,*,#2486,.T.);
#3496=ORIENTED_EDGE('',*,*,#2487,.T.);
#3497=ORIENTED_EDGE('',*,*,#2488,.T.);
#3498=ORIENTED_EDGE('',*,*,#2443,.T.);
#3499=ORIENTED_EDGE('',*,*,#2489,.F.);
#3500=ORIENTED_EDGE('',*,*,#2490,.F.);
#3501=ORIENTED_EDGE('',*,*,#2491,.F.);
#3502=ORIENTED_EDGE('',*,*,#2486,.F.);
#3503=ORIENTED_EDGE('',*,*,#2492,.T.);
#3504=ORIENTED_EDGE('',*,*,#2011,.T.);
#3505=ORIENTED_EDGE('',*,*,#2493,.T.);
#3506=ORIENTED_EDGE('',*,*,#2494,.T.);
#3507=ORIENTED_EDGE('',*,*,#2493,.F.);
#3508=ORIENTED_EDGE('',*,*,#2010,.T.);
#3509=ORIENTED_EDGE('',*,*,#2495,.T.);
#3510=ORIENTED_EDGE('',*,*,#2496,.T.);
#3511=ORIENTED_EDGE('',*,*,#2497,.T.);
#3512=ORIENTED_EDGE('',*,*,#2498,.T.);
#3513=ORIENTED_EDGE('',*,*,#2495,.F.);
#3514=ORIENTED_EDGE('',*,*,#2009,.T.);
#3515=ORIENTED_EDGE('',*,*,#2484,.F.);
#3516=ORIENTED_EDGE('',*,*,#2012,.F.);
#3517=ORIENTED_EDGE('',*,*,#2492,.F.);
#3518=ORIENTED_EDGE('',*,*,#2499,.F.);
#3519=ORIENTED_EDGE('',*,*,#2500,.T.);
#3520=ORIENTED_EDGE('',*,*,#2501,.T.);
#3521=ORIENTED_EDGE('',*,*,#2349,.T.);
#3522=ORIENTED_EDGE('',*,*,#2354,.T.);
#3523=ORIENTED_EDGE('',*,*,#2440,.T.);
#3524=ORIENTED_EDGE('',*,*,#2502,.T.);
#3525=ORIENTED_EDGE('',*,*,#2499,.T.);
#3526=ORIENTED_EDGE('',*,*,#2494,.F.);
#3527=ORIENTED_EDGE('',*,*,#2503,.T.);
#3528=ORIENTED_EDGE('',*,*,#2452,.T.);
#3529=ORIENTED_EDGE('',*,*,#2504,.T.);
#3530=ORIENTED_EDGE('',*,*,#2505,.T.);
#3531=ORIENTED_EDGE('',*,*,#2506,.T.);
#3532=ORIENTED_EDGE('',*,*,#2451,.T.);
#3533=ORIENTED_EDGE('',*,*,#2507,.F.);
#3534=ORIENTED_EDGE('',*,*,#2508,.F.);
#3535=ORIENTED_EDGE('',*,*,#2509,.F.);
#3536=ORIENTED_EDGE('',*,*,#2504,.F.);
#3537=ORIENTED_EDGE('',*,*,#2446,.T.);
#3538=ORIENTED_EDGE('',*,*,#2510,.T.);
#3539=ORIENTED_EDGE('',*,*,#2511,.T.);
#3540=ORIENTED_EDGE('',*,*,#2512,.T.);
#3541=ORIENTED_EDGE('',*,*,#2445,.T.);
#3542=ORIENTED_EDGE('',*,*,#2488,.F.);
#3543=ORIENTED_EDGE('',*,*,#2513,.F.);
#3544=ORIENTED_EDGE('',*,*,#2510,.F.);
#3545=ORIENTED_EDGE('',*,*,#2514,.T.);
#3546=ORIENTED_EDGE('',*,*,#2007,.T.);
#3547=ORIENTED_EDGE('',*,*,#2515,.T.);
#3548=ORIENTED_EDGE('',*,*,#2516,.T.);
#3549=ORIENTED_EDGE('',*,*,#2515,.F.);
#3550=ORIENTED_EDGE('',*,*,#2006,.T.);
#3551=ORIENTED_EDGE('',*,*,#2517,.T.);
#3552=ORIENTED_EDGE('',*,*,#2518,.T.);
#3553=ORIENTED_EDGE('',*,*,#2519,.T.);
#3554=ORIENTED_EDGE('',*,*,#2520,.T.);
#3555=ORIENTED_EDGE('',*,*,#2517,.F.);
#3556=ORIENTED_EDGE('',*,*,#2005,.T.);
#3557=ORIENTED_EDGE('',*,*,#2497,.F.);
#3558=ORIENTED_EDGE('',*,*,#2008,.F.);
#3559=ORIENTED_EDGE('',*,*,#2514,.F.);
#3560=ORIENTED_EDGE('',*,*,#2521,.F.);
#3561=ORIENTED_EDGE('',*,*,#2522,.T.);
#3562=ORIENTED_EDGE('',*,*,#2523,.T.);
#3563=ORIENTED_EDGE('',*,*,#2490,.T.);
#3564=ORIENTED_EDGE('',*,*,#2524,.T.);
#3565=ORIENTED_EDGE('',*,*,#2448,.T.);
#3566=ORIENTED_EDGE('',*,*,#2525,.T.);
#3567=ORIENTED_EDGE('',*,*,#2521,.T.);
#3568=ORIENTED_EDGE('',*,*,#2516,.F.);
#3569=ORIENTED_EDGE('',*,*,#2526,.T.);
#3570=ORIENTED_EDGE('',*,*,#2460,.T.);
#3571=ORIENTED_EDGE('',*,*,#2527,.T.);
#3572=ORIENTED_EDGE('',*,*,#2528,.T.);
#3573=ORIENTED_EDGE('',*,*,#2529,.T.);
#3574=ORIENTED_EDGE('',*,*,#2459,.T.);
#3575=ORIENTED_EDGE('',*,*,#2530,.F.);
#3576=ORIENTED_EDGE('',*,*,#2531,.F.);
#3577=ORIENTED_EDGE('',*,*,#2532,.F.);
#3578=ORIENTED_EDGE('',*,*,#2527,.F.);
#3579=ORIENTED_EDGE('',*,*,#2454,.T.);
#3580=ORIENTED_EDGE('',*,*,#2533,.T.);
#3581=ORIENTED_EDGE('',*,*,#2534,.T.);
#3582=ORIENTED_EDGE('',*,*,#2535,.T.);
#3583=ORIENTED_EDGE('',*,*,#2455,.T.);
#3584=ORIENTED_EDGE('',*,*,#2535,.F.);
#3585=ORIENTED_EDGE('',*,*,#2536,.F.);
#3586=ORIENTED_EDGE('',*,*,#2537,.F.);
#3587=ORIENTED_EDGE('',*,*,#2538,.F.);
#3588=ORIENTED_EDGE('',*,*,#2539,.T.);
#3589=ORIENTED_EDGE('',*,*,#2003,.T.);
#3590=ORIENTED_EDGE('',*,*,#2540,.T.);
#3591=ORIENTED_EDGE('',*,*,#2541,.T.);
#3592=ORIENTED_EDGE('',*,*,#2540,.F.);
#3593=ORIENTED_EDGE('',*,*,#2002,.T.);
#3594=ORIENTED_EDGE('',*,*,#2542,.T.);
#3595=ORIENTED_EDGE('',*,*,#2543,.T.);
#3596=ORIENTED_EDGE('',*,*,#2544,.T.);
#3597=ORIENTED_EDGE('',*,*,#2545,.T.);
#3598=ORIENTED_EDGE('',*,*,#2542,.F.);
#3599=ORIENTED_EDGE('',*,*,#2001,.T.);
#3600=ORIENTED_EDGE('',*,*,#2519,.F.);
#3601=ORIENTED_EDGE('',*,*,#2004,.F.);
#3602=ORIENTED_EDGE('',*,*,#2539,.F.);
#3603=ORIENTED_EDGE('',*,*,#2546,.F.);
#3604=ORIENTED_EDGE('',*,*,#2537,.T.);
#3605=ORIENTED_EDGE('',*,*,#2547,.T.);
#3606=ORIENTED_EDGE('',*,*,#2508,.T.);
#3607=ORIENTED_EDGE('',*,*,#2548,.T.);
#3608=ORIENTED_EDGE('',*,*,#2456,.T.);
#3609=ORIENTED_EDGE('',*,*,#2538,.T.);
#3610=ORIENTED_EDGE('',*,*,#2546,.T.);
#3611=ORIENTED_EDGE('',*,*,#2541,.F.);
#3612=ORIENTED_EDGE('',*,*,#2549,.T.);
#3613=ORIENTED_EDGE('',*,*,#2439,.T.);
#3614=ORIENTED_EDGE('',*,*,#2340,.F.);
#3615=ORIENTED_EDGE('',*,*,#2550,.F.);
#3616=ORIENTED_EDGE('',*,*,#2500,.F.);
#3617=ORIENTED_EDGE('',*,*,#2502,.F.);
#3618=ORIENTED_EDGE('',*,*,#2442,.T.);
#3619=ORIENTED_EDGE('',*,*,#2551,.T.);
#3620=ORIENTED_EDGE('',*,*,#2498,.F.);
#3621=ORIENTED_EDGE('',*,*,#2524,.F.);
#3622=ORIENTED_EDGE('',*,*,#2489,.T.);
#3623=ORIENTED_EDGE('',*,*,#2441,.T.);
#3624=ORIENTED_EDGE('',*,*,#2503,.F.);
#3625=ORIENTED_EDGE('',*,*,#2496,.F.);
#3626=ORIENTED_EDGE('',*,*,#2551,.F.);
#3627=ORIENTED_EDGE('',*,*,#2447,.T.);
#3628=ORIENTED_EDGE('',*,*,#2512,.F.);
#3629=ORIENTED_EDGE('',*,*,#2552,.F.);
#3630=ORIENTED_EDGE('',*,*,#2522,.F.);
#3631=ORIENTED_EDGE('',*,*,#2525,.F.);
#3632=ORIENTED_EDGE('',*,*,#2450,.T.);
#3633=ORIENTED_EDGE('',*,*,#2553,.T.);
#3634=ORIENTED_EDGE('',*,*,#2520,.F.);
#3635=ORIENTED_EDGE('',*,*,#2548,.F.);
#3636=ORIENTED_EDGE('',*,*,#2507,.T.);
#3637=ORIENTED_EDGE('',*,*,#2449,.T.);
#3638=ORIENTED_EDGE('',*,*,#2526,.F.);
#3639=ORIENTED_EDGE('',*,*,#2518,.F.);
#3640=ORIENTED_EDGE('',*,*,#2553,.F.);
#3641=ORIENTED_EDGE('',*,*,#2458,.T.);
#3642=ORIENTED_EDGE('',*,*,#2554,.T.);
#3643=ORIENTED_EDGE('',*,*,#2545,.F.);
#3644=ORIENTED_EDGE('',*,*,#2555,.F.);
#3645=ORIENTED_EDGE('',*,*,#2530,.T.);
#3646=ORIENTED_EDGE('',*,*,#2457,.T.);
#3647=ORIENTED_EDGE('',*,*,#2549,.F.);
#3648=ORIENTED_EDGE('',*,*,#2543,.F.);
#3649=ORIENTED_EDGE('',*,*,#2554,.F.);
#3650=ORIENTED_EDGE('',*,*,#2544,.F.);
#3651=ORIENTED_EDGE('',*,*,#2000,.T.);
#3652=ORIENTED_EDGE('',*,*,#2556,.F.);
#3653=ORIENTED_EDGE('',*,*,#2557,.F.);
#3654=ORIENTED_EDGE('',*,*,#2558,.T.);
#3655=ORIENTED_EDGE('',*,*,#2559,.T.);
#3656=ORIENTED_EDGE('',*,*,#2531,.T.);
#3657=ORIENTED_EDGE('',*,*,#2555,.T.);
#3658=ORIENTED_EDGE('',*,*,#2528,.F.);
#3659=ORIENTED_EDGE('',*,*,#2532,.T.);
#3660=ORIENTED_EDGE('',*,*,#2559,.F.);
#3661=ORIENTED_EDGE('',*,*,#2560,.T.);
#3662=ORIENTED_EDGE('',*,*,#2561,.F.);
#3663=ORIENTED_EDGE('',*,*,#2562,.T.);
#3664=ORIENTED_EDGE('',*,*,#2505,.F.);
#3665=ORIENTED_EDGE('',*,*,#2509,.T.);
#3666=ORIENTED_EDGE('',*,*,#2547,.F.);
#3667=ORIENTED_EDGE('',*,*,#2536,.T.);
#3668=ORIENTED_EDGE('',*,*,#2534,.F.);
#3669=ORIENTED_EDGE('',*,*,#2563,.T.);
#3670=ORIENTED_EDGE('',*,*,#2487,.F.);
#3671=ORIENTED_EDGE('',*,*,#2491,.T.);
#3672=ORIENTED_EDGE('',*,*,#2523,.F.);
#3673=ORIENTED_EDGE('',*,*,#2552,.T.);
#3674=ORIENTED_EDGE('',*,*,#2511,.F.);
#3675=ORIENTED_EDGE('',*,*,#2513,.T.);
#3676=ORIENTED_EDGE('',*,*,#2346,.F.);
#3677=ORIENTED_EDGE('',*,*,#2350,.T.);
#3678=ORIENTED_EDGE('',*,*,#2501,.F.);
#3679=ORIENTED_EDGE('',*,*,#2550,.T.);
#3680=ORIENTED_EDGE('',*,*,#2339,.F.);
#3681=ORIENTED_EDGE('',*,*,#2343,.T.);
#3682=ORIENTED_EDGE('',*,*,#2374,.F.);
#3683=ORIENTED_EDGE('',*,*,#2378,.T.);
#3684=ORIENTED_EDGE('',*,*,#2485,.F.);
#3685=ORIENTED_EDGE('',*,*,#2364,.T.);
#3686=ORIENTED_EDGE('',*,*,#2368,.F.);
#3687=ORIENTED_EDGE('',*,*,#2371,.T.);
#3688=ORIENTED_EDGE('',*,*,#2402,.F.);
#3689=ORIENTED_EDGE('',*,*,#2406,.T.);
#3690=ORIENTED_EDGE('',*,*,#2480,.F.);
#3691=ORIENTED_EDGE('',*,*,#2392,.T.);
#3692=ORIENTED_EDGE('',*,*,#2396,.F.);
#3693=ORIENTED_EDGE('',*,*,#2399,.T.);
#3694=ORIENTED_EDGE('',*,*,#2424,.F.);
#3695=ORIENTED_EDGE('',*,*,#2427,.T.);
#3696=ORIENTED_EDGE('',*,*,#2430,.F.);
#3697=ORIENTED_EDGE('',*,*,#2564,.T.);
#3698=ORIENTED_EDGE('',*,*,#2472,.F.);
#3699=ORIENTED_EDGE('',*,*,#2420,.T.);
#3700=ORIENTED_EDGE('',*,*,#2461,.T.);
#3701=ORIENTED_EDGE('',*,*,#2529,.F.);
#3702=ORIENTED_EDGE('',*,*,#2562,.F.);
#3703=ORIENTED_EDGE('',*,*,#2565,.F.);
#3704=ORIENTED_EDGE('',*,*,#2453,.T.);
#3705=ORIENTED_EDGE('',*,*,#2506,.F.);
#3706=ORIENTED_EDGE('',*,*,#2563,.F.);
#3707=ORIENTED_EDGE('',*,*,#2533,.F.);
#3708=ORIENTED_EDGE('',*,*,#2462,.T.);
#3709=ORIENTED_EDGE('',*,*,#2565,.T.);
#3710=ORIENTED_EDGE('',*,*,#2561,.T.);
#3711=ORIENTED_EDGE('',*,*,#2566,.T.);
#3712=ORIENTED_EDGE('',*,*,#2463,.F.);
#3713=ORIENTED_EDGE('',*,*,#2566,.F.);
#3714=ORIENTED_EDGE('',*,*,#2560,.F.);
#3715=ORIENTED_EDGE('',*,*,#2558,.F.);
#3716=ORIENTED_EDGE('',*,*,#2567,.F.);
#3717=ORIENTED_EDGE('',*,*,#2556,.T.);
#3718=ORIENTED_EDGE('',*,*,#1999,.T.);
#3719=ORIENTED_EDGE('',*,*,#2568,.T.);
#3720=ORIENTED_EDGE('',*,*,#2569,.T.);
#3721=ORIENTED_EDGE('',*,*,#2568,.F.);
#3722=ORIENTED_EDGE('',*,*,#1998,.T.);
#3723=ORIENTED_EDGE('',*,*,#2570,.T.);
#3724=ORIENTED_EDGE('',*,*,#2571,.T.);
#3725=ORIENTED_EDGE('',*,*,#2475,.T.);
#3726=ORIENTED_EDGE('',*,*,#2572,.T.);
#3727=ORIENTED_EDGE('',*,*,#2570,.F.);
#3728=ORIENTED_EDGE('',*,*,#1997,.T.);
#3729=ORIENTED_EDGE('',*,*,#2464,.T.);
#3730=ORIENTED_EDGE('',*,*,#2567,.T.);
#3731=ORIENTED_EDGE('',*,*,#2557,.T.);
#3732=ORIENTED_EDGE('',*,*,#2569,.F.);
#3733=ORIENTED_EDGE('',*,*,#2573,.T.);
#3734=ORIENTED_EDGE('',*,*,#2465,.T.);
#3735=ORIENTED_EDGE('',*,*,#2573,.F.);
#3736=ORIENTED_EDGE('',*,*,#2571,.F.);
#3737=ORIENTED_EDGE('',*,*,#2574,.F.);
#3738=ORIENTED_EDGE('',*,*,#2466,.T.);
#3739=ORIENTED_EDGE('',*,*,#2574,.T.);
#3740=ORIENTED_EDGE('',*,*,#2572,.F.);
#3741=ORIENTED_EDGE('',*,*,#2474,.T.);
#3742=ORIENTED_EDGE('',*,*,#2575,.T.);
#3743=ORIENTED_EDGE('',*,*,#2467,.F.);
#3744=ORIENTED_EDGE('',*,*,#2575,.F.);
#3745=ORIENTED_EDGE('',*,*,#2473,.F.);
#3746=ORIENTED_EDGE('',*,*,#2564,.F.);
#3747=ORIENTED_EDGE('',*,*,#2429,.F.);
#3748=CONICAL_SURFACE('',#4006,0.225,0.785398163397448);
#3749=CONICAL_SURFACE('',#4363,0.119685039370079,0.785398163397448);
#3750=CONICAL_SURFACE('',#4365,0.119685039370079,0.785398163397448);
#3751=CONICAL_SURFACE('',#4366,1.04035314984324,1.17809724509617);
#3752=CONICAL_SURFACE('',#4368,0.119685039370079,0.785398163397449);
#3753=CONICAL_SURFACE('',#4370,0.119685039370079,0.78539816339745);
#3754=CONICAL_SURFACE('',#4371,1.04035314984324,1.17809724509617);
#3755=CONICAL_SURFACE('',#4373,0.119685039370079,0.785398163397448);
#3756=CONICAL_SURFACE('',#4375,0.119685039370079,0.785398163397448);
#3757=CONICAL_SURFACE('',#4376,1.04035314984324,1.17809724509617);
#3758=CONICAL_SURFACE('',#4380,0.119685039370079,0.785398163397448);
#3759=CONICAL_SURFACE('',#4383,0.119685039370079,0.785398163397448);
#3760=CONICAL_SURFACE('',#4385,1.04035314984324,1.17809724509617);
#3761=CONICAL_SURFACE('',#4393,0.119685039370079,0.785398163397448);
#3762=CONICAL_SURFACE('',#4396,0.119685039370079,0.785398163397449);
#3763=CONICAL_SURFACE('',#4398,1.04035314984324,1.17809724509617);
#3764=CONICAL_SURFACE('',#4405,0.119685039370079,0.785398163397449);
#3765=CONICAL_SURFACE('',#4408,0.119685039370079,0.785398163397448);
#3766=CONICAL_SURFACE('',#4410,1.04035314984324,1.17809724509617);
#3767=CONICAL_SURFACE('',#4421,1.04035314984324,1.17809724509617);
#3768=CONICAL_SURFACE('',#4423,1.16964247172458,0.785398163397448);
#3769=CONICAL_SURFACE('',#4425,1.16964247172458,0.785398163397448);
#3770=CONICAL_SURFACE('',#4427,1.16964247172458,0.785398163397448);
#3771=CONICAL_SURFACE('',#4428,1.16964247172458,0.785398163397448);
#3772=CONICAL_SURFACE('',#4429,1.16964247172458,0.785398163397448);
#3773=CONICAL_SURFACE('',#4430,1.16964247172458,0.785398163397448);
#3774=CONICAL_SURFACE('',#4431,1.16964247172458,0.785398163397448);
#3775=CONICAL_SURFACE('',#4436,0.119685039370079,0.785398163397449);
#3776=CONICAL_SURFACE('',#4439,0.119685039370079,0.785398163397447);
#3777=ADVANCED_FACE('',(#375),#3748,.F.);
#3778=ADVANCED_FACE('',(#376,#185,#186,#187,#188,#189),#200,.F.);
#3779=ADVANCED_FACE('',(#377),#84,.F.);
#3780=ADVANCED_FACE('',(#378),#201,.F.);
#3781=ADVANCED_FACE('',(#379),#85,.F.);
#3782=ADVANCED_FACE('',(#380),#202,.F.);
#3783=ADVANCED_FACE('',(#381),#86,.F.);
#3784=ADVANCED_FACE('',(#382),#203,.F.);
#3785=ADVANCED_FACE('',(#383),#87,.F.);
#3786=ADVANCED_FACE('',(#384),#204,.F.);
#3787=ADVANCED_FACE('',(#385,#190),#205,.T.);
#3788=ADVANCED_FACE('',(#386),#88,.T.);
#3789=ADVANCED_FACE('',(#387),#89,.F.);
#3790=ADVANCED_FACE('',(#388),#90,.T.);
#3791=ADVANCED_FACE('',(#389),#206,.F.);
#3792=ADVANCED_FACE('',(#390),#91,.T.);
#3793=ADVANCED_FACE('',(#391),#92,.F.);
#3794=ADVANCED_FACE('',(#392),#93,.T.);
#3795=ADVANCED_FACE('',(#393),#207,.F.);
#3796=ADVANCED_FACE('',(#394),#94,.T.);
#3797=ADVANCED_FACE('',(#395),#95,.F.);
#3798=ADVANCED_FACE('',(#396),#96,.T.);
#3799=ADVANCED_FACE('',(#397),#208,.F.);
#3800=ADVANCED_FACE('',(#398),#97,.T.);
#3801=ADVANCED_FACE('',(#399),#98,.F.);
#3802=ADVANCED_FACE('',(#400),#99,.T.);
#3803=ADVANCED_FACE('',(#401),#209,.F.);
#3804=ADVANCED_FACE('',(#402),#100,.T.);
#3805=ADVANCED_FACE('',(#403),#101,.F.);
#3806=ADVANCED_FACE('',(#404),#102,.T.);
#3807=ADVANCED_FACE('',(#405),#210,.F.);
#3808=ADVANCED_FACE('',(#406),#103,.T.);
#3809=ADVANCED_FACE('',(#407),#104,.F.);
#3810=ADVANCED_FACE('',(#408),#105,.T.);
#3811=ADVANCED_FACE('',(#409),#106,.T.);
#3812=ADVANCED_FACE('',(#410),#107,.F.);
#3813=ADVANCED_FACE('',(#411),#108,.T.);
#3814=ADVANCED_FACE('',(#412),#211,.F.);
#3815=ADVANCED_FACE('',(#413),#109,.T.);
#3816=ADVANCED_FACE('',(#414),#110,.F.);
#3817=ADVANCED_FACE('',(#415),#111,.T.);
#3818=ADVANCED_FACE('',(#416),#212,.F.);
#3819=ADVANCED_FACE('',(#417),#112,.T.);
#3820=ADVANCED_FACE('',(#418),#113,.F.);
#3821=ADVANCED_FACE('',(#419),#114,.T.);
#3822=ADVANCED_FACE('',(#420),#213,.F.);
#3823=ADVANCED_FACE('',(#421),#115,.T.);
#3824=ADVANCED_FACE('',(#422),#116,.F.);
#3825=ADVANCED_FACE('',(#423),#117,.T.);
#3826=ADVANCED_FACE('',(#424),#214,.F.);
#3827=ADVANCED_FACE('',(#425),#118,.T.);
#3828=ADVANCED_FACE('',(#426),#119,.F.);
#3829=ADVANCED_FACE('',(#427),#120,.T.);
#3830=ADVANCED_FACE('',(#428),#215,.F.);
#3831=ADVANCED_FACE('',(#429),#121,.T.);
#3832=ADVANCED_FACE('',(#430),#122,.F.);
#3833=ADVANCED_FACE('',(#431),#123,.T.);
#3834=ADVANCED_FACE('',(#432),#124,.T.);
#3835=ADVANCED_FACE('',(#433),#125,.F.);
#3836=ADVANCED_FACE('',(#434),#126,.T.);
#3837=ADVANCED_FACE('',(#435),#216,.F.);
#3838=ADVANCED_FACE('',(#436),#127,.T.);
#3839=ADVANCED_FACE('',(#437),#128,.F.);
#3840=ADVANCED_FACE('',(#438),#129,.T.);
#3841=ADVANCED_FACE('',(#439),#217,.F.);
#3842=ADVANCED_FACE('',(#440),#130,.T.);
#3843=ADVANCED_FACE('',(#441),#131,.F.);
#3844=ADVANCED_FACE('',(#442),#132,.T.);
#3845=ADVANCED_FACE('',(#443),#218,.F.);
#3846=ADVANCED_FACE('',(#444),#133,.T.);
#3847=ADVANCED_FACE('',(#445),#134,.F.);
#3848=ADVANCED_FACE('',(#446),#135,.T.);
#3849=ADVANCED_FACE('',(#447),#219,.F.);
#3850=ADVANCED_FACE('',(#448),#136,.T.);
#3851=ADVANCED_FACE('',(#449),#137,.F.);
#3852=ADVANCED_FACE('',(#450),#138,.T.);
#3853=ADVANCED_FACE('',(#451),#220,.F.);
#3854=ADVANCED_FACE('',(#452),#139,.T.);
#3855=ADVANCED_FACE('',(#453),#140,.F.);
#3856=ADVANCED_FACE('',(#454),#141,.T.);
#3857=ADVANCED_FACE('',(#455),#221,.F.);
#3858=ADVANCED_FACE('',(#456,#191),#222,.T.);
#3859=ADVANCED_FACE('',(#457),#223,.F.);
#3860=ADVANCED_FACE('',(#458,#192),#224,.T.);
#3861=ADVANCED_FACE('',(#459),#225,.F.);
#3862=ADVANCED_FACE('',(#460,#193),#226,.T.);
#3863=ADVANCED_FACE('',(#461),#142,.T.);
#3864=ADVANCED_FACE('',(#462),#143,.F.);
#3865=ADVANCED_FACE('',(#463),#144,.T.);
#3866=ADVANCED_FACE('',(#464),#227,.F.);
#3867=ADVANCED_FACE('',(#465),#145,.T.);
#3868=ADVANCED_FACE('',(#466),#146,.F.);
#3869=ADVANCED_FACE('',(#467),#147,.T.);
#3870=ADVANCED_FACE('',(#468),#228,.F.);
#3871=ADVANCED_FACE('',(#469),#148,.T.);
#3872=ADVANCED_FACE('',(#470),#149,.F.);
#3873=ADVANCED_FACE('',(#471),#150,.T.);
#3874=ADVANCED_FACE('',(#472),#229,.F.);
#3875=ADVANCED_FACE('',(#473),#151,.T.);
#3876=ADVANCED_FACE('',(#474),#152,.F.);
#3877=ADVANCED_FACE('',(#475),#153,.T.);
#3878=ADVANCED_FACE('',(#476),#230,.F.);
#3879=ADVANCED_FACE('',(#477),#154,.T.);
#3880=ADVANCED_FACE('',(#478),#155,.F.);
#3881=ADVANCED_FACE('',(#479),#156,.T.);
#3882=ADVANCED_FACE('',(#480),#231,.F.);
#3883=ADVANCED_FACE('',(#481),#157,.T.);
#3884=ADVANCED_FACE('',(#482),#158,.F.);
#3885=ADVANCED_FACE('',(#483),#159,.T.);
#3886=ADVANCED_FACE('',(#484,#194),#232,.T.);
#3887=ADVANCED_FACE('',(#485),#233,.F.);
#3888=ADVANCED_FACE('',(#486),#234,.T.);
#3889=ADVANCED_FACE('',(#487),#160,.T.);
#3890=ADVANCED_FACE('',(#488),#235,.T.);
#3891=ADVANCED_FACE('',(#489),#236,.F.);
#3892=ADVANCED_FACE('',(#490),#161,.F.);
#3893=ADVANCED_FACE('',(#491),#237,.F.);
#3894=ADVANCED_FACE('',(#492),#162,.F.);
#3895=ADVANCED_FACE('',(#493),#238,.F.);
#3896=ADVANCED_FACE('',(#494),#239,.T.);
#3897=ADVANCED_FACE('',(#495),#163,.T.);
#3898=ADVANCED_FACE('',(#496),#240,.T.);
#3899=ADVANCED_FACE('',(#497),#241,.F.);
#3900=ADVANCED_FACE('',(#498),#164,.F.);
#3901=ADVANCED_FACE('',(#499),#242,.F.);
#3902=ADVANCED_FACE('',(#500),#165,.F.);
#3903=ADVANCED_FACE('',(#501),#243,.F.);
#3904=ADVANCED_FACE('',(#502),#244,.T.);
#3905=ADVANCED_FACE('',(#503),#166,.T.);
#3906=ADVANCED_FACE('',(#504),#245,.T.);
#3907=ADVANCED_FACE('',(#505),#246,.F.);
#3908=ADVANCED_FACE('',(#506),#167,.F.);
#3909=ADVANCED_FACE('',(#507),#247,.F.);
#3910=ADVANCED_FACE('',(#508),#168,.F.);
#3911=ADVANCED_FACE('',(#509),#248,.F.);
#3912=ADVANCED_FACE('',(#510),#249,.T.);
#3913=ADVANCED_FACE('',(#511),#169,.T.);
#3914=ADVANCED_FACE('',(#512),#250,.T.);
#3915=ADVANCED_FACE('',(#513),#170,.F.);
#3916=ADVANCED_FACE('',(#514),#171,.F.);
#3917=ADVANCED_FACE('',(#515),#172,.F.);
#3918=ADVANCED_FACE('',(#516),#173,.F.);
#3919=ADVANCED_FACE('',(#517,#195,#196,#197,#198,#199),#251,.F.);
#3920=ADVANCED_FACE('',(#518),#3749,.F.);
#3921=ADVANCED_FACE('',(#519),#252,.T.);
#3922=ADVANCED_FACE('',(#520),#3750,.F.);
#3923=ADVANCED_FACE('',(#521),#3751,.T.);
#3924=ADVANCED_FACE('',(#522),#3752,.F.);
#3925=ADVANCED_FACE('',(#523),#253,.T.);
#3926=ADVANCED_FACE('',(#524),#3753,.F.);
#3927=ADVANCED_FACE('',(#525),#3754,.T.);
#3928=ADVANCED_FACE('',(#526),#3755,.F.);
#3929=ADVANCED_FACE('',(#527),#254,.T.);
#3930=ADVANCED_FACE('',(#528),#3756,.F.);
#3931=ADVANCED_FACE('',(#529),#3757,.T.);
#3932=ADVANCED_FACE('',(#530),#255,.T.);
#3933=ADVANCED_FACE('',(#531),#256,.F.);
#3934=ADVANCED_FACE('',(#532),#3758,.F.);
#3935=ADVANCED_FACE('',(#533),#257,.T.);
#3936=ADVANCED_FACE('',(#534),#3759,.F.);
#3937=ADVANCED_FACE('',(#535),#3760,.T.);
#3938=ADVANCED_FACE('',(#536),#174,.F.);
#3939=ADVANCED_FACE('',(#537),#258,.T.);
#3940=ADVANCED_FACE('',(#538),#259,.F.);
#3941=ADVANCED_FACE('',(#539),#260,.T.);
#3942=ADVANCED_FACE('',(#540),#175,.T.);
#3943=ADVANCED_FACE('',(#541),#3761,.F.);
#3944=ADVANCED_FACE('',(#542),#261,.T.);
#3945=ADVANCED_FACE('',(#543),#3762,.F.);
#3946=ADVANCED_FACE('',(#544),#3763,.T.);
#3947=ADVANCED_FACE('',(#545),#176,.F.);
#3948=ADVANCED_FACE('',(#546),#262,.T.);
#3949=ADVANCED_FACE('',(#547),#263,.F.);
#3950=ADVANCED_FACE('',(#548),#264,.T.);
#3951=ADVANCED_FACE('',(#549),#265,.F.);
#3952=ADVANCED_FACE('',(#550),#3764,.F.);
#3953=ADVANCED_FACE('',(#551),#266,.T.);
#3954=ADVANCED_FACE('',(#552),#3765,.F.);
#3955=ADVANCED_FACE('',(#553),#3766,.T.);
#3956=ADVANCED_FACE('',(#554),#177,.F.);
#3957=ADVANCED_FACE('',(#555),#267,.F.);
#3958=ADVANCED_FACE('',(#556),#178,.F.);
#3959=ADVANCED_FACE('',(#557),#268,.F.);
#3960=ADVANCED_FACE('',(#558),#269,.F.);
#3961=ADVANCED_FACE('',(#559),#179,.F.);
#3962=ADVANCED_FACE('',(#560),#270,.F.);
#3963=ADVANCED_FACE('',(#561),#180,.F.);
#3964=ADVANCED_FACE('',(#562),#271,.F.);
#3965=ADVANCED_FACE('',(#563),#3767,.T.);
#3966=ADVANCED_FACE('',(#564),#3768,.T.);
#3967=ADVANCED_FACE('',(#565),#3769,.T.);
#3968=ADVANCED_FACE('',(#566),#3770,.T.);
#3969=ADVANCED_FACE('',(#567),#3771,.T.);
#3970=ADVANCED_FACE('',(#568),#3772,.T.);
#3971=ADVANCED_FACE('',(#569),#3773,.T.);
#3972=ADVANCED_FACE('',(#570),#3774,.T.);
#3973=ADVANCED_FACE('',(#571),#181,.T.);
#3974=ADVANCED_FACE('',(#572),#182,.T.);
#3975=ADVANCED_FACE('',(#573),#272,.T.);
#3976=ADVANCED_FACE('',(#574),#273,.F.);
#3977=ADVANCED_FACE('',(#575),#3775,.F.);
#3978=ADVANCED_FACE('',(#576),#274,.T.);
#3979=ADVANCED_FACE('',(#577),#3776,.F.);
#3980=ADVANCED_FACE('',(#578),#183,.F.);
#3981=ADVANCED_FACE('',(#579),#275,.F.);
#3982=ADVANCED_FACE('',(#580),#184,.F.);
#3983=ADVANCED_FACE('',(#581),#276,.F.);
#3984=CLOSED_SHELL('',(#3777,#3778,#3779,#3780,#3781,#3782,#3783,#3784,
#3785,#3786,#3787,#3788,#3789,#3790,#3791,#3792,#3793,#3794,#3795,#3796,
#3797,#3798,#3799,#3800,#3801,#3802,#3803,#3804,#3805,#3806,#3807,#3808,
#3809,#3810,#3811,#3812,#3813,#3814,#3815,#3816,#3817,#3818,#3819,#3820,
#3821,#3822,#3823,#3824,#3825,#3826,#3827,#3828,#3829,#3830,#3831,#3832,
#3833,#3834,#3835,#3836,#3837,#3838,#3839,#3840,#3841,#3842,#3843,#3844,
#3845,#3846,#3847,#3848,#3849,#3850,#3851,#3852,#3853,#3854,#3855,#3856,
#3857,#3858,#3859,#3860,#3861,#3862,#3863,#3864,#3865,#3866,#3867,#3868,
#3869,#3870,#3871,#3872,#3873,#3874,#3875,#3876,#3877,#3878,#3879,#3880,
#3881,#3882,#3883,#3884,#3885,#3886,#3887,#3888,#3889,#3890,#3891,#3892,
#3893,#3894,#3895,#3896,#3897,#3898,#3899,#3900,#3901,#3902,#3903,#3904,
#3905,#3906,#3907,#3908,#3909,#3910,#3911,#3912,#3913,#3914,#3915,#3916,
#3917,#3918,#3919,#3920,#3921,#3922,#3923,#3924,#3925,#3926,#3927,#3928,
#3929,#3930,#3931,#3932,#3933,#3934,#3935,#3936,#3937,#3938,#3939,#3940,
#3941,#3942,#3943,#3944,#3945,#3946,#3947,#3948,#3949,#3950,#3951,#3952,
#3953,#3954,#3955,#3956,#3957,#3958,#3959,#3960,#3961,#3962,#3963,#3964,
#3965,#3966,#3967,#3968,#3969,#3970,#3971,#3972,#3973,#3974,#3975,#3976,
#3977,#3978,#3979,#3980,#3981,#3982,#3983));
#3985=DERIVED_UNIT_ELEMENT(#3987,1.);
#3986=DERIVED_UNIT_ELEMENT(#7022,-3.);
#3987=(
CONVERSION_BASED_UNIT('gram',#3989)
MASS_UNIT()
NAMED_UNIT(#7019)
);
#3988=(
MASS_UNIT()
NAMED_UNIT(*)
SI_UNIT(.KILO.,.GRAM.)
);
#3989=MASS_MEASURE_WITH_UNIT(MASS_MEASURE(0.001),#3988);
#3990=DERIVED_UNIT((#3985,#3986));
#3991=MEASURE_REPRESENTATION_ITEM('density measure',
POSITIVE_RATIO_MEASURE(1.),#3990);
#3992=PROPERTY_DEFINITION_REPRESENTATION(#3997,#3994);
#3993=PROPERTY_DEFINITION_REPRESENTATION(#3998,#3995);
#3994=REPRESENTATION('material name',(#3996),#7016);
#3995=REPRESENTATION('density',(#3991),#7016);
#3996=DESCRIPTIVE_REPRESENTATION_ITEM('white pla','white pla');
#3997=PROPERTY_DEFINITION('material property','material name',#7030);
#3998=PROPERTY_DEFINITION('material property','density of part',#7030);
#3999=DATE_TIME_ROLE('creation_date');
#4000=APPLIED_DATE_AND_TIME_ASSIGNMENT(#4001,#3999,(#7030));
#4001=DATE_AND_TIME(#4002,#4003);
#4002=CALENDAR_DATE(2025,15,11);
#4003=LOCAL_TIME(0,0,0.,#4004);
#4004=COORDINATED_UNIVERSAL_TIME_OFFSET(0,0,.BEHIND.);
#4005=AXIS2_PLACEMENT_3D('',#5609,#4445,#4446);
#4006=AXIS2_PLACEMENT_3D('',#5610,#4447,#4448);
#4007=AXIS2_PLACEMENT_3D('',#5612,#4449,#4450);
#4008=AXIS2_PLACEMENT_3D('',#5615,#4452,#4453);
#4009=AXIS2_PLACEMENT_3D('',#5616,#4454,#4455);
#4010=AXIS2_PLACEMENT_3D('',#5619,#4456,#4457);
#4011=AXIS2_PLACEMENT_3D('',#5623,#4459,#4460);
#4012=AXIS2_PLACEMENT_3D('',#5625,#4461,#4462);
#4013=AXIS2_PLACEMENT_3D('',#5627,#4463,#4464);
#4014=AXIS2_PLACEMENT_3D('',#5631,#4466,#4467);
#4015=AXIS2_PLACEMENT_3D('',#5633,#4468,#4469);
#4016=AXIS2_PLACEMENT_3D('',#5635,#4470,#4471);
#4017=AXIS2_PLACEMENT_3D('',#5639,#4473,#4474);
#4018=AXIS2_PLACEMENT_3D('',#5641,#4475,#4476);
#4019=AXIS2_PLACEMENT_3D('',#5643,#4477,#4478);
#4020=AXIS2_PLACEMENT_3D('',#5647,#4480,#4481);
#4021=AXIS2_PLACEMENT_3D('',#5649,#4482,#4483);
#4022=AXIS2_PLACEMENT_3D('',#5651,#4484,#4485);
#4023=AXIS2_PLACEMENT_3D('',#5655,#4487,#4488);
#4024=AXIS2_PLACEMENT_3D('',#5657,#4489,#4490);
#4025=AXIS2_PLACEMENT_3D('',#5659,#4491,#4492);
#4026=AXIS2_PLACEMENT_3D('',#5663,#4494,#4495);
#4027=AXIS2_PLACEMENT_3D('',#5665,#4496,#4497);
#4028=AXIS2_PLACEMENT_3D('',#5667,#4498,#4499);
#4029=AXIS2_PLACEMENT_3D('',#5671,#4501,#4502);
#4030=AXIS2_PLACEMENT_3D('',#5672,#4503,#4504);
#4031=AXIS2_PLACEMENT_3D('',#5675,#4505,#4506);
#4032=AXIS2_PLACEMENT_3D('',#5679,#4508,#4509);
#4033=AXIS2_PLACEMENT_3D('',#5681,#4510,#4511);
#4034=AXIS2_PLACEMENT_3D('',#5683,#4512,#4513);
#4035=AXIS2_PLACEMENT_3D('',#5687,#4515,#4516);
#4036=AXIS2_PLACEMENT_3D('',#5689,#4517,#4518);
#4037=AXIS2_PLACEMENT_3D('',#5691,#4519,#4520);
#4038=AXIS2_PLACEMENT_3D('',#5695,#4522,#4523);
#4039=AXIS2_PLACEMENT_3D('',#5697,#4524,#4525);
#4040=AXIS2_PLACEMENT_3D('',#5699,#4526,#4527);
#4041=AXIS2_PLACEMENT_3D('',#5703,#4529,#4530);
#4042=AXIS2_PLACEMENT_3D('',#5705,#4531,#4532);
#4043=AXIS2_PLACEMENT_3D('',#5707,#4533,#4534);
#4044=AXIS2_PLACEMENT_3D('',#5711,#4536,#4537);
#4045=AXIS2_PLACEMENT_3D('',#5713,#4538,#4539);
#4046=AXIS2_PLACEMENT_3D('',#5715,#4540,#4541);
#4047=AXIS2_PLACEMENT_3D('',#5719,#4543,#4544);
#4048=AXIS2_PLACEMENT_3D('',#5720,#4545,#4546);
#4049=AXIS2_PLACEMENT_3D('',#5723,#4547,#4548);
#4050=AXIS2_PLACEMENT_3D('',#5727,#4550,#4551);
#4051=AXIS2_PLACEMENT_3D('',#5729,#4552,#4553);
#4052=AXIS2_PLACEMENT_3D('',#5731,#4554,#4555);
#4053=AXIS2_PLACEMENT_3D('',#5735,#4557,#4558);
#4054=AXIS2_PLACEMENT_3D('',#5737,#4559,#4560);
#4055=AXIS2_PLACEMENT_3D('',#5739,#4561,#4562);
#4056=AXIS2_PLACEMENT_3D('',#5743,#4564,#4565);
#4057=AXIS2_PLACEMENT_3D('',#5745,#4566,#4567);
#4058=AXIS2_PLACEMENT_3D('',#5747,#4568,#4569);
#4059=AXIS2_PLACEMENT_3D('',#5751,#4571,#4572);
#4060=AXIS2_PLACEMENT_3D('',#5753,#4573,#4574);
#4061=AXIS2_PLACEMENT_3D('',#5755,#4575,#4576);
#4062=AXIS2_PLACEMENT_3D('',#5759,#4578,#4579);
#4063=AXIS2_PLACEMENT_3D('',#5761,#4580,#4581);
#4064=AXIS2_PLACEMENT_3D('',#5763,#4582,#4583);
#4065=AXIS2_PLACEMENT_3D('',#5767,#4585,#4586);
#4066=AXIS2_PLACEMENT_3D('',#5768,#4587,#4588);
#4067=AXIS2_PLACEMENT_3D('',#5771,#4589,#4590);
#4068=AXIS2_PLACEMENT_3D('',#5775,#4592,#4593);
#4069=AXIS2_PLACEMENT_3D('',#5777,#4594,#4595);
#4070=AXIS2_PLACEMENT_3D('',#5779,#4596,#4597);
#4071=AXIS2_PLACEMENT_3D('',#5783,#4599,#4600);
#4072=AXIS2_PLACEMENT_3D('',#5785,#4601,#4602);
#4073=AXIS2_PLACEMENT_3D('',#5787,#4603,#4604);
#4074=AXIS2_PLACEMENT_3D('',#5791,#4606,#4607);
#4075=AXIS2_PLACEMENT_3D('',#5793,#4608,#4609);
#4076=AXIS2_PLACEMENT_3D('',#5795,#4610,#4611);
#4077=AXIS2_PLACEMENT_3D('',#5799,#4613,#4614);
#4078=AXIS2_PLACEMENT_3D('',#5801,#4615,#4616);
#4079=AXIS2_PLACEMENT_3D('',#5803,#4617,#4618);
#4080=AXIS2_PLACEMENT_3D('',#5807,#4620,#4621);
#4081=AXIS2_PLACEMENT_3D('',#5809,#4622,#4623);
#4082=AXIS2_PLACEMENT_3D('',#5811,#4624,#4625);
#4083=AXIS2_PLACEMENT_3D('',#5815,#4627,#4628);
#4084=AXIS2_PLACEMENT_3D('',#5816,#4629,#4630);
#4085=AXIS2_PLACEMENT_3D('',#5819,#4631,#4632);
#4086=AXIS2_PLACEMENT_3D('',#5823,#4634,#4635);
#4087=AXIS2_PLACEMENT_3D('',#5825,#4636,#4637);
#4088=AXIS2_PLACEMENT_3D('',#5827,#4638,#4639);
#4089=AXIS2_PLACEMENT_3D('',#5831,#4641,#4642);
#4090=AXIS2_PLACEMENT_3D('',#5833,#4643,#4644);
#4091=AXIS2_PLACEMENT_3D('',#5835,#4645,#4646);
#4092=AXIS2_PLACEMENT_3D('',#5839,#4648,#4649);
#4093=AXIS2_PLACEMENT_3D('',#5841,#4650,#4651);
#4094=AXIS2_PLACEMENT_3D('',#5843,#4652,#4653);
#4095=AXIS2_PLACEMENT_3D('',#5847,#4655,#4656);
#4096=AXIS2_PLACEMENT_3D('',#5849,#4657,#4658);
#4097=AXIS2_PLACEMENT_3D('',#5851,#4659,#4660);
#4098=AXIS2_PLACEMENT_3D('',#5855,#4662,#4663);
#4099=AXIS2_PLACEMENT_3D('',#5857,#4664,#4665);
#4100=AXIS2_PLACEMENT_3D('',#5859,#4666,#4667);
#4101=AXIS2_PLACEMENT_3D('',#5863,#4669,#4670);
#4102=AXIS2_PLACEMENT_3D('',#5864,#4671,#4672);
#4103=AXIS2_PLACEMENT_3D('',#5865,#4673,#4674);
#4104=AXIS2_PLACEMENT_3D('',#5868,#4675,#4676);
#4105=AXIS2_PLACEMENT_3D('',#5872,#4678,#4679);
#4106=AXIS2_PLACEMENT_3D('',#5874,#4681,#4682);
#4107=AXIS2_PLACEMENT_3D('',#5880,#4686,#4687);
#4108=AXIS2_PLACEMENT_3D('',#5883,#4688,#4689);
#4109=AXIS2_PLACEMENT_3D('',#5887,#4691,#4692);
#4110=AXIS2_PLACEMENT_3D('',#5889,#4694,#4695);
#4111=AXIS2_PLACEMENT_3D('',#5892,#4698,#4699);
#4112=AXIS2_PLACEMENT_3D('',#5895,#4700,#4701);
#4113=AXIS2_PLACEMENT_3D('',#5899,#4703,#4704);
#4114=AXIS2_PLACEMENT_3D('',#5901,#4706,#4707);
#4115=AXIS2_PLACEMENT_3D('',#5904,#4710,#4711);
#4116=AXIS2_PLACEMENT_3D('',#5906,#4712,#4713);
#4117=AXIS2_PLACEMENT_3D('',#5909,#4715,#4716);
#4118=AXIS2_PLACEMENT_3D('',#5910,#4717,#4718);
#4119=AXIS2_PLACEMENT_3D('',#5913,#4721,#4722);
#4120=AXIS2_PLACEMENT_3D('',#5914,#4723,#4724);
#4121=AXIS2_PLACEMENT_3D('',#5918,#4726,#4727);
#4122=AXIS2_PLACEMENT_3D('',#5920,#4729,#4730);
#4123=AXIS2_PLACEMENT_3D('',#5923,#4732,#4733);
#4124=AXIS2_PLACEMENT_3D('',#5924,#4734,#4735);
#4125=AXIS2_PLACEMENT_3D('',#5927,#4737,#4738);
#4126=AXIS2_PLACEMENT_3D('',#5928,#4739,#4740);
#4127=AXIS2_PLACEMENT_3D('',#5932,#4743,#4744);
#4128=AXIS2_PLACEMENT_3D('',#5935,#4746,#4747);
#4129=AXIS2_PLACEMENT_3D('',#5936,#4748,#4749);
#4130=AXIS2_PLACEMENT_3D('',#5939,#4751,#4752);
#4131=AXIS2_PLACEMENT_3D('',#5940,#4753,#4754);
#4132=AXIS2_PLACEMENT_3D('',#5943,#4756,#4757);
#4133=AXIS2_PLACEMENT_3D('',#5944,#4758,#4759);
#4134=AXIS2_PLACEMENT_3D('',#5948,#4762,#4763);
#4135=AXIS2_PLACEMENT_3D('',#5951,#4765,#4766);
#4136=AXIS2_PLACEMENT_3D('',#5952,#4767,#4768);
#4137=AXIS2_PLACEMENT_3D('',#5955,#4770,#4771);
#4138=AXIS2_PLACEMENT_3D('',#5956,#4772,#4773);
#4139=AXIS2_PLACEMENT_3D('',#5959,#4775,#4776);
#4140=AXIS2_PLACEMENT_3D('',#5960,#4777,#4778);
#4141=AXIS2_PLACEMENT_3D('',#5964,#4781,#4782);
#4142=AXIS2_PLACEMENT_3D('',#5967,#4784,#4785);
#4143=AXIS2_PLACEMENT_3D('',#5968,#4786,#4787);
#4144=AXIS2_PLACEMENT_3D('',#5971,#4789,#4790);
#4145=AXIS2_PLACEMENT_3D('',#5972,#4791,#4792);
#4146=AXIS2_PLACEMENT_3D('',#5975,#4794,#4795);
#4147=AXIS2_PLACEMENT_3D('',#5976,#4796,#4797);
#4148=AXIS2_PLACEMENT_3D('',#5980,#4800,#4801);
#4149=AXIS2_PLACEMENT_3D('',#5983,#4803,#4804);
#4150=AXIS2_PLACEMENT_3D('',#5984,#4805,#4806);
#4151=AXIS2_PLACEMENT_3D('',#5987,#4808,#4809);
#4152=AXIS2_PLACEMENT_3D('',#5988,#4810,#4811);
#4153=AXIS2_PLACEMENT_3D('',#5991,#4813,#4814);
#4154=AXIS2_PLACEMENT_3D('',#5992,#4815,#4816);
#4155=AXIS2_PLACEMENT_3D('',#5996,#4819,#4820);
#4156=AXIS2_PLACEMENT_3D('',#6000,#4822,#4823);
#4157=AXIS2_PLACEMENT_3D('',#6002,#4825,#4826);
#4158=AXIS2_PLACEMENT_3D('',#6004,#4827,#4828);
#4159=AXIS2_PLACEMENT_3D('',#6006,#4830,#4831);
#4160=AXIS2_PLACEMENT_3D('',#6007,#4832,#4833);
#4161=AXIS2_PLACEMENT_3D('',#6008,#4834,#4835);
#4162=AXIS2_PLACEMENT_3D('',#6012,#4837,#4838);
#4163=AXIS2_PLACEMENT_3D('',#6014,#4840,#4841);
#4164=AXIS2_PLACEMENT_3D('',#6017,#4843,#4844);
#4165=AXIS2_PLACEMENT_3D('',#6018,#4845,#4846);
#4166=AXIS2_PLACEMENT_3D('',#6021,#4848,#4849);
#4167=AXIS2_PLACEMENT_3D('',#6022,#4850,#4851);
#4168=AXIS2_PLACEMENT_3D('',#6026,#4854,#4855);
#4169=AXIS2_PLACEMENT_3D('',#6029,#4857,#4858);
#4170=AXIS2_PLACEMENT_3D('',#6030,#4859,#4860);
#4171=AXIS2_PLACEMENT_3D('',#6033,#4862,#4863);
#4172=AXIS2_PLACEMENT_3D('',#6034,#4864,#4865);
#4173=AXIS2_PLACEMENT_3D('',#6037,#4867,#4868);
#4174=AXIS2_PLACEMENT_3D('',#6038,#4869,#4870);
#4175=AXIS2_PLACEMENT_3D('',#6042,#4873,#4874);
#4176=AXIS2_PLACEMENT_3D('',#6045,#4876,#4877);
#4177=AXIS2_PLACEMENT_3D('',#6046,#4878,#4879);
#4178=AXIS2_PLACEMENT_3D('',#6049,#4881,#4882);
#4179=AXIS2_PLACEMENT_3D('',#6050,#4883,#4884);
#4180=AXIS2_PLACEMENT_3D('',#6053,#4886,#4887);
#4181=AXIS2_PLACEMENT_3D('',#6054,#4888,#4889);
#4182=AXIS2_PLACEMENT_3D('',#6058,#4892,#4893);
#4183=AXIS2_PLACEMENT_3D('',#6061,#4895,#4896);
#4184=AXIS2_PLACEMENT_3D('',#6062,#4897,#4898);
#4185=AXIS2_PLACEMENT_3D('',#6065,#4900,#4901);
#4186=AXIS2_PLACEMENT_3D('',#6066,#4902,#4903);
#4187=AXIS2_PLACEMENT_3D('',#6069,#4905,#4906);
#4188=AXIS2_PLACEMENT_3D('',#6070,#4907,#4908);
#4189=AXIS2_PLACEMENT_3D('',#6074,#4911,#4912);
#4190=AXIS2_PLACEMENT_3D('',#6077,#4914,#4915);
#4191=AXIS2_PLACEMENT_3D('',#6078,#4916,#4917);
#4192=AXIS2_PLACEMENT_3D('',#6081,#4919,#4920);
#4193=AXIS2_PLACEMENT_3D('',#6082,#4921,#4922);
#4194=AXIS2_PLACEMENT_3D('',#6085,#4924,#4925);
#4195=AXIS2_PLACEMENT_3D('',#6086,#4926,#4927);
#4196=AXIS2_PLACEMENT_3D('',#6090,#4930,#4931);
#4197=AXIS2_PLACEMENT_3D('',#6094,#4933,#4934);
#4198=AXIS2_PLACEMENT_3D('',#6096,#4936,#4937);
#4199=AXIS2_PLACEMENT_3D('',#6098,#4938,#4939);
#4200=AXIS2_PLACEMENT_3D('',#6100,#4941,#4942);
#4201=AXIS2_PLACEMENT_3D('',#6101,#4943,#4944);
#4202=AXIS2_PLACEMENT_3D('',#6102,#4945,#4946);
#4203=AXIS2_PLACEMENT_3D('',#6106,#4948,#4949);
#4204=AXIS2_PLACEMENT_3D('',#6108,#4951,#4952);
#4205=AXIS2_PLACEMENT_3D('',#6111,#4954,#4955);
#4206=AXIS2_PLACEMENT_3D('',#6112,#4956,#4957);
#4207=AXIS2_PLACEMENT_3D('',#6115,#4959,#4960);
#4208=AXIS2_PLACEMENT_3D('',#6116,#4961,#4962);
#4209=AXIS2_PLACEMENT_3D('',#6120,#4965,#4966);
#4210=AXIS2_PLACEMENT_3D('',#6123,#4968,#4969);
#4211=AXIS2_PLACEMENT_3D('',#6124,#4970,#4971);
#4212=AXIS2_PLACEMENT_3D('',#6127,#4973,#4974);
#4213=AXIS2_PLACEMENT_3D('',#6128,#4975,#4976);
#4214=AXIS2_PLACEMENT_3D('',#6131,#4978,#4979);
#4215=AXIS2_PLACEMENT_3D('',#6132,#4980,#4981);
#4216=AXIS2_PLACEMENT_3D('',#6136,#4984,#4985);
#4217=AXIS2_PLACEMENT_3D('',#6139,#4987,#4988);
#4218=AXIS2_PLACEMENT_3D('',#6140,#4989,#4990);
#4219=AXIS2_PLACEMENT_3D('',#6143,#4992,#4993);
#4220=AXIS2_PLACEMENT_3D('',#6144,#4994,#4995);
#4221=AXIS2_PLACEMENT_3D('',#6147,#4997,#4998);
#4222=AXIS2_PLACEMENT_3D('',#6148,#4999,#5000);
#4223=AXIS2_PLACEMENT_3D('',#6152,#5003,#5004);
#4224=AXIS2_PLACEMENT_3D('',#6155,#5006,#5007);
#4225=AXIS2_PLACEMENT_3D('',#6156,#5008,#5009);
#4226=AXIS2_PLACEMENT_3D('',#6159,#5011,#5012);
#4227=AXIS2_PLACEMENT_3D('',#6160,#5013,#5014);
#4228=AXIS2_PLACEMENT_3D('',#6163,#5016,#5017);
#4229=AXIS2_PLACEMENT_3D('',#6164,#5018,#5019);
#4230=AXIS2_PLACEMENT_3D('',#6168,#5022,#5023);
#4231=AXIS2_PLACEMENT_3D('',#6171,#5025,#5026);
#4232=AXIS2_PLACEMENT_3D('',#6172,#5027,#5028);
#4233=AXIS2_PLACEMENT_3D('',#6175,#5030,#5031);
#4234=AXIS2_PLACEMENT_3D('',#6176,#5032,#5033);
#4235=AXIS2_PLACEMENT_3D('',#6179,#5035,#5036);
#4236=AXIS2_PLACEMENT_3D('',#6180,#5037,#5038);
#4237=AXIS2_PLACEMENT_3D('',#6184,#5041,#5042);
#4238=AXIS2_PLACEMENT_3D('',#6188,#5044,#5045);
#4239=AXIS2_PLACEMENT_3D('',#6190,#5047,#5048);
#4240=AXIS2_PLACEMENT_3D('',#6192,#5049,#5050);
#4241=AXIS2_PLACEMENT_3D('',#6194,#5052,#5053);
#4242=AXIS2_PLACEMENT_3D('',#6195,#5054,#5055);
#4243=AXIS2_PLACEMENT_3D('',#6196,#5056,#5057);
#4244=AXIS2_PLACEMENT_3D('',#6198,#5059,#5060);
#4245=AXIS2_PLACEMENT_3D('',#6200,#5061,#5062);
#4246=AXIS2_PLACEMENT_3D('',#6201,#5063,#5064);
#4247=AXIS2_PLACEMENT_3D('',#6203,#5066,#5067);
#4248=AXIS2_PLACEMENT_3D('',#6205,#5068,#5069);
#4249=AXIS2_PLACEMENT_3D('',#6206,#5070,#5071);
#4250=AXIS2_PLACEMENT_3D('',#6208,#5073,#5074);
#4251=AXIS2_PLACEMENT_3D('',#6210,#5075,#5076);
#4252=AXIS2_PLACEMENT_3D('',#6211,#5077,#5078);
#4253=AXIS2_PLACEMENT_3D('',#6215,#5080,#5081);
#4254=AXIS2_PLACEMENT_3D('',#6217,#5083,#5084);
#4255=AXIS2_PLACEMENT_3D('',#6220,#5086,#5087);
#4256=AXIS2_PLACEMENT_3D('',#6221,#5088,#5089);
#4257=AXIS2_PLACEMENT_3D('',#6224,#5091,#5092);
#4258=AXIS2_PLACEMENT_3D('',#6225,#5093,#5094);
#4259=AXIS2_PLACEMENT_3D('',#6229,#5097,#5098);
#4260=AXIS2_PLACEMENT_3D('',#6232,#5100,#5101);
#4261=AXIS2_PLACEMENT_3D('',#6233,#5102,#5103);
#4262=AXIS2_PLACEMENT_3D('',#6236,#5105,#5106);
#4263=AXIS2_PLACEMENT_3D('',#6237,#5107,#5108);
#4264=AXIS2_PLACEMENT_3D('',#6240,#5110,#5111);
#4265=AXIS2_PLACEMENT_3D('',#6241,#5112,#5113);
#4266=AXIS2_PLACEMENT_3D('',#6245,#5116,#5117);
#4267=AXIS2_PLACEMENT_3D('',#6248,#5119,#5120);
#4268=AXIS2_PLACEMENT_3D('',#6249,#5121,#5122);
#4269=AXIS2_PLACEMENT_3D('',#6252,#5124,#5125);
#4270=AXIS2_PLACEMENT_3D('',#6253,#5126,#5127);
#4271=AXIS2_PLACEMENT_3D('',#6256,#5129,#5130);
#4272=AXIS2_PLACEMENT_3D('',#6257,#5131,#5132);
#4273=AXIS2_PLACEMENT_3D('',#6261,#5135,#5136);
#4274=AXIS2_PLACEMENT_3D('',#6264,#5138,#5139);
#4275=AXIS2_PLACEMENT_3D('',#6265,#5140,#5141);
#4276=AXIS2_PLACEMENT_3D('',#6268,#5143,#5144);
#4277=AXIS2_PLACEMENT_3D('',#6269,#5145,#5146);
#4278=AXIS2_PLACEMENT_3D('',#6272,#5148,#5149);
#4279=AXIS2_PLACEMENT_3D('',#6273,#5150,#5151);
#4280=AXIS2_PLACEMENT_3D('',#6277,#5154,#5155);
#4281=AXIS2_PLACEMENT_3D('',#6280,#5157,#5158);
#4282=AXIS2_PLACEMENT_3D('',#6281,#5159,#5160);
#4283=AXIS2_PLACEMENT_3D('',#6284,#5162,#5163);
#4284=AXIS2_PLACEMENT_3D('',#6285,#5164,#5165);
#4285=AXIS2_PLACEMENT_3D('',#6288,#5167,#5168);
#4286=AXIS2_PLACEMENT_3D('',#6289,#5169,#5170);
#4287=AXIS2_PLACEMENT_3D('',#6293,#5173,#5174);
#4288=AXIS2_PLACEMENT_3D('',#6297,#5176,#5177);
#4289=AXIS2_PLACEMENT_3D('',#6299,#5179,#5180);
#4290=AXIS2_PLACEMENT_3D('',#6301,#5181,#5182);
#4291=AXIS2_PLACEMENT_3D('',#6303,#5184,#5185);
#4292=AXIS2_PLACEMENT_3D('',#6304,#5186,#5187);
#4293=AXIS2_PLACEMENT_3D('',#6305,#5188,#5189);
#4294=AXIS2_PLACEMENT_3D('',#6308,#5191,#5192);
#4295=AXIS2_PLACEMENT_3D('',#6309,#5193,#5194);
#4296=AXIS2_PLACEMENT_3D('',#6310,#5195,#5196);
#4297=AXIS2_PLACEMENT_3D('',#6321,#5200,#5201);
#4298=AXIS2_PLACEMENT_3D('',#6323,#5202,#5203);
#4299=AXIS2_PLACEMENT_3D('',#6326,#5205,#5206);
#4300=AXIS2_PLACEMENT_3D('',#6327,#5207,#5208);
#4301=AXIS2_PLACEMENT_3D('',#6335,#5211,#5212);
#4302=AXIS2_PLACEMENT_3D('',#6347,#5215,#5216);
#4303=AXIS2_PLACEMENT_3D('',#6349,#5217,#5218);
#4304=AXIS2_PLACEMENT_3D('',#6353,#5220,#5221);
#4305=AXIS2_PLACEMENT_3D('',#6358,#5222,#5223);
#4306=AXIS2_PLACEMENT_3D('',#6364,#5227,#5228);
#4307=AXIS2_PLACEMENT_3D('',#6366,#5229,#5230);
#4308=AXIS2_PLACEMENT_3D('',#6374,#5232,#5233);
#4309=AXIS2_PLACEMENT_3D('',#6375,#5234,#5235);
#4310=AXIS2_PLACEMENT_3D('',#6387,#5238,#5239);
#4311=AXIS2_PLACEMENT_3D('',#6395,#5242,#5243);
#4312=AXIS2_PLACEMENT_3D('',#6397,#5244,#5245);
#4313=AXIS2_PLACEMENT_3D('',#6400,#5247,#5248);
#4314=AXIS2_PLACEMENT_3D('',#6401,#5249,#5250);
#4315=AXIS2_PLACEMENT_3D('',#6409,#5253,#5254);
#4316=AXIS2_PLACEMENT_3D('',#6421,#5257,#5258);
#4317=AXIS2_PLACEMENT_3D('',#6423,#5259,#5260);
#4318=AXIS2_PLACEMENT_3D('',#6427,#5262,#5263);
#4319=AXIS2_PLACEMENT_3D('',#6432,#5264,#5265);
#4320=AXIS2_PLACEMENT_3D('',#6438,#5269,#5270);
#4321=AXIS2_PLACEMENT_3D('',#6440,#5271,#5272);
#4322=AXIS2_PLACEMENT_3D('',#6448,#5274,#5275);
#4323=AXIS2_PLACEMENT_3D('',#6449,#5276,#5277);
#4324=AXIS2_PLACEMENT_3D('',#6461,#5280,#5281);
#4325=AXIS2_PLACEMENT_3D('',#6469,#5284,#5285);
#4326=AXIS2_PLACEMENT_3D('',#6471,#5286,#5287);
#4327=AXIS2_PLACEMENT_3D('',#6474,#5289,#5290);
#4328=AXIS2_PLACEMENT_3D('',#6475,#5291,#5292);
#4329=AXIS2_PLACEMENT_3D('',#6483,#5295,#5296);
#4330=AXIS2_PLACEMENT_3D('',#6495,#5299,#5300);
#4331=AXIS2_PLACEMENT_3D('',#6497,#5301,#5302);
#4332=AXIS2_PLACEMENT_3D('',#6501,#5304,#5305);
#4333=AXIS2_PLACEMENT_3D('',#6506,#5306,#5307);
#4334=AXIS2_PLACEMENT_3D('',#6512,#5311,#5312);
#4335=AXIS2_PLACEMENT_3D('',#6514,#5313,#5314);
#4336=AXIS2_PLACEMENT_3D('',#6522,#5316,#5317);
#4337=AXIS2_PLACEMENT_3D('',#6523,#5318,#5319);
#4338=AXIS2_PLACEMENT_3D('',#6535,#5322,#5323);
#4339=AXIS2_PLACEMENT_3D('',#6543,#5326,#5327);
#4340=AXIS2_PLACEMENT_3D('',#6545,#5328,#5329);
#4341=AXIS2_PLACEMENT_3D('',#6548,#5331,#5332);
#4342=AXIS2_PLACEMENT_3D('',#6549,#5333,#5334);
#4343=AXIS2_PLACEMENT_3D('',#6557,#5337,#5338);
#4344=AXIS2_PLACEMENT_3D('',#6559,#5339,#5340);
#4345=AXIS2_PLACEMENT_3D('',#6561,#5342,#5343);
#4346=AXIS2_PLACEMENT_3D('',#6563,#5344,#5345);
#4347=AXIS2_PLACEMENT_3D('',#6565,#5347,#5348);
#4348=AXIS2_PLACEMENT_3D('',#6567,#5349,#5350);
#4349=AXIS2_PLACEMENT_3D('',#6569,#5352,#5353);
#4350=AXIS2_PLACEMENT_3D('',#6571,#5354,#5355);
#4351=AXIS2_PLACEMENT_3D('',#6573,#5357,#5358);
#4352=AXIS2_PLACEMENT_3D('',#6577,#5360,#5361);
#4353=AXIS2_PLACEMENT_3D('',#6581,#5363,#5364);
#4354=AXIS2_PLACEMENT_3D('',#6587,#5367,#5368);
#4355=AXIS2_PLACEMENT_3D('',#6593,#5371,#5372);
#4356=AXIS2_PLACEMENT_3D('',#6597,#5374,#5375);
#4357=AXIS2_PLACEMENT_3D('',#6603,#5378,#5379);
#4358=AXIS2_PLACEMENT_3D('',#6609,#5382,#5383);
#4359=AXIS2_PLACEMENT_3D('',#6613,#5385,#5386);
#4360=AXIS2_PLACEMENT_3D('',#6619,#5389,#5390);
#4361=AXIS2_PLACEMENT_3D('',#6625,#5393,#5394);
#4362=AXIS2_PLACEMENT_3D('',#6629,#5396,#5397);
#4363=AXIS2_PLACEMENT_3D('',#6631,#5399,#5400);
#4364=AXIS2_PLACEMENT_3D('',#6641,#5402,#5403);
#4365=AXIS2_PLACEMENT_3D('',#6643,#5405,#5406);
#4366=AXIS2_PLACEMENT_3D('',#6652,#5407,#5408);
#4367=AXIS2_PLACEMENT_3D('',#6654,#5409,#5410);
#4368=AXIS2_PLACEMENT_3D('',#6672,#5411,#5412);
#4369=AXIS2_PLACEMENT_3D('',#6682,#5414,#5415);
#4370=AXIS2_PLACEMENT_3D('',#6684,#5417,#5418);
#4371=AXIS2_PLACEMENT_3D('',#6693,#5419,#5420);
#4372=AXIS2_PLACEMENT_3D('',#6694,#5421,#5422);
#4373=AXIS2_PLACEMENT_3D('',#6695,#5423,#5424);
#4374=AXIS2_PLACEMENT_3D('',#6705,#5426,#5427);
#4375=AXIS2_PLACEMENT_3D('',#6707,#5429,#5430);
#4376=AXIS2_PLACEMENT_3D('',#6716,#5431,#5432);
#4377=AXIS2_PLACEMENT_3D('',#6717,#5433,#5434);
#4378=AXIS2_PLACEMENT_3D('',#6718,#5435,#5436);
#4379=AXIS2_PLACEMENT_3D('',#6726,#5439,#5440);
#4380=AXIS2_PLACEMENT_3D('',#6736,#5442,#5443);
#4381=AXIS2_PLACEMENT_3D('',#6748,#5445,#5446);
#4382=AXIS2_PLACEMENT_3D('',#6749,#5447,#5448);
#4383=AXIS2_PLACEMENT_3D('',#6753,#5451,#5452);
#4384=AXIS2_PLACEMENT_3D('',#6763,#5453,#5454);
#4385=AXIS2_PLACEMENT_3D('',#6764,#5455,#5456);
#4386=AXIS2_PLACEMENT_3D('',#6774,#5457,#5458);
#4387=AXIS2_PLACEMENT_3D('',#6775,#5459,#5460);
#4388=AXIS2_PLACEMENT_3D('',#6778,#5463,#5464);
#4389=AXIS2_PLACEMENT_3D('',#6786,#5467,#5468);
#4390=AXIS2_PLACEMENT_3D('',#6796,#5470,#5471);
#4391=AXIS2_PLACEMENT_3D('',#6804,#5474,#5475);
#4392=AXIS2_PLACEMENT_3D('',#6805,#5476,#5477);
#4393=AXIS2_PLACEMENT_3D('',#6806,#5478,#5479);
#4394=AXIS2_PLACEMENT_3D('',#6818,#5481,#5482);
#4395=AXIS2_PLACEMENT_3D('',#6819,#5483,#5484);
#4396=AXIS2_PLACEMENT_3D('',#6823,#5487,#5488);
#4397=AXIS2_PLACEMENT_3D('',#6833,#5489,#5490);
#4398=AXIS2_PLACEMENT_3D('',#6834,#5491,#5492);
#4399=AXIS2_PLACEMENT_3D('',#6844,#5493,#5494);
#4400=AXIS2_PLACEMENT_3D('',#6849,#5495,#5496);
#4401=AXIS2_PLACEMENT_3D('',#6852,#5499,#5500);
#4402=AXIS2_PLACEMENT_3D('',#6860,#5503,#5504);
#4403=AXIS2_PLACEMENT_3D('',#6870,#5506,#5507);
#4404=AXIS2_PLACEMENT_3D('',#6878,#5510,#5511);
#4405=AXIS2_PLACEMENT_3D('',#6888,#5513,#5514);
#4406=AXIS2_PLACEMENT_3D('',#6900,#5516,#5517);
#4407=AXIS2_PLACEMENT_3D('',#6901,#5518,#5519);
#4408=AXIS2_PLACEMENT_3D('',#6905,#5522,#5523);
#4409=AXIS2_PLACEMENT_3D('',#6915,#5524,#5525);
#4410=AXIS2_PLACEMENT_3D('',#6916,#5526,#5527);
#4411=AXIS2_PLACEMENT_3D('',#6921,#5528,#5529);
#4412=AXIS2_PLACEMENT_3D('',#6926,#5530,#5531);
#4413=AXIS2_PLACEMENT_3D('',#6928,#5533,#5534);
#4414=AXIS2_PLACEMENT_3D('',#6932,#5535,#5536);
#4415=AXIS2_PLACEMENT_3D('',#6934,#5538,#5539);
#4416=AXIS2_PLACEMENT_3D('',#6935,#5540,#5541);
#4417=AXIS2_PLACEMENT_3D('',#6939,#5542,#5543);
#4418=AXIS2_PLACEMENT_3D('',#6941,#5545,#5546);
#4419=AXIS2_PLACEMENT_3D('',#6942,#5547,#5548);
#4420=AXIS2_PLACEMENT_3D('',#6948,#5550,#5551);
#4421=AXIS2_PLACEMENT_3D('',#6949,#5552,#5553);
#4422=AXIS2_PLACEMENT_3D('',#6969,#5554,#5555);
#4423=AXIS2_PLACEMENT_3D('',#6970,#5556,#5557);
#4424=AXIS2_PLACEMENT_3D('',#6979,#5558,#5559);
#4425=AXIS2_PLACEMENT_3D('',#6980,#5560,#5561);
#4426=AXIS2_PLACEMENT_3D('',#6981,#5562,#5563);
#4427=AXIS2_PLACEMENT_3D('',#6982,#5564,#5565);
#4428=AXIS2_PLACEMENT_3D('',#6983,#5566,#5567);
#4429=AXIS2_PLACEMENT_3D('',#6984,#5568,#5569);
#4430=AXIS2_PLACEMENT_3D('',#6985,#5570,#5571);
#4431=AXIS2_PLACEMENT_3D('',#6986,#5572,#5573);
#4432=AXIS2_PLACEMENT_3D('',#6990,#5574,#5575);
#4433=AXIS2_PLACEMENT_3D('',#6992,#5577,#5578);
#4434=AXIS2_PLACEMENT_3D('',#6993,#5579,#5580);
#4435=AXIS2_PLACEMENT_3D('',#6995,#5582,#5583);
#4436=AXIS2_PLACEMENT_3D('',#6997,#5585,#5586);
#4437=AXIS2_PLACEMENT_3D('',#7000,#5588,#5589);
#4438=AXIS2_PLACEMENT_3D('',#7001,#5590,#5591);
#4439=AXIS2_PLACEMENT_3D('',#7005,#5594,#5595);
#4440=AXIS2_PLACEMENT_3D('',#7006,#5596,#5597);
#4441=AXIS2_PLACEMENT_3D('',#7007,#5598,#5599);
#4442=AXIS2_PLACEMENT_3D('',#7009,#5601,#5602);
#4443=AXIS2_PLACEMENT_3D('',#7011,#5604,#5605);
#4444=AXIS2_PLACEMENT_3D('',#7013,#5607,#5608);
#4445=DIRECTION('axis',(0.,0.,1.));
#4446=DIRECTION('refdir',(1.,0.,0.));
#4447=DIRECTION('center_axis',(0.,-1.,0.));
#4448=DIRECTION('ref_axis',(-1.,0.,3.71085555438911E-16));
#4449=DIRECTION('center_axis',(0.,-1.,0.));
#4450=DIRECTION('ref_axis',(-1.,0.,3.71085555438911E-16));
#4451=DIRECTION('',(-0.707106781186548,0.707106781186548,1.75801507027681E-16));
#4452=DIRECTION('center_axis',(0.,1.,0.));
#4453=DIRECTION('ref_axis',(1.,0.,-3.71085555438911E-16));
#4454=DIRECTION('center_axis',(0.,1.,0.));
#4455=DIRECTION('ref_axis',(0.,0.,1.));
#4456=DIRECTION('center_axis',(0.,-1.,0.));
#4457=DIRECTION('ref_axis',(0.111964476103308,0.,0.993712209893243));
#4458=DIRECTION('',(-0.623489801858733,0.,0.78183148246803));
#4459=DIRECTION('center_axis',(0.,-1.,0.));
#4460=DIRECTION('ref_axis',(0.993712209893243,0.,-0.111964476103308));
#4461=DIRECTION('center_axis',(0.,-1.,0.));
#4462=DIRECTION('ref_axis',(1.,0.,3.56399517005392E-17));
#4463=DIRECTION('center_axis',(0.,-1.,0.));
#4464=DIRECTION('ref_axis',(-0.707106781186547,0.,0.707106781186548));
#4465=DIRECTION('',(-1.,0.,0.));
#4466=DIRECTION('center_axis',(0.,-1.,0.));
#4467=DIRECTION('ref_axis',(0.707106781186547,0.,0.707106781186548));
#4468=DIRECTION('center_axis',(0.,1.,0.));
#4469=DIRECTION('ref_axis',(1.,0.,0.));
#4470=DIRECTION('center_axis',(0.,-1.,0.));
#4471=DIRECTION('ref_axis',(-0.993712209893243,0.,-0.111964476103306));
#4472=DIRECTION('',(-0.623489801858734,0.,-0.78183148246803));
#4473=DIRECTION('center_axis',(0.,-1.,0.));
#4474=DIRECTION('ref_axis',(-0.111964476103308,0.,0.993712209893243));
#4475=DIRECTION('center_axis',(0.,-1.,0.));
#4476=DIRECTION('ref_axis',(1.,0.,3.56399517005392E-17));
#4477=DIRECTION('center_axis',(0.,-1.,0.));
#4478=DIRECTION('ref_axis',(-0.532032076515338,0.,-0.846724199228284));
#4479=DIRECTION('',(0.222520933956314,0.,-0.974927912181824));
#4480=DIRECTION('center_axis',(0.,-1.,0.));
#4481=DIRECTION('ref_axis',(-0.846724199228284,0.,0.532032076515336));
#4482=DIRECTION('center_axis',(0.,-1.,0.));
#4483=DIRECTION('ref_axis',(1.,0.,3.56399517005392E-17));
#4484=DIRECTION('center_axis',(0.,-1.,0.));
#4485=DIRECTION('ref_axis',(0.330279061955166,0.,-0.943883330308368));
#4486=DIRECTION('',(0.900968867902419,0.,-0.433883739117558));
#4487=DIRECTION('center_axis',(0.,-1.,0.));
#4488=DIRECTION('ref_axis',(-0.943883330308368,0.,-0.330279061955166));
#4489=DIRECTION('center_axis',(0.,-1.,0.));
#4490=DIRECTION('ref_axis',(1.,0.,3.56399517005392E-17));
#4491=DIRECTION('center_axis',(0.,-1.,0.));
#4492=DIRECTION('ref_axis',(0.943883330308368,0.,-0.330279061955166));
#4493=DIRECTION('',(0.900968867902419,0.,0.433883739117558));
#4494=DIRECTION('center_axis',(0.,-1.,0.));
#4495=DIRECTION('ref_axis',(-0.330279061955168,0.,-0.943883330308367));
#4496=DIRECTION('center_axis',(0.,-1.,0.));
#4497=DIRECTION('ref_axis',(1.,0.,3.56399517005392E-17));
#4498=DIRECTION('center_axis',(0.,-1.,0.));
#4499=DIRECTION('ref_axis',(0.846724199228285,0.,0.532032076515336));
#4500=DIRECTION('',(0.222520933956315,0.,0.974927912181824));
#4501=DIRECTION('center_axis',(0.,-1.,0.));
#4502=DIRECTION('ref_axis',(0.532032076515335,0.,-0.846724199228285));
#4503=DIRECTION('center_axis',(0.,-1.,0.));
#4504=DIRECTION('ref_axis',(1.,0.,3.56399517005392E-17));
#4505=DIRECTION('center_axis',(0.,1.,0.));
#4506=DIRECTION('ref_axis',(-0.708570664600438,0.,-0.705639860883505));
#4507=DIRECTION('',(0.866025403784438,0.,-0.5));
#4508=DIRECTION('center_axis',(0.,1.,0.));
#4509=DIRECTION('ref_axis',(-0.256816713147814,0.,-0.966460126362155));
#4510=DIRECTION('center_axis',(0.,1.,0.));
#4511=DIRECTION('ref_axis',(-3.09853215481543E-16,0.,-1.));
#4512=DIRECTION('center_axis',(0.,1.,0.));
#4513=DIRECTION('ref_axis',(-0.965387377748252,0.,0.260820265478651));
#4514=DIRECTION('',(-3.09853215481543E-16,0.,-1.));
#4515=DIRECTION('center_axis',(0.,1.,0.));
#4516=DIRECTION('ref_axis',(-0.965387377748252,0.,-0.26082026547865));
#4517=DIRECTION('center_axis',(0.,1.,0.));
#4518=DIRECTION('ref_axis',(-3.09853215481543E-16,0.,-1.));
#4519=DIRECTION('center_axis',(0.,1.,0.));
#4520=DIRECTION('ref_axis',(-0.256816713147814,0.,0.966460126362155));
#4521=DIRECTION('',(-0.866025403784438,0.,-0.5));
#4522=DIRECTION('center_axis',(0.,1.,0.));
#4523=DIRECTION('ref_axis',(-0.708570664600438,0.,0.705639860883505));
#4524=DIRECTION('center_axis',(0.,1.,0.));
#4525=DIRECTION('ref_axis',(-3.09853215481543E-16,0.,-1.));
#4526=DIRECTION('center_axis',(0.,1.,0.));
#4527=DIRECTION('ref_axis',(0.708570664600439,0.,0.705639860883505));
#4528=DIRECTION('',(-0.866025403784438,0.,0.500000000000001));
#4529=DIRECTION('center_axis',(0.,1.,0.));
#4530=DIRECTION('ref_axis',(0.256816713147815,0.,0.966460126362155));
#4531=DIRECTION('center_axis',(0.,1.,0.));
#4532=DIRECTION('ref_axis',(-3.09853215481543E-16,0.,-1.));
#4533=DIRECTION('center_axis',(0.,1.,0.));
#4534=DIRECTION('ref_axis',(0.965387377748252,0.,-0.260820265478651));
#4535=DIRECTION('',(3.09853215481543E-16,0.,1.));
#4536=DIRECTION('center_axis',(0.,1.,0.));
#4537=DIRECTION('ref_axis',(0.965387377748252,0.,0.260820265478649));
#4538=DIRECTION('center_axis',(0.,1.,0.));
#4539=DIRECTION('ref_axis',(-3.09853215481543E-16,0.,-1.));
#4540=DIRECTION('center_axis',(0.,1.,0.));
#4541=DIRECTION('ref_axis',(0.256816713147813,0.,-0.966460126362156));
#4542=DIRECTION('',(0.866025403784439,0.,0.5));
#4543=DIRECTION('center_axis',(0.,1.,0.));
#4544=DIRECTION('ref_axis',(0.708570664600438,0.,-0.705639860883506));
#4545=DIRECTION('center_axis',(0.,1.,0.));
#4546=DIRECTION('ref_axis',(-3.09853215481543E-16,0.,-1.));
#4547=DIRECTION('center_axis',(0.,1.,0.));
#4548=DIRECTION('ref_axis',(0.708570664600438,0.,0.705639860883506));
#4549=DIRECTION('',(-0.866025403784439,0.,0.5));
#4550=DIRECTION('center_axis',(0.,1.,0.));
#4551=DIRECTION('ref_axis',(0.256816713147815,0.,0.966460126362155));
#4552=DIRECTION('center_axis',(0.,1.,0.));
#4553=DIRECTION('ref_axis',(1.87388535566808E-16,0.,1.));
#4554=DIRECTION('center_axis',(0.,1.,0.));
#4555=DIRECTION('ref_axis',(0.965387377748252,0.,-0.260820265478651));
#4556=DIRECTION('',(1.87388535566808E-16,0.,1.));
#4557=DIRECTION('center_axis',(0.,1.,0.));
#4558=DIRECTION('ref_axis',(0.965387377748252,0.,0.26082026547865));
#4559=DIRECTION('center_axis',(0.,1.,0.));
#4560=DIRECTION('ref_axis',(1.87388535566808E-16,0.,1.));
#4561=DIRECTION('center_axis',(0.,1.,0.));
#4562=DIRECTION('ref_axis',(0.256816713147814,0.,-0.966460126362155));
#4563=DIRECTION('',(0.866025403784438,0.,0.5));
#4564=DIRECTION('center_axis',(0.,1.,0.));
#4565=DIRECTION('ref_axis',(0.708570664600439,0.,-0.705639860883505));
#4566=DIRECTION('center_axis',(0.,1.,0.));
#4567=DIRECTION('ref_axis',(1.87388535566808E-16,0.,1.));
#4568=DIRECTION('center_axis',(0.,1.,0.));
#4569=DIRECTION('ref_axis',(-0.70857066460044,0.,-0.705639860883504));
#4570=DIRECTION('',(0.866025403784438,0.,-0.500000000000001));
#4571=DIRECTION('center_axis',(0.,1.,0.));
#4572=DIRECTION('ref_axis',(-0.256816713147814,0.,-0.966460126362155));
#4573=DIRECTION('center_axis',(0.,1.,0.));
#4574=DIRECTION('ref_axis',(1.87388535566808E-16,0.,1.));
#4575=DIRECTION('center_axis',(0.,1.,0.));
#4576=DIRECTION('ref_axis',(-0.965387377748252,0.,0.260820265478651));
#4577=DIRECTION('',(-1.87388535566808E-16,0.,-1.));
#4578=DIRECTION('center_axis',(0.,1.,0.));
#4579=DIRECTION('ref_axis',(-0.965387377748252,0.,-0.26082026547865));
#4580=DIRECTION('center_axis',(0.,1.,0.));
#4581=DIRECTION('ref_axis',(1.87388535566808E-16,0.,1.));
#4582=DIRECTION('center_axis',(0.,1.,0.));
#4583=DIRECTION('ref_axis',(-0.256816713147813,0.,0.966460126362156));
#4584=DIRECTION('',(-0.866025403784439,0.,-0.5));
#4585=DIRECTION('center_axis',(0.,1.,0.));
#4586=DIRECTION('ref_axis',(-0.708570664600438,0.,0.705639860883505));
#4587=DIRECTION('center_axis',(0.,1.,0.));
#4588=DIRECTION('ref_axis',(1.87388535566808E-16,0.,1.));
#4589=DIRECTION('center_axis',(0.,1.,0.));
#4590=DIRECTION('ref_axis',(-0.705639860883505,0.,0.708570664600439));
#4591=DIRECTION('',(-0.5,0.,-0.866025403784438));
#4592=DIRECTION('center_axis',(0.,1.,0.));
#4593=DIRECTION('ref_axis',(-0.966460126362156,0.,0.256816713147813));
#4594=DIRECTION('center_axis',(0.,1.,0.));
#4595=DIRECTION('ref_axis',(-1.,0.,2.48620875524176E-16));
#4596=DIRECTION('center_axis',(0.,1.,0.));
#4597=DIRECTION('ref_axis',(0.260820265478652,0.,0.965387377748252));
#4598=DIRECTION('',(-1.,0.,2.48620875524176E-16));
#4599=DIRECTION('center_axis',(0.,1.,0.));
#4600=DIRECTION('ref_axis',(-0.26082026547865,0.,0.965387377748252));
#4601=DIRECTION('center_axis',(0.,1.,0.));
#4602=DIRECTION('ref_axis',(-1.,0.,2.48620875524176E-16));
#4603=DIRECTION('center_axis',(0.,1.,0.));
#4604=DIRECTION('ref_axis',(0.966460126362155,0.,0.256816713147814));
#4605=DIRECTION('',(-0.5,0.,0.866025403784438));
#4606=DIRECTION('center_axis',(0.,1.,0.));
#4607=DIRECTION('ref_axis',(0.705639860883505,0.,0.708570664600439));
#4608=DIRECTION('center_axis',(0.,1.,0.));
#4609=DIRECTION('ref_axis',(-1.,0.,2.48620875524176E-16));
#4610=DIRECTION('center_axis',(0.,1.,0.));
#4611=DIRECTION('ref_axis',(0.705639860883504,0.,-0.70857066460044));
#4612=DIRECTION('',(0.500000000000001,0.,0.866025403784438));
#4613=DIRECTION('center_axis',(0.,1.,0.));
#4614=DIRECTION('ref_axis',(0.966460126362156,0.,-0.256816713147814));
#4615=DIRECTION('center_axis',(0.,1.,0.));
#4616=DIRECTION('ref_axis',(-1.,0.,2.48620875524176E-16));
#4617=DIRECTION('center_axis',(0.,1.,0.));
#4618=DIRECTION('ref_axis',(-0.260820265478651,0.,-0.965387377748252));
#4619=DIRECTION('',(1.,0.,-2.48620875524176E-16));
#4620=DIRECTION('center_axis',(0.,1.,0.));
#4621=DIRECTION('ref_axis',(0.26082026547865,0.,-0.965387377748252));
#4622=DIRECTION('center_axis',(0.,1.,0.));
#4623=DIRECTION('ref_axis',(-1.,0.,2.48620875524176E-16));
#4624=DIRECTION('center_axis',(0.,1.,0.));
#4625=DIRECTION('ref_axis',(-0.966460126362156,0.,-0.256816713147813));
#4626=DIRECTION('',(0.5,0.,-0.866025403784439));
#4627=DIRECTION('center_axis',(0.,1.,0.));
#4628=DIRECTION('ref_axis',(-0.705639860883506,0.,-0.708570664600438));
#4629=DIRECTION('center_axis',(0.,1.,0.));
#4630=DIRECTION('ref_axis',(-1.,0.,2.48620875524176E-16));
#4631=DIRECTION('center_axis',(0.,1.,0.));
#4632=DIRECTION('ref_axis',(0.705639860883505,0.,-0.708570664600438));
#4633=DIRECTION('',(0.5,0.,0.866025403784438));
#4634=DIRECTION('center_axis',(0.,1.,0.));
#4635=DIRECTION('ref_axis',(0.966460126362155,0.,-0.256816713147815));
#4636=DIRECTION('center_axis',(0.,1.,0.));
#4637=DIRECTION('ref_axis',(1.,0.,-3.71085555438911E-16));
#4638=DIRECTION('center_axis',(0.,1.,0.));
#4639=DIRECTION('ref_axis',(-0.260820265478651,0.,-0.965387377748252));
#4640=DIRECTION('',(1.,0.,-3.71085555438911E-16));
#4641=DIRECTION('center_axis',(0.,1.,0.));
#4642=DIRECTION('ref_axis',(0.26082026547865,0.,-0.965387377748252));
#4643=DIRECTION('center_axis',(0.,1.,0.));
#4644=DIRECTION('ref_axis',(1.,0.,-3.71085555438911E-16));
#4645=DIRECTION('center_axis',(0.,1.,0.));
#4646=DIRECTION('ref_axis',(-0.966460126362155,0.,-0.256816713147814));
#4647=DIRECTION('',(0.5,0.,-0.866025403784438));
#4648=DIRECTION('center_axis',(0.,1.,0.));
#4649=DIRECTION('ref_axis',(-0.705639860883506,0.,-0.708570664600438));
#4650=DIRECTION('center_axis',(0.,1.,0.));
#4651=DIRECTION('ref_axis',(1.,0.,-3.71085555438911E-16));
#4652=DIRECTION('center_axis',(0.,1.,0.));
#4653=DIRECTION('ref_axis',(-0.705639860883504,0.,0.708570664600439));
#4654=DIRECTION('',(-0.500000000000001,0.,-0.866025403784438));
#4655=DIRECTION('center_axis',(0.,1.,0.));
#4656=DIRECTION('ref_axis',(-0.966460126362155,0.,0.256816713147815));
#4657=DIRECTION('center_axis',(0.,1.,0.));
#4658=DIRECTION('ref_axis',(1.,0.,-3.71085555438911E-16));
#4659=DIRECTION('center_axis',(0.,1.,0.));
#4660=DIRECTION('ref_axis',(0.260820265478651,0.,0.965387377748252));
#4661=DIRECTION('',(-1.,0.,3.71085555438911E-16));
#4662=DIRECTION('center_axis',(0.,1.,0.));
#4663=DIRECTION('ref_axis',(-0.260820265478649,0.,0.965387377748253));
#4664=DIRECTION('center_axis',(0.,1.,0.));
#4665=DIRECTION('ref_axis',(1.,0.,-3.71085555438911E-16));
#4666=DIRECTION('center_axis',(0.,1.,0.));
#4667=DIRECTION('ref_axis',(0.966460126362156,0.,0.256816713147812));
#4668=DIRECTION('',(-0.5,0.,0.866025403784439));
#4669=DIRECTION('center_axis',(0.,1.,0.));
#4670=DIRECTION('ref_axis',(0.705639860883505,0.,0.708570664600439));
#4671=DIRECTION('center_axis',(0.,1.,0.));
#4672=DIRECTION('ref_axis',(1.,0.,-3.71085555438911E-16));
#4673=DIRECTION('center_axis',(0.,1.,0.));
#4674=DIRECTION('ref_axis',(-0.707106781186548,0.,0.707106781186548));
#4675=DIRECTION('center_axis',(0.,-1.,0.));
#4676=DIRECTION('ref_axis',(-0.707106781186548,0.,0.707106781186548));
#4677=DIRECTION('',(0.,1.,0.));
#4678=DIRECTION('center_axis',(0.,1.,0.));
#4679=DIRECTION('ref_axis',(-0.707106781186548,0.,0.707106781186548));
#4680=DIRECTION('',(0.,-1.,0.));
#4681=DIRECTION('center_axis',(-1.,0.,0.));
#4682=DIRECTION('ref_axis',(0.,0.,1.));
#4683=DIRECTION('',(0.,0.,1.));
#4684=DIRECTION('',(0.,-1.,0.));
#4685=DIRECTION('',(0.,0.,-1.));
#4686=DIRECTION('center_axis',(0.,1.,0.));
#4687=DIRECTION('ref_axis',(0.707106781186548,0.,0.707106781186548));
#4688=DIRECTION('center_axis',(0.,-1.,0.));
#4689=DIRECTION('ref_axis',(0.707106781186548,0.,0.707106781186548));
#4690=DIRECTION('',(0.,1.,0.));
#4691=DIRECTION('center_axis',(0.,1.,0.));
#4692=DIRECTION('ref_axis',(0.707106781186548,0.,0.707106781186548));
#4693=DIRECTION('',(0.,-1.,0.));
#4694=DIRECTION('center_axis',(0.,0.,1.));
#4695=DIRECTION('ref_axis',(1.,0.,0.));
#4696=DIRECTION('',(-1.,0.,0.));
#4697=DIRECTION('',(1.,0.,0.));
#4698=DIRECTION('center_axis',(0.,1.,0.));
#4699=DIRECTION('ref_axis',(0.707106781186548,0.,-0.707106781186548));
#4700=DIRECTION('center_axis',(0.,-1.,0.));
#4701=DIRECTION('ref_axis',(0.707106781186548,0.,-0.707106781186548));
#4702=DIRECTION('',(0.,1.,0.));
#4703=DIRECTION('center_axis',(0.,1.,0.));
#4704=DIRECTION('ref_axis',(0.707106781186548,0.,-0.707106781186548));
#4705=DIRECTION('',(0.,-1.,0.));
#4706=DIRECTION('center_axis',(1.,0.,0.));
#4707=DIRECTION('ref_axis',(0.,0.,-1.));
#4708=DIRECTION('',(0.,0.,1.));
#4709=DIRECTION('',(0.,0.,-1.));
#4710=DIRECTION('center_axis',(0.,1.,0.));
#4711=DIRECTION('ref_axis',(-0.707106781186548,0.,-0.707106781186548));
#4712=DIRECTION('center_axis',(0.,-1.,0.));
#4713=DIRECTION('ref_axis',(-0.707106781186548,0.,-0.707106781186548));
#4714=DIRECTION('',(0.,1.,0.));
#4715=DIRECTION('center_axis',(0.,1.,0.));
#4716=DIRECTION('ref_axis',(-0.707106781186548,0.,-0.707106781186548));
#4717=DIRECTION('center_axis',(0.,0.,-1.));
#4718=DIRECTION('ref_axis',(-1.,0.,0.));
#4719=DIRECTION('',(1.,0.,0.));
#4720=DIRECTION('',(-1.,0.,0.));
#4721=DIRECTION('center_axis',(0.,-1.,0.));
#4722=DIRECTION('ref_axis',(0.,0.,-1.));
#4723=DIRECTION('center_axis',(0.,-1.,0.));
#4724=DIRECTION('ref_axis',(0.708570664600438,0.,0.705639860883506));
#4725=DIRECTION('',(0.,1.,0.));
#4726=DIRECTION('center_axis',(0.,1.,0.));
#4727=DIRECTION('ref_axis',(0.708570664600438,0.,0.705639860883506));
#4728=DIRECTION('',(0.,-1.,0.));
#4729=DIRECTION('center_axis',(0.,1.,0.));
#4730=DIRECTION('ref_axis',(1.46650362391871E-15,0.,-1.));
#4731=DIRECTION('',(0.,-1.,0.));
#4732=DIRECTION('center_axis',(0.,1.,0.));
#4733=DIRECTION('ref_axis',(1.87388535566808E-16,0.,1.));
#4734=DIRECTION('center_axis',(0.,1.,0.));
#4735=DIRECTION('ref_axis',(-0.708570664600438,0.,0.705639860883505));
#4736=DIRECTION('',(0.,1.,0.));
#4737=DIRECTION('center_axis',(0.,1.,0.));
#4738=DIRECTION('ref_axis',(-0.708570664600438,0.,0.705639860883505));
#4739=DIRECTION('center_axis',(0.5,0.,-0.866025403784439));
#4740=DIRECTION('ref_axis',(-0.866025403784439,0.,-0.5));
#4741=DIRECTION('',(0.,-1.,0.));
#4742=DIRECTION('',(-0.866025403784439,0.,-0.5));
#4743=DIRECTION('center_axis',(0.,-1.,0.));
#4744=DIRECTION('ref_axis',(-0.256816713147813,0.,0.966460126362156));
#4745=DIRECTION('',(0.,1.,0.));
#4746=DIRECTION('center_axis',(0.,1.,0.));
#4747=DIRECTION('ref_axis',(-0.256816713147813,0.,0.966460126362156));
#4748=DIRECTION('center_axis',(0.,1.,0.));
#4749=DIRECTION('ref_axis',(0.866025403784438,0.,-0.500000000000001));
#4750=DIRECTION('',(0.,-1.,0.));
#4751=DIRECTION('center_axis',(0.,1.,0.));
#4752=DIRECTION('ref_axis',(1.87388535566808E-16,0.,1.));
#4753=DIRECTION('center_axis',(0.,1.,0.));
#4754=DIRECTION('ref_axis',(-0.965387377748252,0.,-0.26082026547865));
#4755=DIRECTION('',(0.,1.,0.));
#4756=DIRECTION('center_axis',(0.,1.,0.));
#4757=DIRECTION('ref_axis',(-0.965387377748252,0.,-0.26082026547865));
#4758=DIRECTION('center_axis',(1.,0.,-1.87388535566808E-16));
#4759=DIRECTION('ref_axis',(-1.87388535566808E-16,0.,-1.));
#4760=DIRECTION('',(0.,-1.,0.));
#4761=DIRECTION('',(-1.87388535566808E-16,0.,-1.));
#4762=DIRECTION('center_axis',(0.,-1.,0.));
#4763=DIRECTION('ref_axis',(-0.965387377748252,0.,0.260820265478651));
#4764=DIRECTION('',(0.,1.,0.));
#4765=DIRECTION('center_axis',(0.,1.,0.));
#4766=DIRECTION('ref_axis',(-0.965387377748252,0.,0.260820265478651));
#4767=DIRECTION('center_axis',(0.,1.,0.));
#4768=DIRECTION('ref_axis',(1.87388535566808E-16,0.,1.));
#4769=DIRECTION('',(0.,-1.,0.));
#4770=DIRECTION('center_axis',(0.,1.,0.));
#4771=DIRECTION('ref_axis',(1.87388535566808E-16,0.,1.));
#4772=DIRECTION('center_axis',(0.,1.,0.));
#4773=DIRECTION('ref_axis',(-0.256816713147814,0.,-0.966460126362155));
#4774=DIRECTION('',(0.,1.,0.));
#4775=DIRECTION('center_axis',(0.,1.,0.));
#4776=DIRECTION('ref_axis',(-0.256816713147814,0.,-0.966460126362155));
#4777=DIRECTION('center_axis',(0.500000000000001,0.,0.866025403784438));
#4778=DIRECTION('ref_axis',(0.866025403784438,0.,-0.500000000000001));
#4779=DIRECTION('',(0.,-1.,0.));
#4780=DIRECTION('',(0.866025403784438,0.,-0.500000000000001));
#4781=DIRECTION('center_axis',(0.,-1.,0.));
#4782=DIRECTION('ref_axis',(-0.70857066460044,0.,-0.705639860883504));
#4783=DIRECTION('',(0.,1.,0.));
#4784=DIRECTION('center_axis',(0.,1.,0.));
#4785=DIRECTION('ref_axis',(-0.70857066460044,0.,-0.705639860883504));
#4786=DIRECTION('center_axis',(0.,1.,0.));
#4787=DIRECTION('ref_axis',(1.87388535566808E-16,0.,1.));
#4788=DIRECTION('',(0.,-1.,0.));
#4789=DIRECTION('center_axis',(0.,1.,0.));
#4790=DIRECTION('ref_axis',(1.87388535566808E-16,0.,1.));
#4791=DIRECTION('center_axis',(0.,1.,0.));
#4792=DIRECTION('ref_axis',(0.708570664600439,0.,-0.705639860883505));
#4793=DIRECTION('',(0.,1.,0.));
#4794=DIRECTION('center_axis',(0.,1.,0.));
#4795=DIRECTION('ref_axis',(0.708570664600439,0.,-0.705639860883505));
#4796=DIRECTION('center_axis',(-0.5,0.,0.866025403784438));
#4797=DIRECTION('ref_axis',(0.866025403784438,0.,0.5));
#4798=DIRECTION('',(0.,-1.,0.));
#4799=DIRECTION('',(0.866025403784438,0.,0.5));
#4800=DIRECTION('center_axis',(0.,-1.,0.));
#4801=DIRECTION('ref_axis',(0.256816713147814,0.,-0.966460126362155));
#4802=DIRECTION('',(0.,1.,0.));
#4803=DIRECTION('center_axis',(0.,1.,0.));
#4804=DIRECTION('ref_axis',(0.256816713147814,0.,-0.966460126362155));
#4805=DIRECTION('center_axis',(0.,1.,0.));
#4806=DIRECTION('ref_axis',(1.87388535566808E-16,0.,1.));
#4807=DIRECTION('',(0.,-1.,0.));
#4808=DIRECTION('center_axis',(0.,1.,0.));
#4809=DIRECTION('ref_axis',(1.87388535566808E-16,0.,1.));
#4810=DIRECTION('center_axis',(0.,1.,0.));
#4811=DIRECTION('ref_axis',(0.965387377748252,0.,0.26082026547865));
#4812=DIRECTION('',(0.,1.,0.));
#4813=DIRECTION('center_axis',(0.,1.,0.));
#4814=DIRECTION('ref_axis',(0.965387377748252,0.,0.26082026547865));
#4815=DIRECTION('center_axis',(-1.,0.,1.87388535566808E-16));
#4816=DIRECTION('ref_axis',(1.87388535566808E-16,0.,1.));
#4817=DIRECTION('',(0.,-1.,0.));
#4818=DIRECTION('',(1.87388535566808E-16,0.,1.));
#4819=DIRECTION('center_axis',(0.,1.,0.));
#4820=DIRECTION('ref_axis',(0.256816713147815,0.,0.966460126362155));
#4821=DIRECTION('',(0.,1.,0.));
#4822=DIRECTION('center_axis',(0.,1.,0.));
#4823=DIRECTION('ref_axis',(0.256816713147815,0.,0.966460126362155));
#4824=DIRECTION('',(0.,-1.,0.));
#4825=DIRECTION('center_axis',(0.,1.,0.));
#4826=DIRECTION('ref_axis',(-0.866025403784438,0.,-0.5));
#4827=DIRECTION('center_axis',(0.,1.,0.));
#4828=DIRECTION('ref_axis',(1.87388535566808E-16,0.,1.));
#4829=DIRECTION('',(0.,1.,0.));
#4830=DIRECTION('center_axis',(0.,-1.,0.));
#4831=DIRECTION('ref_axis',(0.965387377748252,0.,-0.260820265478651));
#4832=DIRECTION('center_axis',(0.,1.,0.));
#4833=DIRECTION('ref_axis',(0.965387377748252,0.,-0.260820265478651));
#4834=DIRECTION('center_axis',(0.,-1.,0.));
#4835=DIRECTION('ref_axis',(-0.705639860883505,0.,0.708570664600439));
#4836=DIRECTION('',(0.,1.,0.));
#4837=DIRECTION('center_axis',(0.,1.,0.));
#4838=DIRECTION('ref_axis',(-0.705639860883505,0.,0.708570664600439));
#4839=DIRECTION('',(0.,-1.,0.));
#4840=DIRECTION('center_axis',(0.,1.,0.));
#4841=DIRECTION('ref_axis',(1.,0.,-3.71085555438911E-16));
#4842=DIRECTION('',(0.,-1.,0.));
#4843=DIRECTION('center_axis',(0.,1.,0.));
#4844=DIRECTION('ref_axis',(-1.,0.,2.48620875524176E-16));
#4845=DIRECTION('center_axis',(0.,1.,0.));
#4846=DIRECTION('ref_axis',(-0.705639860883506,0.,-0.708570664600438));
#4847=DIRECTION('',(0.,1.,0.));
#4848=DIRECTION('center_axis',(0.,1.,0.));
#4849=DIRECTION('ref_axis',(-0.705639860883506,0.,-0.708570664600438));
#4850=DIRECTION('center_axis',(0.866025403784439,0.,0.5));
#4851=DIRECTION('ref_axis',(0.5,0.,-0.866025403784439));
#4852=DIRECTION('',(0.,-1.,0.));
#4853=DIRECTION('',(0.5,0.,-0.866025403784439));
#4854=DIRECTION('center_axis',(0.,-1.,0.));
#4855=DIRECTION('ref_axis',(-0.966460126362156,0.,-0.256816713147813));
#4856=DIRECTION('',(0.,1.,0.));
#4857=DIRECTION('center_axis',(0.,1.,0.));
#4858=DIRECTION('ref_axis',(-0.966460126362156,0.,-0.256816713147813));
#4859=DIRECTION('center_axis',(0.,1.,0.));
#4860=DIRECTION('ref_axis',(0.5,0.,0.866025403784439));
#4861=DIRECTION('',(0.,-1.,0.));
#4862=DIRECTION('center_axis',(0.,1.,0.));
#4863=DIRECTION('ref_axis',(-1.,0.,2.48620875524176E-16));
#4864=DIRECTION('center_axis',(0.,1.,0.));
#4865=DIRECTION('ref_axis',(0.26082026547865,0.,-0.965387377748252));
#4866=DIRECTION('',(0.,1.,0.));
#4867=DIRECTION('center_axis',(0.,1.,0.));
#4868=DIRECTION('ref_axis',(0.26082026547865,0.,-0.965387377748252));
#4869=DIRECTION('center_axis',(2.48620875524176E-16,0.,1.));
#4870=DIRECTION('ref_axis',(1.,0.,-2.48620875524176E-16));
#4871=DIRECTION('',(0.,-1.,0.));
#4872=DIRECTION('',(1.,0.,-2.48620875524176E-16));
#4873=DIRECTION('center_axis',(0.,-1.,0.));
#4874=DIRECTION('ref_axis',(-0.260820265478651,0.,-0.965387377748252));
#4875=DIRECTION('',(0.,1.,0.));
#4876=DIRECTION('center_axis',(0.,1.,0.));
#4877=DIRECTION('ref_axis',(-0.260820265478651,0.,-0.965387377748252));
#4878=DIRECTION('center_axis',(0.,1.,0.));
#4879=DIRECTION('ref_axis',(-1.,0.,2.48620875524176E-16));
#4880=DIRECTION('',(0.,-1.,0.));
#4881=DIRECTION('center_axis',(0.,1.,0.));
#4882=DIRECTION('ref_axis',(-1.,0.,2.48620875524176E-16));
#4883=DIRECTION('center_axis',(0.,1.,0.));
#4884=DIRECTION('ref_axis',(0.966460126362156,0.,-0.256816713147814));
#4885=DIRECTION('',(0.,1.,0.));
#4886=DIRECTION('center_axis',(0.,1.,0.));
#4887=DIRECTION('ref_axis',(0.966460126362156,0.,-0.256816713147814));
#4888=DIRECTION('center_axis',(-0.866025403784438,0.,0.500000000000001));
#4889=DIRECTION('ref_axis',(0.500000000000001,0.,0.866025403784438));
#4890=DIRECTION('',(0.,-1.,0.));
#4891=DIRECTION('',(0.500000000000001,0.,0.866025403784438));
#4892=DIRECTION('center_axis',(0.,-1.,0.));
#4893=DIRECTION('ref_axis',(0.705639860883504,0.,-0.70857066460044));
#4894=DIRECTION('',(0.,1.,0.));
#4895=DIRECTION('center_axis',(0.,1.,0.));
#4896=DIRECTION('ref_axis',(0.705639860883504,0.,-0.70857066460044));
#4897=DIRECTION('center_axis',(0.,1.,0.));
#4898=DIRECTION('ref_axis',(-1.,0.,2.48620875524176E-16));
#4899=DIRECTION('',(0.,-1.,0.));
#4900=DIRECTION('center_axis',(0.,1.,0.));
#4901=DIRECTION('ref_axis',(-1.,0.,2.48620875524176E-16));
#4902=DIRECTION('center_axis',(0.,1.,0.));
#4903=DIRECTION('ref_axis',(0.705639860883505,0.,0.708570664600439));
#4904=DIRECTION('',(0.,1.,0.));
#4905=DIRECTION('center_axis',(0.,1.,0.));
#4906=DIRECTION('ref_axis',(0.705639860883505,0.,0.708570664600439));
#4907=DIRECTION('center_axis',(-0.866025403784439,0.,-0.5));
#4908=DIRECTION('ref_axis',(-0.5,0.,0.866025403784438));
#4909=DIRECTION('',(0.,-1.,0.));
#4910=DIRECTION('',(-0.5,0.,0.866025403784438));
#4911=DIRECTION('center_axis',(0.,-1.,0.));
#4912=DIRECTION('ref_axis',(0.966460126362155,0.,0.256816713147814));
#4913=DIRECTION('',(0.,1.,0.));
#4914=DIRECTION('center_axis',(0.,1.,0.));
#4915=DIRECTION('ref_axis',(0.966460126362155,0.,0.256816713147814));
#4916=DIRECTION('center_axis',(0.,1.,0.));
#4917=DIRECTION('ref_axis',(-1.,0.,2.48620875524176E-16));
#4918=DIRECTION('',(0.,-1.,0.));
#4919=DIRECTION('center_axis',(0.,1.,0.));
#4920=DIRECTION('ref_axis',(-1.,0.,2.48620875524176E-16));
#4921=DIRECTION('center_axis',(0.,1.,0.));
#4922=DIRECTION('ref_axis',(-0.26082026547865,0.,0.965387377748252));
#4923=DIRECTION('',(0.,1.,0.));
#4924=DIRECTION('center_axis',(0.,1.,0.));
#4925=DIRECTION('ref_axis',(-0.26082026547865,0.,0.965387377748252));
#4926=DIRECTION('center_axis',(-2.48620875524176E-16,0.,-1.));
#4927=DIRECTION('ref_axis',(-1.,0.,2.48620875524176E-16));
#4928=DIRECTION('',(0.,-1.,0.));
#4929=DIRECTION('',(-1.,0.,2.48620875524176E-16));
#4930=DIRECTION('center_axis',(0.,1.,0.));
#4931=DIRECTION('ref_axis',(-0.966460126362156,0.,0.256816713147813));
#4932=DIRECTION('',(0.,1.,0.));
#4933=DIRECTION('center_axis',(0.,1.,0.));
#4934=DIRECTION('ref_axis',(-0.966460126362156,0.,0.256816713147813));
#4935=DIRECTION('',(0.,-1.,0.));
#4936=DIRECTION('center_axis',(0.,1.,0.));
#4937=DIRECTION('ref_axis',(0.5,0.,-0.866025403784438));
#4938=DIRECTION('center_axis',(0.,1.,0.));
#4939=DIRECTION('ref_axis',(-1.,0.,2.48620875524176E-16));
#4940=DIRECTION('',(0.,1.,0.));
#4941=DIRECTION('center_axis',(0.,-1.,0.));
#4942=DIRECTION('ref_axis',(0.260820265478652,0.,0.965387377748252));
#4943=DIRECTION('center_axis',(0.,1.,0.));
#4944=DIRECTION('ref_axis',(0.260820265478652,0.,0.965387377748252));
#4945=DIRECTION('center_axis',(0.,-1.,0.));
#4946=DIRECTION('ref_axis',(-0.708570664600438,0.,-0.705639860883505));
#4947=DIRECTION('',(0.,1.,0.));
#4948=DIRECTION('center_axis',(0.,1.,0.));
#4949=DIRECTION('ref_axis',(-0.708570664600438,0.,-0.705639860883505));
#4950=DIRECTION('',(0.,-1.,0.));
#4951=DIRECTION('center_axis',(0.,1.,0.));
#4952=DIRECTION('ref_axis',(4.32317895396279E-16,0.,1.));
#4953=DIRECTION('',(0.,-1.,0.));
#4954=DIRECTION('center_axis',(0.,1.,0.));
#4955=DIRECTION('ref_axis',(-3.09853215481543E-16,0.,-1.));
#4956=DIRECTION('center_axis',(0.,1.,0.));
#4957=DIRECTION('ref_axis',(0.708570664600438,0.,-0.705639860883506));
#4958=DIRECTION('',(0.,1.,0.));
#4959=DIRECTION('center_axis',(0.,1.,0.));
#4960=DIRECTION('ref_axis',(0.708570664600438,0.,-0.705639860883506));
#4961=DIRECTION('center_axis',(-0.5,0.,0.866025403784439));
#4962=DIRECTION('ref_axis',(0.866025403784439,0.,0.5));
#4963=DIRECTION('',(0.,-1.,0.));
#4964=DIRECTION('',(0.866025403784439,0.,0.5));
#4965=DIRECTION('center_axis',(0.,-1.,0.));
#4966=DIRECTION('ref_axis',(0.256816713147813,0.,-0.966460126362156));
#4967=DIRECTION('',(0.,1.,0.));
#4968=DIRECTION('center_axis',(0.,1.,0.));
#4969=DIRECTION('ref_axis',(0.256816713147813,0.,-0.966460126362156));
#4970=DIRECTION('center_axis',(0.,1.,0.));
#4971=DIRECTION('ref_axis',(-0.866025403784439,0.,0.5));
#4972=DIRECTION('',(0.,-1.,0.));
#4973=DIRECTION('center_axis',(0.,1.,0.));
#4974=DIRECTION('ref_axis',(-3.09853215481543E-16,0.,-1.));
#4975=DIRECTION('center_axis',(0.,1.,0.));
#4976=DIRECTION('ref_axis',(0.965387377748252,0.,0.260820265478649));
#4977=DIRECTION('',(0.,1.,0.));
#4978=DIRECTION('center_axis',(0.,1.,0.));
#4979=DIRECTION('ref_axis',(0.965387377748252,0.,0.260820265478649));
#4980=DIRECTION('center_axis',(-1.,0.,3.09853215481543E-16));
#4981=DIRECTION('ref_axis',(3.09853215481543E-16,0.,1.));
#4982=DIRECTION('',(0.,-1.,0.));
#4983=DIRECTION('',(3.09853215481543E-16,0.,1.));
#4984=DIRECTION('center_axis',(0.,-1.,0.));
#4985=DIRECTION('ref_axis',(0.965387377748252,0.,-0.260820265478651));
#4986=DIRECTION('',(0.,1.,0.));
#4987=DIRECTION('center_axis',(0.,1.,0.));
#4988=DIRECTION('ref_axis',(0.965387377748252,0.,-0.260820265478651));
#4989=DIRECTION('center_axis',(0.,1.,0.));
#4990=DIRECTION('ref_axis',(-3.09853215481543E-16,0.,-1.));
#4991=DIRECTION('',(0.,-1.,0.));
#4992=DIRECTION('center_axis',(0.,1.,0.));
#4993=DIRECTION('ref_axis',(-3.09853215481543E-16,0.,-1.));
#4994=DIRECTION('center_axis',(0.,1.,0.));
#4995=DIRECTION('ref_axis',(0.256816713147815,0.,0.966460126362155));
#4996=DIRECTION('',(0.,1.,0.));
#4997=DIRECTION('center_axis',(0.,1.,0.));
#4998=DIRECTION('ref_axis',(0.256816713147815,0.,0.966460126362155));
#4999=DIRECTION('center_axis',(-0.500000000000001,0.,-0.866025403784438));
#5000=DIRECTION('ref_axis',(-0.866025403784438,0.,0.500000000000001));
#5001=DIRECTION('',(0.,-1.,0.));
#5002=DIRECTION('',(-0.866025403784438,0.,0.500000000000001));
#5003=DIRECTION('center_axis',(0.,-1.,0.));
#5004=DIRECTION('ref_axis',(0.708570664600439,0.,0.705639860883505));
#5005=DIRECTION('',(0.,1.,0.));
#5006=DIRECTION('center_axis',(0.,1.,0.));
#5007=DIRECTION('ref_axis',(0.708570664600439,0.,0.705639860883505));
#5008=DIRECTION('center_axis',(0.,1.,0.));
#5009=DIRECTION('ref_axis',(-3.09853215481543E-16,0.,-1.));
#5010=DIRECTION('',(0.,-1.,0.));
#5011=DIRECTION('center_axis',(0.,1.,0.));
#5012=DIRECTION('ref_axis',(-3.09853215481543E-16,0.,-1.));
#5013=DIRECTION('center_axis',(0.,1.,0.));
#5014=DIRECTION('ref_axis',(-0.708570664600438,0.,0.705639860883505));
#5015=DIRECTION('',(0.,1.,0.));
#5016=DIRECTION('center_axis',(0.,1.,0.));
#5017=DIRECTION('ref_axis',(-0.708570664600438,0.,0.705639860883505));
#5018=DIRECTION('center_axis',(0.5,0.,-0.866025403784439));
#5019=DIRECTION('ref_axis',(-0.866025403784438,0.,-0.5));
#5020=DIRECTION('',(0.,-1.,0.));
#5021=DIRECTION('',(-0.866025403784438,0.,-0.5));
#5022=DIRECTION('center_axis',(0.,-1.,0.));
#5023=DIRECTION('ref_axis',(-0.256816713147814,0.,0.966460126362155));
#5024=DIRECTION('',(0.,1.,0.));
#5025=DIRECTION('center_axis',(0.,1.,0.));
#5026=DIRECTION('ref_axis',(-0.256816713147814,0.,0.966460126362155));
#5027=DIRECTION('center_axis',(0.,1.,0.));
#5028=DIRECTION('ref_axis',(-3.09853215481543E-16,0.,-1.));
#5029=DIRECTION('',(0.,-1.,0.));
#5030=DIRECTION('center_axis',(0.,1.,0.));
#5031=DIRECTION('ref_axis',(-3.09853215481543E-16,0.,-1.));
#5032=DIRECTION('center_axis',(0.,1.,0.));
#5033=DIRECTION('ref_axis',(-0.965387377748252,0.,-0.26082026547865));
#5034=DIRECTION('',(0.,1.,0.));
#5035=DIRECTION('center_axis',(0.,1.,0.));
#5036=DIRECTION('ref_axis',(-0.965387377748252,0.,-0.26082026547865));
#5037=DIRECTION('center_axis',(1.,0.,-3.09853215481543E-16));
#5038=DIRECTION('ref_axis',(-3.09853215481543E-16,0.,-1.));
#5039=DIRECTION('',(0.,-1.,0.));
#5040=DIRECTION('',(-3.09853215481543E-16,0.,-1.));
#5041=DIRECTION('center_axis',(0.,1.,0.));
#5042=DIRECTION('ref_axis',(-0.256816713147814,0.,-0.966460126362155));
#5043=DIRECTION('',(0.,1.,0.));
#5044=DIRECTION('center_axis',(0.,1.,0.));
#5045=DIRECTION('ref_axis',(-0.256816713147814,0.,-0.966460126362155));
#5046=DIRECTION('',(0.,-1.,0.));
#5047=DIRECTION('center_axis',(0.,1.,0.));
#5048=DIRECTION('ref_axis',(0.866025403784438,0.,0.5));
#5049=DIRECTION('center_axis',(0.,1.,0.));
#5050=DIRECTION('ref_axis',(-3.09853215481543E-16,0.,-1.));
#5051=DIRECTION('',(0.,1.,0.));
#5052=DIRECTION('center_axis',(0.,-1.,0.));
#5053=DIRECTION('ref_axis',(-0.965387377748252,0.,0.260820265478651));
#5054=DIRECTION('center_axis',(0.,1.,0.));
#5055=DIRECTION('ref_axis',(-0.965387377748252,0.,0.260820265478651));
#5056=DIRECTION('center_axis',(-0.5,0.,-0.866025403784439));
#5057=DIRECTION('ref_axis',(-0.866025403784439,0.,0.5));
#5058=DIRECTION('',(-0.866025403784439,0.,0.5));
#5059=DIRECTION('center_axis',(0.,-1.,0.));
#5060=DIRECTION('ref_axis',(1.,0.,1.83697019872103E-16));
#5061=DIRECTION('center_axis',(0.,-1.,0.));
#5062=DIRECTION('ref_axis',(6.12323399573676E-17,0.,-1.));
#5063=DIRECTION('center_axis',(0.866025403784439,0.,-0.5));
#5064=DIRECTION('ref_axis',(-0.5,0.,-0.866025403784438));
#5065=DIRECTION('',(-0.5,0.,-0.866025403784438));
#5066=DIRECTION('center_axis',(0.,-1.,0.));
#5067=DIRECTION('ref_axis',(-1.22464679914735E-16,0.,1.));
#5068=DIRECTION('center_axis',(0.,-1.,0.));
#5069=DIRECTION('ref_axis',(1.,0.,0.));
#5070=DIRECTION('center_axis',(0.5,0.,0.866025403784439));
#5071=DIRECTION('ref_axis',(0.866025403784438,0.,-0.5));
#5072=DIRECTION('',(0.866025403784438,0.,-0.5));
#5073=DIRECTION('center_axis',(0.,-1.,0.));
#5074=DIRECTION('ref_axis',(-1.,0.,-6.12323399573677E-17));
#5075=DIRECTION('center_axis',(0.,-1.,0.));
#5076=DIRECTION('ref_axis',(-1.83697019872103E-16,0.,1.));
#5077=DIRECTION('center_axis',(0.,1.,0.));
#5078=DIRECTION('ref_axis',(0.705639860883505,0.,-0.708570664600438));
#5079=DIRECTION('',(0.,1.,0.));
#5080=DIRECTION('center_axis',(0.,1.,0.));
#5081=DIRECTION('ref_axis',(0.705639860883505,0.,-0.708570664600438));
#5082=DIRECTION('',(0.,-1.,0.));
#5083=DIRECTION('center_axis',(0.,1.,0.));
#5084=DIRECTION('ref_axis',(-1.,0.,4.93550235353646E-16));
#5085=DIRECTION('',(0.,-1.,0.));
#5086=DIRECTION('center_axis',(0.,1.,0.));
#5087=DIRECTION('ref_axis',(1.,0.,-3.71085555438911E-16));
#5088=DIRECTION('center_axis',(0.,-1.,0.));
#5089=DIRECTION('ref_axis',(0.705639860883505,0.,0.708570664600439));
#5090=DIRECTION('',(0.,1.,0.));
#5091=DIRECTION('center_axis',(0.,1.,0.));
#5092=DIRECTION('ref_axis',(0.705639860883505,0.,0.708570664600439));
#5093=DIRECTION('center_axis',(-0.866025403784439,0.,-0.5));
#5094=DIRECTION('ref_axis',(-0.5,0.,0.866025403784439));
#5095=DIRECTION('',(0.,-1.,0.));
#5096=DIRECTION('',(-0.5,0.,0.866025403784439));
#5097=DIRECTION('center_axis',(0.,1.,0.));
#5098=DIRECTION('ref_axis',(0.966460126362156,0.,0.256816713147812));
#5099=DIRECTION('',(0.,1.,0.));
#5100=DIRECTION('center_axis',(0.,1.,0.));
#5101=DIRECTION('ref_axis',(0.966460126362156,0.,0.256816713147812));
#5102=DIRECTION('center_axis',(0.,1.,0.));
#5103=DIRECTION('ref_axis',(-0.500000000000001,0.,-0.866025403784438));
#5104=DIRECTION('',(0.,-1.,0.));
#5105=DIRECTION('center_axis',(0.,1.,0.));
#5106=DIRECTION('ref_axis',(1.,0.,-3.71085555438911E-16));
#5107=DIRECTION('center_axis',(0.,-1.,0.));
#5108=DIRECTION('ref_axis',(-0.260820265478649,0.,0.965387377748253));
#5109=DIRECTION('',(0.,1.,0.));
#5110=DIRECTION('center_axis',(0.,1.,0.));
#5111=DIRECTION('ref_axis',(-0.260820265478649,0.,0.965387377748253));
#5112=DIRECTION('center_axis',(-3.71085555438911E-16,0.,-1.));
#5113=DIRECTION('ref_axis',(-1.,0.,3.71085555438911E-16));
#5114=DIRECTION('',(0.,-1.,0.));
#5115=DIRECTION('',(-1.,0.,3.71085555438911E-16));
#5116=DIRECTION('center_axis',(0.,1.,0.));
#5117=DIRECTION('ref_axis',(0.260820265478651,0.,0.965387377748252));
#5118=DIRECTION('',(0.,1.,0.));
#5119=DIRECTION('center_axis',(0.,1.,0.));
#5120=DIRECTION('ref_axis',(0.260820265478651,0.,0.965387377748252));
#5121=DIRECTION('center_axis',(0.,1.,0.));
#5122=DIRECTION('ref_axis',(1.,0.,-3.71085555438911E-16));
#5123=DIRECTION('',(0.,-1.,0.));
#5124=DIRECTION('center_axis',(0.,1.,0.));
#5125=DIRECTION('ref_axis',(1.,0.,-3.71085555438911E-16));
#5126=DIRECTION('center_axis',(0.,-1.,0.));
#5127=DIRECTION('ref_axis',(-0.966460126362155,0.,0.256816713147815));
#5128=DIRECTION('',(0.,1.,0.));
#5129=DIRECTION('center_axis',(0.,1.,0.));
#5130=DIRECTION('ref_axis',(-0.966460126362155,0.,0.256816713147815));
#5131=DIRECTION('center_axis',(0.866025403784438,0.,-0.500000000000001));
#5132=DIRECTION('ref_axis',(-0.500000000000001,0.,-0.866025403784438));
#5133=DIRECTION('',(0.,-1.,0.));
#5134=DIRECTION('',(-0.500000000000001,0.,-0.866025403784438));
#5135=DIRECTION('center_axis',(0.,1.,0.));
#5136=DIRECTION('ref_axis',(-0.705639860883504,0.,0.708570664600439));
#5137=DIRECTION('',(0.,1.,0.));
#5138=DIRECTION('center_axis',(0.,1.,0.));
#5139=DIRECTION('ref_axis',(-0.705639860883504,0.,0.708570664600439));
#5140=DIRECTION('center_axis',(0.,1.,0.));
#5141=DIRECTION('ref_axis',(1.,0.,-3.71085555438911E-16));
#5142=DIRECTION('',(0.,-1.,0.));
#5143=DIRECTION('center_axis',(0.,1.,0.));
#5144=DIRECTION('ref_axis',(1.,0.,-3.71085555438911E-16));
#5145=DIRECTION('center_axis',(0.,-1.,0.));
#5146=DIRECTION('ref_axis',(-0.705639860883506,0.,-0.708570664600438));
#5147=DIRECTION('',(0.,1.,0.));
#5148=DIRECTION('center_axis',(0.,1.,0.));
#5149=DIRECTION('ref_axis',(-0.705639860883506,0.,-0.708570664600438));
#5150=DIRECTION('center_axis',(0.866025403784439,0.,0.5));
#5151=DIRECTION('ref_axis',(0.5,0.,-0.866025403784438));
#5152=DIRECTION('',(0.,-1.,0.));
#5153=DIRECTION('',(0.5,0.,-0.866025403784438));
#5154=DIRECTION('center_axis',(0.,1.,0.));
#5155=DIRECTION('ref_axis',(-0.966460126362155,0.,-0.256816713147814));
#5156=DIRECTION('',(0.,1.,0.));
#5157=DIRECTION('center_axis',(0.,1.,0.));
#5158=DIRECTION('ref_axis',(-0.966460126362155,0.,-0.256816713147814));
#5159=DIRECTION('center_axis',(0.,1.,0.));
#5160=DIRECTION('ref_axis',(1.,0.,-3.71085555438911E-16));
#5161=DIRECTION('',(0.,-1.,0.));
#5162=DIRECTION('center_axis',(0.,1.,0.));
#5163=DIRECTION('ref_axis',(1.,0.,-3.71085555438911E-16));
#5164=DIRECTION('center_axis',(0.,-1.,0.));
#5165=DIRECTION('ref_axis',(0.26082026547865,0.,-0.965387377748252));
#5166=DIRECTION('',(0.,1.,0.));
#5167=DIRECTION('center_axis',(0.,1.,0.));
#5168=DIRECTION('ref_axis',(0.26082026547865,0.,-0.965387377748252));
#5169=DIRECTION('center_axis',(3.71085555438911E-16,0.,1.));
#5170=DIRECTION('ref_axis',(1.,0.,-3.71085555438911E-16));
#5171=DIRECTION('',(0.,-1.,0.));
#5172=DIRECTION('',(1.,0.,-3.71085555438911E-16));
#5173=DIRECTION('center_axis',(0.,-1.,0.));
#5174=DIRECTION('ref_axis',(0.966460126362155,0.,-0.256816713147815));
#5175=DIRECTION('',(0.,1.,0.));
#5176=DIRECTION('center_axis',(0.,1.,0.));
#5177=DIRECTION('ref_axis',(0.966460126362155,0.,-0.256816713147815));
#5178=DIRECTION('',(0.,-1.,0.));
#5179=DIRECTION('center_axis',(0.,1.,0.));
#5180=DIRECTION('ref_axis',(-0.5,0.,0.866025403784438));
#5181=DIRECTION('center_axis',(0.,1.,0.));
#5182=DIRECTION('ref_axis',(1.,0.,-3.71085555438911E-16));
#5183=DIRECTION('',(0.,1.,0.));
#5184=DIRECTION('center_axis',(0.,1.,0.));
#5185=DIRECTION('ref_axis',(-0.260820265478651,0.,-0.965387377748252));
#5186=DIRECTION('center_axis',(0.,1.,0.));
#5187=DIRECTION('ref_axis',(-0.260820265478651,0.,-0.965387377748252));
#5188=DIRECTION('center_axis',(0.,-1.,0.));
#5189=DIRECTION('ref_axis',(0.,0.,-1.));
#5190=DIRECTION('',(0.5,0.,0.866025403784438));
#5191=DIRECTION('center_axis',(0.,-1.,0.));
#5192=DIRECTION('ref_axis',(-1.,0.,-1.22464679914735E-16));
#5193=DIRECTION('center_axis',(-0.866025403784439,0.,0.5));
#5194=DIRECTION('ref_axis',(0.5,0.,0.866025403784438));
#5195=DIRECTION('center_axis',(0.888047875637905,0.,0.459750987573713));
#5196=DIRECTION('ref_axis',(0.459750987573713,0.,-0.888047875637905));
#5197=DIRECTION('',(-0.459750987573713,0.,0.888047875637905));
#5198=DIRECTION('',(0.,-1.,0.));
#5199=DIRECTION('',(0.,1.,0.));
#5200=DIRECTION('center_axis',(0.,-1.,0.));
#5201=DIRECTION('ref_axis',(-1.,0.,0.));
#5202=DIRECTION('center_axis',(0.,-1.,0.));
#5203=DIRECTION('ref_axis',(-1.,0.,0.));
#5204=DIRECTION('',(0.,1.,0.));
#5205=DIRECTION('center_axis',(0.,-1.,0.));
#5206=DIRECTION('ref_axis',(1.,0.,0.));
#5207=DIRECTION('center_axis',(-0.887698026079821,0.,0.460426122731964));
#5208=DIRECTION('ref_axis',(0.460426122731964,0.,0.887698026079821));
#5209=DIRECTION('',(-0.460426122731964,0.,-0.887698026079821));
#5210=DIRECTION('',(0.,-1.,0.));
#5211=DIRECTION('center_axis',(0.900968867902419,0.,0.433883739117558));
#5212=DIRECTION('ref_axis',(-0.433883739117558,0.,0.900968867902419));
#5213=DIRECTION('',(0.433883739117558,0.,-0.900968867902419));
#5214=DIRECTION('',(0.,1.,0.));
#5215=DIRECTION('center_axis',(0.,-1.,0.));
#5216=DIRECTION('ref_axis',(0.943883330308368,0.,-0.330279061955166));
#5217=DIRECTION('center_axis',(0.,1.,0.));
#5218=DIRECTION('ref_axis',(0.943883330308368,0.,-0.330279061955166));
#5219=DIRECTION('',(0.,-1.,0.));
#5220=DIRECTION('center_axis',(0.,1.,0.));
#5221=DIRECTION('ref_axis',(0.943883330308368,0.,-0.330279061955166));
#5222=DIRECTION('center_axis',(0.433883739117558,0.,-0.900968867902419));
#5223=DIRECTION('ref_axis',(0.900968867902419,0.,0.433883739117558));
#5224=DIRECTION('',(-0.900968867902419,0.,-0.433883739117558));
#5225=DIRECTION('',(0.,1.,0.));
#5226=DIRECTION('',(-0.900968867902419,0.,-0.433883739117558));
#5227=DIRECTION('center_axis',(0.,-1.,0.));
#5228=DIRECTION('ref_axis',(-0.330279061955168,0.,-0.943883330308367));
#5229=DIRECTION('center_axis',(0.,1.,0.));
#5230=DIRECTION('ref_axis',(-0.330279061955168,0.,-0.943883330308367));
#5231=DIRECTION('',(0.,-1.,0.));
#5232=DIRECTION('center_axis',(0.,1.,0.));
#5233=DIRECTION('ref_axis',(-0.330279061955168,0.,-0.943883330308367));
#5234=DIRECTION('center_axis',(-0.900968867902419,0.,-0.433883739117558));
#5235=DIRECTION('ref_axis',(0.433883739117558,0.,-0.900968867902419));
#5236=DIRECTION('',(-0.433883739117558,0.,0.900968867902419));
#5237=DIRECTION('',(0.,1.,0.));
#5238=DIRECTION('center_axis',(0.19424099784165,0.,0.980953839259259));
#5239=DIRECTION('ref_axis',(0.980953839259259,0.,-0.19424099784165));
#5240=DIRECTION('',(-0.980953839259259,0.,0.19424099784165));
#5241=DIRECTION('',(0.,-1.,0.));
#5242=DIRECTION('center_axis',(0.,-1.,0.));
#5243=DIRECTION('ref_axis',(-1.,0.,0.));
#5244=DIRECTION('center_axis',(0.,-1.,0.));
#5245=DIRECTION('ref_axis',(-1.,0.,0.));
#5246=DIRECTION('',(0.,1.,0.));
#5247=DIRECTION('center_axis',(0.,-1.,0.));
#5248=DIRECTION('ref_axis',(1.,0.,0.));
#5249=DIRECTION('center_axis',(-0.913446304493437,0.,-0.406959271681189));
#5250=DIRECTION('ref_axis',(-0.406959271681189,0.,0.913446304493437));
#5251=DIRECTION('',(0.406959271681189,0.,-0.913446304493437));
#5252=DIRECTION('',(0.,-1.,0.));
#5253=DIRECTION('center_axis',(0.222520933956315,0.,0.974927912181824));
#5254=DIRECTION('ref_axis',(-0.974927912181824,0.,0.222520933956315));
#5255=DIRECTION('',(0.974927912181824,0.,-0.222520933956315));
#5256=DIRECTION('',(0.,1.,0.));
#5257=DIRECTION('center_axis',(0.,-1.,0.));
#5258=DIRECTION('ref_axis',(0.846724199228284,0.,0.532032076515336));
#5259=DIRECTION('center_axis',(0.,1.,0.));
#5260=DIRECTION('ref_axis',(0.846724199228284,0.,0.532032076515336));
#5261=DIRECTION('',(0.,-1.,0.));
#5262=DIRECTION('center_axis',(0.,1.,0.));
#5263=DIRECTION('ref_axis',(0.846724199228284,0.,0.532032076515336));
#5264=DIRECTION('center_axis',(0.974927912181824,0.,-0.222520933956315));
#5265=DIRECTION('ref_axis',(0.222520933956315,0.,0.974927912181824));
#5266=DIRECTION('',(-0.222520933956315,0.,-0.974927912181824));
#5267=DIRECTION('',(0.,1.,0.));
#5268=DIRECTION('',(-0.222520933956315,0.,-0.974927912181824));
#5269=DIRECTION('center_axis',(0.,-1.,0.));
#5270=DIRECTION('ref_axis',(0.532032076515335,0.,-0.846724199228285));
#5271=DIRECTION('center_axis',(0.,1.,0.));
#5272=DIRECTION('ref_axis',(0.532032076515335,0.,-0.846724199228285));
#5273=DIRECTION('',(0.,-1.,0.));
#5274=DIRECTION('center_axis',(0.,1.,0.));
#5275=DIRECTION('ref_axis',(0.532032076515335,0.,-0.846724199228285));
#5276=DIRECTION('center_axis',(-0.222520933956315,0.,-0.974927912181824));
#5277=DIRECTION('ref_axis',(0.974927912181824,0.,-0.222520933956315));
#5278=DIRECTION('',(-0.974927912181824,0.,0.222520933956315));
#5279=DIRECTION('',(0.,1.,0.));
#5280=DIRECTION('center_axis',(-0.645833313123638,0.,0.763478442170927));
#5281=DIRECTION('ref_axis',(0.763478442170927,0.,0.645833313123638));
#5282=DIRECTION('',(-0.763478442170927,0.,-0.645833313123638));
#5283=DIRECTION('',(0.,-1.,0.));
#5284=DIRECTION('center_axis',(0.,-1.,0.));
#5285=DIRECTION('ref_axis',(-1.,0.,0.));
#5286=DIRECTION('center_axis',(0.,-1.,0.));
#5287=DIRECTION('ref_axis',(-1.,0.,0.));
#5288=DIRECTION('',(0.,1.,0.));
#5289=DIRECTION('center_axis',(0.,-1.,0.));
#5290=DIRECTION('ref_axis',(1.,0.,0.));
#5291=DIRECTION('center_axis',(-0.251350884714594,0.,-0.967896034062125));
#5292=DIRECTION('ref_axis',(-0.967896034062125,0.,0.251350884714594));
#5293=DIRECTION('',(0.967896034062125,0.,-0.251350884714594));
#5294=DIRECTION('',(0.,-1.,0.));
#5295=DIRECTION('center_axis',(-0.623489801858733,0.,0.78183148246803));
#5296=DIRECTION('ref_axis',(-0.78183148246803,0.,-0.623489801858733));
#5297=DIRECTION('',(0.78183148246803,0.,0.623489801858733));
#5298=DIRECTION('',(0.,1.,0.));
#5299=DIRECTION('center_axis',(0.,-1.,0.));
#5300=DIRECTION('ref_axis',(0.111964476103308,0.,0.993712209893243));
#5301=DIRECTION('center_axis',(0.,1.,0.));
#5302=DIRECTION('ref_axis',(0.111964476103308,0.,0.993712209893243));
#5303=DIRECTION('',(0.,-1.,0.));
#5304=DIRECTION('center_axis',(0.,1.,0.));
#5305=DIRECTION('ref_axis',(0.111964476103308,0.,0.993712209893243));
#5306=DIRECTION('center_axis',(0.78183148246803,0.,0.623489801858733));
#5307=DIRECTION('ref_axis',(-0.623489801858733,0.,0.78183148246803));
#5308=DIRECTION('',(0.623489801858733,0.,-0.78183148246803));
#5309=DIRECTION('',(0.,1.,0.));
#5310=DIRECTION('',(0.623489801858733,0.,-0.78183148246803));
#5311=DIRECTION('center_axis',(0.,-1.,0.));
#5312=DIRECTION('ref_axis',(0.993712209893243,0.,-0.111964476103308));
#5313=DIRECTION('center_axis',(0.,1.,0.));
#5314=DIRECTION('ref_axis',(0.993712209893243,0.,-0.111964476103308));
#5315=DIRECTION('',(0.,-1.,0.));
#5316=DIRECTION('center_axis',(0.,1.,0.));
#5317=DIRECTION('ref_axis',(0.993712209893243,0.,-0.111964476103308));
#5318=DIRECTION('center_axis',(0.623489801858733,0.,-0.78183148246803));
#5319=DIRECTION('ref_axis',(0.78183148246803,0.,0.623489801858733));
#5320=DIRECTION('',(-0.78183148246803,0.,-0.623489801858733));
#5321=DIRECTION('',(0.,1.,0.));
#5322=DIRECTION('center_axis',(-0.999581966708104,0.,-0.0289117939941275));
#5323=DIRECTION('ref_axis',(-0.0289117939941275,0.,0.999581966708104));
#5324=DIRECTION('',(0.0289117939941275,0.,-0.999581966708104));
#5325=DIRECTION('',(0.,-1.,0.));
#5326=DIRECTION('center_axis',(0.,-1.,0.));
#5327=DIRECTION('ref_axis',(-1.,0.,0.));
#5328=DIRECTION('center_axis',(0.,-1.,0.));
#5329=DIRECTION('ref_axis',(-1.,0.,0.));
#5330=DIRECTION('',(0.,1.,0.));
#5331=DIRECTION('center_axis',(0.,-1.,0.));
#5332=DIRECTION('ref_axis',(1.,0.,0.));
#5333=DIRECTION('center_axis',(0.600016877878,0.,-0.79998734131331));
#5334=DIRECTION('ref_axis',(-0.79998734131331,0.,-0.600016877878));
#5335=DIRECTION('',(0.79998734131331,0.,0.600016877878));
#5336=DIRECTION('',(0.,-1.,0.));
#5337=DIRECTION('center_axis',(0.,-1.,0.));
#5338=DIRECTION('ref_axis',(-1.83697019872103E-16,0.,1.));
#5339=DIRECTION('center_axis',(0.,1.,0.));
#5340=DIRECTION('ref_axis',(-1.83697019872103E-16,0.,1.));
#5341=DIRECTION('',(0.,-1.,0.));
#5342=DIRECTION('center_axis',(0.,-1.,0.));
#5343=DIRECTION('ref_axis',(-1.,0.,-1.22464679914735E-16));
#5344=DIRECTION('center_axis',(0.,1.,0.));
#5345=DIRECTION('ref_axis',(-1.,0.,-1.22464679914735E-16));
#5346=DIRECTION('',(0.,-1.,0.));
#5347=DIRECTION('center_axis',(0.,-1.,0.));
#5348=DIRECTION('ref_axis',(6.12323399573676E-17,0.,-1.));
#5349=DIRECTION('center_axis',(0.,1.,0.));
#5350=DIRECTION('ref_axis',(6.12323399573676E-17,0.,-1.));
#5351=DIRECTION('',(0.,-1.,0.));
#5352=DIRECTION('center_axis',(0.,-1.,0.));
#5353=DIRECTION('ref_axis',(1.,0.,0.));
#5354=DIRECTION('center_axis',(0.,1.,0.));
#5355=DIRECTION('ref_axis',(1.,0.,0.));
#5356=DIRECTION('',(0.,-1.,0.));
#5357=DIRECTION('center_axis',(0.,-1.,0.));
#5358=DIRECTION('ref_axis',(0.433883739117558,0.,0.900968867902419));
#5359=DIRECTION('',(0.433883739117558,0.,0.900968867902419));
#5360=DIRECTION('center_axis',(0.,1.,0.));
#5361=DIRECTION('ref_axis',(-0.943883330308368,0.,-0.330279061955166));
#5362=DIRECTION('',(-0.900968867902419,0.,0.433883739117558));
#5363=DIRECTION('center_axis',(0.,1.,0.));
#5364=DIRECTION('ref_axis',(0.330279061955166,0.,-0.943883330308368));
#5365=DIRECTION('',(-0.433883739117559,0.,-0.900968867902419));
#5366=DIRECTION('',(-0.981101255746668,0.,-0.193495028288354));
#5367=DIRECTION('center_axis',(0.,-1.,0.));
#5368=DIRECTION('ref_axis',(-1.,0.,0.));
#5369=DIRECTION('',(0.407653734965876,0.,0.913136590203444));
#5370=DIRECTION('',(0.974927912181824,0.,0.222520933956314));
#5371=DIRECTION('center_axis',(0.,1.,0.));
#5372=DIRECTION('ref_axis',(-0.846724199228284,0.,0.532032076515336));
#5373=DIRECTION('',(-0.222520933956314,0.,0.974927912181824));
#5374=DIRECTION('center_axis',(0.,1.,0.));
#5375=DIRECTION('ref_axis',(-0.532032076515337,0.,-0.846724199228284));
#5376=DIRECTION('',(-0.974927912181824,0.,-0.222520933956314));
#5377=DIRECTION('',(-0.762987132365723,0.,0.646413672383506));
#5378=DIRECTION('center_axis',(0.,-1.,0.));
#5379=DIRECTION('ref_axis',(-1.,0.,0.));
#5380=DIRECTION('',(0.968086880455406,0.,0.250614827753906));
#5381=DIRECTION('',(0.78183148246803,0.,-0.623489801858734));
#5382=DIRECTION('center_axis',(0.,1.,0.));
#5383=DIRECTION('ref_axis',(-0.111964476103308,0.,0.993712209893243));
#5384=DIRECTION('',(0.623489801858734,0.,0.78183148246803));
#5385=DIRECTION('center_axis',(0.,1.,0.));
#5386=DIRECTION('ref_axis',(-0.993712209893243,0.,-0.111964476103306));
#5387=DIRECTION('',(-0.78183148246803,0.,0.623489801858734));
#5388=DIRECTION('',(0.0296718637877361,0.,0.999559693314692));
#5389=DIRECTION('center_axis',(0.,-1.,0.));
#5390=DIRECTION('ref_axis',(-1.,0.,0.));
#5391=DIRECTION('',(0.799530859588486,0.,-0.600625011605159));
#5392=DIRECTION('',(0.,0.,1.));
#5393=DIRECTION('center_axis',(0.,1.,0.));
#5394=DIRECTION('ref_axis',(0.707106781186547,0.,0.707106781186548));
#5395=DIRECTION('',(1.,0.,0.));
#5396=DIRECTION('center_axis',(0.,1.,0.));
#5397=DIRECTION('ref_axis',(-0.707106781186547,0.,0.707106781186548));
#5398=DIRECTION('',(-1.59111508184714E-16,0.,-1.));
#5399=DIRECTION('center_axis',(0.,-1.,0.));
#5400=DIRECTION('ref_axis',(0.993712209893242,0.,-0.111964476103308));
#5401=DIRECTION('',(-0.552838342998275,0.707106781186547,-0.440873866894968));
#5402=DIRECTION('center_axis',(-0.552838342998276,-0.707106781186547,-0.440873866894967));
#5403=DIRECTION('ref_axis',(-0.623489801858733,0.,0.78183148246803));
#5404=DIRECTION('',(-0.552838342998275,0.707106781186548,-0.440873866894967));
#5405=DIRECTION('center_axis',(0.,-1.,0.));
#5406=DIRECTION('ref_axis',(0.111964476103308,0.,0.993712209893242));
#5407=DIRECTION('center_axis',(0.,1.,-5.24364028155669E-16));
#5408=DIRECTION('ref_axis',(1.,0.,3.56399517005392E-17));
#5409=DIRECTION('center_axis',(0.,-1.,0.));
#5410=DIRECTION('ref_axis',(1.,0.,6.12323399573677E-17));
#5411=DIRECTION('center_axis',(0.,-1.,0.));
#5412=DIRECTION('ref_axis',(0.532032076515335,0.,-0.846724199228285));
#5413=DIRECTION('',(-0.689378137871812,0.707106781186545,0.157346061356474));
#5414=DIRECTION('center_axis',(-0.68937813787181,-0.707106781186548,0.157346061356474));
#5415=DIRECTION('ref_axis',(0.222520933956315,0.,0.974927912181824));
#5416=DIRECTION('',(-0.68937813787181,0.707106781186548,0.157346061356473));
#5417=DIRECTION('center_axis',(0.,-1.,0.));
#5418=DIRECTION('ref_axis',(0.846724199228284,0.,0.532032076515336));
#5419=DIRECTION('center_axis',(0.,1.,-5.24364028155669E-16));
#5420=DIRECTION('ref_axis',(1.,0.,3.56399517005392E-17));
#5421=DIRECTION('center_axis',(0.,-1.,0.));
#5422=DIRECTION('ref_axis',(1.,0.,6.12323399573677E-17));
#5423=DIRECTION('center_axis',(0.,-1.,0.));
#5424=DIRECTION('ref_axis',(-0.330279061955168,0.,-0.943883330308367));
#5425=DIRECTION('',(-0.306802134176601,0.707106781186547,0.637081196131767));
#5426=DIRECTION('center_axis',(-0.306802134176601,-0.707106781186547,0.637081196131768));
#5427=DIRECTION('ref_axis',(0.900968867902419,0.,0.433883739117558));
#5428=DIRECTION('',(-0.3068021341766,0.707106781186548,0.637081196131766));
#5429=DIRECTION('center_axis',(0.,-1.,0.));
#5430=DIRECTION('ref_axis',(0.943883330308368,0.,-0.330279061955166));
#5431=DIRECTION('center_axis',(0.,1.,-5.24364028155669E-16));
#5432=DIRECTION('ref_axis',(1.,0.,3.56399517005392E-17));
#5433=DIRECTION('center_axis',(0.,-1.,0.));
#5434=DIRECTION('ref_axis',(1.,0.,6.12323399573677E-17));
#5435=DIRECTION('center_axis',(-0.193495028288354,0.,0.981101255746668));
#5436=DIRECTION('ref_axis',(0.981101255746668,0.,0.193495028288354));
#5437=DIRECTION('',(0.,-1.,0.));
#5438=DIRECTION('',(0.,1.,0.));
#5439=DIRECTION('center_axis',(0.900968867902419,0.,-0.433883739117559));
#5440=DIRECTION('ref_axis',(0.433883739117558,0.,0.900968867902419));
#5441=DIRECTION('',(0.,1.,0.));
#5442=DIRECTION('center_axis',(0.,-1.,0.));
#5443=DIRECTION('ref_axis',(-0.943883330308368,0.,-0.330279061955166));
#5444=DIRECTION('',(0.306802134176599,0.707106781186547,0.637081196131768));
#5445=DIRECTION('center_axis',(0.,1.,0.));
#5446=DIRECTION('ref_axis',(-0.943883330308368,0.,-0.330279061955166));
#5447=DIRECTION('center_axis',(0.3068021341766,-0.707106781186547,0.637081196131768));
#5448=DIRECTION('ref_axis',(0.900968867902419,0.,-0.433883739117558));
#5449=DIRECTION('',(0.306802134176597,0.707106781186548,0.637081196131768));
#5450=DIRECTION('',(-0.900968867902419,0.,0.433883739117558));
#5451=DIRECTION('center_axis',(0.,-1.,0.));
#5452=DIRECTION('ref_axis',(0.330279061955166,0.,-0.943883330308368));
#5453=DIRECTION('center_axis',(0.,1.,0.));
#5454=DIRECTION('ref_axis',(0.330279061955166,0.,-0.943883330308368));
#5455=DIRECTION('center_axis',(0.,1.,-5.24364028155669E-16));
#5456=DIRECTION('ref_axis',(1.,0.,3.56399517005392E-17));
#5457=DIRECTION('center_axis',(0.,-1.,0.));
#5458=DIRECTION('ref_axis',(1.,0.,6.12323399573677E-17));
#5459=DIRECTION('center_axis',(0.,-1.,0.));
#5460=DIRECTION('ref_axis',(-0.943883330308368,0.,-0.330279061955166));
#5461=DIRECTION('',(0.,-1.,0.));
#5462=DIRECTION('',(0.,1.,0.));
#5463=DIRECTION('center_axis',(0.646413672383506,0.,0.762987132365723));
#5464=DIRECTION('ref_axis',(0.762987132365723,0.,-0.646413672383506));
#5465=DIRECTION('',(0.,-1.,0.));
#5466=DIRECTION('',(0.,1.,0.));
#5467=DIRECTION('center_axis',(0.222520933956314,0.,-0.974927912181824));
#5468=DIRECTION('ref_axis',(0.974927912181824,0.,0.222520933956314));
#5469=DIRECTION('',(0.,1.,0.));
#5470=DIRECTION('center_axis',(0.913136590203444,0.,-0.407653734965876));
#5471=DIRECTION('ref_axis',(-0.407653734965876,0.,-0.913136590203444));
#5472=DIRECTION('',(0.,-1.,0.));
#5473=DIRECTION('',(0.,1.,0.));
#5474=DIRECTION('center_axis',(0.,-1.,0.));
#5475=DIRECTION('ref_axis',(-1.,0.,0.));
#5476=DIRECTION('center_axis',(0.,-1.,0.));
#5477=DIRECTION('ref_axis',(1.,0.,0.));
#5478=DIRECTION('center_axis',(0.,-1.,0.));
#5479=DIRECTION('ref_axis',(-0.846724199228285,0.,0.532032076515336));
#5480=DIRECTION('',(0.68937813787181,0.707106781186548,0.157346061356474));
#5481=DIRECTION('center_axis',(0.,1.,0.));
#5482=DIRECTION('ref_axis',(-0.846724199228284,0.,0.532032076515336));
#5483=DIRECTION('center_axis',(0.689378137871812,-0.707106781186546,0.157346061356474));
#5484=DIRECTION('ref_axis',(0.222520933956314,0.,-0.974927912181824));
#5485=DIRECTION('',(0.689378137871807,0.70710678118655,0.157346061356475));
#5486=DIRECTION('',(-0.222520933956314,0.,0.974927912181824));
#5487=DIRECTION('center_axis',(0.,-1.,0.));
#5488=DIRECTION('ref_axis',(-0.532032076515337,0.,-0.846724199228284));
#5489=DIRECTION('center_axis',(0.,1.,0.));
#5490=DIRECTION('ref_axis',(-0.532032076515337,0.,-0.846724199228284));
#5491=DIRECTION('center_axis',(0.,1.,-5.24364028155669E-16));
#5492=DIRECTION('ref_axis',(1.,0.,3.56399517005392E-17));
#5493=DIRECTION('center_axis',(0.,-1.,0.));
#5494=DIRECTION('ref_axis',(1.,0.,6.12323399573677E-17));
#5495=DIRECTION('center_axis',(0.,-1.,0.));
#5496=DIRECTION('ref_axis',(-0.846724199228284,0.,0.532032076515336));
#5497=DIRECTION('',(0.,-1.,0.));
#5498=DIRECTION('',(0.,1.,0.));
#5499=DIRECTION('center_axis',(0.999559693314693,0.,-0.0296718637877361));
#5500=DIRECTION('ref_axis',(-0.0296718637877361,0.,-0.999559693314692));
#5501=DIRECTION('',(0.,-1.,0.));
#5502=DIRECTION('',(0.,1.,0.));
#5503=DIRECTION('center_axis',(-0.623489801858734,0.,-0.78183148246803));
#5504=DIRECTION('ref_axis',(0.78183148246803,0.,-0.623489801858734));
#5505=DIRECTION('',(0.,1.,0.));
#5506=DIRECTION('center_axis',(0.250614827753906,0.,-0.968086880455406));
#5507=DIRECTION('ref_axis',(-0.968086880455406,0.,-0.250614827753906));
#5508=DIRECTION('',(0.,-1.,0.));
#5509=DIRECTION('',(0.,1.,0.));
#5510=DIRECTION('center_axis',(0.623489801858734,0.,0.78183148246803));
#5511=DIRECTION('ref_axis',(-0.78183148246803,0.,0.623489801858734));
#5512=DIRECTION('',(0.,-1.,0.));
#5513=DIRECTION('center_axis',(0.,-1.,0.));
#5514=DIRECTION('ref_axis',(-0.111964476103308,0.,0.993712209893243));
#5515=DIRECTION('',(0.552838342998275,0.707106781186547,-0.440873866894968));
#5516=DIRECTION('center_axis',(0.,1.,0.));
#5517=DIRECTION('ref_axis',(-0.111964476103308,0.,0.993712209893243));
#5518=DIRECTION('center_axis',(0.552838342998275,-0.707106781186547,-0.440873866894967));
#5519=DIRECTION('ref_axis',(-0.623489801858734,0.,-0.78183148246803));
#5520=DIRECTION('',(0.552838342998274,0.707106781186548,-0.440873866894967));
#5521=DIRECTION('',(0.623489801858734,0.,0.78183148246803));
#5522=DIRECTION('center_axis',(0.,-1.,0.));
#5523=DIRECTION('ref_axis',(-0.993712209893243,0.,-0.111964476103306));
#5524=DIRECTION('center_axis',(0.,1.,0.));
#5525=DIRECTION('ref_axis',(-0.993712209893243,0.,-0.111964476103306));
#5526=DIRECTION('center_axis',(0.,1.,-5.24364028155669E-16));
#5527=DIRECTION('ref_axis',(1.,0.,3.56399517005392E-17));
#5528=DIRECTION('center_axis',(0.,-1.,0.));
#5529=DIRECTION('ref_axis',(1.,0.,6.12323399573677E-17));
#5530=DIRECTION('center_axis',(0.,-1.,0.));
#5531=DIRECTION('ref_axis',(-0.111964476103308,0.,0.993712209893243));
#5532=DIRECTION('',(0.,1.,0.));
#5533=DIRECTION('center_axis',(-0.900968867902419,0.,0.433883739117558));
#5534=DIRECTION('ref_axis',(-0.433883739117558,0.,-0.900968867902419));
#5535=DIRECTION('center_axis',(0.,-1.,0.));
#5536=DIRECTION('ref_axis',(0.330279061955166,0.,-0.943883330308368));
#5537=DIRECTION('',(0.,-1.,0.));
#5538=DIRECTION('center_axis',(-0.433883739117558,0.,-0.900968867902419));
#5539=DIRECTION('ref_axis',(0.900968867902419,0.,-0.433883739117558));
#5540=DIRECTION('center_axis',(-0.222520933956314,0.,0.974927912181824));
#5541=DIRECTION('ref_axis',(-0.974927912181824,0.,-0.222520933956314));
#5542=DIRECTION('center_axis',(0.,-1.,0.));
#5543=DIRECTION('ref_axis',(-0.532032076515337,0.,-0.846724199228284));
#5544=DIRECTION('',(0.,-1.,0.));
#5545=DIRECTION('center_axis',(-0.974927912181824,0.,-0.222520933956314));
#5546=DIRECTION('ref_axis',(0.222520933956314,0.,-0.974927912181824));
#5547=DIRECTION('center_axis',(0.,-1.,0.));
#5548=DIRECTION('ref_axis',(-0.993712209893243,0.,-0.111964476103306));
#5549=DIRECTION('',(0.,-1.,0.));
#5550=DIRECTION('center_axis',(-0.78183148246803,0.,0.623489801858734));
#5551=DIRECTION('ref_axis',(-0.623489801858734,0.,-0.78183148246803));
#5552=DIRECTION('center_axis',(0.,1.,-5.24364028155669E-16));
#5553=DIRECTION('ref_axis',(1.,0.,3.56399517005392E-17));
#5554=DIRECTION('center_axis',(0.,-1.,0.));
#5555=DIRECTION('ref_axis',(1.,0.,6.12323399573677E-17));
#5556=DIRECTION('center_axis',(0.,1.,0.));
#5557=DIRECTION('ref_axis',(1.,0.,0.));
#5558=DIRECTION('center_axis',(0.,-1.,0.));
#5559=DIRECTION('ref_axis',(1.,0.,0.));
#5560=DIRECTION('center_axis',(0.,1.,0.));
#5561=DIRECTION('ref_axis',(1.,0.,0.));
#5562=DIRECTION('center_axis',(0.,-1.,0.));
#5563=DIRECTION('ref_axis',(1.,0.,0.));
#5564=DIRECTION('center_axis',(0.,1.,0.));
#5565=DIRECTION('ref_axis',(1.,0.,0.));
#5566=DIRECTION('center_axis',(0.,1.,0.));
#5567=DIRECTION('ref_axis',(1.,0.,0.));
#5568=DIRECTION('center_axis',(0.,1.,0.));
#5569=DIRECTION('ref_axis',(1.,0.,0.));
#5570=DIRECTION('center_axis',(0.,1.,0.));
#5571=DIRECTION('ref_axis',(1.,0.,0.));
#5572=DIRECTION('center_axis',(0.,1.,0.));
#5573=DIRECTION('ref_axis',(1.,0.,0.));
#5574=DIRECTION('center_axis',(0.,-1.,0.));
#5575=DIRECTION('ref_axis',(-1.,0.,0.));
#5576=DIRECTION('',(0.,-1.,0.));
#5577=DIRECTION('center_axis',(0.,-1.,0.));
#5578=DIRECTION('ref_axis',(-1.,0.,0.));
#5579=DIRECTION('center_axis',(-0.600625011605159,0.,-0.799530859588486));
#5580=DIRECTION('ref_axis',(-0.799530859588486,0.,0.600625011605159));
#5581=DIRECTION('',(0.,1.,0.));
#5582=DIRECTION('center_axis',(1.,0.,0.));
#5583=DIRECTION('ref_axis',(0.,0.,1.));
#5584=DIRECTION('',(0.,-1.,0.));
#5585=DIRECTION('center_axis',(0.,-1.,0.));
#5586=DIRECTION('ref_axis',(0.707106781186547,0.,0.707106781186548));
#5587=DIRECTION('',(-7.85046229341889E-16,0.707106781186549,-0.707106781186546));
#5588=DIRECTION('center_axis',(0.,1.,0.));
#5589=DIRECTION('ref_axis',(0.707106781186547,0.,0.707106781186548));
#5590=DIRECTION('center_axis',(0.,-0.707106781186548,-0.707106781186547));
#5591=DIRECTION('ref_axis',(-1.,0.,0.));
#5592=DIRECTION('',(0.,0.707106781186547,-0.707106781186548));
#5593=DIRECTION('',(1.,0.,0.));
#5594=DIRECTION('center_axis',(0.,-1.,0.));
#5595=DIRECTION('ref_axis',(-0.707106781186547,0.,0.707106781186548));
#5596=DIRECTION('center_axis',(0.,1.,0.));
#5597=DIRECTION('ref_axis',(-0.707106781186547,0.,0.707106781186548));
#5598=DIRECTION('center_axis',(0.,-1.,0.));
#5599=DIRECTION('ref_axis',(0.707106781186547,0.,0.707106781186548));
#5600=DIRECTION('',(0.,1.,0.));
#5601=DIRECTION('center_axis',(0.,0.,1.));
#5602=DIRECTION('ref_axis',(-1.,0.,0.));
#5603=DIRECTION('',(0.,-1.,0.));
#5604=DIRECTION('center_axis',(0.,-1.,0.));
#5605=DIRECTION('ref_axis',(-0.707106781186547,0.,0.707106781186548));
#5606=DIRECTION('',(0.,1.,0.));
#5607=DIRECTION('center_axis',(-1.,0.,1.59111508184714E-16));
#5608=DIRECTION('ref_axis',(-1.59111508184714E-16,0.,-1.));
#5609=CARTESIAN_POINT('',(0.,0.,0.));
#5610=CARTESIAN_POINT('Origin',(0.,0.025,0.));
#5611=CARTESIAN_POINT('',(0.25,0.,-6.21552188810439E-17));
#5612=CARTESIAN_POINT('Origin',(0.,0.,0.));
#5613=CARTESIAN_POINT('',(0.2,0.05,-7.42171110877822E-17));
#5614=CARTESIAN_POINT('',(0.225,0.025,-5.59396969929395E-17));
#5615=CARTESIAN_POINT('Origin',(0.,0.05,0.));
#5616=CARTESIAN_POINT('Origin',(0.,0.,0.));
#5617=CARTESIAN_POINT('',(-0.7527640265092,0.,-0.297804363563553));
#5618=CARTESIAN_POINT('',(-0.833463730468669,0.,-0.248226184397393));
#5619=CARTESIAN_POINT('Origin',(-0.861727941782303,0.,-0.38470018634229));
#5620=CARTESIAN_POINT('',(-0.459004601718731,0.,-0.666167031065412));
#5621=CARTESIAN_POINT('',(-0.500979702552527,0.,-0.613531919450438));
#5622=CARTESIAN_POINT('',(-0.428644989214722,0.,-0.756664722217409));
#5623=CARTESIAN_POINT('Origin',(-0.567968516991834,0.,-0.753062853844149));
#5624=CARTESIAN_POINT('',(-0.325585090431555,0.,-0.806394678501734));
#5625=CARTESIAN_POINT('Origin',(0.,0.,0.));
#5626=CARTESIAN_POINT('',(-0.236507866684262,0.,-0.774212598425197));
#5627=CARTESIAN_POINT('Origin',(-0.236507866684262,0.,-0.913582677165354));
#5628=CARTESIAN_POINT('',(0.234645669291339,0.,-0.774212598425197));
#5629=CARTESIAN_POINT('',(0.167322834645669,0.,-0.774212598425197));
#5630=CARTESIAN_POINT('',(0.324328522109271,0.,-0.806900885099065));
#5631=CARTESIAN_POINT('Origin',(0.234645669291339,0.,-0.913582677165355));
#5632=CARTESIAN_POINT('',(0.427465763426013,0.,-0.757331532240573));
#5633=CARTESIAN_POINT('Origin',(0.,0.,0.));
#5634=CARTESIAN_POINT('',(0.457843540635195,0.,-0.667622955613769));
#5635=CARTESIAN_POINT('Origin',(0.566807455908298,0.,-0.754518778392506));
#5636=CARTESIAN_POINT('',(0.751602965425664,0.,-0.299260288111911));
#5637=CARTESIAN_POINT('',(0.709627864591867,0.,-0.351895399726885));
#5638=CARTESIAN_POINT('',(0.833076041188812,0.,-0.249524223722697));
#5639=CARTESIAN_POINT('Origin',(0.860566880698767,0.,-0.386156110890648));
#5640=CARTESIAN_POINT('',(0.858626178711309,0.,-0.137982295454358));
#5641=CARTESIAN_POINT('Origin',(0.,0.,0.));
#5642=CARTESIAN_POINT('',(0.80742942355014,0.,-0.0582996101987451));
#5643=CARTESIAN_POINT('Origin',(0.943305203436898,0.,-0.0272868501119202));
#5644=CARTESIAN_POINT('',(0.702587898688029,0.,0.401041122947031));
#5645=CARTESIAN_POINT('',(0.71756863872997,0.,0.335406212323767));
#5646=CARTESIAN_POINT('',(0.714500309598871,0.,0.495749267483428));
#5647=CARTESIAN_POINT('Origin',(0.838463678574787,0.,0.432053883033856));
#5648=CARTESIAN_POINT('',(0.643223568644858,0.,0.585270424134871));
#5649=CARTESIAN_POINT('Origin',(0.,0.,0.));
#5650=CARTESIAN_POINT('',(0.549004481973181,0.,0.594924530791255));
#5651=CARTESIAN_POINT('Origin',(0.609474892858069,0.,0.720492632853246));
#5652=CARTESIAN_POINT('',(0.124509814057022,0.,0.799350388678808));
#5653=CARTESIAN_POINT('',(0.185165592171713,0.,0.770140105454752));
#5654=CARTESIAN_POINT('',(0.0578912717307953,0.,0.867713448832407));
#5655=CARTESIAN_POINT('Origin',(0.18498022494191,0.,0.924918490740799));
#5656=CARTESIAN_POINT('',(-0.0565395079808075,0.,0.867802577009613));
#5657=CARTESIAN_POINT('Origin',(0.,0.,0.));
#5658=CARTESIAN_POINT('',(-0.122832032180109,0.,0.800158365846624));
#5659=CARTESIAN_POINT('Origin',(-0.183302443064997,0.,0.925726467908615));
#5660=CARTESIAN_POINT('',(-0.547326700096268,0.,0.595732507959072));
#5661=CARTESIAN_POINT('',(-0.486670921981577,0.,0.624942791183128));
#5662=CARTESIAN_POINT('',(-0.642311074517304,0.,0.586271705081923));
#5663=CARTESIAN_POINT('Origin',(-0.607797110981156,0.,0.721300610021062));
#5664=CARTESIAN_POINT('',(-0.713727181901147,0.,0.496861689449575));
#5665=CARTESIAN_POINT('Origin',(0.,0.,0.));
#5666=CARTESIAN_POINT('',(-0.702173520784944,0.,0.402856631163385));
#5667=CARTESIAN_POINT('Origin',(-0.838049300671702,0.,0.43386939125021));
#5668=CARTESIAN_POINT('',(-0.807015045647055,0.,-0.0564841019823916));
#5669=CARTESIAN_POINT('',(-0.792034305605114,0.,0.00915080864087304));
#5670=CARTESIAN_POINT('',(-0.858840080895723,0.,-0.136644590358587));
#5671=CARTESIAN_POINT('Origin',(-0.942890825533813,0.,-0.0254713418955666));
#5672=CARTESIAN_POINT('Origin',(0.,0.,0.));
#5673=CARTESIAN_POINT('',(0.563099686711908,0.,0.155249668262055));
#5674=CARTESIAN_POINT('',(0.517088392749919,0.,0.201452065474922));
#5675=CARTESIAN_POINT('Origin',(0.625599686711908,0.,0.26350284373511));
#5676=CARTESIAN_POINT('',(0.602900313288092,0.,0.132270765794379));
#5677=CARTESIAN_POINT('',(0.354,0.,0.275973428672641));
#5678=CARTESIAN_POINT('',(0.665918409971169,0.,0.115525014968737));
#5679=CARTESIAN_POINT('Origin',(0.665400313288092,0.,0.240523941267434));
#5680=CARTESIAN_POINT('',(0.683006802721088,0.,0.0859270505061852));
#5681=CARTESIAN_POINT('Origin',(0.666,0.,0.095840144685478));
#5682=CARTESIAN_POINT('',(0.666,0.,0.0229789024676758));
#5683=CARTESIAN_POINT('Origin',(0.791,0.,0.0229789024676758));
#5684=CARTESIAN_POINT('',(0.666,0.,-0.0229789024676756));
#5685=CARTESIAN_POINT('',(0.666,0.,0.0479200723427389));
#5686=CARTESIAN_POINT('',(0.683006802721088,0.,-0.0859270505061849));
#5687=CARTESIAN_POINT('Origin',(0.791,0.,-0.0229789024676757));
#5688=CARTESIAN_POINT('',(0.665918409971168,0.,-0.115525014968737));
#5689=CARTESIAN_POINT('Origin',(0.665999999999999,0.,-0.0958401446854776));
#5690=CARTESIAN_POINT('',(0.602900313288092,0.,-0.132270765794379));
#5691=CARTESIAN_POINT('Origin',(0.665400313288092,0.,-0.240523941267434));
#5692=CARTESIAN_POINT('',(0.563099686711907,0.,-0.155249668262054));
#5693=CARTESIAN_POINT('',(0.437,0.,-0.228053356329902));
#5694=CARTESIAN_POINT('',(0.517088392749919,0.,-0.201452065474922));
#5695=CARTESIAN_POINT('Origin',(0.625599686711907,0.,-0.263502843735109));
#5696=CARTESIAN_POINT('',(0.48291160725008,0.,-0.201452065474922));
#5697=CARTESIAN_POINT('Origin',(0.5,0.,-0.191680289370956));
#5698=CARTESIAN_POINT('',(0.436900313288092,0.,-0.155249668262054));
#5699=CARTESIAN_POINT('Origin',(0.374400313288092,0.,-0.263502843735109));
#5700=CARTESIAN_POINT('',(0.397099686711908,0.,-0.132270765794379));
#5701=CARTESIAN_POINT('',(0.271,0.,-0.0594670777265311));
#5702=CARTESIAN_POINT('',(0.334081590028831,0.,-0.115525014968737));
#5703=CARTESIAN_POINT('Origin',(0.334599686711907,0.,-0.240523941267433));
#5704=CARTESIAN_POINT('',(0.316993197278911,0.,-0.0859270505061847));
#5705=CARTESIAN_POINT('Origin',(0.334,0.,-0.0958401446854775));
#5706=CARTESIAN_POINT('',(0.334,0.,-0.0229789024676753));
#5707=CARTESIAN_POINT('Origin',(0.209,0.,-0.0229789024676753));
#5708=CARTESIAN_POINT('',(0.334,0.,0.0229789024676762));
#5709=CARTESIAN_POINT('',(0.334,0.,-0.0479200723427388));
#5710=CARTESIAN_POINT('',(0.316993197278912,0.,0.0859270505061853));
#5711=CARTESIAN_POINT('Origin',(0.209,0.,0.0229789024676762));
#5712=CARTESIAN_POINT('',(0.334081590028831,0.,0.115525014968737));
#5713=CARTESIAN_POINT('Origin',(0.334,0.,0.095840144685478));
#5714=CARTESIAN_POINT('',(0.397099686711908,0.,0.132270765794379));
#5715=CARTESIAN_POINT('Origin',(0.334599686711908,0.,0.240523941267434));
#5716=CARTESIAN_POINT('',(0.436900313288092,0.,0.155249668262055));
#5717=CARTESIAN_POINT('',(0.188,0.,0.0115470053837927));
#5718=CARTESIAN_POINT('',(0.48291160725008,0.,0.201452065474922));
#5719=CARTESIAN_POINT('Origin',(0.374400313288092,0.,0.26350284373511));
#5720=CARTESIAN_POINT('Origin',(0.5,0.,0.191680289370956));
#5721=CARTESIAN_POINT('',(-0.563099686711907,0.,-0.155249668262055));
#5722=CARTESIAN_POINT('',(-0.517088392749919,0.,-0.201452065474922));
#5723=CARTESIAN_POINT('Origin',(-0.625599686711908,0.,-0.26350284373511));
#5724=CARTESIAN_POINT('',(-0.602900313288092,0.,-0.132270765794379));
#5725=CARTESIAN_POINT('',(-0.354,0.,-0.275973428672641));
#5726=CARTESIAN_POINT('',(-0.665918409971169,0.,-0.115525014968737));
#5727=CARTESIAN_POINT('Origin',(-0.665400313288092,0.,-0.240523941267434));
#5728=CARTESIAN_POINT('',(-0.683006802721088,0.,-0.0859270505061853));
#5729=CARTESIAN_POINT('Origin',(-0.666,0.,-0.0958401446854781));
#5730=CARTESIAN_POINT('',(-0.666,0.,-0.0229789024676758));
#5731=CARTESIAN_POINT('Origin',(-0.791,0.,-0.0229789024676758));
#5732=CARTESIAN_POINT('',(-0.666,0.,0.0229789024676756));
#5733=CARTESIAN_POINT('',(-0.666,0.,-0.047920072342739));
#5734=CARTESIAN_POINT('',(-0.683006802721088,0.,0.0859270505061848));
#5735=CARTESIAN_POINT('Origin',(-0.791,0.,0.0229789024676756));
#5736=CARTESIAN_POINT('',(-0.665918409971168,0.,0.115525014968737));
#5737=CARTESIAN_POINT('Origin',(-0.665999999999999,0.,0.0958401446854776));
#5738=CARTESIAN_POINT('',(-0.602900313288092,0.,0.132270765794379));
#5739=CARTESIAN_POINT('Origin',(-0.665400313288092,0.,0.240523941267433));
#5740=CARTESIAN_POINT('',(-0.563099686711907,0.,0.155249668262054));
#5741=CARTESIAN_POINT('',(-0.437,0.,0.228053356329902));
#5742=CARTESIAN_POINT('',(-0.517088392749919,0.,0.201452065474922));
#5743=CARTESIAN_POINT('Origin',(-0.625599686711908,0.,0.263502843735109));
#5744=CARTESIAN_POINT('',(-0.48291160725008,0.,0.201452065474922));
#5745=CARTESIAN_POINT('Origin',(-0.5,0.,0.191680289370955));
#5746=CARTESIAN_POINT('',(-0.436900313288092,0.,0.155249668262054));
#5747=CARTESIAN_POINT('Origin',(-0.374400313288092,0.,0.263502843735109));
#5748=CARTESIAN_POINT('',(-0.397099686711908,0.,0.132270765794379));
#5749=CARTESIAN_POINT('',(-0.271,0.,0.0594670777265311));
#5750=CARTESIAN_POINT('',(-0.334081590028831,0.,0.115525014968737));
#5751=CARTESIAN_POINT('Origin',(-0.334599686711907,0.,0.240523941267433));
#5752=CARTESIAN_POINT('',(-0.316993197278911,0.,0.0859270505061847));
#5753=CARTESIAN_POINT('Origin',(-0.334,0.,0.0958401446854775));
#5754=CARTESIAN_POINT('',(-0.334,0.,0.0229789024676754));
#5755=CARTESIAN_POINT('Origin',(-0.209,0.,0.0229789024676753));
#5756=CARTESIAN_POINT('',(-0.334,0.,-0.0229789024676761));
#5757=CARTESIAN_POINT('',(-0.334,0.,0.0479200723427388));
#5758=CARTESIAN_POINT('',(-0.316993197278912,0.,-0.0859270505061853));
#5759=CARTESIAN_POINT('Origin',(-0.209,0.,-0.0229789024676761));
#5760=CARTESIAN_POINT('',(-0.334081590028831,0.,-0.115525014968737));
#5761=CARTESIAN_POINT('Origin',(-0.334,0.,-0.0958401446854781));
#5762=CARTESIAN_POINT('',(-0.397099686711908,0.,-0.132270765794379));
#5763=CARTESIAN_POINT('Origin',(-0.334599686711908,0.,-0.240523941267434));
#5764=CARTESIAN_POINT('',(-0.436900313288092,0.,-0.155249668262055));
#5765=CARTESIAN_POINT('',(-0.188,0.,-0.0115470053837927));
#5766=CARTESIAN_POINT('',(-0.48291160725008,0.,-0.201452065474922));
#5767=CARTESIAN_POINT('Origin',(-0.374400313288092,0.,-0.26350284373511));
#5768=CARTESIAN_POINT('Origin',(-0.5,0.,-0.191680289370956));
#5769=CARTESIAN_POINT('',(0.155249668262055,0.,-0.563099686711908));
#5770=CARTESIAN_POINT('',(0.201452065474922,0.,-0.517088392749919));
#5771=CARTESIAN_POINT('Origin',(0.263502843735109,0.,-0.625599686711908));
#5772=CARTESIAN_POINT('',(0.132270765794379,0.,-0.602900313288092));
#5773=CARTESIAN_POINT('',(0.275973428672641,0.,-0.354));
#5774=CARTESIAN_POINT('',(0.115525014968737,0.,-0.665918409971169));
#5775=CARTESIAN_POINT('Origin',(0.240523941267434,0.,-0.665400313288092));
#5776=CARTESIAN_POINT('',(0.0859270505061852,0.,-0.683006802721088));
#5777=CARTESIAN_POINT('Origin',(0.095840144685478,0.,-0.666));
#5778=CARTESIAN_POINT('',(0.0229789024676757,0.,-0.666));
#5779=CARTESIAN_POINT('Origin',(0.0229789024676757,0.,-0.790999999999999));
#5780=CARTESIAN_POINT('',(-0.0229789024676756,0.,-0.666));
#5781=CARTESIAN_POINT('',(0.0479200723427389,0.,-0.666));
#5782=CARTESIAN_POINT('',(-0.0859270505061848,0.,-0.683006802721088));
#5783=CARTESIAN_POINT('Origin',(-0.0229789024676756,0.,-0.791));
#5784=CARTESIAN_POINT('',(-0.115525014968737,0.,-0.665918409971168));
#5785=CARTESIAN_POINT('Origin',(-0.0958401446854776,0.,-0.665999999999999));
#5786=CARTESIAN_POINT('',(-0.132270765794379,0.,-0.602900313288092));
#5787=CARTESIAN_POINT('Origin',(-0.240523941267433,0.,-0.665400313288092));
#5788=CARTESIAN_POINT('',(-0.155249668262054,0.,-0.563099686711907));
#5789=CARTESIAN_POINT('',(-0.228053356329902,0.,-0.437));
#5790=CARTESIAN_POINT('',(-0.201452065474922,0.,-0.517088392749919));
#5791=CARTESIAN_POINT('Origin',(-0.263502843735109,0.,-0.625599686711907));
#5792=CARTESIAN_POINT('',(-0.201452065474922,0.,-0.48291160725008));
#5793=CARTESIAN_POINT('Origin',(-0.191680289370955,0.,-0.5));
#5794=CARTESIAN_POINT('',(-0.155249668262054,0.,-0.436900313288092));
#5795=CARTESIAN_POINT('Origin',(-0.263502843735109,0.,-0.374400313288092));
#5796=CARTESIAN_POINT('',(-0.132270765794379,0.,-0.397099686711908));
#5797=CARTESIAN_POINT('',(-0.0594670777265311,0.,-0.271));
#5798=CARTESIAN_POINT('',(-0.115525014968737,0.,-0.334081590028831));
#5799=CARTESIAN_POINT('Origin',(-0.240523941267433,0.,-0.334599686711908));
#5800=CARTESIAN_POINT('',(-0.0859270505061847,0.,-0.316993197278911));
#5801=CARTESIAN_POINT('Origin',(-0.0958401446854775,0.,-0.334));
#5802=CARTESIAN_POINT('',(-0.0229789024676754,0.,-0.334));
#5803=CARTESIAN_POINT('Origin',(-0.0229789024676753,0.,-0.209));
#5804=CARTESIAN_POINT('',(0.0229789024676761,0.,-0.334));
#5805=CARTESIAN_POINT('',(-0.0479200723427388,0.,-0.334));
#5806=CARTESIAN_POINT('',(0.0859270505061853,0.,-0.316993197278912));
#5807=CARTESIAN_POINT('Origin',(0.0229789024676761,0.,-0.209));
#5808=CARTESIAN_POINT('',(0.115525014968737,0.,-0.334081590028831));
#5809=CARTESIAN_POINT('Origin',(0.0958401446854781,0.,-0.334));
#5810=CARTESIAN_POINT('',(0.132270765794379,0.,-0.397099686711908));
#5811=CARTESIAN_POINT('Origin',(0.240523941267434,0.,-0.334599686711908));
#5812=CARTESIAN_POINT('',(0.155249668262055,0.,-0.436900313288092));
#5813=CARTESIAN_POINT('',(0.0115470053837927,0.,-0.188));
#5814=CARTESIAN_POINT('',(0.201452065474922,0.,-0.48291160725008));
#5815=CARTESIAN_POINT('Origin',(0.26350284373511,0.,-0.374400313288092));
#5816=CARTESIAN_POINT('Origin',(0.191680289370956,0.,-0.5));
#5817=CARTESIAN_POINT('',(-0.155249668262055,0.,0.563099686711908));
#5818=CARTESIAN_POINT('',(-0.201452065474922,0.,0.517088392749919));
#5819=CARTESIAN_POINT('Origin',(-0.26350284373511,0.,0.625599686711908));
#5820=CARTESIAN_POINT('',(-0.132270765794379,0.,0.602900313288092));
#5821=CARTESIAN_POINT('',(-0.275973428672641,0.,0.354));
#5822=CARTESIAN_POINT('',(-0.115525014968737,0.,0.665918409971169));
#5823=CARTESIAN_POINT('Origin',(-0.240523941267434,0.,0.665400313288092));
#5824=CARTESIAN_POINT('',(-0.0859270505061851,0.,0.683006802721088));
#5825=CARTESIAN_POINT('Origin',(-0.095840144685478,0.,0.666));
#5826=CARTESIAN_POINT('',(-0.0229789024676757,0.,0.666));
#5827=CARTESIAN_POINT('Origin',(-0.0229789024676757,0.,0.791));
#5828=CARTESIAN_POINT('',(0.0229789024676757,0.,0.666));
#5829=CARTESIAN_POINT('',(-0.0479200723427388,0.,0.666));
#5830=CARTESIAN_POINT('',(0.0859270505061849,0.,0.683006802721088));
#5831=CARTESIAN_POINT('Origin',(0.0229789024676758,0.,0.791));
#5832=CARTESIAN_POINT('',(0.115525014968737,0.,0.665918409971168));
#5833=CARTESIAN_POINT('Origin',(0.0958401446854777,0.,0.665999999999999));
#5834=CARTESIAN_POINT('',(0.132270765794379,0.,0.602900313288092));
#5835=CARTESIAN_POINT('Origin',(0.240523941267434,0.,0.665400313288092));
#5836=CARTESIAN_POINT('',(0.155249668262055,0.,0.563099686711907));
#5837=CARTESIAN_POINT('',(0.228053356329902,0.,0.437));
#5838=CARTESIAN_POINT('',(0.201452065474922,0.,0.517088392749919));
#5839=CARTESIAN_POINT('Origin',(0.263502843735109,0.,0.625599686711907));
#5840=CARTESIAN_POINT('',(0.201452065474922,0.,0.48291160725008));
#5841=CARTESIAN_POINT('Origin',(0.191680289370956,0.,0.5));
#5842=CARTESIAN_POINT('',(0.155249668262054,0.,0.436900313288092));
#5843=CARTESIAN_POINT('Origin',(0.263502843735109,0.,0.374400313288092));
#5844=CARTESIAN_POINT('',(0.132270765794379,0.,0.397099686711908));
#5845=CARTESIAN_POINT('',(0.0594670777265311,0.,0.271));
#5846=CARTESIAN_POINT('',(0.115525014968737,0.,0.334081590028831));
#5847=CARTESIAN_POINT('Origin',(0.240523941267433,0.,0.334599686711907));
#5848=CARTESIAN_POINT('',(0.0859270505061848,0.,0.316993197278911));
#5849=CARTESIAN_POINT('Origin',(0.0958401446854776,0.,0.334));
#5850=CARTESIAN_POINT('',(0.0229789024676754,0.,0.334));
#5851=CARTESIAN_POINT('Origin',(0.0229789024676753,0.,0.209));
#5852=CARTESIAN_POINT('',(-0.0229789024676762,0.,0.334));
#5853=CARTESIAN_POINT('',(0.0479200723427389,0.,0.334));
#5854=CARTESIAN_POINT('',(-0.0859270505061852,0.,0.316993197278912));
#5855=CARTESIAN_POINT('Origin',(-0.0229789024676762,0.,0.209));
#5856=CARTESIAN_POINT('',(-0.115525014968737,0.,0.334081590028831));
#5857=CARTESIAN_POINT('Origin',(-0.095840144685478,0.,0.334));
#5858=CARTESIAN_POINT('',(-0.132270765794379,0.,0.397099686711908));
#5859=CARTESIAN_POINT('Origin',(-0.240523941267434,0.,0.334599686711908));
#5860=CARTESIAN_POINT('',(-0.155249668262055,0.,0.436900313288092));
#5861=CARTESIAN_POINT('',(-0.0115470053837927,0.,0.188));
#5862=CARTESIAN_POINT('',(-0.201452065474922,0.,0.48291160725008));
#5863=CARTESIAN_POINT('Origin',(-0.26350284373511,0.,0.374400313288092));
#5864=CARTESIAN_POINT('Origin',(-0.191680289370956,0.,0.5));
#5865=CARTESIAN_POINT('Origin',(-0.107,0.05,0.107));
#5866=CARTESIAN_POINT('',(-0.107,0.05,0.127));
#5867=CARTESIAN_POINT('',(-0.127,0.05,0.107));
#5868=CARTESIAN_POINT('Origin',(-0.107,0.05,0.107));
#5869=CARTESIAN_POINT('',(-0.127,0.210629921259842,0.107));
#5870=CARTESIAN_POINT('',(-0.127,0.05,0.107));
#5871=CARTESIAN_POINT('',(-0.107,0.210629921259842,0.127));
#5872=CARTESIAN_POINT('Origin',(-0.107,0.210629921259842,0.107));
#5873=CARTESIAN_POINT('',(-0.107,0.05,0.127));
#5874=CARTESIAN_POINT('Origin',(-0.127,0.05,-0.127));
#5875=CARTESIAN_POINT('',(-0.127,0.05,-0.107));
#5876=CARTESIAN_POINT('',(-0.127,0.05,-0.0635));
#5877=CARTESIAN_POINT('',(-0.127,0.210629921259842,-0.107));
#5878=CARTESIAN_POINT('',(-0.127,0.05,-0.107));
#5879=CARTESIAN_POINT('',(-0.127,0.210629921259842,0.425603719578326));
#5880=CARTESIAN_POINT('Origin',(0.107,0.05,0.107));
#5881=CARTESIAN_POINT('',(0.127,0.05,0.107));
#5882=CARTESIAN_POINT('',(0.107,0.05,0.127));
#5883=CARTESIAN_POINT('Origin',(0.107,0.05,0.107));
#5884=CARTESIAN_POINT('',(0.107,0.210629921259842,0.127));
#5885=CARTESIAN_POINT('',(0.107,0.05,0.127));
#5886=CARTESIAN_POINT('',(0.127,0.210629921259842,0.107));
#5887=CARTESIAN_POINT('Origin',(0.107,0.210629921259842,0.107));
#5888=CARTESIAN_POINT('',(0.127,0.05,0.107));
#5889=CARTESIAN_POINT('Origin',(-0.127,0.05,0.127));
#5890=CARTESIAN_POINT('',(0.172039937313277,0.210629921259842,0.127));
#5891=CARTESIAN_POINT('',(-0.0635,0.05,0.127));
#5892=CARTESIAN_POINT('Origin',(0.107,0.05,-0.107));
#5893=CARTESIAN_POINT('',(0.107,0.05,-0.127));
#5894=CARTESIAN_POINT('',(0.127,0.05,-0.107));
#5895=CARTESIAN_POINT('Origin',(0.107,0.05,-0.107));
#5896=CARTESIAN_POINT('',(0.127,0.210629921259842,-0.107));
#5897=CARTESIAN_POINT('',(0.127,0.05,-0.107));
#5898=CARTESIAN_POINT('',(0.107,0.210629921259842,-0.127));
#5899=CARTESIAN_POINT('Origin',(0.107,0.210629921259842,-0.107));
#5900=CARTESIAN_POINT('',(0.107,0.05,-0.127));
#5901=CARTESIAN_POINT('Origin',(0.127,0.05,0.127));
#5902=CARTESIAN_POINT('',(0.127,0.210629921259842,0.552603719578326));
#5903=CARTESIAN_POINT('',(0.127,0.05,0.0635));
#5904=CARTESIAN_POINT('Origin',(-0.107,0.05,-0.107));
#5905=CARTESIAN_POINT('',(-0.107,0.05,-0.127));
#5906=CARTESIAN_POINT('Origin',(-0.107,0.05,-0.107));
#5907=CARTESIAN_POINT('',(-0.107,0.210629921259842,-0.127));
#5908=CARTESIAN_POINT('',(-0.107,0.05,-0.127));
#5909=CARTESIAN_POINT('Origin',(-0.107,0.210629921259842,-0.107));
#5910=CARTESIAN_POINT('Origin',(0.127,0.05,-0.127));
#5911=CARTESIAN_POINT('',(0.299039937313277,0.210629921259842,-0.127));
#5912=CARTESIAN_POINT('',(0.0635,0.05,-0.127));
#5913=CARTESIAN_POINT('Origin',(0.,0.05,0.));
#5914=CARTESIAN_POINT('Origin',(-0.625599686711908,0.,-0.26350284373511));
#5915=CARTESIAN_POINT('',(-0.517088392749919,0.2,-0.201452065474922));
#5916=CARTESIAN_POINT('',(-0.517088392749919,0.,-0.201452065474922));
#5917=CARTESIAN_POINT('',(-0.563099686711907,0.2,-0.155249668262055));
#5918=CARTESIAN_POINT('Origin',(-0.625599686711908,0.2,-0.26350284373511));
#5919=CARTESIAN_POINT('',(-0.563099686711907,0.,-0.155249668262055));
#5920=CARTESIAN_POINT('Origin',(-0.5,0.,-0.191680289370956));
#5921=CARTESIAN_POINT('',(-0.48291160725008,0.2,-0.201452065474922));
#5922=CARTESIAN_POINT('',(-0.48291160725008,0.,-0.201452065474922));
#5923=CARTESIAN_POINT('Origin',(-0.5,0.2,-0.191680289370956));
#5924=CARTESIAN_POINT('Origin',(-0.374400313288092,0.,-0.26350284373511));
#5925=CARTESIAN_POINT('',(-0.436900313288092,0.2,-0.155249668262055));
#5926=CARTESIAN_POINT('',(-0.436900313288092,0.,-0.155249668262055));
#5927=CARTESIAN_POINT('Origin',(-0.374400313288092,0.2,-0.26350284373511));
#5928=CARTESIAN_POINT('Origin',(-0.334,0.,-0.0958401446854781));
#5929=CARTESIAN_POINT('',(-0.397099686711908,0.2,-0.132270765794379));
#5930=CARTESIAN_POINT('',(-0.397099686711908,0.,-0.132270765794379));
#5931=CARTESIAN_POINT('',(-0.5,0.2,-0.191680289370956));
#5932=CARTESIAN_POINT('Origin',(-0.334599686711908,0.,-0.240523941267434));
#5933=CARTESIAN_POINT('',(-0.334081590028831,0.2,-0.115525014968737));
#5934=CARTESIAN_POINT('',(-0.334081590028831,0.,-0.115525014968737));
#5935=CARTESIAN_POINT('Origin',(-0.334599686711908,0.2,-0.240523941267434));
#5936=CARTESIAN_POINT('Origin',(-0.334,0.,-0.0958401446854781));
#5937=CARTESIAN_POINT('',(-0.316993197278912,0.2,-0.0859270505061853));
#5938=CARTESIAN_POINT('',(-0.316993197278912,0.,-0.0859270505061853));
#5939=CARTESIAN_POINT('Origin',(-0.334,0.2,-0.0958401446854781));
#5940=CARTESIAN_POINT('Origin',(-0.209,0.,-0.0229789024676761));
#5941=CARTESIAN_POINT('',(-0.334,0.2,-0.0229789024676761));
#5942=CARTESIAN_POINT('',(-0.334,0.,-0.0229789024676761));
#5943=CARTESIAN_POINT('Origin',(-0.209,0.2,-0.0229789024676761));
#5944=CARTESIAN_POINT('Origin',(-0.334,0.,0.0958401446854775));
#5945=CARTESIAN_POINT('',(-0.334,0.2,0.0229789024676754));
#5946=CARTESIAN_POINT('',(-0.334,0.,0.0229789024676754));
#5947=CARTESIAN_POINT('',(-0.334,0.2,-0.0958401446854781));
#5948=CARTESIAN_POINT('Origin',(-0.209,0.,0.0229789024676753));
#5949=CARTESIAN_POINT('',(-0.316993197278911,0.2,0.0859270505061847));
#5950=CARTESIAN_POINT('',(-0.316993197278911,0.,0.0859270505061847));
#5951=CARTESIAN_POINT('Origin',(-0.209,0.2,0.0229789024676753));
#5952=CARTESIAN_POINT('Origin',(-0.334,0.,0.0958401446854775));
#5953=CARTESIAN_POINT('',(-0.334081590028831,0.2,0.115525014968737));
#5954=CARTESIAN_POINT('',(-0.334081590028831,0.,0.115525014968737));
#5955=CARTESIAN_POINT('Origin',(-0.334,0.2,0.0958401446854775));
#5956=CARTESIAN_POINT('Origin',(-0.334599686711907,0.,0.240523941267433));
#5957=CARTESIAN_POINT('',(-0.397099686711908,0.2,0.132270765794379));
#5958=CARTESIAN_POINT('',(-0.397099686711908,0.,0.132270765794379));
#5959=CARTESIAN_POINT('Origin',(-0.334599686711907,0.2,0.240523941267433));
#5960=CARTESIAN_POINT('Origin',(-0.5,0.,0.191680289370955));
#5961=CARTESIAN_POINT('',(-0.436900313288092,0.2,0.155249668262054));
#5962=CARTESIAN_POINT('',(-0.436900313288092,0.,0.155249668262054));
#5963=CARTESIAN_POINT('',(-0.334,0.2,0.0958401446854775));
#5964=CARTESIAN_POINT('Origin',(-0.374400313288092,0.,0.263502843735109));
#5965=CARTESIAN_POINT('',(-0.48291160725008,0.2,0.201452065474922));
#5966=CARTESIAN_POINT('',(-0.48291160725008,0.,0.201452065474922));
#5967=CARTESIAN_POINT('Origin',(-0.374400313288092,0.2,0.263502843735109));
#5968=CARTESIAN_POINT('Origin',(-0.5,0.,0.191680289370955));
#5969=CARTESIAN_POINT('',(-0.517088392749919,0.2,0.201452065474922));
#5970=CARTESIAN_POINT('',(-0.517088392749919,0.,0.201452065474922));
#5971=CARTESIAN_POINT('Origin',(-0.5,0.2,0.191680289370955));
#5972=CARTESIAN_POINT('Origin',(-0.625599686711908,0.,0.263502843735109));
#5973=CARTESIAN_POINT('',(-0.563099686711907,0.2,0.155249668262054));
#5974=CARTESIAN_POINT('',(-0.563099686711907,0.,0.155249668262054));
#5975=CARTESIAN_POINT('Origin',(-0.625599686711908,0.2,0.263502843735109));
#5976=CARTESIAN_POINT('Origin',(-0.665999999999999,0.,0.0958401446854776));
#5977=CARTESIAN_POINT('',(-0.602900313288092,0.2,0.132270765794379));
#5978=CARTESIAN_POINT('',(-0.602900313288092,0.,0.132270765794379));
#5979=CARTESIAN_POINT('',(-0.5,0.2,0.191680289370955));
#5980=CARTESIAN_POINT('Origin',(-0.665400313288092,0.,0.240523941267433));
#5981=CARTESIAN_POINT('',(-0.665918409971168,0.2,0.115525014968737));
#5982=CARTESIAN_POINT('',(-0.665918409971168,0.,0.115525014968737));
#5983=CARTESIAN_POINT('Origin',(-0.665400313288092,0.2,0.240523941267433));
#5984=CARTESIAN_POINT('Origin',(-0.665999999999999,0.,0.0958401446854776));
#5985=CARTESIAN_POINT('',(-0.683006802721088,0.2,0.0859270505061848));
#5986=CARTESIAN_POINT('',(-0.683006802721088,0.,0.0859270505061848));
#5987=CARTESIAN_POINT('Origin',(-0.665999999999999,0.2,0.0958401446854776));
#5988=CARTESIAN_POINT('Origin',(-0.791,0.,0.0229789024676756));
#5989=CARTESIAN_POINT('',(-0.665999999999999,0.2,0.0229789024676756));
#5990=CARTESIAN_POINT('',(-0.666,0.,0.0229789024676756));
#5991=CARTESIAN_POINT('Origin',(-0.791,0.2,0.0229789024676756));
#5992=CARTESIAN_POINT('Origin',(-0.666,0.,-0.095840144685478));
#5993=CARTESIAN_POINT('',(-0.665999999999999,0.2,-0.0229789024676758));
#5994=CARTESIAN_POINT('',(-0.666,0.,-0.0229789024676758));
#5995=CARTESIAN_POINT('',(-0.665999999999999,0.2,0.0958401446854776));
#5996=CARTESIAN_POINT('Origin',(-0.665400313288092,0.,-0.240523941267434));
#5997=CARTESIAN_POINT('',(-0.602900313288092,0.2,-0.132270765794379));
#5998=CARTESIAN_POINT('',(-0.602900313288092,0.,-0.132270765794379));
#5999=CARTESIAN_POINT('',(-0.665918409971169,0.2,-0.115525014968737));
#6000=CARTESIAN_POINT('Origin',(-0.665400313288092,0.2,-0.240523941267434));
#6001=CARTESIAN_POINT('',(-0.665918409971169,0.,-0.115525014968737));
#6002=CARTESIAN_POINT('Origin',(-0.666,0.,-0.0958401446854781));
#6003=CARTESIAN_POINT('',(-0.683006802721088,0.2,-0.0859270505061853));
#6004=CARTESIAN_POINT('Origin',(-0.666,0.2,-0.0958401446854781));
#6005=CARTESIAN_POINT('',(-0.683006802721088,0.,-0.0859270505061852));
#6006=CARTESIAN_POINT('Origin',(-0.791,0.,-0.0229789024676758));
#6007=CARTESIAN_POINT('Origin',(-0.791,0.2,-0.0229789024676758));
#6008=CARTESIAN_POINT('Origin',(0.263502843735109,0.,-0.625599686711908));
#6009=CARTESIAN_POINT('',(0.201452065474922,0.2,-0.517088392749919));
#6010=CARTESIAN_POINT('',(0.201452065474922,0.,-0.517088392749919));
#6011=CARTESIAN_POINT('',(0.155249668262055,0.2,-0.563099686711908));
#6012=CARTESIAN_POINT('Origin',(0.263502843735109,0.2,-0.625599686711908));
#6013=CARTESIAN_POINT('',(0.155249668262055,0.,-0.563099686711908));
#6014=CARTESIAN_POINT('Origin',(0.191680289370956,0.,-0.5));
#6015=CARTESIAN_POINT('',(0.201452065474922,0.2,-0.48291160725008));
#6016=CARTESIAN_POINT('',(0.201452065474922,0.,-0.48291160725008));
#6017=CARTESIAN_POINT('Origin',(0.191680289370956,0.2,-0.5));
#6018=CARTESIAN_POINT('Origin',(0.26350284373511,0.,-0.374400313288092));
#6019=CARTESIAN_POINT('',(0.155249668262055,0.2,-0.436900313288092));
#6020=CARTESIAN_POINT('',(0.155249668262055,0.,-0.436900313288092));
#6021=CARTESIAN_POINT('Origin',(0.26350284373511,0.2,-0.374400313288092));
#6022=CARTESIAN_POINT('Origin',(0.095840144685478,0.,-0.334));
#6023=CARTESIAN_POINT('',(0.132270765794379,0.2,-0.397099686711908));
#6024=CARTESIAN_POINT('',(0.132270765794379,0.,-0.397099686711908));
#6025=CARTESIAN_POINT('',(0.191680289370956,0.2,-0.5));
#6026=CARTESIAN_POINT('Origin',(0.240523941267434,0.,-0.334599686711908));
#6027=CARTESIAN_POINT('',(0.115525014968737,0.2,-0.334081590028831));
#6028=CARTESIAN_POINT('',(0.115525014968737,0.,-0.334081590028831));
#6029=CARTESIAN_POINT('Origin',(0.240523941267434,0.2,-0.334599686711908));
#6030=CARTESIAN_POINT('Origin',(0.0958401446854781,0.,-0.334));
#6031=CARTESIAN_POINT('',(0.0859270505061853,0.2,-0.316993197278912));
#6032=CARTESIAN_POINT('',(0.0859270505061853,0.,-0.316993197278912));
#6033=CARTESIAN_POINT('Origin',(0.0958401446854781,0.2,-0.334));
#6034=CARTESIAN_POINT('Origin',(0.0229789024676761,0.,-0.209));
#6035=CARTESIAN_POINT('',(0.0229789024676761,0.2,-0.334));
#6036=CARTESIAN_POINT('',(0.0229789024676761,0.,-0.334));
#6037=CARTESIAN_POINT('Origin',(0.0229789024676761,0.2,-0.209));
#6038=CARTESIAN_POINT('Origin',(-0.0958401446854776,0.,-0.334));
#6039=CARTESIAN_POINT('',(-0.0229789024676754,0.2,-0.334));
#6040=CARTESIAN_POINT('',(-0.0229789024676754,0.,-0.334));
#6041=CARTESIAN_POINT('',(0.0958401446854781,0.2,-0.334));
#6042=CARTESIAN_POINT('Origin',(-0.0229789024676753,0.,-0.209));
#6043=CARTESIAN_POINT('',(-0.0859270505061847,0.2,-0.316993197278911));
#6044=CARTESIAN_POINT('',(-0.0859270505061847,0.,-0.316993197278911));
#6045=CARTESIAN_POINT('Origin',(-0.0229789024676753,0.2,-0.209));
#6046=CARTESIAN_POINT('Origin',(-0.0958401446854775,0.,-0.334));
#6047=CARTESIAN_POINT('',(-0.115525014968737,0.2,-0.334081590028831));
#6048=CARTESIAN_POINT('',(-0.115525014968737,0.,-0.334081590028831));
#6049=CARTESIAN_POINT('Origin',(-0.0958401446854775,0.2,-0.334));
#6050=CARTESIAN_POINT('Origin',(-0.240523941267433,0.,-0.334599686711908));
#6051=CARTESIAN_POINT('',(-0.132270765794379,0.2,-0.397099686711908));
#6052=CARTESIAN_POINT('',(-0.132270765794379,0.,-0.397099686711908));
#6053=CARTESIAN_POINT('Origin',(-0.240523941267433,0.2,-0.334599686711908));
#6054=CARTESIAN_POINT('Origin',(-0.191680289370955,0.,-0.5));
#6055=CARTESIAN_POINT('',(-0.155249668262054,0.2,-0.436900313288092));
#6056=CARTESIAN_POINT('',(-0.155249668262054,0.,-0.436900313288092));
#6057=CARTESIAN_POINT('',(-0.0958401446854775,0.2,-0.334));
#6058=CARTESIAN_POINT('Origin',(-0.263502843735109,0.,-0.374400313288092));
#6059=CARTESIAN_POINT('',(-0.201452065474922,0.2,-0.48291160725008));
#6060=CARTESIAN_POINT('',(-0.201452065474922,0.,-0.48291160725008));
#6061=CARTESIAN_POINT('Origin',(-0.263502843735109,0.2,-0.374400313288092));
#6062=CARTESIAN_POINT('Origin',(-0.191680289370955,0.,-0.5));
#6063=CARTESIAN_POINT('',(-0.201452065474922,0.2,-0.517088392749919));
#6064=CARTESIAN_POINT('',(-0.201452065474922,0.,-0.517088392749919));
#6065=CARTESIAN_POINT('Origin',(-0.191680289370955,0.2,-0.5));
#6066=CARTESIAN_POINT('Origin',(-0.263502843735109,0.,-0.625599686711907));
#6067=CARTESIAN_POINT('',(-0.155249668262054,0.2,-0.563099686711907));
#6068=CARTESIAN_POINT('',(-0.155249668262054,0.,-0.563099686711907));
#6069=CARTESIAN_POINT('Origin',(-0.263502843735109,0.2,-0.625599686711907));
#6070=CARTESIAN_POINT('Origin',(-0.0958401446854776,0.,-0.665999999999999));
#6071=CARTESIAN_POINT('',(-0.132270765794379,0.2,-0.602900313288092));
#6072=CARTESIAN_POINT('',(-0.132270765794379,0.,-0.602900313288092));
#6073=CARTESIAN_POINT('',(-0.191680289370956,0.2,-0.5));
#6074=CARTESIAN_POINT('Origin',(-0.240523941267433,0.,-0.665400313288092));
#6075=CARTESIAN_POINT('',(-0.115525014968737,0.2,-0.665918409971168));
#6076=CARTESIAN_POINT('',(-0.115525014968737,0.,-0.665918409971168));
#6077=CARTESIAN_POINT('Origin',(-0.240523941267433,0.2,-0.665400313288092));
#6078=CARTESIAN_POINT('Origin',(-0.0958401446854776,0.,-0.665999999999999));
#6079=CARTESIAN_POINT('',(-0.0859270505061848,0.2,-0.683006802721088));
#6080=CARTESIAN_POINT('',(-0.0859270505061848,0.,-0.683006802721088));
#6081=CARTESIAN_POINT('Origin',(-0.0958401446854776,0.2,-0.665999999999999));
#6082=CARTESIAN_POINT('Origin',(-0.0229789024676756,0.,-0.791));
#6083=CARTESIAN_POINT('',(-0.0229789024676756,0.2,-0.665999999999999));
#6084=CARTESIAN_POINT('',(-0.0229789024676756,0.,-0.666));
#6085=CARTESIAN_POINT('Origin',(-0.0229789024676756,0.2,-0.791));
#6086=CARTESIAN_POINT('Origin',(0.095840144685478,0.,-0.666));
#6087=CARTESIAN_POINT('',(0.0229789024676757,0.2,-0.665999999999999));
#6088=CARTESIAN_POINT('',(0.0229789024676757,0.,-0.666));
#6089=CARTESIAN_POINT('',(-0.0958401446854776,0.2,-0.665999999999999));
#6090=CARTESIAN_POINT('Origin',(0.240523941267434,0.,-0.665400313288092));
#6091=CARTESIAN_POINT('',(0.132270765794379,0.2,-0.602900313288092));
#6092=CARTESIAN_POINT('',(0.132270765794379,0.,-0.602900313288092));
#6093=CARTESIAN_POINT('',(0.115525014968737,0.2,-0.665918409971169));
#6094=CARTESIAN_POINT('Origin',(0.240523941267434,0.2,-0.665400313288092));
#6095=CARTESIAN_POINT('',(0.115525014968737,0.,-0.665918409971169));
#6096=CARTESIAN_POINT('Origin',(0.095840144685478,0.,-0.666));
#6097=CARTESIAN_POINT('',(0.0859270505061852,0.2,-0.683006802721088));
#6098=CARTESIAN_POINT('Origin',(0.095840144685478,0.2,-0.666));
#6099=CARTESIAN_POINT('',(0.0859270505061852,0.,-0.683006802721088));
#6100=CARTESIAN_POINT('Origin',(0.0229789024676757,0.,-0.790999999999999));
#6101=CARTESIAN_POINT('Origin',(0.0229789024676757,0.2,-0.790999999999999));
#6102=CARTESIAN_POINT('Origin',(0.625599686711908,0.,0.26350284373511));
#6103=CARTESIAN_POINT('',(0.517088392749919,0.2,0.201452065474922));
#6104=CARTESIAN_POINT('',(0.517088392749919,0.,0.201452065474922));
#6105=CARTESIAN_POINT('',(0.563099686711908,0.2,0.155249668262055));
#6106=CARTESIAN_POINT('Origin',(0.625599686711908,0.2,0.26350284373511));
#6107=CARTESIAN_POINT('',(0.563099686711908,0.,0.155249668262055));
#6108=CARTESIAN_POINT('Origin',(0.5,0.,0.191680289370956));
#6109=CARTESIAN_POINT('',(0.48291160725008,0.2,0.201452065474922));
#6110=CARTESIAN_POINT('',(0.48291160725008,0.,0.201452065474922));
#6111=CARTESIAN_POINT('Origin',(0.5,0.2,0.191680289370956));
#6112=CARTESIAN_POINT('Origin',(0.374400313288092,0.,0.26350284373511));
#6113=CARTESIAN_POINT('',(0.436900313288092,0.2,0.155249668262055));
#6114=CARTESIAN_POINT('',(0.436900313288092,0.,0.155249668262055));
#6115=CARTESIAN_POINT('Origin',(0.374400313288092,0.2,0.26350284373511));
#6116=CARTESIAN_POINT('Origin',(0.334,0.,0.095840144685478));
#6117=CARTESIAN_POINT('',(0.397099686711908,0.2,0.132270765794379));
#6118=CARTESIAN_POINT('',(0.397099686711908,0.,0.132270765794379));
#6119=CARTESIAN_POINT('',(0.5,0.2,0.191680289370956));
#6120=CARTESIAN_POINT('Origin',(0.334599686711908,0.,0.240523941267434));
#6121=CARTESIAN_POINT('',(0.334081590028831,0.2,0.115525014968737));
#6122=CARTESIAN_POINT('',(0.334081590028831,0.,0.115525014968737));
#6123=CARTESIAN_POINT('Origin',(0.334599686711908,0.2,0.240523941267434));
#6124=CARTESIAN_POINT('Origin',(0.334,0.,0.095840144685478));
#6125=CARTESIAN_POINT('',(0.316993197278912,0.2,0.0859270505061853));
#6126=CARTESIAN_POINT('',(0.316993197278912,0.,0.0859270505061853));
#6127=CARTESIAN_POINT('Origin',(0.334,0.2,0.095840144685478));
#6128=CARTESIAN_POINT('Origin',(0.209,0.,0.0229789024676762));
#6129=CARTESIAN_POINT('',(0.334,0.2,0.0229789024676762));
#6130=CARTESIAN_POINT('',(0.334,0.,0.0229789024676762));
#6131=CARTESIAN_POINT('Origin',(0.209,0.2,0.0229789024676762));
#6132=CARTESIAN_POINT('Origin',(0.334,0.,-0.0958401446854776));
#6133=CARTESIAN_POINT('',(0.334,0.2,-0.0229789024676753));
#6134=CARTESIAN_POINT('',(0.334,0.,-0.0229789024676753));
#6135=CARTESIAN_POINT('',(0.334,0.2,0.095840144685478));
#6136=CARTESIAN_POINT('Origin',(0.209,0.,-0.0229789024676753));
#6137=CARTESIAN_POINT('',(0.316993197278911,0.2,-0.0859270505061847));
#6138=CARTESIAN_POINT('',(0.316993197278911,0.,-0.0859270505061847));
#6139=CARTESIAN_POINT('Origin',(0.209,0.2,-0.0229789024676753));
#6140=CARTESIAN_POINT('Origin',(0.334,0.,-0.0958401446854775));
#6141=CARTESIAN_POINT('',(0.334081590028831,0.2,-0.115525014968737));
#6142=CARTESIAN_POINT('',(0.334081590028831,0.,-0.115525014968737));
#6143=CARTESIAN_POINT('Origin',(0.334,0.2,-0.0958401446854775));
#6144=CARTESIAN_POINT('Origin',(0.334599686711907,0.,-0.240523941267433));
#6145=CARTESIAN_POINT('',(0.397099686711908,0.2,-0.132270765794379));
#6146=CARTESIAN_POINT('',(0.397099686711908,0.,-0.132270765794379));
#6147=CARTESIAN_POINT('Origin',(0.334599686711907,0.2,-0.240523941267433));
#6148=CARTESIAN_POINT('Origin',(0.5,0.,-0.191680289370956));
#6149=CARTESIAN_POINT('',(0.436900313288092,0.2,-0.155249668262054));
#6150=CARTESIAN_POINT('',(0.436900313288092,0.,-0.155249668262054));
#6151=CARTESIAN_POINT('',(0.334,0.2,-0.0958401446854776));
#6152=CARTESIAN_POINT('Origin',(0.374400313288092,0.,-0.263502843735109));
#6153=CARTESIAN_POINT('',(0.48291160725008,0.2,-0.201452065474922));
#6154=CARTESIAN_POINT('',(0.48291160725008,0.,-0.201452065474922));
#6155=CARTESIAN_POINT('Origin',(0.374400313288092,0.2,-0.263502843735109));
#6156=CARTESIAN_POINT('Origin',(0.5,0.,-0.191680289370956));
#6157=CARTESIAN_POINT('',(0.517088392749919,0.2,-0.201452065474922));
#6158=CARTESIAN_POINT('',(0.517088392749919,0.,-0.201452065474922));
#6159=CARTESIAN_POINT('Origin',(0.5,0.2,-0.191680289370956));
#6160=CARTESIAN_POINT('Origin',(0.625599686711907,0.,-0.263502843735109));
#6161=CARTESIAN_POINT('',(0.563099686711907,0.2,-0.155249668262055));
#6162=CARTESIAN_POINT('',(0.563099686711907,0.,-0.155249668262054));
#6163=CARTESIAN_POINT('Origin',(0.625599686711907,0.2,-0.263502843735109));
#6164=CARTESIAN_POINT('Origin',(0.665999999999999,0.,-0.0958401446854777));
#6165=CARTESIAN_POINT('',(0.602900313288092,0.2,-0.132270765794379));
#6166=CARTESIAN_POINT('',(0.602900313288092,0.,-0.132270765794379));
#6167=CARTESIAN_POINT('',(0.5,0.2,-0.191680289370956));
#6168=CARTESIAN_POINT('Origin',(0.665400313288092,0.,-0.240523941267434));
#6169=CARTESIAN_POINT('',(0.665918409971168,0.2,-0.115525014968737));
#6170=CARTESIAN_POINT('',(0.665918409971168,0.,-0.115525014968737));
#6171=CARTESIAN_POINT('Origin',(0.665400313288092,0.2,-0.240523941267434));
#6172=CARTESIAN_POINT('Origin',(0.665999999999999,0.,-0.0958401446854776));
#6173=CARTESIAN_POINT('',(0.683006802721088,0.2,-0.0859270505061849));
#6174=CARTESIAN_POINT('',(0.683006802721088,0.,-0.0859270505061849));
#6175=CARTESIAN_POINT('Origin',(0.665999999999999,0.2,-0.0958401446854776));
#6176=CARTESIAN_POINT('Origin',(0.791,0.,-0.0229789024676757));
#6177=CARTESIAN_POINT('',(0.665999999999999,0.2,-0.0229789024676756));
#6178=CARTESIAN_POINT('',(0.666,0.,-0.0229789024676756));
#6179=CARTESIAN_POINT('Origin',(0.791,0.2,-0.0229789024676757));
#6180=CARTESIAN_POINT('Origin',(0.666,0.,0.095840144685478));
#6181=CARTESIAN_POINT('',(0.665999999999999,0.2,0.0229789024676758));
#6182=CARTESIAN_POINT('',(0.666,0.,0.0229789024676758));
#6183=CARTESIAN_POINT('',(0.665999999999999,0.2,-0.0958401446854777));
#6184=CARTESIAN_POINT('Origin',(0.665400313288092,0.,0.240523941267434));
#6185=CARTESIAN_POINT('',(0.602900313288092,0.2,0.132270765794379));
#6186=CARTESIAN_POINT('',(0.602900313288092,0.,0.132270765794379));
#6187=CARTESIAN_POINT('',(0.665918409971169,0.2,0.115525014968737));
#6188=CARTESIAN_POINT('Origin',(0.665400313288092,0.2,0.240523941267434));
#6189=CARTESIAN_POINT('',(0.665918409971169,0.,0.115525014968737));
#6190=CARTESIAN_POINT('Origin',(0.666,0.,0.095840144685478));
#6191=CARTESIAN_POINT('',(0.683006802721088,0.2,0.0859270505061852));
#6192=CARTESIAN_POINT('Origin',(0.666,0.2,0.095840144685478));
#6193=CARTESIAN_POINT('',(0.683006802721088,0.,0.0859270505061852));
#6194=CARTESIAN_POINT('Origin',(0.791,0.,0.0229789024676758));
#6195=CARTESIAN_POINT('Origin',(0.791,0.2,0.0229789024676758));
#6196=CARTESIAN_POINT('Origin',(-0.5,0.,-0.191680289370956));
#6197=CARTESIAN_POINT('',(-0.666,0.2,-0.095840144685478));
#6198=CARTESIAN_POINT('Origin',(-0.5,0.2,-1.68340253758651E-16));
#6199=CARTESIAN_POINT('',(-0.5,0.2,0.0859999999999998));
#6200=CARTESIAN_POINT('Origin',(-0.5,0.2,-3.06161699786838E-17));
#6201=CARTESIAN_POINT('Origin',(0.191680289370956,0.,-0.5));
#6202=CARTESIAN_POINT('',(0.095840144685478,0.2,-0.666));
#6203=CARTESIAN_POINT('Origin',(1.37724083779967E-16,0.2,-0.5));
#6204=CARTESIAN_POINT('',(-0.0859999999999998,0.2,-0.5));
#6205=CARTESIAN_POINT('Origin',(0.,0.2,-0.5));
#6206=CARTESIAN_POINT('Origin',(0.5,0.,0.191680289370956));
#6207=CARTESIAN_POINT('',(0.666,0.2,0.0958401446854779));
#6208=CARTESIAN_POINT('Origin',(0.5,0.2,1.07107913801283E-16));
#6209=CARTESIAN_POINT('',(0.5,0.2,-0.0859999999999999));
#6210=CARTESIAN_POINT('Origin',(0.5,0.2,9.18485099360515E-17));
#6211=CARTESIAN_POINT('Origin',(-0.26350284373511,0.,0.625599686711908));
#6212=CARTESIAN_POINT('',(-0.201452065474922,0.2,0.517088392749919));
#6213=CARTESIAN_POINT('',(-0.201452065474922,0.,0.517088392749919));
#6214=CARTESIAN_POINT('',(-0.155249668262055,0.2,0.563099686711908));
#6215=CARTESIAN_POINT('Origin',(-0.26350284373511,0.2,0.625599686711908));
#6216=CARTESIAN_POINT('',(-0.155249668262055,0.,0.563099686711908));
#6217=CARTESIAN_POINT('Origin',(-0.191680289370956,0.,0.5));
#6218=CARTESIAN_POINT('',(-0.201452065474922,0.2,0.48291160725008));
#6219=CARTESIAN_POINT('',(-0.201452065474922,0.,0.48291160725008));
#6220=CARTESIAN_POINT('Origin',(-0.191680289370956,0.2,0.5));
#6221=CARTESIAN_POINT('Origin',(-0.26350284373511,0.,0.374400313288092));
#6222=CARTESIAN_POINT('',(-0.155249668262055,0.2,0.436900313288092));
#6223=CARTESIAN_POINT('',(-0.155249668262055,0.,0.436900313288092));
#6224=CARTESIAN_POINT('Origin',(-0.26350284373511,0.2,0.374400313288092));
#6225=CARTESIAN_POINT('Origin',(-0.095840144685478,0.,0.334));
#6226=CARTESIAN_POINT('',(-0.132270765794379,0.2,0.397099686711908));
#6227=CARTESIAN_POINT('',(-0.132270765794379,0.,0.397099686711908));
#6228=CARTESIAN_POINT('',(-0.191680289370956,0.2,0.5));
#6229=CARTESIAN_POINT('Origin',(-0.240523941267434,0.,0.334599686711908));
#6230=CARTESIAN_POINT('',(-0.115525014968737,0.2,0.334081590028831));
#6231=CARTESIAN_POINT('',(-0.115525014968737,0.,0.334081590028831));
#6232=CARTESIAN_POINT('Origin',(-0.240523941267434,0.2,0.334599686711908));
#6233=CARTESIAN_POINT('Origin',(-0.095840144685478,0.,0.334));
#6234=CARTESIAN_POINT('',(-0.0859270505061852,0.2,0.316993197278912));
#6235=CARTESIAN_POINT('',(-0.0859270505061853,0.,0.316993197278912));
#6236=CARTESIAN_POINT('Origin',(-0.095840144685478,0.2,0.334));
#6237=CARTESIAN_POINT('Origin',(-0.0229789024676762,0.,0.209));
#6238=CARTESIAN_POINT('',(-0.0229789024676762,0.2,0.334));
#6239=CARTESIAN_POINT('',(-0.0229789024676762,0.,0.334));
#6240=CARTESIAN_POINT('Origin',(-0.0229789024676762,0.2,0.209));
#6241=CARTESIAN_POINT('Origin',(0.0958401446854776,0.,0.334));
#6242=CARTESIAN_POINT('',(0.0229789024676754,0.2,0.334));
#6243=CARTESIAN_POINT('',(0.0229789024676754,0.,0.334));
#6244=CARTESIAN_POINT('',(-0.095840144685478,0.2,0.334));
#6245=CARTESIAN_POINT('Origin',(0.0229789024676753,0.,0.209));
#6246=CARTESIAN_POINT('',(0.0859270505061848,0.2,0.316993197278911));
#6247=CARTESIAN_POINT('',(0.0859270505061847,0.,0.316993197278911));
#6248=CARTESIAN_POINT('Origin',(0.0229789024676753,0.2,0.209));
#6249=CARTESIAN_POINT('Origin',(0.0958401446854776,0.,0.334));
#6250=CARTESIAN_POINT('',(0.115525014968737,0.2,0.334081590028831));
#6251=CARTESIAN_POINT('',(0.115525014968737,0.,0.334081590028831));
#6252=CARTESIAN_POINT('Origin',(0.0958401446854776,0.2,0.334));
#6253=CARTESIAN_POINT('Origin',(0.240523941267433,0.,0.334599686711907));
#6254=CARTESIAN_POINT('',(0.132270765794379,0.2,0.397099686711908));
#6255=CARTESIAN_POINT('',(0.132270765794379,0.,0.397099686711908));
#6256=CARTESIAN_POINT('Origin',(0.240523941267433,0.2,0.334599686711907));
#6257=CARTESIAN_POINT('Origin',(0.191680289370956,0.,0.5));
#6258=CARTESIAN_POINT('',(0.155249668262054,0.2,0.436900313288092));
#6259=CARTESIAN_POINT('',(0.155249668262054,0.,0.436900313288092));
#6260=CARTESIAN_POINT('',(0.0958401446854776,0.2,0.334));
#6261=CARTESIAN_POINT('Origin',(0.263502843735109,0.,0.374400313288092));
#6262=CARTESIAN_POINT('',(0.201452065474922,0.2,0.48291160725008));
#6263=CARTESIAN_POINT('',(0.201452065474922,0.,0.48291160725008));
#6264=CARTESIAN_POINT('Origin',(0.263502843735109,0.2,0.374400313288092));
#6265=CARTESIAN_POINT('Origin',(0.191680289370956,0.,0.5));
#6266=CARTESIAN_POINT('',(0.201452065474922,0.2,0.517088392749919));
#6267=CARTESIAN_POINT('',(0.201452065474922,0.,0.517088392749919));
#6268=CARTESIAN_POINT('Origin',(0.191680289370956,0.2,0.5));
#6269=CARTESIAN_POINT('Origin',(0.263502843735109,0.,0.625599686711907));
#6270=CARTESIAN_POINT('',(0.155249668262055,0.2,0.563099686711907));
#6271=CARTESIAN_POINT('',(0.155249668262055,0.,0.563099686711907));
#6272=CARTESIAN_POINT('Origin',(0.263502843735109,0.2,0.625599686711907));
#6273=CARTESIAN_POINT('Origin',(0.0958401446854777,0.,0.665999999999999));
#6274=CARTESIAN_POINT('',(0.132270765794379,0.2,0.602900313288092));
#6275=CARTESIAN_POINT('',(0.132270765794379,0.,0.602900313288092));
#6276=CARTESIAN_POINT('',(0.191680289370956,0.2,0.5));
#6277=CARTESIAN_POINT('Origin',(0.240523941267434,0.,0.665400313288092));
#6278=CARTESIAN_POINT('',(0.115525014968737,0.2,0.665918409971168));
#6279=CARTESIAN_POINT('',(0.115525014968737,0.,0.665918409971168));
#6280=CARTESIAN_POINT('Origin',(0.240523941267434,0.2,0.665400313288092));
#6281=CARTESIAN_POINT('Origin',(0.0958401446854777,0.,0.665999999999999));
#6282=CARTESIAN_POINT('',(0.0859270505061849,0.2,0.683006802721088));
#6283=CARTESIAN_POINT('',(0.0859270505061849,0.,0.683006802721088));
#6284=CARTESIAN_POINT('Origin',(0.0958401446854777,0.2,0.665999999999999));
#6285=CARTESIAN_POINT('Origin',(0.0229789024676758,0.,0.791));
#6286=CARTESIAN_POINT('',(0.0229789024676757,0.2,0.665999999999999));
#6287=CARTESIAN_POINT('',(0.0229789024676757,0.,0.666));
#6288=CARTESIAN_POINT('Origin',(0.0229789024676758,0.2,0.791));
#6289=CARTESIAN_POINT('Origin',(-0.0958401446854779,0.,0.666));
#6290=CARTESIAN_POINT('',(-0.0229789024676757,0.2,0.666));
#6291=CARTESIAN_POINT('',(-0.0229789024676757,0.,0.666));
#6292=CARTESIAN_POINT('',(0.0958401446854777,0.2,0.665999999999999));
#6293=CARTESIAN_POINT('Origin',(-0.240523941267434,0.,0.665400313288092));
#6294=CARTESIAN_POINT('',(-0.132270765794379,0.2,0.602900313288092));
#6295=CARTESIAN_POINT('',(-0.132270765794379,0.,0.602900313288092));
#6296=CARTESIAN_POINT('',(-0.115525014968737,0.2,0.665918409971169));
#6297=CARTESIAN_POINT('Origin',(-0.240523941267434,0.2,0.665400313288092));
#6298=CARTESIAN_POINT('',(-0.115525014968737,0.,0.665918409971169));
#6299=CARTESIAN_POINT('Origin',(-0.095840144685478,0.,0.666));
#6300=CARTESIAN_POINT('',(-0.0859270505061851,0.2,0.683006802721088));
#6301=CARTESIAN_POINT('Origin',(-0.095840144685478,0.2,0.666));
#6302=CARTESIAN_POINT('',(-0.0859270505061851,0.,0.683006802721088));
#6303=CARTESIAN_POINT('Origin',(-0.0229789024676757,0.,0.791));
#6304=CARTESIAN_POINT('Origin',(-0.0229789024676757,0.2,0.791));
#6305=CARTESIAN_POINT('Origin',(-7.64917438225994E-17,0.2,0.5));
#6306=CARTESIAN_POINT('',(-0.0958401446854779,0.2,0.666));
#6307=CARTESIAN_POINT('',(0.0859999999999999,0.2,0.5));
#6308=CARTESIAN_POINT('Origin',(-6.12323399573677E-17,0.2,0.5));
#6309=CARTESIAN_POINT('Origin',(-0.191680289370956,0.,0.5));
#6310=CARTESIAN_POINT('Origin',(0.201938703437548,0.289370078740157,1.23418403510908));
#6311=CARTESIAN_POINT('',(0.212810275966955,0.210629921259842,1.21318467425825));
#6312=CARTESIAN_POINT('',(0.19106713090814,0.210629921259842,1.2551833959599));
#6313=CARTESIAN_POINT('',(0.432543590370877,0.210629921259842,0.788751212803223));
#6314=CARTESIAN_POINT('',(0.19106713090814,0.2,1.2551833959599));
#6315=CARTESIAN_POINT('',(0.19106713090814,0.289370078740157,1.2551833959599));
#6316=CARTESIAN_POINT('',(0.212810275966955,0.162065800315611,1.21318467425825));
#6317=CARTESIAN_POINT('Ctrl Pts',(0.19106713090814,0.2,1.2551833959599));
#6318=CARTESIAN_POINT('Ctrl Pts',(0.202103576118518,0.180585810323033,1.23386556959613));
#6319=CARTESIAN_POINT('Ctrl Pts',(0.212810275966955,0.162065800315611,1.21318467425825));
#6320=CARTESIAN_POINT('',(0.212810275966955,0.289370078740157,1.21318467425825));
#6321=CARTESIAN_POINT('Origin',(0.,0.289370078740157,0.));
#6322=CARTESIAN_POINT('',(-0.189158037584591,0.210629921259842,1.25547251774941));
#6323=CARTESIAN_POINT('Origin',(0.,0.210629921259842,0.));
#6324=CARTESIAN_POINT('',(-0.189158037584591,0.2,1.25547251774941));
#6325=CARTESIAN_POINT('',(-0.189158037584591,0.289370078740157,1.25547251774941));
#6326=CARTESIAN_POINT('Origin',(0.,0.2,0.));
#6327=CARTESIAN_POINT('Origin',(-0.20003455115369,0.289370078740157,1.23450268317828));
#6328=CARTESIAN_POINT('',(-0.210911064722788,0.210629921259842,1.21353284860714));
#6329=CARTESIAN_POINT('',(-0.43111424089806,0.210629921259842,0.788982817285197));
#6330=CARTESIAN_POINT('',(-0.210911064722788,0.162082112698031,1.21353284860714));
#6331=CARTESIAN_POINT('',(-0.210911064722788,0.289370078740157,1.21353284860714));
#6332=CARTESIAN_POINT('Ctrl Pts',(-0.210911064722788,0.162082112698031,
1.21353284860714));
#6333=CARTESIAN_POINT('Ctrl Pts',(-0.200199426762282,0.180594874323919,
1.23418480427204));
#6334=CARTESIAN_POINT('Ctrl Pts',(-0.189158037584591,0.2,1.25547251774941));
#6335=CARTESIAN_POINT('Origin',(-0.0498171823629993,0.289370078740157,0.879017955030129));
#6336=CARTESIAN_POINT('',(-0.093205556274755,0.210629921259842,0.969114841820371));
#6337=CARTESIAN_POINT('',(0.126682964661889,0.210629921259842,0.512511623234785));
#6338=CARTESIAN_POINT('',(-0.093205556274755,0.0430550643969749,0.969114841820371));
#6339=CARTESIAN_POINT('',(-0.093205556274755,0.289370078740157,0.969114841820371));
#6340=CARTESIAN_POINT('',(-0.20158576055849,0.141421356237309,1.19416865498043));
#6341=CARTESIAN_POINT('Ctrl Pts',(-0.201585760558491,0.141421356237311,
1.19416865498043));
#6342=CARTESIAN_POINT('Ctrl Pts',(-0.141505052053276,0.0863230632266818,
1.06940977824812));
#6343=CARTESIAN_POINT('Ctrl Pts',(-0.0932055562749707,0.0430550643971683,
0.969114841820819));
#6344=CARTESIAN_POINT('Ctrl Pts',(-0.210911064722788,0.162082112698031,
1.21353284860714));
#6345=CARTESIAN_POINT('Ctrl Pts',(-0.206208976593384,0.151657184057404,
1.20376886199786));
#6346=CARTESIAN_POINT('Ctrl Pts',(-0.20158576055849,0.141421356237309,1.19416865498043));
#6347=CARTESIAN_POINT('Origin',(-0.183302443064997,0.289370078740157,0.925726467908615));
#6348=CARTESIAN_POINT('',(-0.139914069153241,0.210629921259842,0.835629581118373));
#6349=CARTESIAN_POINT('Origin',(-0.183302443064997,0.210629921259842,0.925726467908615));
#6350=CARTESIAN_POINT('',(-0.139914069153241,0.0393700787401575,0.835629581118373));
#6351=CARTESIAN_POINT('',(-0.139914069153241,0.289370078740157,0.835629581118373));
#6352=CARTESIAN_POINT('',(-0.0895523257030146,0.0393700787389789,0.960524678992154));
#6353=CARTESIAN_POINT('Origin',(-0.183302443064997,0.0393700787401575,0.925726467908615));
#6354=CARTESIAN_POINT('Ctrl Pts',(-0.089552325703156,0.0393700787379628,
0.960524678992535));
#6355=CARTESIAN_POINT('Ctrl Pts',(-0.0906304477143694,0.0406094540155677,
0.96342925546165));
#6356=CARTESIAN_POINT('Ctrl Pts',(-0.0918498145956118,0.0418405542154288,
0.966299615215405));
#6357=CARTESIAN_POINT('Ctrl Pts',(-0.0932055562747551,0.0430550643969748,
0.969114841820371));
#6358=CARTESIAN_POINT('Origin',(-0.654505623859642,0.289370078740157,0.587815349319065));
#6359=CARTESIAN_POINT('',(-0.5644087370694,0.210629921259842,0.631203723230821));
#6360=CARTESIAN_POINT('',(-0.503752958954709,0.210629921259842,0.660414006454877));
#6361=CARTESIAN_POINT('',(-0.5644087370694,0.0393700787401575,0.631203723230821));
#6362=CARTESIAN_POINT('',(-0.5644087370694,0.289370078740157,0.631203723230821));
#6363=CARTESIAN_POINT('',(-0.503752958954709,0.0393700787401575,0.660414006454877));
#6364=CARTESIAN_POINT('Origin',(-0.607797110981156,0.289370078740157,0.721300610021062));
#6365=CARTESIAN_POINT('',(-0.697893997771398,0.210629921259842,0.677912236109307));
#6366=CARTESIAN_POINT('Origin',(-0.607797110981156,0.210629921259842,0.721300610021062));
#6367=CARTESIAN_POINT('',(-0.697893997771398,0.0427891079252673,0.677912236109307));
#6368=CARTESIAN_POINT('',(-0.697893997771398,0.289370078740157,0.677912236109307));
#6369=CARTESIAN_POINT('',(-0.693799676468515,0.0393700787391405,0.670275530603266));
#6370=CARTESIAN_POINT('Ctrl Pts',(-0.697893997771398,0.0427891079252674,
0.677912236109307));
#6371=CARTESIAN_POINT('Ctrl Pts',(-0.696635938205938,0.0416613602873741,
0.675299848503468));
#6372=CARTESIAN_POINT('Ctrl Pts',(-0.695267641911313,0.0405194731225264,
0.672749780434308));
#6373=CARTESIAN_POINT('Ctrl Pts',(-0.693799676468694,0.0393700787382636,
0.670275530603567));
#6374=CARTESIAN_POINT('Origin',(-0.607797110981156,0.0393700787401575,0.721300610021062));
#6375=CARTESIAN_POINT('Origin',(-0.832902972559816,0.289370078740157,0.958261260986754));
#6376=CARTESIAN_POINT('',(-0.815820935586684,0.210629921259842,0.922790045715005));
#6377=CARTESIAN_POINT('',(-0.567204151184841,0.210629921259842,0.406531973357565));
#6378=CARTESIAN_POINT('',(-0.815820935586684,0.162065800315611,0.922790045715005));
#6379=CARTESIAN_POINT('',(-0.815820935586684,0.289370078740157,0.922790045715005));
#6380=CARTESIAN_POINT('',(-0.806507210444365,0.141421356237309,0.903449896175186));
#6381=CARTESIAN_POINT('Ctrl Pts',(-0.806507210444365,0.141421356237309,
0.903449896175186));
#6382=CARTESIAN_POINT('Ctrl Pts',(-0.81112471676997,0.151649261893285,0.913038246859112));
#6383=CARTESIAN_POINT('Ctrl Pts',(-0.815820935586684,0.162065800315611,
0.922790045715005));
#6384=CARTESIAN_POINT('Ctrl Pts',(-0.697893997771622,0.0427891079254689,
0.677912236109774));
#6385=CARTESIAN_POINT('Ctrl Pts',(-0.746279632355532,0.0861628770284146,
0.778386041609993));
#6386=CARTESIAN_POINT('Ctrl Pts',(-0.806507210444367,0.141421356237311,
0.903449896175189));
#6387=CARTESIAN_POINT('Origin',(-0.839017211613819,0.289370078740157,0.927383195383621));
#6388=CARTESIAN_POINT('',(-0.862213487640954,0.210629921259842,0.931976345052236));
#6389=CARTESIAN_POINT('',(-0.346984012548797,0.210629921259842,0.829954533878224));
#6390=CARTESIAN_POINT('',(-0.862213487640954,0.2,0.931976345052236));
#6391=CARTESIAN_POINT('',(-0.862213487640954,0.289370078740157,0.931976345052236));
#6392=CARTESIAN_POINT('Ctrl Pts',(-0.862213487640954,0.2,0.931976345052236));
#6393=CARTESIAN_POINT('Ctrl Pts',(-0.838665428814461,0.180585810322981,
0.927313538036622));
#6394=CARTESIAN_POINT('Ctrl Pts',(-0.815820935586684,0.162065800315611,
0.922790045715005));
#6395=CARTESIAN_POINT('Origin',(0.,0.289370078740157,0.));
#6396=CARTESIAN_POINT('',(-1.0995060471235,0.210629921259842,0.634884602385163));
#6397=CARTESIAN_POINT('Origin',(0.,0.210629921259842,0.));
#6398=CARTESIAN_POINT('',(-1.0995060471235,0.2,0.634884602385162));
#6399=CARTESIAN_POINT('',(-1.0995060471235,0.289370078740157,0.634884602385163));
#6400=CARTESIAN_POINT('Origin',(0.,0.2,0.));
#6401=CARTESIAN_POINT('Origin',(-1.08989256556375,0.289370078740157,0.613306523655582));
#6402=CARTESIAN_POINT('',(-1.080279084004,0.210629921259842,0.591728444926001));
#6403=CARTESIAN_POINT('',(-0.8856469383159,0.210629921259842,0.154864054344684));
#6404=CARTESIAN_POINT('',(-1.080279084004,0.162082112698032,0.591728444926001));
#6405=CARTESIAN_POINT('',(-1.080279084004,0.289370078740157,0.591728444926001));
#6406=CARTESIAN_POINT('Ctrl Pts',(-1.080279084004,0.162082112698032,0.591728444926001));
#6407=CARTESIAN_POINT('Ctrl Pts',(-1.08974683608776,0.18059487432389,0.612979424457797));
#6408=CARTESIAN_POINT('Ctrl Pts',(-1.0995060471235,0.2,0.634884602385162));
#6409=CARTESIAN_POINT('Origin',(-0.718304416057889,0.289370078740157,0.509110089072761));
#6410=CARTESIAN_POINT('',(-0.815797207276071,0.210629921259842,0.531362182468392));
#6411=CARTESIAN_POINT('',(-0.32171218563983,0.210629921259842,0.418590500486004));
#6412=CARTESIAN_POINT('',(-0.815797207276071,0.0430550643969746,0.531362182468392));
#6413=CARTESIAN_POINT('',(-0.815797207276071,0.289370078740157,0.531362182468392));
#6414=CARTESIAN_POINT('',(-1.05932531574835,0.141421356237309,0.586945884057768));
#6415=CARTESIAN_POINT('Ctrl Pts',(-1.05932531574836,0.141421356237311,0.586945884057768));
#6416=CARTESIAN_POINT('Ctrl Pts',(-0.924325189160123,0.086323063226633,
0.556132986122159));
#6417=CARTESIAN_POINT('Ctrl Pts',(-0.815797207276555,0.0430550643971679,
0.531362182468503));
#6418=CARTESIAN_POINT('Ctrl Pts',(-1.080279084004,0.162082112698032,0.591728444926001));
#6419=CARTESIAN_POINT('Ctrl Pts',(-1.06971358788245,0.151657184057506,0.589316939382563));
#6420=CARTESIAN_POINT('Ctrl Pts',(-1.05932531574835,0.141421356237309,0.586945884057768));
#6421=CARTESIAN_POINT('Origin',(-0.838049300671702,0.289370078740157,0.43386939125021));
#6422=CARTESIAN_POINT('',(-0.74055650945352,0.210629921259842,0.411617297854578));
#6423=CARTESIAN_POINT('Origin',(-0.838049300671702,0.210629921259842,0.43386939125021));
#6424=CARTESIAN_POINT('',(-0.74055650945352,0.0393700787401575,0.411617297854578));
#6425=CARTESIAN_POINT('',(-0.74055650945352,0.289370078740157,0.411617297854578));
#6426=CARTESIAN_POINT('',(-0.806803395532126,0.0393700787389789,0.528862514222394));
#6427=CARTESIAN_POINT('Origin',(-0.838049300671702,0.0393700787401575,0.43386939125021));
#6428=CARTESIAN_POINT('Ctrl Pts',(-0.806803395532512,0.0393700787379629,
0.528862514222521));
#6429=CARTESIAN_POINT('Ctrl Pts',(-0.809746482938453,0.0406094540155677,
0.529830578299425));
#6430=CARTESIAN_POINT('Ctrl Pts',(-0.812750883375126,0.0418405542154287,
0.530666878917123));
#6431=CARTESIAN_POINT('Ctrl Pts',(-0.815797207276071,0.0430550643969746,
0.531362182468392));
#6432=CARTESIAN_POINT('Origin',(-0.867650127711262,0.289370078740157,-0.14521622650938));
#6433=CARTESIAN_POINT('',(-0.845398034315631,0.210629921259842,-0.047723435291198));
#6434=CARTESIAN_POINT('',(-0.83041729427369,0.210629921259842,0.0179114753320665));
#6435=CARTESIAN_POINT('',(-0.845398034315631,0.0393700787401575,-0.047723435291198));
#6436=CARTESIAN_POINT('',(-0.845398034315631,0.289370078740157,-0.047723435291198));
#6437=CARTESIAN_POINT('',(-0.83041729427369,0.0393700787401575,0.0179114753320665));
#6438=CARTESIAN_POINT('Origin',(-0.942890825533813,0.289370078740157,-0.0254713418955666));
#6439=CARTESIAN_POINT('',(-0.965142918929445,0.210629921259842,-0.122964133113749));
#6440=CARTESIAN_POINT('Origin',(-0.942890825533813,0.210629921259842,-0.0254713418955666));
#6441=CARTESIAN_POINT('',(-0.965142918929445,0.0427891079252672,-0.122964133113749));
#6442=CARTESIAN_POINT('',(-0.965142918929445,0.289370078740157,-0.122964133113749));
#6443=CARTESIAN_POINT('',(-0.956619534564606,0.0393700787391405,-0.124524471822631));
#6444=CARTESIAN_POINT('Ctrl Pts',(-0.965142918929444,0.042789107925267,
-0.122964133113749));
#6445=CARTESIAN_POINT('Ctrl Pts',(-0.962316084745596,0.0416613602873738,
-0.123609339569395));
#6446=CARTESIAN_POINT('Ctrl Pts',(-0.95946924246107,0.0405194731225261,
-0.12412950388408));
#6447=CARTESIAN_POINT('Ctrl Pts',(-0.956619534564953,0.0393700787382635,
-0.124524471822583));
#6448=CARTESIAN_POINT('Origin',(-0.942890825533813,0.0393700787401575,-0.0254713418955666));
#6449=CARTESIAN_POINT('Origin',(-1.26850533159783,0.289370078740157,-0.0537236420469387));
#6450=CARTESIAN_POINT('',(-1.23012234292925,0.210629921259842,-0.0624843087381322));
#6451=CARTESIAN_POINT('',(-0.671485499236486,0.210629921259842,-0.189989522864916));
#6452=CARTESIAN_POINT('',(-1.23012234292925,0.162065800315611,-0.0624843087381323));
#6453=CARTESIAN_POINT('',(-1.23012234292925,0.289370078740157,-0.0624843087381322));
#6454=CARTESIAN_POINT('',(-1.20919459249983,0.141421356237309,-0.0672609312073134));
#6455=CARTESIAN_POINT('Ctrl Pts',(-1.20919459249983,0.141421356237309,-0.0672609312073133));
#6456=CARTESIAN_POINT('Ctrl Pts',(-1.21957003503297,0.151649261892764,-0.0648928041552132));
#6457=CARTESIAN_POINT('Ctrl Pts',(-1.23012234292925,0.162065800315611,-0.0624843087381323));
#6458=CARTESIAN_POINT('Ctrl Pts',(-0.96514291892995,0.0427891079254688,
-0.122964133113634));
#6459=CARTESIAN_POINT('Ctrl Pts',(-1.07386445295303,0.0861628770284567,
-0.0981491524471794));
#6460=CARTESIAN_POINT('Ctrl Pts',(-1.20919459249983,0.141421356237311,-0.0672609312073124));
#6461=CARTESIAN_POINT('Origin',(-1.24817605348788,0.289370078740157,-0.0777561056353717));
#6462=CARTESIAN_POINT('',(-1.26622976404651,0.210629921259842,-0.0930279025326112));
#6463=CARTESIAN_POINT('',(-0.865225576835272,0.210629921259842,0.24618516295576));
#6464=CARTESIAN_POINT('',(-1.26622976404651,0.2,-0.0930279025326112));
#6465=CARTESIAN_POINT('',(-1.26622976404651,0.289370078740157,-0.0930279025326112));
#6466=CARTESIAN_POINT('Ctrl Pts',(-1.26622976404651,0.2,-0.0930279025326113));
#6467=CARTESIAN_POINT('Ctrl Pts',(-1.24790226019315,0.180585810322986,-0.0775245014133255));
#6468=CARTESIAN_POINT('Ctrl Pts',(-1.23012234292925,0.162065800315611,-0.0624843087381323));
#6469=CARTESIAN_POINT('Origin',(0.,0.289370078740157,0.));
#6470=CARTESIAN_POINT('',(-1.18190357734243,0.210629921259842,-0.463784367860841));
#6471=CARTESIAN_POINT('Origin',(0.,0.210629921259842,0.));
#6472=CARTESIAN_POINT('',(-1.18190357734243,0.2,-0.463784367860841));
#6473=CARTESIAN_POINT('',(-1.18190357734243,0.289370078740157,-0.463784367860841));
#6474=CARTESIAN_POINT('Origin',(0.,0.2,0.));
#6475=CARTESIAN_POINT('Origin',(-1.1590392483476,0.289370078740157,-0.469721957352901));
#6476=CARTESIAN_POINT('',(-1.13617491935278,0.210629921259842,-0.475659546844961));
#6477=CARTESIAN_POINT('',(-0.67326942727669,0.210629921259842,-0.595870500168386));
#6478=CARTESIAN_POINT('',(-1.13617491935278,0.162082112698032,-0.475659546844961));
#6479=CARTESIAN_POINT('',(-1.13617491935278,0.289370078740157,-0.475659546844961));
#6480=CARTESIAN_POINT('Ctrl Pts',(-1.13617491935278,0.162082112698032,-0.475659546844961));
#6481=CARTESIAN_POINT('Ctrl Pts',(-1.15869265105479,0.180594874323899,-0.469811964474661));
#6482=CARTESIAN_POINT('Ctrl Pts',(-1.18190357734243,0.2,-0.463784367860841));
#6483=CARTESIAN_POINT('Origin',(-0.845893773721373,0.289370078740157,-0.244168057909614));
#6484=CARTESIAN_POINT('',(-0.924076921968176,0.210629921259842,-0.306517038095487));
#6485=CARTESIAN_POINT('',(-0.527851498422124,0.210629921259842,0.00946219318114846));
#6486=CARTESIAN_POINT('',(-0.924076921968176,0.0430550643969739,-0.306517038095487));
#6487=CARTESIAN_POINT('',(-0.924076921968176,0.289370078740157,-0.306517038095487));
#6488=CARTESIAN_POINT('',(-1.11937130188127,0.141421356237309,-0.462259109074473));
#6489=CARTESIAN_POINT('Ctrl Pts',(-1.11937130188128,0.141421356237311,-0.462259109074476));
#6490=CARTESIAN_POINT('Ctrl Pts',(-1.0111096060317,0.0863230632266132,-0.375923287599159));
#6491=CARTESIAN_POINT('Ctrl Pts',(-0.924076921968565,0.0430550643971672,
-0.306517038095797));
#6492=CARTESIAN_POINT('Ctrl Pts',(-1.13617491935278,0.162082112698032,-0.475659546844961));
#6493=CARTESIAN_POINT('Ctrl Pts',(-1.12770204931535,0.151657184057433,-0.46890265846265));
#6494=CARTESIAN_POINT('Ctrl Pts',(-1.11937130188127,0.141421356237309,-0.462259109074473));
#6495=CARTESIAN_POINT('Origin',(-0.861727941782303,0.289370078740157,-0.38470018634229));
#6496=CARTESIAN_POINT('',(-0.7835447935355,0.210629921259842,-0.322351206156417));
#6497=CARTESIAN_POINT('Origin',(-0.861727941782303,0.210629921259842,-0.38470018634229));
#6498=CARTESIAN_POINT('',(-0.7835447935355,0.0393700787401575,-0.322351206156417));
#6499=CARTESIAN_POINT('',(-0.7835447935355,0.289370078740157,-0.322351206156417));
#6500=CARTESIAN_POINT('',(-0.916515052735544,0.0393700787389789,-0.301043910586091));
#6501=CARTESIAN_POINT('Origin',(-0.861727941782303,0.0393700787401575,-0.38470018634229));
#6502=CARTESIAN_POINT('Ctrl Pts',(-0.916515052735883,0.0393700787379627,
-0.301043910586313));
#6503=CARTESIAN_POINT('Ctrl Pts',(-0.919106900691836,0.0406094540155675,
-0.302741330896438));
#6504=CARTESIAN_POINT('Ctrl Pts',(-0.921633959876525,0.0418405542154283,
-0.304568840837347));
#6505=CARTESIAN_POINT('Ctrl Pts',(-0.924076921968176,0.0430550643969742,
-0.306517038095487));
#6506=CARTESIAN_POINT('Origin',(-0.427436388559158,0.289370078740157,-0.768897021905078));
#6507=CARTESIAN_POINT('',(-0.489785368745031,0.210629921259842,-0.690713873658275));
#6508=CARTESIAN_POINT('',(-0.531760469578828,0.210629921259842,-0.638078762043301));
#6509=CARTESIAN_POINT('',(-0.489785368745031,0.0393700787401575,-0.690713873658275));
#6510=CARTESIAN_POINT('',(-0.489785368745031,0.289370078740157,-0.690713873658275));
#6511=CARTESIAN_POINT('',(-0.531760469578828,0.0393700787401575,-0.638078762043301));
#6512=CARTESIAN_POINT('Origin',(-0.567968516991834,0.289370078740157,-0.753062853844149));
#6513=CARTESIAN_POINT('',(-0.505619536805961,0.210629921259842,-0.831246002090951));
#6514=CARTESIAN_POINT('Origin',(-0.567968516991834,0.210629921259842,-0.753062853844149));
#6515=CARTESIAN_POINT('',(-0.505619536805961,0.0427891079252666,-0.831246002090951));
#6516=CARTESIAN_POINT('',(-0.505619536805961,0.289370078740157,-0.831246002090951));
#6517=CARTESIAN_POINT('',(-0.499085371651245,0.0393700787391405,-0.825555007129779));
#6518=CARTESIAN_POINT('Ctrl Pts',(-0.505619536805961,0.0427891079252667,
-0.831246002090951));
#6519=CARTESIAN_POINT('Ctrl Pts',(-0.50335259180107,0.0416613602873736,
-0.829438173775491));
#6520=CARTESIAN_POINT('Ctrl Pts',(-0.501170933831891,0.0405194731225261,
-0.827536739997324));
#6521=CARTESIAN_POINT('Ctrl Pts',(-0.499085371651499,0.0393700787382636,
-0.82555500713002));
#6522=CARTESIAN_POINT('Origin',(-0.567968516991834,0.0393700787401575,-0.753062853844149));
#6523=CARTESIAN_POINT('Origin',(-0.748897303149537,0.289370078740157,-1.0252535468567));
#6524=CARTESIAN_POINT('',(-0.718116536123236,0.210629921259842,-1.00070670426384));
#6525=CARTESIAN_POINT('',(-0.270124570555098,0.210629921259842,-0.643445033290129));
#6526=CARTESIAN_POINT('',(-0.718116536123236,0.16206580031561,-1.00070670426384));
#6527=CARTESIAN_POINT('',(-0.718116536123236,0.289370078740157,-1.00070670426384));
#6528=CARTESIAN_POINT('',(-0.701333783328377,0.141421356237309,-0.987322905517749));
#6529=CARTESIAN_POINT('Ctrl Pts',(-0.701333783328377,0.141421356237309,
-0.987322905517749));
#6530=CARTESIAN_POINT('Ctrl Pts',(-0.709654242221434,0.151649261892831,
-0.993958250068252));
#6531=CARTESIAN_POINT('Ctrl Pts',(-0.718116536123236,0.16206580031561,-1.00070670426384));
#6532=CARTESIAN_POINT('Ctrl Pts',(-0.505619536806366,0.0427891079254683,
-0.831246002091275));
#6533=CARTESIAN_POINT('Ctrl Pts',(-0.592807437633998,0.0861628770284242,
-0.900776032833829));
#6534=CARTESIAN_POINT('Ctrl Pts',(-0.701333783328382,0.141421356237311,
-0.987322905517753));
#6535=CARTESIAN_POINT('Origin',(-0.717432868934132,0.289370078740157,-1.02434347317543));
#6536=CARTESIAN_POINT('',(-0.716749201745028,0.210629921259842,-1.04798024208702));
#6537=CARTESIAN_POINT('',(-0.731934634379468,0.210629921259842,-0.52296665693453));
#6538=CARTESIAN_POINT('',(-0.716749201745028,0.2,-1.04798024208702));
#6539=CARTESIAN_POINT('',(-0.716749201745028,0.289370078740157,-1.04798024208702));
#6540=CARTESIAN_POINT('Ctrl Pts',(-0.716749201745028,0.2,-1.04798024208702));
#6541=CARTESIAN_POINT('Ctrl Pts',(-0.717443237079316,0.180585810323006,
-1.02398501008743));
#6542=CARTESIAN_POINT('Ctrl Pts',(-0.718116536123236,0.16206580031561,-1.00070670426384));
#6543=CARTESIAN_POINT('Origin',(0.,0.289370078740157,0.));
#6544=CARTESIAN_POINT('',(-0.374303607383218,0.210629921259842,-1.21321424963063));
#6545=CARTESIAN_POINT('Origin',(0.,0.210629921259842,0.));
#6546=CARTESIAN_POINT('',(-0.374303607383217,0.2,-1.21321424963063));
#6547=CARTESIAN_POINT('',(-0.374303607383218,0.289370078740157,-1.21321424963063));
#6548=CARTESIAN_POINT('Origin',(0.,0.2,0.));
#6549=CARTESIAN_POINT('Origin',(-0.35540573703374,0.289370078740157,-1.19904022389289));
#6550=CARTESIAN_POINT('',(-0.336507866684262,0.210629921259842,-1.18486619815516));
#6551=CARTESIAN_POINT('',(0.0460936946953294,0.210629921259842,-0.897902414511587));
#6552=CARTESIAN_POINT('',(-0.336507866684262,0.162082112698033,-1.18486619815516));
#6553=CARTESIAN_POINT('',(-0.336507866684262,0.289370078740157,-1.18486619815516));
#6554=CARTESIAN_POINT('Ctrl Pts',(-0.336507866684262,0.162082112698033,
-1.18486619815516));
#6555=CARTESIAN_POINT('Ctrl Pts',(-0.355119266754879,0.180594874323902,
-1.19882536174015));
#6556=CARTESIAN_POINT('Ctrl Pts',(-0.374303607383218,0.2,-1.21321424963063));
#6557=CARTESIAN_POINT('Origin',(0.5,0.289370078740157,9.18485099360515E-17));
#6558=CARTESIAN_POINT('',(0.5,0.210629921259842,-0.0859999999999999));
#6559=CARTESIAN_POINT('Origin',(0.5,0.210629921259842,9.18485099360515E-17));
#6560=CARTESIAN_POINT('',(0.5,0.289370078740157,-0.0859999999999999));
#6561=CARTESIAN_POINT('Origin',(-6.12323399573677E-17,0.289370078740157,
0.5));
#6562=CARTESIAN_POINT('',(0.0859999999999999,0.210629921259842,0.5));
#6563=CARTESIAN_POINT('Origin',(-6.12323399573677E-17,0.210629921259842,
0.5));
#6564=CARTESIAN_POINT('',(0.0859999999999999,0.289370078740157,0.5));
#6565=CARTESIAN_POINT('Origin',(-0.5,0.289370078740157,-3.06161699786838E-17));
#6566=CARTESIAN_POINT('',(-0.5,0.210629921259842,0.086));
#6567=CARTESIAN_POINT('Origin',(-0.5,0.210629921259842,-3.06161699786838E-17));
#6568=CARTESIAN_POINT('',(-0.5,0.289370078740157,0.086));
#6569=CARTESIAN_POINT('Origin',(0.,0.289370078740157,-0.5));
#6570=CARTESIAN_POINT('',(-0.086,0.210629921259842,-0.5));
#6571=CARTESIAN_POINT('Origin',(0.,0.210629921259842,-0.5));
#6572=CARTESIAN_POINT('',(-0.086,0.289370078740157,-0.5));
#6573=CARTESIAN_POINT('Origin',(0.471079874626554,0.210629921259842,0.978207439156652));
#6574=CARTESIAN_POINT('',(0.0948833381516681,0.210629921259842,0.968306864652555));
#6575=CARTESIAN_POINT('',(-0.0358065084348889,0.210629921259842,0.696926601900813));
#6576=CARTESIAN_POINT('',(0.141591851030154,0.210629921259842,0.834821603950557));
#6577=CARTESIAN_POINT('Origin',(0.18498022494191,0.210629921259842,0.924918490740799));
#6578=CARTESIAN_POINT('',(0.566086518946313,0.210629921259842,0.630395746063004));
#6579=CARTESIAN_POINT('',(0.202247629144845,0.210629921259842,0.805611320726501));
#6580=CARTESIAN_POINT('',(0.699571779648311,0.210629921259842,0.67710425894149));
#6581=CARTESIAN_POINT('Origin',(0.609474892858069,0.210629921259842,0.720492632853246));
#6582=CARTESIAN_POINT('',(0.817277288096345,0.210629921259842,0.921522265728257));
#6583=CARTESIAN_POINT('',(0.479683258711667,0.210629921259842,0.220501040355904));
#6584=CARTESIAN_POINT('',(0.86362983237629,0.210629921259842,0.93066402027617));
#6585=CARTESIAN_POINT('',(0.34805627304388,0.210629921259842,0.828981426493504));
#6586=CARTESIAN_POINT('',(1.10047030282422,0.210629921259842,0.633211748634587));
#6587=CARTESIAN_POINT('Origin',(0.,0.210629921259842,0.));
#6588=CARTESIAN_POINT('',(1.08119100917896,0.210629921259842,0.590026498627655));
#6589=CARTESIAN_POINT('',(0.886357047460005,0.210629921259842,0.15360214089481));
#6590=CARTESIAN_POINT('',(0.816211585179155,0.210629921259842,0.529546674252039));
#6591=CARTESIAN_POINT('',(0.522554165486197,0.210629921259842,0.462521284500871));
#6592=CARTESIAN_POINT('',(0.740970887356605,0.210629921259842,0.409801789638225));
#6593=CARTESIAN_POINT('Origin',(0.838463678574787,0.210629921259842,0.432053883033856));
#6594=CARTESIAN_POINT('',(0.845812412218715,0.210629921259842,-0.0495389435075516));
#6595=CARTESIAN_POINT('',(0.755951627398546,0.210629921259842,0.34416687901496));
#6596=CARTESIAN_POINT('',(0.965557296832529,0.210629921259842,-0.124779641330102));
#6597=CARTESIAN_POINT('Origin',(0.943305203436898,0.210629921259842,-0.0272868501119202));
#6598=CARTESIAN_POINT('',(1.23003917356045,0.210629921259842,-0.0644133788724935));
#6599=CARTESIAN_POINT('',(0.471472275196288,0.210629921259842,-0.23755132331249));
#6600=CARTESIAN_POINT('',(1.26608682371976,0.210629921259842,-0.0949534665513285));
#6601=CARTESIAN_POINT('',(0.865133314329695,0.210629921259842,0.244740113412811));
#6602=CARTESIAN_POINT('',(1.18119689121045,0.210629921259842,-0.465581260578301));
#6603=CARTESIAN_POINT('Origin',(0.,0.210629921259842,0.));
#6604=CARTESIAN_POINT('',(1.13541286020192,0.210629921259842,-0.477433664816735));
#6605=CARTESIAN_POINT('',(0.672725569422984,0.210629921259842,-0.597212476020059));
#6606=CARTESIAN_POINT('',(0.922915860884641,0.210629921259842,-0.307972962643845));
#6607=CARTESIAN_POINT('',(0.687420894633778,0.210629921259842,-0.120171993843022));
#6608=CARTESIAN_POINT('',(0.782383732451964,0.210629921259842,-0.323807130704774));
#6609=CARTESIAN_POINT('Origin',(0.860566880698767,0.210629921259842,-0.386156110890648));
#6610=CARTESIAN_POINT('',(0.488624307661495,0.210629921259842,-0.692169798206633));
#6611=CARTESIAN_POINT('',(0.740408631618168,0.210629921259842,-0.376442242319748));
#6612=CARTESIAN_POINT('',(0.504458475722425,0.210629921259842,-0.832701926639309));
#6613=CARTESIAN_POINT('Origin',(0.566807455908298,0.210629921259842,-0.754518778392506));
#6614=CARTESIAN_POINT('',(0.716556473107032,0.210629921259842,-1.00184443538878));
#6615=CARTESIAN_POINT('',(0.108233052176373,0.210629921259842,-0.516722695362673));
#6616=CARTESIAN_POINT('',(0.715154613337682,0.210629921259842,-1.04906905636795));
#6617=CARTESIAN_POINT('',(0.730747324421746,0.210629921259842,-0.52379549685623));
#6618=CARTESIAN_POINT('',(0.372458128489687,0.210629921259842,-1.21378208444879));
#6619=CARTESIAN_POINT('Origin',(0.,0.210629921259842,0.));
#6620=CARTESIAN_POINT('',(0.334645669291339,0.210629921259842,-1.1853765407822));
#6621=CARTESIAN_POINT('',(-0.0474819834903258,0.210629921259842,-0.89831391757743));
#6622=CARTESIAN_POINT('',(0.334645669291339,0.210629921259842,-0.913582677165355));
#6623=CARTESIAN_POINT('',(0.334645669291339,0.210629921259842,-1.15523748298953));
#6624=CARTESIAN_POINT('',(0.234645669291339,0.210629921259842,-0.813582677165354));
#6625=CARTESIAN_POINT('Origin',(0.234645669291339,0.210629921259842,-0.913582677165355));
#6626=CARTESIAN_POINT('',(-0.236507866684262,0.210629921259842,-0.813582677165354));
#6627=CARTESIAN_POINT('',(0.167322834645669,0.210629921259842,-0.813582677165354));
#6628=CARTESIAN_POINT('',(-0.336507866684262,0.210629921259842,-0.913582677165354));
#6629=CARTESIAN_POINT('Origin',(-0.236507866684262,0.210629921259842,-0.913582677165354));
#6630=CARTESIAN_POINT('',(-0.336507866684262,0.210629921259842,-0.949655511811024));
#6631=CARTESIAN_POINT('Origin',(-0.567968516991834,0.0196850393700787,-0.753062853844149));
#6632=CARTESIAN_POINT('Ctrl Pts',(-0.499085371650719,0.039370078738597,
-0.825555007131432));
#6633=CARTESIAN_POINT('Ctrl Pts',(-0.490224205928025,0.0360902753564385,
-0.821659349252048));
#6634=CARTESIAN_POINT('Ctrl Pts',(-0.48175744552589,0.0325581850300643,
-0.816757785678012));
#6635=CARTESIAN_POINT('Ctrl Pts',(-0.456831853010378,0.020861078676578,
-0.798615508403673));
#6636=CARTESIAN_POINT('Ctrl Pts',(-0.442770816650539,0.0120943080531207,
-0.782220322877867));
#6637=CARTESIAN_POINT('Ctrl Pts',(-0.431492057999163,0.00261035564726927,
-0.762294722765643));
#6638=CARTESIAN_POINT('Ctrl Pts',(-0.4300322464732,0.00131295380710865,
-0.759521878182027));
#6639=CARTESIAN_POINT('Ctrl Pts',(-0.428644989214723,-3.18742699070601E-16,
-0.756664722217409));
#6640=CARTESIAN_POINT('',(-0.459004601718731,0.,-0.666167031065412));
#6641=CARTESIAN_POINT('Origin',(-0.516370086065677,0.0196850393700787,-0.62580534074687));
#6642=CARTESIAN_POINT('',(-0.7527640265092,0.,-0.297804363563553));
#6643=CARTESIAN_POINT('Origin',(-0.861727941782303,0.0196850393700787,-0.38470018634229));
#6644=CARTESIAN_POINT('Ctrl Pts',(-0.833463730468669,-8.29612747326325E-17,
-0.248226184397392));
#6645=CARTESIAN_POINT('Ctrl Pts',(-0.836763927984071,0.0013981172280296,
-0.248970489003096));
#6646=CARTESIAN_POINT('Ctrl Pts',(-0.839990758147419,0.00277925238144039,
-0.249817274270657));
#6647=CARTESIAN_POINT('Ctrl Pts',(-0.862086108126105,0.0123276251026265,
-0.256388537171103));
#6648=CARTESIAN_POINT('Ctrl Pts',(-0.881177908402697,0.0210772605540311,
-0.266397954460625));
#6649=CARTESIAN_POINT('Ctrl Pts',(-0.904266028122012,0.0326843001219178,
-0.28646705386452));
#6650=CARTESIAN_POINT('Ctrl Pts',(-0.910817407116315,0.0361476575516387,
-0.293460502696627));
#6651=CARTESIAN_POINT('Ctrl Pts',(-0.916515052737273,0.0393700787383475,
-0.30104391058506));
#6652=CARTESIAN_POINT('Origin',(0.,0.0707106781186547,-3.70781360119167E-17));
#6653=CARTESIAN_POINT('',(-0.336507866684262,0.141421356237311,-1.16337356470624));
#6654=CARTESIAN_POINT('Origin',(0.,0.141421356237309,-7.41562720238335E-17));
#6655=CARTESIAN_POINT('',(-0.336507866684262,0.0430550643969738,-0.913582677165354));
#6656=CARTESIAN_POINT('Ctrl Pts',(-0.336507866684262,0.141421356237311,
-1.16337356470624));
#6657=CARTESIAN_POINT('Ctrl Pts',(-0.336507866684262,0.0863230632265356,
-1.02490165832052));
#6658=CARTESIAN_POINT('Ctrl Pts',(-0.336507866684262,0.0430550643969738,
-0.913582677165354));
#6659=CARTESIAN_POINT('',(-0.336072181729134,0.0393700787389789,-0.904258130546595));
#6660=CARTESIAN_POINT('Ctrl Pts',(-0.336072181729172,0.0393700787379628,
-0.904258130547));
#6661=CARTESIAN_POINT('Ctrl Pts',(-0.336361075860241,0.0406094540155675,
-0.907342843129564));
#6662=CARTESIAN_POINT('Ctrl Pts',(-0.336507866684262,0.0418405542154282,
-0.910458011369166));
#6663=CARTESIAN_POINT('Ctrl Pts',(-0.336507866684262,0.0430550643969739,
-0.913582677165354));
#6664=CARTESIAN_POINT('Ctrl Pts',(-0.325585090431555,-3.42957973527144E-16,
-0.806394678501734));
#6665=CARTESIAN_POINT('Ctrl Pts',(-0.327060809168082,0.00139811724208789,
-0.809438943179382));
#6666=CARTESIAN_POINT('Ctrl Pts',(-0.328410661489557,0.0027792524015638,
-0.812489742582785));
#6667=CARTESIAN_POINT('Ctrl Pts',(-0.337049266636418,0.0123276251026263,
-0.833861698170988));
#6668=CARTESIAN_POINT('Ctrl Pts',(-0.34112713184989,0.0210772605540309,
-0.855029038286785));
#6669=CARTESIAN_POINT('Ctrl Pts',(-0.339831685300231,0.0326843001219176,
-0.885592935965155));
#6670=CARTESIAN_POINT('Ctrl Pts',(-0.338448704823319,0.0361476575516386,
-0.895075354343121));
#6671=CARTESIAN_POINT('Ctrl Pts',(-0.336072181731019,0.0393700787383475,
-0.904258130547305));
#6672=CARTESIAN_POINT('Origin',(-0.942890825533813,0.0196850393700787,-0.0254713418955666));
#6673=CARTESIAN_POINT('Ctrl Pts',(-0.95661953456557,0.0393700787385969,
-0.124524471824072));
#6674=CARTESIAN_POINT('Ctrl Pts',(-0.948048940129864,0.0360902753564386,
-0.129023507198115));
#6675=CARTESIAN_POINT('Ctrl Pts',(-0.938937804648852,0.0325581850300644,
-0.132587012133443));
#6676=CARTESIAN_POINT('Ctrl Pts',(-0.909212748373401,0.0208610786765783,
-0.140763100218196));
#6677=CARTESIAN_POINT('Ctrl Pts',(-0.887627563394498,0.012094308053121,
-0.141534230145524));
#6678=CARTESIAN_POINT('Ctrl Pts',(-0.865016910922934,0.00261035564726952,
-0.137928910276442));
#6679=CARTESIAN_POINT('Ctrl Pts',(-0.861938836132398,0.00131295380710894,
-0.137341396565886));
#6680=CARTESIAN_POINT('Ctrl Pts',(-0.858840080895723,-8.53709864409411E-17,
-0.136644590358586));
#6681=CARTESIAN_POINT('',(-0.807015045647055,0.,-0.0564841019823916));
#6682=CARTESIAN_POINT('Origin',(-0.811225799939402,0.0196850393700788,0.0135311419864698));
#6683=CARTESIAN_POINT('',(-0.702173520784944,0.,0.402856631163385));
#6684=CARTESIAN_POINT('Origin',(-0.838049300671702,0.0196850393700787,0.43386939125021));
#6685=CARTESIAN_POINT('Ctrl Pts',(-0.713727181901147,2.70695337628666E-16,
0.496861689449574));
#6686=CARTESIAN_POINT('Ctrl Pts',(-0.716366742169405,0.00139811722802994,
0.498977821434345));
#6687=CARTESIAN_POINT('Ctrl Pts',(-0.719040681249652,0.00277925238144089,
0.50097269686594));
#6688=CARTESIAN_POINT('Ctrl Pts',(-0.737954526845005,0.012327625102627,
0.514150421691665));
#6689=CARTESIAN_POINT('Ctrl Pts',(-0.757683747174692,0.0210772605540315,
0.522836222602331));
#6690=CARTESIAN_POINT('Ctrl Pts',(-0.787769608102524,0.032684300121918,
0.528374362659065));
#6691=CARTESIAN_POINT('Ctrl Pts',(-0.797322024561554,0.0361476575516388,
0.529136092983751));
#6692=CARTESIAN_POINT('Ctrl Pts',(-0.806803395532398,0.0393700787383475,
0.528862514224389));
#6693=CARTESIAN_POINT('Origin',(0.,0.0707106781186547,-3.70781360119167E-17));
#6694=CARTESIAN_POINT('Origin',(0.,0.141421356237309,-7.41562720238335E-17));
#6695=CARTESIAN_POINT('Origin',(-0.607797110981156,0.0196850393700787,0.721300610021062));
#6696=CARTESIAN_POINT('Ctrl Pts',(-0.693799676470244,0.039370078738597,
0.670275530603122));
#6697=CARTESIAN_POINT('Ctrl Pts',(-0.691973485739877,0.0360902753564388,
0.660769667375904));
#6698=CARTESIAN_POINT('Ctrl Pts',(-0.689078846030483,0.0325581850300647,
0.651424485829767));
#6699=CARTESIAN_POINT('Ctrl Pts',(-0.676937899651154,0.0208610786765787,
0.623086793475544));
#6700=CARTESIAN_POINT('Ctrl Pts',(-0.664082650599832,0.0120943080531214,
0.605730024658544));
#6701=CARTESIAN_POINT('Ctrl Pts',(-0.647166386792424,0.00261035564726991,
0.590300184887943));
#6702=CARTESIAN_POINT('Ctrl Pts',(-0.644787901835872,0.0013129538071093,
0.588259957918295));
#6703=CARTESIAN_POINT('Ctrl Pts',(-0.642311074517303,2.66337571559982E-16,
0.586271705081923));
#6704=CARTESIAN_POINT('',(-0.547326700096268,0.,0.595732507959072));
#6705=CARTESIAN_POINT('Origin',(-0.495211940468143,0.0196850393700787,0.642678398819002));
#6706=CARTESIAN_POINT('',(-0.122832032180109,0.,0.800158365846624));
#6707=CARTESIAN_POINT('Origin',(-0.183302443064997,0.0196850393700787,0.925726467908615));
#6708=CARTESIAN_POINT('Ctrl Pts',(-0.0565395079808088,3.92687039220286E-16,
0.867802577009613));
#6709=CARTESIAN_POINT('Ctrl Pts',(-0.0565307882827072,0.00139811722803011,
0.871185655039101));
#6710=CARTESIAN_POINT('Ctrl Pts',(-0.0566383056140105,0.00277925238144105,
0.874520009281818));
#6711=CARTESIAN_POINT('Ctrl Pts',(-0.0581281353205912,0.0123276251026272,
0.897523626263344));
#6712=CARTESIAN_POINT('Ctrl Pts',(-0.0636382703923666,0.0210772605540317,
0.918364060130417));
#6713=CARTESIAN_POINT('Ctrl Pts',(-0.0780666056103381,0.0326843001219181,
0.94533910722759));
#6714=CARTESIAN_POINT('Ctrl Pts',(-0.0834268951066604,0.0361476575516388,
0.953282418238113));
#6715=CARTESIAN_POINT('Ctrl Pts',(-0.0895523257016248,0.0393700787383476,
0.960524678993611));
#6716=CARTESIAN_POINT('Origin',(0.,0.0707106781186547,-3.70781360119167E-17));
#6717=CARTESIAN_POINT('Origin',(0.,0.141421356237309,-7.41562720238335E-17));
#6718=CARTESIAN_POINT('Origin',(0.840453560236317,0.289370078740157,0.926093143002214));
#6719=CARTESIAN_POINT('',(0.817277288096345,0.162082112698032,0.921522265728257));
#6720=CARTESIAN_POINT('',(0.817277288096345,0.289370078740157,0.921522265728257));
#6721=CARTESIAN_POINT('',(0.86362983237629,0.2,0.93066402027617));
#6722=CARTESIAN_POINT('Ctrl Pts',(0.817277288096345,0.162082112698032,0.921522265728257));
#6723=CARTESIAN_POINT('Ctrl Pts',(0.840102234239237,0.180594874323886,0.926023853687431));
#6724=CARTESIAN_POINT('Ctrl Pts',(0.863629832376289,0.2,0.93066402027617));
#6725=CARTESIAN_POINT('',(0.86362983237629,0.289370078740157,0.93066402027617));
#6726=CARTESIAN_POINT('Origin',(0.656183405736555,0.289370078740157,0.587007372151248));
#6727=CARTESIAN_POINT('',(0.699571779648311,0.0430550643969747,0.67710425894149));
#6728=CARTESIAN_POINT('',(0.699571779648311,0.289370078740157,0.67710425894149));
#6729=CARTESIAN_POINT('',(0.807951983932046,0.141421356237309,0.902158072101545));
#6730=CARTESIAN_POINT('Ctrl Pts',(0.807951983932047,0.141421356237311,0.902158072101549));
#6731=CARTESIAN_POINT('Ctrl Pts',(0.747871275426773,0.0863230632266295,
0.777399195369122));
#6732=CARTESIAN_POINT('Ctrl Pts',(0.699571779648527,0.0430550643971679,
0.677104258941938));
#6733=CARTESIAN_POINT('Ctrl Pts',(0.817277288096345,0.162082112698032,0.921522265728257));
#6734=CARTESIAN_POINT('Ctrl Pts',(0.812575199966925,0.15165718405737,0.911758279118948));
#6735=CARTESIAN_POINT('Ctrl Pts',(0.807951983932046,0.141421356237309,0.902158072101546));
#6736=CARTESIAN_POINT('Origin',(0.18498022494191,0.0196850393700787,0.924918490740799));
#6737=CARTESIAN_POINT('',(0.0914654889425885,0.0393700787391405,0.960344387355806));
#6738=CARTESIAN_POINT('Ctrl Pts',(0.0914654889413976,0.039370078738597,
0.960344387357068));
#6739=CARTESIAN_POINT('Ctrl Pts',(0.0851721170989564,0.0360902753564388,
0.952989805171042));
#6740=CARTESIAN_POINT('Ctrl Pts',(0.0796705382956702,0.0325581850300648,
0.944900059325301));
#6741=CARTESIAN_POINT('Ctrl Pts',(0.0650849945250703,0.0208610786765789,
0.917739623027917));
#6742=CARTESIAN_POINT('Ctrl Pts',(0.0595300429138742,0.0120943080531217,
0.896867216254007));
#6743=CARTESIAN_POINT('Ctrl Pts',(0.0580136263812516,0.00261035564727021,
0.874021200902357));
#6744=CARTESIAN_POINT('Ctrl Pts',(0.0579014738192851,0.00131295380710959,
0.870889565773695));
#6745=CARTESIAN_POINT('Ctrl Pts',(0.0578912717307964,4.62487644066469E-16,
0.867713448832406));
#6746=CARTESIAN_POINT('',(0.141591851030154,0.0393700787401575,0.834821603950557));
#6747=CARTESIAN_POINT('',(0.124509814057022,0.,0.799350388678808));
#6748=CARTESIAN_POINT('Origin',(0.18498022494191,0.0393700787401575,0.924918490740799));
#6749=CARTESIAN_POINT('Origin',(0.193706610658279,0.0196850393700787,0.787875713090626));
#6750=CARTESIAN_POINT('',(0.566086518946313,0.0393700787401575,0.630395746063004));
#6751=CARTESIAN_POINT('',(0.549004481973181,0.,0.594924530791255));
#6752=CARTESIAN_POINT('',(0.202247629144845,0.0393700787401575,0.805611320726501));
#6753=CARTESIAN_POINT('Origin',(0.609474892858069,0.0196850393700787,0.720492632853246));
#6754=CARTESIAN_POINT('',(0.695133471915003,0.0393700787389789,0.66889216934809));
#6755=CARTESIAN_POINT('Ctrl Pts',(0.643223568644858,2.27563799369012E-16,
0.585270424134871));
#6756=CARTESIAN_POINT('Ctrl Pts',(0.645874002198799,0.00139811722802997,
0.587372921450655));
#6757=CARTESIAN_POINT('Ctrl Pts',(0.648413869359865,0.002779252381441,0.589535917751298));
#6758=CARTESIAN_POINT('Ctrl Pts',(0.6654699276981,0.0123276251026272,0.605043234113265));
#6759=CARTESIAN_POINT('Ctrl Pts',(0.678328121979554,0.0210772605540317,
0.622345029167461));
#6760=CARTESIAN_POINT('Ctrl Pts',(0.690422143174977,0.0326843001219181,
0.65044422265022));
#6761=CARTESIAN_POINT('Ctrl Pts',(0.693290387962072,0.0361476575516389,
0.659587639141641));
#6762=CARTESIAN_POINT('Ctrl Pts',(0.695133471917009,0.0393700787383475,
0.668892169347911));
#6763=CARTESIAN_POINT('Origin',(0.609474892858069,0.0393700787401575,0.720492632853246));
#6764=CARTESIAN_POINT('Origin',(0.,0.0707106781186547,-3.70781360119167E-17));
#6765=CARTESIAN_POINT('',(0.0948833381516682,0.0427891079252674,0.968306864652555));
#6766=CARTESIAN_POINT('Ctrl Pts',(0.0948833381516682,0.0427891079252677,
0.968306864652555));
#6767=CARTESIAN_POINT('Ctrl Pts',(0.0936252785862089,0.0416613602873743,
0.965694477046716));
#6768=CARTESIAN_POINT('Ctrl Pts',(0.0924846738729229,0.0405194731225264,
0.963034758491066));
#6769=CARTESIAN_POINT('Ctrl Pts',(0.0914654889427127,0.0393700787382636,
0.960344387356134));
#6770=CARTESIAN_POINT('',(0.203496550824636,0.141421356237309,1.19384452471843));
#6771=CARTESIAN_POINT('Ctrl Pts',(0.0948833381518931,0.042789107925469,
0.968306864653021));
#6772=CARTESIAN_POINT('Ctrl Pts',(0.143268972735782,0.0861628770283963,
1.0687806701532));
#6773=CARTESIAN_POINT('Ctrl Pts',(0.203496550824637,0.141421356237311,1.19384452471844));
#6774=CARTESIAN_POINT('Origin',(0.,0.141421356237309,-7.41562720238335E-17));
#6775=CARTESIAN_POINT('Origin',(0.18498022494191,0.289370078740157,0.924918490740799));
#6776=CARTESIAN_POINT('',(0.0948833381516681,0.289370078740157,0.968306864652555));
#6777=CARTESIAN_POINT('',(0.141591851030154,0.289370078740157,0.834821603950557));
#6778=CARTESIAN_POINT('Origin',(1.24806299864011,0.289370078740157,-0.079683422711911));
#6779=CARTESIAN_POINT('',(1.23003917356045,0.162082112698031,-0.0644133788724936));
#6780=CARTESIAN_POINT('',(1.23003917356045,0.289370078740157,-0.0644133788724935));
#6781=CARTESIAN_POINT('',(1.26608682371976,0.2,-0.0949534665513285));
#6782=CARTESIAN_POINT('Ctrl Pts',(1.23003917356045,0.162082112698031,-0.0644133788724936));
#6783=CARTESIAN_POINT('Ctrl Pts',(1.24778977789612,0.180594874323908,-0.0794519461679471));
#6784=CARTESIAN_POINT('Ctrl Pts',(1.26608682371976,0.2,-0.0949534665513282));
#6785=CARTESIAN_POINT('',(1.26608682371976,0.289370078740157,-0.0949534665513285));
#6786=CARTESIAN_POINT('Origin',(0.868064505614347,0.289370078740157,-0.147031734725734));
#6787=CARTESIAN_POINT('',(0.965557296832529,0.0430550643969743,-0.124779641330102));
#6788=CARTESIAN_POINT('',(0.965557296832529,0.289370078740157,-0.124779641330102));
#6789=CARTESIAN_POINT('',(1.20908540530481,0.141421356237309,-0.0691959397407272));
#6790=CARTESIAN_POINT('Ctrl Pts',(1.20908540530482,0.141421356237311,-0.0691959397407262));
#6791=CARTESIAN_POINT('Ctrl Pts',(1.07408527871655,0.0863230632266202,-0.100008837676343));
#6792=CARTESIAN_POINT('Ctrl Pts',(0.965557296833014,0.0430550643971676,
-0.124779641329992));
#6793=CARTESIAN_POINT('Ctrl Pts',(1.23003917356045,0.162082112698031,-0.0644133788724935));
#6794=CARTESIAN_POINT('Ctrl Pts',(1.21947367743858,0.151657184057184,-0.0668248844160064));
#6795=CARTESIAN_POINT('Ctrl Pts',(1.20908540530481,0.141421356237309,-0.0691959397407272));
#6796=CARTESIAN_POINT('Origin',(1.09083065600159,0.289370078740157,0.611619123631121));
#6797=CARTESIAN_POINT('',(1.10047030282422,0.2,0.633211748634587));
#6798=CARTESIAN_POINT('',(1.10047030282422,0.289370078740157,0.633211748634587));
#6799=CARTESIAN_POINT('',(1.08119100917896,0.162065800315611,0.590026498627655));
#6800=CARTESIAN_POINT('Ctrl Pts',(1.10047030282422,0.2,0.633211748634587));
#6801=CARTESIAN_POINT('Ctrl Pts',(1.09068446607267,0.180585810323017,0.611291660978954));
#6802=CARTESIAN_POINT('Ctrl Pts',(1.08119100917896,0.162065800315611,0.590026498627655));
#6803=CARTESIAN_POINT('',(1.08119100917896,0.289370078740157,0.590026498627655));
#6804=CARTESIAN_POINT('Origin',(0.,0.289370078740157,0.));
#6805=CARTESIAN_POINT('Origin',(0.,0.2,0.));
#6806=CARTESIAN_POINT('Origin',(0.838463678574787,0.0196850393700787,0.432053883033856));
#6807=CARTESIAN_POINT('',(0.807855275623969,0.0393700787391405,0.527254332973971));
#6808=CARTESIAN_POINT('Ctrl Pts',(0.807855275624213,0.039370078738597,0.527254332975689));
#6809=CARTESIAN_POINT('Ctrl Pts',(0.798181378567712,0.0360902753564388,
0.527589182223068));
#6810=CARTESIAN_POINT('Ctrl Pts',(0.788426382302376,0.0325581850300647,
0.526846615700308));
#6811=CARTESIAN_POINT('Ctrl Pts',(0.75809756033198,0.0208610786765788,0.521315797963626));
#6812=CARTESIAN_POINT('Ctrl Pts',(0.738315399921859,0.0120943080531216,
0.512645101253065));
#6813=CARTESIAN_POINT('Ctrl Pts',(0.719508195627531,0.00261035564727012,
0.499586425853943));
#6814=CARTESIAN_POINT('Ctrl Pts',(0.716989858713702,0.00131295380710937,
0.497721567691864));
#6815=CARTESIAN_POINT('Ctrl Pts',(0.714500309598872,3.1710675392839E-16,
0.495749267483427));
#6816=CARTESIAN_POINT('',(0.740970887356605,0.0393700787401575,0.409801789638225));
#6817=CARTESIAN_POINT('',(0.702587898688029,0.,0.401041122947031));
#6818=CARTESIAN_POINT('Origin',(0.838463678574787,0.0393700787401575,0.432053883033856));
#6819=CARTESIAN_POINT('Origin',(0.736760133064258,0.0196850393700787,0.339786545669364));
#6820=CARTESIAN_POINT('',(0.845812412218715,0.0393700787401575,-0.0495389435075516));
#6821=CARTESIAN_POINT('',(0.80742942355014,0.,-0.0582996101987451));
#6822=CARTESIAN_POINT('',(0.755951627398545,0.0393700787401575,0.34416687901496));
#6823=CARTESIAN_POINT('Origin',(0.943305203436898,0.0196850393700787,-0.0272868501119202));
#6824=CARTESIAN_POINT('',(0.956369587042333,0.0393700787389789,-0.126429786728756));
#6825=CARTESIAN_POINT('Ctrl Pts',(0.858626178711309,-1.17181133955039E-16,
-0.137982295454359));
#6826=CARTESIAN_POINT('Ctrl Pts',(0.86192249559598,0.00139811722802955,
-0.138743602214193));
#6827=CARTESIAN_POINT('Ctrl Pts',(0.865197175473285,0.00277925238144051,
-0.139380744187092));
#6828=CARTESIAN_POINT('Ctrl Pts',(0.887955562047459,0.0123276251026267,
-0.143047053956851));
#6829=CARTESIAN_POINT('Ctrl Pts',(0.909499603128845,0.0210772605540313,
-0.142312502283642));
#6830=CARTESIAN_POINT('Ctrl Pts',(0.939008936104435,0.0326843001219179,
-0.134248428226903));
#6831=CARTESIAN_POINT('Ctrl Pts',(0.947945868348734,0.0361476575516387,
-0.130790085364331));
#6832=CARTESIAN_POINT('Ctrl Pts',(0.956369587043444,0.0393700787383475,
-0.126429786730436));
#6833=CARTESIAN_POINT('Origin',(0.943305203436898,0.0393700787401575,-0.0272868501119202));
#6834=CARTESIAN_POINT('Origin',(0.,0.0707106781186547,-3.70781360119167E-17));
#6835=CARTESIAN_POINT('',(0.816211585179155,0.0427891079252676,0.529546674252039));
#6836=CARTESIAN_POINT('Ctrl Pts',(0.816211585179156,0.0427891079252675,
0.529546674252039));
#6837=CARTESIAN_POINT('Ctrl Pts',(0.813384750995307,0.0416613602873741,
0.528901467796392));
#6838=CARTESIAN_POINT('Ctrl Pts',(0.81059414388731,0.0405194731225263,0.528134921075028));
#6839=CARTESIAN_POINT('Ctrl Pts',(0.807855275624302,0.0393700787382635,
0.527254332974078));
#6840=CARTESIAN_POINT('',(1.06026325874954,0.141421356237309,0.585249876158474));
#6841=CARTESIAN_POINT('Ctrl Pts',(0.816211585179661,0.0427891079254692,
0.529546674252154));
#6842=CARTESIAN_POINT('Ctrl Pts',(0.92493311920274,0.0861628770284572,0.554361654918608));
#6843=CARTESIAN_POINT('Ctrl Pts',(1.06026325874954,0.141421356237311,0.585249876158475));
#6844=CARTESIAN_POINT('Origin',(0.,0.141421356237309,-7.41562720238335E-17));
#6845=CARTESIAN_POINT('Ctrl Pts',(0.695133471915213,0.0393700787379629,
0.668892169348438));
#6846=CARTESIAN_POINT('Ctrl Pts',(0.696732163162852,0.0406094540155678,
0.671546052885958));
#6847=CARTESIAN_POINT('Ctrl Pts',(0.698216037969168,0.0418405542154288,
0.674289032336524));
#6848=CARTESIAN_POINT('Ctrl Pts',(0.699571779648311,0.0430550643969747,
0.67710425894149));
#6849=CARTESIAN_POINT('Origin',(0.838463678574787,0.289370078740157,0.432053883033856));
#6850=CARTESIAN_POINT('',(0.816211585179155,0.289370078740157,0.529546674252039));
#6851=CARTESIAN_POINT('',(0.740970887356605,0.289370078740157,0.409801789638225));
#6852=CARTESIAN_POINT('Origin',(0.715855543222357,0.289370078740157,-1.02545674587836));
#6853=CARTESIAN_POINT('',(0.716556473107032,0.162082112698032,-1.00184443538878));
#6854=CARTESIAN_POINT('',(0.716556473107032,0.289370078740157,-1.00184443538878));
#6855=CARTESIAN_POINT('',(0.715154613337682,0.2,-1.04906905636795));
#6856=CARTESIAN_POINT('Ctrl Pts',(0.716556473107032,0.162082112698032,-1.00184443538878));
#6857=CARTESIAN_POINT('Ctrl Pts',(0.715866168524353,0.18059487432388,-1.02509881003449));
#6858=CARTESIAN_POINT('Ctrl Pts',(0.715154613337682,0.2,-1.04906905636795));
#6859=CARTESIAN_POINT('',(0.715154613337682,0.289370078740157,-1.04906905636795));
#6860=CARTESIAN_POINT('Origin',(0.426275327475622,0.289370078740157,-0.770352946453436));
#6861=CARTESIAN_POINT('',(0.504458475722425,0.043055064396974,-0.832701926639309));
#6862=CARTESIAN_POINT('',(0.504458475722425,0.289370078740157,-0.832701926639309));
#6863=CARTESIAN_POINT('',(0.699752855635523,0.141421356237309,-0.988443997618295));
#6864=CARTESIAN_POINT('Ctrl Pts',(0.699752855635527,0.141421356237311,-0.988443997618299));
#6865=CARTESIAN_POINT('Ctrl Pts',(0.591491159785994,0.0863230632266342,
-0.902108176143015));
#6866=CARTESIAN_POINT('Ctrl Pts',(0.504458475722814,0.0430550643971673,
-0.832701926639619));
#6867=CARTESIAN_POINT('Ctrl Pts',(0.716556473107032,0.162082112698032,-1.00184443538878));
#6868=CARTESIAN_POINT('Ctrl Pts',(0.708083603069693,0.151657184057547,-0.995087547006546));
#6869=CARTESIAN_POINT('Ctrl Pts',(0.699752855635523,0.141421356237309,-0.988443997618295));
#6870=CARTESIAN_POINT('Origin',(1.15830487570618,0.289370078740157,-0.471507462697518));
#6871=CARTESIAN_POINT('',(1.18119689121045,0.2,-0.465581260578301));
#6872=CARTESIAN_POINT('',(1.18119689121045,0.289370078740157,-0.465581260578301));
#6873=CARTESIAN_POINT('',(1.13541286020192,0.162065800315611,-0.477433664816734));
#6874=CARTESIAN_POINT('Ctrl Pts',(1.18119689121045,0.2,-0.465581260578301));
#6875=CARTESIAN_POINT('Ctrl Pts',(1.15795770716557,0.18058581032302,-0.471597336432782));
#6876=CARTESIAN_POINT('Ctrl Pts',(1.13541286020192,0.162065800315611,-0.477433664816734));
#6877=CARTESIAN_POINT('',(1.13541286020192,0.289370078740157,-0.477433664816735));
#6878=CARTESIAN_POINT('Origin',(1.16619362722822,0.289370078740157,-0.501980507409598));
#6879=CARTESIAN_POINT('',(1.11863010740706,0.141421356237309,-0.464049866070643));
#6880=CARTESIAN_POINT('Ctrl Pts',(1.11863010740706,0.141421356237309,-0.464049866070643));
#6881=CARTESIAN_POINT('Ctrl Pts',(1.12695056630006,0.151649261892759,-0.470685210621099));
#6882=CARTESIAN_POINT('Ctrl Pts',(1.13541286020192,0.162065800315611,-0.477433664816734));
#6883=CARTESIAN_POINT('',(0.922915860884641,0.042789107925267,-0.307972962643845));
#6884=CARTESIAN_POINT('Ctrl Pts',(0.922915860885046,0.0427891079254686,
-0.307972962644168));
#6885=CARTESIAN_POINT('Ctrl Pts',(1.01010376171272,0.086162877028443,-0.377502993386752));
#6886=CARTESIAN_POINT('Ctrl Pts',(1.11863010740706,0.141421356237311,-0.464049866070646));
#6887=CARTESIAN_POINT('',(0.922915860884641,0.289370078740157,-0.307972962643845));
#6888=CARTESIAN_POINT('Origin',(0.860566880698767,0.0196850393700787,-0.386156110890648));
#6889=CARTESIAN_POINT('',(0.915913562516054,0.0393700787391405,-0.302868988165607));
#6890=CARTESIAN_POINT('Ctrl Pts',(0.915913562517549,0.039370078738597,-0.302868988164727));
#6891=CARTESIAN_POINT('Ctrl Pts',(0.910143782042071,0.0360902753564386,
-0.295096855796898));
#6892=CARTESIAN_POINT('Ctrl Pts',(0.903481079468142,0.0325581850300644,
-0.287933075259443));
#6893=CARTESIAN_POINT('Ctrl Pts',(0.880247200836881,0.0208610786765783,
-0.26766945587158));
#6894=CARTESIAN_POINT('Ctrl Pts',(0.861134201899189,0.0120943080531212,
-0.257609231045759));
#6895=CARTESIAN_POINT('Ctrl Pts',(0.839198418273837,0.00261035564726968,
-0.251047117568382));
#6896=CARTESIAN_POINT('Ctrl Pts',(0.836170256068969,0.00131295380710897,
-0.250240922531657));
#6897=CARTESIAN_POINT('Ctrl Pts',(0.833076041188812,-3.5575562043727E-17,
-0.249524223722697));
#6898=CARTESIAN_POINT('',(0.782383732451964,0.0393700787401575,-0.323807130704774));
#6899=CARTESIAN_POINT('',(0.751602965425664,0.,-0.299260288111911));
#6900=CARTESIAN_POINT('Origin',(0.860566880698767,0.0393700787401575,-0.386156110890648));
#6901=CARTESIAN_POINT('Origin',(0.725018248105017,0.0196850393700787,-0.364168821023316));
#6902=CARTESIAN_POINT('',(0.488624307661495,0.0393700787401575,-0.692169798206633));
#6903=CARTESIAN_POINT('',(0.457843540635195,0.,-0.667622955613769));
#6904=CARTESIAN_POINT('',(0.740408631618168,0.0393700787401575,-0.376442242319748));
#6905=CARTESIAN_POINT('Origin',(0.566807455908298,0.0196850393700787,-0.754518778392506));
#6906=CARTESIAN_POINT('',(0.497439896742484,0.0393700787389789,-0.8265475347012));
#6907=CARTESIAN_POINT('Ctrl Pts',(0.427465763426012,-3.88256079732617E-16,
-0.757331532240573));
#6908=CARTESIAN_POINT('Ctrl Pts',(0.428925769794646,0.00139811722802925,
-0.760383363558043));
#6909=CARTESIAN_POINT('Ctrl Pts',(0.430469361649282,0.00277925238144017,
-0.763340862903563));
#6910=CARTESIAN_POINT('Ctrl Pts',(0.44179254718256,0.0123276251026263,-0.78341999276933));
#6911=CARTESIAN_POINT('Ctrl Pts',(0.455799332711245,0.0210772605540309,
-0.799805816869157));
#6912=CARTESIAN_POINT('Ctrl Pts',(0.480502847855692,0.0326843001219176,
-0.817849274480297));
#6913=CARTESIAN_POINT('Ctrl Pts',(0.488778775297043,0.0361476575516386,
-0.822680207959429));
#6914=CARTESIAN_POINT('Ctrl Pts',(0.497439896741863,0.0393700787383475,
-0.826547534703115));
#6915=CARTESIAN_POINT('Origin',(0.566807455908298,0.0393700787401575,-0.754518778392506));
#6916=CARTESIAN_POINT('Origin',(0.,0.0707106781186547,-3.70781360119167E-17));
#6917=CARTESIAN_POINT('Ctrl Pts',(0.922915860884641,0.042789107925267,-0.307972962643845));
#6918=CARTESIAN_POINT('Ctrl Pts',(0.92064891587975,0.0416613602873738,-0.306165134328384));
#6919=CARTESIAN_POINT('Ctrl Pts',(0.918309690447374,0.0405194731225261,
-0.304461283899572));
#6920=CARTESIAN_POINT('Ctrl Pts',(0.915913562516346,0.0393700787382636,
-0.302868988165801));
#6921=CARTESIAN_POINT('Origin',(0.,0.141421356237309,-7.41562720238335E-17));
#6922=CARTESIAN_POINT('Ctrl Pts',(0.956369587042736,0.0393700787379627,
-0.126429786728703));
#6923=CARTESIAN_POINT('Ctrl Pts',(0.959441244432396,0.0406094540155675,
-0.126025024555889));
#6924=CARTESIAN_POINT('Ctrl Pts',(0.962510972931585,0.0418405542154284,
-0.125474944881372));
#6925=CARTESIAN_POINT('Ctrl Pts',(0.965557296832529,0.0430550643969743,
-0.124779641330103));
#6926=CARTESIAN_POINT('Origin',(0.860566880698767,0.289370078740157,-0.386156110890648));
#6927=CARTESIAN_POINT('',(0.782383732451964,0.289370078740157,-0.323807130704774));
#6928=CARTESIAN_POINT('Origin',(0.229892312940087,0.289370078740157,1.24865588953));
#6929=CARTESIAN_POINT('Ctrl Pts',(0.203496550824636,0.141421356237309,1.19384452471843));
#6930=CARTESIAN_POINT('Ctrl Pts',(0.20811405715008,0.151649261892928,1.20343287540203));
#6931=CARTESIAN_POINT('Ctrl Pts',(0.212810275966955,0.162065800315611,1.21318467425825));
#6932=CARTESIAN_POINT('Origin',(0.609474892858069,0.289370078740157,0.720492632853246));
#6933=CARTESIAN_POINT('',(0.566086518946313,0.289370078740157,0.630395746063004));
#6934=CARTESIAN_POINT('Origin',(0.0514949642399125,0.289370078740157,0.878209977862313));
#6935=CARTESIAN_POINT('Origin',(1.11957399784754,0.289370078740157,0.598787165318849));
#6936=CARTESIAN_POINT('Ctrl Pts',(1.06026325874954,0.14142135623731,0.585249876158474));
#6937=CARTESIAN_POINT('Ctrl Pts',(1.07063870128274,0.151649261892822,0.587618003210587));
#6938=CARTESIAN_POINT('Ctrl Pts',(1.08119100917896,0.162065800315611,0.590026498627655));
#6939=CARTESIAN_POINT('Origin',(0.943305203436898,0.289370078740157,-0.0272868501119202));
#6940=CARTESIAN_POINT('',(0.845812412218715,0.289370078740157,-0.0495389435075516));
#6941=CARTESIAN_POINT('Origin',(0.718718793960973,0.289370078740157,0.507294580856407));
#6942=CARTESIAN_POINT('Origin',(0.566807455908298,0.289370078740157,-0.754518778392506));
#6943=CARTESIAN_POINT('',(0.488624307661495,0.289370078740157,-0.692169798206633));
#6944=CARTESIAN_POINT('Ctrl Pts',(0.497439896742776,0.0393700787379629,
-0.826547534701482));
#6945=CARTESIAN_POINT('Ctrl Pts',(0.499671499609652,0.0406094540155676,
-0.828696688065146));
#6946=CARTESIAN_POINT('Ctrl Pts',(0.502015513630774,0.0418405542154282,
-0.830753729381169));
#6947=CARTESIAN_POINT('Ctrl Pts',(0.504458475722425,0.0430550643969739,
-0.832701926639309));
#6948=CARTESIAN_POINT('Origin',(0.844732712637838,0.289370078740157,-0.245623982457971));
#6949=CARTESIAN_POINT('Origin',(0.,0.0707106781186547,-3.70781360119167E-17));
#6950=CARTESIAN_POINT('',(0.334270255601753,0.0393700787391405,-0.904925783815032));
#6951=CARTESIAN_POINT('Ctrl Pts',(0.334270255603373,0.0393700787385969,
-0.904925783815651));
#6952=CARTESIAN_POINT('Ctrl Pts',(0.336749354089026,0.0360902753564385,
-0.895568942522956));
#6953=CARTESIAN_POINT('Ctrl Pts',(0.338196096139039,0.0325581850300643,
-0.88589328778448));
#6954=CARTESIAN_POINT('Ctrl Pts',(0.339552745341004,0.020861078676578,-0.855094149973638));
#6955=CARTESIAN_POINT('Ctrl Pts',(0.335501385909949,0.0120943080531208,
-0.833878558096467));
#6956=CARTESIAN_POINT('Ctrl Pts',(0.328102604978235,0.0038837457501888,
-0.815489111631809));
#6957=CARTESIAN_POINT('Ctrl Pts',(0.326955115431904,0.00261035564726928,
-0.812637061033776));
#6958=CARTESIAN_POINT('Ctrl Pts',(0.325697395839516,0.00131295380710871,
-0.809766894104284));
#6959=CARTESIAN_POINT('Ctrl Pts',(0.324328522109271,-3.09584816990209E-16,
-0.806900885099065));
#6960=CARTESIAN_POINT('',(0.334645669291339,0.0427891079252667,-0.913582677165355));
#6961=CARTESIAN_POINT('Ctrl Pts',(0.334645669291339,0.0427891079252667,
-0.913582677165355));
#6962=CARTESIAN_POINT('Ctrl Pts',(0.334645669291339,0.0416613602873736,
-0.910683145673306));
#6963=CARTESIAN_POINT('Ctrl Pts',(0.334519309996666,0.040519473122526,-0.907791932219428));
#6964=CARTESIAN_POINT('Ctrl Pts',(0.334270255601783,0.0393700787382635,
-0.904925783815381));
#6965=CARTESIAN_POINT('',(0.334645669291339,0.141421356237311,-1.16391059425639));
#6966=CARTESIAN_POINT('Ctrl Pts',(0.334645669291339,0.0427891079252667,
-0.913582677165355));
#6967=CARTESIAN_POINT('Ctrl Pts',(0.334645669291339,0.0861628770283196,
-1.02510018801385));
#6968=CARTESIAN_POINT('Ctrl Pts',(0.334645669291339,0.141421356237311,-1.16391059425639));
#6969=CARTESIAN_POINT('Origin',(0.,0.141421356237309,-7.41562720238335E-17));
#6970=CARTESIAN_POINT('Origin',(0.,0.1,0.));
#6971=CARTESIAN_POINT('',(0.334645669291339,0.162065800315612,-1.18537654078221));
#6972=CARTESIAN_POINT('Ctrl Pts',(0.334645669291339,0.141421356237311,-1.16391059425639));
#6973=CARTESIAN_POINT('Ctrl Pts',(0.334645669291339,0.151649261892989,-1.17455286062678));
#6974=CARTESIAN_POINT('Ctrl Pts',(0.334645669291339,0.162065800315612,-1.18537654078221));
#6975=CARTESIAN_POINT('',(0.372458128489687,0.2,-1.21378208444879));
#6976=CARTESIAN_POINT('Ctrl Pts',(0.372458128489687,0.2,-1.21378208444879));
#6977=CARTESIAN_POINT('Ctrl Pts',(0.353265176730255,0.180585810323036,-1.19936392067813));
#6978=CARTESIAN_POINT('Ctrl Pts',(0.334645669291339,0.162065800315612,-1.1853765407822));
#6979=CARTESIAN_POINT('Origin',(0.,0.2,0.));
#6980=CARTESIAN_POINT('Origin',(0.,0.1,0.));
#6981=CARTESIAN_POINT('Origin',(0.,0.2,0.));
#6982=CARTESIAN_POINT('Origin',(0.,0.1,0.));
#6983=CARTESIAN_POINT('Origin',(0.,0.1,0.));
#6984=CARTESIAN_POINT('Origin',(0.,0.1,0.));
#6985=CARTESIAN_POINT('Origin',(0.,0.1,0.));
#6986=CARTESIAN_POINT('Origin',(0.,0.1,0.));
#6987=CARTESIAN_POINT('Ctrl Pts',(-0.336507866684262,0.162082112698033,
-1.18486619815516));
#6988=CARTESIAN_POINT('Ctrl Pts',(-0.336507866684262,0.151657184057531,
-1.17402899061447));
#6989=CARTESIAN_POINT('Ctrl Pts',(-0.336507866684262,0.141421356237311,
-1.16337356470624));
#6990=CARTESIAN_POINT('Origin',(0.,0.289370078740157,0.));
#6991=CARTESIAN_POINT('',(0.372458128489687,0.289370078740157,-1.21378208444879));
#6992=CARTESIAN_POINT('Origin',(0.,0.289370078740157,0.));
#6993=CARTESIAN_POINT('Origin',(0.353551898890513,0.289370078740157,-1.1995793126155));
#6994=CARTESIAN_POINT('',(0.334645669291339,0.289370078740157,-1.1853765407822));
#6995=CARTESIAN_POINT('Origin',(0.334645669291339,0.289370078740157,-1.22474661952236));
#6996=CARTESIAN_POINT('',(0.334645669291339,0.289370078740157,-0.913582677165355));
#6997=CARTESIAN_POINT('Origin',(0.234645669291339,0.0196850393700787,-0.913582677165355));
#6998=CARTESIAN_POINT('',(0.234645669291339,0.0393700787401575,-0.813582677165354));
#6999=CARTESIAN_POINT('',(0.234645669291339,0.,-0.774212598425197));
#7000=CARTESIAN_POINT('Origin',(0.234645669291339,0.0393700787401575,-0.913582677165355));
#7001=CARTESIAN_POINT('Origin',(0.167322834645669,0.0196850393700787,-0.793897637795276));
#7002=CARTESIAN_POINT('',(-0.236507866684262,0.0393700787401575,-0.813582677165354));
#7003=CARTESIAN_POINT('',(-0.236507866684262,0.,-0.774212598425197));
#7004=CARTESIAN_POINT('',(0.167322834645669,0.0393700787401575,-0.813582677165354));
#7005=CARTESIAN_POINT('Origin',(-0.236507866684262,0.0196850393700787,-0.913582677165354));
#7006=CARTESIAN_POINT('Origin',(-0.236507866684262,0.0393700787401575,-0.913582677165354));
#7007=CARTESIAN_POINT('Origin',(0.234645669291339,0.289370078740157,-0.913582677165355));
#7008=CARTESIAN_POINT('',(0.234645669291339,0.289370078740157,-0.813582677165354));
#7009=CARTESIAN_POINT('Origin',(0.334645669291339,0.289370078740157,-0.813582677165354));
#7010=CARTESIAN_POINT('',(-0.236507866684262,0.289370078740157,-0.813582677165354));
#7011=CARTESIAN_POINT('Origin',(-0.236507866684262,0.289370078740157,-0.913582677165354));
#7012=CARTESIAN_POINT('',(-0.336507866684262,0.289370078740157,-0.913582677165354));
#7013=CARTESIAN_POINT('Origin',(-0.336507866684262,0.289370078740157,-0.813582677165354));
#7014=UNCERTAINTY_MEASURE_WITH_UNIT(LENGTH_MEASURE(0.000393700787401575),
#7020,'DISTANCE_ACCURACY_VALUE',
'Maximum model space distance between geometric entities at asserted c
onnectivities');
#7015=UNCERTAINTY_MEASURE_WITH_UNIT(LENGTH_MEASURE(0.000393700787401575),
#7020,'DISTANCE_ACCURACY_VALUE',
'Maximum model space distance between geometric entities at asserted c
onnectivities');
#7016=(
GEOMETRIC_REPRESENTATION_CONTEXT(3)
GLOBAL_UNCERTAINTY_ASSIGNED_CONTEXT((#7014))
GLOBAL_UNIT_ASSIGNED_CONTEXT((#7020,#7024,#7025))
REPRESENTATION_CONTEXT('','3D')
);
#7017=(
GEOMETRIC_REPRESENTATION_CONTEXT(3)
GLOBAL_UNCERTAINTY_ASSIGNED_CONTEXT((#7015))
GLOBAL_UNIT_ASSIGNED_CONTEXT((#7020,#7024,#7025))
REPRESENTATION_CONTEXT('','3D')
);
#7018=DIMENSIONAL_EXPONENTS(1.,0.,0.,0.,0.,0.,0.);
#7019=DIMENSIONAL_EXPONENTS(0.,1.,0.,0.,0.,0.,0.);
#7020=(
CONVERSION_BASED_UNIT('inch',#7023)
LENGTH_UNIT()
NAMED_UNIT(#7018)
);
#7021=(
LENGTH_UNIT()
NAMED_UNIT(*)
SI_UNIT(.MILLI.,.METRE.)
);
#7022=(
LENGTH_UNIT()
NAMED_UNIT(*)
SI_UNIT(.CENTI.,.METRE.)
);
#7023=LENGTH_MEASURE_WITH_UNIT(LENGTH_MEASURE(25.4),#7021);
#7024=(
NAMED_UNIT(*)
PLANE_ANGLE_UNIT()
SI_UNIT($,.RADIAN.)
);
#7025=(
NAMED_UNIT(*)
SI_UNIT($,.STERADIAN.)
SOLID_ANGLE_UNIT()
);
#7026=SHAPE_DEFINITION_REPRESENTATION(#7027,#7028);
#7027=PRODUCT_DEFINITION_SHAPE('',$,#7030);
#7028=SHAPE_REPRESENTATION('',(#4005),#7016);
#7029=PRODUCT_DEFINITION_CONTEXT('part definition',#7034,'design');
#7030=PRODUCT_DEFINITION('2.75 nut outer','2.75 nut outer',#7031,#7029);
#7031=PRODUCT_DEFINITION_FORMATION('',$,#7036);
#7032=PRODUCT_RELATED_PRODUCT_CATEGORY('2.75 nut outer',
'2.75 nut outer',(#7036));
#7033=APPLICATION_PROTOCOL_DEFINITION('international standard',
'automotive_design',2009,#7034);
#7034=APPLICATION_CONTEXT(
'Core Data for Automotive Mechanical Design Process');
#7035=PRODUCT_CONTEXT('part definition',#7034,'mechanical');
#7036=PRODUCT('2.75 nut outer','2.75 nut outer',$,(#7035));
#7037=PRESENTATION_STYLE_ASSIGNMENT((#7038));
#7038=SURFACE_STYLE_USAGE(.BOTH.,#7041);
#7039=SURFACE_STYLE_RENDERING_WITH_PROPERTIES($,#7045,(#7040));
#7040=SURFACE_STYLE_TRANSPARENT(0.);
#7041=SURFACE_SIDE_STYLE('',(#7042,#7039));
#7042=SURFACE_STYLE_FILL_AREA(#7043);
#7043=FILL_AREA_STYLE('',(#7044));
#7044=FILL_AREA_STYLE_COLOUR('',#7045);
#7045=COLOUR_RGB('',0.250980392156863,0.250980392156863,0.250980392156863);
ENDSEC;
END-ISO-10303-21;
