ISO-10303-21;
HEADER;
/* Generated by software containing ST-Developer
 * from STEP Tools, Inc. (www.steptools.com) 
 */

FILE_DESCRIPTION(
/* description */ (''),
/* implementation_level */ '2;1');

FILE_NAME(
/* name */ '4x2.75 outer no nut.stp',
/* time_stamp */ '2026-01-12T21:07:14+13:00',
/* author */ ('cloudy'),
/* organization */ (''),
/* preprocessor_version */ 'ST-DEVELOPER v20',
/* originating_system */ 'Autodesk Inventor 2025',
/* authorisation */ '');

FILE_SCHEMA (('AUTOMOTIVE_DESIGN { 1 0 10303 214 3 1 1 }'));
ENDSEC;

DATA;
#10=MECHANICAL_DESIGN_GEOMETRIC_PRESENTATION_REPRESENTATION('',(#112,#113,
#114,#115,#116,#117,#118,#119,#120,#121,#122,#123,#124,#125,#126,#127,#128,
#129,#130,#131,#132,#133,#134,#135,#136,#137,#138,#139,#140,#141,#142,#143,
#144,#145,#146,#147,#148,#149,#150,#151,#152,#153,#154,#155,#156,#157,#158,
#159,#160,#161,#162,#163,#164,#165,#166,#167,#168,#169,#170,#171,#172,#173,
#174,#175,#176,#177,#178,#179,#180,#181,#182,#183,#184,#185,#186,#187,#188,
#189,#190,#191,#192,#193,#194,#195,#196,#197,#198,#199,#200,#201,#202,#203,
#204,#205,#206,#207,#208,#209,#210),#3429);
#11=SHAPE_REPRESENTATION_RELATIONSHIP('SRR','None',#3440,#12);
#12=ADVANCED_BREP_SHAPE_REPRESENTATION('',(#13),#3428);
#13=MANIFOLD_SOLID_BREP('Solid1',#1948);
#14=CONICAL_SURFACE('',#2048,0.119685039370079,0.785398163397448);
#15=CONICAL_SURFACE('',#2051,0.119685039370079,0.785398163397448);
#16=CONICAL_SURFACE('',#2073,1.04035314984324,1.17809724509617);
#17=CONICAL_SURFACE('',#2075,0.119685039370079,0.785398163397449);
#18=CONICAL_SURFACE('',#2077,0.119685039370079,0.78539816339745);
#19=CONICAL_SURFACE('',#2078,1.04035314984324,1.17809724509617);
#20=CONICAL_SURFACE('',#2080,0.119685039370079,0.785398163397448);
#21=CONICAL_SURFACE('',#2082,0.119685039370079,0.785398163397448);
#22=CONICAL_SURFACE('',#2083,1.04035314984324,1.17809724509617);
#23=CONICAL_SURFACE('',#2087,0.119685039370079,0.785398163397448);
#24=CONICAL_SURFACE('',#2090,0.119685039370079,0.785398163397448);
#25=CONICAL_SURFACE('',#2092,1.04035314984324,1.17809724509617);
#26=CONICAL_SURFACE('',#2100,0.119685039370079,0.785398163397448);
#27=CONICAL_SURFACE('',#2103,0.119685039370079,0.785398163397449);
#28=CONICAL_SURFACE('',#2105,1.04035314984324,1.17809724509617);
#29=CONICAL_SURFACE('',#2112,0.119685039370079,0.785398163397449);
#30=CONICAL_SURFACE('',#2115,0.119685039370079,0.785398163397448);
#31=CONICAL_SURFACE('',#2117,1.04035314984324,1.17809724509617);
#32=CONICAL_SURFACE('',#2128,1.04035314984324,1.17809724509617);
#33=CONICAL_SURFACE('',#2130,1.16964247172458,0.785398163397448);
#34=CONICAL_SURFACE('',#2132,1.16964247172458,0.785398163397448);
#35=CONICAL_SURFACE('',#2134,1.16964247172458,0.785398163397448);
#36=CONICAL_SURFACE('',#2135,1.16964247172458,0.785398163397448);
#37=CONICAL_SURFACE('',#2136,1.16964247172458,0.785398163397448);
#38=CONICAL_SURFACE('',#2137,1.16964247172458,0.785398163397448);
#39=CONICAL_SURFACE('',#2138,1.16964247172458,0.785398163397448);
#40=CONICAL_SURFACE('',#2143,0.119685039370079,0.785398163397449);
#41=CONICAL_SURFACE('',#2146,0.119685039370079,0.785398163397447);
#42=B_SPLINE_CURVE_WITH_KNOTS('',3,(#2697,#2698,#2699,#2700),
 .UNSPECIFIED.,.F.,.F.,(4,4),(1.66576591224142,1.68985223535281),
 .UNSPECIFIED.);
#43=B_SPLINE_CURVE_WITH_KNOTS('',3,(#2713,#2714,#2715,#2716),
 .UNSPECIFIED.,.F.,.F.,(4,4),(0.758824750593759,0.781178459159582),
 .UNSPECIFIED.);
#44=B_SPLINE_CURVE_WITH_KNOTS('',3,(#2771,#2772,#2773,#2774),
 .UNSPECIFIED.,.F.,.F.,(4,4),(1.66576591224142,1.68985223535281),
 .UNSPECIFIED.);
#45=B_SPLINE_CURVE_WITH_KNOTS('',3,(#2787,#2788,#2789,#2790),
 .UNSPECIFIED.,.F.,.F.,(4,4),(0.758824750593759,0.781178459159579),
 .UNSPECIFIED.);
#46=B_SPLINE_CURVE_WITH_KNOTS('',3,(#2845,#2846,#2847,#2848),
 .UNSPECIFIED.,.F.,.F.,(4,4),(1.66576591224142,1.6898522353528),
 .UNSPECIFIED.);
#47=B_SPLINE_CURVE_WITH_KNOTS('',3,(#2861,#2862,#2863,#2864),
 .UNSPECIFIED.,.F.,.F.,(4,4),(0.758824750593759,0.781178459159576),
 .UNSPECIFIED.);
#48=B_SPLINE_CURVE_WITH_KNOTS('',3,(#2988,#2989,#2990,#2991,#2992,#2993,
#2994,#2995),.UNSPECIFIED.,.F.,.F.,(4,2,2,4),(0.84848888033223,0.923590888214898,
1.08707976559241,1.11243553426073),.UNSPECIFIED.);
#49=B_SPLINE_CURVE_WITH_KNOTS('',3,(#3005,#3006,#3007,#3008,#3009,#3010,
#3011,#3012),.UNSPECIFIED.,.F.,.F.,(4,2,2,4),(0.870240359930851,0.897200081982716,
1.06036774455728,1.13394854935078),.UNSPECIFIED.);
#50=B_SPLINE_CURVE_WITH_KNOTS('',3,(#3072,#3073,#3074,#3075),
 .UNSPECIFIED.,.F.,.F.,(4,4),(0.0706651890846536,0.0947515121960372),
 .UNSPECIFIED.);
#51=B_SPLINE_CURVE_WITH_KNOTS('',3,(#3076,#3077,#3078,#3079,#3080,#3081,
#3082,#3083),.UNSPECIFIED.,.F.,.F.,(4,2,2,4),(-1.1119198549749,-1.08496013332374,
-0.921792470749179,-0.848211665955674),.UNSPECIFIED.);
#52=B_SPLINE_CURVE_WITH_KNOTS('',3,(#3085,#3086,#3087,#3088,#3089,#3090,
#3091,#3092),.UNSPECIFIED.,.F.,.F.,(4,2,2,4),(0.84848888033223,0.923590888214896,
1.08707976559241,1.11243553426073),.UNSPECIFIED.);
#53=B_SPLINE_CURVE_WITH_KNOTS('',3,(#3097,#3098,#3099,#3100,#3101,#3102,
#3103,#3104),.UNSPECIFIED.,.F.,.F.,(4,2,2,4),(0.870240359930849,0.897200081982713,
1.06036774455727,1.13394854935078),.UNSPECIFIED.);
#54=B_SPLINE_CURVE_WITH_KNOTS('',3,(#3108,#3109,#3110,#3111,#3112,#3113,
#3114,#3115),.UNSPECIFIED.,.F.,.F.,(4,2,2,4),(0.84848888033223,0.923590888214893,
1.0870797655924,1.11243553426072),.UNSPECIFIED.);
#55=B_SPLINE_CURVE_WITH_KNOTS('',3,(#3120,#3121,#3122,#3123,#3124,#3125,
#3126,#3127),.UNSPECIFIED.,.F.,.F.,(4,2,2,4),(0.870240359930847,0.897200081982712,
1.06036774455727,1.13394854935077),.UNSPECIFIED.);
#56=B_SPLINE_CURVE_WITH_KNOTS('',3,(#3150,#3151,#3152,#3153,#3154,#3155,
#3156,#3157),.UNSPECIFIED.,.F.,.F.,(4,2,2,4),(0.84848888033223,0.923590888214891,
1.0870797655924,1.11243553426072),.UNSPECIFIED.);
#57=B_SPLINE_CURVE_WITH_KNOTS('',3,(#3167,#3168,#3169,#3170,#3171,#3172,
#3173,#3174),.UNSPECIFIED.,.F.,.F.,(4,2,2,4),(0.870240359930845,0.897200081982711,
1.06036774455727,1.13394854935077),.UNSPECIFIED.);
#58=B_SPLINE_CURVE_WITH_KNOTS('',3,(#3178,#3179,#3180,#3181),
 .UNSPECIFIED.,.F.,.F.,(4,4),(0.758824750593759,0.781178459159582),
 .UNSPECIFIED.);
#59=B_SPLINE_CURVE_WITH_KNOTS('',3,(#3220,#3221,#3222,#3223,#3224,#3225,
#3226,#3227),.UNSPECIFIED.,.F.,.F.,(4,2,2,4),(0.848488880332231,0.923590888214893,
1.0870797655924,1.11243553426072),.UNSPECIFIED.);
#60=B_SPLINE_CURVE_WITH_KNOTS('',3,(#3237,#3238,#3239,#3240,#3241,#3242,
#3243,#3244),.UNSPECIFIED.,.F.,.F.,(4,2,2,4),(0.87024035993085,0.897200081982715,
1.06036774455728,1.13394854935078),.UNSPECIFIED.);
#61=B_SPLINE_CURVE_WITH_KNOTS('',3,(#3248,#3249,#3250,#3251),
 .UNSPECIFIED.,.F.,.F.,(4,4),(0.758824750593758,0.781178459159582),
 .UNSPECIFIED.);
#62=B_SPLINE_CURVE_WITH_KNOTS('',3,(#3257,#3258,#3259,#3260),
 .UNSPECIFIED.,.F.,.F.,(4,4),(1.66576591224142,1.68985223535281),
 .UNSPECIFIED.);
#63=B_SPLINE_CURVE_WITH_KNOTS('',3,(#3302,#3303,#3304,#3305,#3306,#3307,
#3308,#3309),.UNSPECIFIED.,.F.,.F.,(4,2,2,4),(0.848488880332231,0.923590888214897,
1.08707976559241,1.11243553426073),.UNSPECIFIED.);
#64=B_SPLINE_CURVE_WITH_KNOTS('',3,(#3319,#3320,#3321,#3322,#3323,#3324,
#3325,#3326),.UNSPECIFIED.,.F.,.F.,(4,2,2,4),(0.870240359930852,0.897200081982716,
1.06036774455728,1.13394854935078),.UNSPECIFIED.);
#65=B_SPLINE_CURVE_WITH_KNOTS('',3,(#3329,#3330,#3331,#3332),
 .UNSPECIFIED.,.F.,.F.,(4,4),(0.758824750593759,0.781178459159579),
 .UNSPECIFIED.);
#66=B_SPLINE_CURVE_WITH_KNOTS('',3,(#3334,#3335,#3336,#3337),
 .UNSPECIFIED.,.F.,.F.,(4,4),(1.66576591224142,1.68985223535281),
 .UNSPECIFIED.);
#67=B_SPLINE_CURVE_WITH_KNOTS('',3,(#3356,#3357,#3358,#3359),
 .UNSPECIFIED.,.F.,.F.,(4,4),(1.66576591224142,1.68985223535281),
 .UNSPECIFIED.);
#68=B_SPLINE_CURVE_WITH_KNOTS('',3,(#3363,#3364,#3365,#3366,#3367,#3368,
#3369,#3370,#3371),.UNSPECIFIED.,.F.,.F.,(4,2,3,4),(-0.23859088526018,-0.163488877377512,
0.,0.025355768668317),.UNSPECIFIED.);
#69=B_SPLINE_CURVE_WITH_KNOTS('',3,(#3373,#3374,#3375,#3376),
 .UNSPECIFIED.,.F.,.F.,(4,4),(0.758824750593759,0.781178459159576),
 .UNSPECIFIED.);
#70=(
BOUNDED_CURVE()
B_SPLINE_CURVE(2,(#2660,#2661,#2662),.UNSPECIFIED.,.F.,.F.)
B_SPLINE_CURVE_WITH_KNOTS((3,3),(0.,0.152412986696158),.UNSPECIFIED.)
CURVE()
GEOMETRIC_REPRESENTATION_ITEM()
RATIONAL_B_SPLINE_CURVE((1.,1.00027978824243,1.00020197597994))
REPRESENTATION_ITEM('')
);
#71=(
BOUNDED_CURVE()
B_SPLINE_CURVE(2,(#2675,#2676,#2677),.UNSPECIFIED.,.F.,.F.)
B_SPLINE_CURVE_WITH_KNOTS((3,3),(0.0861175963699616,0.238410557079738),
 .UNSPECIFIED.)
CURVE()
GEOMETRIC_REPRESENTATION_ITEM()
RATIONAL_B_SPLINE_CURVE((1.00020180148462,1.00027933666519,1.))
REPRESENTATION_ITEM('')
);
#72=(
BOUNDED_CURVE()
B_SPLINE_CURVE(2,(#2684,#2685,#2686),.UNSPECIFIED.,.F.,.F.)
B_SPLINE_CURVE_WITH_KNOTS((3,3),(0.,0.64547871285236),.UNSPECIFIED.)
CURVE()
GEOMETRIC_REPRESENTATION_ITEM()
RATIONAL_B_SPLINE_CURVE((1.,1.01010917376189,1.00698146198152))
REPRESENTATION_ITEM('')
);
#73=(
BOUNDED_CURVE()
B_SPLINE_CURVE(2,(#2687,#2688,#2689),.UNSPECIFIED.,.F.,.F.)
B_SPLINE_CURVE_WITH_KNOTS((3,3),(0.137631839887139,0.214562037632394),
 .UNSPECIFIED.)
CURVE()
GEOMETRIC_REPRESENTATION_ITEM()
RATIONAL_B_SPLINE_CURVE((1.00013850263142,1.00010795978183,1.))
REPRESENTATION_ITEM('')
);
#74=(
BOUNDED_CURVE()
B_SPLINE_CURVE(2,(#2724,#2725,#2726),.UNSPECIFIED.,.F.,.F.)
B_SPLINE_CURVE_WITH_KNOTS((3,3),(0.,0.0768514047032063),.UNSPECIFIED.)
CURVE()
GEOMETRIC_REPRESENTATION_ITEM()
RATIONAL_B_SPLINE_CURVE((1.,1.00010777914416,1.00013833247199))
REPRESENTATION_ITEM('')
);
#75=(
BOUNDED_CURVE()
B_SPLINE_CURVE(2,(#2727,#2728,#2729),.UNSPECIFIED.,.F.,.F.)
B_SPLINE_CURVE_WITH_KNOTS((3,3),(0.338208885961422,0.985347945359484),
 .UNSPECIFIED.)
CURVE()
GEOMETRIC_REPRESENTATION_ITEM()
RATIONAL_B_SPLINE_CURVE((1.00695206719331,1.01012718087737,1.))
REPRESENTATION_ITEM('')
);
#76=(
BOUNDED_CURVE()
B_SPLINE_CURVE(2,(#2735,#2736,#2737),.UNSPECIFIED.,.F.,.F.)
B_SPLINE_CURVE_WITH_KNOTS((3,3),(0.,0.152412986696135),.UNSPECIFIED.)
CURVE()
GEOMETRIC_REPRESENTATION_ITEM()
RATIONAL_B_SPLINE_CURVE((1.,1.00027978824494,1.00020197598175))
REPRESENTATION_ITEM('')
);
#77=(
BOUNDED_CURVE()
B_SPLINE_CURVE(2,(#2749,#2750,#2751),.UNSPECIFIED.,.F.,.F.)
B_SPLINE_CURVE_WITH_KNOTS((3,3),(0.0861175963699954,0.238410557079738),
 .UNSPECIFIED.)
CURVE()
GEOMETRIC_REPRESENTATION_ITEM()
RATIONAL_B_SPLINE_CURVE((1.00020180148548,1.00027933666637,1.))
REPRESENTATION_ITEM('')
);
#78=(
BOUNDED_CURVE()
B_SPLINE_CURVE(2,(#2758,#2759,#2760),.UNSPECIFIED.,.F.,.F.)
B_SPLINE_CURVE_WITH_KNOTS((3,3),(0.,0.645478712852166),.UNSPECIFIED.)
CURVE()
GEOMETRIC_REPRESENTATION_ITEM()
RATIONAL_B_SPLINE_CURVE((1.,1.01010917376251,1.00698146198195))
REPRESENTATION_ITEM('')
);
#79=(
BOUNDED_CURVE()
B_SPLINE_CURVE(2,(#2761,#2762,#2763),.UNSPECIFIED.,.F.,.F.)
B_SPLINE_CURVE_WITH_KNOTS((3,3),(0.137631839888475,0.214562037632394),
 .UNSPECIFIED.)
CURVE()
GEOMETRIC_REPRESENTATION_ITEM()
RATIONAL_B_SPLINE_CURVE((1.00013850263108,1.00010795978157,1.))
REPRESENTATION_ITEM('')
);
#80=(
BOUNDED_CURVE()
B_SPLINE_CURVE(2,(#2798,#2799,#2800),.UNSPECIFIED.,.F.,.F.)
B_SPLINE_CURVE_WITH_KNOTS((3,3),(0.,0.0768514047083886),.UNSPECIFIED.)
CURVE()
GEOMETRIC_REPRESENTATION_ITEM()
RATIONAL_B_SPLINE_CURVE((1.,1.0001077791331,1.00013833245779))
REPRESENTATION_ITEM('')
);
#81=(
BOUNDED_CURVE()
B_SPLINE_CURVE(2,(#2801,#2802,#2803),.UNSPECIFIED.,.F.,.F.)
B_SPLINE_CURVE_WITH_KNOTS((3,3),(0.338208885961174,0.985347945359484),
 .UNSPECIFIED.)
CURVE()
GEOMETRIC_REPRESENTATION_ITEM()
RATIONAL_B_SPLINE_CURVE((1.00695206719307,1.01012718087703,1.))
REPRESENTATION_ITEM('')
);
#82=(
BOUNDED_CURVE()
B_SPLINE_CURVE(2,(#2809,#2810,#2811),.UNSPECIFIED.,.F.,.F.)
B_SPLINE_CURVE_WITH_KNOTS((3,3),(0.,0.15241298669613),.UNSPECIFIED.)
CURVE()
GEOMETRIC_REPRESENTATION_ITEM()
RATIONAL_B_SPLINE_CURVE((1.,1.0002797882446,1.0002019759815))
REPRESENTATION_ITEM('')
);
#83=(
BOUNDED_CURVE()
B_SPLINE_CURVE(2,(#2823,#2824,#2825),.UNSPECIFIED.,.F.,.F.)
B_SPLINE_CURVE_WITH_KNOTS((3,3),(0.0861175963700169,0.238410557079738),
 .UNSPECIFIED.)
CURVE()
GEOMETRIC_REPRESENTATION_ITEM()
RATIONAL_B_SPLINE_CURVE((1.00020180148496,1.00027933666566,1.))
REPRESENTATION_ITEM('')
);
#84=(
BOUNDED_CURVE()
B_SPLINE_CURVE(2,(#2832,#2833,#2834),.UNSPECIFIED.,.F.,.F.)
B_SPLINE_CURVE_WITH_KNOTS((3,3),(0.,0.645478712852005),.UNSPECIFIED.)
CURVE()
GEOMETRIC_REPRESENTATION_ITEM()
RATIONAL_B_SPLINE_CURVE((1.,1.01010917376254,1.00698146198197))
REPRESENTATION_ITEM('')
);
#85=(
BOUNDED_CURVE()
B_SPLINE_CURVE(2,(#2835,#2836,#2837),.UNSPECIFIED.,.F.,.F.)
B_SPLINE_CURVE_WITH_KNOTS((3,3),(0.137631839887438,0.214562037632394),
 .UNSPECIFIED.)
CURVE()
GEOMETRIC_REPRESENTATION_ITEM()
RATIONAL_B_SPLINE_CURVE((1.00013850263202,1.0001079597823,1.))
REPRESENTATION_ITEM('')
);
#86=(
BOUNDED_CURVE()
B_SPLINE_CURVE(2,(#2872,#2873,#2874),.UNSPECIFIED.,.F.,.F.)
B_SPLINE_CURVE_WITH_KNOTS((3,3),(0.,0.0768514047078714),.UNSPECIFIED.)
CURVE()
GEOMETRIC_REPRESENTATION_ITEM()
RATIONAL_B_SPLINE_CURVE((1.,1.00010777913561,1.00013833246102))
REPRESENTATION_ITEM('')
);
#87=(
BOUNDED_CURVE()
B_SPLINE_CURVE(2,(#2875,#2876,#2877),.UNSPECIFIED.,.F.,.F.)
B_SPLINE_CURVE_WITH_KNOTS((3,3),(0.338208885961397,0.985347945359484),
 .UNSPECIFIED.)
CURVE()
GEOMETRIC_REPRESENTATION_ITEM()
RATIONAL_B_SPLINE_CURVE((1.00695206719318,1.01012718087718,1.))
REPRESENTATION_ITEM('')
);
#88=(
BOUNDED_CURVE()
B_SPLINE_CURVE(2,(#2883,#2884,#2885),.UNSPECIFIED.,.F.,.F.)
B_SPLINE_CURVE_WITH_KNOTS((3,3),(0.,0.152412986696165),.UNSPECIFIED.)
CURVE()
GEOMETRIC_REPRESENTATION_ITEM()
RATIONAL_B_SPLINE_CURVE((1.,1.00027978824391,1.00020197598101))
REPRESENTATION_ITEM('')
);
#89=(
BOUNDED_CURVE()
B_SPLINE_CURVE(2,(#2897,#2898,#2899),.UNSPECIFIED.,.F.,.F.)
B_SPLINE_CURVE_WITH_KNOTS((3,3),(0.0861175963700969,0.238410557079738),
 .UNSPECIFIED.)
CURVE()
GEOMETRIC_REPRESENTATION_ITEM()
RATIONAL_B_SPLINE_CURVE((1.00020180148426,1.00027933666469,1.))
REPRESENTATION_ITEM('')
);
#90=(
BOUNDED_CURVE()
B_SPLINE_CURVE(2,(#3068,#3069,#3070),.UNSPECIFIED.,.F.,.F.)
B_SPLINE_CURVE_WITH_KNOTS((3,3),(0.859788185630634,1.60543526878135),
 .UNSPECIFIED.)
CURVE()
GEOMETRIC_REPRESENTATION_ITEM()
RATIONAL_B_SPLINE_CURVE((1.02357714981084,1.02605179630549,1.01508598727345))
REPRESENTATION_ITEM('')
);
#91=(
BOUNDED_CURVE()
B_SPLINE_CURVE(2,(#3134,#3135,#3136),.UNSPECIFIED.,.F.,.F.)
B_SPLINE_CURVE_WITH_KNOTS((3,3),(0.0861175963701021,0.238410557079738),
 .UNSPECIFIED.)
CURVE()
GEOMETRIC_REPRESENTATION_ITEM()
RATIONAL_B_SPLINE_CURVE((1.00020180148475,1.00027933666537,1.))
REPRESENTATION_ITEM('')
);
#92=(
BOUNDED_CURVE()
B_SPLINE_CURVE(2,(#3142,#3143,#3144),.UNSPECIFIED.,.F.,.F.)
B_SPLINE_CURVE_WITH_KNOTS((3,3),(0.,0.645478712852118),.UNSPECIFIED.)
CURVE()
GEOMETRIC_REPRESENTATION_ITEM()
RATIONAL_B_SPLINE_CURVE((1.,1.01010917376247,1.00698146198192))
REPRESENTATION_ITEM('')
);
#93=(
BOUNDED_CURVE()
B_SPLINE_CURVE(2,(#3145,#3146,#3147),.UNSPECIFIED.,.F.,.F.)
B_SPLINE_CURVE_WITH_KNOTS((3,3),(0.137631839887384,0.214562037632394),
 .UNSPECIFIED.)
CURVE()
GEOMETRIC_REPRESENTATION_ITEM()
RATIONAL_B_SPLINE_CURVE((1.00013850262481,1.00010795977668,1.))
REPRESENTATION_ITEM('')
);
#94=(
BOUNDED_CURVE()
B_SPLINE_CURVE(2,(#3183,#3184,#3185),.UNSPECIFIED.,.F.,.F.)
B_SPLINE_CURVE_WITH_KNOTS((3,3),(0.33820888596152,0.985347945359484),
 .UNSPECIFIED.)
CURVE()
GEOMETRIC_REPRESENTATION_ITEM()
RATIONAL_B_SPLINE_CURVE((1.00695206719343,1.01012718087754,1.))
REPRESENTATION_ITEM('')
);
#95=(
BOUNDED_CURVE()
B_SPLINE_CURVE(2,(#3194,#3195,#3196),.UNSPECIFIED.,.F.,.F.)
B_SPLINE_CURVE_WITH_KNOTS((3,3),(0.0861175963700047,0.238410557079738),
 .UNSPECIFIED.)
CURVE()
GEOMETRIC_REPRESENTATION_ITEM()
RATIONAL_B_SPLINE_CURVE((1.0002018014847,1.00027933666529,1.))
REPRESENTATION_ITEM('')
);
#96=(
BOUNDED_CURVE()
B_SPLINE_CURVE(2,(#3202,#3203,#3204),.UNSPECIFIED.,.F.,.F.)
B_SPLINE_CURVE_WITH_KNOTS((3,3),(0.,0.645478712852039),.UNSPECIFIED.)
CURVE()
GEOMETRIC_REPRESENTATION_ITEM()
RATIONAL_B_SPLINE_CURVE((1.,1.01010917376248,1.00698146198193))
REPRESENTATION_ITEM('')
);
#97=(
BOUNDED_CURVE()
B_SPLINE_CURVE(2,(#3205,#3206,#3207),.UNSPECIFIED.,.F.,.F.)
B_SPLINE_CURVE_WITH_KNOTS((3,3),(0.137631839884285,0.214562037632395),
 .UNSPECIFIED.)
CURVE()
GEOMETRIC_REPRESENTATION_ITEM()
RATIONAL_B_SPLINE_CURVE((1.00013850263175,1.00010795978209,1.))
REPRESENTATION_ITEM('')
);
#98=(
BOUNDED_CURVE()
B_SPLINE_CURVE(2,(#3212,#3213,#3214),.UNSPECIFIED.,.F.,.F.)
B_SPLINE_CURVE_WITH_KNOTS((3,3),(0.,0.15241298669618),.UNSPECIFIED.)
CURVE()
GEOMETRIC_REPRESENTATION_ITEM()
RATIONAL_B_SPLINE_CURVE((1.,1.00027978824354,1.00020197598074))
REPRESENTATION_ITEM('')
);
#99=(
BOUNDED_CURVE()
B_SPLINE_CURVE(2,(#3253,#3254,#3255),.UNSPECIFIED.,.F.,.F.)
B_SPLINE_CURVE_WITH_KNOTS((3,3),(0.338208885961187,0.985347945359484),
 .UNSPECIFIED.)
CURVE()
GEOMETRIC_REPRESENTATION_ITEM()
RATIONAL_B_SPLINE_CURVE((1.00695206719305,1.01012718087699,1.))
REPRESENTATION_ITEM('')
);
#100=(
BOUNDED_CURVE()
B_SPLINE_CURVE(2,(#3268,#3269,#3270),.UNSPECIFIED.,.F.,.F.)
B_SPLINE_CURVE_WITH_KNOTS((3,3),(0.0861175963701316,0.238410557079738),
 .UNSPECIFIED.)
CURVE()
GEOMETRIC_REPRESENTATION_ITEM()
RATIONAL_B_SPLINE_CURVE((1.00020180148476,1.00027933666537,1.))
REPRESENTATION_ITEM('')
);
#101=(
BOUNDED_CURVE()
B_SPLINE_CURVE(2,(#3276,#3277,#3278),.UNSPECIFIED.,.F.,.F.)
B_SPLINE_CURVE_WITH_KNOTS((3,3),(0.,0.645478712852143),.UNSPECIFIED.)
CURVE()
GEOMETRIC_REPRESENTATION_ITEM()
RATIONAL_B_SPLINE_CURVE((1.,1.0101091737624,1.00698146198187))
REPRESENTATION_ITEM('')
);
#102=(
BOUNDED_CURVE()
B_SPLINE_CURVE(2,(#3279,#3280,#3281),.UNSPECIFIED.,.F.,.F.)
B_SPLINE_CURVE_WITH_KNOTS((3,3),(0.137631839889405,0.214562037632395),
 .UNSPECIFIED.)
CURVE()
GEOMETRIC_REPRESENTATION_ITEM()
RATIONAL_B_SPLINE_CURVE((1.00013850262713,1.00010795977849,1.))
REPRESENTATION_ITEM('')
);
#103=(
BOUNDED_CURVE()
B_SPLINE_CURVE(2,(#3286,#3287,#3288),.UNSPECIFIED.,.F.,.F.)
B_SPLINE_CURVE_WITH_KNOTS((3,3),(0.,0.152412986696138),.UNSPECIFIED.)
CURVE()
GEOMETRIC_REPRESENTATION_ITEM()
RATIONAL_B_SPLINE_CURVE((1.,1.0002797882429,1.00020197598028))
REPRESENTATION_ITEM('')
);
#104=(
BOUNDED_CURVE()
B_SPLINE_CURVE(2,(#3292,#3293,#3294),.UNSPECIFIED.,.F.,.F.)
B_SPLINE_CURVE_WITH_KNOTS((3,3),(0.,0.0768514047081415),.UNSPECIFIED.)
CURVE()
GEOMETRIC_REPRESENTATION_ITEM()
RATIONAL_B_SPLINE_CURVE((1.,1.00010777913069,1.00013833245469))
REPRESENTATION_ITEM('')
);
#105=(
BOUNDED_CURVE()
B_SPLINE_CURVE(2,(#3296,#3297,#3298),.UNSPECIFIED.,.F.,.F.)
B_SPLINE_CURVE_WITH_KNOTS((3,3),(0.338208885961243,0.985347945359484),
 .UNSPECIFIED.)
CURVE()
GEOMETRIC_REPRESENTATION_ITEM()
RATIONAL_B_SPLINE_CURVE((1.00695206719316,1.01012718087716,1.))
REPRESENTATION_ITEM('')
);
#106=(
BOUNDED_CURVE()
B_SPLINE_CURVE(2,(#3341,#3342,#3343),.UNSPECIFIED.,.F.,.F.)
B_SPLINE_CURVE_WITH_KNOTS((3,3),(0.,0.0768514047059142),.UNSPECIFIED.)
CURVE()
GEOMETRIC_REPRESENTATION_ITEM()
RATIONAL_B_SPLINE_CURVE((1.,1.00010777913024,1.00013833245412))
REPRESENTATION_ITEM('')
);
#107=(
BOUNDED_CURVE()
B_SPLINE_CURVE(2,(#3348,#3349,#3350),.UNSPECIFIED.,.F.,.F.)
B_SPLINE_CURVE_WITH_KNOTS((3,3),(0.,0.0768514047061732),.UNSPECIFIED.)
CURVE()
GEOMETRIC_REPRESENTATION_ITEM()
RATIONAL_B_SPLINE_CURVE((1.,1.00010777912196,1.00013833244349))
REPRESENTATION_ITEM('')
);
#108=(
BOUNDED_CURVE()
B_SPLINE_CURVE(2,(#3378,#3379,#3380),.UNSPECIFIED.,.F.,.F.)
B_SPLINE_CURVE_WITH_KNOTS((3,3),(0.386160585588577,1.13370260311968),
 .UNSPECIFIED.)
CURVE()
GEOMETRIC_REPRESENTATION_ITEM()
RATIONAL_B_SPLINE_CURVE((1.01499927208129,1.02602888755055,1.02355251312935))
REPRESENTATION_ITEM('')
);
#109=(
BOUNDED_CURVE()
B_SPLINE_CURVE(2,(#3384,#3385,#3386),.UNSPECIFIED.,.F.,.F.)
B_SPLINE_CURVE_WITH_KNOTS((3,3),(0.5529094055333,0.627786650200689),
 .UNSPECIFIED.)
CURVE()
GEOMETRIC_REPRESENTATION_ITEM()
RATIONAL_B_SPLINE_CURVE((1.0038836881013,1.00386046121273,1.00375971776729))
REPRESENTATION_ITEM('')
);
#110=(
BOUNDED_CURVE()
B_SPLINE_CURVE(2,(#3388,#3389,#3390),.UNSPECIFIED.,.F.,.F.)
B_SPLINE_CURVE_WITH_KNOTS((3,3),(0.,0.152412986696167),.UNSPECIFIED.)
CURVE()
GEOMETRIC_REPRESENTATION_ITEM()
RATIONAL_B_SPLINE_CURVE((1.,1.0002797882424,1.00020197597992))
REPRESENTATION_ITEM('')
);
#111=(
BOUNDED_CURVE()
B_SPLINE_CURVE(2,(#3399,#3400,#3401),.UNSPECIFIED.,.F.,.F.)
B_SPLINE_CURVE_WITH_KNOTS((3,3),(0.433175830198235,0.508128583871592),
 .UNSPECIFIED.)
CURVE()
GEOMETRIC_REPRESENTATION_ITEM()
RATIONAL_B_SPLINE_CURVE((1.00376303252488,1.00386404124697,1.00388734132034))
REPRESENTATION_ITEM('')
);
#112=STYLED_ITEM('',(#3449),#1850);
#113=STYLED_ITEM('',(#3449),#1851);
#114=STYLED_ITEM('',(#3449),#1852);
#115=STYLED_ITEM('',(#3449),#1853);
#116=STYLED_ITEM('',(#3449),#1854);
#117=STYLED_ITEM('',(#3449),#1855);
#118=STYLED_ITEM('',(#3449),#1856);
#119=STYLED_ITEM('',(#3449),#1857);
#120=STYLED_ITEM('',(#3449),#1858);
#121=STYLED_ITEM('',(#3449),#1859);
#122=STYLED_ITEM('',(#3449),#1860);
#123=STYLED_ITEM('',(#3449),#1861);
#124=STYLED_ITEM('',(#3449),#1862);
#125=STYLED_ITEM('',(#3449),#1863);
#126=STYLED_ITEM('',(#3449),#1864);
#127=STYLED_ITEM('',(#3449),#1865);
#128=STYLED_ITEM('',(#3449),#1866);
#129=STYLED_ITEM('',(#3449),#1867);
#130=STYLED_ITEM('',(#3449),#1868);
#131=STYLED_ITEM('',(#3449),#1869);
#132=STYLED_ITEM('',(#3449),#1870);
#133=STYLED_ITEM('',(#3449),#1871);
#134=STYLED_ITEM('',(#3449),#1872);
#135=STYLED_ITEM('',(#3449),#1873);
#136=STYLED_ITEM('',(#3449),#1874);
#137=STYLED_ITEM('',(#3449),#1875);
#138=STYLED_ITEM('',(#3449),#1876);
#139=STYLED_ITEM('',(#3449),#1877);
#140=STYLED_ITEM('',(#3449),#1878);
#141=STYLED_ITEM('',(#3449),#1879);
#142=STYLED_ITEM('',(#3449),#1880);
#143=STYLED_ITEM('',(#3449),#1881);
#144=STYLED_ITEM('',(#3449),#1882);
#145=STYLED_ITEM('',(#3449),#1883);
#146=STYLED_ITEM('',(#3449),#1884);
#147=STYLED_ITEM('',(#3449),#1885);
#148=STYLED_ITEM('',(#3449),#1886);
#149=STYLED_ITEM('',(#3449),#1887);
#150=STYLED_ITEM('',(#3449),#1888);
#151=STYLED_ITEM('',(#3449),#1889);
#152=STYLED_ITEM('',(#3449),#1890);
#153=STYLED_ITEM('',(#3449),#1891);
#154=STYLED_ITEM('',(#3449),#1892);
#155=STYLED_ITEM('',(#3449),#1893);
#156=STYLED_ITEM('',(#3449),#1894);
#157=STYLED_ITEM('',(#3449),#1895);
#158=STYLED_ITEM('',(#3449),#1896);
#159=STYLED_ITEM('',(#3449),#1897);
#160=STYLED_ITEM('',(#3449),#1898);
#161=STYLED_ITEM('',(#3449),#1899);
#162=STYLED_ITEM('',(#3449),#1900);
#163=STYLED_ITEM('',(#3449),#1901);
#164=STYLED_ITEM('',(#3449),#1902);
#165=STYLED_ITEM('',(#3449),#1903);
#166=STYLED_ITEM('',(#3449),#1904);
#167=STYLED_ITEM('',(#3449),#1905);
#168=STYLED_ITEM('',(#3449),#1906);
#169=STYLED_ITEM('',(#3449),#1907);
#170=STYLED_ITEM('',(#3449),#1908);
#171=STYLED_ITEM('',(#3449),#1909);
#172=STYLED_ITEM('',(#3449),#1910);
#173=STYLED_ITEM('',(#3449),#1911);
#174=STYLED_ITEM('',(#3449),#1912);
#175=STYLED_ITEM('',(#3449),#1913);
#176=STYLED_ITEM('',(#3449),#1914);
#177=STYLED_ITEM('',(#3449),#1915);
#178=STYLED_ITEM('',(#3449),#1916);
#179=STYLED_ITEM('',(#3449),#1917);
#180=STYLED_ITEM('',(#3449),#1918);
#181=STYLED_ITEM('',(#3449),#1919);
#182=STYLED_ITEM('',(#3449),#1920);
#183=STYLED_ITEM('',(#3449),#1921);
#184=STYLED_ITEM('',(#3449),#1922);
#185=STYLED_ITEM('',(#3449),#1923);
#186=STYLED_ITEM('',(#3449),#1924);
#187=STYLED_ITEM('',(#3449),#1925);
#188=STYLED_ITEM('',(#3449),#1926);
#189=STYLED_ITEM('',(#3449),#1927);
#190=STYLED_ITEM('',(#3449),#1928);
#191=STYLED_ITEM('',(#3449),#1929);
#192=STYLED_ITEM('',(#3449),#1930);
#193=STYLED_ITEM('',(#3449),#1931);
#194=STYLED_ITEM('',(#3449),#1932);
#195=STYLED_ITEM('',(#3449),#1933);
#196=STYLED_ITEM('',(#3449),#1934);
#197=STYLED_ITEM('',(#3449),#1935);
#198=STYLED_ITEM('',(#3449),#1936);
#199=STYLED_ITEM('',(#3449),#1937);
#200=STYLED_ITEM('',(#3449),#1938);
#201=STYLED_ITEM('',(#3449),#1939);
#202=STYLED_ITEM('',(#3449),#1940);
#203=STYLED_ITEM('',(#3449),#1941);
#204=STYLED_ITEM('',(#3449),#1942);
#205=STYLED_ITEM('',(#3449),#1943);
#206=STYLED_ITEM('',(#3449),#1944);
#207=STYLED_ITEM('',(#3449),#1945);
#208=STYLED_ITEM('',(#3449),#1946);
#209=STYLED_ITEM('',(#3449),#1947);
#210=STYLED_ITEM('',(#3449),#13);
#211=FACE_BOUND('',#369,.T.);
#212=FACE_BOUND('',#403,.T.);
#213=FACE_BOUND('',#404,.T.);
#214=FACE_BOUND('',#405,.T.);
#215=FACE_BOUND('',#406,.T.);
#216=FACE_BOUND('',#407,.T.);
#217=FACE_BOUND('',#412,.T.);
#218=FACE_BOUND('',#413,.T.);
#219=FACE_BOUND('',#414,.T.);
#220=FACE_BOUND('',#415,.T.);
#221=FACE_BOUND('',#416,.T.);
#222=PLANE('',#1973);
#223=PLANE('',#1975);
#224=PLANE('',#1979);
#225=PLANE('',#1980);
#226=PLANE('',#1984);
#227=PLANE('',#1988);
#228=PLANE('',#1989);
#229=PLANE('',#1993);
#230=PLANE('',#1994);
#231=PLANE('',#1998);
#232=PLANE('',#2002);
#233=PLANE('',#2003);
#234=PLANE('',#2007);
#235=PLANE('',#2008);
#236=PLANE('',#2012);
#237=PLANE('',#2016);
#238=PLANE('',#2017);
#239=PLANE('',#2021);
#240=PLANE('',#2036);
#241=PLANE('',#2050);
#242=PLANE('',#2053);
#243=PLANE('',#2076);
#244=PLANE('',#2081);
#245=PLANE('',#2085);
#246=PLANE('',#2086);
#247=PLANE('',#2089);
#248=PLANE('',#2095);
#249=PLANE('',#2096);
#250=PLANE('',#2097);
#251=PLANE('',#2102);
#252=PLANE('',#2108);
#253=PLANE('',#2109);
#254=PLANE('',#2110);
#255=PLANE('',#2111);
#256=PLANE('',#2114);
#257=PLANE('',#2120);
#258=PLANE('',#2122);
#259=PLANE('',#2123);
#260=PLANE('',#2125);
#261=PLANE('',#2127);
#262=PLANE('',#2141);
#263=PLANE('',#2142);
#264=PLANE('',#2145);
#265=PLANE('',#2149);
#266=PLANE('',#2151);
#267=FACE_OUTER_BOUND('',#367,.T.);
#268=FACE_OUTER_BOUND('',#368,.T.);
#269=FACE_OUTER_BOUND('',#370,.T.);
#270=FACE_OUTER_BOUND('',#371,.T.);
#271=FACE_OUTER_BOUND('',#372,.T.);
#272=FACE_OUTER_BOUND('',#373,.T.);
#273=FACE_OUTER_BOUND('',#374,.T.);
#274=FACE_OUTER_BOUND('',#375,.T.);
#275=FACE_OUTER_BOUND('',#376,.T.);
#276=FACE_OUTER_BOUND('',#377,.T.);
#277=FACE_OUTER_BOUND('',#378,.T.);
#278=FACE_OUTER_BOUND('',#379,.T.);
#279=FACE_OUTER_BOUND('',#380,.T.);
#280=FACE_OUTER_BOUND('',#381,.T.);
#281=FACE_OUTER_BOUND('',#382,.T.);
#282=FACE_OUTER_BOUND('',#383,.T.);
#283=FACE_OUTER_BOUND('',#384,.T.);
#284=FACE_OUTER_BOUND('',#385,.T.);
#285=FACE_OUTER_BOUND('',#386,.T.);
#286=FACE_OUTER_BOUND('',#387,.T.);
#287=FACE_OUTER_BOUND('',#388,.T.);
#288=FACE_OUTER_BOUND('',#389,.T.);
#289=FACE_OUTER_BOUND('',#390,.T.);
#290=FACE_OUTER_BOUND('',#391,.T.);
#291=FACE_OUTER_BOUND('',#392,.T.);
#292=FACE_OUTER_BOUND('',#393,.T.);
#293=FACE_OUTER_BOUND('',#394,.T.);
#294=FACE_OUTER_BOUND('',#395,.T.);
#295=FACE_OUTER_BOUND('',#396,.T.);
#296=FACE_OUTER_BOUND('',#397,.T.);
#297=FACE_OUTER_BOUND('',#398,.T.);
#298=FACE_OUTER_BOUND('',#399,.T.);
#299=FACE_OUTER_BOUND('',#400,.T.);
#300=FACE_OUTER_BOUND('',#401,.T.);
#301=FACE_OUTER_BOUND('',#402,.T.);
#302=FACE_OUTER_BOUND('',#408,.T.);
#303=FACE_OUTER_BOUND('',#409,.T.);
#304=FACE_OUTER_BOUND('',#410,.T.);
#305=FACE_OUTER_BOUND('',#411,.T.);
#306=FACE_OUTER_BOUND('',#417,.T.);
#307=FACE_OUTER_BOUND('',#418,.T.);
#308=FACE_OUTER_BOUND('',#419,.T.);
#309=FACE_OUTER_BOUND('',#420,.T.);
#310=FACE_OUTER_BOUND('',#421,.T.);
#311=FACE_OUTER_BOUND('',#422,.T.);
#312=FACE_OUTER_BOUND('',#423,.T.);
#313=FACE_OUTER_BOUND('',#424,.T.);
#314=FACE_OUTER_BOUND('',#425,.T.);
#315=FACE_OUTER_BOUND('',#426,.T.);
#316=FACE_OUTER_BOUND('',#427,.T.);
#317=FACE_OUTER_BOUND('',#428,.T.);
#318=FACE_OUTER_BOUND('',#429,.T.);
#319=FACE_OUTER_BOUND('',#430,.T.);
#320=FACE_OUTER_BOUND('',#431,.T.);
#321=FACE_OUTER_BOUND('',#432,.T.);
#322=FACE_OUTER_BOUND('',#433,.T.);
#323=FACE_OUTER_BOUND('',#434,.T.);
#324=FACE_OUTER_BOUND('',#435,.T.);
#325=FACE_OUTER_BOUND('',#436,.T.);
#326=FACE_OUTER_BOUND('',#437,.T.);
#327=FACE_OUTER_BOUND('',#438,.T.);
#328=FACE_OUTER_BOUND('',#439,.T.);
#329=FACE_OUTER_BOUND('',#440,.T.);
#330=FACE_OUTER_BOUND('',#441,.T.);
#331=FACE_OUTER_BOUND('',#442,.T.);
#332=FACE_OUTER_BOUND('',#443,.T.);
#333=FACE_OUTER_BOUND('',#444,.T.);
#334=FACE_OUTER_BOUND('',#445,.T.);
#335=FACE_OUTER_BOUND('',#446,.T.);
#336=FACE_OUTER_BOUND('',#447,.T.);
#337=FACE_OUTER_BOUND('',#448,.T.);
#338=FACE_OUTER_BOUND('',#449,.T.);
#339=FACE_OUTER_BOUND('',#450,.T.);
#340=FACE_OUTER_BOUND('',#451,.T.);
#341=FACE_OUTER_BOUND('',#452,.T.);
#342=FACE_OUTER_BOUND('',#453,.T.);
#343=FACE_OUTER_BOUND('',#454,.T.);
#344=FACE_OUTER_BOUND('',#455,.T.);
#345=FACE_OUTER_BOUND('',#456,.T.);
#346=FACE_OUTER_BOUND('',#457,.T.);
#347=FACE_OUTER_BOUND('',#458,.T.);
#348=FACE_OUTER_BOUND('',#459,.T.);
#349=FACE_OUTER_BOUND('',#460,.T.);
#350=FACE_OUTER_BOUND('',#461,.T.);
#351=FACE_OUTER_BOUND('',#462,.T.);
#352=FACE_OUTER_BOUND('',#463,.T.);
#353=FACE_OUTER_BOUND('',#464,.T.);
#354=FACE_OUTER_BOUND('',#465,.T.);
#355=FACE_OUTER_BOUND('',#466,.T.);
#356=FACE_OUTER_BOUND('',#467,.T.);
#357=FACE_OUTER_BOUND('',#468,.T.);
#358=FACE_OUTER_BOUND('',#469,.T.);
#359=FACE_OUTER_BOUND('',#470,.T.);
#360=FACE_OUTER_BOUND('',#471,.T.);
#361=FACE_OUTER_BOUND('',#472,.T.);
#362=FACE_OUTER_BOUND('',#473,.T.);
#363=FACE_OUTER_BOUND('',#474,.T.);
#364=FACE_OUTER_BOUND('',#475,.T.);
#365=FACE_OUTER_BOUND('',#476,.T.);
#366=FACE_OUTER_BOUND('',#477,.T.);
#367=EDGE_LOOP('',(#1267,#1268,#1269,#1270));
#368=EDGE_LOOP('',(#1271));
#369=EDGE_LOOP('',(#1272));
#370=EDGE_LOOP('',(#1273,#1274,#1275,#1276));
#371=EDGE_LOOP('',(#1277,#1278,#1279,#1280));
#372=EDGE_LOOP('',(#1281,#1282,#1283,#1284));
#373=EDGE_LOOP('',(#1285,#1286,#1287,#1288,#1289));
#374=EDGE_LOOP('',(#1290,#1291,#1292,#1293,#1294));
#375=EDGE_LOOP('',(#1295,#1296,#1297,#1298));
#376=EDGE_LOOP('',(#1299,#1300,#1301,#1302,#1303));
#377=EDGE_LOOP('',(#1304,#1305,#1306,#1307,#1308));
#378=EDGE_LOOP('',(#1309,#1310,#1311,#1312));
#379=EDGE_LOOP('',(#1313,#1314,#1315,#1316));
#380=EDGE_LOOP('',(#1317,#1318,#1319,#1320));
#381=EDGE_LOOP('',(#1321,#1322,#1323,#1324,#1325));
#382=EDGE_LOOP('',(#1326,#1327,#1328,#1329,#1330));
#383=EDGE_LOOP('',(#1331,#1332,#1333,#1334));
#384=EDGE_LOOP('',(#1335,#1336,#1337,#1338,#1339));
#385=EDGE_LOOP('',(#1340,#1341,#1342,#1343,#1344));
#386=EDGE_LOOP('',(#1345,#1346,#1347,#1348));
#387=EDGE_LOOP('',(#1349,#1350,#1351,#1352));
#388=EDGE_LOOP('',(#1353,#1354,#1355,#1356));
#389=EDGE_LOOP('',(#1357,#1358,#1359,#1360,#1361));
#390=EDGE_LOOP('',(#1362,#1363,#1364,#1365,#1366));
#391=EDGE_LOOP('',(#1367,#1368,#1369,#1370));
#392=EDGE_LOOP('',(#1371,#1372,#1373,#1374,#1375));
#393=EDGE_LOOP('',(#1376,#1377,#1378,#1379,#1380));
#394=EDGE_LOOP('',(#1381,#1382,#1383,#1384));
#395=EDGE_LOOP('',(#1385,#1386,#1387,#1388));
#396=EDGE_LOOP('',(#1389,#1390,#1391,#1392));
#397=EDGE_LOOP('',(#1393,#1394,#1395,#1396));
#398=EDGE_LOOP('',(#1397,#1398,#1399,#1400));
#399=EDGE_LOOP('',(#1401,#1402,#1403,#1404));
#400=EDGE_LOOP('',(#1405,#1406,#1407,#1408));
#401=EDGE_LOOP('',(#1409,#1410,#1411,#1412));
#402=EDGE_LOOP('',(#1413,#1414,#1415,#1416,#1417,#1418,#1419,#1420,#1421,
#1422,#1423,#1424,#1425,#1426,#1427,#1428,#1429,#1430,#1431,#1432,#1433,
#1434,#1435,#1436,#1437,#1438,#1439,#1440,#1441,#1442,#1443,#1444,#1445,
#1446,#1447,#1448,#1449,#1450,#1451,#1452,#1453,#1454,#1455,#1456,#1457,
#1458,#1459,#1460,#1461,#1462,#1463,#1464,#1465,#1466,#1467,#1468));
#403=EDGE_LOOP('',(#1469));
#404=EDGE_LOOP('',(#1470));
#405=EDGE_LOOP('',(#1471));
#406=EDGE_LOOP('',(#1472));
#407=EDGE_LOOP('',(#1473));
#408=EDGE_LOOP('',(#1474,#1475,#1476,#1477));
#409=EDGE_LOOP('',(#1478,#1479,#1480,#1481));
#410=EDGE_LOOP('',(#1482,#1483,#1484,#1485));
#411=EDGE_LOOP('',(#1486,#1487,#1488,#1489,#1490,#1491,#1492,#1493,#1494,
#1495,#1496,#1497,#1498,#1499,#1500,#1501,#1502,#1503,#1504,#1505,#1506,
#1507,#1508,#1509,#1510,#1511,#1512,#1513));
#412=EDGE_LOOP('',(#1514));
#413=EDGE_LOOP('',(#1515));
#414=EDGE_LOOP('',(#1516));
#415=EDGE_LOOP('',(#1517));
#416=EDGE_LOOP('',(#1518));
#417=EDGE_LOOP('',(#1519,#1520,#1521,#1522,#1523,#1524,#1525,#1526));
#418=EDGE_LOOP('',(#1527,#1528,#1529,#1530));
#419=EDGE_LOOP('',(#1531,#1532,#1533,#1534));
#420=EDGE_LOOP('',(#1535,#1536,#1537,#1538));
#421=EDGE_LOOP('',(#1539,#1540,#1541,#1542,#1543,#1544,#1545,#1546));
#422=EDGE_LOOP('',(#1547,#1548,#1549,#1550));
#423=EDGE_LOOP('',(#1551,#1552,#1553,#1554));
#424=EDGE_LOOP('',(#1555,#1556,#1557,#1558));
#425=EDGE_LOOP('',(#1559,#1560,#1561,#1562,#1563,#1564,#1565,#1566));
#426=EDGE_LOOP('',(#1567,#1568,#1569,#1570));
#427=EDGE_LOOP('',(#1571,#1572,#1573,#1574,#1575));
#428=EDGE_LOOP('',(#1576,#1577,#1578,#1579));
#429=EDGE_LOOP('',(#1580,#1581,#1582,#1583));
#430=EDGE_LOOP('',(#1584,#1585,#1586,#1587));
#431=EDGE_LOOP('',(#1588,#1589,#1590,#1591,#1592,#1593,#1594,#1595));
#432=EDGE_LOOP('',(#1596,#1597,#1598,#1599,#1600));
#433=EDGE_LOOP('',(#1601,#1602,#1603,#1604));
#434=EDGE_LOOP('',(#1605,#1606,#1607,#1608,#1609));
#435=EDGE_LOOP('',(#1610,#1611,#1612,#1613));
#436=EDGE_LOOP('',(#1614,#1615,#1616,#1617));
#437=EDGE_LOOP('',(#1618,#1619,#1620,#1621));
#438=EDGE_LOOP('',(#1622,#1623,#1624,#1625));
#439=EDGE_LOOP('',(#1626,#1627,#1628,#1629));
#440=EDGE_LOOP('',(#1630,#1631,#1632,#1633,#1634,#1635,#1636,#1637));
#441=EDGE_LOOP('',(#1638,#1639,#1640,#1641,#1642));
#442=EDGE_LOOP('',(#1643,#1644,#1645,#1646));
#443=EDGE_LOOP('',(#1647,#1648,#1649,#1650,#1651));
#444=EDGE_LOOP('',(#1652,#1653,#1654,#1655));
#445=EDGE_LOOP('',(#1656,#1657,#1658,#1659,#1660));
#446=EDGE_LOOP('',(#1661,#1662,#1663,#1664));
#447=EDGE_LOOP('',(#1665,#1666,#1667,#1668));
#448=EDGE_LOOP('',(#1669,#1670,#1671,#1672));
#449=EDGE_LOOP('',(#1673,#1674,#1675,#1676,#1677,#1678,#1679,#1680));
#450=EDGE_LOOP('',(#1681,#1682,#1683,#1684,#1685));
#451=EDGE_LOOP('',(#1686,#1687,#1688,#1689,#1690));
#452=EDGE_LOOP('',(#1691,#1692,#1693,#1694,#1695));
#453=EDGE_LOOP('',(#1696,#1697,#1698,#1699));
#454=EDGE_LOOP('',(#1700,#1701,#1702,#1703,#1704));
#455=EDGE_LOOP('',(#1705,#1706,#1707,#1708,#1709));
#456=EDGE_LOOP('',(#1710,#1711,#1712,#1713));
#457=EDGE_LOOP('',(#1714,#1715,#1716,#1717,#1718));
#458=EDGE_LOOP('',(#1719,#1720,#1721,#1722));
#459=EDGE_LOOP('',(#1723,#1724,#1725,#1726,#1727,#1728,#1729,#1730));
#460=EDGE_LOOP('',(#1731,#1732,#1733,#1734,#1735,#1736));
#461=EDGE_LOOP('',(#1737,#1738,#1739,#1740,#1741,#1742));
#462=EDGE_LOOP('',(#1743,#1744,#1745,#1746,#1747,#1748));
#463=EDGE_LOOP('',(#1749,#1750,#1751,#1752,#1753,#1754));
#464=EDGE_LOOP('',(#1755,#1756,#1757,#1758,#1759,#1760));
#465=EDGE_LOOP('',(#1761,#1762,#1763,#1764,#1765,#1766));
#466=EDGE_LOOP('',(#1767,#1768,#1769,#1770,#1771,#1772));
#467=EDGE_LOOP('',(#1773,#1774,#1775,#1776));
#468=EDGE_LOOP('',(#1777,#1778,#1779,#1780));
#469=EDGE_LOOP('',(#1781,#1782,#1783,#1784));
#470=EDGE_LOOP('',(#1785,#1786,#1787,#1788,#1789));
#471=EDGE_LOOP('',(#1790,#1791,#1792,#1793));
#472=EDGE_LOOP('',(#1794,#1795,#1796,#1797));
#473=EDGE_LOOP('',(#1798,#1799,#1800,#1801));
#474=EDGE_LOOP('',(#1802,#1803,#1804,#1805,#1806));
#475=EDGE_LOOP('',(#1807,#1808,#1809,#1810));
#476=EDGE_LOOP('',(#1811,#1812,#1813,#1814,#1815));
#477=EDGE_LOOP('',(#1816,#1817,#1818,#1819,#1820));
#478=LINE('',#2648,#603);
#479=LINE('',#2656,#604);
#480=LINE('',#2658,#605);
#481=LINE('',#2663,#606);
#482=LINE('',#2668,#607);
#483=LINE('',#2672,#608);
#484=LINE('',#2674,#609);
#485=LINE('',#2680,#610);
#486=LINE('',#2682,#611);
#487=LINE('',#2694,#612);
#488=LINE('',#2703,#613);
#489=LINE('',#2705,#614);
#490=LINE('',#2706,#615);
#491=LINE('',#2711,#616);
#492=LINE('',#2720,#617);
#493=LINE('',#2722,#618);
#494=LINE('',#2732,#619);
#495=LINE('',#2734,#620);
#496=LINE('',#2742,#621);
#497=LINE('',#2746,#622);
#498=LINE('',#2748,#623);
#499=LINE('',#2754,#624);
#500=LINE('',#2756,#625);
#501=LINE('',#2768,#626);
#502=LINE('',#2777,#627);
#503=LINE('',#2779,#628);
#504=LINE('',#2780,#629);
#505=LINE('',#2785,#630);
#506=LINE('',#2794,#631);
#507=LINE('',#2796,#632);
#508=LINE('',#2806,#633);
#509=LINE('',#2808,#634);
#510=LINE('',#2816,#635);
#511=LINE('',#2820,#636);
#512=LINE('',#2822,#637);
#513=LINE('',#2828,#638);
#514=LINE('',#2830,#639);
#515=LINE('',#2842,#640);
#516=LINE('',#2851,#641);
#517=LINE('',#2853,#642);
#518=LINE('',#2854,#643);
#519=LINE('',#2859,#644);
#520=LINE('',#2868,#645);
#521=LINE('',#2870,#646);
#522=LINE('',#2880,#647);
#523=LINE('',#2882,#648);
#524=LINE('',#2890,#649);
#525=LINE('',#2894,#650);
#526=LINE('',#2896,#651);
#527=LINE('',#2904,#652);
#528=LINE('',#2910,#653);
#529=LINE('',#2916,#654);
#530=LINE('',#2922,#655);
#531=LINE('',#2926,#656);
#532=LINE('',#2930,#657);
#533=LINE('',#2934,#658);
#534=LINE('',#2938,#659);
#535=LINE('',#2940,#660);
#536=LINE('',#2944,#661);
#537=LINE('',#2946,#662);
#538=LINE('',#2950,#663);
#539=LINE('',#2954,#664);
#540=LINE('',#2956,#665);
#541=LINE('',#2960,#666);
#542=LINE('',#2962,#667);
#543=LINE('',#2966,#668);
#544=LINE('',#2970,#669);
#545=LINE('',#2972,#670);
#546=LINE('',#2976,#671);
#547=LINE('',#2978,#672);
#548=LINE('',#2982,#673);
#549=LINE('',#2985,#674);
#550=LINE('',#2998,#675);
#551=LINE('',#3001,#676);
#552=LINE('',#3002,#677);
#553=LINE('',#3020,#678);
#554=LINE('',#3028,#679);
#555=LINE('',#3036,#680);
#556=LINE('',#3044,#681);
#557=LINE('',#3052,#682);
#558=LINE('',#3060,#683);
#559=LINE('',#3093,#684);
#560=LINE('',#3095,#685);
#561=LINE('',#3116,#686);
#562=LINE('',#3118,#687);
#563=LINE('',#3132,#688);
#564=LINE('',#3137,#689);
#565=LINE('',#3140,#690);
#566=LINE('',#3159,#691);
#567=LINE('',#3163,#692);
#568=LINE('',#3164,#693);
#569=LINE('',#3188,#694);
#570=LINE('',#3189,#695);
#571=LINE('',#3192,#696);
#572=LINE('',#3197,#697);
#573=LINE('',#3200,#698);
#574=LINE('',#3210,#699);
#575=LINE('',#3215,#700);
#576=LINE('',#3229,#701);
#577=LINE('',#3233,#702);
#578=LINE('',#3234,#703);
#579=LINE('',#3262,#704);
#580=LINE('',#3263,#705);
#581=LINE('',#3266,#706);
#582=LINE('',#3271,#707);
#583=LINE('',#3274,#708);
#584=LINE('',#3284,#709);
#585=LINE('',#3289,#710);
#586=LINE('',#3299,#711);
#587=LINE('',#3311,#712);
#588=LINE('',#3315,#713);
#589=LINE('',#3316,#714);
#590=LINE('',#3339,#715);
#591=LINE('',#3345,#716);
#592=LINE('',#3352,#717);
#593=LINE('',#3355,#718);
#594=LINE('',#3403,#719);
#595=LINE('',#3406,#720);
#596=LINE('',#3408,#721);
#597=LINE('',#3411,#722);
#598=LINE('',#3415,#723);
#599=LINE('',#3416,#724);
#600=LINE('',#3420,#725);
#601=LINE('',#3422,#726);
#602=LINE('',#3424,#727);
#603=VECTOR('',#2158,0.15);
#604=VECTOR('',#2167,0.393700787401575);
#605=VECTOR('',#2168,0.393700787401575);
#606=VECTOR('',#2169,0.393700787401575);
#607=VECTOR('',#2174,0.393700787401575);
#608=VECTOR('',#2179,0.393700787401575);
#609=VECTOR('',#2180,0.393700787401575);
#610=VECTOR('',#2183,0.393700787401575);
#611=VECTOR('',#2184,0.393700787401575);
#612=VECTOR('',#2189,0.393700787401575);
#613=VECTOR('',#2194,0.393700787401575);
#614=VECTOR('',#2195,0.393700787401575);
#615=VECTOR('',#2196,0.393700787401575);
#616=VECTOR('',#2201,0.393700787401575);
#617=VECTOR('',#2206,0.393700787401575);
#618=VECTOR('',#2207,0.393700787401575);
#619=VECTOR('',#2210,0.393700787401575);
#620=VECTOR('',#2211,0.393700787401575);
#621=VECTOR('',#2216,0.393700787401575);
#622=VECTOR('',#2221,0.393700787401575);
#623=VECTOR('',#2222,0.393700787401575);
#624=VECTOR('',#2225,0.393700787401575);
#625=VECTOR('',#2226,0.393700787401575);
#626=VECTOR('',#2231,0.393700787401575);
#627=VECTOR('',#2236,0.393700787401575);
#628=VECTOR('',#2237,0.393700787401575);
#629=VECTOR('',#2238,0.393700787401575);
#630=VECTOR('',#2243,0.393700787401575);
#631=VECTOR('',#2248,0.393700787401575);
#632=VECTOR('',#2249,0.393700787401575);
#633=VECTOR('',#2252,0.393700787401575);
#634=VECTOR('',#2253,0.393700787401575);
#635=VECTOR('',#2258,0.393700787401575);
#636=VECTOR('',#2263,0.393700787401575);
#637=VECTOR('',#2264,0.393700787401575);
#638=VECTOR('',#2267,0.393700787401575);
#639=VECTOR('',#2268,0.393700787401575);
#640=VECTOR('',#2273,0.393700787401575);
#641=VECTOR('',#2278,0.393700787401575);
#642=VECTOR('',#2279,0.393700787401575);
#643=VECTOR('',#2280,0.393700787401575);
#644=VECTOR('',#2285,0.393700787401575);
#645=VECTOR('',#2290,0.393700787401575);
#646=VECTOR('',#2291,0.393700787401575);
#647=VECTOR('',#2294,0.393700787401575);
#648=VECTOR('',#2295,0.393700787401575);
#649=VECTOR('',#2300,0.393700787401575);
#650=VECTOR('',#2305,0.393700787401575);
#651=VECTOR('',#2306,0.393700787401575);
#652=VECTOR('',#2311,0.086);
#653=VECTOR('',#2318,0.086);
#654=VECTOR('',#2325,0.086);
#655=VECTOR('',#2332,0.086);
#656=VECTOR('',#2337,0.1);
#657=VECTOR('',#2342,0.393700787401575);
#658=VECTOR('',#2345,0.393700787401575);
#659=VECTOR('',#2348,0.393700787401575);
#660=VECTOR('',#2349,0.393700787401575);
#661=VECTOR('',#2352,0.393700787401575);
#662=VECTOR('',#2353,0.393700787401575);
#663=VECTOR('',#2356,0.393700787401575);
#664=VECTOR('',#2359,0.393700787401575);
#665=VECTOR('',#2360,0.393700787401575);
#666=VECTOR('',#2363,0.393700787401575);
#667=VECTOR('',#2364,0.393700787401575);
#668=VECTOR('',#2367,0.393700787401575);
#669=VECTOR('',#2370,0.393700787401575);
#670=VECTOR('',#2371,0.393700787401575);
#671=VECTOR('',#2374,0.393700787401575);
#672=VECTOR('',#2375,0.393700787401575);
#673=VECTOR('',#2378,0.393700787401575);
#674=VECTOR('',#2381,0.393700787401575);
#675=VECTOR('',#2386,0.393700787401575);
#676=VECTOR('',#2389,0.393700787401575);
#677=VECTOR('',#2390,0.393700787401575);
#678=VECTOR('',#2401,0.393700787401575);
#679=VECTOR('',#2408,0.393700787401575);
#680=VECTOR('',#2415,0.393700787401575);
#681=VECTOR('',#2422,0.393700787401575);
#682=VECTOR('',#2429,0.393700787401575);
#683=VECTOR('',#2436,0.393700787401575);
#684=VECTOR('',#2447,0.393700787401575);
#685=VECTOR('',#2450,0.393700787401575);
#686=VECTOR('',#2459,0.393700787401575);
#687=VECTOR('',#2462,0.393700787401575);
#688=VECTOR('',#2471,0.393700787401575);
#689=VECTOR('',#2472,0.393700787401575);
#690=VECTOR('',#2475,0.393700787401575);
#691=VECTOR('',#2478,0.393700787401575);
#692=VECTOR('',#2483,0.393700787401575);
#693=VECTOR('',#2484,0.393700787401575);
#694=VECTOR('',#2495,0.393700787401575);
#695=VECTOR('',#2496,0.393700787401575);
#696=VECTOR('',#2499,0.393700787401575);
#697=VECTOR('',#2500,0.393700787401575);
#698=VECTOR('',#2503,0.393700787401575);
#699=VECTOR('',#2506,0.393700787401575);
#700=VECTOR('',#2507,0.393700787401575);
#701=VECTOR('',#2514,0.393700787401575);
#702=VECTOR('',#2519,0.393700787401575);
#703=VECTOR('',#2520,0.393700787401575);
#704=VECTOR('',#2531,0.393700787401575);
#705=VECTOR('',#2532,0.393700787401575);
#706=VECTOR('',#2535,0.393700787401575);
#707=VECTOR('',#2536,0.393700787401575);
#708=VECTOR('',#2539,0.393700787401575);
#709=VECTOR('',#2542,0.393700787401575);
#710=VECTOR('',#2543,0.393700787401575);
#711=VECTOR('',#2546,0.393700787401575);
#712=VECTOR('',#2549,0.393700787401575);
#713=VECTOR('',#2554,0.393700787401575);
#714=VECTOR('',#2555,0.393700787401575);
#715=VECTOR('',#2566,0.393700787401575);
#716=VECTOR('',#2571,0.393700787401575);
#717=VECTOR('',#2578,0.393700787401575);
#718=VECTOR('',#2583,0.393700787401575);
#719=VECTOR('',#2610,0.393700787401575);
#720=VECTOR('',#2615,0.393700787401575);
#721=VECTOR('',#2618,0.393700787401575);
#722=VECTOR('',#2621,0.393700787401575);
#723=VECTOR('',#2626,0.393700787401575);
#724=VECTOR('',#2627,0.393700787401575);
#725=VECTOR('',#2634,0.393700787401575);
#726=VECTOR('',#2637,0.393700787401575);
#727=VECTOR('',#2640,0.393700787401575);
#728=CIRCLE('',#1971,0.15);
#729=CIRCLE('',#1972,0.15);
#730=CIRCLE('',#1974,0.1);
#731=CIRCLE('',#1977,1.26964247172458);
#732=CIRCLE('',#1978,1.26964247172458);
#733=CIRCLE('',#1982,0.1);
#734=CIRCLE('',#1983,0.1);
#735=CIRCLE('',#1986,0.1);
#736=CIRCLE('',#1987,0.1);
#737=CIRCLE('',#1991,1.26964247172458);
#738=CIRCLE('',#1992,1.26964247172458);
#739=CIRCLE('',#1996,0.1);
#740=CIRCLE('',#1997,0.1);
#741=CIRCLE('',#2000,0.1);
#742=CIRCLE('',#2001,0.1);
#743=CIRCLE('',#2005,1.26964247172458);
#744=CIRCLE('',#2006,1.26964247172458);
#745=CIRCLE('',#2010,0.1);
#746=CIRCLE('',#2011,0.1);
#747=CIRCLE('',#2014,0.1);
#748=CIRCLE('',#2015,0.1);
#749=CIRCLE('',#2019,1.26964247172458);
#750=CIRCLE('',#2020,1.26964247172458);
#751=CIRCLE('',#2023,0.086);
#752=CIRCLE('',#2024,0.086);
#753=CIRCLE('',#2026,0.086);
#754=CIRCLE('',#2027,0.086);
#755=CIRCLE('',#2029,0.086);
#756=CIRCLE('',#2030,0.086);
#757=CIRCLE('',#2032,0.086);
#758=CIRCLE('',#2033,0.086);
#759=CIRCLE('',#2035,0.1);
#760=CIRCLE('',#2037,0.1);
#761=CIRCLE('',#2038,0.1);
#762=CIRCLE('',#2039,1.26964247172458);
#763=CIRCLE('',#2040,0.1);
#764=CIRCLE('',#2041,0.1);
#765=CIRCLE('',#2042,1.26964247172458);
#766=CIRCLE('',#2043,0.1);
#767=CIRCLE('',#2044,0.1);
#768=CIRCLE('',#2045,1.26964247172458);
#769=CIRCLE('',#2046,0.1);
#770=CIRCLE('',#2047,0.1);
#771=CIRCLE('',#2049,0.139370078740157);
#772=CIRCLE('',#2052,0.139370078740157);
#773=CIRCLE('',#2054,0.86964247172458);
#774=CIRCLE('',#2055,0.139370078740157);
#775=CIRCLE('',#2056,0.139370078740157);
#776=CIRCLE('',#2057,0.86964247172458);
#777=CIRCLE('',#2058,0.139370078740157);
#778=CIRCLE('',#2059,0.139370078740157);
#779=CIRCLE('',#2060,0.86964247172458);
#780=CIRCLE('',#2061,0.139370078740157);
#781=CIRCLE('',#2062,0.139370078740157);
#782=CIRCLE('',#2063,0.86964247172458);
#783=CIRCLE('',#2064,0.139370078740157);
#784=CIRCLE('',#2065,0.139370078740157);
#785=CIRCLE('',#2066,0.86964247172458);
#786=CIRCLE('',#2067,0.139370078740157);
#787=CIRCLE('',#2068,0.139370078740157);
#788=CIRCLE('',#2069,0.86964247172458);
#789=CIRCLE('',#2070,0.139370078740158);
#790=CIRCLE('',#2071,0.139370078740158);
#791=CIRCLE('',#2072,0.86964247172458);
#792=CIRCLE('',#2074,1.21106382796189);
#793=CIRCLE('',#2079,1.21106382796189);
#794=CIRCLE('',#2084,1.21106382796189);
#795=CIRCLE('',#2088,0.1);
#796=CIRCLE('',#2091,0.1);
#797=CIRCLE('',#2093,1.21106382796189);
#798=CIRCLE('',#2099,1.26964247172458);
#799=CIRCLE('',#2101,0.1);
#800=CIRCLE('',#2104,0.1);
#801=CIRCLE('',#2106,1.21106382796189);
#802=CIRCLE('',#2113,0.1);
#803=CIRCLE('',#2116,0.1);
#804=CIRCLE('',#2118,1.21106382796189);
#805=CIRCLE('',#2129,1.21106382796189);
#806=CIRCLE('',#2131,1.26964247172458);
#807=CIRCLE('',#2133,1.26964247172458);
#808=CIRCLE('',#2144,0.1);
#809=CIRCLE('',#2147,0.1);
#810=VERTEX_POINT('',#2645);
#811=VERTEX_POINT('',#2647);
#812=VERTEX_POINT('',#2651);
#813=VERTEX_POINT('',#2654);
#814=VERTEX_POINT('',#2655);
#815=VERTEX_POINT('',#2657);
#816=VERTEX_POINT('',#2659);
#817=VERTEX_POINT('',#2665);
#818=VERTEX_POINT('',#2667);
#819=VERTEX_POINT('',#2671);
#820=VERTEX_POINT('',#2673);
#821=VERTEX_POINT('',#2679);
#822=VERTEX_POINT('',#2681);
#823=VERTEX_POINT('',#2683);
#824=VERTEX_POINT('',#2691);
#825=VERTEX_POINT('',#2693);
#826=VERTEX_POINT('',#2695);
#827=VERTEX_POINT('',#2702);
#828=VERTEX_POINT('',#2704);
#829=VERTEX_POINT('',#2708);
#830=VERTEX_POINT('',#2710);
#831=VERTEX_POINT('',#2712);
#832=VERTEX_POINT('',#2719);
#833=VERTEX_POINT('',#2721);
#834=VERTEX_POINT('',#2723);
#835=VERTEX_POINT('',#2731);
#836=VERTEX_POINT('',#2733);
#837=VERTEX_POINT('',#2739);
#838=VERTEX_POINT('',#2741);
#839=VERTEX_POINT('',#2745);
#840=VERTEX_POINT('',#2747);
#841=VERTEX_POINT('',#2753);
#842=VERTEX_POINT('',#2755);
#843=VERTEX_POINT('',#2757);
#844=VERTEX_POINT('',#2765);
#845=VERTEX_POINT('',#2767);
#846=VERTEX_POINT('',#2769);
#847=VERTEX_POINT('',#2776);
#848=VERTEX_POINT('',#2778);
#849=VERTEX_POINT('',#2782);
#850=VERTEX_POINT('',#2784);
#851=VERTEX_POINT('',#2786);
#852=VERTEX_POINT('',#2793);
#853=VERTEX_POINT('',#2795);
#854=VERTEX_POINT('',#2797);
#855=VERTEX_POINT('',#2805);
#856=VERTEX_POINT('',#2807);
#857=VERTEX_POINT('',#2813);
#858=VERTEX_POINT('',#2815);
#859=VERTEX_POINT('',#2819);
#860=VERTEX_POINT('',#2821);
#861=VERTEX_POINT('',#2827);
#862=VERTEX_POINT('',#2829);
#863=VERTEX_POINT('',#2831);
#864=VERTEX_POINT('',#2839);
#865=VERTEX_POINT('',#2841);
#866=VERTEX_POINT('',#2843);
#867=VERTEX_POINT('',#2850);
#868=VERTEX_POINT('',#2852);
#869=VERTEX_POINT('',#2856);
#870=VERTEX_POINT('',#2858);
#871=VERTEX_POINT('',#2860);
#872=VERTEX_POINT('',#2867);
#873=VERTEX_POINT('',#2869);
#874=VERTEX_POINT('',#2871);
#875=VERTEX_POINT('',#2879);
#876=VERTEX_POINT('',#2881);
#877=VERTEX_POINT('',#2887);
#878=VERTEX_POINT('',#2889);
#879=VERTEX_POINT('',#2893);
#880=VERTEX_POINT('',#2895);
#881=VERTEX_POINT('',#2901);
#882=VERTEX_POINT('',#2903);
#883=VERTEX_POINT('',#2907);
#884=VERTEX_POINT('',#2909);
#885=VERTEX_POINT('',#2913);
#886=VERTEX_POINT('',#2915);
#887=VERTEX_POINT('',#2919);
#888=VERTEX_POINT('',#2921);
#889=VERTEX_POINT('',#2925);
#890=VERTEX_POINT('',#2929);
#891=VERTEX_POINT('',#2931);
#892=VERTEX_POINT('',#2933);
#893=VERTEX_POINT('',#2935);
#894=VERTEX_POINT('',#2937);
#895=VERTEX_POINT('',#2939);
#896=VERTEX_POINT('',#2941);
#897=VERTEX_POINT('',#2943);
#898=VERTEX_POINT('',#2945);
#899=VERTEX_POINT('',#2947);
#900=VERTEX_POINT('',#2949);
#901=VERTEX_POINT('',#2951);
#902=VERTEX_POINT('',#2953);
#903=VERTEX_POINT('',#2955);
#904=VERTEX_POINT('',#2957);
#905=VERTEX_POINT('',#2959);
#906=VERTEX_POINT('',#2961);
#907=VERTEX_POINT('',#2963);
#908=VERTEX_POINT('',#2965);
#909=VERTEX_POINT('',#2967);
#910=VERTEX_POINT('',#2969);
#911=VERTEX_POINT('',#2971);
#912=VERTEX_POINT('',#2973);
#913=VERTEX_POINT('',#2975);
#914=VERTEX_POINT('',#2977);
#915=VERTEX_POINT('',#2979);
#916=VERTEX_POINT('',#2981);
#917=VERTEX_POINT('',#2983);
#918=VERTEX_POINT('',#2987);
#919=VERTEX_POINT('',#2996);
#920=VERTEX_POINT('',#3000);
#921=VERTEX_POINT('',#3004);
#922=VERTEX_POINT('',#3015);
#923=VERTEX_POINT('',#3017);
#924=VERTEX_POINT('',#3019);
#925=VERTEX_POINT('',#3021);
#926=VERTEX_POINT('',#3023);
#927=VERTEX_POINT('',#3025);
#928=VERTEX_POINT('',#3027);
#929=VERTEX_POINT('',#3029);
#930=VERTEX_POINT('',#3031);
#931=VERTEX_POINT('',#3033);
#932=VERTEX_POINT('',#3035);
#933=VERTEX_POINT('',#3037);
#934=VERTEX_POINT('',#3039);
#935=VERTEX_POINT('',#3041);
#936=VERTEX_POINT('',#3043);
#937=VERTEX_POINT('',#3045);
#938=VERTEX_POINT('',#3047);
#939=VERTEX_POINT('',#3049);
#940=VERTEX_POINT('',#3051);
#941=VERTEX_POINT('',#3053);
#942=VERTEX_POINT('',#3055);
#943=VERTEX_POINT('',#3057);
#944=VERTEX_POINT('',#3059);
#945=VERTEX_POINT('',#3061);
#946=VERTEX_POINT('',#3065);
#947=VERTEX_POINT('',#3067);
#948=VERTEX_POINT('',#3071);
#949=VERTEX_POINT('',#3131);
#950=VERTEX_POINT('',#3133);
#951=VERTEX_POINT('',#3139);
#952=VERTEX_POINT('',#3141);
#953=VERTEX_POINT('',#3149);
#954=VERTEX_POINT('',#3158);
#955=VERTEX_POINT('',#3162);
#956=VERTEX_POINT('',#3166);
#957=VERTEX_POINT('',#3177);
#958=VERTEX_POINT('',#3182);
#959=VERTEX_POINT('',#3191);
#960=VERTEX_POINT('',#3193);
#961=VERTEX_POINT('',#3199);
#962=VERTEX_POINT('',#3201);
#963=VERTEX_POINT('',#3209);
#964=VERTEX_POINT('',#3211);
#965=VERTEX_POINT('',#3219);
#966=VERTEX_POINT('',#3228);
#967=VERTEX_POINT('',#3232);
#968=VERTEX_POINT('',#3236);
#969=VERTEX_POINT('',#3247);
#970=VERTEX_POINT('',#3252);
#971=VERTEX_POINT('',#3265);
#972=VERTEX_POINT('',#3267);
#973=VERTEX_POINT('',#3273);
#974=VERTEX_POINT('',#3275);
#975=VERTEX_POINT('',#3283);
#976=VERTEX_POINT('',#3285);
#977=VERTEX_POINT('',#3291);
#978=VERTEX_POINT('',#3295);
#979=VERTEX_POINT('',#3301);
#980=VERTEX_POINT('',#3310);
#981=VERTEX_POINT('',#3314);
#982=VERTEX_POINT('',#3318);
#983=VERTEX_POINT('',#3362);
#984=VERTEX_POINT('',#3372);
#985=VERTEX_POINT('',#3377);
#986=VERTEX_POINT('',#3383);
#987=VERTEX_POINT('',#3387);
#988=VERTEX_POINT('',#3410);
#989=VERTEX_POINT('',#3414);
#990=EDGE_CURVE('',#810,#810,#728,.T.);
#991=EDGE_CURVE('',#810,#811,#478,.T.);
#992=EDGE_CURVE('',#811,#811,#729,.T.);
#993=EDGE_CURVE('',#812,#812,#730,.T.);
#994=EDGE_CURVE('',#813,#814,#479,.T.);
#995=EDGE_CURVE('',#814,#815,#480,.T.);
#996=EDGE_CURVE('',#815,#816,#70,.T.);
#997=EDGE_CURVE('',#816,#813,#481,.T.);
#998=EDGE_CURVE('',#814,#817,#731,.T.);
#999=EDGE_CURVE('',#818,#817,#482,.T.);
#1000=EDGE_CURVE('',#815,#818,#732,.T.);
#1001=EDGE_CURVE('',#817,#819,#483,.T.);
#1002=EDGE_CURVE('',#819,#820,#484,.T.);
#1003=EDGE_CURVE('',#820,#818,#71,.T.);
#1004=EDGE_CURVE('',#819,#821,#485,.T.);
#1005=EDGE_CURVE('',#822,#821,#486,.T.);
#1006=EDGE_CURVE('',#823,#822,#72,.T.);
#1007=EDGE_CURVE('',#820,#823,#73,.T.);
#1008=EDGE_CURVE('',#821,#824,#733,.T.);
#1009=EDGE_CURVE('',#824,#825,#487,.T.);
#1010=EDGE_CURVE('',#826,#825,#734,.T.);
#1011=EDGE_CURVE('',#822,#826,#42,.F.);
#1012=EDGE_CURVE('',#824,#827,#488,.T.);
#1013=EDGE_CURVE('',#828,#827,#489,.T.);
#1014=EDGE_CURVE('',#825,#828,#490,.T.);
#1015=EDGE_CURVE('',#827,#829,#735,.T.);
#1016=EDGE_CURVE('',#829,#830,#491,.T.);
#1017=EDGE_CURVE('',#830,#831,#43,.T.);
#1018=EDGE_CURVE('',#828,#831,#736,.T.);
#1019=EDGE_CURVE('',#829,#832,#492,.T.);
#1020=EDGE_CURVE('',#833,#832,#493,.T.);
#1021=EDGE_CURVE('',#834,#833,#74,.T.);
#1022=EDGE_CURVE('',#830,#834,#75,.T.);
#1023=EDGE_CURVE('',#832,#835,#494,.T.);
#1024=EDGE_CURVE('',#835,#836,#495,.T.);
#1025=EDGE_CURVE('',#836,#833,#76,.T.);
#1026=EDGE_CURVE('',#835,#837,#737,.T.);
#1027=EDGE_CURVE('',#838,#837,#496,.T.);
#1028=EDGE_CURVE('',#836,#838,#738,.T.);
#1029=EDGE_CURVE('',#837,#839,#497,.T.);
#1030=EDGE_CURVE('',#839,#840,#498,.T.);
#1031=EDGE_CURVE('',#840,#838,#77,.T.);
#1032=EDGE_CURVE('',#839,#841,#499,.T.);
#1033=EDGE_CURVE('',#842,#841,#500,.T.);
#1034=EDGE_CURVE('',#843,#842,#78,.T.);
#1035=EDGE_CURVE('',#840,#843,#79,.T.);
#1036=EDGE_CURVE('',#841,#844,#739,.T.);
#1037=EDGE_CURVE('',#844,#845,#501,.T.);
#1038=EDGE_CURVE('',#846,#845,#740,.T.);
#1039=EDGE_CURVE('',#842,#846,#44,.F.);
#1040=EDGE_CURVE('',#844,#847,#502,.T.);
#1041=EDGE_CURVE('',#848,#847,#503,.T.);
#1042=EDGE_CURVE('',#845,#848,#504,.T.);
#1043=EDGE_CURVE('',#847,#849,#741,.T.);
#1044=EDGE_CURVE('',#849,#850,#505,.T.);
#1045=EDGE_CURVE('',#850,#851,#45,.T.);
#1046=EDGE_CURVE('',#848,#851,#742,.T.);
#1047=EDGE_CURVE('',#849,#852,#506,.T.);
#1048=EDGE_CURVE('',#853,#852,#507,.T.);
#1049=EDGE_CURVE('',#854,#853,#80,.T.);
#1050=EDGE_CURVE('',#850,#854,#81,.T.);
#1051=EDGE_CURVE('',#852,#855,#508,.T.);
#1052=EDGE_CURVE('',#855,#856,#509,.T.);
#1053=EDGE_CURVE('',#856,#853,#82,.T.);
#1054=EDGE_CURVE('',#855,#857,#743,.T.);
#1055=EDGE_CURVE('',#858,#857,#510,.T.);
#1056=EDGE_CURVE('',#856,#858,#744,.T.);
#1057=EDGE_CURVE('',#857,#859,#511,.T.);
#1058=EDGE_CURVE('',#859,#860,#512,.T.);
#1059=EDGE_CURVE('',#860,#858,#83,.T.);
#1060=EDGE_CURVE('',#859,#861,#513,.T.);
#1061=EDGE_CURVE('',#862,#861,#514,.T.);
#1062=EDGE_CURVE('',#863,#862,#84,.T.);
#1063=EDGE_CURVE('',#860,#863,#85,.T.);
#1064=EDGE_CURVE('',#861,#864,#745,.T.);
#1065=EDGE_CURVE('',#864,#865,#515,.T.);
#1066=EDGE_CURVE('',#866,#865,#746,.T.);
#1067=EDGE_CURVE('',#862,#866,#46,.F.);
#1068=EDGE_CURVE('',#864,#867,#516,.T.);
#1069=EDGE_CURVE('',#868,#867,#517,.T.);
#1070=EDGE_CURVE('',#865,#868,#518,.T.);
#1071=EDGE_CURVE('',#867,#869,#747,.T.);
#1072=EDGE_CURVE('',#869,#870,#519,.T.);
#1073=EDGE_CURVE('',#870,#871,#47,.T.);
#1074=EDGE_CURVE('',#868,#871,#748,.T.);
#1075=EDGE_CURVE('',#869,#872,#520,.T.);
#1076=EDGE_CURVE('',#873,#872,#521,.T.);
#1077=EDGE_CURVE('',#874,#873,#86,.T.);
#1078=EDGE_CURVE('',#870,#874,#87,.T.);
#1079=EDGE_CURVE('',#872,#875,#522,.T.);
#1080=EDGE_CURVE('',#875,#876,#523,.T.);
#1081=EDGE_CURVE('',#876,#873,#88,.T.);
#1082=EDGE_CURVE('',#875,#877,#749,.T.);
#1083=EDGE_CURVE('',#878,#877,#524,.T.);
#1084=EDGE_CURVE('',#876,#878,#750,.T.);
#1085=EDGE_CURVE('',#877,#879,#525,.T.);
#1086=EDGE_CURVE('',#879,#880,#526,.T.);
#1087=EDGE_CURVE('',#880,#878,#89,.T.);
#1088=EDGE_CURVE('',#881,#881,#751,.T.);
#1089=EDGE_CURVE('',#881,#882,#527,.T.);
#1090=EDGE_CURVE('',#882,#882,#752,.T.);
#1091=EDGE_CURVE('',#883,#883,#753,.T.);
#1092=EDGE_CURVE('',#883,#884,#528,.T.);
#1093=EDGE_CURVE('',#884,#884,#754,.T.);
#1094=EDGE_CURVE('',#885,#885,#755,.T.);
#1095=EDGE_CURVE('',#885,#886,#529,.T.);
#1096=EDGE_CURVE('',#886,#886,#756,.T.);
#1097=EDGE_CURVE('',#887,#887,#757,.T.);
#1098=EDGE_CURVE('',#887,#888,#530,.T.);
#1099=EDGE_CURVE('',#888,#888,#758,.T.);
#1100=EDGE_CURVE('',#812,#889,#531,.T.);
#1101=EDGE_CURVE('',#889,#889,#759,.T.);
#1102=EDGE_CURVE('',#890,#813,#532,.T.);
#1103=EDGE_CURVE('',#891,#890,#760,.T.);
#1104=EDGE_CURVE('',#892,#891,#533,.T.);
#1105=EDGE_CURVE('',#893,#892,#761,.T.);
#1106=EDGE_CURVE('',#894,#893,#534,.T.);
#1107=EDGE_CURVE('',#895,#894,#535,.T.);
#1108=EDGE_CURVE('',#896,#895,#762,.T.);
#1109=EDGE_CURVE('',#897,#896,#536,.T.);
#1110=EDGE_CURVE('',#898,#897,#537,.T.);
#1111=EDGE_CURVE('',#899,#898,#763,.T.);
#1112=EDGE_CURVE('',#900,#899,#538,.T.);
#1113=EDGE_CURVE('',#901,#900,#764,.T.);
#1114=EDGE_CURVE('',#902,#901,#539,.T.);
#1115=EDGE_CURVE('',#903,#902,#540,.T.);
#1116=EDGE_CURVE('',#904,#903,#765,.T.);
#1117=EDGE_CURVE('',#905,#904,#541,.T.);
#1118=EDGE_CURVE('',#906,#905,#542,.T.);
#1119=EDGE_CURVE('',#907,#906,#766,.T.);
#1120=EDGE_CURVE('',#908,#907,#543,.T.);
#1121=EDGE_CURVE('',#909,#908,#767,.T.);
#1122=EDGE_CURVE('',#910,#909,#544,.T.);
#1123=EDGE_CURVE('',#911,#910,#545,.T.);
#1124=EDGE_CURVE('',#912,#911,#768,.T.);
#1125=EDGE_CURVE('',#913,#912,#546,.T.);
#1126=EDGE_CURVE('',#913,#914,#547,.T.);
#1127=EDGE_CURVE('',#915,#914,#769,.T.);
#1128=EDGE_CURVE('',#916,#915,#548,.T.);
#1129=EDGE_CURVE('',#917,#916,#770,.T.);
#1130=EDGE_CURVE('',#917,#879,#549,.T.);
#1131=EDGE_CURVE('',#871,#918,#48,.T.);
#1132=EDGE_CURVE('',#918,#919,#771,.T.);
#1133=EDGE_CURVE('',#919,#868,#550,.T.);
#1134=EDGE_CURVE('',#919,#920,#551,.T.);
#1135=EDGE_CURVE('',#920,#865,#552,.T.);
#1136=EDGE_CURVE('',#921,#866,#49,.T.);
#1137=EDGE_CURVE('',#920,#921,#772,.T.);
#1138=EDGE_CURVE('',#918,#922,#773,.T.);
#1139=EDGE_CURVE('',#923,#922,#774,.T.);
#1140=EDGE_CURVE('',#924,#923,#553,.T.);
#1141=EDGE_CURVE('',#925,#924,#775,.T.);
#1142=EDGE_CURVE('',#926,#925,#776,.T.);
#1143=EDGE_CURVE('',#927,#926,#777,.T.);
#1144=EDGE_CURVE('',#928,#927,#554,.T.);
#1145=EDGE_CURVE('',#929,#928,#778,.T.);
#1146=EDGE_CURVE('',#929,#930,#779,.T.);
#1147=EDGE_CURVE('',#931,#930,#780,.T.);
#1148=EDGE_CURVE('',#932,#931,#555,.T.);
#1149=EDGE_CURVE('',#933,#932,#781,.T.);
#1150=EDGE_CURVE('',#933,#934,#782,.T.);
#1151=EDGE_CURVE('',#935,#934,#783,.T.);
#1152=EDGE_CURVE('',#936,#935,#556,.T.);
#1153=EDGE_CURVE('',#937,#936,#784,.T.);
#1154=EDGE_CURVE('',#937,#938,#785,.T.);
#1155=EDGE_CURVE('',#939,#938,#786,.T.);
#1156=EDGE_CURVE('',#940,#939,#557,.T.);
#1157=EDGE_CURVE('',#941,#940,#787,.T.);
#1158=EDGE_CURVE('',#941,#942,#788,.T.);
#1159=EDGE_CURVE('',#943,#942,#789,.T.);
#1160=EDGE_CURVE('',#944,#943,#558,.T.);
#1161=EDGE_CURVE('',#945,#944,#790,.T.);
#1162=EDGE_CURVE('',#945,#921,#791,.T.);
#1163=EDGE_CURVE('',#874,#946,#792,.T.);
#1164=EDGE_CURVE('',#946,#947,#90,.T.);
#1165=EDGE_CURVE('',#948,#947,#50,.T.);
#1166=EDGE_CURVE('',#922,#948,#51,.T.);
#1167=EDGE_CURVE('',#851,#945,#52,.T.);
#1168=EDGE_CURVE('',#944,#848,#559,.T.);
#1169=EDGE_CURVE('',#943,#845,#560,.T.);
#1170=EDGE_CURVE('',#942,#846,#53,.T.);
#1171=EDGE_CURVE('',#854,#863,#793,.T.);
#1172=EDGE_CURVE('',#831,#941,#54,.T.);
#1173=EDGE_CURVE('',#940,#828,#561,.T.);
#1174=EDGE_CURVE('',#939,#825,#562,.T.);
#1175=EDGE_CURVE('',#938,#826,#55,.T.);
#1176=EDGE_CURVE('',#834,#843,#794,.T.);
#1177=EDGE_CURVE('',#894,#949,#563,.T.);
#1178=EDGE_CURVE('',#949,#950,#91,.T.);
#1179=EDGE_CURVE('',#950,#895,#564,.T.);
#1180=EDGE_CURVE('',#951,#893,#565,.T.);
#1181=EDGE_CURVE('',#952,#951,#92,.T.);
#1182=EDGE_CURVE('',#949,#952,#93,.T.);
#1183=EDGE_CURVE('',#953,#937,#56,.T.);
#1184=EDGE_CURVE('',#936,#954,#566,.T.);
#1185=EDGE_CURVE('',#954,#953,#795,.T.);
#1186=EDGE_CURVE('',#935,#955,#567,.T.);
#1187=EDGE_CURVE('',#955,#954,#568,.T.);
#1188=EDGE_CURVE('',#934,#956,#57,.T.);
#1189=EDGE_CURVE('',#956,#955,#796,.T.);
#1190=EDGE_CURVE('',#957,#953,#58,.T.);
#1191=EDGE_CURVE('',#957,#958,#94,.T.);
#1192=EDGE_CURVE('',#958,#823,#797,.T.);
#1193=EDGE_CURVE('',#890,#957,#569,.T.);
#1194=EDGE_CURVE('',#954,#891,#570,.T.);
#1195=EDGE_CURVE('',#902,#959,#571,.T.);
#1196=EDGE_CURVE('',#959,#960,#95,.T.);
#1197=EDGE_CURVE('',#960,#903,#572,.T.);
#1198=EDGE_CURVE('',#961,#901,#573,.T.);
#1199=EDGE_CURVE('',#962,#961,#96,.T.);
#1200=EDGE_CURVE('',#959,#962,#97,.T.);
#1201=EDGE_CURVE('',#896,#963,#574,.T.);
#1202=EDGE_CURVE('',#963,#964,#98,.T.);
#1203=EDGE_CURVE('',#964,#897,#575,.T.);
#1204=EDGE_CURVE('',#963,#950,#798,.T.);
#1205=EDGE_CURVE('',#965,#933,#59,.T.);
#1206=EDGE_CURVE('',#932,#966,#576,.T.);
#1207=EDGE_CURVE('',#966,#965,#799,.T.);
#1208=EDGE_CURVE('',#931,#967,#577,.T.);
#1209=EDGE_CURVE('',#967,#966,#578,.T.);
#1210=EDGE_CURVE('',#930,#968,#60,.T.);
#1211=EDGE_CURVE('',#968,#967,#800,.T.);
#1212=EDGE_CURVE('',#969,#965,#61,.T.);
#1213=EDGE_CURVE('',#969,#970,#99,.T.);
#1214=EDGE_CURVE('',#970,#952,#801,.T.);
#1215=EDGE_CURVE('',#951,#956,#62,.F.);
#1216=EDGE_CURVE('',#898,#969,#579,.T.);
#1217=EDGE_CURVE('',#966,#899,#580,.T.);
#1218=EDGE_CURVE('',#910,#971,#581,.T.);
#1219=EDGE_CURVE('',#971,#972,#100,.T.);
#1220=EDGE_CURVE('',#972,#911,#582,.T.);
#1221=EDGE_CURVE('',#973,#909,#583,.T.);
#1222=EDGE_CURVE('',#974,#973,#101,.T.);
#1223=EDGE_CURVE('',#971,#974,#102,.T.);
#1224=EDGE_CURVE('',#904,#975,#584,.T.);
#1225=EDGE_CURVE('',#975,#976,#103,.T.);
#1226=EDGE_CURVE('',#976,#905,#585,.T.);
#1227=EDGE_CURVE('',#977,#976,#104,.T.);
#1228=EDGE_CURVE('',#978,#977,#105,.T.);
#1229=EDGE_CURVE('',#906,#978,#586,.T.);
#1230=EDGE_CURVE('',#979,#929,#63,.T.);
#1231=EDGE_CURVE('',#928,#980,#587,.T.);
#1232=EDGE_CURVE('',#980,#979,#802,.T.);
#1233=EDGE_CURVE('',#927,#981,#588,.T.);
#1234=EDGE_CURVE('',#981,#980,#589,.T.);
#1235=EDGE_CURVE('',#926,#982,#64,.T.);
#1236=EDGE_CURVE('',#982,#981,#803,.T.);
#1237=EDGE_CURVE('',#978,#979,#65,.T.);
#1238=EDGE_CURVE('',#977,#962,#804,.T.);
#1239=EDGE_CURVE('',#961,#968,#66,.F.);
#1240=EDGE_CURVE('',#980,#907,#590,.T.);
#1241=EDGE_CURVE('',#958,#816,#106,.T.);
#1242=EDGE_CURVE('',#892,#955,#591,.T.);
#1243=EDGE_CURVE('',#970,#964,#107,.T.);
#1244=EDGE_CURVE('',#900,#967,#592,.T.);
#1245=EDGE_CURVE('',#908,#981,#593,.T.);
#1246=EDGE_CURVE('',#973,#982,#67,.F.);
#1247=EDGE_CURVE('',#983,#925,#68,.T.);
#1248=EDGE_CURVE('',#984,#983,#69,.T.);
#1249=EDGE_CURVE('',#984,#985,#108,.T.);
#1250=EDGE_CURVE('',#985,#974,#805,.T.);
#1251=EDGE_CURVE('',#985,#986,#109,.T.);
#1252=EDGE_CURVE('',#987,#986,#110,.T.);
#1253=EDGE_CURVE('',#987,#972,#806,.T.);
#1254=EDGE_CURVE('',#975,#960,#807,.T.);
#1255=EDGE_CURVE('',#880,#946,#111,.T.);
#1256=EDGE_CURVE('',#912,#987,#594,.T.);
#1257=EDGE_CURVE('',#986,#913,#595,.T.);
#1258=EDGE_CURVE('',#914,#984,#596,.T.);
#1259=EDGE_CURVE('',#924,#988,#597,.T.);
#1260=EDGE_CURVE('',#988,#983,#808,.T.);
#1261=EDGE_CURVE('',#923,#989,#598,.T.);
#1262=EDGE_CURVE('',#989,#988,#599,.T.);
#1263=EDGE_CURVE('',#948,#989,#809,.T.);
#1264=EDGE_CURVE('',#988,#915,#600,.T.);
#1265=EDGE_CURVE('',#916,#989,#601,.T.);
#1266=EDGE_CURVE('',#947,#917,#602,.T.);
#1267=ORIENTED_EDGE('',*,*,#990,.F.);
#1268=ORIENTED_EDGE('',*,*,#991,.T.);
#1269=ORIENTED_EDGE('',*,*,#992,.T.);
#1270=ORIENTED_EDGE('',*,*,#991,.F.);
#1271=ORIENTED_EDGE('',*,*,#992,.F.);
#1272=ORIENTED_EDGE('',*,*,#993,.F.);
#1273=ORIENTED_EDGE('',*,*,#994,.T.);
#1274=ORIENTED_EDGE('',*,*,#995,.T.);
#1275=ORIENTED_EDGE('',*,*,#996,.T.);
#1276=ORIENTED_EDGE('',*,*,#997,.T.);
#1277=ORIENTED_EDGE('',*,*,#998,.T.);
#1278=ORIENTED_EDGE('',*,*,#999,.F.);
#1279=ORIENTED_EDGE('',*,*,#1000,.F.);
#1280=ORIENTED_EDGE('',*,*,#995,.F.);
#1281=ORIENTED_EDGE('',*,*,#1001,.T.);
#1282=ORIENTED_EDGE('',*,*,#1002,.T.);
#1283=ORIENTED_EDGE('',*,*,#1003,.T.);
#1284=ORIENTED_EDGE('',*,*,#999,.T.);
#1285=ORIENTED_EDGE('',*,*,#1004,.T.);
#1286=ORIENTED_EDGE('',*,*,#1005,.F.);
#1287=ORIENTED_EDGE('',*,*,#1006,.F.);
#1288=ORIENTED_EDGE('',*,*,#1007,.F.);
#1289=ORIENTED_EDGE('',*,*,#1002,.F.);
#1290=ORIENTED_EDGE('',*,*,#1008,.T.);
#1291=ORIENTED_EDGE('',*,*,#1009,.T.);
#1292=ORIENTED_EDGE('',*,*,#1010,.F.);
#1293=ORIENTED_EDGE('',*,*,#1011,.F.);
#1294=ORIENTED_EDGE('',*,*,#1005,.T.);
#1295=ORIENTED_EDGE('',*,*,#1012,.T.);
#1296=ORIENTED_EDGE('',*,*,#1013,.F.);
#1297=ORIENTED_EDGE('',*,*,#1014,.F.);
#1298=ORIENTED_EDGE('',*,*,#1009,.F.);
#1299=ORIENTED_EDGE('',*,*,#1015,.T.);
#1300=ORIENTED_EDGE('',*,*,#1016,.T.);
#1301=ORIENTED_EDGE('',*,*,#1017,.T.);
#1302=ORIENTED_EDGE('',*,*,#1018,.F.);
#1303=ORIENTED_EDGE('',*,*,#1013,.T.);
#1304=ORIENTED_EDGE('',*,*,#1019,.T.);
#1305=ORIENTED_EDGE('',*,*,#1020,.F.);
#1306=ORIENTED_EDGE('',*,*,#1021,.F.);
#1307=ORIENTED_EDGE('',*,*,#1022,.F.);
#1308=ORIENTED_EDGE('',*,*,#1016,.F.);
#1309=ORIENTED_EDGE('',*,*,#1023,.T.);
#1310=ORIENTED_EDGE('',*,*,#1024,.T.);
#1311=ORIENTED_EDGE('',*,*,#1025,.T.);
#1312=ORIENTED_EDGE('',*,*,#1020,.T.);
#1313=ORIENTED_EDGE('',*,*,#1026,.T.);
#1314=ORIENTED_EDGE('',*,*,#1027,.F.);
#1315=ORIENTED_EDGE('',*,*,#1028,.F.);
#1316=ORIENTED_EDGE('',*,*,#1024,.F.);
#1317=ORIENTED_EDGE('',*,*,#1029,.T.);
#1318=ORIENTED_EDGE('',*,*,#1030,.T.);
#1319=ORIENTED_EDGE('',*,*,#1031,.T.);
#1320=ORIENTED_EDGE('',*,*,#1027,.T.);
#1321=ORIENTED_EDGE('',*,*,#1032,.T.);
#1322=ORIENTED_EDGE('',*,*,#1033,.F.);
#1323=ORIENTED_EDGE('',*,*,#1034,.F.);
#1324=ORIENTED_EDGE('',*,*,#1035,.F.);
#1325=ORIENTED_EDGE('',*,*,#1030,.F.);
#1326=ORIENTED_EDGE('',*,*,#1036,.T.);
#1327=ORIENTED_EDGE('',*,*,#1037,.T.);
#1328=ORIENTED_EDGE('',*,*,#1038,.F.);
#1329=ORIENTED_EDGE('',*,*,#1039,.F.);
#1330=ORIENTED_EDGE('',*,*,#1033,.T.);
#1331=ORIENTED_EDGE('',*,*,#1040,.T.);
#1332=ORIENTED_EDGE('',*,*,#1041,.F.);
#1333=ORIENTED_EDGE('',*,*,#1042,.F.);
#1334=ORIENTED_EDGE('',*,*,#1037,.F.);
#1335=ORIENTED_EDGE('',*,*,#1043,.T.);
#1336=ORIENTED_EDGE('',*,*,#1044,.T.);
#1337=ORIENTED_EDGE('',*,*,#1045,.T.);
#1338=ORIENTED_EDGE('',*,*,#1046,.F.);
#1339=ORIENTED_EDGE('',*,*,#1041,.T.);
#1340=ORIENTED_EDGE('',*,*,#1047,.T.);
#1341=ORIENTED_EDGE('',*,*,#1048,.F.);
#1342=ORIENTED_EDGE('',*,*,#1049,.F.);
#1343=ORIENTED_EDGE('',*,*,#1050,.F.);
#1344=ORIENTED_EDGE('',*,*,#1044,.F.);
#1345=ORIENTED_EDGE('',*,*,#1051,.T.);
#1346=ORIENTED_EDGE('',*,*,#1052,.T.);
#1347=ORIENTED_EDGE('',*,*,#1053,.T.);
#1348=ORIENTED_EDGE('',*,*,#1048,.T.);
#1349=ORIENTED_EDGE('',*,*,#1054,.T.);
#1350=ORIENTED_EDGE('',*,*,#1055,.F.);
#1351=ORIENTED_EDGE('',*,*,#1056,.F.);
#1352=ORIENTED_EDGE('',*,*,#1052,.F.);
#1353=ORIENTED_EDGE('',*,*,#1057,.T.);
#1354=ORIENTED_EDGE('',*,*,#1058,.T.);
#1355=ORIENTED_EDGE('',*,*,#1059,.T.);
#1356=ORIENTED_EDGE('',*,*,#1055,.T.);
#1357=ORIENTED_EDGE('',*,*,#1060,.T.);
#1358=ORIENTED_EDGE('',*,*,#1061,.F.);
#1359=ORIENTED_EDGE('',*,*,#1062,.F.);
#1360=ORIENTED_EDGE('',*,*,#1063,.F.);
#1361=ORIENTED_EDGE('',*,*,#1058,.F.);
#1362=ORIENTED_EDGE('',*,*,#1064,.T.);
#1363=ORIENTED_EDGE('',*,*,#1065,.T.);
#1364=ORIENTED_EDGE('',*,*,#1066,.F.);
#1365=ORIENTED_EDGE('',*,*,#1067,.F.);
#1366=ORIENTED_EDGE('',*,*,#1061,.T.);
#1367=ORIENTED_EDGE('',*,*,#1068,.T.);
#1368=ORIENTED_EDGE('',*,*,#1069,.F.);
#1369=ORIENTED_EDGE('',*,*,#1070,.F.);
#1370=ORIENTED_EDGE('',*,*,#1065,.F.);
#1371=ORIENTED_EDGE('',*,*,#1071,.T.);
#1372=ORIENTED_EDGE('',*,*,#1072,.T.);
#1373=ORIENTED_EDGE('',*,*,#1073,.T.);
#1374=ORIENTED_EDGE('',*,*,#1074,.F.);
#1375=ORIENTED_EDGE('',*,*,#1069,.T.);
#1376=ORIENTED_EDGE('',*,*,#1075,.T.);
#1377=ORIENTED_EDGE('',*,*,#1076,.F.);
#1378=ORIENTED_EDGE('',*,*,#1077,.F.);
#1379=ORIENTED_EDGE('',*,*,#1078,.F.);
#1380=ORIENTED_EDGE('',*,*,#1072,.F.);
#1381=ORIENTED_EDGE('',*,*,#1079,.T.);
#1382=ORIENTED_EDGE('',*,*,#1080,.T.);
#1383=ORIENTED_EDGE('',*,*,#1081,.T.);
#1384=ORIENTED_EDGE('',*,*,#1076,.T.);
#1385=ORIENTED_EDGE('',*,*,#1082,.T.);
#1386=ORIENTED_EDGE('',*,*,#1083,.F.);
#1387=ORIENTED_EDGE('',*,*,#1084,.F.);
#1388=ORIENTED_EDGE('',*,*,#1080,.F.);
#1389=ORIENTED_EDGE('',*,*,#1085,.T.);
#1390=ORIENTED_EDGE('',*,*,#1086,.T.);
#1391=ORIENTED_EDGE('',*,*,#1087,.T.);
#1392=ORIENTED_EDGE('',*,*,#1083,.T.);
#1393=ORIENTED_EDGE('',*,*,#1088,.T.);
#1394=ORIENTED_EDGE('',*,*,#1089,.T.);
#1395=ORIENTED_EDGE('',*,*,#1090,.F.);
#1396=ORIENTED_EDGE('',*,*,#1089,.F.);
#1397=ORIENTED_EDGE('',*,*,#1091,.T.);
#1398=ORIENTED_EDGE('',*,*,#1092,.T.);
#1399=ORIENTED_EDGE('',*,*,#1093,.F.);
#1400=ORIENTED_EDGE('',*,*,#1092,.F.);
#1401=ORIENTED_EDGE('',*,*,#1094,.T.);
#1402=ORIENTED_EDGE('',*,*,#1095,.T.);
#1403=ORIENTED_EDGE('',*,*,#1096,.F.);
#1404=ORIENTED_EDGE('',*,*,#1095,.F.);
#1405=ORIENTED_EDGE('',*,*,#1097,.T.);
#1406=ORIENTED_EDGE('',*,*,#1098,.T.);
#1407=ORIENTED_EDGE('',*,*,#1099,.F.);
#1408=ORIENTED_EDGE('',*,*,#1098,.F.);
#1409=ORIENTED_EDGE('',*,*,#993,.T.);
#1410=ORIENTED_EDGE('',*,*,#1100,.T.);
#1411=ORIENTED_EDGE('',*,*,#1101,.T.);
#1412=ORIENTED_EDGE('',*,*,#1100,.F.);
#1413=ORIENTED_EDGE('',*,*,#1102,.F.);
#1414=ORIENTED_EDGE('',*,*,#1103,.F.);
#1415=ORIENTED_EDGE('',*,*,#1104,.F.);
#1416=ORIENTED_EDGE('',*,*,#1105,.F.);
#1417=ORIENTED_EDGE('',*,*,#1106,.F.);
#1418=ORIENTED_EDGE('',*,*,#1107,.F.);
#1419=ORIENTED_EDGE('',*,*,#1108,.F.);
#1420=ORIENTED_EDGE('',*,*,#1109,.F.);
#1421=ORIENTED_EDGE('',*,*,#1110,.F.);
#1422=ORIENTED_EDGE('',*,*,#1111,.F.);
#1423=ORIENTED_EDGE('',*,*,#1112,.F.);
#1424=ORIENTED_EDGE('',*,*,#1113,.F.);
#1425=ORIENTED_EDGE('',*,*,#1114,.F.);
#1426=ORIENTED_EDGE('',*,*,#1115,.F.);
#1427=ORIENTED_EDGE('',*,*,#1116,.F.);
#1428=ORIENTED_EDGE('',*,*,#1117,.F.);
#1429=ORIENTED_EDGE('',*,*,#1118,.F.);
#1430=ORIENTED_EDGE('',*,*,#1119,.F.);
#1431=ORIENTED_EDGE('',*,*,#1120,.F.);
#1432=ORIENTED_EDGE('',*,*,#1121,.F.);
#1433=ORIENTED_EDGE('',*,*,#1122,.F.);
#1434=ORIENTED_EDGE('',*,*,#1123,.F.);
#1435=ORIENTED_EDGE('',*,*,#1124,.F.);
#1436=ORIENTED_EDGE('',*,*,#1125,.F.);
#1437=ORIENTED_EDGE('',*,*,#1126,.T.);
#1438=ORIENTED_EDGE('',*,*,#1127,.F.);
#1439=ORIENTED_EDGE('',*,*,#1128,.F.);
#1440=ORIENTED_EDGE('',*,*,#1129,.F.);
#1441=ORIENTED_EDGE('',*,*,#1130,.T.);
#1442=ORIENTED_EDGE('',*,*,#1085,.F.);
#1443=ORIENTED_EDGE('',*,*,#1082,.F.);
#1444=ORIENTED_EDGE('',*,*,#1079,.F.);
#1445=ORIENTED_EDGE('',*,*,#1075,.F.);
#1446=ORIENTED_EDGE('',*,*,#1071,.F.);
#1447=ORIENTED_EDGE('',*,*,#1068,.F.);
#1448=ORIENTED_EDGE('',*,*,#1064,.F.);
#1449=ORIENTED_EDGE('',*,*,#1060,.F.);
#1450=ORIENTED_EDGE('',*,*,#1057,.F.);
#1451=ORIENTED_EDGE('',*,*,#1054,.F.);
#1452=ORIENTED_EDGE('',*,*,#1051,.F.);
#1453=ORIENTED_EDGE('',*,*,#1047,.F.);
#1454=ORIENTED_EDGE('',*,*,#1043,.F.);
#1455=ORIENTED_EDGE('',*,*,#1040,.F.);
#1456=ORIENTED_EDGE('',*,*,#1036,.F.);
#1457=ORIENTED_EDGE('',*,*,#1032,.F.);
#1458=ORIENTED_EDGE('',*,*,#1029,.F.);
#1459=ORIENTED_EDGE('',*,*,#1026,.F.);
#1460=ORIENTED_EDGE('',*,*,#1023,.F.);
#1461=ORIENTED_EDGE('',*,*,#1019,.F.);
#1462=ORIENTED_EDGE('',*,*,#1015,.F.);
#1463=ORIENTED_EDGE('',*,*,#1012,.F.);
#1464=ORIENTED_EDGE('',*,*,#1008,.F.);
#1465=ORIENTED_EDGE('',*,*,#1004,.F.);
#1466=ORIENTED_EDGE('',*,*,#1001,.F.);
#1467=ORIENTED_EDGE('',*,*,#998,.F.);
#1468=ORIENTED_EDGE('',*,*,#994,.F.);
#1469=ORIENTED_EDGE('',*,*,#1088,.F.);
#1470=ORIENTED_EDGE('',*,*,#1091,.F.);
#1471=ORIENTED_EDGE('',*,*,#1094,.F.);
#1472=ORIENTED_EDGE('',*,*,#1097,.F.);
#1473=ORIENTED_EDGE('',*,*,#1101,.F.);
#1474=ORIENTED_EDGE('',*,*,#1131,.T.);
#1475=ORIENTED_EDGE('',*,*,#1132,.T.);
#1476=ORIENTED_EDGE('',*,*,#1133,.T.);
#1477=ORIENTED_EDGE('',*,*,#1074,.T.);
#1478=ORIENTED_EDGE('',*,*,#1133,.F.);
#1479=ORIENTED_EDGE('',*,*,#1134,.T.);
#1480=ORIENTED_EDGE('',*,*,#1135,.T.);
#1481=ORIENTED_EDGE('',*,*,#1070,.T.);
#1482=ORIENTED_EDGE('',*,*,#1136,.T.);
#1483=ORIENTED_EDGE('',*,*,#1066,.T.);
#1484=ORIENTED_EDGE('',*,*,#1135,.F.);
#1485=ORIENTED_EDGE('',*,*,#1137,.T.);
#1486=ORIENTED_EDGE('',*,*,#1137,.F.);
#1487=ORIENTED_EDGE('',*,*,#1134,.F.);
#1488=ORIENTED_EDGE('',*,*,#1132,.F.);
#1489=ORIENTED_EDGE('',*,*,#1138,.T.);
#1490=ORIENTED_EDGE('',*,*,#1139,.F.);
#1491=ORIENTED_EDGE('',*,*,#1140,.F.);
#1492=ORIENTED_EDGE('',*,*,#1141,.F.);
#1493=ORIENTED_EDGE('',*,*,#1142,.F.);
#1494=ORIENTED_EDGE('',*,*,#1143,.F.);
#1495=ORIENTED_EDGE('',*,*,#1144,.F.);
#1496=ORIENTED_EDGE('',*,*,#1145,.F.);
#1497=ORIENTED_EDGE('',*,*,#1146,.T.);
#1498=ORIENTED_EDGE('',*,*,#1147,.F.);
#1499=ORIENTED_EDGE('',*,*,#1148,.F.);
#1500=ORIENTED_EDGE('',*,*,#1149,.F.);
#1501=ORIENTED_EDGE('',*,*,#1150,.T.);
#1502=ORIENTED_EDGE('',*,*,#1151,.F.);
#1503=ORIENTED_EDGE('',*,*,#1152,.F.);
#1504=ORIENTED_EDGE('',*,*,#1153,.F.);
#1505=ORIENTED_EDGE('',*,*,#1154,.T.);
#1506=ORIENTED_EDGE('',*,*,#1155,.F.);
#1507=ORIENTED_EDGE('',*,*,#1156,.F.);
#1508=ORIENTED_EDGE('',*,*,#1157,.F.);
#1509=ORIENTED_EDGE('',*,*,#1158,.T.);
#1510=ORIENTED_EDGE('',*,*,#1159,.F.);
#1511=ORIENTED_EDGE('',*,*,#1160,.F.);
#1512=ORIENTED_EDGE('',*,*,#1161,.F.);
#1513=ORIENTED_EDGE('',*,*,#1162,.T.);
#1514=ORIENTED_EDGE('',*,*,#990,.T.);
#1515=ORIENTED_EDGE('',*,*,#1090,.T.);
#1516=ORIENTED_EDGE('',*,*,#1093,.T.);
#1517=ORIENTED_EDGE('',*,*,#1096,.T.);
#1518=ORIENTED_EDGE('',*,*,#1099,.T.);
#1519=ORIENTED_EDGE('',*,*,#1131,.F.);
#1520=ORIENTED_EDGE('',*,*,#1073,.F.);
#1521=ORIENTED_EDGE('',*,*,#1078,.T.);
#1522=ORIENTED_EDGE('',*,*,#1163,.T.);
#1523=ORIENTED_EDGE('',*,*,#1164,.T.);
#1524=ORIENTED_EDGE('',*,*,#1165,.F.);
#1525=ORIENTED_EDGE('',*,*,#1166,.F.);
#1526=ORIENTED_EDGE('',*,*,#1138,.F.);
#1527=ORIENTED_EDGE('',*,*,#1167,.T.);
#1528=ORIENTED_EDGE('',*,*,#1161,.T.);
#1529=ORIENTED_EDGE('',*,*,#1168,.T.);
#1530=ORIENTED_EDGE('',*,*,#1046,.T.);
#1531=ORIENTED_EDGE('',*,*,#1168,.F.);
#1532=ORIENTED_EDGE('',*,*,#1160,.T.);
#1533=ORIENTED_EDGE('',*,*,#1169,.T.);
#1534=ORIENTED_EDGE('',*,*,#1042,.T.);
#1535=ORIENTED_EDGE('',*,*,#1170,.T.);
#1536=ORIENTED_EDGE('',*,*,#1038,.T.);
#1537=ORIENTED_EDGE('',*,*,#1169,.F.);
#1538=ORIENTED_EDGE('',*,*,#1159,.T.);
#1539=ORIENTED_EDGE('',*,*,#1136,.F.);
#1540=ORIENTED_EDGE('',*,*,#1162,.F.);
#1541=ORIENTED_EDGE('',*,*,#1167,.F.);
#1542=ORIENTED_EDGE('',*,*,#1045,.F.);
#1543=ORIENTED_EDGE('',*,*,#1050,.T.);
#1544=ORIENTED_EDGE('',*,*,#1171,.T.);
#1545=ORIENTED_EDGE('',*,*,#1062,.T.);
#1546=ORIENTED_EDGE('',*,*,#1067,.T.);
#1547=ORIENTED_EDGE('',*,*,#1172,.T.);
#1548=ORIENTED_EDGE('',*,*,#1157,.T.);
#1549=ORIENTED_EDGE('',*,*,#1173,.T.);
#1550=ORIENTED_EDGE('',*,*,#1018,.T.);
#1551=ORIENTED_EDGE('',*,*,#1173,.F.);
#1552=ORIENTED_EDGE('',*,*,#1156,.T.);
#1553=ORIENTED_EDGE('',*,*,#1174,.T.);
#1554=ORIENTED_EDGE('',*,*,#1014,.T.);
#1555=ORIENTED_EDGE('',*,*,#1175,.T.);
#1556=ORIENTED_EDGE('',*,*,#1010,.T.);
#1557=ORIENTED_EDGE('',*,*,#1174,.F.);
#1558=ORIENTED_EDGE('',*,*,#1155,.T.);
#1559=ORIENTED_EDGE('',*,*,#1170,.F.);
#1560=ORIENTED_EDGE('',*,*,#1158,.F.);
#1561=ORIENTED_EDGE('',*,*,#1172,.F.);
#1562=ORIENTED_EDGE('',*,*,#1017,.F.);
#1563=ORIENTED_EDGE('',*,*,#1022,.T.);
#1564=ORIENTED_EDGE('',*,*,#1176,.T.);
#1565=ORIENTED_EDGE('',*,*,#1034,.T.);
#1566=ORIENTED_EDGE('',*,*,#1039,.T.);
#1567=ORIENTED_EDGE('',*,*,#1107,.T.);
#1568=ORIENTED_EDGE('',*,*,#1177,.T.);
#1569=ORIENTED_EDGE('',*,*,#1178,.T.);
#1570=ORIENTED_EDGE('',*,*,#1179,.T.);
#1571=ORIENTED_EDGE('',*,*,#1106,.T.);
#1572=ORIENTED_EDGE('',*,*,#1180,.F.);
#1573=ORIENTED_EDGE('',*,*,#1181,.F.);
#1574=ORIENTED_EDGE('',*,*,#1182,.F.);
#1575=ORIENTED_EDGE('',*,*,#1177,.F.);
#1576=ORIENTED_EDGE('',*,*,#1183,.T.);
#1577=ORIENTED_EDGE('',*,*,#1153,.T.);
#1578=ORIENTED_EDGE('',*,*,#1184,.T.);
#1579=ORIENTED_EDGE('',*,*,#1185,.T.);
#1580=ORIENTED_EDGE('',*,*,#1184,.F.);
#1581=ORIENTED_EDGE('',*,*,#1152,.T.);
#1582=ORIENTED_EDGE('',*,*,#1186,.T.);
#1583=ORIENTED_EDGE('',*,*,#1187,.T.);
#1584=ORIENTED_EDGE('',*,*,#1188,.T.);
#1585=ORIENTED_EDGE('',*,*,#1189,.T.);
#1586=ORIENTED_EDGE('',*,*,#1186,.F.);
#1587=ORIENTED_EDGE('',*,*,#1151,.T.);
#1588=ORIENTED_EDGE('',*,*,#1175,.F.);
#1589=ORIENTED_EDGE('',*,*,#1154,.F.);
#1590=ORIENTED_EDGE('',*,*,#1183,.F.);
#1591=ORIENTED_EDGE('',*,*,#1190,.F.);
#1592=ORIENTED_EDGE('',*,*,#1191,.T.);
#1593=ORIENTED_EDGE('',*,*,#1192,.T.);
#1594=ORIENTED_EDGE('',*,*,#1006,.T.);
#1595=ORIENTED_EDGE('',*,*,#1011,.T.);
#1596=ORIENTED_EDGE('',*,*,#1103,.T.);
#1597=ORIENTED_EDGE('',*,*,#1193,.T.);
#1598=ORIENTED_EDGE('',*,*,#1190,.T.);
#1599=ORIENTED_EDGE('',*,*,#1185,.F.);
#1600=ORIENTED_EDGE('',*,*,#1194,.T.);
#1601=ORIENTED_EDGE('',*,*,#1115,.T.);
#1602=ORIENTED_EDGE('',*,*,#1195,.T.);
#1603=ORIENTED_EDGE('',*,*,#1196,.T.);
#1604=ORIENTED_EDGE('',*,*,#1197,.T.);
#1605=ORIENTED_EDGE('',*,*,#1114,.T.);
#1606=ORIENTED_EDGE('',*,*,#1198,.F.);
#1607=ORIENTED_EDGE('',*,*,#1199,.F.);
#1608=ORIENTED_EDGE('',*,*,#1200,.F.);
#1609=ORIENTED_EDGE('',*,*,#1195,.F.);
#1610=ORIENTED_EDGE('',*,*,#1109,.T.);
#1611=ORIENTED_EDGE('',*,*,#1201,.T.);
#1612=ORIENTED_EDGE('',*,*,#1202,.T.);
#1613=ORIENTED_EDGE('',*,*,#1203,.T.);
#1614=ORIENTED_EDGE('',*,*,#1108,.T.);
#1615=ORIENTED_EDGE('',*,*,#1179,.F.);
#1616=ORIENTED_EDGE('',*,*,#1204,.F.);
#1617=ORIENTED_EDGE('',*,*,#1201,.F.);
#1618=ORIENTED_EDGE('',*,*,#1205,.T.);
#1619=ORIENTED_EDGE('',*,*,#1149,.T.);
#1620=ORIENTED_EDGE('',*,*,#1206,.T.);
#1621=ORIENTED_EDGE('',*,*,#1207,.T.);
#1622=ORIENTED_EDGE('',*,*,#1206,.F.);
#1623=ORIENTED_EDGE('',*,*,#1148,.T.);
#1624=ORIENTED_EDGE('',*,*,#1208,.T.);
#1625=ORIENTED_EDGE('',*,*,#1209,.T.);
#1626=ORIENTED_EDGE('',*,*,#1210,.T.);
#1627=ORIENTED_EDGE('',*,*,#1211,.T.);
#1628=ORIENTED_EDGE('',*,*,#1208,.F.);
#1629=ORIENTED_EDGE('',*,*,#1147,.T.);
#1630=ORIENTED_EDGE('',*,*,#1188,.F.);
#1631=ORIENTED_EDGE('',*,*,#1150,.F.);
#1632=ORIENTED_EDGE('',*,*,#1205,.F.);
#1633=ORIENTED_EDGE('',*,*,#1212,.F.);
#1634=ORIENTED_EDGE('',*,*,#1213,.T.);
#1635=ORIENTED_EDGE('',*,*,#1214,.T.);
#1636=ORIENTED_EDGE('',*,*,#1181,.T.);
#1637=ORIENTED_EDGE('',*,*,#1215,.T.);
#1638=ORIENTED_EDGE('',*,*,#1111,.T.);
#1639=ORIENTED_EDGE('',*,*,#1216,.T.);
#1640=ORIENTED_EDGE('',*,*,#1212,.T.);
#1641=ORIENTED_EDGE('',*,*,#1207,.F.);
#1642=ORIENTED_EDGE('',*,*,#1217,.T.);
#1643=ORIENTED_EDGE('',*,*,#1123,.T.);
#1644=ORIENTED_EDGE('',*,*,#1218,.T.);
#1645=ORIENTED_EDGE('',*,*,#1219,.T.);
#1646=ORIENTED_EDGE('',*,*,#1220,.T.);
#1647=ORIENTED_EDGE('',*,*,#1122,.T.);
#1648=ORIENTED_EDGE('',*,*,#1221,.F.);
#1649=ORIENTED_EDGE('',*,*,#1222,.F.);
#1650=ORIENTED_EDGE('',*,*,#1223,.F.);
#1651=ORIENTED_EDGE('',*,*,#1218,.F.);
#1652=ORIENTED_EDGE('',*,*,#1117,.T.);
#1653=ORIENTED_EDGE('',*,*,#1224,.T.);
#1654=ORIENTED_EDGE('',*,*,#1225,.T.);
#1655=ORIENTED_EDGE('',*,*,#1226,.T.);
#1656=ORIENTED_EDGE('',*,*,#1118,.T.);
#1657=ORIENTED_EDGE('',*,*,#1226,.F.);
#1658=ORIENTED_EDGE('',*,*,#1227,.F.);
#1659=ORIENTED_EDGE('',*,*,#1228,.F.);
#1660=ORIENTED_EDGE('',*,*,#1229,.F.);
#1661=ORIENTED_EDGE('',*,*,#1230,.T.);
#1662=ORIENTED_EDGE('',*,*,#1145,.T.);
#1663=ORIENTED_EDGE('',*,*,#1231,.T.);
#1664=ORIENTED_EDGE('',*,*,#1232,.T.);
#1665=ORIENTED_EDGE('',*,*,#1231,.F.);
#1666=ORIENTED_EDGE('',*,*,#1144,.T.);
#1667=ORIENTED_EDGE('',*,*,#1233,.T.);
#1668=ORIENTED_EDGE('',*,*,#1234,.T.);
#1669=ORIENTED_EDGE('',*,*,#1235,.T.);
#1670=ORIENTED_EDGE('',*,*,#1236,.T.);
#1671=ORIENTED_EDGE('',*,*,#1233,.F.);
#1672=ORIENTED_EDGE('',*,*,#1143,.T.);
#1673=ORIENTED_EDGE('',*,*,#1210,.F.);
#1674=ORIENTED_EDGE('',*,*,#1146,.F.);
#1675=ORIENTED_EDGE('',*,*,#1230,.F.);
#1676=ORIENTED_EDGE('',*,*,#1237,.F.);
#1677=ORIENTED_EDGE('',*,*,#1228,.T.);
#1678=ORIENTED_EDGE('',*,*,#1238,.T.);
#1679=ORIENTED_EDGE('',*,*,#1199,.T.);
#1680=ORIENTED_EDGE('',*,*,#1239,.T.);
#1681=ORIENTED_EDGE('',*,*,#1119,.T.);
#1682=ORIENTED_EDGE('',*,*,#1229,.T.);
#1683=ORIENTED_EDGE('',*,*,#1237,.T.);
#1684=ORIENTED_EDGE('',*,*,#1232,.F.);
#1685=ORIENTED_EDGE('',*,*,#1240,.T.);
#1686=ORIENTED_EDGE('',*,*,#1102,.T.);
#1687=ORIENTED_EDGE('',*,*,#997,.F.);
#1688=ORIENTED_EDGE('',*,*,#1241,.F.);
#1689=ORIENTED_EDGE('',*,*,#1191,.F.);
#1690=ORIENTED_EDGE('',*,*,#1193,.F.);
#1691=ORIENTED_EDGE('',*,*,#1105,.T.);
#1692=ORIENTED_EDGE('',*,*,#1242,.T.);
#1693=ORIENTED_EDGE('',*,*,#1189,.F.);
#1694=ORIENTED_EDGE('',*,*,#1215,.F.);
#1695=ORIENTED_EDGE('',*,*,#1180,.T.);
#1696=ORIENTED_EDGE('',*,*,#1104,.T.);
#1697=ORIENTED_EDGE('',*,*,#1194,.F.);
#1698=ORIENTED_EDGE('',*,*,#1187,.F.);
#1699=ORIENTED_EDGE('',*,*,#1242,.F.);
#1700=ORIENTED_EDGE('',*,*,#1110,.T.);
#1701=ORIENTED_EDGE('',*,*,#1203,.F.);
#1702=ORIENTED_EDGE('',*,*,#1243,.F.);
#1703=ORIENTED_EDGE('',*,*,#1213,.F.);
#1704=ORIENTED_EDGE('',*,*,#1216,.F.);
#1705=ORIENTED_EDGE('',*,*,#1113,.T.);
#1706=ORIENTED_EDGE('',*,*,#1244,.T.);
#1707=ORIENTED_EDGE('',*,*,#1211,.F.);
#1708=ORIENTED_EDGE('',*,*,#1239,.F.);
#1709=ORIENTED_EDGE('',*,*,#1198,.T.);
#1710=ORIENTED_EDGE('',*,*,#1112,.T.);
#1711=ORIENTED_EDGE('',*,*,#1217,.F.);
#1712=ORIENTED_EDGE('',*,*,#1209,.F.);
#1713=ORIENTED_EDGE('',*,*,#1244,.F.);
#1714=ORIENTED_EDGE('',*,*,#1121,.T.);
#1715=ORIENTED_EDGE('',*,*,#1245,.T.);
#1716=ORIENTED_EDGE('',*,*,#1236,.F.);
#1717=ORIENTED_EDGE('',*,*,#1246,.F.);
#1718=ORIENTED_EDGE('',*,*,#1221,.T.);
#1719=ORIENTED_EDGE('',*,*,#1120,.T.);
#1720=ORIENTED_EDGE('',*,*,#1240,.F.);
#1721=ORIENTED_EDGE('',*,*,#1234,.F.);
#1722=ORIENTED_EDGE('',*,*,#1245,.F.);
#1723=ORIENTED_EDGE('',*,*,#1235,.F.);
#1724=ORIENTED_EDGE('',*,*,#1142,.T.);
#1725=ORIENTED_EDGE('',*,*,#1247,.F.);
#1726=ORIENTED_EDGE('',*,*,#1248,.F.);
#1727=ORIENTED_EDGE('',*,*,#1249,.T.);
#1728=ORIENTED_EDGE('',*,*,#1250,.T.);
#1729=ORIENTED_EDGE('',*,*,#1222,.T.);
#1730=ORIENTED_EDGE('',*,*,#1246,.T.);
#1731=ORIENTED_EDGE('',*,*,#1219,.F.);
#1732=ORIENTED_EDGE('',*,*,#1223,.T.);
#1733=ORIENTED_EDGE('',*,*,#1250,.F.);
#1734=ORIENTED_EDGE('',*,*,#1251,.T.);
#1735=ORIENTED_EDGE('',*,*,#1252,.F.);
#1736=ORIENTED_EDGE('',*,*,#1253,.T.);
#1737=ORIENTED_EDGE('',*,*,#1196,.F.);
#1738=ORIENTED_EDGE('',*,*,#1200,.T.);
#1739=ORIENTED_EDGE('',*,*,#1238,.F.);
#1740=ORIENTED_EDGE('',*,*,#1227,.T.);
#1741=ORIENTED_EDGE('',*,*,#1225,.F.);
#1742=ORIENTED_EDGE('',*,*,#1254,.T.);
#1743=ORIENTED_EDGE('',*,*,#1178,.F.);
#1744=ORIENTED_EDGE('',*,*,#1182,.T.);
#1745=ORIENTED_EDGE('',*,*,#1214,.F.);
#1746=ORIENTED_EDGE('',*,*,#1243,.T.);
#1747=ORIENTED_EDGE('',*,*,#1202,.F.);
#1748=ORIENTED_EDGE('',*,*,#1204,.T.);
#1749=ORIENTED_EDGE('',*,*,#1003,.F.);
#1750=ORIENTED_EDGE('',*,*,#1007,.T.);
#1751=ORIENTED_EDGE('',*,*,#1192,.F.);
#1752=ORIENTED_EDGE('',*,*,#1241,.T.);
#1753=ORIENTED_EDGE('',*,*,#996,.F.);
#1754=ORIENTED_EDGE('',*,*,#1000,.T.);
#1755=ORIENTED_EDGE('',*,*,#1031,.F.);
#1756=ORIENTED_EDGE('',*,*,#1035,.T.);
#1757=ORIENTED_EDGE('',*,*,#1176,.F.);
#1758=ORIENTED_EDGE('',*,*,#1021,.T.);
#1759=ORIENTED_EDGE('',*,*,#1025,.F.);
#1760=ORIENTED_EDGE('',*,*,#1028,.T.);
#1761=ORIENTED_EDGE('',*,*,#1059,.F.);
#1762=ORIENTED_EDGE('',*,*,#1063,.T.);
#1763=ORIENTED_EDGE('',*,*,#1171,.F.);
#1764=ORIENTED_EDGE('',*,*,#1049,.T.);
#1765=ORIENTED_EDGE('',*,*,#1053,.F.);
#1766=ORIENTED_EDGE('',*,*,#1056,.T.);
#1767=ORIENTED_EDGE('',*,*,#1081,.F.);
#1768=ORIENTED_EDGE('',*,*,#1084,.T.);
#1769=ORIENTED_EDGE('',*,*,#1087,.F.);
#1770=ORIENTED_EDGE('',*,*,#1255,.T.);
#1771=ORIENTED_EDGE('',*,*,#1163,.F.);
#1772=ORIENTED_EDGE('',*,*,#1077,.T.);
#1773=ORIENTED_EDGE('',*,*,#1124,.T.);
#1774=ORIENTED_EDGE('',*,*,#1220,.F.);
#1775=ORIENTED_EDGE('',*,*,#1253,.F.);
#1776=ORIENTED_EDGE('',*,*,#1256,.F.);
#1777=ORIENTED_EDGE('',*,*,#1116,.T.);
#1778=ORIENTED_EDGE('',*,*,#1197,.F.);
#1779=ORIENTED_EDGE('',*,*,#1254,.F.);
#1780=ORIENTED_EDGE('',*,*,#1224,.F.);
#1781=ORIENTED_EDGE('',*,*,#1125,.T.);
#1782=ORIENTED_EDGE('',*,*,#1256,.T.);
#1783=ORIENTED_EDGE('',*,*,#1252,.T.);
#1784=ORIENTED_EDGE('',*,*,#1257,.T.);
#1785=ORIENTED_EDGE('',*,*,#1126,.F.);
#1786=ORIENTED_EDGE('',*,*,#1257,.F.);
#1787=ORIENTED_EDGE('',*,*,#1251,.F.);
#1788=ORIENTED_EDGE('',*,*,#1249,.F.);
#1789=ORIENTED_EDGE('',*,*,#1258,.F.);
#1790=ORIENTED_EDGE('',*,*,#1247,.T.);
#1791=ORIENTED_EDGE('',*,*,#1141,.T.);
#1792=ORIENTED_EDGE('',*,*,#1259,.T.);
#1793=ORIENTED_EDGE('',*,*,#1260,.T.);
#1794=ORIENTED_EDGE('',*,*,#1259,.F.);
#1795=ORIENTED_EDGE('',*,*,#1140,.T.);
#1796=ORIENTED_EDGE('',*,*,#1261,.T.);
#1797=ORIENTED_EDGE('',*,*,#1262,.T.);
#1798=ORIENTED_EDGE('',*,*,#1166,.T.);
#1799=ORIENTED_EDGE('',*,*,#1263,.T.);
#1800=ORIENTED_EDGE('',*,*,#1261,.F.);
#1801=ORIENTED_EDGE('',*,*,#1139,.T.);
#1802=ORIENTED_EDGE('',*,*,#1127,.T.);
#1803=ORIENTED_EDGE('',*,*,#1258,.T.);
#1804=ORIENTED_EDGE('',*,*,#1248,.T.);
#1805=ORIENTED_EDGE('',*,*,#1260,.F.);
#1806=ORIENTED_EDGE('',*,*,#1264,.T.);
#1807=ORIENTED_EDGE('',*,*,#1128,.T.);
#1808=ORIENTED_EDGE('',*,*,#1264,.F.);
#1809=ORIENTED_EDGE('',*,*,#1262,.F.);
#1810=ORIENTED_EDGE('',*,*,#1265,.F.);
#1811=ORIENTED_EDGE('',*,*,#1129,.T.);
#1812=ORIENTED_EDGE('',*,*,#1265,.T.);
#1813=ORIENTED_EDGE('',*,*,#1263,.F.);
#1814=ORIENTED_EDGE('',*,*,#1165,.T.);
#1815=ORIENTED_EDGE('',*,*,#1266,.T.);
#1816=ORIENTED_EDGE('',*,*,#1130,.F.);
#1817=ORIENTED_EDGE('',*,*,#1266,.F.);
#1818=ORIENTED_EDGE('',*,*,#1164,.F.);
#1819=ORIENTED_EDGE('',*,*,#1255,.F.);
#1820=ORIENTED_EDGE('',*,*,#1086,.F.);
#1821=CYLINDRICAL_SURFACE('',#1970,0.15);
#1822=CYLINDRICAL_SURFACE('',#1976,1.26964247172458);
#1823=CYLINDRICAL_SURFACE('',#1981,0.1);
#1824=CYLINDRICAL_SURFACE('',#1985,0.1);
#1825=CYLINDRICAL_SURFACE('',#1990,1.26964247172458);
#1826=CYLINDRICAL_SURFACE('',#1995,0.1);
#1827=CYLINDRICAL_SURFACE('',#1999,0.1);
#1828=CYLINDRICAL_SURFACE('',#2004,1.26964247172458);
#1829=CYLINDRICAL_SURFACE('',#2009,0.1);
#1830=CYLINDRICAL_SURFACE('',#2013,0.1);
#1831=CYLINDRICAL_SURFACE('',#2018,1.26964247172458);
#1832=CYLINDRICAL_SURFACE('',#2022,0.086);
#1833=CYLINDRICAL_SURFACE('',#2025,0.086);
#1834=CYLINDRICAL_SURFACE('',#2028,0.086);
#1835=CYLINDRICAL_SURFACE('',#2031,0.086);
#1836=CYLINDRICAL_SURFACE('',#2034,0.1);
#1837=CYLINDRICAL_SURFACE('',#2094,0.1);
#1838=CYLINDRICAL_SURFACE('',#2098,1.26964247172458);
#1839=CYLINDRICAL_SURFACE('',#2107,0.1);
#1840=CYLINDRICAL_SURFACE('',#2119,0.1);
#1841=CYLINDRICAL_SURFACE('',#2121,0.1);
#1842=CYLINDRICAL_SURFACE('',#2124,0.1);
#1843=CYLINDRICAL_SURFACE('',#2126,0.1);
#1844=CYLINDRICAL_SURFACE('',#2139,1.26964247172458);
#1845=CYLINDRICAL_SURFACE('',#2140,1.26964247172458);
#1846=CYLINDRICAL_SURFACE('',#2148,0.1);
#1847=CYLINDRICAL_SURFACE('',#2150,0.1);
#1848=ADVANCED_FACE('',(#267),#1821,.F.);
#1849=ADVANCED_FACE('',(#268,#211),#222,.T.);
#1850=ADVANCED_FACE('',(#269),#223,.T.);
#1851=ADVANCED_FACE('',(#270),#1822,.T.);
#1852=ADVANCED_FACE('',(#271),#224,.T.);
#1853=ADVANCED_FACE('',(#272),#225,.F.);
#1854=ADVANCED_FACE('',(#273),#1823,.F.);
#1855=ADVANCED_FACE('',(#274),#226,.F.);
#1856=ADVANCED_FACE('',(#275),#1824,.F.);
#1857=ADVANCED_FACE('',(#276),#227,.F.);
#1858=ADVANCED_FACE('',(#277),#228,.T.);
#1859=ADVANCED_FACE('',(#278),#1825,.T.);
#1860=ADVANCED_FACE('',(#279),#229,.T.);
#1861=ADVANCED_FACE('',(#280),#230,.F.);
#1862=ADVANCED_FACE('',(#281),#1826,.F.);
#1863=ADVANCED_FACE('',(#282),#231,.F.);
#1864=ADVANCED_FACE('',(#283),#1827,.F.);
#1865=ADVANCED_FACE('',(#284),#232,.F.);
#1866=ADVANCED_FACE('',(#285),#233,.T.);
#1867=ADVANCED_FACE('',(#286),#1828,.T.);
#1868=ADVANCED_FACE('',(#287),#234,.T.);
#1869=ADVANCED_FACE('',(#288),#235,.F.);
#1870=ADVANCED_FACE('',(#289),#1829,.F.);
#1871=ADVANCED_FACE('',(#290),#236,.F.);
#1872=ADVANCED_FACE('',(#291),#1830,.F.);
#1873=ADVANCED_FACE('',(#292),#237,.F.);
#1874=ADVANCED_FACE('',(#293),#238,.T.);
#1875=ADVANCED_FACE('',(#294),#1831,.T.);
#1876=ADVANCED_FACE('',(#295),#239,.T.);
#1877=ADVANCED_FACE('',(#296),#1832,.F.);
#1878=ADVANCED_FACE('',(#297),#1833,.F.);
#1879=ADVANCED_FACE('',(#298),#1834,.F.);
#1880=ADVANCED_FACE('',(#299),#1835,.F.);
#1881=ADVANCED_FACE('',(#300),#1836,.F.);
#1882=ADVANCED_FACE('',(#301,#212,#213,#214,#215,#216),#240,.F.);
#1883=ADVANCED_FACE('',(#302),#14,.F.);
#1884=ADVANCED_FACE('',(#303),#241,.T.);
#1885=ADVANCED_FACE('',(#304),#15,.F.);
#1886=ADVANCED_FACE('',(#305,#217,#218,#219,#220,#221),#242,.F.);
#1887=ADVANCED_FACE('',(#306),#16,.T.);
#1888=ADVANCED_FACE('',(#307),#17,.F.);
#1889=ADVANCED_FACE('',(#308),#243,.T.);
#1890=ADVANCED_FACE('',(#309),#18,.F.);
#1891=ADVANCED_FACE('',(#310),#19,.T.);
#1892=ADVANCED_FACE('',(#311),#20,.F.);
#1893=ADVANCED_FACE('',(#312),#244,.T.);
#1894=ADVANCED_FACE('',(#313),#21,.F.);
#1895=ADVANCED_FACE('',(#314),#22,.T.);
#1896=ADVANCED_FACE('',(#315),#245,.T.);
#1897=ADVANCED_FACE('',(#316),#246,.F.);
#1898=ADVANCED_FACE('',(#317),#23,.F.);
#1899=ADVANCED_FACE('',(#318),#247,.T.);
#1900=ADVANCED_FACE('',(#319),#24,.F.);
#1901=ADVANCED_FACE('',(#320),#25,.T.);
#1902=ADVANCED_FACE('',(#321),#1837,.F.);
#1903=ADVANCED_FACE('',(#322),#248,.T.);
#1904=ADVANCED_FACE('',(#323),#249,.F.);
#1905=ADVANCED_FACE('',(#324),#250,.T.);
#1906=ADVANCED_FACE('',(#325),#1838,.T.);
#1907=ADVANCED_FACE('',(#326),#26,.F.);
#1908=ADVANCED_FACE('',(#327),#251,.T.);
#1909=ADVANCED_FACE('',(#328),#27,.F.);
#1910=ADVANCED_FACE('',(#329),#28,.T.);
#1911=ADVANCED_FACE('',(#330),#1839,.F.);
#1912=ADVANCED_FACE('',(#331),#252,.T.);
#1913=ADVANCED_FACE('',(#332),#253,.F.);
#1914=ADVANCED_FACE('',(#333),#254,.T.);
#1915=ADVANCED_FACE('',(#334),#255,.F.);
#1916=ADVANCED_FACE('',(#335),#29,.F.);
#1917=ADVANCED_FACE('',(#336),#256,.T.);
#1918=ADVANCED_FACE('',(#337),#30,.F.);
#1919=ADVANCED_FACE('',(#338),#31,.T.);
#1920=ADVANCED_FACE('',(#339),#1840,.F.);
#1921=ADVANCED_FACE('',(#340),#257,.F.);
#1922=ADVANCED_FACE('',(#341),#1841,.F.);
#1923=ADVANCED_FACE('',(#342),#258,.F.);
#1924=ADVANCED_FACE('',(#343),#259,.F.);
#1925=ADVANCED_FACE('',(#344),#1842,.F.);
#1926=ADVANCED_FACE('',(#345),#260,.F.);
#1927=ADVANCED_FACE('',(#346),#1843,.F.);
#1928=ADVANCED_FACE('',(#347),#261,.F.);
#1929=ADVANCED_FACE('',(#348),#32,.T.);
#1930=ADVANCED_FACE('',(#349),#33,.T.);
#1931=ADVANCED_FACE('',(#350),#34,.T.);
#1932=ADVANCED_FACE('',(#351),#35,.T.);
#1933=ADVANCED_FACE('',(#352),#36,.T.);
#1934=ADVANCED_FACE('',(#353),#37,.T.);
#1935=ADVANCED_FACE('',(#354),#38,.T.);
#1936=ADVANCED_FACE('',(#355),#39,.T.);
#1937=ADVANCED_FACE('',(#356),#1844,.T.);
#1938=ADVANCED_FACE('',(#357),#1845,.T.);
#1939=ADVANCED_FACE('',(#358),#262,.T.);
#1940=ADVANCED_FACE('',(#359),#263,.F.);
#1941=ADVANCED_FACE('',(#360),#40,.F.);
#1942=ADVANCED_FACE('',(#361),#264,.T.);
#1943=ADVANCED_FACE('',(#362),#41,.F.);
#1944=ADVANCED_FACE('',(#363),#1846,.F.);
#1945=ADVANCED_FACE('',(#364),#265,.F.);
#1946=ADVANCED_FACE('',(#365),#1847,.F.);
#1947=ADVANCED_FACE('',(#366),#266,.F.);
#1948=CLOSED_SHELL('',(#1848,#1849,#1850,#1851,#1852,#1853,#1854,#1855,
#1856,#1857,#1858,#1859,#1860,#1861,#1862,#1863,#1864,#1865,#1866,#1867,
#1868,#1869,#1870,#1871,#1872,#1873,#1874,#1875,#1876,#1877,#1878,#1879,
#1880,#1881,#1882,#1883,#1884,#1885,#1886,#1887,#1888,#1889,#1890,#1891,
#1892,#1893,#1894,#1895,#1896,#1897,#1898,#1899,#1900,#1901,#1902,#1903,
#1904,#1905,#1906,#1907,#1908,#1909,#1910,#1911,#1912,#1913,#1914,#1915,
#1916,#1917,#1918,#1919,#1920,#1921,#1922,#1923,#1924,#1925,#1926,#1927,
#1928,#1929,#1930,#1931,#1932,#1933,#1934,#1935,#1936,#1937,#1938,#1939,
#1940,#1941,#1942,#1943,#1944,#1945,#1946,#1947));
#1949=DERIVED_UNIT_ELEMENT(#1951,1.);
#1950=DERIVED_UNIT_ELEMENT(#3434,-3.);
#1951=(
CONVERSION_BASED_UNIT('gram',#1953)
MASS_UNIT()
NAMED_UNIT(#3431)
);
#1952=(
MASS_UNIT()
NAMED_UNIT(*)
SI_UNIT(.KILO.,.GRAM.)
);
#1953=MASS_MEASURE_WITH_UNIT(MASS_MEASURE(0.001),#1952);
#1954=DERIVED_UNIT((#1949,#1950));
#1955=MEASURE_REPRESENTATION_ITEM('density measure',
POSITIVE_RATIO_MEASURE(1.),#1954);
#1956=PROPERTY_DEFINITION_REPRESENTATION(#1961,#1958);
#1957=PROPERTY_DEFINITION_REPRESENTATION(#1962,#1959);
#1958=REPRESENTATION('material name',(#1960),#3428);
#1959=REPRESENTATION('density',(#1955),#3428);
#1960=DESCRIPTIVE_REPRESENTATION_ITEM('white pla','white pla');
#1961=PROPERTY_DEFINITION('material property','material name',#3442);
#1962=PROPERTY_DEFINITION('material property','density of part',#3442);
#1963=DATE_TIME_ROLE('creation_date');
#1964=APPLIED_DATE_AND_TIME_ASSIGNMENT(#1965,#1963,(#3442));
#1965=DATE_AND_TIME(#1966,#1967);
#1966=CALENDAR_DATE(2025,15,11);
#1967=LOCAL_TIME(0,0,0.,#1968);
#1968=COORDINATED_UNIVERSAL_TIME_OFFSET(0,0,.BEHIND.);
#1969=AXIS2_PLACEMENT_3D('',#2643,#2152,#2153);
#1970=AXIS2_PLACEMENT_3D('',#2644,#2154,#2155);
#1971=AXIS2_PLACEMENT_3D('',#2646,#2156,#2157);
#1972=AXIS2_PLACEMENT_3D('',#2649,#2159,#2160);
#1973=AXIS2_PLACEMENT_3D('',#2650,#2161,#2162);
#1974=AXIS2_PLACEMENT_3D('',#2652,#2163,#2164);
#1975=AXIS2_PLACEMENT_3D('',#2653,#2165,#2166);
#1976=AXIS2_PLACEMENT_3D('',#2664,#2170,#2171);
#1977=AXIS2_PLACEMENT_3D('',#2666,#2172,#2173);
#1978=AXIS2_PLACEMENT_3D('',#2669,#2175,#2176);
#1979=AXIS2_PLACEMENT_3D('',#2670,#2177,#2178);
#1980=AXIS2_PLACEMENT_3D('',#2678,#2181,#2182);
#1981=AXIS2_PLACEMENT_3D('',#2690,#2185,#2186);
#1982=AXIS2_PLACEMENT_3D('',#2692,#2187,#2188);
#1983=AXIS2_PLACEMENT_3D('',#2696,#2190,#2191);
#1984=AXIS2_PLACEMENT_3D('',#2701,#2192,#2193);
#1985=AXIS2_PLACEMENT_3D('',#2707,#2197,#2198);
#1986=AXIS2_PLACEMENT_3D('',#2709,#2199,#2200);
#1987=AXIS2_PLACEMENT_3D('',#2717,#2202,#2203);
#1988=AXIS2_PLACEMENT_3D('',#2718,#2204,#2205);
#1989=AXIS2_PLACEMENT_3D('',#2730,#2208,#2209);
#1990=AXIS2_PLACEMENT_3D('',#2738,#2212,#2213);
#1991=AXIS2_PLACEMENT_3D('',#2740,#2214,#2215);
#1992=AXIS2_PLACEMENT_3D('',#2743,#2217,#2218);
#1993=AXIS2_PLACEMENT_3D('',#2744,#2219,#2220);
#1994=AXIS2_PLACEMENT_3D('',#2752,#2223,#2224);
#1995=AXIS2_PLACEMENT_3D('',#2764,#2227,#2228);
#1996=AXIS2_PLACEMENT_3D('',#2766,#2229,#2230);
#1997=AXIS2_PLACEMENT_3D('',#2770,#2232,#2233);
#1998=AXIS2_PLACEMENT_3D('',#2775,#2234,#2235);
#1999=AXIS2_PLACEMENT_3D('',#2781,#2239,#2240);
#2000=AXIS2_PLACEMENT_3D('',#2783,#2241,#2242);
#2001=AXIS2_PLACEMENT_3D('',#2791,#2244,#2245);
#2002=AXIS2_PLACEMENT_3D('',#2792,#2246,#2247);
#2003=AXIS2_PLACEMENT_3D('',#2804,#2250,#2251);
#2004=AXIS2_PLACEMENT_3D('',#2812,#2254,#2255);
#2005=AXIS2_PLACEMENT_3D('',#2814,#2256,#2257);
#2006=AXIS2_PLACEMENT_3D('',#2817,#2259,#2260);
#2007=AXIS2_PLACEMENT_3D('',#2818,#2261,#2262);
#2008=AXIS2_PLACEMENT_3D('',#2826,#2265,#2266);
#2009=AXIS2_PLACEMENT_3D('',#2838,#2269,#2270);
#2010=AXIS2_PLACEMENT_3D('',#2840,#2271,#2272);
#2011=AXIS2_PLACEMENT_3D('',#2844,#2274,#2275);
#2012=AXIS2_PLACEMENT_3D('',#2849,#2276,#2277);
#2013=AXIS2_PLACEMENT_3D('',#2855,#2281,#2282);
#2014=AXIS2_PLACEMENT_3D('',#2857,#2283,#2284);
#2015=AXIS2_PLACEMENT_3D('',#2865,#2286,#2287);
#2016=AXIS2_PLACEMENT_3D('',#2866,#2288,#2289);
#2017=AXIS2_PLACEMENT_3D('',#2878,#2292,#2293);
#2018=AXIS2_PLACEMENT_3D('',#2886,#2296,#2297);
#2019=AXIS2_PLACEMENT_3D('',#2888,#2298,#2299);
#2020=AXIS2_PLACEMENT_3D('',#2891,#2301,#2302);
#2021=AXIS2_PLACEMENT_3D('',#2892,#2303,#2304);
#2022=AXIS2_PLACEMENT_3D('',#2900,#2307,#2308);
#2023=AXIS2_PLACEMENT_3D('',#2902,#2309,#2310);
#2024=AXIS2_PLACEMENT_3D('',#2905,#2312,#2313);
#2025=AXIS2_PLACEMENT_3D('',#2906,#2314,#2315);
#2026=AXIS2_PLACEMENT_3D('',#2908,#2316,#2317);
#2027=AXIS2_PLACEMENT_3D('',#2911,#2319,#2320);
#2028=AXIS2_PLACEMENT_3D('',#2912,#2321,#2322);
#2029=AXIS2_PLACEMENT_3D('',#2914,#2323,#2324);
#2030=AXIS2_PLACEMENT_3D('',#2917,#2326,#2327);
#2031=AXIS2_PLACEMENT_3D('',#2918,#2328,#2329);
#2032=AXIS2_PLACEMENT_3D('',#2920,#2330,#2331);
#2033=AXIS2_PLACEMENT_3D('',#2923,#2333,#2334);
#2034=AXIS2_PLACEMENT_3D('',#2924,#2335,#2336);
#2035=AXIS2_PLACEMENT_3D('',#2927,#2338,#2339);
#2036=AXIS2_PLACEMENT_3D('',#2928,#2340,#2341);
#2037=AXIS2_PLACEMENT_3D('',#2932,#2343,#2344);
#2038=AXIS2_PLACEMENT_3D('',#2936,#2346,#2347);
#2039=AXIS2_PLACEMENT_3D('',#2942,#2350,#2351);
#2040=AXIS2_PLACEMENT_3D('',#2948,#2354,#2355);
#2041=AXIS2_PLACEMENT_3D('',#2952,#2357,#2358);
#2042=AXIS2_PLACEMENT_3D('',#2958,#2361,#2362);
#2043=AXIS2_PLACEMENT_3D('',#2964,#2365,#2366);
#2044=AXIS2_PLACEMENT_3D('',#2968,#2368,#2369);
#2045=AXIS2_PLACEMENT_3D('',#2974,#2372,#2373);
#2046=AXIS2_PLACEMENT_3D('',#2980,#2376,#2377);
#2047=AXIS2_PLACEMENT_3D('',#2984,#2379,#2380);
#2048=AXIS2_PLACEMENT_3D('',#2986,#2382,#2383);
#2049=AXIS2_PLACEMENT_3D('',#2997,#2384,#2385);
#2050=AXIS2_PLACEMENT_3D('',#2999,#2387,#2388);
#2051=AXIS2_PLACEMENT_3D('',#3003,#2391,#2392);
#2052=AXIS2_PLACEMENT_3D('',#3013,#2393,#2394);
#2053=AXIS2_PLACEMENT_3D('',#3014,#2395,#2396);
#2054=AXIS2_PLACEMENT_3D('',#3016,#2397,#2398);
#2055=AXIS2_PLACEMENT_3D('',#3018,#2399,#2400);
#2056=AXIS2_PLACEMENT_3D('',#3022,#2402,#2403);
#2057=AXIS2_PLACEMENT_3D('',#3024,#2404,#2405);
#2058=AXIS2_PLACEMENT_3D('',#3026,#2406,#2407);
#2059=AXIS2_PLACEMENT_3D('',#3030,#2409,#2410);
#2060=AXIS2_PLACEMENT_3D('',#3032,#2411,#2412);
#2061=AXIS2_PLACEMENT_3D('',#3034,#2413,#2414);
#2062=AXIS2_PLACEMENT_3D('',#3038,#2416,#2417);
#2063=AXIS2_PLACEMENT_3D('',#3040,#2418,#2419);
#2064=AXIS2_PLACEMENT_3D('',#3042,#2420,#2421);
#2065=AXIS2_PLACEMENT_3D('',#3046,#2423,#2424);
#2066=AXIS2_PLACEMENT_3D('',#3048,#2425,#2426);
#2067=AXIS2_PLACEMENT_3D('',#3050,#2427,#2428);
#2068=AXIS2_PLACEMENT_3D('',#3054,#2430,#2431);
#2069=AXIS2_PLACEMENT_3D('',#3056,#2432,#2433);
#2070=AXIS2_PLACEMENT_3D('',#3058,#2434,#2435);
#2071=AXIS2_PLACEMENT_3D('',#3062,#2437,#2438);
#2072=AXIS2_PLACEMENT_3D('',#3063,#2439,#2440);
#2073=AXIS2_PLACEMENT_3D('',#3064,#2441,#2442);
#2074=AXIS2_PLACEMENT_3D('',#3066,#2443,#2444);
#2075=AXIS2_PLACEMENT_3D('',#3084,#2445,#2446);
#2076=AXIS2_PLACEMENT_3D('',#3094,#2448,#2449);
#2077=AXIS2_PLACEMENT_3D('',#3096,#2451,#2452);
#2078=AXIS2_PLACEMENT_3D('',#3105,#2453,#2454);
#2079=AXIS2_PLACEMENT_3D('',#3106,#2455,#2456);
#2080=AXIS2_PLACEMENT_3D('',#3107,#2457,#2458);
#2081=AXIS2_PLACEMENT_3D('',#3117,#2460,#2461);
#2082=AXIS2_PLACEMENT_3D('',#3119,#2463,#2464);
#2083=AXIS2_PLACEMENT_3D('',#3128,#2465,#2466);
#2084=AXIS2_PLACEMENT_3D('',#3129,#2467,#2468);
#2085=AXIS2_PLACEMENT_3D('',#3130,#2469,#2470);
#2086=AXIS2_PLACEMENT_3D('',#3138,#2473,#2474);
#2087=AXIS2_PLACEMENT_3D('',#3148,#2476,#2477);
#2088=AXIS2_PLACEMENT_3D('',#3160,#2479,#2480);
#2089=AXIS2_PLACEMENT_3D('',#3161,#2481,#2482);
#2090=AXIS2_PLACEMENT_3D('',#3165,#2485,#2486);
#2091=AXIS2_PLACEMENT_3D('',#3175,#2487,#2488);
#2092=AXIS2_PLACEMENT_3D('',#3176,#2489,#2490);
#2093=AXIS2_PLACEMENT_3D('',#3186,#2491,#2492);
#2094=AXIS2_PLACEMENT_3D('',#3187,#2493,#2494);
#2095=AXIS2_PLACEMENT_3D('',#3190,#2497,#2498);
#2096=AXIS2_PLACEMENT_3D('',#3198,#2501,#2502);
#2097=AXIS2_PLACEMENT_3D('',#3208,#2504,#2505);
#2098=AXIS2_PLACEMENT_3D('',#3216,#2508,#2509);
#2099=AXIS2_PLACEMENT_3D('',#3217,#2510,#2511);
#2100=AXIS2_PLACEMENT_3D('',#3218,#2512,#2513);
#2101=AXIS2_PLACEMENT_3D('',#3230,#2515,#2516);
#2102=AXIS2_PLACEMENT_3D('',#3231,#2517,#2518);
#2103=AXIS2_PLACEMENT_3D('',#3235,#2521,#2522);
#2104=AXIS2_PLACEMENT_3D('',#3245,#2523,#2524);
#2105=AXIS2_PLACEMENT_3D('',#3246,#2525,#2526);
#2106=AXIS2_PLACEMENT_3D('',#3256,#2527,#2528);
#2107=AXIS2_PLACEMENT_3D('',#3261,#2529,#2530);
#2108=AXIS2_PLACEMENT_3D('',#3264,#2533,#2534);
#2109=AXIS2_PLACEMENT_3D('',#3272,#2537,#2538);
#2110=AXIS2_PLACEMENT_3D('',#3282,#2540,#2541);
#2111=AXIS2_PLACEMENT_3D('',#3290,#2544,#2545);
#2112=AXIS2_PLACEMENT_3D('',#3300,#2547,#2548);
#2113=AXIS2_PLACEMENT_3D('',#3312,#2550,#2551);
#2114=AXIS2_PLACEMENT_3D('',#3313,#2552,#2553);
#2115=AXIS2_PLACEMENT_3D('',#3317,#2556,#2557);
#2116=AXIS2_PLACEMENT_3D('',#3327,#2558,#2559);
#2117=AXIS2_PLACEMENT_3D('',#3328,#2560,#2561);
#2118=AXIS2_PLACEMENT_3D('',#3333,#2562,#2563);
#2119=AXIS2_PLACEMENT_3D('',#3338,#2564,#2565);
#2120=AXIS2_PLACEMENT_3D('',#3340,#2567,#2568);
#2121=AXIS2_PLACEMENT_3D('',#3344,#2569,#2570);
#2122=AXIS2_PLACEMENT_3D('',#3346,#2572,#2573);
#2123=AXIS2_PLACEMENT_3D('',#3347,#2574,#2575);
#2124=AXIS2_PLACEMENT_3D('',#3351,#2576,#2577);
#2125=AXIS2_PLACEMENT_3D('',#3353,#2579,#2580);
#2126=AXIS2_PLACEMENT_3D('',#3354,#2581,#2582);
#2127=AXIS2_PLACEMENT_3D('',#3360,#2584,#2585);
#2128=AXIS2_PLACEMENT_3D('',#3361,#2586,#2587);
#2129=AXIS2_PLACEMENT_3D('',#3381,#2588,#2589);
#2130=AXIS2_PLACEMENT_3D('',#3382,#2590,#2591);
#2131=AXIS2_PLACEMENT_3D('',#3391,#2592,#2593);
#2132=AXIS2_PLACEMENT_3D('',#3392,#2594,#2595);
#2133=AXIS2_PLACEMENT_3D('',#3393,#2596,#2597);
#2134=AXIS2_PLACEMENT_3D('',#3394,#2598,#2599);
#2135=AXIS2_PLACEMENT_3D('',#3395,#2600,#2601);
#2136=AXIS2_PLACEMENT_3D('',#3396,#2602,#2603);
#2137=AXIS2_PLACEMENT_3D('',#3397,#2604,#2605);
#2138=AXIS2_PLACEMENT_3D('',#3398,#2606,#2607);
#2139=AXIS2_PLACEMENT_3D('',#3402,#2608,#2609);
#2140=AXIS2_PLACEMENT_3D('',#3404,#2611,#2612);
#2141=AXIS2_PLACEMENT_3D('',#3405,#2613,#2614);
#2142=AXIS2_PLACEMENT_3D('',#3407,#2616,#2617);
#2143=AXIS2_PLACEMENT_3D('',#3409,#2619,#2620);
#2144=AXIS2_PLACEMENT_3D('',#3412,#2622,#2623);
#2145=AXIS2_PLACEMENT_3D('',#3413,#2624,#2625);
#2146=AXIS2_PLACEMENT_3D('',#3417,#2628,#2629);
#2147=AXIS2_PLACEMENT_3D('',#3418,#2630,#2631);
#2148=AXIS2_PLACEMENT_3D('',#3419,#2632,#2633);
#2149=AXIS2_PLACEMENT_3D('',#3421,#2635,#2636);
#2150=AXIS2_PLACEMENT_3D('',#3423,#2638,#2639);
#2151=AXIS2_PLACEMENT_3D('',#3425,#2641,#2642);
#2152=DIRECTION('axis',(0.,0.,1.));
#2153=DIRECTION('refdir',(1.,0.,0.));
#2154=DIRECTION('center_axis',(0.,1.,0.));
#2155=DIRECTION('ref_axis',(1.,0.,-3.71085555438911E-16));
#2156=DIRECTION('center_axis',(0.,1.,0.));
#2157=DIRECTION('ref_axis',(1.,0.,-3.71085555438911E-16));
#2158=DIRECTION('',(0.,1.,0.));
#2159=DIRECTION('center_axis',(0.,1.,0.));
#2160=DIRECTION('ref_axis',(1.,0.,-3.71085555438911E-16));
#2161=DIRECTION('center_axis',(0.,-1.,0.));
#2162=DIRECTION('ref_axis',(0.,0.,-1.));
#2163=DIRECTION('center_axis',(0.,-1.,0.));
#2164=DIRECTION('ref_axis',(1.,0.,0.));
#2165=DIRECTION('center_axis',(0.888047875637905,0.,0.459750987573713));
#2166=DIRECTION('ref_axis',(0.459750987573713,0.,-0.888047875637905));
#2167=DIRECTION('',(-0.459750987573713,0.,0.888047875637905));
#2168=DIRECTION('',(0.,-1.,0.));
#2169=DIRECTION('',(0.,1.,0.));
#2170=DIRECTION('center_axis',(0.,-1.,0.));
#2171=DIRECTION('ref_axis',(-1.,0.,0.));
#2172=DIRECTION('center_axis',(0.,-1.,0.));
#2173=DIRECTION('ref_axis',(-1.,0.,0.));
#2174=DIRECTION('',(0.,1.,0.));
#2175=DIRECTION('center_axis',(0.,-1.,0.));
#2176=DIRECTION('ref_axis',(1.,0.,0.));
#2177=DIRECTION('center_axis',(-0.887698026079821,0.,0.460426122731964));
#2178=DIRECTION('ref_axis',(0.460426122731964,0.,0.887698026079821));
#2179=DIRECTION('',(-0.460426122731964,0.,-0.887698026079821));
#2180=DIRECTION('',(0.,-1.,0.));
#2181=DIRECTION('center_axis',(0.900968867902419,0.,0.433883739117558));
#2182=DIRECTION('ref_axis',(-0.433883739117558,0.,0.900968867902419));
#2183=DIRECTION('',(0.433883739117558,0.,-0.900968867902419));
#2184=DIRECTION('',(0.,1.,0.));
#2185=DIRECTION('center_axis',(0.,-1.,0.));
#2186=DIRECTION('ref_axis',(0.943883330308368,0.,-0.330279061955166));
#2187=DIRECTION('center_axis',(0.,1.,0.));
#2188=DIRECTION('ref_axis',(0.943883330308368,0.,-0.330279061955166));
#2189=DIRECTION('',(0.,-1.,0.));
#2190=DIRECTION('center_axis',(0.,1.,0.));
#2191=DIRECTION('ref_axis',(0.943883330308368,0.,-0.330279061955166));
#2192=DIRECTION('center_axis',(0.433883739117558,0.,-0.900968867902419));
#2193=DIRECTION('ref_axis',(0.900968867902419,0.,0.433883739117558));
#2194=DIRECTION('',(-0.900968867902419,0.,-0.433883739117558));
#2195=DIRECTION('',(0.,1.,0.));
#2196=DIRECTION('',(-0.900968867902419,0.,-0.433883739117558));
#2197=DIRECTION('center_axis',(0.,-1.,0.));
#2198=DIRECTION('ref_axis',(-0.330279061955168,0.,-0.943883330308367));
#2199=DIRECTION('center_axis',(0.,1.,0.));
#2200=DIRECTION('ref_axis',(-0.330279061955168,0.,-0.943883330308367));
#2201=DIRECTION('',(0.,-1.,0.));
#2202=DIRECTION('center_axis',(0.,1.,0.));
#2203=DIRECTION('ref_axis',(-0.330279061955168,0.,-0.943883330308367));
#2204=DIRECTION('center_axis',(-0.900968867902419,0.,-0.433883739117558));
#2205=DIRECTION('ref_axis',(0.433883739117558,0.,-0.900968867902419));
#2206=DIRECTION('',(-0.433883739117558,0.,0.900968867902419));
#2207=DIRECTION('',(0.,1.,0.));
#2208=DIRECTION('center_axis',(0.19424099784165,0.,0.980953839259259));
#2209=DIRECTION('ref_axis',(0.980953839259259,0.,-0.19424099784165));
#2210=DIRECTION('',(-0.980953839259259,0.,0.19424099784165));
#2211=DIRECTION('',(0.,-1.,0.));
#2212=DIRECTION('center_axis',(0.,-1.,0.));
#2213=DIRECTION('ref_axis',(-1.,0.,0.));
#2214=DIRECTION('center_axis',(0.,-1.,0.));
#2215=DIRECTION('ref_axis',(-1.,0.,0.));
#2216=DIRECTION('',(0.,1.,0.));
#2217=DIRECTION('center_axis',(0.,-1.,0.));
#2218=DIRECTION('ref_axis',(1.,0.,0.));
#2219=DIRECTION('center_axis',(-0.913446304493437,0.,-0.406959271681189));
#2220=DIRECTION('ref_axis',(-0.406959271681189,0.,0.913446304493437));
#2221=DIRECTION('',(0.406959271681189,0.,-0.913446304493437));
#2222=DIRECTION('',(0.,-1.,0.));
#2223=DIRECTION('center_axis',(0.222520933956315,0.,0.974927912181824));
#2224=DIRECTION('ref_axis',(-0.974927912181824,0.,0.222520933956315));
#2225=DIRECTION('',(0.974927912181824,0.,-0.222520933956315));
#2226=DIRECTION('',(0.,1.,0.));
#2227=DIRECTION('center_axis',(0.,-1.,0.));
#2228=DIRECTION('ref_axis',(0.846724199228284,0.,0.532032076515336));
#2229=DIRECTION('center_axis',(0.,1.,0.));
#2230=DIRECTION('ref_axis',(0.846724199228284,0.,0.532032076515336));
#2231=DIRECTION('',(0.,-1.,0.));
#2232=DIRECTION('center_axis',(0.,1.,0.));
#2233=DIRECTION('ref_axis',(0.846724199228284,0.,0.532032076515336));
#2234=DIRECTION('center_axis',(0.974927912181824,0.,-0.222520933956315));
#2235=DIRECTION('ref_axis',(0.222520933956315,0.,0.974927912181824));
#2236=DIRECTION('',(-0.222520933956315,0.,-0.974927912181824));
#2237=DIRECTION('',(0.,1.,0.));
#2238=DIRECTION('',(-0.222520933956315,0.,-0.974927912181824));
#2239=DIRECTION('center_axis',(0.,-1.,0.));
#2240=DIRECTION('ref_axis',(0.532032076515335,0.,-0.846724199228285));
#2241=DIRECTION('center_axis',(0.,1.,0.));
#2242=DIRECTION('ref_axis',(0.532032076515335,0.,-0.846724199228285));
#2243=DIRECTION('',(0.,-1.,0.));
#2244=DIRECTION('center_axis',(0.,1.,0.));
#2245=DIRECTION('ref_axis',(0.532032076515335,0.,-0.846724199228285));
#2246=DIRECTION('center_axis',(-0.222520933956315,0.,-0.974927912181824));
#2247=DIRECTION('ref_axis',(0.974927912181824,0.,-0.222520933956315));
#2248=DIRECTION('',(-0.974927912181824,0.,0.222520933956315));
#2249=DIRECTION('',(0.,1.,0.));
#2250=DIRECTION('center_axis',(-0.645833313123638,0.,0.763478442170927));
#2251=DIRECTION('ref_axis',(0.763478442170927,0.,0.645833313123638));
#2252=DIRECTION('',(-0.763478442170927,0.,-0.645833313123638));
#2253=DIRECTION('',(0.,-1.,0.));
#2254=DIRECTION('center_axis',(0.,-1.,0.));
#2255=DIRECTION('ref_axis',(-1.,0.,0.));
#2256=DIRECTION('center_axis',(0.,-1.,0.));
#2257=DIRECTION('ref_axis',(-1.,0.,0.));
#2258=DIRECTION('',(0.,1.,0.));
#2259=DIRECTION('center_axis',(0.,-1.,0.));
#2260=DIRECTION('ref_axis',(1.,0.,0.));
#2261=DIRECTION('center_axis',(-0.251350884714594,0.,-0.967896034062125));
#2262=DIRECTION('ref_axis',(-0.967896034062125,0.,0.251350884714594));
#2263=DIRECTION('',(0.967896034062125,0.,-0.251350884714594));
#2264=DIRECTION('',(0.,-1.,0.));
#2265=DIRECTION('center_axis',(-0.623489801858733,0.,0.78183148246803));
#2266=DIRECTION('ref_axis',(-0.78183148246803,0.,-0.623489801858733));
#2267=DIRECTION('',(0.78183148246803,0.,0.623489801858733));
#2268=DIRECTION('',(0.,1.,0.));
#2269=DIRECTION('center_axis',(0.,-1.,0.));
#2270=DIRECTION('ref_axis',(0.111964476103308,0.,0.993712209893243));
#2271=DIRECTION('center_axis',(0.,1.,0.));
#2272=DIRECTION('ref_axis',(0.111964476103308,0.,0.993712209893243));
#2273=DIRECTION('',(0.,-1.,0.));
#2274=DIRECTION('center_axis',(0.,1.,0.));
#2275=DIRECTION('ref_axis',(0.111964476103308,0.,0.993712209893243));
#2276=DIRECTION('center_axis',(0.78183148246803,0.,0.623489801858733));
#2277=DIRECTION('ref_axis',(-0.623489801858733,0.,0.78183148246803));
#2278=DIRECTION('',(0.623489801858733,0.,-0.78183148246803));
#2279=DIRECTION('',(0.,1.,0.));
#2280=DIRECTION('',(0.623489801858733,0.,-0.78183148246803));
#2281=DIRECTION('center_axis',(0.,-1.,0.));
#2282=DIRECTION('ref_axis',(0.993712209893243,0.,-0.111964476103308));
#2283=DIRECTION('center_axis',(0.,1.,0.));
#2284=DIRECTION('ref_axis',(0.993712209893243,0.,-0.111964476103308));
#2285=DIRECTION('',(0.,-1.,0.));
#2286=DIRECTION('center_axis',(0.,1.,0.));
#2287=DIRECTION('ref_axis',(0.993712209893243,0.,-0.111964476103308));
#2288=DIRECTION('center_axis',(0.623489801858733,0.,-0.78183148246803));
#2289=DIRECTION('ref_axis',(0.78183148246803,0.,0.623489801858733));
#2290=DIRECTION('',(-0.78183148246803,0.,-0.623489801858733));
#2291=DIRECTION('',(0.,1.,0.));
#2292=DIRECTION('center_axis',(-0.999581966708104,0.,-0.0289117939941275));
#2293=DIRECTION('ref_axis',(-0.0289117939941275,0.,0.999581966708104));
#2294=DIRECTION('',(0.0289117939941275,0.,-0.999581966708104));
#2295=DIRECTION('',(0.,-1.,0.));
#2296=DIRECTION('center_axis',(0.,-1.,0.));
#2297=DIRECTION('ref_axis',(-1.,0.,0.));
#2298=DIRECTION('center_axis',(0.,-1.,0.));
#2299=DIRECTION('ref_axis',(-1.,0.,0.));
#2300=DIRECTION('',(0.,1.,0.));
#2301=DIRECTION('center_axis',(0.,-1.,0.));
#2302=DIRECTION('ref_axis',(1.,0.,0.));
#2303=DIRECTION('center_axis',(0.600016877878,0.,-0.79998734131331));
#2304=DIRECTION('ref_axis',(-0.79998734131331,0.,-0.600016877878));
#2305=DIRECTION('',(0.79998734131331,0.,0.600016877878));
#2306=DIRECTION('',(0.,-1.,0.));
#2307=DIRECTION('center_axis',(0.,-1.,0.));
#2308=DIRECTION('ref_axis',(-1.83697019872103E-16,0.,1.));
#2309=DIRECTION('center_axis',(0.,1.,0.));
#2310=DIRECTION('ref_axis',(-1.83697019872103E-16,0.,1.));
#2311=DIRECTION('',(0.,-1.,0.));
#2312=DIRECTION('center_axis',(0.,1.,0.));
#2313=DIRECTION('ref_axis',(-1.83697019872103E-16,0.,1.));
#2314=DIRECTION('center_axis',(0.,-1.,0.));
#2315=DIRECTION('ref_axis',(-1.,0.,-1.22464679914735E-16));
#2316=DIRECTION('center_axis',(0.,1.,0.));
#2317=DIRECTION('ref_axis',(-1.,0.,-1.22464679914735E-16));
#2318=DIRECTION('',(0.,-1.,0.));
#2319=DIRECTION('center_axis',(0.,1.,0.));
#2320=DIRECTION('ref_axis',(-1.,0.,-1.22464679914735E-16));
#2321=DIRECTION('center_axis',(0.,-1.,0.));
#2322=DIRECTION('ref_axis',(6.12323399573676E-17,0.,-1.));
#2323=DIRECTION('center_axis',(0.,1.,0.));
#2324=DIRECTION('ref_axis',(6.12323399573676E-17,0.,-1.));
#2325=DIRECTION('',(0.,-1.,0.));
#2326=DIRECTION('center_axis',(0.,1.,0.));
#2327=DIRECTION('ref_axis',(6.12323399573676E-17,0.,-1.));
#2328=DIRECTION('center_axis',(0.,-1.,0.));
#2329=DIRECTION('ref_axis',(1.,0.,0.));
#2330=DIRECTION('center_axis',(0.,1.,0.));
#2331=DIRECTION('ref_axis',(1.,0.,0.));
#2332=DIRECTION('',(0.,-1.,0.));
#2333=DIRECTION('center_axis',(0.,1.,0.));
#2334=DIRECTION('ref_axis',(1.,0.,0.));
#2335=DIRECTION('center_axis',(0.,1.,0.));
#2336=DIRECTION('ref_axis',(1.,0.,0.));
#2337=DIRECTION('',(0.,1.,0.));
#2338=DIRECTION('center_axis',(0.,1.,0.));
#2339=DIRECTION('ref_axis',(1.,0.,0.));
#2340=DIRECTION('center_axis',(0.,-1.,0.));
#2341=DIRECTION('ref_axis',(0.433883739117558,0.,0.900968867902419));
#2342=DIRECTION('',(0.433883739117558,0.,0.900968867902419));
#2343=DIRECTION('center_axis',(0.,1.,0.));
#2344=DIRECTION('ref_axis',(-0.943883330308368,0.,-0.330279061955166));
#2345=DIRECTION('',(-0.900968867902419,0.,0.433883739117558));
#2346=DIRECTION('center_axis',(0.,1.,0.));
#2347=DIRECTION('ref_axis',(0.330279061955166,0.,-0.943883330308368));
#2348=DIRECTION('',(-0.433883739117559,0.,-0.900968867902419));
#2349=DIRECTION('',(-0.981101255746668,0.,-0.193495028288354));
#2350=DIRECTION('center_axis',(0.,-1.,0.));
#2351=DIRECTION('ref_axis',(-1.,0.,0.));
#2352=DIRECTION('',(0.407653734965876,0.,0.913136590203444));
#2353=DIRECTION('',(0.974927912181824,0.,0.222520933956314));
#2354=DIRECTION('center_axis',(0.,1.,0.));
#2355=DIRECTION('ref_axis',(-0.846724199228284,0.,0.532032076515336));
#2356=DIRECTION('',(-0.222520933956314,0.,0.974927912181824));
#2357=DIRECTION('center_axis',(0.,1.,0.));
#2358=DIRECTION('ref_axis',(-0.532032076515337,0.,-0.846724199228284));
#2359=DIRECTION('',(-0.974927912181824,0.,-0.222520933956314));
#2360=DIRECTION('',(-0.762987132365723,0.,0.646413672383506));
#2361=DIRECTION('center_axis',(0.,-1.,0.));
#2362=DIRECTION('ref_axis',(-1.,0.,0.));
#2363=DIRECTION('',(0.968086880455406,0.,0.250614827753906));
#2364=DIRECTION('',(0.78183148246803,0.,-0.623489801858734));
#2365=DIRECTION('center_axis',(0.,1.,0.));
#2366=DIRECTION('ref_axis',(-0.111964476103308,0.,0.993712209893243));
#2367=DIRECTION('',(0.623489801858734,0.,0.78183148246803));
#2368=DIRECTION('center_axis',(0.,1.,0.));
#2369=DIRECTION('ref_axis',(-0.993712209893243,0.,-0.111964476103306));
#2370=DIRECTION('',(-0.78183148246803,0.,0.623489801858734));
#2371=DIRECTION('',(0.0296718637877361,0.,0.999559693314692));
#2372=DIRECTION('center_axis',(0.,-1.,0.));
#2373=DIRECTION('ref_axis',(-1.,0.,0.));
#2374=DIRECTION('',(0.799530859588486,0.,-0.600625011605159));
#2375=DIRECTION('',(0.,0.,1.));
#2376=DIRECTION('center_axis',(0.,1.,0.));
#2377=DIRECTION('ref_axis',(0.707106781186547,0.,0.707106781186548));
#2378=DIRECTION('',(1.,0.,0.));
#2379=DIRECTION('center_axis',(0.,1.,0.));
#2380=DIRECTION('ref_axis',(-0.707106781186547,0.,0.707106781186548));
#2381=DIRECTION('',(-1.59111508184714E-16,0.,-1.));
#2382=DIRECTION('center_axis',(0.,-1.,0.));
#2383=DIRECTION('ref_axis',(0.993712209893242,0.,-0.111964476103308));
#2384=DIRECTION('center_axis',(0.,-1.,0.));
#2385=DIRECTION('ref_axis',(0.993712209893243,0.,-0.111964476103308));
#2386=DIRECTION('',(-0.552838342998275,0.707106781186547,-0.440873866894968));
#2387=DIRECTION('center_axis',(-0.552838342998276,-0.707106781186547,-0.440873866894967));
#2388=DIRECTION('ref_axis',(-0.623489801858733,0.,0.78183148246803));
#2389=DIRECTION('',(-0.623489801858733,0.,0.78183148246803));
#2390=DIRECTION('',(-0.552838342998275,0.707106781186548,-0.440873866894967));
#2391=DIRECTION('center_axis',(0.,-1.,0.));
#2392=DIRECTION('ref_axis',(0.111964476103308,0.,0.993712209893242));
#2393=DIRECTION('center_axis',(0.,-1.,0.));
#2394=DIRECTION('ref_axis',(0.111964476103308,0.,0.993712209893243));
#2395=DIRECTION('center_axis',(0.,1.,0.));
#2396=DIRECTION('ref_axis',(0.,0.,1.));
#2397=DIRECTION('center_axis',(0.,-1.,0.));
#2398=DIRECTION('ref_axis',(1.,0.,3.56399517005392E-17));
#2399=DIRECTION('center_axis',(0.,-1.,0.));
#2400=DIRECTION('ref_axis',(-0.707106781186547,0.,0.707106781186548));
#2401=DIRECTION('',(-1.,0.,0.));
#2402=DIRECTION('center_axis',(0.,-1.,0.));
#2403=DIRECTION('ref_axis',(0.707106781186547,0.,0.707106781186548));
#2404=DIRECTION('center_axis',(0.,1.,0.));
#2405=DIRECTION('ref_axis',(1.,0.,0.));
#2406=DIRECTION('center_axis',(0.,-1.,0.));
#2407=DIRECTION('ref_axis',(-0.993712209893243,0.,-0.111964476103306));
#2408=DIRECTION('',(-0.623489801858734,0.,-0.78183148246803));
#2409=DIRECTION('center_axis',(0.,-1.,0.));
#2410=DIRECTION('ref_axis',(-0.111964476103308,0.,0.993712209893243));
#2411=DIRECTION('center_axis',(0.,-1.,0.));
#2412=DIRECTION('ref_axis',(1.,0.,3.56399517005392E-17));
#2413=DIRECTION('center_axis',(0.,-1.,0.));
#2414=DIRECTION('ref_axis',(-0.532032076515338,0.,-0.846724199228284));
#2415=DIRECTION('',(0.222520933956314,0.,-0.974927912181824));
#2416=DIRECTION('center_axis',(0.,-1.,0.));
#2417=DIRECTION('ref_axis',(-0.846724199228284,0.,0.532032076515336));
#2418=DIRECTION('center_axis',(0.,-1.,0.));
#2419=DIRECTION('ref_axis',(1.,0.,3.56399517005392E-17));
#2420=DIRECTION('center_axis',(0.,-1.,0.));
#2421=DIRECTION('ref_axis',(0.330279061955166,0.,-0.943883330308368));
#2422=DIRECTION('',(0.900968867902419,0.,-0.433883739117558));
#2423=DIRECTION('center_axis',(0.,-1.,0.));
#2424=DIRECTION('ref_axis',(-0.943883330308368,0.,-0.330279061955166));
#2425=DIRECTION('center_axis',(0.,-1.,0.));
#2426=DIRECTION('ref_axis',(1.,0.,3.56399517005392E-17));
#2427=DIRECTION('center_axis',(0.,-1.,0.));
#2428=DIRECTION('ref_axis',(0.943883330308368,0.,-0.330279061955166));
#2429=DIRECTION('',(0.900968867902419,0.,0.433883739117558));
#2430=DIRECTION('center_axis',(0.,-1.,0.));
#2431=DIRECTION('ref_axis',(-0.330279061955168,0.,-0.943883330308367));
#2432=DIRECTION('center_axis',(0.,-1.,0.));
#2433=DIRECTION('ref_axis',(1.,0.,3.56399517005392E-17));
#2434=DIRECTION('center_axis',(0.,-1.,0.));
#2435=DIRECTION('ref_axis',(0.846724199228285,0.,0.532032076515336));
#2436=DIRECTION('',(0.222520933956315,0.,0.974927912181824));
#2437=DIRECTION('center_axis',(0.,-1.,0.));
#2438=DIRECTION('ref_axis',(0.532032076515335,0.,-0.846724199228285));
#2439=DIRECTION('center_axis',(0.,-1.,0.));
#2440=DIRECTION('ref_axis',(1.,0.,3.56399517005392E-17));
#2441=DIRECTION('center_axis',(0.,1.,-5.24364028155669E-16));
#2442=DIRECTION('ref_axis',(1.,0.,3.56399517005392E-17));
#2443=DIRECTION('center_axis',(0.,-1.,0.));
#2444=DIRECTION('ref_axis',(1.,0.,6.12323399573677E-17));
#2445=DIRECTION('center_axis',(0.,-1.,0.));
#2446=DIRECTION('ref_axis',(0.532032076515335,0.,-0.846724199228285));
#2447=DIRECTION('',(-0.689378137871812,0.707106781186545,0.157346061356474));
#2448=DIRECTION('center_axis',(-0.68937813787181,-0.707106781186548,0.157346061356474));
#2449=DIRECTION('ref_axis',(0.222520933956315,0.,0.974927912181824));
#2450=DIRECTION('',(-0.68937813787181,0.707106781186548,0.157346061356473));
#2451=DIRECTION('center_axis',(0.,-1.,0.));
#2452=DIRECTION('ref_axis',(0.846724199228284,0.,0.532032076515336));
#2453=DIRECTION('center_axis',(0.,1.,-5.24364028155669E-16));
#2454=DIRECTION('ref_axis',(1.,0.,3.56399517005392E-17));
#2455=DIRECTION('center_axis',(0.,-1.,0.));
#2456=DIRECTION('ref_axis',(1.,0.,6.12323399573677E-17));
#2457=DIRECTION('center_axis',(0.,-1.,0.));
#2458=DIRECTION('ref_axis',(-0.330279061955168,0.,-0.943883330308367));
#2459=DIRECTION('',(-0.306802134176601,0.707106781186547,0.637081196131767));
#2460=DIRECTION('center_axis',(-0.306802134176601,-0.707106781186547,0.637081196131768));
#2461=DIRECTION('ref_axis',(0.900968867902419,0.,0.433883739117558));
#2462=DIRECTION('',(-0.3068021341766,0.707106781186548,0.637081196131766));
#2463=DIRECTION('center_axis',(0.,-1.,0.));
#2464=DIRECTION('ref_axis',(0.943883330308368,0.,-0.330279061955166));
#2465=DIRECTION('center_axis',(0.,1.,-5.24364028155669E-16));
#2466=DIRECTION('ref_axis',(1.,0.,3.56399517005392E-17));
#2467=DIRECTION('center_axis',(0.,-1.,0.));
#2468=DIRECTION('ref_axis',(1.,0.,6.12323399573677E-17));
#2469=DIRECTION('center_axis',(-0.193495028288354,0.,0.981101255746668));
#2470=DIRECTION('ref_axis',(0.981101255746668,0.,0.193495028288354));
#2471=DIRECTION('',(0.,-1.,0.));
#2472=DIRECTION('',(0.,1.,0.));
#2473=DIRECTION('center_axis',(0.900968867902419,0.,-0.433883739117559));
#2474=DIRECTION('ref_axis',(0.433883739117558,0.,0.900968867902419));
#2475=DIRECTION('',(0.,1.,0.));
#2476=DIRECTION('center_axis',(0.,-1.,0.));
#2477=DIRECTION('ref_axis',(-0.943883330308368,0.,-0.330279061955166));
#2478=DIRECTION('',(0.306802134176599,0.707106781186547,0.637081196131768));
#2479=DIRECTION('center_axis',(0.,1.,0.));
#2480=DIRECTION('ref_axis',(-0.943883330308368,0.,-0.330279061955166));
#2481=DIRECTION('center_axis',(0.3068021341766,-0.707106781186547,0.637081196131768));
#2482=DIRECTION('ref_axis',(0.900968867902419,0.,-0.433883739117558));
#2483=DIRECTION('',(0.306802134176597,0.707106781186548,0.637081196131768));
#2484=DIRECTION('',(-0.900968867902419,0.,0.433883739117558));
#2485=DIRECTION('center_axis',(0.,-1.,0.));
#2486=DIRECTION('ref_axis',(0.330279061955166,0.,-0.943883330308368));
#2487=DIRECTION('center_axis',(0.,1.,0.));
#2488=DIRECTION('ref_axis',(0.330279061955166,0.,-0.943883330308368));
#2489=DIRECTION('center_axis',(0.,1.,-5.24364028155669E-16));
#2490=DIRECTION('ref_axis',(1.,0.,3.56399517005392E-17));
#2491=DIRECTION('center_axis',(0.,-1.,0.));
#2492=DIRECTION('ref_axis',(1.,0.,6.12323399573677E-17));
#2493=DIRECTION('center_axis',(0.,-1.,0.));
#2494=DIRECTION('ref_axis',(-0.943883330308368,0.,-0.330279061955166));
#2495=DIRECTION('',(0.,-1.,0.));
#2496=DIRECTION('',(0.,1.,0.));
#2497=DIRECTION('center_axis',(0.646413672383506,0.,0.762987132365723));
#2498=DIRECTION('ref_axis',(0.762987132365723,0.,-0.646413672383506));
#2499=DIRECTION('',(0.,-1.,0.));
#2500=DIRECTION('',(0.,1.,0.));
#2501=DIRECTION('center_axis',(0.222520933956314,0.,-0.974927912181824));
#2502=DIRECTION('ref_axis',(0.974927912181824,0.,0.222520933956314));
#2503=DIRECTION('',(0.,1.,0.));
#2504=DIRECTION('center_axis',(0.913136590203444,0.,-0.407653734965876));
#2505=DIRECTION('ref_axis',(-0.407653734965876,0.,-0.913136590203444));
#2506=DIRECTION('',(0.,-1.,0.));
#2507=DIRECTION('',(0.,1.,0.));
#2508=DIRECTION('center_axis',(0.,-1.,0.));
#2509=DIRECTION('ref_axis',(-1.,0.,0.));
#2510=DIRECTION('center_axis',(0.,-1.,0.));
#2511=DIRECTION('ref_axis',(1.,0.,0.));
#2512=DIRECTION('center_axis',(0.,-1.,0.));
#2513=DIRECTION('ref_axis',(-0.846724199228285,0.,0.532032076515336));
#2514=DIRECTION('',(0.68937813787181,0.707106781186548,0.157346061356474));
#2515=DIRECTION('center_axis',(0.,1.,0.));
#2516=DIRECTION('ref_axis',(-0.846724199228284,0.,0.532032076515336));
#2517=DIRECTION('center_axis',(0.689378137871812,-0.707106781186546,0.157346061356474));
#2518=DIRECTION('ref_axis',(0.222520933956314,0.,-0.974927912181824));
#2519=DIRECTION('',(0.689378137871807,0.70710678118655,0.157346061356475));
#2520=DIRECTION('',(-0.222520933956314,0.,0.974927912181824));
#2521=DIRECTION('center_axis',(0.,-1.,0.));
#2522=DIRECTION('ref_axis',(-0.532032076515337,0.,-0.846724199228284));
#2523=DIRECTION('center_axis',(0.,1.,0.));
#2524=DIRECTION('ref_axis',(-0.532032076515337,0.,-0.846724199228284));
#2525=DIRECTION('center_axis',(0.,1.,-5.24364028155669E-16));
#2526=DIRECTION('ref_axis',(1.,0.,3.56399517005392E-17));
#2527=DIRECTION('center_axis',(0.,-1.,0.));
#2528=DIRECTION('ref_axis',(1.,0.,6.12323399573677E-17));
#2529=DIRECTION('center_axis',(0.,-1.,0.));
#2530=DIRECTION('ref_axis',(-0.846724199228284,0.,0.532032076515336));
#2531=DIRECTION('',(0.,-1.,0.));
#2532=DIRECTION('',(0.,1.,0.));
#2533=DIRECTION('center_axis',(0.999559693314693,0.,-0.0296718637877361));
#2534=DIRECTION('ref_axis',(-0.0296718637877361,0.,-0.999559693314692));
#2535=DIRECTION('',(0.,-1.,0.));
#2536=DIRECTION('',(0.,1.,0.));
#2537=DIRECTION('center_axis',(-0.623489801858734,0.,-0.78183148246803));
#2538=DIRECTION('ref_axis',(0.78183148246803,0.,-0.623489801858734));
#2539=DIRECTION('',(0.,1.,0.));
#2540=DIRECTION('center_axis',(0.250614827753906,0.,-0.968086880455406));
#2541=DIRECTION('ref_axis',(-0.968086880455406,0.,-0.250614827753906));
#2542=DIRECTION('',(0.,-1.,0.));
#2543=DIRECTION('',(0.,1.,0.));
#2544=DIRECTION('center_axis',(0.623489801858734,0.,0.78183148246803));
#2545=DIRECTION('ref_axis',(-0.78183148246803,0.,0.623489801858734));
#2546=DIRECTION('',(0.,-1.,0.));
#2547=DIRECTION('center_axis',(0.,-1.,0.));
#2548=DIRECTION('ref_axis',(-0.111964476103308,0.,0.993712209893243));
#2549=DIRECTION('',(0.552838342998275,0.707106781186547,-0.440873866894968));
#2550=DIRECTION('center_axis',(0.,1.,0.));
#2551=DIRECTION('ref_axis',(-0.111964476103308,0.,0.993712209893243));
#2552=DIRECTION('center_axis',(0.552838342998275,-0.707106781186547,-0.440873866894967));
#2553=DIRECTION('ref_axis',(-0.623489801858734,0.,-0.78183148246803));
#2554=DIRECTION('',(0.552838342998274,0.707106781186548,-0.440873866894967));
#2555=DIRECTION('',(0.623489801858734,0.,0.78183148246803));
#2556=DIRECTION('center_axis',(0.,-1.,0.));
#2557=DIRECTION('ref_axis',(-0.993712209893243,0.,-0.111964476103306));
#2558=DIRECTION('center_axis',(0.,1.,0.));
#2559=DIRECTION('ref_axis',(-0.993712209893243,0.,-0.111964476103306));
#2560=DIRECTION('center_axis',(0.,1.,-5.24364028155669E-16));
#2561=DIRECTION('ref_axis',(1.,0.,3.56399517005392E-17));
#2562=DIRECTION('center_axis',(0.,-1.,0.));
#2563=DIRECTION('ref_axis',(1.,0.,6.12323399573677E-17));
#2564=DIRECTION('center_axis',(0.,-1.,0.));
#2565=DIRECTION('ref_axis',(-0.111964476103308,0.,0.993712209893243));
#2566=DIRECTION('',(0.,1.,0.));
#2567=DIRECTION('center_axis',(-0.900968867902419,0.,0.433883739117558));
#2568=DIRECTION('ref_axis',(-0.433883739117558,0.,-0.900968867902419));
#2569=DIRECTION('center_axis',(0.,-1.,0.));
#2570=DIRECTION('ref_axis',(0.330279061955166,0.,-0.943883330308368));
#2571=DIRECTION('',(0.,-1.,0.));
#2572=DIRECTION('center_axis',(-0.433883739117558,0.,-0.900968867902419));
#2573=DIRECTION('ref_axis',(0.900968867902419,0.,-0.433883739117558));
#2574=DIRECTION('center_axis',(-0.222520933956314,0.,0.974927912181824));
#2575=DIRECTION('ref_axis',(-0.974927912181824,0.,-0.222520933956314));
#2576=DIRECTION('center_axis',(0.,-1.,0.));
#2577=DIRECTION('ref_axis',(-0.532032076515337,0.,-0.846724199228284));
#2578=DIRECTION('',(0.,-1.,0.));
#2579=DIRECTION('center_axis',(-0.974927912181824,0.,-0.222520933956314));
#2580=DIRECTION('ref_axis',(0.222520933956314,0.,-0.974927912181824));
#2581=DIRECTION('center_axis',(0.,-1.,0.));
#2582=DIRECTION('ref_axis',(-0.993712209893243,0.,-0.111964476103306));
#2583=DIRECTION('',(0.,-1.,0.));
#2584=DIRECTION('center_axis',(-0.78183148246803,0.,0.623489801858734));
#2585=DIRECTION('ref_axis',(-0.623489801858734,0.,-0.78183148246803));
#2586=DIRECTION('center_axis',(0.,1.,-5.24364028155669E-16));
#2587=DIRECTION('ref_axis',(1.,0.,3.56399517005392E-17));
#2588=DIRECTION('center_axis',(0.,-1.,0.));
#2589=DIRECTION('ref_axis',(1.,0.,6.12323399573677E-17));
#2590=DIRECTION('center_axis',(0.,1.,0.));
#2591=DIRECTION('ref_axis',(1.,0.,0.));
#2592=DIRECTION('center_axis',(0.,-1.,0.));
#2593=DIRECTION('ref_axis',(1.,0.,0.));
#2594=DIRECTION('center_axis',(0.,1.,0.));
#2595=DIRECTION('ref_axis',(1.,0.,0.));
#2596=DIRECTION('center_axis',(0.,-1.,0.));
#2597=DIRECTION('ref_axis',(1.,0.,0.));
#2598=DIRECTION('center_axis',(0.,1.,0.));
#2599=DIRECTION('ref_axis',(1.,0.,0.));
#2600=DIRECTION('center_axis',(0.,1.,0.));
#2601=DIRECTION('ref_axis',(1.,0.,0.));
#2602=DIRECTION('center_axis',(0.,1.,0.));
#2603=DIRECTION('ref_axis',(1.,0.,0.));
#2604=DIRECTION('center_axis',(0.,1.,0.));
#2605=DIRECTION('ref_axis',(1.,0.,0.));
#2606=DIRECTION('center_axis',(0.,1.,0.));
#2607=DIRECTION('ref_axis',(1.,0.,0.));
#2608=DIRECTION('center_axis',(0.,-1.,0.));
#2609=DIRECTION('ref_axis',(-1.,0.,0.));
#2610=DIRECTION('',(0.,-1.,0.));
#2611=DIRECTION('center_axis',(0.,-1.,0.));
#2612=DIRECTION('ref_axis',(-1.,0.,0.));
#2613=DIRECTION('center_axis',(-0.600625011605159,0.,-0.799530859588486));
#2614=DIRECTION('ref_axis',(-0.799530859588486,0.,0.600625011605159));
#2615=DIRECTION('',(0.,1.,0.));
#2616=DIRECTION('center_axis',(1.,0.,0.));
#2617=DIRECTION('ref_axis',(0.,0.,1.));
#2618=DIRECTION('',(0.,-1.,0.));
#2619=DIRECTION('center_axis',(0.,-1.,0.));
#2620=DIRECTION('ref_axis',(0.707106781186547,0.,0.707106781186548));
#2621=DIRECTION('',(-7.85046229341889E-16,0.707106781186549,-0.707106781186546));
#2622=DIRECTION('center_axis',(0.,1.,0.));
#2623=DIRECTION('ref_axis',(0.707106781186547,0.,0.707106781186548));
#2624=DIRECTION('center_axis',(0.,-0.707106781186548,-0.707106781186547));
#2625=DIRECTION('ref_axis',(-1.,0.,0.));
#2626=DIRECTION('',(0.,0.707106781186547,-0.707106781186548));
#2627=DIRECTION('',(1.,0.,0.));
#2628=DIRECTION('center_axis',(0.,-1.,0.));
#2629=DIRECTION('ref_axis',(-0.707106781186547,0.,0.707106781186548));
#2630=DIRECTION('center_axis',(0.,1.,0.));
#2631=DIRECTION('ref_axis',(-0.707106781186547,0.,0.707106781186548));
#2632=DIRECTION('center_axis',(0.,-1.,0.));
#2633=DIRECTION('ref_axis',(0.707106781186547,0.,0.707106781186548));
#2634=DIRECTION('',(0.,1.,0.));
#2635=DIRECTION('center_axis',(0.,0.,1.));
#2636=DIRECTION('ref_axis',(-1.,0.,0.));
#2637=DIRECTION('',(0.,-1.,0.));
#2638=DIRECTION('center_axis',(0.,-1.,0.));
#2639=DIRECTION('ref_axis',(-0.707106781186547,0.,0.707106781186548));
#2640=DIRECTION('',(0.,1.,0.));
#2641=DIRECTION('center_axis',(-1.,0.,1.59111508184714E-16));
#2642=DIRECTION('ref_axis',(-1.59111508184714E-16,0.,-1.));
#2643=CARTESIAN_POINT('',(0.,0.,0.));
#2644=CARTESIAN_POINT('Origin',(0.,0.,0.));
#2645=CARTESIAN_POINT('',(-0.15,0.,7.40325353030469E-17));
#2646=CARTESIAN_POINT('Origin',(0.,0.,0.));
#2647=CARTESIAN_POINT('',(-0.15,0.05,7.40325353030469E-17));
#2648=CARTESIAN_POINT('',(-0.15,0.,7.40325353030469E-17));
#2649=CARTESIAN_POINT('Origin',(0.,0.05,0.));
#2650=CARTESIAN_POINT('Origin',(0.,0.05,0.));
#2651=CARTESIAN_POINT('',(-0.1,0.05,-1.22464679914735E-17));
#2652=CARTESIAN_POINT('Origin',(0.,0.05,0.));
#2653=CARTESIAN_POINT('Origin',(0.201938703437548,0.289370078740157,1.23418403510908));
#2654=CARTESIAN_POINT('',(0.212810275966955,0.210629921259842,1.21318467425825));
#2655=CARTESIAN_POINT('',(0.19106713090814,0.210629921259842,1.2551833959599));
#2656=CARTESIAN_POINT('',(0.432543590370877,0.210629921259842,0.788751212803223));
#2657=CARTESIAN_POINT('',(0.19106713090814,0.2,1.2551833959599));
#2658=CARTESIAN_POINT('',(0.19106713090814,0.289370078740157,1.2551833959599));
#2659=CARTESIAN_POINT('',(0.212810275966955,0.162065800315611,1.21318467425825));
#2660=CARTESIAN_POINT('Ctrl Pts',(0.19106713090814,0.2,1.2551833959599));
#2661=CARTESIAN_POINT('Ctrl Pts',(0.202103576118518,0.180585810323033,1.23386556959613));
#2662=CARTESIAN_POINT('Ctrl Pts',(0.212810275966955,0.162065800315611,1.21318467425825));
#2663=CARTESIAN_POINT('',(0.212810275966955,0.289370078740157,1.21318467425825));
#2664=CARTESIAN_POINT('Origin',(0.,0.289370078740157,0.));
#2665=CARTESIAN_POINT('',(-0.189158037584591,0.210629921259842,1.25547251774941));
#2666=CARTESIAN_POINT('Origin',(0.,0.210629921259842,0.));
#2667=CARTESIAN_POINT('',(-0.189158037584591,0.2,1.25547251774941));
#2668=CARTESIAN_POINT('',(-0.189158037584591,0.289370078740157,1.25547251774941));
#2669=CARTESIAN_POINT('Origin',(0.,0.2,0.));
#2670=CARTESIAN_POINT('Origin',(-0.20003455115369,0.289370078740157,1.23450268317828));
#2671=CARTESIAN_POINT('',(-0.210911064722788,0.210629921259842,1.21353284860714));
#2672=CARTESIAN_POINT('',(-0.43111424089806,0.210629921259842,0.788982817285197));
#2673=CARTESIAN_POINT('',(-0.210911064722788,0.162082112698031,1.21353284860714));
#2674=CARTESIAN_POINT('',(-0.210911064722788,0.289370078740157,1.21353284860714));
#2675=CARTESIAN_POINT('Ctrl Pts',(-0.210911064722788,0.162082112698031,
1.21353284860714));
#2676=CARTESIAN_POINT('Ctrl Pts',(-0.200199426762282,0.180594874323919,
1.23418480427204));
#2677=CARTESIAN_POINT('Ctrl Pts',(-0.189158037584591,0.2,1.25547251774941));
#2678=CARTESIAN_POINT('Origin',(-0.0498171823629993,0.289370078740157,0.879017955030129));
#2679=CARTESIAN_POINT('',(-0.093205556274755,0.210629921259842,0.969114841820371));
#2680=CARTESIAN_POINT('',(0.126682964661889,0.210629921259842,0.512511623234785));
#2681=CARTESIAN_POINT('',(-0.093205556274755,0.0430550643969749,0.969114841820371));
#2682=CARTESIAN_POINT('',(-0.093205556274755,0.289370078740157,0.969114841820371));
#2683=CARTESIAN_POINT('',(-0.20158576055849,0.141421356237309,1.19416865498043));
#2684=CARTESIAN_POINT('Ctrl Pts',(-0.201585760558491,0.141421356237311,
1.19416865498043));
#2685=CARTESIAN_POINT('Ctrl Pts',(-0.141505052053276,0.0863230632266818,
1.06940977824812));
#2686=CARTESIAN_POINT('Ctrl Pts',(-0.0932055562749707,0.0430550643971683,
0.969114841820819));
#2687=CARTESIAN_POINT('Ctrl Pts',(-0.210911064722788,0.162082112698031,
1.21353284860714));
#2688=CARTESIAN_POINT('Ctrl Pts',(-0.206208976593384,0.151657184057404,
1.20376886199786));
#2689=CARTESIAN_POINT('Ctrl Pts',(-0.20158576055849,0.141421356237309,1.19416865498043));
#2690=CARTESIAN_POINT('Origin',(-0.183302443064997,0.289370078740157,0.925726467908615));
#2691=CARTESIAN_POINT('',(-0.139914069153241,0.210629921259842,0.835629581118373));
#2692=CARTESIAN_POINT('Origin',(-0.183302443064997,0.210629921259842,0.925726467908615));
#2693=CARTESIAN_POINT('',(-0.139914069153241,0.0393700787401575,0.835629581118373));
#2694=CARTESIAN_POINT('',(-0.139914069153241,0.289370078740157,0.835629581118373));
#2695=CARTESIAN_POINT('',(-0.0895523257030146,0.0393700787389789,0.960524678992154));
#2696=CARTESIAN_POINT('Origin',(-0.183302443064997,0.0393700787401575,0.925726467908615));
#2697=CARTESIAN_POINT('Ctrl Pts',(-0.089552325703156,0.0393700787379628,
0.960524678992535));
#2698=CARTESIAN_POINT('Ctrl Pts',(-0.0906304477143694,0.0406094540155677,
0.96342925546165));
#2699=CARTESIAN_POINT('Ctrl Pts',(-0.0918498145956118,0.0418405542154288,
0.966299615215405));
#2700=CARTESIAN_POINT('Ctrl Pts',(-0.0932055562747551,0.0430550643969748,
0.969114841820371));
#2701=CARTESIAN_POINT('Origin',(-0.654505623859642,0.289370078740157,0.587815349319065));
#2702=CARTESIAN_POINT('',(-0.5644087370694,0.210629921259842,0.631203723230821));
#2703=CARTESIAN_POINT('',(-0.503752958954709,0.210629921259842,0.660414006454877));
#2704=CARTESIAN_POINT('',(-0.5644087370694,0.0393700787401575,0.631203723230821));
#2705=CARTESIAN_POINT('',(-0.5644087370694,0.289370078740157,0.631203723230821));
#2706=CARTESIAN_POINT('',(-0.503752958954709,0.0393700787401575,0.660414006454877));
#2707=CARTESIAN_POINT('Origin',(-0.607797110981156,0.289370078740157,0.721300610021062));
#2708=CARTESIAN_POINT('',(-0.697893997771398,0.210629921259842,0.677912236109307));
#2709=CARTESIAN_POINT('Origin',(-0.607797110981156,0.210629921259842,0.721300610021062));
#2710=CARTESIAN_POINT('',(-0.697893997771398,0.0427891079252673,0.677912236109307));
#2711=CARTESIAN_POINT('',(-0.697893997771398,0.289370078740157,0.677912236109307));
#2712=CARTESIAN_POINT('',(-0.693799676468515,0.0393700787391405,0.670275530603266));
#2713=CARTESIAN_POINT('Ctrl Pts',(-0.697893997771398,0.0427891079252674,
0.677912236109307));
#2714=CARTESIAN_POINT('Ctrl Pts',(-0.696635938205938,0.0416613602873741,
0.675299848503468));
#2715=CARTESIAN_POINT('Ctrl Pts',(-0.695267641911313,0.0405194731225264,
0.672749780434308));
#2716=CARTESIAN_POINT('Ctrl Pts',(-0.693799676468694,0.0393700787382636,
0.670275530603567));
#2717=CARTESIAN_POINT('Origin',(-0.607797110981156,0.0393700787401575,0.721300610021062));
#2718=CARTESIAN_POINT('Origin',(-0.832902972559816,0.289370078740157,0.958261260986754));
#2719=CARTESIAN_POINT('',(-0.815820935586684,0.210629921259842,0.922790045715005));
#2720=CARTESIAN_POINT('',(-0.567204151184841,0.210629921259842,0.406531973357565));
#2721=CARTESIAN_POINT('',(-0.815820935586684,0.162065800315611,0.922790045715005));
#2722=CARTESIAN_POINT('',(-0.815820935586684,0.289370078740157,0.922790045715005));
#2723=CARTESIAN_POINT('',(-0.806507210444365,0.141421356237309,0.903449896175186));
#2724=CARTESIAN_POINT('Ctrl Pts',(-0.806507210444365,0.141421356237309,
0.903449896175186));
#2725=CARTESIAN_POINT('Ctrl Pts',(-0.81112471676997,0.151649261893285,0.913038246859112));
#2726=CARTESIAN_POINT('Ctrl Pts',(-0.815820935586684,0.162065800315611,
0.922790045715005));
#2727=CARTESIAN_POINT('Ctrl Pts',(-0.697893997771622,0.0427891079254689,
0.677912236109774));
#2728=CARTESIAN_POINT('Ctrl Pts',(-0.746279632355532,0.0861628770284146,
0.778386041609993));
#2729=CARTESIAN_POINT('Ctrl Pts',(-0.806507210444367,0.141421356237311,
0.903449896175189));
#2730=CARTESIAN_POINT('Origin',(-0.839017211613819,0.289370078740157,0.927383195383621));
#2731=CARTESIAN_POINT('',(-0.862213487640954,0.210629921259842,0.931976345052236));
#2732=CARTESIAN_POINT('',(-0.346984012548797,0.210629921259842,0.829954533878224));
#2733=CARTESIAN_POINT('',(-0.862213487640954,0.2,0.931976345052236));
#2734=CARTESIAN_POINT('',(-0.862213487640954,0.289370078740157,0.931976345052236));
#2735=CARTESIAN_POINT('Ctrl Pts',(-0.862213487640954,0.2,0.931976345052236));
#2736=CARTESIAN_POINT('Ctrl Pts',(-0.838665428814461,0.180585810322981,
0.927313538036622));
#2737=CARTESIAN_POINT('Ctrl Pts',(-0.815820935586684,0.162065800315611,
0.922790045715005));
#2738=CARTESIAN_POINT('Origin',(0.,0.289370078740157,0.));
#2739=CARTESIAN_POINT('',(-1.0995060471235,0.210629921259842,0.634884602385163));
#2740=CARTESIAN_POINT('Origin',(0.,0.210629921259842,0.));
#2741=CARTESIAN_POINT('',(-1.0995060471235,0.2,0.634884602385162));
#2742=CARTESIAN_POINT('',(-1.0995060471235,0.289370078740157,0.634884602385163));
#2743=CARTESIAN_POINT('Origin',(0.,0.2,0.));
#2744=CARTESIAN_POINT('Origin',(-1.08989256556375,0.289370078740157,0.613306523655582));
#2745=CARTESIAN_POINT('',(-1.080279084004,0.210629921259842,0.591728444926001));
#2746=CARTESIAN_POINT('',(-0.8856469383159,0.210629921259842,0.154864054344684));
#2747=CARTESIAN_POINT('',(-1.080279084004,0.162082112698032,0.591728444926001));
#2748=CARTESIAN_POINT('',(-1.080279084004,0.289370078740157,0.591728444926001));
#2749=CARTESIAN_POINT('Ctrl Pts',(-1.080279084004,0.162082112698032,0.591728444926001));
#2750=CARTESIAN_POINT('Ctrl Pts',(-1.08974683608776,0.18059487432389,0.612979424457797));
#2751=CARTESIAN_POINT('Ctrl Pts',(-1.0995060471235,0.2,0.634884602385162));
#2752=CARTESIAN_POINT('Origin',(-0.718304416057889,0.289370078740157,0.509110089072761));
#2753=CARTESIAN_POINT('',(-0.815797207276071,0.210629921259842,0.531362182468392));
#2754=CARTESIAN_POINT('',(-0.32171218563983,0.210629921259842,0.418590500486004));
#2755=CARTESIAN_POINT('',(-0.815797207276071,0.0430550643969746,0.531362182468392));
#2756=CARTESIAN_POINT('',(-0.815797207276071,0.289370078740157,0.531362182468392));
#2757=CARTESIAN_POINT('',(-1.05932531574835,0.141421356237309,0.586945884057768));
#2758=CARTESIAN_POINT('Ctrl Pts',(-1.05932531574836,0.141421356237311,0.586945884057768));
#2759=CARTESIAN_POINT('Ctrl Pts',(-0.924325189160123,0.086323063226633,
0.556132986122159));
#2760=CARTESIAN_POINT('Ctrl Pts',(-0.815797207276555,0.0430550643971679,
0.531362182468503));
#2761=CARTESIAN_POINT('Ctrl Pts',(-1.080279084004,0.162082112698032,0.591728444926001));
#2762=CARTESIAN_POINT('Ctrl Pts',(-1.06971358788245,0.151657184057506,0.589316939382563));
#2763=CARTESIAN_POINT('Ctrl Pts',(-1.05932531574835,0.141421356237309,0.586945884057768));
#2764=CARTESIAN_POINT('Origin',(-0.838049300671702,0.289370078740157,0.43386939125021));
#2765=CARTESIAN_POINT('',(-0.74055650945352,0.210629921259842,0.411617297854578));
#2766=CARTESIAN_POINT('Origin',(-0.838049300671702,0.210629921259842,0.43386939125021));
#2767=CARTESIAN_POINT('',(-0.74055650945352,0.0393700787401575,0.411617297854578));
#2768=CARTESIAN_POINT('',(-0.74055650945352,0.289370078740157,0.411617297854578));
#2769=CARTESIAN_POINT('',(-0.806803395532126,0.0393700787389789,0.528862514222394));
#2770=CARTESIAN_POINT('Origin',(-0.838049300671702,0.0393700787401575,0.43386939125021));
#2771=CARTESIAN_POINT('Ctrl Pts',(-0.806803395532512,0.0393700787379629,
0.528862514222521));
#2772=CARTESIAN_POINT('Ctrl Pts',(-0.809746482938453,0.0406094540155677,
0.529830578299425));
#2773=CARTESIAN_POINT('Ctrl Pts',(-0.812750883375126,0.0418405542154287,
0.530666878917123));
#2774=CARTESIAN_POINT('Ctrl Pts',(-0.815797207276071,0.0430550643969746,
0.531362182468392));
#2775=CARTESIAN_POINT('Origin',(-0.867650127711262,0.289370078740157,-0.14521622650938));
#2776=CARTESIAN_POINT('',(-0.845398034315631,0.210629921259842,-0.047723435291198));
#2777=CARTESIAN_POINT('',(-0.83041729427369,0.210629921259842,0.0179114753320665));
#2778=CARTESIAN_POINT('',(-0.845398034315631,0.0393700787401575,-0.047723435291198));
#2779=CARTESIAN_POINT('',(-0.845398034315631,0.289370078740157,-0.047723435291198));
#2780=CARTESIAN_POINT('',(-0.83041729427369,0.0393700787401575,0.0179114753320665));
#2781=CARTESIAN_POINT('Origin',(-0.942890825533813,0.289370078740157,-0.0254713418955666));
#2782=CARTESIAN_POINT('',(-0.965142918929445,0.210629921259842,-0.122964133113749));
#2783=CARTESIAN_POINT('Origin',(-0.942890825533813,0.210629921259842,-0.0254713418955666));
#2784=CARTESIAN_POINT('',(-0.965142918929445,0.0427891079252672,-0.122964133113749));
#2785=CARTESIAN_POINT('',(-0.965142918929445,0.289370078740157,-0.122964133113749));
#2786=CARTESIAN_POINT('',(-0.956619534564606,0.0393700787391405,-0.124524471822631));
#2787=CARTESIAN_POINT('Ctrl Pts',(-0.965142918929444,0.042789107925267,
-0.122964133113749));
#2788=CARTESIAN_POINT('Ctrl Pts',(-0.962316084745596,0.0416613602873738,
-0.123609339569395));
#2789=CARTESIAN_POINT('Ctrl Pts',(-0.95946924246107,0.0405194731225261,
-0.12412950388408));
#2790=CARTESIAN_POINT('Ctrl Pts',(-0.956619534564953,0.0393700787382635,
-0.124524471822583));
#2791=CARTESIAN_POINT('Origin',(-0.942890825533813,0.0393700787401575,-0.0254713418955666));
#2792=CARTESIAN_POINT('Origin',(-1.26850533159783,0.289370078740157,-0.0537236420469387));
#2793=CARTESIAN_POINT('',(-1.23012234292925,0.210629921259842,-0.0624843087381322));
#2794=CARTESIAN_POINT('',(-0.671485499236486,0.210629921259842,-0.189989522864916));
#2795=CARTESIAN_POINT('',(-1.23012234292925,0.162065800315611,-0.0624843087381323));
#2796=CARTESIAN_POINT('',(-1.23012234292925,0.289370078740157,-0.0624843087381322));
#2797=CARTESIAN_POINT('',(-1.20919459249983,0.141421356237309,-0.0672609312073134));
#2798=CARTESIAN_POINT('Ctrl Pts',(-1.20919459249983,0.141421356237309,-0.0672609312073133));
#2799=CARTESIAN_POINT('Ctrl Pts',(-1.21957003503297,0.151649261892764,-0.0648928041552132));
#2800=CARTESIAN_POINT('Ctrl Pts',(-1.23012234292925,0.162065800315611,-0.0624843087381323));
#2801=CARTESIAN_POINT('Ctrl Pts',(-0.96514291892995,0.0427891079254688,
-0.122964133113634));
#2802=CARTESIAN_POINT('Ctrl Pts',(-1.07386445295303,0.0861628770284567,
-0.0981491524471794));
#2803=CARTESIAN_POINT('Ctrl Pts',(-1.20919459249983,0.141421356237311,-0.0672609312073124));
#2804=CARTESIAN_POINT('Origin',(-1.24817605348788,0.289370078740157,-0.0777561056353717));
#2805=CARTESIAN_POINT('',(-1.26622976404651,0.210629921259842,-0.0930279025326112));
#2806=CARTESIAN_POINT('',(-0.865225576835272,0.210629921259842,0.24618516295576));
#2807=CARTESIAN_POINT('',(-1.26622976404651,0.2,-0.0930279025326112));
#2808=CARTESIAN_POINT('',(-1.26622976404651,0.289370078740157,-0.0930279025326112));
#2809=CARTESIAN_POINT('Ctrl Pts',(-1.26622976404651,0.2,-0.0930279025326113));
#2810=CARTESIAN_POINT('Ctrl Pts',(-1.24790226019315,0.180585810322986,-0.0775245014133255));
#2811=CARTESIAN_POINT('Ctrl Pts',(-1.23012234292925,0.162065800315611,-0.0624843087381323));
#2812=CARTESIAN_POINT('Origin',(0.,0.289370078740157,0.));
#2813=CARTESIAN_POINT('',(-1.18190357734243,0.210629921259842,-0.463784367860841));
#2814=CARTESIAN_POINT('Origin',(0.,0.210629921259842,0.));
#2815=CARTESIAN_POINT('',(-1.18190357734243,0.2,-0.463784367860841));
#2816=CARTESIAN_POINT('',(-1.18190357734243,0.289370078740157,-0.463784367860841));
#2817=CARTESIAN_POINT('Origin',(0.,0.2,0.));
#2818=CARTESIAN_POINT('Origin',(-1.1590392483476,0.289370078740157,-0.469721957352901));
#2819=CARTESIAN_POINT('',(-1.13617491935278,0.210629921259842,-0.475659546844961));
#2820=CARTESIAN_POINT('',(-0.67326942727669,0.210629921259842,-0.595870500168386));
#2821=CARTESIAN_POINT('',(-1.13617491935278,0.162082112698032,-0.475659546844961));
#2822=CARTESIAN_POINT('',(-1.13617491935278,0.289370078740157,-0.475659546844961));
#2823=CARTESIAN_POINT('Ctrl Pts',(-1.13617491935278,0.162082112698032,-0.475659546844961));
#2824=CARTESIAN_POINT('Ctrl Pts',(-1.15869265105479,0.180594874323899,-0.469811964474661));
#2825=CARTESIAN_POINT('Ctrl Pts',(-1.18190357734243,0.2,-0.463784367860841));
#2826=CARTESIAN_POINT('Origin',(-0.845893773721373,0.289370078740157,-0.244168057909614));
#2827=CARTESIAN_POINT('',(-0.924076921968176,0.210629921259842,-0.306517038095487));
#2828=CARTESIAN_POINT('',(-0.527851498422124,0.210629921259842,0.00946219318114846));
#2829=CARTESIAN_POINT('',(-0.924076921968176,0.0430550643969739,-0.306517038095487));
#2830=CARTESIAN_POINT('',(-0.924076921968176,0.289370078740157,-0.306517038095487));
#2831=CARTESIAN_POINT('',(-1.11937130188127,0.141421356237309,-0.462259109074473));
#2832=CARTESIAN_POINT('Ctrl Pts',(-1.11937130188128,0.141421356237311,-0.462259109074476));
#2833=CARTESIAN_POINT('Ctrl Pts',(-1.0111096060317,0.0863230632266132,-0.375923287599159));
#2834=CARTESIAN_POINT('Ctrl Pts',(-0.924076921968565,0.0430550643971672,
-0.306517038095797));
#2835=CARTESIAN_POINT('Ctrl Pts',(-1.13617491935278,0.162082112698032,-0.475659546844961));
#2836=CARTESIAN_POINT('Ctrl Pts',(-1.12770204931535,0.151657184057433,-0.46890265846265));
#2837=CARTESIAN_POINT('Ctrl Pts',(-1.11937130188127,0.141421356237309,-0.462259109074473));
#2838=CARTESIAN_POINT('Origin',(-0.861727941782303,0.289370078740157,-0.38470018634229));
#2839=CARTESIAN_POINT('',(-0.7835447935355,0.210629921259842,-0.322351206156417));
#2840=CARTESIAN_POINT('Origin',(-0.861727941782303,0.210629921259842,-0.38470018634229));
#2841=CARTESIAN_POINT('',(-0.7835447935355,0.0393700787401575,-0.322351206156417));
#2842=CARTESIAN_POINT('',(-0.7835447935355,0.289370078740157,-0.322351206156417));
#2843=CARTESIAN_POINT('',(-0.916515052735544,0.0393700787389789,-0.301043910586091));
#2844=CARTESIAN_POINT('Origin',(-0.861727941782303,0.0393700787401575,-0.38470018634229));
#2845=CARTESIAN_POINT('Ctrl Pts',(-0.916515052735883,0.0393700787379627,
-0.301043910586313));
#2846=CARTESIAN_POINT('Ctrl Pts',(-0.919106900691836,0.0406094540155675,
-0.302741330896438));
#2847=CARTESIAN_POINT('Ctrl Pts',(-0.921633959876525,0.0418405542154283,
-0.304568840837347));
#2848=CARTESIAN_POINT('Ctrl Pts',(-0.924076921968176,0.0430550643969742,
-0.306517038095487));
#2849=CARTESIAN_POINT('Origin',(-0.427436388559158,0.289370078740157,-0.768897021905078));
#2850=CARTESIAN_POINT('',(-0.489785368745031,0.210629921259842,-0.690713873658275));
#2851=CARTESIAN_POINT('',(-0.531760469578828,0.210629921259842,-0.638078762043301));
#2852=CARTESIAN_POINT('',(-0.489785368745031,0.0393700787401575,-0.690713873658275));
#2853=CARTESIAN_POINT('',(-0.489785368745031,0.289370078740157,-0.690713873658275));
#2854=CARTESIAN_POINT('',(-0.531760469578828,0.0393700787401575,-0.638078762043301));
#2855=CARTESIAN_POINT('Origin',(-0.567968516991834,0.289370078740157,-0.753062853844149));
#2856=CARTESIAN_POINT('',(-0.505619536805961,0.210629921259842,-0.831246002090951));
#2857=CARTESIAN_POINT('Origin',(-0.567968516991834,0.210629921259842,-0.753062853844149));
#2858=CARTESIAN_POINT('',(-0.505619536805961,0.0427891079252666,-0.831246002090951));
#2859=CARTESIAN_POINT('',(-0.505619536805961,0.289370078740157,-0.831246002090951));
#2860=CARTESIAN_POINT('',(-0.499085371651245,0.0393700787391405,-0.825555007129779));
#2861=CARTESIAN_POINT('Ctrl Pts',(-0.505619536805961,0.0427891079252667,
-0.831246002090951));
#2862=CARTESIAN_POINT('Ctrl Pts',(-0.50335259180107,0.0416613602873736,
-0.829438173775491));
#2863=CARTESIAN_POINT('Ctrl Pts',(-0.501170933831891,0.0405194731225261,
-0.827536739997324));
#2864=CARTESIAN_POINT('Ctrl Pts',(-0.499085371651499,0.0393700787382636,
-0.82555500713002));
#2865=CARTESIAN_POINT('Origin',(-0.567968516991834,0.0393700787401575,-0.753062853844149));
#2866=CARTESIAN_POINT('Origin',(-0.748897303149537,0.289370078740157,-1.0252535468567));
#2867=CARTESIAN_POINT('',(-0.718116536123236,0.210629921259842,-1.00070670426384));
#2868=CARTESIAN_POINT('',(-0.270124570555098,0.210629921259842,-0.643445033290129));
#2869=CARTESIAN_POINT('',(-0.718116536123236,0.16206580031561,-1.00070670426384));
#2870=CARTESIAN_POINT('',(-0.718116536123236,0.289370078740157,-1.00070670426384));
#2871=CARTESIAN_POINT('',(-0.701333783328377,0.141421356237309,-0.987322905517749));
#2872=CARTESIAN_POINT('Ctrl Pts',(-0.701333783328377,0.141421356237309,
-0.987322905517749));
#2873=CARTESIAN_POINT('Ctrl Pts',(-0.709654242221434,0.151649261892831,
-0.993958250068252));
#2874=CARTESIAN_POINT('Ctrl Pts',(-0.718116536123236,0.16206580031561,-1.00070670426384));
#2875=CARTESIAN_POINT('Ctrl Pts',(-0.505619536806366,0.0427891079254683,
-0.831246002091275));
#2876=CARTESIAN_POINT('Ctrl Pts',(-0.592807437633998,0.0861628770284242,
-0.900776032833829));
#2877=CARTESIAN_POINT('Ctrl Pts',(-0.701333783328382,0.141421356237311,
-0.987322905517753));
#2878=CARTESIAN_POINT('Origin',(-0.717432868934132,0.289370078740157,-1.02434347317543));
#2879=CARTESIAN_POINT('',(-0.716749201745028,0.210629921259842,-1.04798024208702));
#2880=CARTESIAN_POINT('',(-0.731934634379468,0.210629921259842,-0.52296665693453));
#2881=CARTESIAN_POINT('',(-0.716749201745028,0.2,-1.04798024208702));
#2882=CARTESIAN_POINT('',(-0.716749201745028,0.289370078740157,-1.04798024208702));
#2883=CARTESIAN_POINT('Ctrl Pts',(-0.716749201745028,0.2,-1.04798024208702));
#2884=CARTESIAN_POINT('Ctrl Pts',(-0.717443237079316,0.180585810323006,
-1.02398501008743));
#2885=CARTESIAN_POINT('Ctrl Pts',(-0.718116536123236,0.16206580031561,-1.00070670426384));
#2886=CARTESIAN_POINT('Origin',(0.,0.289370078740157,0.));
#2887=CARTESIAN_POINT('',(-0.374303607383218,0.210629921259842,-1.21321424963063));
#2888=CARTESIAN_POINT('Origin',(0.,0.210629921259842,0.));
#2889=CARTESIAN_POINT('',(-0.374303607383217,0.2,-1.21321424963063));
#2890=CARTESIAN_POINT('',(-0.374303607383218,0.289370078740157,-1.21321424963063));
#2891=CARTESIAN_POINT('Origin',(0.,0.2,0.));
#2892=CARTESIAN_POINT('Origin',(-0.35540573703374,0.289370078740157,-1.19904022389289));
#2893=CARTESIAN_POINT('',(-0.336507866684262,0.210629921259842,-1.18486619815516));
#2894=CARTESIAN_POINT('',(0.0460936946953294,0.210629921259842,-0.897902414511587));
#2895=CARTESIAN_POINT('',(-0.336507866684262,0.162082112698033,-1.18486619815516));
#2896=CARTESIAN_POINT('',(-0.336507866684262,0.289370078740157,-1.18486619815516));
#2897=CARTESIAN_POINT('Ctrl Pts',(-0.336507866684262,0.162082112698033,
-1.18486619815516));
#2898=CARTESIAN_POINT('Ctrl Pts',(-0.355119266754879,0.180594874323902,
-1.19882536174015));
#2899=CARTESIAN_POINT('Ctrl Pts',(-0.374303607383218,0.2,-1.21321424963063));
#2900=CARTESIAN_POINT('Origin',(0.5,0.289370078740157,9.18485099360515E-17));
#2901=CARTESIAN_POINT('',(0.5,0.210629921259842,-0.0859999999999999));
#2902=CARTESIAN_POINT('Origin',(0.5,0.210629921259842,9.18485099360515E-17));
#2903=CARTESIAN_POINT('',(0.5,0.,-0.0859999999999999));
#2904=CARTESIAN_POINT('',(0.5,0.289370078740157,-0.0859999999999999));
#2905=CARTESIAN_POINT('Origin',(0.5,0.,9.18485099360515E-17));
#2906=CARTESIAN_POINT('Origin',(-6.12323399573677E-17,0.289370078740157,
0.5));
#2907=CARTESIAN_POINT('',(0.0859999999999999,0.210629921259842,0.5));
#2908=CARTESIAN_POINT('Origin',(-6.12323399573677E-17,0.210629921259842,
0.5));
#2909=CARTESIAN_POINT('',(0.0859999999999999,0.,0.5));
#2910=CARTESIAN_POINT('',(0.0859999999999999,0.289370078740157,0.5));
#2911=CARTESIAN_POINT('Origin',(-6.12323399573677E-17,0.,0.5));
#2912=CARTESIAN_POINT('Origin',(-0.5,0.289370078740157,-3.06161699786838E-17));
#2913=CARTESIAN_POINT('',(-0.5,0.210629921259842,0.086));
#2914=CARTESIAN_POINT('Origin',(-0.5,0.210629921259842,-3.06161699786838E-17));
#2915=CARTESIAN_POINT('',(-0.5,0.,0.086));
#2916=CARTESIAN_POINT('',(-0.5,0.289370078740157,0.086));
#2917=CARTESIAN_POINT('Origin',(-0.5,0.,-3.06161699786838E-17));
#2918=CARTESIAN_POINT('Origin',(0.,0.289370078740157,-0.5));
#2919=CARTESIAN_POINT('',(-0.086,0.210629921259842,-0.5));
#2920=CARTESIAN_POINT('Origin',(0.,0.210629921259842,-0.5));
#2921=CARTESIAN_POINT('',(-0.086,0.,-0.5));
#2922=CARTESIAN_POINT('',(-0.086,0.289370078740157,-0.5));
#2923=CARTESIAN_POINT('Origin',(0.,0.,-0.5));
#2924=CARTESIAN_POINT('Origin',(0.,0.,0.));
#2925=CARTESIAN_POINT('',(-0.1,0.210629921259842,1.22464679914735E-17));
#2926=CARTESIAN_POINT('',(-0.1,0.,1.22464679914735E-17));
#2927=CARTESIAN_POINT('Origin',(0.,0.210629921259842,0.));
#2928=CARTESIAN_POINT('Origin',(0.471079874626554,0.210629921259842,0.978207439156652));
#2929=CARTESIAN_POINT('',(0.0948833381516681,0.210629921259842,0.968306864652555));
#2930=CARTESIAN_POINT('',(-0.0358065084348889,0.210629921259842,0.696926601900813));
#2931=CARTESIAN_POINT('',(0.141591851030154,0.210629921259842,0.834821603950557));
#2932=CARTESIAN_POINT('Origin',(0.18498022494191,0.210629921259842,0.924918490740799));
#2933=CARTESIAN_POINT('',(0.566086518946313,0.210629921259842,0.630395746063004));
#2934=CARTESIAN_POINT('',(0.202247629144845,0.210629921259842,0.805611320726501));
#2935=CARTESIAN_POINT('',(0.699571779648311,0.210629921259842,0.67710425894149));
#2936=CARTESIAN_POINT('Origin',(0.609474892858069,0.210629921259842,0.720492632853246));
#2937=CARTESIAN_POINT('',(0.817277288096345,0.210629921259842,0.921522265728257));
#2938=CARTESIAN_POINT('',(0.479683258711667,0.210629921259842,0.220501040355904));
#2939=CARTESIAN_POINT('',(0.86362983237629,0.210629921259842,0.93066402027617));
#2940=CARTESIAN_POINT('',(0.34805627304388,0.210629921259842,0.828981426493504));
#2941=CARTESIAN_POINT('',(1.10047030282422,0.210629921259842,0.633211748634587));
#2942=CARTESIAN_POINT('Origin',(0.,0.210629921259842,0.));
#2943=CARTESIAN_POINT('',(1.08119100917896,0.210629921259842,0.590026498627655));
#2944=CARTESIAN_POINT('',(0.886357047460005,0.210629921259842,0.15360214089481));
#2945=CARTESIAN_POINT('',(0.816211585179155,0.210629921259842,0.529546674252039));
#2946=CARTESIAN_POINT('',(0.522554165486197,0.210629921259842,0.462521284500871));
#2947=CARTESIAN_POINT('',(0.740970887356605,0.210629921259842,0.409801789638225));
#2948=CARTESIAN_POINT('Origin',(0.838463678574787,0.210629921259842,0.432053883033856));
#2949=CARTESIAN_POINT('',(0.845812412218715,0.210629921259842,-0.0495389435075516));
#2950=CARTESIAN_POINT('',(0.755951627398546,0.210629921259842,0.34416687901496));
#2951=CARTESIAN_POINT('',(0.965557296832529,0.210629921259842,-0.124779641330102));
#2952=CARTESIAN_POINT('Origin',(0.943305203436898,0.210629921259842,-0.0272868501119202));
#2953=CARTESIAN_POINT('',(1.23003917356045,0.210629921259842,-0.0644133788724935));
#2954=CARTESIAN_POINT('',(0.471472275196288,0.210629921259842,-0.23755132331249));
#2955=CARTESIAN_POINT('',(1.26608682371976,0.210629921259842,-0.0949534665513285));
#2956=CARTESIAN_POINT('',(0.865133314329695,0.210629921259842,0.244740113412811));
#2957=CARTESIAN_POINT('',(1.18119689121045,0.210629921259842,-0.465581260578301));
#2958=CARTESIAN_POINT('Origin',(0.,0.210629921259842,0.));
#2959=CARTESIAN_POINT('',(1.13541286020192,0.210629921259842,-0.477433664816735));
#2960=CARTESIAN_POINT('',(0.672725569422984,0.210629921259842,-0.597212476020059));
#2961=CARTESIAN_POINT('',(0.922915860884641,0.210629921259842,-0.307972962643845));
#2962=CARTESIAN_POINT('',(0.687420894633778,0.210629921259842,-0.120171993843022));
#2963=CARTESIAN_POINT('',(0.782383732451964,0.210629921259842,-0.323807130704774));
#2964=CARTESIAN_POINT('Origin',(0.860566880698767,0.210629921259842,-0.386156110890648));
#2965=CARTESIAN_POINT('',(0.488624307661495,0.210629921259842,-0.692169798206633));
#2966=CARTESIAN_POINT('',(0.740408631618168,0.210629921259842,-0.376442242319748));
#2967=CARTESIAN_POINT('',(0.504458475722425,0.210629921259842,-0.832701926639309));
#2968=CARTESIAN_POINT('Origin',(0.566807455908298,0.210629921259842,-0.754518778392506));
#2969=CARTESIAN_POINT('',(0.716556473107032,0.210629921259842,-1.00184443538878));
#2970=CARTESIAN_POINT('',(0.108233052176373,0.210629921259842,-0.516722695362673));
#2971=CARTESIAN_POINT('',(0.715154613337682,0.210629921259842,-1.04906905636795));
#2972=CARTESIAN_POINT('',(0.730747324421746,0.210629921259842,-0.52379549685623));
#2973=CARTESIAN_POINT('',(0.372458128489687,0.210629921259842,-1.21378208444879));
#2974=CARTESIAN_POINT('Origin',(0.,0.210629921259842,0.));
#2975=CARTESIAN_POINT('',(0.334645669291339,0.210629921259842,-1.1853765407822));
#2976=CARTESIAN_POINT('',(-0.0474819834903258,0.210629921259842,-0.89831391757743));
#2977=CARTESIAN_POINT('',(0.334645669291339,0.210629921259842,-0.913582677165355));
#2978=CARTESIAN_POINT('',(0.334645669291339,0.210629921259842,-1.15523748298953));
#2979=CARTESIAN_POINT('',(0.234645669291339,0.210629921259842,-0.813582677165354));
#2980=CARTESIAN_POINT('Origin',(0.234645669291339,0.210629921259842,-0.913582677165355));
#2981=CARTESIAN_POINT('',(-0.236507866684262,0.210629921259842,-0.813582677165354));
#2982=CARTESIAN_POINT('',(0.167322834645669,0.210629921259842,-0.813582677165354));
#2983=CARTESIAN_POINT('',(-0.336507866684262,0.210629921259842,-0.913582677165354));
#2984=CARTESIAN_POINT('Origin',(-0.236507866684262,0.210629921259842,-0.913582677165354));
#2985=CARTESIAN_POINT('',(-0.336507866684262,0.210629921259842,-0.949655511811024));
#2986=CARTESIAN_POINT('Origin',(-0.567968516991834,0.0196850393700787,-0.753062853844149));
#2987=CARTESIAN_POINT('',(-0.428644989214722,0.,-0.756664722217409));
#2988=CARTESIAN_POINT('Ctrl Pts',(-0.499085371650719,0.039370078738597,
-0.825555007131432));
#2989=CARTESIAN_POINT('Ctrl Pts',(-0.490224205928025,0.0360902753564385,
-0.821659349252048));
#2990=CARTESIAN_POINT('Ctrl Pts',(-0.48175744552589,0.0325581850300643,
-0.816757785678012));
#2991=CARTESIAN_POINT('Ctrl Pts',(-0.456831853010378,0.020861078676578,
-0.798615508403673));
#2992=CARTESIAN_POINT('Ctrl Pts',(-0.442770816650539,0.0120943080531207,
-0.782220322877867));
#2993=CARTESIAN_POINT('Ctrl Pts',(-0.431492057999163,0.00261035564726927,
-0.762294722765643));
#2994=CARTESIAN_POINT('Ctrl Pts',(-0.4300322464732,0.00131295380710865,
-0.759521878182027));
#2995=CARTESIAN_POINT('Ctrl Pts',(-0.428644989214723,-3.18742699070601E-16,
-0.756664722217409));
#2996=CARTESIAN_POINT('',(-0.459004601718731,0.,-0.666167031065412));
#2997=CARTESIAN_POINT('Origin',(-0.567968516991834,0.,-0.753062853844149));
#2998=CARTESIAN_POINT('',(-0.459004601718731,0.,-0.666167031065412));
#2999=CARTESIAN_POINT('Origin',(-0.516370086065677,0.0196850393700787,-0.62580534074687));
#3000=CARTESIAN_POINT('',(-0.7527640265092,0.,-0.297804363563553));
#3001=CARTESIAN_POINT('',(-0.500979702552527,0.,-0.613531919450438));
#3002=CARTESIAN_POINT('',(-0.7527640265092,0.,-0.297804363563553));
#3003=CARTESIAN_POINT('Origin',(-0.861727941782303,0.0196850393700787,-0.38470018634229));
#3004=CARTESIAN_POINT('',(-0.833463730468669,0.,-0.248226184397393));
#3005=CARTESIAN_POINT('Ctrl Pts',(-0.833463730468669,-8.29612747326325E-17,
-0.248226184397392));
#3006=CARTESIAN_POINT('Ctrl Pts',(-0.836763927984071,0.0013981172280296,
-0.248970489003096));
#3007=CARTESIAN_POINT('Ctrl Pts',(-0.839990758147419,0.00277925238144039,
-0.249817274270657));
#3008=CARTESIAN_POINT('Ctrl Pts',(-0.862086108126105,0.0123276251026265,
-0.256388537171103));
#3009=CARTESIAN_POINT('Ctrl Pts',(-0.881177908402697,0.0210772605540311,
-0.266397954460625));
#3010=CARTESIAN_POINT('Ctrl Pts',(-0.904266028122012,0.0326843001219178,
-0.28646705386452));
#3011=CARTESIAN_POINT('Ctrl Pts',(-0.910817407116315,0.0361476575516387,
-0.293460502696627));
#3012=CARTESIAN_POINT('Ctrl Pts',(-0.916515052737273,0.0393700787383475,
-0.30104391058506));
#3013=CARTESIAN_POINT('Origin',(-0.861727941782303,0.,-0.38470018634229));
#3014=CARTESIAN_POINT('Origin',(0.,0.,0.));
#3015=CARTESIAN_POINT('',(-0.325585090431555,0.,-0.806394678501734));
#3016=CARTESIAN_POINT('Origin',(0.,0.,0.));
#3017=CARTESIAN_POINT('',(-0.236507866684262,0.,-0.774212598425197));
#3018=CARTESIAN_POINT('Origin',(-0.236507866684262,0.,-0.913582677165354));
#3019=CARTESIAN_POINT('',(0.234645669291339,0.,-0.774212598425197));
#3020=CARTESIAN_POINT('',(0.167322834645669,0.,-0.774212598425197));
#3021=CARTESIAN_POINT('',(0.324328522109271,0.,-0.806900885099065));
#3022=CARTESIAN_POINT('Origin',(0.234645669291339,0.,-0.913582677165355));
#3023=CARTESIAN_POINT('',(0.427465763426013,0.,-0.757331532240573));
#3024=CARTESIAN_POINT('Origin',(0.,0.,0.));
#3025=CARTESIAN_POINT('',(0.457843540635195,0.,-0.667622955613769));
#3026=CARTESIAN_POINT('Origin',(0.566807455908298,0.,-0.754518778392506));
#3027=CARTESIAN_POINT('',(0.751602965425664,0.,-0.299260288111911));
#3028=CARTESIAN_POINT('',(0.709627864591867,0.,-0.351895399726885));
#3029=CARTESIAN_POINT('',(0.833076041188812,0.,-0.249524223722697));
#3030=CARTESIAN_POINT('Origin',(0.860566880698767,0.,-0.386156110890648));
#3031=CARTESIAN_POINT('',(0.858626178711309,0.,-0.137982295454358));
#3032=CARTESIAN_POINT('Origin',(0.,0.,0.));
#3033=CARTESIAN_POINT('',(0.80742942355014,0.,-0.0582996101987451));
#3034=CARTESIAN_POINT('Origin',(0.943305203436898,0.,-0.0272868501119202));
#3035=CARTESIAN_POINT('',(0.702587898688029,0.,0.401041122947031));
#3036=CARTESIAN_POINT('',(0.71756863872997,0.,0.335406212323767));
#3037=CARTESIAN_POINT('',(0.714500309598871,0.,0.495749267483428));
#3038=CARTESIAN_POINT('Origin',(0.838463678574787,0.,0.432053883033856));
#3039=CARTESIAN_POINT('',(0.643223568644858,0.,0.585270424134871));
#3040=CARTESIAN_POINT('Origin',(0.,0.,0.));
#3041=CARTESIAN_POINT('',(0.549004481973181,0.,0.594924530791255));
#3042=CARTESIAN_POINT('Origin',(0.609474892858069,0.,0.720492632853246));
#3043=CARTESIAN_POINT('',(0.124509814057022,0.,0.799350388678808));
#3044=CARTESIAN_POINT('',(0.185165592171713,0.,0.770140105454752));
#3045=CARTESIAN_POINT('',(0.0578912717307953,0.,0.867713448832407));
#3046=CARTESIAN_POINT('Origin',(0.18498022494191,0.,0.924918490740799));
#3047=CARTESIAN_POINT('',(-0.0565395079808075,0.,0.867802577009613));
#3048=CARTESIAN_POINT('Origin',(0.,0.,0.));
#3049=CARTESIAN_POINT('',(-0.122832032180109,0.,0.800158365846624));
#3050=CARTESIAN_POINT('Origin',(-0.183302443064997,0.,0.925726467908615));
#3051=CARTESIAN_POINT('',(-0.547326700096268,0.,0.595732507959072));
#3052=CARTESIAN_POINT('',(-0.486670921981577,0.,0.624942791183128));
#3053=CARTESIAN_POINT('',(-0.642311074517304,0.,0.586271705081923));
#3054=CARTESIAN_POINT('Origin',(-0.607797110981156,0.,0.721300610021062));
#3055=CARTESIAN_POINT('',(-0.713727181901147,0.,0.496861689449575));
#3056=CARTESIAN_POINT('Origin',(0.,0.,0.));
#3057=CARTESIAN_POINT('',(-0.702173520784944,0.,0.402856631163385));
#3058=CARTESIAN_POINT('Origin',(-0.838049300671702,0.,0.43386939125021));
#3059=CARTESIAN_POINT('',(-0.807015045647055,0.,-0.0564841019823916));
#3060=CARTESIAN_POINT('',(-0.792034305605114,0.,0.00915080864087304));
#3061=CARTESIAN_POINT('',(-0.858840080895723,0.,-0.136644590358587));
#3062=CARTESIAN_POINT('Origin',(-0.942890825533813,0.,-0.0254713418955666));
#3063=CARTESIAN_POINT('Origin',(0.,0.,0.));
#3064=CARTESIAN_POINT('Origin',(0.,0.0707106781186547,-3.70781360119167E-17));
#3065=CARTESIAN_POINT('',(-0.336507866684262,0.141421356237311,-1.16337356470624));
#3066=CARTESIAN_POINT('Origin',(0.,0.141421356237309,-7.41562720238335E-17));
#3067=CARTESIAN_POINT('',(-0.336507866684262,0.0430550643969738,-0.913582677165354));
#3068=CARTESIAN_POINT('Ctrl Pts',(-0.336507866684262,0.141421356237311,
-1.16337356470624));
#3069=CARTESIAN_POINT('Ctrl Pts',(-0.336507866684262,0.0863230632265356,
-1.02490165832052));
#3070=CARTESIAN_POINT('Ctrl Pts',(-0.336507866684262,0.0430550643969738,
-0.913582677165354));
#3071=CARTESIAN_POINT('',(-0.336072181729134,0.0393700787389789,-0.904258130546595));
#3072=CARTESIAN_POINT('Ctrl Pts',(-0.336072181729172,0.0393700787379628,
-0.904258130547));
#3073=CARTESIAN_POINT('Ctrl Pts',(-0.336361075860241,0.0406094540155675,
-0.907342843129564));
#3074=CARTESIAN_POINT('Ctrl Pts',(-0.336507866684262,0.0418405542154282,
-0.910458011369166));
#3075=CARTESIAN_POINT('Ctrl Pts',(-0.336507866684262,0.0430550643969739,
-0.913582677165354));
#3076=CARTESIAN_POINT('Ctrl Pts',(-0.325585090431555,-3.42957973527144E-16,
-0.806394678501734));
#3077=CARTESIAN_POINT('Ctrl Pts',(-0.327060809168082,0.00139811724208789,
-0.809438943179382));
#3078=CARTESIAN_POINT('Ctrl Pts',(-0.328410661489557,0.0027792524015638,
-0.812489742582785));
#3079=CARTESIAN_POINT('Ctrl Pts',(-0.337049266636418,0.0123276251026263,
-0.833861698170988));
#3080=CARTESIAN_POINT('Ctrl Pts',(-0.34112713184989,0.0210772605540309,
-0.855029038286785));
#3081=CARTESIAN_POINT('Ctrl Pts',(-0.339831685300231,0.0326843001219176,
-0.885592935965155));
#3082=CARTESIAN_POINT('Ctrl Pts',(-0.338448704823319,0.0361476575516386,
-0.895075354343121));
#3083=CARTESIAN_POINT('Ctrl Pts',(-0.336072181731019,0.0393700787383475,
-0.904258130547305));
#3084=CARTESIAN_POINT('Origin',(-0.942890825533813,0.0196850393700787,-0.0254713418955666));
#3085=CARTESIAN_POINT('Ctrl Pts',(-0.95661953456557,0.0393700787385969,
-0.124524471824072));
#3086=CARTESIAN_POINT('Ctrl Pts',(-0.948048940129864,0.0360902753564386,
-0.129023507198115));
#3087=CARTESIAN_POINT('Ctrl Pts',(-0.938937804648852,0.0325581850300644,
-0.132587012133443));
#3088=CARTESIAN_POINT('Ctrl Pts',(-0.909212748373401,0.0208610786765783,
-0.140763100218196));
#3089=CARTESIAN_POINT('Ctrl Pts',(-0.887627563394498,0.012094308053121,
-0.141534230145524));
#3090=CARTESIAN_POINT('Ctrl Pts',(-0.865016910922934,0.00261035564726952,
-0.137928910276442));
#3091=CARTESIAN_POINT('Ctrl Pts',(-0.861938836132398,0.00131295380710894,
-0.137341396565886));
#3092=CARTESIAN_POINT('Ctrl Pts',(-0.858840080895723,-8.53709864409411E-17,
-0.136644590358586));
#3093=CARTESIAN_POINT('',(-0.807015045647055,0.,-0.0564841019823916));
#3094=CARTESIAN_POINT('Origin',(-0.811225799939402,0.0196850393700788,0.0135311419864698));
#3095=CARTESIAN_POINT('',(-0.702173520784944,0.,0.402856631163385));
#3096=CARTESIAN_POINT('Origin',(-0.838049300671702,0.0196850393700787,0.43386939125021));
#3097=CARTESIAN_POINT('Ctrl Pts',(-0.713727181901147,2.70695337628666E-16,
0.496861689449574));
#3098=CARTESIAN_POINT('Ctrl Pts',(-0.716366742169405,0.00139811722802994,
0.498977821434345));
#3099=CARTESIAN_POINT('Ctrl Pts',(-0.719040681249652,0.00277925238144089,
0.50097269686594));
#3100=CARTESIAN_POINT('Ctrl Pts',(-0.737954526845005,0.012327625102627,
0.514150421691665));
#3101=CARTESIAN_POINT('Ctrl Pts',(-0.757683747174692,0.0210772605540315,
0.522836222602331));
#3102=CARTESIAN_POINT('Ctrl Pts',(-0.787769608102524,0.032684300121918,
0.528374362659065));
#3103=CARTESIAN_POINT('Ctrl Pts',(-0.797322024561554,0.0361476575516388,
0.529136092983751));
#3104=CARTESIAN_POINT('Ctrl Pts',(-0.806803395532398,0.0393700787383475,
0.528862514224389));
#3105=CARTESIAN_POINT('Origin',(0.,0.0707106781186547,-3.70781360119167E-17));
#3106=CARTESIAN_POINT('Origin',(0.,0.141421356237309,-7.41562720238335E-17));
#3107=CARTESIAN_POINT('Origin',(-0.607797110981156,0.0196850393700787,0.721300610021062));
#3108=CARTESIAN_POINT('Ctrl Pts',(-0.693799676470244,0.039370078738597,
0.670275530603122));
#3109=CARTESIAN_POINT('Ctrl Pts',(-0.691973485739877,0.0360902753564388,
0.660769667375904));
#3110=CARTESIAN_POINT('Ctrl Pts',(-0.689078846030483,0.0325581850300647,
0.651424485829767));
#3111=CARTESIAN_POINT('Ctrl Pts',(-0.676937899651154,0.0208610786765787,
0.623086793475544));
#3112=CARTESIAN_POINT('Ctrl Pts',(-0.664082650599832,0.0120943080531214,
0.605730024658544));
#3113=CARTESIAN_POINT('Ctrl Pts',(-0.647166386792424,0.00261035564726991,
0.590300184887943));
#3114=CARTESIAN_POINT('Ctrl Pts',(-0.644787901835872,0.0013129538071093,
0.588259957918295));
#3115=CARTESIAN_POINT('Ctrl Pts',(-0.642311074517303,2.66337571559982E-16,
0.586271705081923));
#3116=CARTESIAN_POINT('',(-0.547326700096268,0.,0.595732507959072));
#3117=CARTESIAN_POINT('Origin',(-0.495211940468143,0.0196850393700787,0.642678398819002));
#3118=CARTESIAN_POINT('',(-0.122832032180109,0.,0.800158365846624));
#3119=CARTESIAN_POINT('Origin',(-0.183302443064997,0.0196850393700787,0.925726467908615));
#3120=CARTESIAN_POINT('Ctrl Pts',(-0.0565395079808088,3.92687039220286E-16,
0.867802577009613));
#3121=CARTESIAN_POINT('Ctrl Pts',(-0.0565307882827072,0.00139811722803011,
0.871185655039101));
#3122=CARTESIAN_POINT('Ctrl Pts',(-0.0566383056140105,0.00277925238144105,
0.874520009281818));
#3123=CARTESIAN_POINT('Ctrl Pts',(-0.0581281353205912,0.0123276251026272,
0.897523626263344));
#3124=CARTESIAN_POINT('Ctrl Pts',(-0.0636382703923666,0.0210772605540317,
0.918364060130417));
#3125=CARTESIAN_POINT('Ctrl Pts',(-0.0780666056103381,0.0326843001219181,
0.94533910722759));
#3126=CARTESIAN_POINT('Ctrl Pts',(-0.0834268951066604,0.0361476575516388,
0.953282418238113));
#3127=CARTESIAN_POINT('Ctrl Pts',(-0.0895523257016248,0.0393700787383476,
0.960524678993611));
#3128=CARTESIAN_POINT('Origin',(0.,0.0707106781186547,-3.70781360119167E-17));
#3129=CARTESIAN_POINT('Origin',(0.,0.141421356237309,-7.41562720238335E-17));
#3130=CARTESIAN_POINT('Origin',(0.840453560236317,0.289370078740157,0.926093143002214));
#3131=CARTESIAN_POINT('',(0.817277288096345,0.162082112698032,0.921522265728257));
#3132=CARTESIAN_POINT('',(0.817277288096345,0.289370078740157,0.921522265728257));
#3133=CARTESIAN_POINT('',(0.86362983237629,0.2,0.93066402027617));
#3134=CARTESIAN_POINT('Ctrl Pts',(0.817277288096345,0.162082112698032,0.921522265728257));
#3135=CARTESIAN_POINT('Ctrl Pts',(0.840102234239237,0.180594874323886,0.926023853687431));
#3136=CARTESIAN_POINT('Ctrl Pts',(0.863629832376289,0.2,0.93066402027617));
#3137=CARTESIAN_POINT('',(0.86362983237629,0.289370078740157,0.93066402027617));
#3138=CARTESIAN_POINT('Origin',(0.656183405736555,0.289370078740157,0.587007372151248));
#3139=CARTESIAN_POINT('',(0.699571779648311,0.0430550643969747,0.67710425894149));
#3140=CARTESIAN_POINT('',(0.699571779648311,0.289370078740157,0.67710425894149));
#3141=CARTESIAN_POINT('',(0.807951983932046,0.141421356237309,0.902158072101545));
#3142=CARTESIAN_POINT('Ctrl Pts',(0.807951983932047,0.141421356237311,0.902158072101549));
#3143=CARTESIAN_POINT('Ctrl Pts',(0.747871275426773,0.0863230632266295,
0.777399195369122));
#3144=CARTESIAN_POINT('Ctrl Pts',(0.699571779648527,0.0430550643971679,
0.677104258941938));
#3145=CARTESIAN_POINT('Ctrl Pts',(0.817277288096345,0.162082112698032,0.921522265728257));
#3146=CARTESIAN_POINT('Ctrl Pts',(0.812575199966925,0.15165718405737,0.911758279118948));
#3147=CARTESIAN_POINT('Ctrl Pts',(0.807951983932046,0.141421356237309,0.902158072101546));
#3148=CARTESIAN_POINT('Origin',(0.18498022494191,0.0196850393700787,0.924918490740799));
#3149=CARTESIAN_POINT('',(0.0914654889425885,0.0393700787391405,0.960344387355806));
#3150=CARTESIAN_POINT('Ctrl Pts',(0.0914654889413976,0.039370078738597,
0.960344387357068));
#3151=CARTESIAN_POINT('Ctrl Pts',(0.0851721170989564,0.0360902753564388,
0.952989805171042));
#3152=CARTESIAN_POINT('Ctrl Pts',(0.0796705382956702,0.0325581850300648,
0.944900059325301));
#3153=CARTESIAN_POINT('Ctrl Pts',(0.0650849945250703,0.0208610786765789,
0.917739623027917));
#3154=CARTESIAN_POINT('Ctrl Pts',(0.0595300429138742,0.0120943080531217,
0.896867216254007));
#3155=CARTESIAN_POINT('Ctrl Pts',(0.0580136263812516,0.00261035564727021,
0.874021200902357));
#3156=CARTESIAN_POINT('Ctrl Pts',(0.0579014738192851,0.00131295380710959,
0.870889565773695));
#3157=CARTESIAN_POINT('Ctrl Pts',(0.0578912717307964,4.62487644066469E-16,
0.867713448832406));
#3158=CARTESIAN_POINT('',(0.141591851030154,0.0393700787401575,0.834821603950557));
#3159=CARTESIAN_POINT('',(0.124509814057022,0.,0.799350388678808));
#3160=CARTESIAN_POINT('Origin',(0.18498022494191,0.0393700787401575,0.924918490740799));
#3161=CARTESIAN_POINT('Origin',(0.193706610658279,0.0196850393700787,0.787875713090626));
#3162=CARTESIAN_POINT('',(0.566086518946313,0.0393700787401575,0.630395746063004));
#3163=CARTESIAN_POINT('',(0.549004481973181,0.,0.594924530791255));
#3164=CARTESIAN_POINT('',(0.202247629144845,0.0393700787401575,0.805611320726501));
#3165=CARTESIAN_POINT('Origin',(0.609474892858069,0.0196850393700787,0.720492632853246));
#3166=CARTESIAN_POINT('',(0.695133471915003,0.0393700787389789,0.66889216934809));
#3167=CARTESIAN_POINT('Ctrl Pts',(0.643223568644858,2.27563799369012E-16,
0.585270424134871));
#3168=CARTESIAN_POINT('Ctrl Pts',(0.645874002198799,0.00139811722802997,
0.587372921450655));
#3169=CARTESIAN_POINT('Ctrl Pts',(0.648413869359865,0.002779252381441,0.589535917751298));
#3170=CARTESIAN_POINT('Ctrl Pts',(0.6654699276981,0.0123276251026272,0.605043234113265));
#3171=CARTESIAN_POINT('Ctrl Pts',(0.678328121979554,0.0210772605540317,
0.622345029167461));
#3172=CARTESIAN_POINT('Ctrl Pts',(0.690422143174977,0.0326843001219181,
0.65044422265022));
#3173=CARTESIAN_POINT('Ctrl Pts',(0.693290387962072,0.0361476575516389,
0.659587639141641));
#3174=CARTESIAN_POINT('Ctrl Pts',(0.695133471917009,0.0393700787383475,
0.668892169347911));
#3175=CARTESIAN_POINT('Origin',(0.609474892858069,0.0393700787401575,0.720492632853246));
#3176=CARTESIAN_POINT('Origin',(0.,0.0707106781186547,-3.70781360119167E-17));
#3177=CARTESIAN_POINT('',(0.0948833381516682,0.0427891079252674,0.968306864652555));
#3178=CARTESIAN_POINT('Ctrl Pts',(0.0948833381516682,0.0427891079252677,
0.968306864652555));
#3179=CARTESIAN_POINT('Ctrl Pts',(0.0936252785862089,0.0416613602873743,
0.965694477046716));
#3180=CARTESIAN_POINT('Ctrl Pts',(0.0924846738729229,0.0405194731225264,
0.963034758491066));
#3181=CARTESIAN_POINT('Ctrl Pts',(0.0914654889427127,0.0393700787382636,
0.960344387356134));
#3182=CARTESIAN_POINT('',(0.203496550824636,0.141421356237309,1.19384452471843));
#3183=CARTESIAN_POINT('Ctrl Pts',(0.0948833381518931,0.042789107925469,
0.968306864653021));
#3184=CARTESIAN_POINT('Ctrl Pts',(0.143268972735782,0.0861628770283963,
1.0687806701532));
#3185=CARTESIAN_POINT('Ctrl Pts',(0.203496550824637,0.141421356237311,1.19384452471844));
#3186=CARTESIAN_POINT('Origin',(0.,0.141421356237309,-7.41562720238335E-17));
#3187=CARTESIAN_POINT('Origin',(0.18498022494191,0.289370078740157,0.924918490740799));
#3188=CARTESIAN_POINT('',(0.0948833381516681,0.289370078740157,0.968306864652555));
#3189=CARTESIAN_POINT('',(0.141591851030154,0.289370078740157,0.834821603950557));
#3190=CARTESIAN_POINT('Origin',(1.24806299864011,0.289370078740157,-0.079683422711911));
#3191=CARTESIAN_POINT('',(1.23003917356045,0.162082112698031,-0.0644133788724936));
#3192=CARTESIAN_POINT('',(1.23003917356045,0.289370078740157,-0.0644133788724935));
#3193=CARTESIAN_POINT('',(1.26608682371976,0.2,-0.0949534665513285));
#3194=CARTESIAN_POINT('Ctrl Pts',(1.23003917356045,0.162082112698031,-0.0644133788724936));
#3195=CARTESIAN_POINT('Ctrl Pts',(1.24778977789612,0.180594874323908,-0.0794519461679471));
#3196=CARTESIAN_POINT('Ctrl Pts',(1.26608682371976,0.2,-0.0949534665513282));
#3197=CARTESIAN_POINT('',(1.26608682371976,0.289370078740157,-0.0949534665513285));
#3198=CARTESIAN_POINT('Origin',(0.868064505614347,0.289370078740157,-0.147031734725734));
#3199=CARTESIAN_POINT('',(0.965557296832529,0.0430550643969743,-0.124779641330102));
#3200=CARTESIAN_POINT('',(0.965557296832529,0.289370078740157,-0.124779641330102));
#3201=CARTESIAN_POINT('',(1.20908540530481,0.141421356237309,-0.0691959397407272));
#3202=CARTESIAN_POINT('Ctrl Pts',(1.20908540530482,0.141421356237311,-0.0691959397407262));
#3203=CARTESIAN_POINT('Ctrl Pts',(1.07408527871655,0.0863230632266202,-0.100008837676343));
#3204=CARTESIAN_POINT('Ctrl Pts',(0.965557296833014,0.0430550643971676,
-0.124779641329992));
#3205=CARTESIAN_POINT('Ctrl Pts',(1.23003917356045,0.162082112698031,-0.0644133788724935));
#3206=CARTESIAN_POINT('Ctrl Pts',(1.21947367743858,0.151657184057184,-0.0668248844160064));
#3207=CARTESIAN_POINT('Ctrl Pts',(1.20908540530481,0.141421356237309,-0.0691959397407272));
#3208=CARTESIAN_POINT('Origin',(1.09083065600159,0.289370078740157,0.611619123631121));
#3209=CARTESIAN_POINT('',(1.10047030282422,0.2,0.633211748634587));
#3210=CARTESIAN_POINT('',(1.10047030282422,0.289370078740157,0.633211748634587));
#3211=CARTESIAN_POINT('',(1.08119100917896,0.162065800315611,0.590026498627655));
#3212=CARTESIAN_POINT('Ctrl Pts',(1.10047030282422,0.2,0.633211748634587));
#3213=CARTESIAN_POINT('Ctrl Pts',(1.09068446607267,0.180585810323017,0.611291660978954));
#3214=CARTESIAN_POINT('Ctrl Pts',(1.08119100917896,0.162065800315611,0.590026498627655));
#3215=CARTESIAN_POINT('',(1.08119100917896,0.289370078740157,0.590026498627655));
#3216=CARTESIAN_POINT('Origin',(0.,0.289370078740157,0.));
#3217=CARTESIAN_POINT('Origin',(0.,0.2,0.));
#3218=CARTESIAN_POINT('Origin',(0.838463678574787,0.0196850393700787,0.432053883033856));
#3219=CARTESIAN_POINT('',(0.807855275623969,0.0393700787391405,0.527254332973971));
#3220=CARTESIAN_POINT('Ctrl Pts',(0.807855275624213,0.039370078738597,0.527254332975689));
#3221=CARTESIAN_POINT('Ctrl Pts',(0.798181378567712,0.0360902753564388,
0.527589182223068));
#3222=CARTESIAN_POINT('Ctrl Pts',(0.788426382302376,0.0325581850300647,
0.526846615700308));
#3223=CARTESIAN_POINT('Ctrl Pts',(0.75809756033198,0.0208610786765788,0.521315797963626));
#3224=CARTESIAN_POINT('Ctrl Pts',(0.738315399921859,0.0120943080531216,
0.512645101253065));
#3225=CARTESIAN_POINT('Ctrl Pts',(0.719508195627531,0.00261035564727012,
0.499586425853943));
#3226=CARTESIAN_POINT('Ctrl Pts',(0.716989858713702,0.00131295380710937,
0.497721567691864));
#3227=CARTESIAN_POINT('Ctrl Pts',(0.714500309598872,3.1710675392839E-16,
0.495749267483427));
#3228=CARTESIAN_POINT('',(0.740970887356605,0.0393700787401575,0.409801789638225));
#3229=CARTESIAN_POINT('',(0.702587898688029,0.,0.401041122947031));
#3230=CARTESIAN_POINT('Origin',(0.838463678574787,0.0393700787401575,0.432053883033856));
#3231=CARTESIAN_POINT('Origin',(0.736760133064258,0.0196850393700787,0.339786545669364));
#3232=CARTESIAN_POINT('',(0.845812412218715,0.0393700787401575,-0.0495389435075516));
#3233=CARTESIAN_POINT('',(0.80742942355014,0.,-0.0582996101987451));
#3234=CARTESIAN_POINT('',(0.755951627398545,0.0393700787401575,0.34416687901496));
#3235=CARTESIAN_POINT('Origin',(0.943305203436898,0.0196850393700787,-0.0272868501119202));
#3236=CARTESIAN_POINT('',(0.956369587042333,0.0393700787389789,-0.126429786728756));
#3237=CARTESIAN_POINT('Ctrl Pts',(0.858626178711309,-1.17181133955039E-16,
-0.137982295454359));
#3238=CARTESIAN_POINT('Ctrl Pts',(0.86192249559598,0.00139811722802955,
-0.138743602214193));
#3239=CARTESIAN_POINT('Ctrl Pts',(0.865197175473285,0.00277925238144051,
-0.139380744187092));
#3240=CARTESIAN_POINT('Ctrl Pts',(0.887955562047459,0.0123276251026267,
-0.143047053956851));
#3241=CARTESIAN_POINT('Ctrl Pts',(0.909499603128845,0.0210772605540313,
-0.142312502283642));
#3242=CARTESIAN_POINT('Ctrl Pts',(0.939008936104435,0.0326843001219179,
-0.134248428226903));
#3243=CARTESIAN_POINT('Ctrl Pts',(0.947945868348734,0.0361476575516387,
-0.130790085364331));
#3244=CARTESIAN_POINT('Ctrl Pts',(0.956369587043444,0.0393700787383475,
-0.126429786730436));
#3245=CARTESIAN_POINT('Origin',(0.943305203436898,0.0393700787401575,-0.0272868501119202));
#3246=CARTESIAN_POINT('Origin',(0.,0.0707106781186547,-3.70781360119167E-17));
#3247=CARTESIAN_POINT('',(0.816211585179155,0.0427891079252676,0.529546674252039));
#3248=CARTESIAN_POINT('Ctrl Pts',(0.816211585179156,0.0427891079252675,
0.529546674252039));
#3249=CARTESIAN_POINT('Ctrl Pts',(0.813384750995307,0.0416613602873741,
0.528901467796392));
#3250=CARTESIAN_POINT('Ctrl Pts',(0.81059414388731,0.0405194731225263,0.528134921075028));
#3251=CARTESIAN_POINT('Ctrl Pts',(0.807855275624302,0.0393700787382635,
0.527254332974078));
#3252=CARTESIAN_POINT('',(1.06026325874954,0.141421356237309,0.585249876158474));
#3253=CARTESIAN_POINT('Ctrl Pts',(0.816211585179661,0.0427891079254692,
0.529546674252154));
#3254=CARTESIAN_POINT('Ctrl Pts',(0.92493311920274,0.0861628770284572,0.554361654918608));
#3255=CARTESIAN_POINT('Ctrl Pts',(1.06026325874954,0.141421356237311,0.585249876158475));
#3256=CARTESIAN_POINT('Origin',(0.,0.141421356237309,-7.41562720238335E-17));
#3257=CARTESIAN_POINT('Ctrl Pts',(0.695133471915213,0.0393700787379629,
0.668892169348438));
#3258=CARTESIAN_POINT('Ctrl Pts',(0.696732163162852,0.0406094540155678,
0.671546052885958));
#3259=CARTESIAN_POINT('Ctrl Pts',(0.698216037969168,0.0418405542154288,
0.674289032336524));
#3260=CARTESIAN_POINT('Ctrl Pts',(0.699571779648311,0.0430550643969747,
0.67710425894149));
#3261=CARTESIAN_POINT('Origin',(0.838463678574787,0.289370078740157,0.432053883033856));
#3262=CARTESIAN_POINT('',(0.816211585179155,0.289370078740157,0.529546674252039));
#3263=CARTESIAN_POINT('',(0.740970887356605,0.289370078740157,0.409801789638225));
#3264=CARTESIAN_POINT('Origin',(0.715855543222357,0.289370078740157,-1.02545674587836));
#3265=CARTESIAN_POINT('',(0.716556473107032,0.162082112698032,-1.00184443538878));
#3266=CARTESIAN_POINT('',(0.716556473107032,0.289370078740157,-1.00184443538878));
#3267=CARTESIAN_POINT('',(0.715154613337682,0.2,-1.04906905636795));
#3268=CARTESIAN_POINT('Ctrl Pts',(0.716556473107032,0.162082112698032,-1.00184443538878));
#3269=CARTESIAN_POINT('Ctrl Pts',(0.715866168524353,0.18059487432388,-1.02509881003449));
#3270=CARTESIAN_POINT('Ctrl Pts',(0.715154613337682,0.2,-1.04906905636795));
#3271=CARTESIAN_POINT('',(0.715154613337682,0.289370078740157,-1.04906905636795));
#3272=CARTESIAN_POINT('Origin',(0.426275327475622,0.289370078740157,-0.770352946453436));
#3273=CARTESIAN_POINT('',(0.504458475722425,0.043055064396974,-0.832701926639309));
#3274=CARTESIAN_POINT('',(0.504458475722425,0.289370078740157,-0.832701926639309));
#3275=CARTESIAN_POINT('',(0.699752855635523,0.141421356237309,-0.988443997618295));
#3276=CARTESIAN_POINT('Ctrl Pts',(0.699752855635527,0.141421356237311,-0.988443997618299));
#3277=CARTESIAN_POINT('Ctrl Pts',(0.591491159785994,0.0863230632266342,
-0.902108176143015));
#3278=CARTESIAN_POINT('Ctrl Pts',(0.504458475722814,0.0430550643971673,
-0.832701926639619));
#3279=CARTESIAN_POINT('Ctrl Pts',(0.716556473107032,0.162082112698032,-1.00184443538878));
#3280=CARTESIAN_POINT('Ctrl Pts',(0.708083603069693,0.151657184057547,-0.995087547006546));
#3281=CARTESIAN_POINT('Ctrl Pts',(0.699752855635523,0.141421356237309,-0.988443997618295));
#3282=CARTESIAN_POINT('Origin',(1.15830487570618,0.289370078740157,-0.471507462697518));
#3283=CARTESIAN_POINT('',(1.18119689121045,0.2,-0.465581260578301));
#3284=CARTESIAN_POINT('',(1.18119689121045,0.289370078740157,-0.465581260578301));
#3285=CARTESIAN_POINT('',(1.13541286020192,0.162065800315611,-0.477433664816734));
#3286=CARTESIAN_POINT('Ctrl Pts',(1.18119689121045,0.2,-0.465581260578301));
#3287=CARTESIAN_POINT('Ctrl Pts',(1.15795770716557,0.18058581032302,-0.471597336432782));
#3288=CARTESIAN_POINT('Ctrl Pts',(1.13541286020192,0.162065800315611,-0.477433664816734));
#3289=CARTESIAN_POINT('',(1.13541286020192,0.289370078740157,-0.477433664816735));
#3290=CARTESIAN_POINT('Origin',(1.16619362722822,0.289370078740157,-0.501980507409598));
#3291=CARTESIAN_POINT('',(1.11863010740706,0.141421356237309,-0.464049866070643));
#3292=CARTESIAN_POINT('Ctrl Pts',(1.11863010740706,0.141421356237309,-0.464049866070643));
#3293=CARTESIAN_POINT('Ctrl Pts',(1.12695056630006,0.151649261892759,-0.470685210621099));
#3294=CARTESIAN_POINT('Ctrl Pts',(1.13541286020192,0.162065800315611,-0.477433664816734));
#3295=CARTESIAN_POINT('',(0.922915860884641,0.042789107925267,-0.307972962643845));
#3296=CARTESIAN_POINT('Ctrl Pts',(0.922915860885046,0.0427891079254686,
-0.307972962644168));
#3297=CARTESIAN_POINT('Ctrl Pts',(1.01010376171272,0.086162877028443,-0.377502993386752));
#3298=CARTESIAN_POINT('Ctrl Pts',(1.11863010740706,0.141421356237311,-0.464049866070646));
#3299=CARTESIAN_POINT('',(0.922915860884641,0.289370078740157,-0.307972962643845));
#3300=CARTESIAN_POINT('Origin',(0.860566880698767,0.0196850393700787,-0.386156110890648));
#3301=CARTESIAN_POINT('',(0.915913562516054,0.0393700787391405,-0.302868988165607));
#3302=CARTESIAN_POINT('Ctrl Pts',(0.915913562517549,0.039370078738597,-0.302868988164727));
#3303=CARTESIAN_POINT('Ctrl Pts',(0.910143782042071,0.0360902753564386,
-0.295096855796898));
#3304=CARTESIAN_POINT('Ctrl Pts',(0.903481079468142,0.0325581850300644,
-0.287933075259443));
#3305=CARTESIAN_POINT('Ctrl Pts',(0.880247200836881,0.0208610786765783,
-0.26766945587158));
#3306=CARTESIAN_POINT('Ctrl Pts',(0.861134201899189,0.0120943080531212,
-0.257609231045759));
#3307=CARTESIAN_POINT('Ctrl Pts',(0.839198418273837,0.00261035564726968,
-0.251047117568382));
#3308=CARTESIAN_POINT('Ctrl Pts',(0.836170256068969,0.00131295380710897,
-0.250240922531657));
#3309=CARTESIAN_POINT('Ctrl Pts',(0.833076041188812,-3.5575562043727E-17,
-0.249524223722697));
#3310=CARTESIAN_POINT('',(0.782383732451964,0.0393700787401575,-0.323807130704774));
#3311=CARTESIAN_POINT('',(0.751602965425664,0.,-0.299260288111911));
#3312=CARTESIAN_POINT('Origin',(0.860566880698767,0.0393700787401575,-0.386156110890648));
#3313=CARTESIAN_POINT('Origin',(0.725018248105017,0.0196850393700787,-0.364168821023316));
#3314=CARTESIAN_POINT('',(0.488624307661495,0.0393700787401575,-0.692169798206633));
#3315=CARTESIAN_POINT('',(0.457843540635195,0.,-0.667622955613769));
#3316=CARTESIAN_POINT('',(0.740408631618168,0.0393700787401575,-0.376442242319748));
#3317=CARTESIAN_POINT('Origin',(0.566807455908298,0.0196850393700787,-0.754518778392506));
#3318=CARTESIAN_POINT('',(0.497439896742484,0.0393700787389789,-0.8265475347012));
#3319=CARTESIAN_POINT('Ctrl Pts',(0.427465763426012,-3.88256079732617E-16,
-0.757331532240573));
#3320=CARTESIAN_POINT('Ctrl Pts',(0.428925769794646,0.00139811722802925,
-0.760383363558043));
#3321=CARTESIAN_POINT('Ctrl Pts',(0.430469361649282,0.00277925238144017,
-0.763340862903563));
#3322=CARTESIAN_POINT('Ctrl Pts',(0.44179254718256,0.0123276251026263,-0.78341999276933));
#3323=CARTESIAN_POINT('Ctrl Pts',(0.455799332711245,0.0210772605540309,
-0.799805816869157));
#3324=CARTESIAN_POINT('Ctrl Pts',(0.480502847855692,0.0326843001219176,
-0.817849274480297));
#3325=CARTESIAN_POINT('Ctrl Pts',(0.488778775297043,0.0361476575516386,
-0.822680207959429));
#3326=CARTESIAN_POINT('Ctrl Pts',(0.497439896741863,0.0393700787383475,
-0.826547534703115));
#3327=CARTESIAN_POINT('Origin',(0.566807455908298,0.0393700787401575,-0.754518778392506));
#3328=CARTESIAN_POINT('Origin',(0.,0.0707106781186547,-3.70781360119167E-17));
#3329=CARTESIAN_POINT('Ctrl Pts',(0.922915860884641,0.042789107925267,-0.307972962643845));
#3330=CARTESIAN_POINT('Ctrl Pts',(0.92064891587975,0.0416613602873738,-0.306165134328384));
#3331=CARTESIAN_POINT('Ctrl Pts',(0.918309690447374,0.0405194731225261,
-0.304461283899572));
#3332=CARTESIAN_POINT('Ctrl Pts',(0.915913562516346,0.0393700787382636,
-0.302868988165801));
#3333=CARTESIAN_POINT('Origin',(0.,0.141421356237309,-7.41562720238335E-17));
#3334=CARTESIAN_POINT('Ctrl Pts',(0.956369587042736,0.0393700787379627,
-0.126429786728703));
#3335=CARTESIAN_POINT('Ctrl Pts',(0.959441244432396,0.0406094540155675,
-0.126025024555889));
#3336=CARTESIAN_POINT('Ctrl Pts',(0.962510972931585,0.0418405542154284,
-0.125474944881372));
#3337=CARTESIAN_POINT('Ctrl Pts',(0.965557296832529,0.0430550643969743,
-0.124779641330103));
#3338=CARTESIAN_POINT('Origin',(0.860566880698767,0.289370078740157,-0.386156110890648));
#3339=CARTESIAN_POINT('',(0.782383732451964,0.289370078740157,-0.323807130704774));
#3340=CARTESIAN_POINT('Origin',(0.229892312940087,0.289370078740157,1.24865588953));
#3341=CARTESIAN_POINT('Ctrl Pts',(0.203496550824636,0.141421356237309,1.19384452471843));
#3342=CARTESIAN_POINT('Ctrl Pts',(0.20811405715008,0.151649261892928,1.20343287540203));
#3343=CARTESIAN_POINT('Ctrl Pts',(0.212810275966955,0.162065800315611,1.21318467425825));
#3344=CARTESIAN_POINT('Origin',(0.609474892858069,0.289370078740157,0.720492632853246));
#3345=CARTESIAN_POINT('',(0.566086518946313,0.289370078740157,0.630395746063004));
#3346=CARTESIAN_POINT('Origin',(0.0514949642399125,0.289370078740157,0.878209977862313));
#3347=CARTESIAN_POINT('Origin',(1.11957399784754,0.289370078740157,0.598787165318849));
#3348=CARTESIAN_POINT('Ctrl Pts',(1.06026325874954,0.14142135623731,0.585249876158474));
#3349=CARTESIAN_POINT('Ctrl Pts',(1.07063870128274,0.151649261892822,0.587618003210587));
#3350=CARTESIAN_POINT('Ctrl Pts',(1.08119100917896,0.162065800315611,0.590026498627655));
#3351=CARTESIAN_POINT('Origin',(0.943305203436898,0.289370078740157,-0.0272868501119202));
#3352=CARTESIAN_POINT('',(0.845812412218715,0.289370078740157,-0.0495389435075516));
#3353=CARTESIAN_POINT('Origin',(0.718718793960973,0.289370078740157,0.507294580856407));
#3354=CARTESIAN_POINT('Origin',(0.566807455908298,0.289370078740157,-0.754518778392506));
#3355=CARTESIAN_POINT('',(0.488624307661495,0.289370078740157,-0.692169798206633));
#3356=CARTESIAN_POINT('Ctrl Pts',(0.497439896742776,0.0393700787379629,
-0.826547534701482));
#3357=CARTESIAN_POINT('Ctrl Pts',(0.499671499609652,0.0406094540155676,
-0.828696688065146));
#3358=CARTESIAN_POINT('Ctrl Pts',(0.502015513630774,0.0418405542154282,
-0.830753729381169));
#3359=CARTESIAN_POINT('Ctrl Pts',(0.504458475722425,0.0430550643969739,
-0.832701926639309));
#3360=CARTESIAN_POINT('Origin',(0.844732712637838,0.289370078740157,-0.245623982457971));
#3361=CARTESIAN_POINT('Origin',(0.,0.0707106781186547,-3.70781360119167E-17));
#3362=CARTESIAN_POINT('',(0.334270255601753,0.0393700787391405,-0.904925783815032));
#3363=CARTESIAN_POINT('Ctrl Pts',(0.334270255603373,0.0393700787385969,
-0.904925783815651));
#3364=CARTESIAN_POINT('Ctrl Pts',(0.336749354089026,0.0360902753564385,
-0.895568942522956));
#3365=CARTESIAN_POINT('Ctrl Pts',(0.338196096139039,0.0325581850300643,
-0.88589328778448));
#3366=CARTESIAN_POINT('Ctrl Pts',(0.339552745341004,0.020861078676578,-0.855094149973638));
#3367=CARTESIAN_POINT('Ctrl Pts',(0.335501385909949,0.0120943080531208,
-0.833878558096467));
#3368=CARTESIAN_POINT('Ctrl Pts',(0.328102604978235,0.0038837457501888,
-0.815489111631809));
#3369=CARTESIAN_POINT('Ctrl Pts',(0.326955115431904,0.00261035564726928,
-0.812637061033776));
#3370=CARTESIAN_POINT('Ctrl Pts',(0.325697395839516,0.00131295380710871,
-0.809766894104284));
#3371=CARTESIAN_POINT('Ctrl Pts',(0.324328522109271,-3.09584816990209E-16,
-0.806900885099065));
#3372=CARTESIAN_POINT('',(0.334645669291339,0.0427891079252667,-0.913582677165355));
#3373=CARTESIAN_POINT('Ctrl Pts',(0.334645669291339,0.0427891079252667,
-0.913582677165355));
#3374=CARTESIAN_POINT('Ctrl Pts',(0.334645669291339,0.0416613602873736,
-0.910683145673306));
#3375=CARTESIAN_POINT('Ctrl Pts',(0.334519309996666,0.040519473122526,-0.907791932219428));
#3376=CARTESIAN_POINT('Ctrl Pts',(0.334270255601783,0.0393700787382635,
-0.904925783815381));
#3377=CARTESIAN_POINT('',(0.334645669291339,0.141421356237311,-1.16391059425639));
#3378=CARTESIAN_POINT('Ctrl Pts',(0.334645669291339,0.0427891079252667,
-0.913582677165355));
#3379=CARTESIAN_POINT('Ctrl Pts',(0.334645669291339,0.0861628770283196,
-1.02510018801385));
#3380=CARTESIAN_POINT('Ctrl Pts',(0.334645669291339,0.141421356237311,-1.16391059425639));
#3381=CARTESIAN_POINT('Origin',(0.,0.141421356237309,-7.41562720238335E-17));
#3382=CARTESIAN_POINT('Origin',(0.,0.1,0.));
#3383=CARTESIAN_POINT('',(0.334645669291339,0.162065800315612,-1.18537654078221));
#3384=CARTESIAN_POINT('Ctrl Pts',(0.334645669291339,0.141421356237311,-1.16391059425639));
#3385=CARTESIAN_POINT('Ctrl Pts',(0.334645669291339,0.151649261892989,-1.17455286062678));
#3386=CARTESIAN_POINT('Ctrl Pts',(0.334645669291339,0.162065800315612,-1.18537654078221));
#3387=CARTESIAN_POINT('',(0.372458128489687,0.2,-1.21378208444879));
#3388=CARTESIAN_POINT('Ctrl Pts',(0.372458128489687,0.2,-1.21378208444879));
#3389=CARTESIAN_POINT('Ctrl Pts',(0.353265176730255,0.180585810323036,-1.19936392067813));
#3390=CARTESIAN_POINT('Ctrl Pts',(0.334645669291339,0.162065800315612,-1.1853765407822));
#3391=CARTESIAN_POINT('Origin',(0.,0.2,0.));
#3392=CARTESIAN_POINT('Origin',(0.,0.1,0.));
#3393=CARTESIAN_POINT('Origin',(0.,0.2,0.));
#3394=CARTESIAN_POINT('Origin',(0.,0.1,0.));
#3395=CARTESIAN_POINT('Origin',(0.,0.1,0.));
#3396=CARTESIAN_POINT('Origin',(0.,0.1,0.));
#3397=CARTESIAN_POINT('Origin',(0.,0.1,0.));
#3398=CARTESIAN_POINT('Origin',(0.,0.1,0.));
#3399=CARTESIAN_POINT('Ctrl Pts',(-0.336507866684262,0.162082112698033,
-1.18486619815516));
#3400=CARTESIAN_POINT('Ctrl Pts',(-0.336507866684262,0.151657184057531,
-1.17402899061447));
#3401=CARTESIAN_POINT('Ctrl Pts',(-0.336507866684262,0.141421356237311,
-1.16337356470624));
#3402=CARTESIAN_POINT('Origin',(0.,0.289370078740157,0.));
#3403=CARTESIAN_POINT('',(0.372458128489687,0.289370078740157,-1.21378208444879));
#3404=CARTESIAN_POINT('Origin',(0.,0.289370078740157,0.));
#3405=CARTESIAN_POINT('Origin',(0.353551898890513,0.289370078740157,-1.1995793126155));
#3406=CARTESIAN_POINT('',(0.334645669291339,0.289370078740157,-1.1853765407822));
#3407=CARTESIAN_POINT('Origin',(0.334645669291339,0.289370078740157,-1.22474661952236));
#3408=CARTESIAN_POINT('',(0.334645669291339,0.289370078740157,-0.913582677165355));
#3409=CARTESIAN_POINT('Origin',(0.234645669291339,0.0196850393700787,-0.913582677165355));
#3410=CARTESIAN_POINT('',(0.234645669291339,0.0393700787401575,-0.813582677165354));
#3411=CARTESIAN_POINT('',(0.234645669291339,0.,-0.774212598425197));
#3412=CARTESIAN_POINT('Origin',(0.234645669291339,0.0393700787401575,-0.913582677165355));
#3413=CARTESIAN_POINT('Origin',(0.167322834645669,0.0196850393700787,-0.793897637795276));
#3414=CARTESIAN_POINT('',(-0.236507866684262,0.0393700787401575,-0.813582677165354));
#3415=CARTESIAN_POINT('',(-0.236507866684262,0.,-0.774212598425197));
#3416=CARTESIAN_POINT('',(0.167322834645669,0.0393700787401575,-0.813582677165354));
#3417=CARTESIAN_POINT('Origin',(-0.236507866684262,0.0196850393700787,-0.913582677165354));
#3418=CARTESIAN_POINT('Origin',(-0.236507866684262,0.0393700787401575,-0.913582677165354));
#3419=CARTESIAN_POINT('Origin',(0.234645669291339,0.289370078740157,-0.913582677165355));
#3420=CARTESIAN_POINT('',(0.234645669291339,0.289370078740157,-0.813582677165354));
#3421=CARTESIAN_POINT('Origin',(0.334645669291339,0.289370078740157,-0.813582677165354));
#3422=CARTESIAN_POINT('',(-0.236507866684262,0.289370078740157,-0.813582677165354));
#3423=CARTESIAN_POINT('Origin',(-0.236507866684262,0.289370078740157,-0.913582677165354));
#3424=CARTESIAN_POINT('',(-0.336507866684262,0.289370078740157,-0.913582677165354));
#3425=CARTESIAN_POINT('Origin',(-0.336507866684262,0.289370078740157,-0.813582677165354));
#3426=UNCERTAINTY_MEASURE_WITH_UNIT(LENGTH_MEASURE(0.000393700787401575),
#3432,'DISTANCE_ACCURACY_VALUE',
'Maximum model space distance between geometric entities at asserted c
onnectivities');
#3427=UNCERTAINTY_MEASURE_WITH_UNIT(LENGTH_MEASURE(0.000393700787401575),
#3432,'DISTANCE_ACCURACY_VALUE',
'Maximum model space distance between geometric entities at asserted c
onnectivities');
#3428=(
GEOMETRIC_REPRESENTATION_CONTEXT(3)
GLOBAL_UNCERTAINTY_ASSIGNED_CONTEXT((#3426))
GLOBAL_UNIT_ASSIGNED_CONTEXT((#3432,#3436,#3437))
REPRESENTATION_CONTEXT('','3D')
);
#3429=(
GEOMETRIC_REPRESENTATION_CONTEXT(3)
GLOBAL_UNCERTAINTY_ASSIGNED_CONTEXT((#3427))
GLOBAL_UNIT_ASSIGNED_CONTEXT((#3432,#3436,#3437))
REPRESENTATION_CONTEXT('','3D')
);
#3430=DIMENSIONAL_EXPONENTS(1.,0.,0.,0.,0.,0.,0.);
#3431=DIMENSIONAL_EXPONENTS(0.,1.,0.,0.,0.,0.,0.);
#3432=(
CONVERSION_BASED_UNIT('inch',#3435)
LENGTH_UNIT()
NAMED_UNIT(#3430)
);
#3433=(
LENGTH_UNIT()
NAMED_UNIT(*)
SI_UNIT(.MILLI.,.METRE.)
);
#3434=(
LENGTH_UNIT()
NAMED_UNIT(*)
SI_UNIT(.CENTI.,.METRE.)
);
#3435=LENGTH_MEASURE_WITH_UNIT(LENGTH_MEASURE(25.4),#3433);
#3436=(
NAMED_UNIT(*)
PLANE_ANGLE_UNIT()
SI_UNIT($,.RADIAN.)
);
#3437=(
NAMED_UNIT(*)
SI_UNIT($,.STERADIAN.)
SOLID_ANGLE_UNIT()
);
#3438=SHAPE_DEFINITION_REPRESENTATION(#3439,#3440);
#3439=PRODUCT_DEFINITION_SHAPE('',$,#3442);
#3440=SHAPE_REPRESENTATION('',(#1969),#3428);
#3441=PRODUCT_DEFINITION_CONTEXT('part definition',#3446,'design');
#3442=PRODUCT_DEFINITION('2.75 outer no nut','2.75 outer no nut',#3443,
#3441);
#3443=PRODUCT_DEFINITION_FORMATION('',$,#3448);
#3444=PRODUCT_RELATED_PRODUCT_CATEGORY('2.75 outer no nut',
'2.75 outer no nut',(#3448));
#3445=APPLICATION_PROTOCOL_DEFINITION('international standard',
'automotive_design',2009,#3446);
#3446=APPLICATION_CONTEXT(
'Core Data for Automotive Mechanical Design Process');
#3447=PRODUCT_CONTEXT('part definition',#3446,'mechanical');
#3448=PRODUCT('2.75 outer no nut','2.75 outer no nut',$,(#3447));
#3449=PRESENTATION_STYLE_ASSIGNMENT((#3450));
#3450=SURFACE_STYLE_USAGE(.BOTH.,#3453);
#3451=SURFACE_STYLE_RENDERING_WITH_PROPERTIES($,#3457,(#3452));
#3452=SURFACE_STYLE_TRANSPARENT(0.);
#3453=SURFACE_SIDE_STYLE('',(#3454,#3451));
#3454=SURFACE_STYLE_FILL_AREA(#3455);
#3455=FILL_AREA_STYLE('',(#3456));
#3456=FILL_AREA_STYLE_COLOUR('',#3457);
#3457=COLOUR_RGB('',0.250980392156863,0.250980392156863,0.250980392156863);
ENDSEC;
END-ISO-10303-21;
