ISO-10303-21;
HEADER;
/* Generated by software containing ST-Developer
 * from STEP Tools, Inc. (www.steptools.com) 
 */

FILE_DESCRIPTION(
/* description */ (''),
/* implementation_level */ '2;1');

FILE_NAME(
/* name */ '8x2.75 inner.stp',
/* time_stamp */ '2026-01-12T21:07:21+13:00',
/* author */ ('cloudy'),
/* organization */ (''),
/* preprocessor_version */ 'ST-DEVELOPER v20',
/* originating_system */ 'Autodesk Inventor 2025',
/* authorisation */ '');

FILE_SCHEMA (('AUTOMOTIVE_DESIGN { 1 0 10303 214 3 1 1 }'));
ENDSEC;

DATA;
#10=MECHANICAL_DESIGN_GEOMETRIC_PRESENTATION_REPRESENTATION('',(#13),#7948);
#11=SHAPE_REPRESENTATION_RELATIONSHIP('SRR','None',#7959,#12);
#12=ADVANCED_BREP_SHAPE_REPRESENTATION('',(#14),#7947);
#13=STYLED_ITEM('',(#7968),#14);
#14=MANIFOLD_SOLID_BREP('Solid1',#4639);
#15=B_SPLINE_CURVE_WITH_KNOTS('',3,(#7243,#7244,#7245,#7246,#7247,#7248,
#7249,#7250),.UNSPECIFIED.,.F.,.F.,(4,2,2,4),(0.84848888033223,0.923590888214898,
1.08707976559241,1.11243553426073),.UNSPECIFIED.);
#16=B_SPLINE_CURVE_WITH_KNOTS('',3,(#7265,#7266,#7267,#7268,#7269,#7270,
#7271,#7272),.UNSPECIFIED.,.F.,.F.,(4,2,2,4),(0.870240359930851,0.897200081982716,
1.06036774455728,1.13394854935078),.UNSPECIFIED.);
#17=B_SPLINE_CURVE_WITH_KNOTS('',3,(#7327,#7328,#7329,#7330),
 .UNSPECIFIED.,.F.,.F.,(4,4),(0.758824750593759,0.781178459159576),
 .UNSPECIFIED.);
#18=B_SPLINE_CURVE_WITH_KNOTS('',3,(#7342,#7343,#7344,#7345),
 .UNSPECIFIED.,.F.,.F.,(4,4),(0.0706651890846536,0.0947515121960372),
 .UNSPECIFIED.);
#19=B_SPLINE_CURVE_WITH_KNOTS('',3,(#7346,#7347,#7348,#7349,#7350,#7351,
#7352,#7353),.UNSPECIFIED.,.F.,.F.,(4,2,2,4),(-1.1119198549749,-1.08496013332374,
-0.921792470749179,-0.848211665955674),.UNSPECIFIED.);
#20=B_SPLINE_CURVE_WITH_KNOTS('',3,(#7388,#7389,#7390,#7391,#7392,#7393,
#7394,#7395),.UNSPECIFIED.,.F.,.F.,(4,2,2,4),(0.84848888033223,0.923590888214896,
1.08707976559241,1.11243553426073),.UNSPECIFIED.);
#21=B_SPLINE_CURVE_WITH_KNOTS('',3,(#7405,#7406,#7407,#7408,#7409,#7410,
#7411,#7412),.UNSPECIFIED.,.F.,.F.,(4,2,2,4),(0.870240359930849,0.897200081982713,
1.06036774455727,1.13394854935078),.UNSPECIFIED.);
#22=B_SPLINE_CURVE_WITH_KNOTS('',3,(#7416,#7417,#7418,#7419),
 .UNSPECIFIED.,.F.,.F.,(4,4),(0.758824750593759,0.781178459159579),
 .UNSPECIFIED.);
#23=B_SPLINE_CURVE_WITH_KNOTS('',3,(#7425,#7426,#7427,#7428),
 .UNSPECIFIED.,.F.,.F.,(4,4),(1.66576591224142,1.6898522353528),
 .UNSPECIFIED.);
#24=B_SPLINE_CURVE_WITH_KNOTS('',3,(#7463,#7464,#7465,#7466,#7467,#7468,
#7469,#7470),.UNSPECIFIED.,.F.,.F.,(4,2,2,4),(0.84848888033223,0.923590888214893,
1.0870797655924,1.11243553426072),.UNSPECIFIED.);
#25=B_SPLINE_CURVE_WITH_KNOTS('',3,(#7480,#7481,#7482,#7483,#7484,#7485,
#7486,#7487),.UNSPECIFIED.,.F.,.F.,(4,2,2,4),(0.870240359930847,0.897200081982712,
1.06036774455727,1.13394854935077),.UNSPECIFIED.);
#26=B_SPLINE_CURVE_WITH_KNOTS('',3,(#7491,#7492,#7493,#7494),
 .UNSPECIFIED.,.F.,.F.,(4,4),(0.758824750593759,0.781178459159582),
 .UNSPECIFIED.);
#27=B_SPLINE_CURVE_WITH_KNOTS('',3,(#7500,#7501,#7502,#7503),
 .UNSPECIFIED.,.F.,.F.,(4,4),(1.66576591224142,1.68985223535281),
 .UNSPECIFIED.);
#28=B_SPLINE_CURVE_WITH_KNOTS('',3,(#7538,#7539,#7540,#7541,#7542,#7543,
#7544,#7545),.UNSPECIFIED.,.F.,.F.,(4,2,2,4),(0.84848888033223,0.923590888214891,
1.0870797655924,1.11243553426072),.UNSPECIFIED.);
#29=B_SPLINE_CURVE_WITH_KNOTS('',3,(#7555,#7556,#7557,#7558,#7559,#7560,
#7561,#7562),.UNSPECIFIED.,.F.,.F.,(4,2,2,4),(0.870240359930845,0.897200081982711,
1.06036774455727,1.13394854935077),.UNSPECIFIED.);
#30=B_SPLINE_CURVE_WITH_KNOTS('',3,(#7566,#7567,#7568,#7569),
 .UNSPECIFIED.,.F.,.F.,(4,4),(0.758824750593759,0.781178459159582),
 .UNSPECIFIED.);
#31=B_SPLINE_CURVE_WITH_KNOTS('',3,(#7575,#7576,#7577,#7578),
 .UNSPECIFIED.,.F.,.F.,(4,4),(1.66576591224142,1.68985223535281),
 .UNSPECIFIED.);
#32=B_SPLINE_CURVE_WITH_KNOTS('',3,(#7613,#7614,#7615,#7616,#7617,#7618,
#7619,#7620),.UNSPECIFIED.,.F.,.F.,(4,2,2,4),(0.848488880332231,0.923590888214893,
1.0870797655924,1.11243553426072),.UNSPECIFIED.);
#33=B_SPLINE_CURVE_WITH_KNOTS('',3,(#7630,#7631,#7632,#7633,#7634,#7635,
#7636,#7637),.UNSPECIFIED.,.F.,.F.,(4,2,2,4),(0.87024035993085,0.897200081982715,
1.06036774455728,1.13394854935078),.UNSPECIFIED.);
#34=B_SPLINE_CURVE_WITH_KNOTS('',3,(#7641,#7642,#7643,#7644),
 .UNSPECIFIED.,.F.,.F.,(4,4),(0.758824750593758,0.781178459159582),
 .UNSPECIFIED.);
#35=B_SPLINE_CURVE_WITH_KNOTS('',3,(#7650,#7651,#7652,#7653),
 .UNSPECIFIED.,.F.,.F.,(4,4),(1.66576591224142,1.68985223535281),
 .UNSPECIFIED.);
#36=B_SPLINE_CURVE_WITH_KNOTS('',3,(#7696,#7697,#7698,#7699,#7700,#7701,
#7702,#7703),.UNSPECIFIED.,.F.,.F.,(4,2,2,4),(0.848488880332231,0.923590888214897,
1.08707976559241,1.11243553426073),.UNSPECIFIED.);
#37=B_SPLINE_CURVE_WITH_KNOTS('',3,(#7713,#7714,#7715,#7716,#7717,#7718,
#7719,#7720),.UNSPECIFIED.,.F.,.F.,(4,2,2,4),(0.870240359930852,0.897200081982716,
1.06036774455728,1.13394854935078),.UNSPECIFIED.);
#38=B_SPLINE_CURVE_WITH_KNOTS('',3,(#7723,#7724,#7725,#7726),
 .UNSPECIFIED.,.F.,.F.,(4,4),(0.758824750593759,0.781178459159579),
 .UNSPECIFIED.);
#39=B_SPLINE_CURVE_WITH_KNOTS('',3,(#7728,#7729,#7730,#7731),
 .UNSPECIFIED.,.F.,.F.,(4,4),(1.66576591224142,1.68985223535281),
 .UNSPECIFIED.);
#40=B_SPLINE_CURVE_WITH_KNOTS('',3,(#7770,#7771,#7772,#7773),
 .UNSPECIFIED.,.F.,.F.,(4,4),(1.66576591224142,1.68985223535281),
 .UNSPECIFIED.);
#41=B_SPLINE_CURVE_WITH_KNOTS('',3,(#7784,#7785,#7786,#7787,#7788,#7789,
#7790,#7791,#7792),.UNSPECIFIED.,.F.,.F.,(4,2,3,4),(-0.23859088526018,-0.163488877377512,
0.,0.025355768668317),.UNSPECIFIED.);
#42=B_SPLINE_CURVE_WITH_KNOTS('',3,(#7794,#7795,#7796,#7797),
 .UNSPECIFIED.,.F.,.F.,(4,4),(0.758824750593759,0.781178459159576),
 .UNSPECIFIED.);
#43=FACE_BOUND('',#679,.T.);
#44=FACE_BOUND('',#680,.T.);
#45=FACE_BOUND('',#681,.T.);
#46=FACE_BOUND('',#682,.T.);
#47=FACE_BOUND('',#683,.T.);
#48=FACE_BOUND('',#690,.T.);
#49=FACE_BOUND('',#691,.T.);
#50=FACE_BOUND('',#692,.T.);
#51=FACE_BOUND('',#693,.T.);
#52=FACE_BOUND('',#694,.T.);
#53=(
BOUNDED_CURVE()
B_SPLINE_CURVE(2,(#7051,#7052,#7053),.UNSPECIFIED.,.F.,.F.)
B_SPLINE_CURVE_WITH_KNOTS((3,3),(0.0861175963700169,0.238410557079738),
 .UNSPECIFIED.)
CURVE()
GEOMETRIC_REPRESENTATION_ITEM()
RATIONAL_B_SPLINE_CURVE((1.00020180148496,1.00027933666566,1.))
REPRESENTATION_ITEM('')
);
#54=(
BOUNDED_CURVE()
B_SPLINE_CURVE(2,(#7068,#7069,#7070),.UNSPECIFIED.,.F.,.F.)
B_SPLINE_CURVE_WITH_KNOTS((3,3),(0.,0.645478712852005),.UNSPECIFIED.)
CURVE()
GEOMETRIC_REPRESENTATION_ITEM()
RATIONAL_B_SPLINE_CURVE((1.,1.01010917376254,1.00698146198197))
REPRESENTATION_ITEM('')
);
#55=(
BOUNDED_CURVE()
B_SPLINE_CURVE(2,(#7071,#7072,#7073),.UNSPECIFIED.,.F.,.F.)
B_SPLINE_CURVE_WITH_KNOTS((3,3),(0.137631839887438,0.214562037632394),
 .UNSPECIFIED.)
CURVE()
GEOMETRIC_REPRESENTATION_ITEM()
RATIONAL_B_SPLINE_CURVE((1.00013850263202,1.0001079597823,1.))
REPRESENTATION_ITEM('')
);
#56=(
BOUNDED_CURVE()
B_SPLINE_CURVE(2,(#7232,#7233,#7234),.UNSPECIFIED.,.F.,.F.)
B_SPLINE_CURVE_WITH_KNOTS((3,3),(0.,0.152412986696165),.UNSPECIFIED.)
CURVE()
GEOMETRIC_REPRESENTATION_ITEM()
RATIONAL_B_SPLINE_CURVE((1.,1.00027978824391,1.00020197598101))
REPRESENTATION_ITEM('')
);
#57=(
BOUNDED_CURVE()
B_SPLINE_CURVE(2,(#7332,#7333,#7334),.UNSPECIFIED.,.F.,.F.)
B_SPLINE_CURVE_WITH_KNOTS((3,3),(0.338208885961397,0.985347945359484),
 .UNSPECIFIED.)
CURVE()
GEOMETRIC_REPRESENTATION_ITEM()
RATIONAL_B_SPLINE_CURVE((1.00695206719318,1.01012718087718,1.))
REPRESENTATION_ITEM('')
);
#58=(
BOUNDED_CURVE()
B_SPLINE_CURVE(2,(#7338,#7339,#7340),.UNSPECIFIED.,.F.,.F.)
B_SPLINE_CURVE_WITH_KNOTS((3,3),(0.859788185630634,1.60543526878135),
 .UNSPECIFIED.)
CURVE()
GEOMETRIC_REPRESENTATION_ITEM()
RATIONAL_B_SPLINE_CURVE((1.02357714981084,1.02605179630549,1.01508598727345))
REPRESENTATION_ITEM('')
);
#59=(
BOUNDED_CURVE()
B_SPLINE_CURVE(2,(#7360,#7361,#7362),.UNSPECIFIED.,.F.,.F.)
B_SPLINE_CURVE_WITH_KNOTS((3,3),(0.0861175963699954,0.238410557079738),
 .UNSPECIFIED.)
CURVE()
GEOMETRIC_REPRESENTATION_ITEM()
RATIONAL_B_SPLINE_CURVE((1.00020180148548,1.00027933666637,1.))
REPRESENTATION_ITEM('')
);
#60=(
BOUNDED_CURVE()
B_SPLINE_CURVE(2,(#7370,#7371,#7372),.UNSPECIFIED.,.F.,.F.)
B_SPLINE_CURVE_WITH_KNOTS((3,3),(0.,0.645478712852166),.UNSPECIFIED.)
CURVE()
GEOMETRIC_REPRESENTATION_ITEM()
RATIONAL_B_SPLINE_CURVE((1.,1.01010917376251,1.00698146198195))
REPRESENTATION_ITEM('')
);
#61=(
BOUNDED_CURVE()
B_SPLINE_CURVE(2,(#7373,#7374,#7375),.UNSPECIFIED.,.F.,.F.)
B_SPLINE_CURVE_WITH_KNOTS((3,3),(0.137631839888475,0.214562037632394),
 .UNSPECIFIED.)
CURVE()
GEOMETRIC_REPRESENTATION_ITEM()
RATIONAL_B_SPLINE_CURVE((1.00013850263108,1.00010795978157,1.))
REPRESENTATION_ITEM('')
);
#62=(
BOUNDED_CURVE()
B_SPLINE_CURVE(2,(#7380,#7381,#7382),.UNSPECIFIED.,.F.,.F.)
B_SPLINE_CURVE_WITH_KNOTS((3,3),(0.,0.15241298669613),.UNSPECIFIED.)
CURVE()
GEOMETRIC_REPRESENTATION_ITEM()
RATIONAL_B_SPLINE_CURVE((1.,1.0002797882446,1.0002019759815))
REPRESENTATION_ITEM('')
);
#63=(
BOUNDED_CURVE()
B_SPLINE_CURVE(2,(#7421,#7422,#7423),.UNSPECIFIED.,.F.,.F.)
B_SPLINE_CURVE_WITH_KNOTS((3,3),(0.338208885961174,0.985347945359484),
 .UNSPECIFIED.)
CURVE()
GEOMETRIC_REPRESENTATION_ITEM()
RATIONAL_B_SPLINE_CURVE((1.00695206719307,1.01012718087703,1.))
REPRESENTATION_ITEM('')
);
#64=(
BOUNDED_CURVE()
B_SPLINE_CURVE(2,(#7435,#7436,#7437),.UNSPECIFIED.,.F.,.F.)
B_SPLINE_CURVE_WITH_KNOTS((3,3),(0.0861175963699616,0.238410557079738),
 .UNSPECIFIED.)
CURVE()
GEOMETRIC_REPRESENTATION_ITEM()
RATIONAL_B_SPLINE_CURVE((1.00020180148462,1.00027933666519,1.))
REPRESENTATION_ITEM('')
);
#65=(
BOUNDED_CURVE()
B_SPLINE_CURVE(2,(#7445,#7446,#7447),.UNSPECIFIED.,.F.,.F.)
B_SPLINE_CURVE_WITH_KNOTS((3,3),(0.,0.64547871285236),.UNSPECIFIED.)
CURVE()
GEOMETRIC_REPRESENTATION_ITEM()
RATIONAL_B_SPLINE_CURVE((1.,1.01010917376189,1.00698146198152))
REPRESENTATION_ITEM('')
);
#66=(
BOUNDED_CURVE()
B_SPLINE_CURVE(2,(#7448,#7449,#7450),.UNSPECIFIED.,.F.,.F.)
B_SPLINE_CURVE_WITH_KNOTS((3,3),(0.137631839887139,0.214562037632394),
 .UNSPECIFIED.)
CURVE()
GEOMETRIC_REPRESENTATION_ITEM()
RATIONAL_B_SPLINE_CURVE((1.00013850263142,1.00010795978183,1.))
REPRESENTATION_ITEM('')
);
#67=(
BOUNDED_CURVE()
B_SPLINE_CURVE(2,(#7455,#7456,#7457),.UNSPECIFIED.,.F.,.F.)
B_SPLINE_CURVE_WITH_KNOTS((3,3),(0.,0.152412986696135),.UNSPECIFIED.)
CURVE()
GEOMETRIC_REPRESENTATION_ITEM()
RATIONAL_B_SPLINE_CURVE((1.,1.00027978824494,1.00020197598175))
REPRESENTATION_ITEM('')
);
#68=(
BOUNDED_CURVE()
B_SPLINE_CURVE(2,(#7496,#7497,#7498),.UNSPECIFIED.,.F.,.F.)
B_SPLINE_CURVE_WITH_KNOTS((3,3),(0.338208885961422,0.985347945359484),
 .UNSPECIFIED.)
CURVE()
GEOMETRIC_REPRESENTATION_ITEM()
RATIONAL_B_SPLINE_CURVE((1.00695206719331,1.01012718087737,1.))
REPRESENTATION_ITEM('')
);
#69=(
BOUNDED_CURVE()
B_SPLINE_CURVE(2,(#7510,#7511,#7512),.UNSPECIFIED.,.F.,.F.)
B_SPLINE_CURVE_WITH_KNOTS((3,3),(0.0861175963701021,0.238410557079738),
 .UNSPECIFIED.)
CURVE()
GEOMETRIC_REPRESENTATION_ITEM()
RATIONAL_B_SPLINE_CURVE((1.00020180148475,1.00027933666537,1.))
REPRESENTATION_ITEM('')
);
#70=(
BOUNDED_CURVE()
B_SPLINE_CURVE(2,(#7520,#7521,#7522),.UNSPECIFIED.,.F.,.F.)
B_SPLINE_CURVE_WITH_KNOTS((3,3),(0.,0.645478712852118),.UNSPECIFIED.)
CURVE()
GEOMETRIC_REPRESENTATION_ITEM()
RATIONAL_B_SPLINE_CURVE((1.,1.01010917376247,1.00698146198192))
REPRESENTATION_ITEM('')
);
#71=(
BOUNDED_CURVE()
B_SPLINE_CURVE(2,(#7523,#7524,#7525),.UNSPECIFIED.,.F.,.F.)
B_SPLINE_CURVE_WITH_KNOTS((3,3),(0.137631839887384,0.214562037632394),
 .UNSPECIFIED.)
CURVE()
GEOMETRIC_REPRESENTATION_ITEM()
RATIONAL_B_SPLINE_CURVE((1.00013850262481,1.00010795977668,1.))
REPRESENTATION_ITEM('')
);
#72=(
BOUNDED_CURVE()
B_SPLINE_CURVE(2,(#7530,#7531,#7532),.UNSPECIFIED.,.F.,.F.)
B_SPLINE_CURVE_WITH_KNOTS((3,3),(0.,0.152412986696158),.UNSPECIFIED.)
CURVE()
GEOMETRIC_REPRESENTATION_ITEM()
RATIONAL_B_SPLINE_CURVE((1.,1.00027978824243,1.00020197597994))
REPRESENTATION_ITEM('')
);
#73=(
BOUNDED_CURVE()
B_SPLINE_CURVE(2,(#7571,#7572,#7573),.UNSPECIFIED.,.F.,.F.)
B_SPLINE_CURVE_WITH_KNOTS((3,3),(0.33820888596152,0.985347945359484),
 .UNSPECIFIED.)
CURVE()
GEOMETRIC_REPRESENTATION_ITEM()
RATIONAL_B_SPLINE_CURVE((1.00695206719343,1.01012718087754,1.))
REPRESENTATION_ITEM('')
);
#74=(
BOUNDED_CURVE()
B_SPLINE_CURVE(2,(#7585,#7586,#7587),.UNSPECIFIED.,.F.,.F.)
B_SPLINE_CURVE_WITH_KNOTS((3,3),(0.0861175963700047,0.238410557079738),
 .UNSPECIFIED.)
CURVE()
GEOMETRIC_REPRESENTATION_ITEM()
RATIONAL_B_SPLINE_CURVE((1.0002018014847,1.00027933666529,1.))
REPRESENTATION_ITEM('')
);
#75=(
BOUNDED_CURVE()
B_SPLINE_CURVE(2,(#7595,#7596,#7597),.UNSPECIFIED.,.F.,.F.)
B_SPLINE_CURVE_WITH_KNOTS((3,3),(0.,0.645478712852039),.UNSPECIFIED.)
CURVE()
GEOMETRIC_REPRESENTATION_ITEM()
RATIONAL_B_SPLINE_CURVE((1.,1.01010917376248,1.00698146198193))
REPRESENTATION_ITEM('')
);
#76=(
BOUNDED_CURVE()
B_SPLINE_CURVE(2,(#7598,#7599,#7600),.UNSPECIFIED.,.F.,.F.)
B_SPLINE_CURVE_WITH_KNOTS((3,3),(0.137631839884285,0.214562037632395),
 .UNSPECIFIED.)
CURVE()
GEOMETRIC_REPRESENTATION_ITEM()
RATIONAL_B_SPLINE_CURVE((1.00013850263175,1.00010795978209,1.))
REPRESENTATION_ITEM('')
);
#77=(
BOUNDED_CURVE()
B_SPLINE_CURVE(2,(#7605,#7606,#7607),.UNSPECIFIED.,.F.,.F.)
B_SPLINE_CURVE_WITH_KNOTS((3,3),(0.,0.15241298669618),.UNSPECIFIED.)
CURVE()
GEOMETRIC_REPRESENTATION_ITEM()
RATIONAL_B_SPLINE_CURVE((1.,1.00027978824354,1.00020197598074))
REPRESENTATION_ITEM('')
);
#78=(
BOUNDED_CURVE()
B_SPLINE_CURVE(2,(#7646,#7647,#7648),.UNSPECIFIED.,.F.,.F.)
B_SPLINE_CURVE_WITH_KNOTS((3,3),(0.338208885961187,0.985347945359484),
 .UNSPECIFIED.)
CURVE()
GEOMETRIC_REPRESENTATION_ITEM()
RATIONAL_B_SPLINE_CURVE((1.00695206719305,1.01012718087699,1.))
REPRESENTATION_ITEM('')
);
#79=(
BOUNDED_CURVE()
B_SPLINE_CURVE(2,(#7660,#7661,#7662),.UNSPECIFIED.,.F.,.F.)
B_SPLINE_CURVE_WITH_KNOTS((3,3),(0.0861175963701316,0.238410557079738),
 .UNSPECIFIED.)
CURVE()
GEOMETRIC_REPRESENTATION_ITEM()
RATIONAL_B_SPLINE_CURVE((1.00020180148476,1.00027933666537,1.))
REPRESENTATION_ITEM('')
);
#80=(
BOUNDED_CURVE()
B_SPLINE_CURVE(2,(#7670,#7671,#7672),.UNSPECIFIED.,.F.,.F.)
B_SPLINE_CURVE_WITH_KNOTS((3,3),(0.,0.645478712852143),.UNSPECIFIED.)
CURVE()
GEOMETRIC_REPRESENTATION_ITEM()
RATIONAL_B_SPLINE_CURVE((1.,1.0101091737624,1.00698146198187))
REPRESENTATION_ITEM('')
);
#81=(
BOUNDED_CURVE()
B_SPLINE_CURVE(2,(#7673,#7674,#7675),.UNSPECIFIED.,.F.,.F.)
B_SPLINE_CURVE_WITH_KNOTS((3,3),(0.137631839889405,0.214562037632395),
 .UNSPECIFIED.)
CURVE()
GEOMETRIC_REPRESENTATION_ITEM()
RATIONAL_B_SPLINE_CURVE((1.00013850262713,1.00010795977849,1.))
REPRESENTATION_ITEM('')
);
#82=(
BOUNDED_CURVE()
B_SPLINE_CURVE(2,(#7680,#7681,#7682),.UNSPECIFIED.,.F.,.F.)
B_SPLINE_CURVE_WITH_KNOTS((3,3),(0.,0.152412986696138),.UNSPECIFIED.)
CURVE()
GEOMETRIC_REPRESENTATION_ITEM()
RATIONAL_B_SPLINE_CURVE((1.,1.0002797882429,1.00020197598028))
REPRESENTATION_ITEM('')
);
#83=(
BOUNDED_CURVE()
B_SPLINE_CURVE(2,(#7686,#7687,#7688),.UNSPECIFIED.,.F.,.F.)
B_SPLINE_CURVE_WITH_KNOTS((3,3),(0.,0.0768514047081415),.UNSPECIFIED.)
CURVE()
GEOMETRIC_REPRESENTATION_ITEM()
RATIONAL_B_SPLINE_CURVE((1.,1.00010777913069,1.00013833245469))
REPRESENTATION_ITEM('')
);
#84=(
BOUNDED_CURVE()
B_SPLINE_CURVE(2,(#7690,#7691,#7692),.UNSPECIFIED.,.F.,.F.)
B_SPLINE_CURVE_WITH_KNOTS((3,3),(0.338208885961243,0.985347945359484),
 .UNSPECIFIED.)
CURVE()
GEOMETRIC_REPRESENTATION_ITEM()
RATIONAL_B_SPLINE_CURVE((1.00695206719316,1.01012718087716,1.))
REPRESENTATION_ITEM('')
);
#85=(
BOUNDED_CURVE()
B_SPLINE_CURVE(2,(#7735,#7736,#7737),.UNSPECIFIED.,.F.,.F.)
B_SPLINE_CURVE_WITH_KNOTS((3,3),(0.,0.0768514047078714),.UNSPECIFIED.)
CURVE()
GEOMETRIC_REPRESENTATION_ITEM()
RATIONAL_B_SPLINE_CURVE((1.,1.00010777913561,1.00013833246102))
REPRESENTATION_ITEM('')
);
#86=(
BOUNDED_CURVE()
B_SPLINE_CURVE(2,(#7742,#7743,#7744),.UNSPECIFIED.,.F.,.F.)
B_SPLINE_CURVE_WITH_KNOTS((3,3),(0.,0.0768514047083886),.UNSPECIFIED.)
CURVE()
GEOMETRIC_REPRESENTATION_ITEM()
RATIONAL_B_SPLINE_CURVE((1.,1.0001077791331,1.00013833245779))
REPRESENTATION_ITEM('')
);
#87=(
BOUNDED_CURVE()
B_SPLINE_CURVE(2,(#7749,#7750,#7751),.UNSPECIFIED.,.F.,.F.)
B_SPLINE_CURVE_WITH_KNOTS((3,3),(0.,0.0768514047032063),.UNSPECIFIED.)
CURVE()
GEOMETRIC_REPRESENTATION_ITEM()
RATIONAL_B_SPLINE_CURVE((1.,1.00010777914416,1.00013833247199))
REPRESENTATION_ITEM('')
);
#88=(
BOUNDED_CURVE()
B_SPLINE_CURVE(2,(#7756,#7757,#7758),.UNSPECIFIED.,.F.,.F.)
B_SPLINE_CURVE_WITH_KNOTS((3,3),(0.,0.0768514047059142),.UNSPECIFIED.)
CURVE()
GEOMETRIC_REPRESENTATION_ITEM()
RATIONAL_B_SPLINE_CURVE((1.,1.00010777913024,1.00013833245412))
REPRESENTATION_ITEM('')
);
#89=(
BOUNDED_CURVE()
B_SPLINE_CURVE(2,(#7763,#7764,#7765),.UNSPECIFIED.,.F.,.F.)
B_SPLINE_CURVE_WITH_KNOTS((3,3),(0.,0.0768514047061732),.UNSPECIFIED.)
CURVE()
GEOMETRIC_REPRESENTATION_ITEM()
RATIONAL_B_SPLINE_CURVE((1.,1.00010777912196,1.00013833244349))
REPRESENTATION_ITEM('')
);
#90=(
BOUNDED_CURVE()
B_SPLINE_CURVE(2,(#7799,#7800,#7801),.UNSPECIFIED.,.F.,.F.)
B_SPLINE_CURVE_WITH_KNOTS((3,3),(0.386160585588577,1.13370260311968),
 .UNSPECIFIED.)
CURVE()
GEOMETRIC_REPRESENTATION_ITEM()
RATIONAL_B_SPLINE_CURVE((1.01499927208129,1.02602888755055,1.02355251312935))
REPRESENTATION_ITEM('')
);
#91=(
BOUNDED_CURVE()
B_SPLINE_CURVE(2,(#7805,#7806,#7807),.UNSPECIFIED.,.F.,.F.)
B_SPLINE_CURVE_WITH_KNOTS((3,3),(0.5529094055333,0.627786650200689),
 .UNSPECIFIED.)
CURVE()
GEOMETRIC_REPRESENTATION_ITEM()
RATIONAL_B_SPLINE_CURVE((1.0038836881013,1.00386046121273,1.00375971776729))
REPRESENTATION_ITEM('')
);
#92=(
BOUNDED_CURVE()
B_SPLINE_CURVE(2,(#7809,#7810,#7811),.UNSPECIFIED.,.F.,.F.)
B_SPLINE_CURVE_WITH_KNOTS((3,3),(0.,0.152412986696167),.UNSPECIFIED.)
CURVE()
GEOMETRIC_REPRESENTATION_ITEM()
RATIONAL_B_SPLINE_CURVE((1.,1.0002797882424,1.00020197597992))
REPRESENTATION_ITEM('')
);
#93=(
BOUNDED_CURVE()
B_SPLINE_CURVE(2,(#7821,#7822,#7823),.UNSPECIFIED.,.F.,.F.)
B_SPLINE_CURVE_WITH_KNOTS((3,3),(0.0861175963700969,0.238410557079738),
 .UNSPECIFIED.)
CURVE()
GEOMETRIC_REPRESENTATION_ITEM()
RATIONAL_B_SPLINE_CURVE((1.00020180148426,1.00027933666469,1.))
REPRESENTATION_ITEM('')
);
#94=(
BOUNDED_CURVE()
B_SPLINE_CURVE(2,(#7824,#7825,#7826),.UNSPECIFIED.,.F.,.F.)
B_SPLINE_CURVE_WITH_KNOTS((3,3),(0.433175830198235,0.508128583871592),
 .UNSPECIFIED.)
CURVE()
GEOMETRIC_REPRESENTATION_ITEM()
RATIONAL_B_SPLINE_CURVE((1.00376303252488,1.00386404124697,1.00388734132034))
REPRESENTATION_ITEM('')
);
#95=CONICAL_SURFACE('',#4677,0.0226377952755906,0.785398163397445);
#96=CONICAL_SURFACE('',#4681,0.0226377952755906,0.785398163397444);
#97=CONICAL_SURFACE('',#4693,0.0226377952755905,0.785398163397448);
#98=CONICAL_SURFACE('',#4697,0.0226377952755906,0.785398163397437);
#99=CONICAL_SURFACE('',#4703,0.0226377952755906,0.785398163397434);
#100=CONICAL_SURFACE('',#4707,0.0226377952755906,0.785398163397443);
#101=CONICAL_SURFACE('',#4719,0.0226377952755906,0.785398163397447);
#102=CONICAL_SURFACE('',#4723,0.0226377952755905,0.785398163397456);
#103=CONICAL_SURFACE('',#4729,0.0226377952755905,0.785398163397455);
#104=CONICAL_SURFACE('',#4733,0.0226377952755906,0.785398163397442);
#105=CONICAL_SURFACE('',#4745,0.0226377952755906,0.785398163397451);
#106=CONICAL_SURFACE('',#4749,0.0226377952755906,0.785398163397455);
#107=CONICAL_SURFACE('',#4755,0.0226377952755906,0.785398163397466);
#108=CONICAL_SURFACE('',#4759,0.0226377952755906,0.78539816339745);
#109=CONICAL_SURFACE('',#4771,0.0226377952755906,0.785398163397451);
#110=CONICAL_SURFACE('',#4775,0.0226377952755905,0.78539816339747);
#111=CONICAL_SURFACE('',#4781,0.0226377952755906,0.785398163397455);
#112=CONICAL_SURFACE('',#4785,0.0226377952755905,0.785398163397457);
#113=CONICAL_SURFACE('',#4797,0.0226377952755905,0.78539816339746);
#114=CONICAL_SURFACE('',#4801,0.0226377952755905,0.785398163397464);
#115=CONICAL_SURFACE('',#4807,0.0226377952755906,0.785398163397434);
#116=CONICAL_SURFACE('',#4811,0.0226377952755906,0.785398163397447);
#117=CONICAL_SURFACE('',#4823,0.0226377952755906,0.785398163397443);
#118=CONICAL_SURFACE('',#4827,0.0226377952755906,0.785398163397447);
#119=CONICAL_SURFACE('',#4901,0.119685039370079,0.785398163397448);
#120=CONICAL_SURFACE('',#4905,0.119685039370079,0.785398163397448);
#121=CONICAL_SURFACE('',#4928,1.04035314984324,1.17809724509617);
#122=CONICAL_SURFACE('',#4936,0.119685039370079,0.785398163397449);
#123=CONICAL_SURFACE('',#4939,0.119685039370079,0.78539816339745);
#124=CONICAL_SURFACE('',#4941,1.04035314984324,1.17809724509617);
#125=CONICAL_SURFACE('',#4949,0.119685039370079,0.785398163397448);
#126=CONICAL_SURFACE('',#4952,0.119685039370079,0.785398163397448);
#127=CONICAL_SURFACE('',#4954,1.04035314984324,1.17809724509617);
#128=CONICAL_SURFACE('',#4962,0.119685039370079,0.785398163397448);
#129=CONICAL_SURFACE('',#4965,0.119685039370079,0.785398163397448);
#130=CONICAL_SURFACE('',#4967,1.04035314984324,1.17809724509617);
#131=CONICAL_SURFACE('',#4975,0.119685039370079,0.785398163397448);
#132=CONICAL_SURFACE('',#4978,0.119685039370079,0.785398163397449);
#133=CONICAL_SURFACE('',#4980,1.04035314984324,1.17809724509617);
#134=CONICAL_SURFACE('',#4987,0.119685039370079,0.785398163397449);
#135=CONICAL_SURFACE('',#4990,0.119685039370079,0.785398163397448);
#136=CONICAL_SURFACE('',#4992,1.04035314984324,1.17809724509617);
#137=CONICAL_SURFACE('',#5018,1.04035314984324,1.17809724509617);
#138=CONICAL_SURFACE('',#5020,1.16964247172458,0.785398163397448);
#139=CONICAL_SURFACE('',#5022,1.16964247172458,0.785398163397448);
#140=CONICAL_SURFACE('',#5024,1.16964247172458,0.785398163397448);
#141=CONICAL_SURFACE('',#5025,1.16964247172458,0.785398163397448);
#142=CONICAL_SURFACE('',#5026,1.16964247172458,0.785398163397448);
#143=CONICAL_SURFACE('',#5027,1.16964247172458,0.785398163397448);
#144=CONICAL_SURFACE('',#5028,1.16964247172458,0.785398163397448);
#145=CONICAL_SURFACE('',#5032,0.0226377952755905,0.785398163397459);
#146=CONICAL_SURFACE('',#5036,0.0226377952755905,0.785398163397453);
#147=CONICAL_SURFACE('',#5048,0.0226377952755905,0.785398163397453);
#148=CONICAL_SURFACE('',#5052,0.0226377952755905,0.785398163397459);
#149=CONICAL_SURFACE('',#5067,0.119685039370079,0.785398163397449);
#150=CONICAL_SURFACE('',#5070,0.119685039370079,0.785398163397447);
#151=PLANE('',#4676);
#152=PLANE('',#4680);
#153=PLANE('',#4684);
#154=PLANE('',#4685);
#155=PLANE('',#4688);
#156=PLANE('',#4691);
#157=PLANE('',#4692);
#158=PLANE('',#4696);
#159=PLANE('',#4700);
#160=PLANE('',#4701);
#161=PLANE('',#4702);
#162=PLANE('',#4706);
#163=PLANE('',#4710);
#164=PLANE('',#4711);
#165=PLANE('',#4714);
#166=PLANE('',#4717);
#167=PLANE('',#4718);
#168=PLANE('',#4722);
#169=PLANE('',#4726);
#170=PLANE('',#4727);
#171=PLANE('',#4728);
#172=PLANE('',#4732);
#173=PLANE('',#4736);
#174=PLANE('',#4737);
#175=PLANE('',#4740);
#176=PLANE('',#4743);
#177=PLANE('',#4744);
#178=PLANE('',#4748);
#179=PLANE('',#4752);
#180=PLANE('',#4753);
#181=PLANE('',#4754);
#182=PLANE('',#4758);
#183=PLANE('',#4762);
#184=PLANE('',#4763);
#185=PLANE('',#4766);
#186=PLANE('',#4769);
#187=PLANE('',#4770);
#188=PLANE('',#4774);
#189=PLANE('',#4778);
#190=PLANE('',#4779);
#191=PLANE('',#4780);
#192=PLANE('',#4784);
#193=PLANE('',#4788);
#194=PLANE('',#4789);
#195=PLANE('',#4792);
#196=PLANE('',#4795);
#197=PLANE('',#4796);
#198=PLANE('',#4800);
#199=PLANE('',#4804);
#200=PLANE('',#4805);
#201=PLANE('',#4806);
#202=PLANE('',#4810);
#203=PLANE('',#4814);
#204=PLANE('',#4815);
#205=PLANE('',#4818);
#206=PLANE('',#4821);
#207=PLANE('',#4822);
#208=PLANE('',#4826);
#209=PLANE('',#4830);
#210=PLANE('',#4831);
#211=PLANE('',#4834);
#212=PLANE('',#4835);
#213=PLANE('',#4838);
#214=PLANE('',#4841);
#215=PLANE('',#4842);
#216=PLANE('',#4845);
#217=PLANE('',#4848);
#218=PLANE('',#4849);
#219=PLANE('',#4852);
#220=PLANE('',#4855);
#221=PLANE('',#4856);
#222=PLANE('',#4859);
#223=PLANE('',#4862);
#224=PLANE('',#4863);
#225=PLANE('',#4866);
#226=PLANE('',#4869);
#227=PLANE('',#4870);
#228=PLANE('',#4873);
#229=PLANE('',#4874);
#230=PLANE('',#4875);
#231=PLANE('',#4876);
#232=PLANE('',#4898);
#233=PLANE('',#4904);
#234=PLANE('',#4908);
#235=PLANE('',#4931);
#236=PLANE('',#4932);
#237=PLANE('',#4933);
#238=PLANE('',#4938);
#239=PLANE('',#4944);
#240=PLANE('',#4945);
#241=PLANE('',#4946);
#242=PLANE('',#4951);
#243=PLANE('',#4957);
#244=PLANE('',#4958);
#245=PLANE('',#4959);
#246=PLANE('',#4964);
#247=PLANE('',#4970);
#248=PLANE('',#4971);
#249=PLANE('',#4972);
#250=PLANE('',#4977);
#251=PLANE('',#4983);
#252=PLANE('',#4984);
#253=PLANE('',#4985);
#254=PLANE('',#4986);
#255=PLANE('',#4989);
#256=PLANE('',#4995);
#257=PLANE('',#4997);
#258=PLANE('',#4998);
#259=PLANE('',#5000);
#260=PLANE('',#5001);
#261=PLANE('',#5003);
#262=PLANE('',#5004);
#263=PLANE('',#5006);
#264=PLANE('',#5007);
#265=PLANE('',#5009);
#266=PLANE('',#5011);
#267=PLANE('',#5012);
#268=PLANE('',#5013);
#269=PLANE('',#5014);
#270=PLANE('',#5015);
#271=PLANE('',#5016);
#272=PLANE('',#5017);
#273=PLANE('',#5031);
#274=PLANE('',#5035);
#275=PLANE('',#5039);
#276=PLANE('',#5040);
#277=PLANE('',#5043);
#278=PLANE('',#5046);
#279=PLANE('',#5047);
#280=PLANE('',#5051);
#281=PLANE('',#5055);
#282=PLANE('',#5056);
#283=PLANE('',#5059);
#284=PLANE('',#5060);
#285=PLANE('',#5063);
#286=PLANE('',#5064);
#287=PLANE('',#5065);
#288=PLANE('',#5066);
#289=PLANE('',#5069);
#290=PLANE('',#5073);
#291=PLANE('',#5075);
#292=PLANE('',#5076);
#293=FACE_OUTER_BOUND('',#545,.T.);
#294=FACE_OUTER_BOUND('',#546,.T.);
#295=FACE_OUTER_BOUND('',#547,.T.);
#296=FACE_OUTER_BOUND('',#548,.T.);
#297=FACE_OUTER_BOUND('',#549,.T.);
#298=FACE_OUTER_BOUND('',#550,.T.);
#299=FACE_OUTER_BOUND('',#551,.T.);
#300=FACE_OUTER_BOUND('',#552,.T.);
#301=FACE_OUTER_BOUND('',#553,.T.);
#302=FACE_OUTER_BOUND('',#554,.T.);
#303=FACE_OUTER_BOUND('',#555,.T.);
#304=FACE_OUTER_BOUND('',#556,.T.);
#305=FACE_OUTER_BOUND('',#557,.T.);
#306=FACE_OUTER_BOUND('',#558,.T.);
#307=FACE_OUTER_BOUND('',#559,.T.);
#308=FACE_OUTER_BOUND('',#560,.T.);
#309=FACE_OUTER_BOUND('',#561,.T.);
#310=FACE_OUTER_BOUND('',#562,.T.);
#311=FACE_OUTER_BOUND('',#563,.T.);
#312=FACE_OUTER_BOUND('',#564,.T.);
#313=FACE_OUTER_BOUND('',#565,.T.);
#314=FACE_OUTER_BOUND('',#566,.T.);
#315=FACE_OUTER_BOUND('',#567,.T.);
#316=FACE_OUTER_BOUND('',#568,.T.);
#317=FACE_OUTER_BOUND('',#569,.T.);
#318=FACE_OUTER_BOUND('',#570,.T.);
#319=FACE_OUTER_BOUND('',#571,.T.);
#320=FACE_OUTER_BOUND('',#572,.T.);
#321=FACE_OUTER_BOUND('',#573,.T.);
#322=FACE_OUTER_BOUND('',#574,.T.);
#323=FACE_OUTER_BOUND('',#575,.T.);
#324=FACE_OUTER_BOUND('',#576,.T.);
#325=FACE_OUTER_BOUND('',#577,.T.);
#326=FACE_OUTER_BOUND('',#578,.T.);
#327=FACE_OUTER_BOUND('',#579,.T.);
#328=FACE_OUTER_BOUND('',#580,.T.);
#329=FACE_OUTER_BOUND('',#581,.T.);
#330=FACE_OUTER_BOUND('',#582,.T.);
#331=FACE_OUTER_BOUND('',#583,.T.);
#332=FACE_OUTER_BOUND('',#584,.T.);
#333=FACE_OUTER_BOUND('',#585,.T.);
#334=FACE_OUTER_BOUND('',#586,.T.);
#335=FACE_OUTER_BOUND('',#587,.T.);
#336=FACE_OUTER_BOUND('',#588,.T.);
#337=FACE_OUTER_BOUND('',#589,.T.);
#338=FACE_OUTER_BOUND('',#590,.T.);
#339=FACE_OUTER_BOUND('',#591,.T.);
#340=FACE_OUTER_BOUND('',#592,.T.);
#341=FACE_OUTER_BOUND('',#593,.T.);
#342=FACE_OUTER_BOUND('',#594,.T.);
#343=FACE_OUTER_BOUND('',#595,.T.);
#344=FACE_OUTER_BOUND('',#596,.T.);
#345=FACE_OUTER_BOUND('',#597,.T.);
#346=FACE_OUTER_BOUND('',#598,.T.);
#347=FACE_OUTER_BOUND('',#599,.T.);
#348=FACE_OUTER_BOUND('',#600,.T.);
#349=FACE_OUTER_BOUND('',#601,.T.);
#350=FACE_OUTER_BOUND('',#602,.T.);
#351=FACE_OUTER_BOUND('',#603,.T.);
#352=FACE_OUTER_BOUND('',#604,.T.);
#353=FACE_OUTER_BOUND('',#605,.T.);
#354=FACE_OUTER_BOUND('',#606,.T.);
#355=FACE_OUTER_BOUND('',#607,.T.);
#356=FACE_OUTER_BOUND('',#608,.T.);
#357=FACE_OUTER_BOUND('',#609,.T.);
#358=FACE_OUTER_BOUND('',#610,.T.);
#359=FACE_OUTER_BOUND('',#611,.T.);
#360=FACE_OUTER_BOUND('',#612,.T.);
#361=FACE_OUTER_BOUND('',#613,.T.);
#362=FACE_OUTER_BOUND('',#614,.T.);
#363=FACE_OUTER_BOUND('',#615,.T.);
#364=FACE_OUTER_BOUND('',#616,.T.);
#365=FACE_OUTER_BOUND('',#617,.T.);
#366=FACE_OUTER_BOUND('',#618,.T.);
#367=FACE_OUTER_BOUND('',#619,.T.);
#368=FACE_OUTER_BOUND('',#620,.T.);
#369=FACE_OUTER_BOUND('',#621,.T.);
#370=FACE_OUTER_BOUND('',#622,.T.);
#371=FACE_OUTER_BOUND('',#623,.T.);
#372=FACE_OUTER_BOUND('',#624,.T.);
#373=FACE_OUTER_BOUND('',#625,.T.);
#374=FACE_OUTER_BOUND('',#626,.T.);
#375=FACE_OUTER_BOUND('',#627,.T.);
#376=FACE_OUTER_BOUND('',#628,.T.);
#377=FACE_OUTER_BOUND('',#629,.T.);
#378=FACE_OUTER_BOUND('',#630,.T.);
#379=FACE_OUTER_BOUND('',#631,.T.);
#380=FACE_OUTER_BOUND('',#632,.T.);
#381=FACE_OUTER_BOUND('',#633,.T.);
#382=FACE_OUTER_BOUND('',#634,.T.);
#383=FACE_OUTER_BOUND('',#635,.T.);
#384=FACE_OUTER_BOUND('',#636,.T.);
#385=FACE_OUTER_BOUND('',#637,.T.);
#386=FACE_OUTER_BOUND('',#638,.T.);
#387=FACE_OUTER_BOUND('',#639,.T.);
#388=FACE_OUTER_BOUND('',#640,.T.);
#389=FACE_OUTER_BOUND('',#641,.T.);
#390=FACE_OUTER_BOUND('',#642,.T.);
#391=FACE_OUTER_BOUND('',#643,.T.);
#392=FACE_OUTER_BOUND('',#644,.T.);
#393=FACE_OUTER_BOUND('',#645,.T.);
#394=FACE_OUTER_BOUND('',#646,.T.);
#395=FACE_OUTER_BOUND('',#647,.T.);
#396=FACE_OUTER_BOUND('',#648,.T.);
#397=FACE_OUTER_BOUND('',#649,.T.);
#398=FACE_OUTER_BOUND('',#650,.T.);
#399=FACE_OUTER_BOUND('',#651,.T.);
#400=FACE_OUTER_BOUND('',#652,.T.);
#401=FACE_OUTER_BOUND('',#653,.T.);
#402=FACE_OUTER_BOUND('',#654,.T.);
#403=FACE_OUTER_BOUND('',#655,.T.);
#404=FACE_OUTER_BOUND('',#656,.T.);
#405=FACE_OUTER_BOUND('',#657,.T.);
#406=FACE_OUTER_BOUND('',#658,.T.);
#407=FACE_OUTER_BOUND('',#659,.T.);
#408=FACE_OUTER_BOUND('',#660,.T.);
#409=FACE_OUTER_BOUND('',#661,.T.);
#410=FACE_OUTER_BOUND('',#662,.T.);
#411=FACE_OUTER_BOUND('',#663,.T.);
#412=FACE_OUTER_BOUND('',#664,.T.);
#413=FACE_OUTER_BOUND('',#665,.T.);
#414=FACE_OUTER_BOUND('',#666,.T.);
#415=FACE_OUTER_BOUND('',#667,.T.);
#416=FACE_OUTER_BOUND('',#668,.T.);
#417=FACE_OUTER_BOUND('',#669,.T.);
#418=FACE_OUTER_BOUND('',#670,.T.);
#419=FACE_OUTER_BOUND('',#671,.T.);
#420=FACE_OUTER_BOUND('',#672,.T.);
#421=FACE_OUTER_BOUND('',#673,.T.);
#422=FACE_OUTER_BOUND('',#674,.T.);
#423=FACE_OUTER_BOUND('',#675,.T.);
#424=FACE_OUTER_BOUND('',#676,.T.);
#425=FACE_OUTER_BOUND('',#677,.T.);
#426=FACE_OUTER_BOUND('',#678,.T.);
#427=FACE_OUTER_BOUND('',#684,.T.);
#428=FACE_OUTER_BOUND('',#685,.T.);
#429=FACE_OUTER_BOUND('',#686,.T.);
#430=FACE_OUTER_BOUND('',#687,.T.);
#431=FACE_OUTER_BOUND('',#688,.T.);
#432=FACE_OUTER_BOUND('',#689,.T.);
#433=FACE_OUTER_BOUND('',#695,.T.);
#434=FACE_OUTER_BOUND('',#696,.T.);
#435=FACE_OUTER_BOUND('',#697,.T.);
#436=FACE_OUTER_BOUND('',#698,.T.);
#437=FACE_OUTER_BOUND('',#699,.T.);
#438=FACE_OUTER_BOUND('',#700,.T.);
#439=FACE_OUTER_BOUND('',#701,.T.);
#440=FACE_OUTER_BOUND('',#702,.T.);
#441=FACE_OUTER_BOUND('',#703,.T.);
#442=FACE_OUTER_BOUND('',#704,.T.);
#443=FACE_OUTER_BOUND('',#705,.T.);
#444=FACE_OUTER_BOUND('',#706,.T.);
#445=FACE_OUTER_BOUND('',#707,.T.);
#446=FACE_OUTER_BOUND('',#708,.T.);
#447=FACE_OUTER_BOUND('',#709,.T.);
#448=FACE_OUTER_BOUND('',#710,.T.);
#449=FACE_OUTER_BOUND('',#711,.T.);
#450=FACE_OUTER_BOUND('',#712,.T.);
#451=FACE_OUTER_BOUND('',#713,.T.);
#452=FACE_OUTER_BOUND('',#714,.T.);
#453=FACE_OUTER_BOUND('',#715,.T.);
#454=FACE_OUTER_BOUND('',#716,.T.);
#455=FACE_OUTER_BOUND('',#717,.T.);
#456=FACE_OUTER_BOUND('',#718,.T.);
#457=FACE_OUTER_BOUND('',#719,.T.);
#458=FACE_OUTER_BOUND('',#720,.T.);
#459=FACE_OUTER_BOUND('',#721,.T.);
#460=FACE_OUTER_BOUND('',#722,.T.);
#461=FACE_OUTER_BOUND('',#723,.T.);
#462=FACE_OUTER_BOUND('',#724,.T.);
#463=FACE_OUTER_BOUND('',#725,.T.);
#464=FACE_OUTER_BOUND('',#726,.T.);
#465=FACE_OUTER_BOUND('',#727,.T.);
#466=FACE_OUTER_BOUND('',#728,.T.);
#467=FACE_OUTER_BOUND('',#729,.T.);
#468=FACE_OUTER_BOUND('',#730,.T.);
#469=FACE_OUTER_BOUND('',#731,.T.);
#470=FACE_OUTER_BOUND('',#732,.T.);
#471=FACE_OUTER_BOUND('',#733,.T.);
#472=FACE_OUTER_BOUND('',#734,.T.);
#473=FACE_OUTER_BOUND('',#735,.T.);
#474=FACE_OUTER_BOUND('',#736,.T.);
#475=FACE_OUTER_BOUND('',#737,.T.);
#476=FACE_OUTER_BOUND('',#738,.T.);
#477=FACE_OUTER_BOUND('',#739,.T.);
#478=FACE_OUTER_BOUND('',#740,.T.);
#479=FACE_OUTER_BOUND('',#741,.T.);
#480=FACE_OUTER_BOUND('',#742,.T.);
#481=FACE_OUTER_BOUND('',#743,.T.);
#482=FACE_OUTER_BOUND('',#744,.T.);
#483=FACE_OUTER_BOUND('',#745,.T.);
#484=FACE_OUTER_BOUND('',#746,.T.);
#485=FACE_OUTER_BOUND('',#747,.T.);
#486=FACE_OUTER_BOUND('',#748,.T.);
#487=FACE_OUTER_BOUND('',#749,.T.);
#488=FACE_OUTER_BOUND('',#750,.T.);
#489=FACE_OUTER_BOUND('',#751,.T.);
#490=FACE_OUTER_BOUND('',#752,.T.);
#491=FACE_OUTER_BOUND('',#753,.T.);
#492=FACE_OUTER_BOUND('',#754,.T.);
#493=FACE_OUTER_BOUND('',#755,.T.);
#494=FACE_OUTER_BOUND('',#756,.T.);
#495=FACE_OUTER_BOUND('',#757,.T.);
#496=FACE_OUTER_BOUND('',#758,.T.);
#497=FACE_OUTER_BOUND('',#759,.T.);
#498=FACE_OUTER_BOUND('',#760,.T.);
#499=FACE_OUTER_BOUND('',#761,.T.);
#500=FACE_OUTER_BOUND('',#762,.T.);
#501=FACE_OUTER_BOUND('',#763,.T.);
#502=FACE_OUTER_BOUND('',#764,.T.);
#503=FACE_OUTER_BOUND('',#765,.T.);
#504=FACE_OUTER_BOUND('',#766,.T.);
#505=FACE_OUTER_BOUND('',#767,.T.);
#506=FACE_OUTER_BOUND('',#768,.T.);
#507=FACE_OUTER_BOUND('',#769,.T.);
#508=FACE_OUTER_BOUND('',#770,.T.);
#509=FACE_OUTER_BOUND('',#771,.T.);
#510=FACE_OUTER_BOUND('',#772,.T.);
#511=FACE_OUTER_BOUND('',#773,.T.);
#512=FACE_OUTER_BOUND('',#774,.T.);
#513=FACE_OUTER_BOUND('',#775,.T.);
#514=FACE_OUTER_BOUND('',#776,.T.);
#515=FACE_OUTER_BOUND('',#777,.T.);
#516=FACE_OUTER_BOUND('',#778,.T.);
#517=FACE_OUTER_BOUND('',#779,.T.);
#518=FACE_OUTER_BOUND('',#780,.T.);
#519=FACE_OUTER_BOUND('',#781,.T.);
#520=FACE_OUTER_BOUND('',#782,.T.);
#521=FACE_OUTER_BOUND('',#783,.T.);
#522=FACE_OUTER_BOUND('',#784,.T.);
#523=FACE_OUTER_BOUND('',#785,.T.);
#524=FACE_OUTER_BOUND('',#786,.T.);
#525=FACE_OUTER_BOUND('',#787,.T.);
#526=FACE_OUTER_BOUND('',#788,.T.);
#527=FACE_OUTER_BOUND('',#789,.T.);
#528=FACE_OUTER_BOUND('',#790,.T.);
#529=FACE_OUTER_BOUND('',#791,.T.);
#530=FACE_OUTER_BOUND('',#792,.T.);
#531=FACE_OUTER_BOUND('',#793,.T.);
#532=FACE_OUTER_BOUND('',#794,.T.);
#533=FACE_OUTER_BOUND('',#795,.T.);
#534=FACE_OUTER_BOUND('',#796,.T.);
#535=FACE_OUTER_BOUND('',#797,.T.);
#536=FACE_OUTER_BOUND('',#798,.T.);
#537=FACE_OUTER_BOUND('',#799,.T.);
#538=FACE_OUTER_BOUND('',#800,.T.);
#539=FACE_OUTER_BOUND('',#801,.T.);
#540=FACE_OUTER_BOUND('',#802,.T.);
#541=FACE_OUTER_BOUND('',#803,.T.);
#542=FACE_OUTER_BOUND('',#804,.T.);
#543=FACE_OUTER_BOUND('',#805,.T.);
#544=FACE_OUTER_BOUND('',#806,.T.);
#545=EDGE_LOOP('',(#2973,#2974,#2975,#2976));
#546=EDGE_LOOP('',(#2977,#2978,#2979,#2980));
#547=EDGE_LOOP('',(#2981,#2982,#2983,#2984));
#548=EDGE_LOOP('',(#2985,#2986,#2987,#2988));
#549=EDGE_LOOP('',(#2989,#2990,#2991,#2992));
#550=EDGE_LOOP('',(#2993,#2994,#2995,#2996));
#551=EDGE_LOOP('',(#2997,#2998,#2999,#3000));
#552=EDGE_LOOP('',(#3001,#3002,#3003,#3004));
#553=EDGE_LOOP('',(#3005,#3006,#3007,#3008));
#554=EDGE_LOOP('',(#3009,#3010,#3011,#3012));
#555=EDGE_LOOP('',(#3013,#3014,#3015,#3016));
#556=EDGE_LOOP('',(#3017,#3018,#3019,#3020));
#557=EDGE_LOOP('',(#3021,#3022,#3023,#3024));
#558=EDGE_LOOP('',(#3025,#3026,#3027,#3028));
#559=EDGE_LOOP('',(#3029,#3030,#3031,#3032));
#560=EDGE_LOOP('',(#3033,#3034,#3035,#3036));
#561=EDGE_LOOP('',(#3037,#3038,#3039,#3040));
#562=EDGE_LOOP('',(#3041,#3042,#3043,#3044));
#563=EDGE_LOOP('',(#3045,#3046,#3047,#3048));
#564=EDGE_LOOP('',(#3049,#3050,#3051,#3052));
#565=EDGE_LOOP('',(#3053,#3054,#3055,#3056,#3057,#3058));
#566=EDGE_LOOP('',(#3059,#3060,#3061,#3062));
#567=EDGE_LOOP('',(#3063,#3064,#3065,#3066));
#568=EDGE_LOOP('',(#3067,#3068,#3069,#3070));
#569=EDGE_LOOP('',(#3071,#3072,#3073,#3074));
#570=EDGE_LOOP('',(#3075,#3076,#3077,#3078));
#571=EDGE_LOOP('',(#3079,#3080,#3081,#3082));
#572=EDGE_LOOP('',(#3083,#3084,#3085,#3086));
#573=EDGE_LOOP('',(#3087,#3088,#3089,#3090));
#574=EDGE_LOOP('',(#3091,#3092,#3093,#3094));
#575=EDGE_LOOP('',(#3095,#3096,#3097,#3098));
#576=EDGE_LOOP('',(#3099,#3100,#3101,#3102));
#577=EDGE_LOOP('',(#3103,#3104,#3105,#3106));
#578=EDGE_LOOP('',(#3107,#3108,#3109,#3110));
#579=EDGE_LOOP('',(#3111,#3112,#3113,#3114));
#580=EDGE_LOOP('',(#3115,#3116,#3117,#3118));
#581=EDGE_LOOP('',(#3119,#3120,#3121,#3122,#3123,#3124));
#582=EDGE_LOOP('',(#3125,#3126,#3127,#3128));
#583=EDGE_LOOP('',(#3129,#3130,#3131,#3132));
#584=EDGE_LOOP('',(#3133,#3134,#3135,#3136));
#585=EDGE_LOOP('',(#3137,#3138,#3139,#3140));
#586=EDGE_LOOP('',(#3141,#3142,#3143,#3144));
#587=EDGE_LOOP('',(#3145,#3146,#3147,#3148));
#588=EDGE_LOOP('',(#3149,#3150,#3151,#3152));
#589=EDGE_LOOP('',(#3153,#3154,#3155,#3156));
#590=EDGE_LOOP('',(#3157,#3158,#3159,#3160));
#591=EDGE_LOOP('',(#3161,#3162,#3163,#3164));
#592=EDGE_LOOP('',(#3165,#3166,#3167,#3168));
#593=EDGE_LOOP('',(#3169,#3170,#3171,#3172));
#594=EDGE_LOOP('',(#3173,#3174,#3175,#3176));
#595=EDGE_LOOP('',(#3177,#3178,#3179,#3180));
#596=EDGE_LOOP('',(#3181,#3182,#3183,#3184));
#597=EDGE_LOOP('',(#3185,#3186,#3187,#3188,#3189,#3190));
#598=EDGE_LOOP('',(#3191,#3192,#3193,#3194));
#599=EDGE_LOOP('',(#3195,#3196,#3197,#3198));
#600=EDGE_LOOP('',(#3199,#3200,#3201,#3202));
#601=EDGE_LOOP('',(#3203,#3204,#3205,#3206));
#602=EDGE_LOOP('',(#3207,#3208,#3209,#3210));
#603=EDGE_LOOP('',(#3211,#3212,#3213,#3214));
#604=EDGE_LOOP('',(#3215,#3216,#3217,#3218));
#605=EDGE_LOOP('',(#3219,#3220,#3221,#3222));
#606=EDGE_LOOP('',(#3223,#3224,#3225,#3226));
#607=EDGE_LOOP('',(#3227,#3228,#3229,#3230));
#608=EDGE_LOOP('',(#3231,#3232,#3233,#3234));
#609=EDGE_LOOP('',(#3235,#3236,#3237,#3238));
#610=EDGE_LOOP('',(#3239,#3240,#3241,#3242));
#611=EDGE_LOOP('',(#3243,#3244,#3245,#3246));
#612=EDGE_LOOP('',(#3247,#3248,#3249,#3250));
#613=EDGE_LOOP('',(#3251,#3252,#3253,#3254,#3255,#3256));
#614=EDGE_LOOP('',(#3257,#3258,#3259,#3260));
#615=EDGE_LOOP('',(#3261,#3262,#3263,#3264));
#616=EDGE_LOOP('',(#3265,#3266,#3267,#3268));
#617=EDGE_LOOP('',(#3269,#3270,#3271,#3272));
#618=EDGE_LOOP('',(#3273,#3274,#3275,#3276));
#619=EDGE_LOOP('',(#3277,#3278,#3279,#3280));
#620=EDGE_LOOP('',(#3281,#3282,#3283,#3284));
#621=EDGE_LOOP('',(#3285,#3286,#3287,#3288));
#622=EDGE_LOOP('',(#3289,#3290,#3291,#3292));
#623=EDGE_LOOP('',(#3293,#3294,#3295,#3296));
#624=EDGE_LOOP('',(#3297,#3298,#3299,#3300));
#625=EDGE_LOOP('',(#3301,#3302,#3303,#3304));
#626=EDGE_LOOP('',(#3305,#3306,#3307,#3308));
#627=EDGE_LOOP('',(#3309,#3310,#3311,#3312));
#628=EDGE_LOOP('',(#3313,#3314,#3315,#3316));
#629=EDGE_LOOP('',(#3317,#3318,#3319,#3320,#3321,#3322));
#630=EDGE_LOOP('',(#3323,#3324,#3325,#3326));
#631=EDGE_LOOP('',(#3327,#3328,#3329,#3330));
#632=EDGE_LOOP('',(#3331,#3332,#3333,#3334));
#633=EDGE_LOOP('',(#3335,#3336,#3337,#3338));
#634=EDGE_LOOP('',(#3339,#3340,#3341,#3342));
#635=EDGE_LOOP('',(#3343,#3344,#3345,#3346));
#636=EDGE_LOOP('',(#3347,#3348,#3349,#3350));
#637=EDGE_LOOP('',(#3351,#3352,#3353,#3354));
#638=EDGE_LOOP('',(#3355,#3356,#3357,#3358));
#639=EDGE_LOOP('',(#3359,#3360,#3361,#3362));
#640=EDGE_LOOP('',(#3363,#3364,#3365,#3366));
#641=EDGE_LOOP('',(#3367,#3368,#3369,#3370));
#642=EDGE_LOOP('',(#3371,#3372,#3373,#3374));
#643=EDGE_LOOP('',(#3375,#3376,#3377,#3378));
#644=EDGE_LOOP('',(#3379,#3380,#3381,#3382));
#645=EDGE_LOOP('',(#3383,#3384,#3385,#3386,#3387,#3388));
#646=EDGE_LOOP('',(#3389,#3390,#3391,#3392));
#647=EDGE_LOOP('',(#3393,#3394,#3395,#3396));
#648=EDGE_LOOP('',(#3397,#3398,#3399,#3400,#3401,#3402));
#649=EDGE_LOOP('',(#3403,#3404,#3405,#3406));
#650=EDGE_LOOP('',(#3407,#3408,#3409,#3410));
#651=EDGE_LOOP('',(#3411,#3412,#3413,#3414));
#652=EDGE_LOOP('',(#3415,#3416,#3417,#3418));
#653=EDGE_LOOP('',(#3419,#3420,#3421,#3422,#3423,#3424));
#654=EDGE_LOOP('',(#3425,#3426,#3427,#3428));
#655=EDGE_LOOP('',(#3429,#3430,#3431,#3432));
#656=EDGE_LOOP('',(#3433,#3434,#3435,#3436));
#657=EDGE_LOOP('',(#3437,#3438,#3439,#3440));
#658=EDGE_LOOP('',(#3441,#3442,#3443,#3444,#3445,#3446));
#659=EDGE_LOOP('',(#3447,#3448,#3449,#3450));
#660=EDGE_LOOP('',(#3451,#3452,#3453,#3454));
#661=EDGE_LOOP('',(#3455,#3456,#3457,#3458));
#662=EDGE_LOOP('',(#3459,#3460,#3461,#3462));
#663=EDGE_LOOP('',(#3463,#3464,#3465,#3466,#3467,#3468));
#664=EDGE_LOOP('',(#3469,#3470,#3471,#3472));
#665=EDGE_LOOP('',(#3473,#3474,#3475,#3476));
#666=EDGE_LOOP('',(#3477,#3478,#3479,#3480));
#667=EDGE_LOOP('',(#3481,#3482,#3483,#3484));
#668=EDGE_LOOP('',(#3485,#3486,#3487,#3488,#3489,#3490));
#669=EDGE_LOOP('',(#3491,#3492,#3493,#3494));
#670=EDGE_LOOP('',(#3495,#3496,#3497,#3498));
#671=EDGE_LOOP('',(#3499,#3500,#3501,#3502));
#672=EDGE_LOOP('',(#3503,#3504,#3505,#3506));
#673=EDGE_LOOP('',(#3507,#3508,#3509,#3510,#3511,#3512));
#674=EDGE_LOOP('',(#3513,#3514,#3515,#3516));
#675=EDGE_LOOP('',(#3517,#3518,#3519,#3520));
#676=EDGE_LOOP('',(#3521,#3522,#3523,#3524));
#677=EDGE_LOOP('',(#3525,#3526,#3527,#3528,#3529,#3530,#3531,#3532,#3533,
#3534,#3535));
#678=EDGE_LOOP('',(#3536,#3537,#3538,#3539,#3540,#3541,#3542,#3543,#3544,
#3545,#3546,#3547,#3548,#3549,#3550,#3551,#3552,#3553,#3554,#3555,#3556,
#3557,#3558,#3559,#3560,#3561,#3562,#3563,#3564,#3565,#3566,#3567,#3568,
#3569,#3570,#3571,#3572,#3573,#3574,#3575,#3576,#3577,#3578,#3579,#3580,
#3581,#3582,#3583,#3584,#3585,#3586,#3587,#3588,#3589,#3590,#3591,#3592,
#3593,#3594,#3595,#3596,#3597,#3598,#3599,#3600,#3601,#3602,#3603,#3604,
#3605,#3606,#3607,#3608,#3609,#3610,#3611,#3612,#3613,#3614,#3615,#3616,
#3617,#3618,#3619,#3620,#3621,#3622,#3623,#3624,#3625,#3626,#3627,#3628,
#3629,#3630,#3631,#3632,#3633,#3634,#3635,#3636,#3637,#3638,#3639,#3640,
#3641,#3642,#3643,#3644,#3645,#3646,#3647,#3648,#3649,#3650,#3651,#3652,
#3653,#3654,#3655,#3656,#3657,#3658,#3659,#3660,#3661,#3662,#3663,#3664,
#3665,#3666,#3667,#3668,#3669,#3670,#3671,#3672,#3673,#3674,#3675));
#679=EDGE_LOOP('',(#3676));
#680=EDGE_LOOP('',(#3677));
#681=EDGE_LOOP('',(#3678));
#682=EDGE_LOOP('',(#3679));
#683=EDGE_LOOP('',(#3680));
#684=EDGE_LOOP('',(#3681,#3682,#3683,#3684));
#685=EDGE_LOOP('',(#3685,#3686,#3687,#3688));
#686=EDGE_LOOP('',(#3689,#3690,#3691,#3692));
#687=EDGE_LOOP('',(#3693,#3694,#3695,#3696));
#688=EDGE_LOOP('',(#3697,#3698,#3699,#3700));
#689=EDGE_LOOP('',(#3701,#3702,#3703,#3704,#3705,#3706,#3707,#3708,#3709,
#3710,#3711,#3712,#3713,#3714,#3715,#3716,#3717,#3718,#3719,#3720,#3721,
#3722,#3723,#3724,#3725,#3726,#3727,#3728));
#690=EDGE_LOOP('',(#3729));
#691=EDGE_LOOP('',(#3730));
#692=EDGE_LOOP('',(#3731));
#693=EDGE_LOOP('',(#3732));
#694=EDGE_LOOP('',(#3733));
#695=EDGE_LOOP('',(#3734,#3735,#3736,#3737,#3738,#3739,#3740,#3741));
#696=EDGE_LOOP('',(#3742,#3743,#3744,#3745,#3746));
#697=EDGE_LOOP('',(#3747,#3748,#3749,#3750));
#698=EDGE_LOOP('',(#3751,#3752,#3753,#3754,#3755,#3756,#3757,#3758,#3759,
#3760,#3761));
#699=EDGE_LOOP('',(#3762,#3763,#3764,#3765));
#700=EDGE_LOOP('',(#3766,#3767,#3768,#3769));
#701=EDGE_LOOP('',(#3770,#3771,#3772,#3773));
#702=EDGE_LOOP('',(#3774,#3775,#3776,#3777));
#703=EDGE_LOOP('',(#3778,#3779,#3780,#3781));
#704=EDGE_LOOP('',(#3782,#3783,#3784,#3785,#3786,#3787,#3788,#3789));
#705=EDGE_LOOP('',(#3790,#3791,#3792,#3793,#3794));
#706=EDGE_LOOP('',(#3795,#3796,#3797,#3798));
#707=EDGE_LOOP('',(#3799,#3800,#3801,#3802,#3803,#3804,#3805,#3806,#3807,
#3808,#3809));
#708=EDGE_LOOP('',(#3810,#3811,#3812,#3813));
#709=EDGE_LOOP('',(#3814,#3815,#3816,#3817));
#710=EDGE_LOOP('',(#3818,#3819,#3820,#3821));
#711=EDGE_LOOP('',(#3822,#3823,#3824,#3825));
#712=EDGE_LOOP('',(#3826,#3827,#3828,#3829));
#713=EDGE_LOOP('',(#3830,#3831,#3832,#3833,#3834,#3835,#3836,#3837));
#714=EDGE_LOOP('',(#3838,#3839,#3840,#3841,#3842));
#715=EDGE_LOOP('',(#3843,#3844,#3845,#3846));
#716=EDGE_LOOP('',(#3847,#3848,#3849,#3850,#3851,#3852,#3853,#3854,#3855,
#3856,#3857));
#717=EDGE_LOOP('',(#3858,#3859,#3860,#3861));
#718=EDGE_LOOP('',(#3862,#3863,#3864,#3865));
#719=EDGE_LOOP('',(#3866,#3867,#3868,#3869));
#720=EDGE_LOOP('',(#3870,#3871,#3872,#3873));
#721=EDGE_LOOP('',(#3874,#3875,#3876,#3877));
#722=EDGE_LOOP('',(#3878,#3879,#3880,#3881,#3882,#3883,#3884,#3885));
#723=EDGE_LOOP('',(#3886,#3887,#3888,#3889,#3890));
#724=EDGE_LOOP('',(#3891,#3892,#3893,#3894));
#725=EDGE_LOOP('',(#3895,#3896,#3897,#3898,#3899,#3900,#3901,#3902,#3903,
#3904,#3905));
#726=EDGE_LOOP('',(#3906,#3907,#3908,#3909));
#727=EDGE_LOOP('',(#3910,#3911,#3912,#3913));
#728=EDGE_LOOP('',(#3914,#3915,#3916,#3917));
#729=EDGE_LOOP('',(#3918,#3919,#3920,#3921));
#730=EDGE_LOOP('',(#3922,#3923,#3924,#3925));
#731=EDGE_LOOP('',(#3926,#3927,#3928,#3929,#3930,#3931,#3932,#3933));
#732=EDGE_LOOP('',(#3934,#3935,#3936,#3937,#3938));
#733=EDGE_LOOP('',(#3939,#3940,#3941,#3942));
#734=EDGE_LOOP('',(#3943,#3944,#3945,#3946,#3947,#3948,#3949,#3950,#3951,
#3952,#3953));
#735=EDGE_LOOP('',(#3954,#3955,#3956,#3957));
#736=EDGE_LOOP('',(#3958,#3959,#3960,#3961,#3962,#3963,#3964,#3965,#3966,
#3967,#3968));
#737=EDGE_LOOP('',(#3969,#3970,#3971,#3972));
#738=EDGE_LOOP('',(#3973,#3974,#3975,#3976));
#739=EDGE_LOOP('',(#3977,#3978,#3979,#3980));
#740=EDGE_LOOP('',(#3981,#3982,#3983,#3984,#3985,#3986,#3987,#3988));
#741=EDGE_LOOP('',(#3989,#3990,#3991,#3992,#3993));
#742=EDGE_LOOP('',(#3994,#3995,#3996,#3997,#3998,#3999,#4000,#4001,#4002,
#4003,#4004));
#743=EDGE_LOOP('',(#4005,#4006,#4007,#4008,#4009));
#744=EDGE_LOOP('',(#4010,#4011,#4012,#4013));
#745=EDGE_LOOP('',(#4014,#4015,#4016,#4017,#4018,#4019,#4020,#4021,#4022,
#4023,#4024));
#746=EDGE_LOOP('',(#4025,#4026,#4027,#4028,#4029));
#747=EDGE_LOOP('',(#4030,#4031,#4032,#4033));
#748=EDGE_LOOP('',(#4034,#4035,#4036,#4037,#4038,#4039,#4040,#4041,#4042,
#4043,#4044));
#749=EDGE_LOOP('',(#4045,#4046,#4047,#4048,#4049));
#750=EDGE_LOOP('',(#4050,#4051,#4052,#4053));
#751=EDGE_LOOP('',(#4054,#4055,#4056,#4057,#4058,#4059,#4060,#4061,#4062,
#4063,#4064));
#752=EDGE_LOOP('',(#4065,#4066,#4067,#4068,#4069));
#753=EDGE_LOOP('',(#4070,#4071,#4072,#4073));
#754=EDGE_LOOP('',(#4074,#4075,#4076,#4077,#4078,#4079,#4080,#4081,#4082,
#4083,#4084));
#755=EDGE_LOOP('',(#4085,#4086,#4087,#4088,#4089));
#756=EDGE_LOOP('',(#4090,#4091,#4092,#4093));
#757=EDGE_LOOP('',(#4094,#4095,#4096,#4097,#4098));
#758=EDGE_LOOP('',(#4099,#4100,#4101,#4102));
#759=EDGE_LOOP('',(#4103,#4104,#4105,#4106));
#760=EDGE_LOOP('',(#4107,#4108,#4109,#4110));
#761=EDGE_LOOP('',(#4111,#4112,#4113,#4114));
#762=EDGE_LOOP('',(#4115,#4116,#4117,#4118));
#763=EDGE_LOOP('',(#4119,#4120,#4121,#4122));
#764=EDGE_LOOP('',(#4123,#4124,#4125,#4126));
#765=EDGE_LOOP('',(#4127,#4128,#4129,#4130,#4131,#4132,#4133,#4134));
#766=EDGE_LOOP('',(#4135,#4136,#4137,#4138,#4139,#4140));
#767=EDGE_LOOP('',(#4141,#4142,#4143,#4144,#4145,#4146));
#768=EDGE_LOOP('',(#4147,#4148,#4149,#4150,#4151,#4152));
#769=EDGE_LOOP('',(#4153,#4154,#4155,#4156,#4157,#4158));
#770=EDGE_LOOP('',(#4159,#4160,#4161,#4162,#4163,#4164));
#771=EDGE_LOOP('',(#4165,#4166,#4167,#4168,#4169,#4170));
#772=EDGE_LOOP('',(#4171,#4172,#4173,#4174,#4175,#4176));
#773=EDGE_LOOP('',(#4177,#4178,#4179,#4180));
#774=EDGE_LOOP('',(#4181,#4182,#4183,#4184));
#775=EDGE_LOOP('',(#4185,#4186,#4187,#4188));
#776=EDGE_LOOP('',(#4189,#4190,#4191,#4192));
#777=EDGE_LOOP('',(#4193,#4194,#4195,#4196));
#778=EDGE_LOOP('',(#4197,#4198,#4199,#4200));
#779=EDGE_LOOP('',(#4201,#4202,#4203,#4204));
#780=EDGE_LOOP('',(#4205,#4206,#4207,#4208));
#781=EDGE_LOOP('',(#4209,#4210,#4211,#4212));
#782=EDGE_LOOP('',(#4213,#4214,#4215,#4216));
#783=EDGE_LOOP('',(#4217,#4218,#4219,#4220));
#784=EDGE_LOOP('',(#4221,#4222,#4223,#4224));
#785=EDGE_LOOP('',(#4225,#4226,#4227,#4228));
#786=EDGE_LOOP('',(#4229,#4230,#4231,#4232));
#787=EDGE_LOOP('',(#4233,#4234,#4235,#4236));
#788=EDGE_LOOP('',(#4237,#4238,#4239,#4240));
#789=EDGE_LOOP('',(#4241,#4242,#4243,#4244));
#790=EDGE_LOOP('',(#4245,#4246,#4247,#4248,#4249,#4250));
#791=EDGE_LOOP('',(#4251,#4252,#4253,#4254));
#792=EDGE_LOOP('',(#4255,#4256,#4257,#4258));
#793=EDGE_LOOP('',(#4259,#4260,#4261,#4262,#4263,#4264));
#794=EDGE_LOOP('',(#4265,#4266,#4267,#4268));
#795=EDGE_LOOP('',(#4269,#4270,#4271,#4272));
#796=EDGE_LOOP('',(#4273,#4274,#4275,#4276));
#797=EDGE_LOOP('',(#4277,#4278,#4279,#4280));
#798=EDGE_LOOP('',(#4281,#4282,#4283,#4284,#4285,#4286,#4287,#4288,#4289,
#4290,#4291));
#799=EDGE_LOOP('',(#4292,#4293,#4294,#4295));
#800=EDGE_LOOP('',(#4296,#4297,#4298,#4299));
#801=EDGE_LOOP('',(#4300,#4301,#4302,#4303));
#802=EDGE_LOOP('',(#4304,#4305,#4306,#4307,#4308));
#803=EDGE_LOOP('',(#4309,#4310,#4311,#4312));
#804=EDGE_LOOP('',(#4313,#4314,#4315,#4316,#4317));
#805=EDGE_LOOP('',(#4318,#4319,#4320,#4321,#4322,#4323,#4324,#4325,#4326,
#4327,#4328));
#806=EDGE_LOOP('',(#4329,#4330,#4331,#4332));
#807=LINE('',#6362,#1253);
#808=LINE('',#6368,#1254);
#809=LINE('',#6374,#1255);
#810=LINE('',#6380,#1256);
#811=LINE('',#6386,#1257);
#812=LINE('',#6391,#1258);
#813=LINE('',#6393,#1259);
#814=LINE('',#6395,#1260);
#815=LINE('',#6396,#1261);
#816=LINE('',#6400,#1262);
#817=LINE('',#6406,#1263);
#818=LINE('',#6407,#1264);
#819=LINE('',#6408,#1265);
#820=LINE('',#6412,#1266);
#821=LINE('',#6418,#1267);
#822=LINE('',#6419,#1268);
#823=LINE('',#6420,#1269);
#824=LINE('',#6423,#1270);
#825=LINE('',#6425,#1271);
#826=LINE('',#6426,#1272);
#827=LINE('',#6429,#1273);
#828=LINE('',#6433,#1274);
#829=LINE('',#6434,#1275);
#830=LINE('',#6437,#1276);
#831=LINE('',#6441,#1277);
#832=LINE('',#6442,#1278);
#833=LINE('',#6446,#1279);
#834=LINE('',#6448,#1280);
#835=LINE('',#6450,#1281);
#836=LINE('',#6451,#1282);
#837=LINE('',#6456,#1283);
#838=LINE('',#6460,#1284);
#839=LINE('',#6462,#1285);
#840=LINE('',#6463,#1286);
#841=LINE('',#6468,#1287);
#842=LINE('',#6473,#1288);
#843=LINE('',#6474,#1289);
#844=LINE('',#6475,#1290);
#845=LINE('',#6477,#1291);
#846=LINE('',#6481,#1292);
#847=LINE('',#6483,#1293);
#848=LINE('',#6485,#1294);
#849=LINE('',#6486,#1295);
#850=LINE('',#6490,#1296);
#851=LINE('',#6496,#1297);
#852=LINE('',#6497,#1298);
#853=LINE('',#6498,#1299);
#854=LINE('',#6502,#1300);
#855=LINE('',#6508,#1301);
#856=LINE('',#6509,#1302);
#857=LINE('',#6510,#1303);
#858=LINE('',#6513,#1304);
#859=LINE('',#6515,#1305);
#860=LINE('',#6516,#1306);
#861=LINE('',#6519,#1307);
#862=LINE('',#6523,#1308);
#863=LINE('',#6524,#1309);
#864=LINE('',#6527,#1310);
#865=LINE('',#6531,#1311);
#866=LINE('',#6532,#1312);
#867=LINE('',#6536,#1313);
#868=LINE('',#6538,#1314);
#869=LINE('',#6540,#1315);
#870=LINE('',#6541,#1316);
#871=LINE('',#6546,#1317);
#872=LINE('',#6550,#1318);
#873=LINE('',#6552,#1319);
#874=LINE('',#6553,#1320);
#875=LINE('',#6558,#1321);
#876=LINE('',#6563,#1322);
#877=LINE('',#6564,#1323);
#878=LINE('',#6565,#1324);
#879=LINE('',#6567,#1325);
#880=LINE('',#6571,#1326);
#881=LINE('',#6573,#1327);
#882=LINE('',#6575,#1328);
#883=LINE('',#6576,#1329);
#884=LINE('',#6580,#1330);
#885=LINE('',#6586,#1331);
#886=LINE('',#6587,#1332);
#887=LINE('',#6588,#1333);
#888=LINE('',#6592,#1334);
#889=LINE('',#6598,#1335);
#890=LINE('',#6599,#1336);
#891=LINE('',#6600,#1337);
#892=LINE('',#6603,#1338);
#893=LINE('',#6605,#1339);
#894=LINE('',#6606,#1340);
#895=LINE('',#6609,#1341);
#896=LINE('',#6613,#1342);
#897=LINE('',#6614,#1343);
#898=LINE('',#6617,#1344);
#899=LINE('',#6621,#1345);
#900=LINE('',#6622,#1346);
#901=LINE('',#6626,#1347);
#902=LINE('',#6628,#1348);
#903=LINE('',#6630,#1349);
#904=LINE('',#6631,#1350);
#905=LINE('',#6636,#1351);
#906=LINE('',#6640,#1352);
#907=LINE('',#6642,#1353);
#908=LINE('',#6643,#1354);
#909=LINE('',#6648,#1355);
#910=LINE('',#6653,#1356);
#911=LINE('',#6654,#1357);
#912=LINE('',#6655,#1358);
#913=LINE('',#6657,#1359);
#914=LINE('',#6661,#1360);
#915=LINE('',#6663,#1361);
#916=LINE('',#6665,#1362);
#917=LINE('',#6666,#1363);
#918=LINE('',#6670,#1364);
#919=LINE('',#6676,#1365);
#920=LINE('',#6677,#1366);
#921=LINE('',#6678,#1367);
#922=LINE('',#6682,#1368);
#923=LINE('',#6688,#1369);
#924=LINE('',#6689,#1370);
#925=LINE('',#6690,#1371);
#926=LINE('',#6693,#1372);
#927=LINE('',#6695,#1373);
#928=LINE('',#6696,#1374);
#929=LINE('',#6699,#1375);
#930=LINE('',#6703,#1376);
#931=LINE('',#6704,#1377);
#932=LINE('',#6707,#1378);
#933=LINE('',#6711,#1379);
#934=LINE('',#6712,#1380);
#935=LINE('',#6716,#1381);
#936=LINE('',#6718,#1382);
#937=LINE('',#6720,#1383);
#938=LINE('',#6721,#1384);
#939=LINE('',#6726,#1385);
#940=LINE('',#6730,#1386);
#941=LINE('',#6732,#1387);
#942=LINE('',#6733,#1388);
#943=LINE('',#6738,#1389);
#944=LINE('',#6743,#1390);
#945=LINE('',#6744,#1391);
#946=LINE('',#6745,#1392);
#947=LINE('',#6747,#1393);
#948=LINE('',#6751,#1394);
#949=LINE('',#6753,#1395);
#950=LINE('',#6755,#1396);
#951=LINE('',#6756,#1397);
#952=LINE('',#6760,#1398);
#953=LINE('',#6766,#1399);
#954=LINE('',#6767,#1400);
#955=LINE('',#6768,#1401);
#956=LINE('',#6772,#1402);
#957=LINE('',#6778,#1403);
#958=LINE('',#6779,#1404);
#959=LINE('',#6780,#1405);
#960=LINE('',#6783,#1406);
#961=LINE('',#6785,#1407);
#962=LINE('',#6786,#1408);
#963=LINE('',#6789,#1409);
#964=LINE('',#6793,#1410);
#965=LINE('',#6794,#1411);
#966=LINE('',#6797,#1412);
#967=LINE('',#6801,#1413);
#968=LINE('',#6802,#1414);
#969=LINE('',#6806,#1415);
#970=LINE('',#6808,#1416);
#971=LINE('',#6810,#1417);
#972=LINE('',#6811,#1418);
#973=LINE('',#6816,#1419);
#974=LINE('',#6820,#1420);
#975=LINE('',#6822,#1421);
#976=LINE('',#6823,#1422);
#977=LINE('',#6828,#1423);
#978=LINE('',#6833,#1424);
#979=LINE('',#6834,#1425);
#980=LINE('',#6835,#1426);
#981=LINE('',#6837,#1427);
#982=LINE('',#6841,#1428);
#983=LINE('',#6843,#1429);
#984=LINE('',#6845,#1430);
#985=LINE('',#6846,#1431);
#986=LINE('',#6850,#1432);
#987=LINE('',#6856,#1433);
#988=LINE('',#6857,#1434);
#989=LINE('',#6858,#1435);
#990=LINE('',#6862,#1436);
#991=LINE('',#6868,#1437);
#992=LINE('',#6869,#1438);
#993=LINE('',#6870,#1439);
#994=LINE('',#6873,#1440);
#995=LINE('',#6875,#1441);
#996=LINE('',#6876,#1442);
#997=LINE('',#6879,#1443);
#998=LINE('',#6883,#1444);
#999=LINE('',#6884,#1445);
#1000=LINE('',#6887,#1446);
#1001=LINE('',#6891,#1447);
#1002=LINE('',#6892,#1448);
#1003=LINE('',#6896,#1449);
#1004=LINE('',#6898,#1450);
#1005=LINE('',#6900,#1451);
#1006=LINE('',#6901,#1452);
#1007=LINE('',#6906,#1453);
#1008=LINE('',#6910,#1454);
#1009=LINE('',#6912,#1455);
#1010=LINE('',#6913,#1456);
#1011=LINE('',#6918,#1457);
#1012=LINE('',#6923,#1458);
#1013=LINE('',#6924,#1459);
#1014=LINE('',#6925,#1460);
#1015=LINE('',#6927,#1461);
#1016=LINE('',#6930,#1462);
#1017=LINE('',#6933,#1463);
#1018=LINE('',#6936,#1464);
#1019=LINE('',#6937,#1465);
#1020=LINE('',#6939,#1466);
#1021=LINE('',#6942,#1467);
#1022=LINE('',#6945,#1468);
#1023=LINE('',#6947,#1469);
#1024=LINE('',#6950,#1470);
#1025=LINE('',#6953,#1471);
#1026=LINE('',#6956,#1472);
#1027=LINE('',#6957,#1473);
#1028=LINE('',#6959,#1474);
#1029=LINE('',#6962,#1475);
#1030=LINE('',#6965,#1476);
#1031=LINE('',#6967,#1477);
#1032=LINE('',#6970,#1478);
#1033=LINE('',#6973,#1479);
#1034=LINE('',#6976,#1480);
#1035=LINE('',#6977,#1481);
#1036=LINE('',#6979,#1482);
#1037=LINE('',#6982,#1483);
#1038=LINE('',#6985,#1484);
#1039=LINE('',#6987,#1485);
#1040=LINE('',#6990,#1486);
#1041=LINE('',#6993,#1487);
#1042=LINE('',#6996,#1488);
#1043=LINE('',#6997,#1489);
#1044=LINE('',#6999,#1490);
#1045=LINE('',#7002,#1491);
#1046=LINE('',#7005,#1492);
#1047=LINE('',#7007,#1493);
#1048=LINE('',#7010,#1494);
#1049=LINE('',#7013,#1495);
#1050=LINE('',#7016,#1496);
#1051=LINE('',#7017,#1497);
#1052=LINE('',#7019,#1498);
#1053=LINE('',#7022,#1499);
#1054=LINE('',#7025,#1500);
#1055=LINE('',#7027,#1501);
#1056=LINE('',#7030,#1502);
#1057=LINE('',#7033,#1503);
#1058=LINE('',#7036,#1504);
#1059=LINE('',#7037,#1505);
#1060=LINE('',#7039,#1506);
#1061=LINE('',#7042,#1507);
#1062=LINE('',#7045,#1508);
#1063=LINE('',#7047,#1509);
#1064=LINE('',#7055,#1510);
#1065=LINE('',#7057,#1511);
#1066=LINE('',#7058,#1512);
#1067=LINE('',#7060,#1513);
#1068=LINE('',#7062,#1514);
#1069=LINE('',#7064,#1515);
#1070=LINE('',#7066,#1516);
#1071=LINE('',#7078,#1517);
#1072=LINE('',#7079,#1518);
#1073=LINE('',#7081,#1519);
#1074=LINE('',#7085,#1520);
#1075=LINE('',#7089,#1521);
#1076=LINE('',#7090,#1522);
#1077=LINE('',#7092,#1523);
#1078=LINE('',#7094,#1524);
#1079=LINE('',#7098,#1525);
#1080=LINE('',#7099,#1526);
#1081=LINE('',#7101,#1527);
#1082=LINE('',#7105,#1528);
#1083=LINE('',#7109,#1529);
#1084=LINE('',#7110,#1530);
#1085=LINE('',#7112,#1531);
#1086=LINE('',#7114,#1532);
#1087=LINE('',#7118,#1533);
#1088=LINE('',#7119,#1534);
#1089=LINE('',#7121,#1535);
#1090=LINE('',#7125,#1536);
#1091=LINE('',#7129,#1537);
#1092=LINE('',#7130,#1538);
#1093=LINE('',#7132,#1539);
#1094=LINE('',#7134,#1540);
#1095=LINE('',#7138,#1541);
#1096=LINE('',#7139,#1542);
#1097=LINE('',#7141,#1543);
#1098=LINE('',#7145,#1544);
#1099=LINE('',#7149,#1545);
#1100=LINE('',#7150,#1546);
#1101=LINE('',#7152,#1547);
#1102=LINE('',#7154,#1548);
#1103=LINE('',#7158,#1549);
#1104=LINE('',#7159,#1550);
#1105=LINE('',#7161,#1551);
#1106=LINE('',#7165,#1552);
#1107=LINE('',#7169,#1553);
#1108=LINE('',#7170,#1554);
#1109=LINE('',#7172,#1555);
#1110=LINE('',#7174,#1556);
#1111=LINE('',#7178,#1557);
#1112=LINE('',#7180,#1558);
#1113=LINE('',#7182,#1559);
#1114=LINE('',#7184,#1560);
#1115=LINE('',#7186,#1561);
#1116=LINE('',#7188,#1562);
#1117=LINE('',#7190,#1563);
#1118=LINE('',#7192,#1564);
#1119=LINE('',#7196,#1565);
#1120=LINE('',#7200,#1566);
#1121=LINE('',#7202,#1567);
#1122=LINE('',#7204,#1568);
#1123=LINE('',#7206,#1569);
#1124=LINE('',#7208,#1570);
#1125=LINE('',#7210,#1571);
#1126=LINE('',#7212,#1572);
#1127=LINE('',#7214,#1573);
#1128=LINE('',#7218,#1574);
#1129=LINE('',#7219,#1575);
#1130=LINE('',#7221,#1576);
#1131=LINE('',#7225,#1577);
#1132=LINE('',#7227,#1578);
#1133=LINE('',#7230,#1579);
#1134=LINE('',#7235,#1580);
#1135=LINE('',#7238,#1581);
#1136=LINE('',#7254,#1582);
#1137=LINE('',#7258,#1583);
#1138=LINE('',#7260,#1584);
#1139=LINE('',#7261,#1585);
#1140=LINE('',#7281,#1586);
#1141=LINE('',#7289,#1587);
#1142=LINE('',#7297,#1588);
#1143=LINE('',#7305,#1589);
#1144=LINE('',#7313,#1590);
#1145=LINE('',#7321,#1591);
#1146=LINE('',#7355,#1592);
#1147=LINE('',#7356,#1593);
#1148=LINE('',#7363,#1594);
#1149=LINE('',#7364,#1595);
#1150=LINE('',#7366,#1596);
#1151=LINE('',#7368,#1597);
#1152=LINE('',#7378,#1598);
#1153=LINE('',#7383,#1599);
#1154=LINE('',#7397,#1600);
#1155=LINE('',#7401,#1601);
#1156=LINE('',#7402,#1602);
#1157=LINE('',#7430,#1603);
#1158=LINE('',#7431,#1604);
#1159=LINE('',#7438,#1605);
#1160=LINE('',#7439,#1606);
#1161=LINE('',#7441,#1607);
#1162=LINE('',#7443,#1608);
#1163=LINE('',#7453,#1609);
#1164=LINE('',#7458,#1610);
#1165=LINE('',#7472,#1611);
#1166=LINE('',#7476,#1612);
#1167=LINE('',#7477,#1613);
#1168=LINE('',#7505,#1614);
#1169=LINE('',#7506,#1615);
#1170=LINE('',#7513,#1616);
#1171=LINE('',#7514,#1617);
#1172=LINE('',#7516,#1618);
#1173=LINE('',#7518,#1619);
#1174=LINE('',#7528,#1620);
#1175=LINE('',#7533,#1621);
#1176=LINE('',#7547,#1622);
#1177=LINE('',#7551,#1623);
#1178=LINE('',#7552,#1624);
#1179=LINE('',#7580,#1625);
#1180=LINE('',#7581,#1626);
#1181=LINE('',#7588,#1627);
#1182=LINE('',#7589,#1628);
#1183=LINE('',#7591,#1629);
#1184=LINE('',#7593,#1630);
#1185=LINE('',#7603,#1631);
#1186=LINE('',#7608,#1632);
#1187=LINE('',#7622,#1633);
#1188=LINE('',#7626,#1634);
#1189=LINE('',#7627,#1635);
#1190=LINE('',#7655,#1636);
#1191=LINE('',#7656,#1637);
#1192=LINE('',#7663,#1638);
#1193=LINE('',#7664,#1639);
#1194=LINE('',#7666,#1640);
#1195=LINE('',#7668,#1641);
#1196=LINE('',#7678,#1642);
#1197=LINE('',#7683,#1643);
#1198=LINE('',#7693,#1644);
#1199=LINE('',#7705,#1645);
#1200=LINE('',#7709,#1646);
#1201=LINE('',#7710,#1647);
#1202=LINE('',#7733,#1648);
#1203=LINE('',#7739,#1649);
#1204=LINE('',#7746,#1650);
#1205=LINE('',#7753,#1651);
#1206=LINE('',#7760,#1652);
#1207=LINE('',#7767,#1653);
#1208=LINE('',#7774,#1654);
#1209=LINE('',#7828,#1655);
#1210=LINE('',#7832,#1656);
#1211=LINE('',#7834,#1657);
#1212=LINE('',#7835,#1658);
#1213=LINE('',#7839,#1659);
#1214=LINE('',#7845,#1660);
#1215=LINE('',#7846,#1661);
#1216=LINE('',#7847,#1662);
#1217=LINE('',#7851,#1663);
#1218=LINE('',#7855,#1664);
#1219=LINE('',#7856,#1665);
#1220=LINE('',#7859,#1666);
#1221=LINE('',#7860,#1667);
#1222=LINE('',#7863,#1668);
#1223=LINE('',#7867,#1669);
#1224=LINE('',#7868,#1670);
#1225=LINE('',#7871,#1671);
#1226=LINE('',#7874,#1672);
#1227=LINE('',#7877,#1673);
#1228=LINE('',#7879,#1674);
#1229=LINE('',#7880,#1675);
#1230=LINE('',#7885,#1676);
#1231=LINE('',#7889,#1677);
#1232=LINE('',#7891,#1678);
#1233=LINE('',#7892,#1679);
#1234=LINE('',#7897,#1680);
#1235=LINE('',#7900,#1681);
#1236=LINE('',#7901,#1682);
#1237=LINE('',#7905,#1683);
#1238=LINE('',#7908,#1684);
#1239=LINE('',#7910,#1685);
#1240=LINE('',#7914,#1686);
#1241=LINE('',#7917,#1687);
#1242=LINE('',#7919,#1688);
#1243=LINE('',#7921,#1689);
#1244=LINE('',#7923,#1690);
#1245=LINE('',#7925,#1691);
#1246=LINE('',#7928,#1692);
#1247=LINE('',#7932,#1693);
#1248=LINE('',#7933,#1694);
#1249=LINE('',#7937,#1695);
#1250=LINE('',#7939,#1696);
#1251=LINE('',#7941,#1697);
#1252=LINE('',#7943,#1698);
#1253=VECTOR('',#5083,0.086);
#1254=VECTOR('',#5090,0.086);
#1255=VECTOR('',#5097,0.086);
#1256=VECTOR('',#5104,0.086);
#1257=VECTOR('',#5111,0.1);
#1258=VECTOR('',#5116,0.393700787401575);
#1259=VECTOR('',#5117,0.393700787401575);
#1260=VECTOR('',#5118,0.393700787401575);
#1261=VECTOR('',#5119,0.393700787401575);
#1262=VECTOR('',#5122,0.393700787401575);
#1263=VECTOR('',#5129,0.393700787401575);
#1264=VECTOR('',#5130,0.393700787401575);
#1265=VECTOR('',#5131,0.393700787401575);
#1266=VECTOR('',#5134,0.393700787401575);
#1267=VECTOR('',#5141,0.393700787401575);
#1268=VECTOR('',#5142,0.393700787401575);
#1269=VECTOR('',#5143,0.393700787401575);
#1270=VECTOR('',#5146,0.393700787401575);
#1271=VECTOR('',#5147,0.393700787401575);
#1272=VECTOR('',#5148,0.393700787401575);
#1273=VECTOR('',#5151,0.393700787401575);
#1274=VECTOR('',#5156,0.393700787401575);
#1275=VECTOR('',#5157,0.393700787401575);
#1276=VECTOR('',#5160,0.393700787401575);
#1277=VECTOR('',#5165,0.393700787401575);
#1278=VECTOR('',#5166,0.393700787401575);
#1279=VECTOR('',#5169,0.393700787401575);
#1280=VECTOR('',#5170,0.393700787401575);
#1281=VECTOR('',#5171,0.393700787401575);
#1282=VECTOR('',#5172,0.393700787401575);
#1283=VECTOR('',#5177,0.393700787401575);
#1284=VECTOR('',#5182,0.393700787401575);
#1285=VECTOR('',#5183,0.393700787401575);
#1286=VECTOR('',#5184,0.393700787401575);
#1287=VECTOR('',#5189,0.393700787401575);
#1288=VECTOR('',#5194,0.393700787401575);
#1289=VECTOR('',#5195,0.393700787401575);
#1290=VECTOR('',#5196,0.393700787401575);
#1291=VECTOR('',#5199,0.393700787401575);
#1292=VECTOR('',#5202,0.393700787401575);
#1293=VECTOR('',#5203,0.393700787401575);
#1294=VECTOR('',#5204,0.393700787401575);
#1295=VECTOR('',#5205,0.393700787401575);
#1296=VECTOR('',#5208,0.393700787401575);
#1297=VECTOR('',#5215,0.393700787401575);
#1298=VECTOR('',#5216,0.393700787401575);
#1299=VECTOR('',#5217,0.393700787401575);
#1300=VECTOR('',#5220,0.393700787401575);
#1301=VECTOR('',#5227,0.393700787401575);
#1302=VECTOR('',#5228,0.393700787401575);
#1303=VECTOR('',#5229,0.393700787401575);
#1304=VECTOR('',#5232,0.393700787401575);
#1305=VECTOR('',#5233,0.393700787401575);
#1306=VECTOR('',#5234,0.393700787401575);
#1307=VECTOR('',#5237,0.393700787401575);
#1308=VECTOR('',#5242,0.393700787401575);
#1309=VECTOR('',#5243,0.393700787401575);
#1310=VECTOR('',#5246,0.393700787401575);
#1311=VECTOR('',#5251,0.393700787401575);
#1312=VECTOR('',#5252,0.393700787401575);
#1313=VECTOR('',#5255,0.393700787401575);
#1314=VECTOR('',#5256,0.393700787401575);
#1315=VECTOR('',#5257,0.393700787401575);
#1316=VECTOR('',#5258,0.393700787401575);
#1317=VECTOR('',#5263,0.393700787401575);
#1318=VECTOR('',#5268,0.393700787401575);
#1319=VECTOR('',#5269,0.393700787401575);
#1320=VECTOR('',#5270,0.393700787401575);
#1321=VECTOR('',#5275,0.393700787401575);
#1322=VECTOR('',#5280,0.393700787401575);
#1323=VECTOR('',#5281,0.393700787401575);
#1324=VECTOR('',#5282,0.393700787401575);
#1325=VECTOR('',#5285,0.393700787401575);
#1326=VECTOR('',#5288,0.393700787401575);
#1327=VECTOR('',#5289,0.393700787401575);
#1328=VECTOR('',#5290,0.393700787401575);
#1329=VECTOR('',#5291,0.393700787401575);
#1330=VECTOR('',#5294,0.393700787401575);
#1331=VECTOR('',#5301,0.393700787401575);
#1332=VECTOR('',#5302,0.393700787401575);
#1333=VECTOR('',#5303,0.393700787401575);
#1334=VECTOR('',#5306,0.393700787401575);
#1335=VECTOR('',#5313,0.393700787401575);
#1336=VECTOR('',#5314,0.393700787401575);
#1337=VECTOR('',#5315,0.393700787401575);
#1338=VECTOR('',#5318,0.393700787401575);
#1339=VECTOR('',#5319,0.393700787401575);
#1340=VECTOR('',#5320,0.393700787401575);
#1341=VECTOR('',#5323,0.393700787401575);
#1342=VECTOR('',#5328,0.393700787401575);
#1343=VECTOR('',#5329,0.393700787401575);
#1344=VECTOR('',#5332,0.393700787401575);
#1345=VECTOR('',#5337,0.393700787401575);
#1346=VECTOR('',#5338,0.393700787401575);
#1347=VECTOR('',#5341,0.393700787401575);
#1348=VECTOR('',#5342,0.393700787401575);
#1349=VECTOR('',#5343,0.393700787401575);
#1350=VECTOR('',#5344,0.393700787401575);
#1351=VECTOR('',#5349,0.393700787401575);
#1352=VECTOR('',#5354,0.393700787401575);
#1353=VECTOR('',#5355,0.393700787401575);
#1354=VECTOR('',#5356,0.393700787401575);
#1355=VECTOR('',#5361,0.393700787401575);
#1356=VECTOR('',#5366,0.393700787401575);
#1357=VECTOR('',#5367,0.393700787401575);
#1358=VECTOR('',#5368,0.393700787401575);
#1359=VECTOR('',#5371,0.393700787401575);
#1360=VECTOR('',#5374,0.393700787401575);
#1361=VECTOR('',#5375,0.393700787401575);
#1362=VECTOR('',#5376,0.393700787401575);
#1363=VECTOR('',#5377,0.393700787401575);
#1364=VECTOR('',#5380,0.393700787401575);
#1365=VECTOR('',#5387,0.393700787401575);
#1366=VECTOR('',#5388,0.393700787401575);
#1367=VECTOR('',#5389,0.393700787401575);
#1368=VECTOR('',#5392,0.393700787401575);
#1369=VECTOR('',#5399,0.393700787401575);
#1370=VECTOR('',#5400,0.393700787401575);
#1371=VECTOR('',#5401,0.393700787401575);
#1372=VECTOR('',#5404,0.393700787401575);
#1373=VECTOR('',#5405,0.393700787401575);
#1374=VECTOR('',#5406,0.393700787401575);
#1375=VECTOR('',#5409,0.393700787401575);
#1376=VECTOR('',#5414,0.393700787401575);
#1377=VECTOR('',#5415,0.393700787401575);
#1378=VECTOR('',#5418,0.393700787401575);
#1379=VECTOR('',#5423,0.393700787401575);
#1380=VECTOR('',#5424,0.393700787401575);
#1381=VECTOR('',#5427,0.393700787401575);
#1382=VECTOR('',#5428,0.393700787401575);
#1383=VECTOR('',#5429,0.393700787401575);
#1384=VECTOR('',#5430,0.393700787401575);
#1385=VECTOR('',#5435,0.393700787401575);
#1386=VECTOR('',#5440,0.393700787401575);
#1387=VECTOR('',#5441,0.393700787401575);
#1388=VECTOR('',#5442,0.393700787401575);
#1389=VECTOR('',#5447,0.393700787401575);
#1390=VECTOR('',#5452,0.393700787401575);
#1391=VECTOR('',#5453,0.393700787401575);
#1392=VECTOR('',#5454,0.393700787401575);
#1393=VECTOR('',#5457,0.393700787401575);
#1394=VECTOR('',#5460,0.393700787401575);
#1395=VECTOR('',#5461,0.393700787401575);
#1396=VECTOR('',#5462,0.393700787401575);
#1397=VECTOR('',#5463,0.393700787401575);
#1398=VECTOR('',#5466,0.393700787401575);
#1399=VECTOR('',#5473,0.393700787401575);
#1400=VECTOR('',#5474,0.393700787401575);
#1401=VECTOR('',#5475,0.393700787401575);
#1402=VECTOR('',#5478,0.393700787401575);
#1403=VECTOR('',#5485,0.393700787401575);
#1404=VECTOR('',#5486,0.393700787401575);
#1405=VECTOR('',#5487,0.393700787401575);
#1406=VECTOR('',#5490,0.393700787401575);
#1407=VECTOR('',#5491,0.393700787401575);
#1408=VECTOR('',#5492,0.393700787401575);
#1409=VECTOR('',#5495,0.393700787401575);
#1410=VECTOR('',#5500,0.393700787401575);
#1411=VECTOR('',#5501,0.393700787401575);
#1412=VECTOR('',#5504,0.393700787401575);
#1413=VECTOR('',#5509,0.393700787401575);
#1414=VECTOR('',#5510,0.393700787401575);
#1415=VECTOR('',#5513,0.393700787401575);
#1416=VECTOR('',#5514,0.393700787401575);
#1417=VECTOR('',#5515,0.393700787401575);
#1418=VECTOR('',#5516,0.393700787401575);
#1419=VECTOR('',#5521,0.393700787401575);
#1420=VECTOR('',#5526,0.393700787401575);
#1421=VECTOR('',#5527,0.393700787401575);
#1422=VECTOR('',#5528,0.393700787401575);
#1423=VECTOR('',#5533,0.393700787401575);
#1424=VECTOR('',#5538,0.393700787401575);
#1425=VECTOR('',#5539,0.393700787401575);
#1426=VECTOR('',#5540,0.393700787401575);
#1427=VECTOR('',#5543,0.393700787401575);
#1428=VECTOR('',#5546,0.393700787401575);
#1429=VECTOR('',#5547,0.393700787401575);
#1430=VECTOR('',#5548,0.393700787401575);
#1431=VECTOR('',#5549,0.393700787401575);
#1432=VECTOR('',#5552,0.393700787401575);
#1433=VECTOR('',#5559,0.393700787401575);
#1434=VECTOR('',#5560,0.393700787401575);
#1435=VECTOR('',#5561,0.393700787401575);
#1436=VECTOR('',#5564,0.393700787401575);
#1437=VECTOR('',#5571,0.393700787401575);
#1438=VECTOR('',#5572,0.393700787401575);
#1439=VECTOR('',#5573,0.393700787401575);
#1440=VECTOR('',#5576,0.393700787401575);
#1441=VECTOR('',#5577,0.393700787401575);
#1442=VECTOR('',#5578,0.393700787401575);
#1443=VECTOR('',#5581,0.393700787401575);
#1444=VECTOR('',#5586,0.393700787401575);
#1445=VECTOR('',#5587,0.393700787401575);
#1446=VECTOR('',#5590,0.393700787401575);
#1447=VECTOR('',#5595,0.393700787401575);
#1448=VECTOR('',#5596,0.393700787401575);
#1449=VECTOR('',#5599,0.393700787401575);
#1450=VECTOR('',#5600,0.393700787401575);
#1451=VECTOR('',#5601,0.393700787401575);
#1452=VECTOR('',#5602,0.393700787401575);
#1453=VECTOR('',#5607,0.393700787401575);
#1454=VECTOR('',#5612,0.393700787401575);
#1455=VECTOR('',#5613,0.393700787401575);
#1456=VECTOR('',#5614,0.393700787401575);
#1457=VECTOR('',#5619,0.393700787401575);
#1458=VECTOR('',#5624,0.393700787401575);
#1459=VECTOR('',#5625,0.393700787401575);
#1460=VECTOR('',#5626,0.393700787401575);
#1461=VECTOR('',#5629,0.393700787401575);
#1462=VECTOR('',#5632,0.393700787401575);
#1463=VECTOR('',#5635,0.393700787401575);
#1464=VECTOR('',#5638,0.393700787401575);
#1465=VECTOR('',#5639,0.393700787401575);
#1466=VECTOR('',#5642,0.393700787401575);
#1467=VECTOR('',#5645,0.393700787401575);
#1468=VECTOR('',#5648,0.393700787401575);
#1469=VECTOR('',#5651,0.393700787401575);
#1470=VECTOR('',#5654,0.393700787401575);
#1471=VECTOR('',#5657,0.393700787401575);
#1472=VECTOR('',#5660,0.393700787401575);
#1473=VECTOR('',#5661,0.393700787401575);
#1474=VECTOR('',#5664,0.393700787401575);
#1475=VECTOR('',#5667,0.393700787401575);
#1476=VECTOR('',#5670,0.393700787401575);
#1477=VECTOR('',#5673,0.393700787401575);
#1478=VECTOR('',#5676,0.393700787401575);
#1479=VECTOR('',#5679,0.393700787401575);
#1480=VECTOR('',#5682,0.393700787401575);
#1481=VECTOR('',#5683,0.393700787401575);
#1482=VECTOR('',#5686,0.393700787401575);
#1483=VECTOR('',#5689,0.393700787401575);
#1484=VECTOR('',#5692,0.393700787401575);
#1485=VECTOR('',#5695,0.393700787401575);
#1486=VECTOR('',#5698,0.393700787401575);
#1487=VECTOR('',#5701,0.393700787401575);
#1488=VECTOR('',#5704,0.393700787401575);
#1489=VECTOR('',#5705,0.393700787401575);
#1490=VECTOR('',#5708,0.393700787401575);
#1491=VECTOR('',#5711,0.393700787401575);
#1492=VECTOR('',#5714,0.393700787401575);
#1493=VECTOR('',#5717,0.393700787401575);
#1494=VECTOR('',#5720,0.393700787401575);
#1495=VECTOR('',#5723,0.393700787401575);
#1496=VECTOR('',#5726,0.393700787401575);
#1497=VECTOR('',#5727,0.393700787401575);
#1498=VECTOR('',#5730,0.393700787401575);
#1499=VECTOR('',#5733,0.393700787401575);
#1500=VECTOR('',#5736,0.393700787401575);
#1501=VECTOR('',#5739,0.393700787401575);
#1502=VECTOR('',#5742,0.393700787401575);
#1503=VECTOR('',#5745,0.393700787401575);
#1504=VECTOR('',#5748,0.393700787401575);
#1505=VECTOR('',#5749,0.393700787401575);
#1506=VECTOR('',#5752,0.393700787401575);
#1507=VECTOR('',#5755,0.393700787401575);
#1508=VECTOR('',#5758,0.393700787401575);
#1509=VECTOR('',#5761,0.393700787401575);
#1510=VECTOR('',#5764,0.393700787401575);
#1511=VECTOR('',#5765,0.393700787401575);
#1512=VECTOR('',#5766,0.393700787401575);
#1513=VECTOR('',#5769,0.393700787401575);
#1514=VECTOR('',#5770,0.393700787401575);
#1515=VECTOR('',#5771,0.393700787401575);
#1516=VECTOR('',#5772,0.393700787401575);
#1517=VECTOR('',#5777,0.393700787401575);
#1518=VECTOR('',#5778,0.393700787401575);
#1519=VECTOR('',#5779,0.393700787401575);
#1520=VECTOR('',#5782,0.393700787401575);
#1521=VECTOR('',#5785,0.393700787401575);
#1522=VECTOR('',#5786,0.393700787401575);
#1523=VECTOR('',#5787,0.393700787401575);
#1524=VECTOR('',#5788,0.393700787401575);
#1525=VECTOR('',#5791,0.393700787401575);
#1526=VECTOR('',#5792,0.393700787401575);
#1527=VECTOR('',#5793,0.393700787401575);
#1528=VECTOR('',#5796,0.393700787401575);
#1529=VECTOR('',#5799,0.393700787401575);
#1530=VECTOR('',#5800,0.393700787401575);
#1531=VECTOR('',#5801,0.393700787401575);
#1532=VECTOR('',#5802,0.393700787401575);
#1533=VECTOR('',#5805,0.393700787401575);
#1534=VECTOR('',#5806,0.393700787401575);
#1535=VECTOR('',#5807,0.393700787401575);
#1536=VECTOR('',#5810,0.393700787401575);
#1537=VECTOR('',#5813,0.393700787401575);
#1538=VECTOR('',#5814,0.393700787401575);
#1539=VECTOR('',#5815,0.393700787401575);
#1540=VECTOR('',#5816,0.393700787401575);
#1541=VECTOR('',#5819,0.393700787401575);
#1542=VECTOR('',#5820,0.393700787401575);
#1543=VECTOR('',#5821,0.393700787401575);
#1544=VECTOR('',#5824,0.393700787401575);
#1545=VECTOR('',#5827,0.393700787401575);
#1546=VECTOR('',#5828,0.393700787401575);
#1547=VECTOR('',#5829,0.393700787401575);
#1548=VECTOR('',#5830,0.393700787401575);
#1549=VECTOR('',#5833,0.393700787401575);
#1550=VECTOR('',#5834,0.393700787401575);
#1551=VECTOR('',#5835,0.393700787401575);
#1552=VECTOR('',#5838,0.393700787401575);
#1553=VECTOR('',#5841,0.393700787401575);
#1554=VECTOR('',#5842,0.393700787401575);
#1555=VECTOR('',#5843,0.393700787401575);
#1556=VECTOR('',#5844,0.393700787401575);
#1557=VECTOR('',#5847,0.393700787401575);
#1558=VECTOR('',#5848,0.393700787401575);
#1559=VECTOR('',#5849,0.393700787401575);
#1560=VECTOR('',#5850,0.393700787401575);
#1561=VECTOR('',#5851,0.393700787401575);
#1562=VECTOR('',#5852,0.393700787401575);
#1563=VECTOR('',#5853,0.393700787401575);
#1564=VECTOR('',#5854,0.393700787401575);
#1565=VECTOR('',#5857,0.393700787401575);
#1566=VECTOR('',#5860,0.393700787401575);
#1567=VECTOR('',#5861,0.393700787401575);
#1568=VECTOR('',#5862,0.393700787401575);
#1569=VECTOR('',#5863,0.393700787401575);
#1570=VECTOR('',#5864,0.393700787401575);
#1571=VECTOR('',#5865,0.393700787401575);
#1572=VECTOR('',#5866,0.393700787401575);
#1573=VECTOR('',#5867,0.393700787401575);
#1574=VECTOR('',#5870,0.393700787401575);
#1575=VECTOR('',#5871,0.393700787401575);
#1576=VECTOR('',#5872,0.393700787401575);
#1577=VECTOR('',#5875,0.393700787401575);
#1578=VECTOR('',#5878,0.393700787401575);
#1579=VECTOR('',#5881,0.393700787401575);
#1580=VECTOR('',#5882,0.393700787401575);
#1581=VECTOR('',#5885,0.393700787401575);
#1582=VECTOR('',#5892,0.393700787401575);
#1583=VECTOR('',#5897,0.393700787401575);
#1584=VECTOR('',#5898,0.393700787401575);
#1585=VECTOR('',#5899,0.393700787401575);
#1586=VECTOR('',#5912,0.393700787401575);
#1587=VECTOR('',#5919,0.393700787401575);
#1588=VECTOR('',#5926,0.393700787401575);
#1589=VECTOR('',#5933,0.393700787401575);
#1590=VECTOR('',#5940,0.393700787401575);
#1591=VECTOR('',#5947,0.393700787401575);
#1592=VECTOR('',#5958,0.393700787401575);
#1593=VECTOR('',#5959,0.393700787401575);
#1594=VECTOR('',#5962,0.393700787401575);
#1595=VECTOR('',#5963,0.393700787401575);
#1596=VECTOR('',#5966,0.393700787401575);
#1597=VECTOR('',#5967,0.393700787401575);
#1598=VECTOR('',#5970,0.393700787401575);
#1599=VECTOR('',#5971,0.393700787401575);
#1600=VECTOR('',#5978,0.393700787401575);
#1601=VECTOR('',#5983,0.393700787401575);
#1602=VECTOR('',#5984,0.393700787401575);
#1603=VECTOR('',#5995,0.393700787401575);
#1604=VECTOR('',#5996,0.393700787401575);
#1605=VECTOR('',#5999,0.393700787401575);
#1606=VECTOR('',#6000,0.393700787401575);
#1607=VECTOR('',#6003,0.393700787401575);
#1608=VECTOR('',#6004,0.393700787401575);
#1609=VECTOR('',#6007,0.393700787401575);
#1610=VECTOR('',#6008,0.393700787401575);
#1611=VECTOR('',#6015,0.393700787401575);
#1612=VECTOR('',#6020,0.393700787401575);
#1613=VECTOR('',#6021,0.393700787401575);
#1614=VECTOR('',#6032,0.393700787401575);
#1615=VECTOR('',#6033,0.393700787401575);
#1616=VECTOR('',#6036,0.393700787401575);
#1617=VECTOR('',#6037,0.393700787401575);
#1618=VECTOR('',#6040,0.393700787401575);
#1619=VECTOR('',#6041,0.393700787401575);
#1620=VECTOR('',#6044,0.393700787401575);
#1621=VECTOR('',#6045,0.393700787401575);
#1622=VECTOR('',#6052,0.393700787401575);
#1623=VECTOR('',#6057,0.393700787401575);
#1624=VECTOR('',#6058,0.393700787401575);
#1625=VECTOR('',#6069,0.393700787401575);
#1626=VECTOR('',#6070,0.393700787401575);
#1627=VECTOR('',#6073,0.393700787401575);
#1628=VECTOR('',#6074,0.393700787401575);
#1629=VECTOR('',#6077,0.393700787401575);
#1630=VECTOR('',#6078,0.393700787401575);
#1631=VECTOR('',#6081,0.393700787401575);
#1632=VECTOR('',#6082,0.393700787401575);
#1633=VECTOR('',#6089,0.393700787401575);
#1634=VECTOR('',#6094,0.393700787401575);
#1635=VECTOR('',#6095,0.393700787401575);
#1636=VECTOR('',#6106,0.393700787401575);
#1637=VECTOR('',#6107,0.393700787401575);
#1638=VECTOR('',#6110,0.393700787401575);
#1639=VECTOR('',#6111,0.393700787401575);
#1640=VECTOR('',#6114,0.393700787401575);
#1641=VECTOR('',#6115,0.393700787401575);
#1642=VECTOR('',#6118,0.393700787401575);
#1643=VECTOR('',#6119,0.393700787401575);
#1644=VECTOR('',#6122,0.393700787401575);
#1645=VECTOR('',#6125,0.393700787401575);
#1646=VECTOR('',#6130,0.393700787401575);
#1647=VECTOR('',#6131,0.393700787401575);
#1648=VECTOR('',#6142,0.393700787401575);
#1649=VECTOR('',#6147,0.393700787401575);
#1650=VECTOR('',#6154,0.393700787401575);
#1651=VECTOR('',#6161,0.393700787401575);
#1652=VECTOR('',#6168,0.393700787401575);
#1653=VECTOR('',#6175,0.393700787401575);
#1654=VECTOR('',#6180,0.393700787401575);
#1655=VECTOR('',#6219,0.393700787401575);
#1656=VECTOR('',#6224,0.393700787401575);
#1657=VECTOR('',#6225,0.393700787401575);
#1658=VECTOR('',#6226,0.393700787401575);
#1659=VECTOR('',#6229,0.393700787401575);
#1660=VECTOR('',#6236,0.393700787401575);
#1661=VECTOR('',#6237,0.393700787401575);
#1662=VECTOR('',#6238,0.393700787401575);
#1663=VECTOR('',#6241,0.393700787401575);
#1664=VECTOR('',#6248,0.393700787401575);
#1665=VECTOR('',#6249,0.393700787401575);
#1666=VECTOR('',#6252,0.393700787401575);
#1667=VECTOR('',#6253,0.393700787401575);
#1668=VECTOR('',#6256,0.393700787401575);
#1669=VECTOR('',#6261,0.393700787401575);
#1670=VECTOR('',#6262,0.393700787401575);
#1671=VECTOR('',#6265,0.393700787401575);
#1672=VECTOR('',#6270,0.393700787401575);
#1673=VECTOR('',#6273,0.393700787401575);
#1674=VECTOR('',#6274,0.393700787401575);
#1675=VECTOR('',#6275,0.393700787401575);
#1676=VECTOR('',#6280,0.393700787401575);
#1677=VECTOR('',#6285,0.393700787401575);
#1678=VECTOR('',#6286,0.393700787401575);
#1679=VECTOR('',#6287,0.393700787401575);
#1680=VECTOR('',#6292,0.393700787401575);
#1681=VECTOR('',#6297,0.393700787401575);
#1682=VECTOR('',#6298,0.393700787401575);
#1683=VECTOR('',#6303,0.393700787401575);
#1684=VECTOR('',#6306,0.393700787401575);
#1685=VECTOR('',#6309,0.393700787401575);
#1686=VECTOR('',#6314,0.393700787401575);
#1687=VECTOR('',#6317,0.393700787401575);
#1688=VECTOR('',#6320,0.393700787401575);
#1689=VECTOR('',#6323,0.393700787401575);
#1690=VECTOR('',#6326,0.393700787401575);
#1691=VECTOR('',#6329,0.393700787401575);
#1692=VECTOR('',#6332,0.393700787401575);
#1693=VECTOR('',#6337,0.393700787401575);
#1694=VECTOR('',#6338,0.393700787401575);
#1695=VECTOR('',#6345,0.393700787401575);
#1696=VECTOR('',#6348,0.393700787401575);
#1697=VECTOR('',#6351,0.393700787401575);
#1698=VECTOR('',#6354,0.393700787401575);
#1699=CIRCLE('',#4662,0.086);
#1700=CIRCLE('',#4663,0.086);
#1701=CIRCLE('',#4665,0.086);
#1702=CIRCLE('',#4666,0.086);
#1703=CIRCLE('',#4668,0.086);
#1704=CIRCLE('',#4669,0.086);
#1705=CIRCLE('',#4671,0.086);
#1706=CIRCLE('',#4672,0.086);
#1707=CIRCLE('',#4674,0.1);
#1708=CIRCLE('',#4675,0.1);
#1709=CIRCLE('',#4678,0.015748031496063);
#1710=CIRCLE('',#4679,0.0295275590551181);
#1711=CIRCLE('',#4682,0.015748031496063);
#1712=CIRCLE('',#4683,0.0295275590551181);
#1713=CIRCLE('',#4687,0.0295275590551181);
#1714=CIRCLE('',#4690,0.0295275590551181);
#1715=CIRCLE('',#4694,0.0157480314960629);
#1716=CIRCLE('',#4695,0.0295275590551181);
#1717=CIRCLE('',#4698,0.0157480314960631);
#1718=CIRCLE('',#4699,0.0295275590551181);
#1719=CIRCLE('',#4704,0.0157480314960631);
#1720=CIRCLE('',#4705,0.0295275590551181);
#1721=CIRCLE('',#4708,0.0157480314960631);
#1722=CIRCLE('',#4709,0.0295275590551181);
#1723=CIRCLE('',#4713,0.0295275590551181);
#1724=CIRCLE('',#4716,0.0295275590551181);
#1725=CIRCLE('',#4720,0.0157480314960631);
#1726=CIRCLE('',#4721,0.0295275590551181);
#1727=CIRCLE('',#4724,0.0157480314960629);
#1728=CIRCLE('',#4725,0.0295275590551181);
#1729=CIRCLE('',#4730,0.0157480314960629);
#1730=CIRCLE('',#4731,0.0295275590551181);
#1731=CIRCLE('',#4734,0.015748031496063);
#1732=CIRCLE('',#4735,0.0295275590551181);
#1733=CIRCLE('',#4739,0.0295275590551181);
#1734=CIRCLE('',#4742,0.0295275590551181);
#1735=CIRCLE('',#4746,0.015748031496063);
#1736=CIRCLE('',#4747,0.0295275590551181);
#1737=CIRCLE('',#4750,0.015748031496063);
#1738=CIRCLE('',#4751,0.0295275590551181);
#1739=CIRCLE('',#4756,0.015748031496063);
#1740=CIRCLE('',#4757,0.0295275590551181);
#1741=CIRCLE('',#4760,0.015748031496063);
#1742=CIRCLE('',#4761,0.0295275590551181);
#1743=CIRCLE('',#4765,0.0295275590551181);
#1744=CIRCLE('',#4768,0.0295275590551181);
#1745=CIRCLE('',#4772,0.0157480314960631);
#1746=CIRCLE('',#4773,0.0295275590551181);
#1747=CIRCLE('',#4776,0.0157480314960629);
#1748=CIRCLE('',#4777,0.0295275590551181);
#1749=CIRCLE('',#4782,0.015748031496063);
#1750=CIRCLE('',#4783,0.0295275590551181);
#1751=CIRCLE('',#4786,0.015748031496063);
#1752=CIRCLE('',#4787,0.0295275590551181);
#1753=CIRCLE('',#4791,0.0295275590551181);
#1754=CIRCLE('',#4794,0.0295275590551181);
#1755=CIRCLE('',#4798,0.0157480314960629);
#1756=CIRCLE('',#4799,0.0295275590551181);
#1757=CIRCLE('',#4802,0.015748031496063);
#1758=CIRCLE('',#4803,0.0295275590551181);
#1759=CIRCLE('',#4808,0.0157480314960632);
#1760=CIRCLE('',#4809,0.0295275590551181);
#1761=CIRCLE('',#4812,0.015748031496063);
#1762=CIRCLE('',#4813,0.0295275590551181);
#1763=CIRCLE('',#4817,0.0295275590551181);
#1764=CIRCLE('',#4820,0.0295275590551181);
#1765=CIRCLE('',#4824,0.0157480314960631);
#1766=CIRCLE('',#4825,0.0295275590551181);
#1767=CIRCLE('',#4828,0.0157480314960631);
#1768=CIRCLE('',#4829,0.0295275590551181);
#1769=CIRCLE('',#4833,0.0295275590551181);
#1770=CIRCLE('',#4837,0.0295275590551181);
#1771=CIRCLE('',#4840,0.0295275590551181);
#1772=CIRCLE('',#4844,0.0295275590551181);
#1773=CIRCLE('',#4847,0.0295275590551181);
#1774=CIRCLE('',#4851,0.0295275590551181);
#1775=CIRCLE('',#4854,0.0295275590551181);
#1776=CIRCLE('',#4858,0.0295275590551181);
#1777=CIRCLE('',#4861,0.0295275590551181);
#1778=CIRCLE('',#4865,0.0295275590551181);
#1779=CIRCLE('',#4868,0.0295275590551181);
#1780=CIRCLE('',#4872,0.0295275590551181);
#1781=CIRCLE('',#4877,1.26964247172458);
#1782=CIRCLE('',#4878,0.1);
#1783=CIRCLE('',#4879,0.1);
#1784=CIRCLE('',#4880,1.26964247172458);
#1785=CIRCLE('',#4881,0.1);
#1786=CIRCLE('',#4882,0.1);
#1787=CIRCLE('',#4883,1.26964247172458);
#1788=CIRCLE('',#4884,0.1);
#1789=CIRCLE('',#4885,0.1);
#1790=CIRCLE('',#4886,1.26964247172458);
#1791=CIRCLE('',#4887,0.1);
#1792=CIRCLE('',#4888,0.1);
#1793=CIRCLE('',#4889,1.26964247172458);
#1794=CIRCLE('',#4890,0.1);
#1795=CIRCLE('',#4891,0.1);
#1796=CIRCLE('',#4892,1.26964247172458);
#1797=CIRCLE('',#4893,0.1);
#1798=CIRCLE('',#4894,0.1);
#1799=CIRCLE('',#4895,1.26964247172458);
#1800=CIRCLE('',#4896,0.1);
#1801=CIRCLE('',#4897,0.1);
#1802=CIRCLE('',#4900,1.26964247172458);
#1803=CIRCLE('',#4902,0.139370078740157);
#1804=CIRCLE('',#4903,0.1);
#1805=CIRCLE('',#4906,0.1);
#1806=CIRCLE('',#4907,0.139370078740157);
#1807=CIRCLE('',#4909,0.86964247172458);
#1808=CIRCLE('',#4910,0.139370078740157);
#1809=CIRCLE('',#4911,0.139370078740157);
#1810=CIRCLE('',#4912,0.86964247172458);
#1811=CIRCLE('',#4913,0.139370078740157);
#1812=CIRCLE('',#4914,0.139370078740157);
#1813=CIRCLE('',#4915,0.86964247172458);
#1814=CIRCLE('',#4916,0.139370078740157);
#1815=CIRCLE('',#4917,0.139370078740157);
#1816=CIRCLE('',#4918,0.86964247172458);
#1817=CIRCLE('',#4919,0.139370078740157);
#1818=CIRCLE('',#4920,0.139370078740157);
#1819=CIRCLE('',#4921,0.86964247172458);
#1820=CIRCLE('',#4922,0.139370078740157);
#1821=CIRCLE('',#4923,0.139370078740157);
#1822=CIRCLE('',#4924,0.86964247172458);
#1823=CIRCLE('',#4925,0.139370078740158);
#1824=CIRCLE('',#4926,0.139370078740158);
#1825=CIRCLE('',#4927,0.86964247172458);
#1826=CIRCLE('',#4929,1.21106382796189);
#1827=CIRCLE('',#4935,1.26964247172458);
#1828=CIRCLE('',#4937,0.1);
#1829=CIRCLE('',#4940,0.1);
#1830=CIRCLE('',#4942,1.21106382796189);
#1831=CIRCLE('',#4948,1.26964247172458);
#1832=CIRCLE('',#4950,0.1);
#1833=CIRCLE('',#4953,0.1);
#1834=CIRCLE('',#4955,1.21106382796189);
#1835=CIRCLE('',#4961,1.26964247172458);
#1836=CIRCLE('',#4963,0.1);
#1837=CIRCLE('',#4966,0.1);
#1838=CIRCLE('',#4968,1.21106382796189);
#1839=CIRCLE('',#4974,1.26964247172458);
#1840=CIRCLE('',#4976,0.1);
#1841=CIRCLE('',#4979,0.1);
#1842=CIRCLE('',#4981,1.21106382796189);
#1843=CIRCLE('',#4988,0.1);
#1844=CIRCLE('',#4991,0.1);
#1845=CIRCLE('',#4993,1.21106382796189);
#1846=CIRCLE('',#5019,1.21106382796189);
#1847=CIRCLE('',#5021,1.26964247172458);
#1848=CIRCLE('',#5023,1.26964247172458);
#1849=CIRCLE('',#5033,0.0157480314960629);
#1850=CIRCLE('',#5034,0.0295275590551181);
#1851=CIRCLE('',#5037,0.0157480314960629);
#1852=CIRCLE('',#5038,0.0295275590551181);
#1853=CIRCLE('',#5042,0.0295275590551181);
#1854=CIRCLE('',#5045,0.0295275590551181);
#1855=CIRCLE('',#5049,0.0157480314960629);
#1856=CIRCLE('',#5050,0.0295275590551181);
#1857=CIRCLE('',#5053,0.0157480314960629);
#1858=CIRCLE('',#5054,0.0295275590551181);
#1859=CIRCLE('',#5058,0.0295275590551181);
#1860=CIRCLE('',#5062,0.0295275590551181);
#1861=CIRCLE('',#5068,0.1);
#1862=CIRCLE('',#5071,0.1);
#1863=VERTEX_POINT('',#6359);
#1864=VERTEX_POINT('',#6361);
#1865=VERTEX_POINT('',#6365);
#1866=VERTEX_POINT('',#6367);
#1867=VERTEX_POINT('',#6371);
#1868=VERTEX_POINT('',#6373);
#1869=VERTEX_POINT('',#6377);
#1870=VERTEX_POINT('',#6379);
#1871=VERTEX_POINT('',#6383);
#1872=VERTEX_POINT('',#6385);
#1873=VERTEX_POINT('',#6389);
#1874=VERTEX_POINT('',#6390);
#1875=VERTEX_POINT('',#6392);
#1876=VERTEX_POINT('',#6394);
#1877=VERTEX_POINT('',#6398);
#1878=VERTEX_POINT('',#6399);
#1879=VERTEX_POINT('',#6404);
#1880=VERTEX_POINT('',#6405);
#1881=VERTEX_POINT('',#6410);
#1882=VERTEX_POINT('',#6411);
#1883=VERTEX_POINT('',#6416);
#1884=VERTEX_POINT('',#6417);
#1885=VERTEX_POINT('',#6422);
#1886=VERTEX_POINT('',#6424);
#1887=VERTEX_POINT('',#6428);
#1888=VERTEX_POINT('',#6432);
#1889=VERTEX_POINT('',#6436);
#1890=VERTEX_POINT('',#6440);
#1891=VERTEX_POINT('',#6444);
#1892=VERTEX_POINT('',#6445);
#1893=VERTEX_POINT('',#6447);
#1894=VERTEX_POINT('',#6449);
#1895=VERTEX_POINT('',#6453);
#1896=VERTEX_POINT('',#6455);
#1897=VERTEX_POINT('',#6459);
#1898=VERTEX_POINT('',#6461);
#1899=VERTEX_POINT('',#6465);
#1900=VERTEX_POINT('',#6467);
#1901=VERTEX_POINT('',#6471);
#1902=VERTEX_POINT('',#6472);
#1903=VERTEX_POINT('',#6479);
#1904=VERTEX_POINT('',#6480);
#1905=VERTEX_POINT('',#6482);
#1906=VERTEX_POINT('',#6484);
#1907=VERTEX_POINT('',#6488);
#1908=VERTEX_POINT('',#6489);
#1909=VERTEX_POINT('',#6494);
#1910=VERTEX_POINT('',#6495);
#1911=VERTEX_POINT('',#6500);
#1912=VERTEX_POINT('',#6501);
#1913=VERTEX_POINT('',#6506);
#1914=VERTEX_POINT('',#6507);
#1915=VERTEX_POINT('',#6512);
#1916=VERTEX_POINT('',#6514);
#1917=VERTEX_POINT('',#6518);
#1918=VERTEX_POINT('',#6522);
#1919=VERTEX_POINT('',#6526);
#1920=VERTEX_POINT('',#6530);
#1921=VERTEX_POINT('',#6534);
#1922=VERTEX_POINT('',#6535);
#1923=VERTEX_POINT('',#6537);
#1924=VERTEX_POINT('',#6539);
#1925=VERTEX_POINT('',#6543);
#1926=VERTEX_POINT('',#6545);
#1927=VERTEX_POINT('',#6549);
#1928=VERTEX_POINT('',#6551);
#1929=VERTEX_POINT('',#6555);
#1930=VERTEX_POINT('',#6557);
#1931=VERTEX_POINT('',#6561);
#1932=VERTEX_POINT('',#6562);
#1933=VERTEX_POINT('',#6569);
#1934=VERTEX_POINT('',#6570);
#1935=VERTEX_POINT('',#6572);
#1936=VERTEX_POINT('',#6574);
#1937=VERTEX_POINT('',#6578);
#1938=VERTEX_POINT('',#6579);
#1939=VERTEX_POINT('',#6584);
#1940=VERTEX_POINT('',#6585);
#1941=VERTEX_POINT('',#6590);
#1942=VERTEX_POINT('',#6591);
#1943=VERTEX_POINT('',#6596);
#1944=VERTEX_POINT('',#6597);
#1945=VERTEX_POINT('',#6602);
#1946=VERTEX_POINT('',#6604);
#1947=VERTEX_POINT('',#6608);
#1948=VERTEX_POINT('',#6612);
#1949=VERTEX_POINT('',#6616);
#1950=VERTEX_POINT('',#6620);
#1951=VERTEX_POINT('',#6624);
#1952=VERTEX_POINT('',#6625);
#1953=VERTEX_POINT('',#6627);
#1954=VERTEX_POINT('',#6629);
#1955=VERTEX_POINT('',#6633);
#1956=VERTEX_POINT('',#6635);
#1957=VERTEX_POINT('',#6639);
#1958=VERTEX_POINT('',#6641);
#1959=VERTEX_POINT('',#6645);
#1960=VERTEX_POINT('',#6647);
#1961=VERTEX_POINT('',#6651);
#1962=VERTEX_POINT('',#6652);
#1963=VERTEX_POINT('',#6659);
#1964=VERTEX_POINT('',#6660);
#1965=VERTEX_POINT('',#6662);
#1966=VERTEX_POINT('',#6664);
#1967=VERTEX_POINT('',#6668);
#1968=VERTEX_POINT('',#6669);
#1969=VERTEX_POINT('',#6674);
#1970=VERTEX_POINT('',#6675);
#1971=VERTEX_POINT('',#6680);
#1972=VERTEX_POINT('',#6681);
#1973=VERTEX_POINT('',#6686);
#1974=VERTEX_POINT('',#6687);
#1975=VERTEX_POINT('',#6692);
#1976=VERTEX_POINT('',#6694);
#1977=VERTEX_POINT('',#6698);
#1978=VERTEX_POINT('',#6702);
#1979=VERTEX_POINT('',#6706);
#1980=VERTEX_POINT('',#6710);
#1981=VERTEX_POINT('',#6714);
#1982=VERTEX_POINT('',#6715);
#1983=VERTEX_POINT('',#6717);
#1984=VERTEX_POINT('',#6719);
#1985=VERTEX_POINT('',#6723);
#1986=VERTEX_POINT('',#6725);
#1987=VERTEX_POINT('',#6729);
#1988=VERTEX_POINT('',#6731);
#1989=VERTEX_POINT('',#6735);
#1990=VERTEX_POINT('',#6737);
#1991=VERTEX_POINT('',#6741);
#1992=VERTEX_POINT('',#6742);
#1993=VERTEX_POINT('',#6749);
#1994=VERTEX_POINT('',#6750);
#1995=VERTEX_POINT('',#6752);
#1996=VERTEX_POINT('',#6754);
#1997=VERTEX_POINT('',#6758);
#1998=VERTEX_POINT('',#6759);
#1999=VERTEX_POINT('',#6764);
#2000=VERTEX_POINT('',#6765);
#2001=VERTEX_POINT('',#6770);
#2002=VERTEX_POINT('',#6771);
#2003=VERTEX_POINT('',#6776);
#2004=VERTEX_POINT('',#6777);
#2005=VERTEX_POINT('',#6782);
#2006=VERTEX_POINT('',#6784);
#2007=VERTEX_POINT('',#6788);
#2008=VERTEX_POINT('',#6792);
#2009=VERTEX_POINT('',#6796);
#2010=VERTEX_POINT('',#6800);
#2011=VERTEX_POINT('',#6804);
#2012=VERTEX_POINT('',#6805);
#2013=VERTEX_POINT('',#6807);
#2014=VERTEX_POINT('',#6809);
#2015=VERTEX_POINT('',#6813);
#2016=VERTEX_POINT('',#6815);
#2017=VERTEX_POINT('',#6819);
#2018=VERTEX_POINT('',#6821);
#2019=VERTEX_POINT('',#6825);
#2020=VERTEX_POINT('',#6827);
#2021=VERTEX_POINT('',#6831);
#2022=VERTEX_POINT('',#6832);
#2023=VERTEX_POINT('',#6839);
#2024=VERTEX_POINT('',#6840);
#2025=VERTEX_POINT('',#6842);
#2026=VERTEX_POINT('',#6844);
#2027=VERTEX_POINT('',#6848);
#2028=VERTEX_POINT('',#6849);
#2029=VERTEX_POINT('',#6854);
#2030=VERTEX_POINT('',#6855);
#2031=VERTEX_POINT('',#6860);
#2032=VERTEX_POINT('',#6861);
#2033=VERTEX_POINT('',#6866);
#2034=VERTEX_POINT('',#6867);
#2035=VERTEX_POINT('',#6872);
#2036=VERTEX_POINT('',#6874);
#2037=VERTEX_POINT('',#6878);
#2038=VERTEX_POINT('',#6882);
#2039=VERTEX_POINT('',#6886);
#2040=VERTEX_POINT('',#6890);
#2041=VERTEX_POINT('',#6894);
#2042=VERTEX_POINT('',#6895);
#2043=VERTEX_POINT('',#6897);
#2044=VERTEX_POINT('',#6899);
#2045=VERTEX_POINT('',#6903);
#2046=VERTEX_POINT('',#6905);
#2047=VERTEX_POINT('',#6909);
#2048=VERTEX_POINT('',#6911);
#2049=VERTEX_POINT('',#6915);
#2050=VERTEX_POINT('',#6917);
#2051=VERTEX_POINT('',#6921);
#2052=VERTEX_POINT('',#6922);
#2053=VERTEX_POINT('',#6929);
#2054=VERTEX_POINT('',#6931);
#2055=VERTEX_POINT('',#6935);
#2056=VERTEX_POINT('',#6941);
#2057=VERTEX_POINT('',#6943);
#2058=VERTEX_POINT('',#6949);
#2059=VERTEX_POINT('',#6951);
#2060=VERTEX_POINT('',#6955);
#2061=VERTEX_POINT('',#6961);
#2062=VERTEX_POINT('',#6963);
#2063=VERTEX_POINT('',#6969);
#2064=VERTEX_POINT('',#6971);
#2065=VERTEX_POINT('',#6975);
#2066=VERTEX_POINT('',#6981);
#2067=VERTEX_POINT('',#6983);
#2068=VERTEX_POINT('',#6989);
#2069=VERTEX_POINT('',#6991);
#2070=VERTEX_POINT('',#6995);
#2071=VERTEX_POINT('',#7001);
#2072=VERTEX_POINT('',#7003);
#2073=VERTEX_POINT('',#7009);
#2074=VERTEX_POINT('',#7011);
#2075=VERTEX_POINT('',#7015);
#2076=VERTEX_POINT('',#7021);
#2077=VERTEX_POINT('',#7023);
#2078=VERTEX_POINT('',#7029);
#2079=VERTEX_POINT('',#7031);
#2080=VERTEX_POINT('',#7035);
#2081=VERTEX_POINT('',#7041);
#2082=VERTEX_POINT('',#7043);
#2083=VERTEX_POINT('',#7049);
#2084=VERTEX_POINT('',#7050);
#2085=VERTEX_POINT('',#7054);
#2086=VERTEX_POINT('',#7056);
#2087=VERTEX_POINT('',#7061);
#2088=VERTEX_POINT('',#7063);
#2089=VERTEX_POINT('',#7065);
#2090=VERTEX_POINT('',#7067);
#2091=VERTEX_POINT('',#7075);
#2092=VERTEX_POINT('',#7077);
#2093=VERTEX_POINT('',#7080);
#2094=VERTEX_POINT('',#7082);
#2095=VERTEX_POINT('',#7084);
#2096=VERTEX_POINT('',#7086);
#2097=VERTEX_POINT('',#7088);
#2098=VERTEX_POINT('',#7091);
#2099=VERTEX_POINT('',#7093);
#2100=VERTEX_POINT('',#7095);
#2101=VERTEX_POINT('',#7097);
#2102=VERTEX_POINT('',#7100);
#2103=VERTEX_POINT('',#7102);
#2104=VERTEX_POINT('',#7104);
#2105=VERTEX_POINT('',#7106);
#2106=VERTEX_POINT('',#7108);
#2107=VERTEX_POINT('',#7111);
#2108=VERTEX_POINT('',#7113);
#2109=VERTEX_POINT('',#7115);
#2110=VERTEX_POINT('',#7117);
#2111=VERTEX_POINT('',#7120);
#2112=VERTEX_POINT('',#7122);
#2113=VERTEX_POINT('',#7124);
#2114=VERTEX_POINT('',#7126);
#2115=VERTEX_POINT('',#7128);
#2116=VERTEX_POINT('',#7131);
#2117=VERTEX_POINT('',#7133);
#2118=VERTEX_POINT('',#7135);
#2119=VERTEX_POINT('',#7137);
#2120=VERTEX_POINT('',#7140);
#2121=VERTEX_POINT('',#7142);
#2122=VERTEX_POINT('',#7144);
#2123=VERTEX_POINT('',#7146);
#2124=VERTEX_POINT('',#7148);
#2125=VERTEX_POINT('',#7151);
#2126=VERTEX_POINT('',#7153);
#2127=VERTEX_POINT('',#7155);
#2128=VERTEX_POINT('',#7157);
#2129=VERTEX_POINT('',#7160);
#2130=VERTEX_POINT('',#7162);
#2131=VERTEX_POINT('',#7164);
#2132=VERTEX_POINT('',#7166);
#2133=VERTEX_POINT('',#7168);
#2134=VERTEX_POINT('',#7171);
#2135=VERTEX_POINT('',#7173);
#2136=VERTEX_POINT('',#7175);
#2137=VERTEX_POINT('',#7177);
#2138=VERTEX_POINT('',#7179);
#2139=VERTEX_POINT('',#7181);
#2140=VERTEX_POINT('',#7183);
#2141=VERTEX_POINT('',#7185);
#2142=VERTEX_POINT('',#7187);
#2143=VERTEX_POINT('',#7189);
#2144=VERTEX_POINT('',#7191);
#2145=VERTEX_POINT('',#7193);
#2146=VERTEX_POINT('',#7195);
#2147=VERTEX_POINT('',#7197);
#2148=VERTEX_POINT('',#7199);
#2149=VERTEX_POINT('',#7201);
#2150=VERTEX_POINT('',#7203);
#2151=VERTEX_POINT('',#7205);
#2152=VERTEX_POINT('',#7207);
#2153=VERTEX_POINT('',#7209);
#2154=VERTEX_POINT('',#7211);
#2155=VERTEX_POINT('',#7213);
#2156=VERTEX_POINT('',#7215);
#2157=VERTEX_POINT('',#7217);
#2158=VERTEX_POINT('',#7220);
#2159=VERTEX_POINT('',#7222);
#2160=VERTEX_POINT('',#7224);
#2161=VERTEX_POINT('',#7229);
#2162=VERTEX_POINT('',#7231);
#2163=VERTEX_POINT('',#7237);
#2164=VERTEX_POINT('',#7241);
#2165=VERTEX_POINT('',#7242);
#2166=VERTEX_POINT('',#7251);
#2167=VERTEX_POINT('',#7253);
#2168=VERTEX_POINT('',#7257);
#2169=VERTEX_POINT('',#7259);
#2170=VERTEX_POINT('',#7263);
#2171=VERTEX_POINT('',#7264);
#2172=VERTEX_POINT('',#7276);
#2173=VERTEX_POINT('',#7278);
#2174=VERTEX_POINT('',#7280);
#2175=VERTEX_POINT('',#7282);
#2176=VERTEX_POINT('',#7284);
#2177=VERTEX_POINT('',#7286);
#2178=VERTEX_POINT('',#7288);
#2179=VERTEX_POINT('',#7290);
#2180=VERTEX_POINT('',#7292);
#2181=VERTEX_POINT('',#7294);
#2182=VERTEX_POINT('',#7296);
#2183=VERTEX_POINT('',#7298);
#2184=VERTEX_POINT('',#7300);
#2185=VERTEX_POINT('',#7302);
#2186=VERTEX_POINT('',#7304);
#2187=VERTEX_POINT('',#7306);
#2188=VERTEX_POINT('',#7308);
#2189=VERTEX_POINT('',#7310);
#2190=VERTEX_POINT('',#7312);
#2191=VERTEX_POINT('',#7314);
#2192=VERTEX_POINT('',#7316);
#2193=VERTEX_POINT('',#7318);
#2194=VERTEX_POINT('',#7320);
#2195=VERTEX_POINT('',#7322);
#2196=VERTEX_POINT('',#7326);
#2197=VERTEX_POINT('',#7331);
#2198=VERTEX_POINT('',#7335);
#2199=VERTEX_POINT('',#7337);
#2200=VERTEX_POINT('',#7341);
#2201=VERTEX_POINT('',#7358);
#2202=VERTEX_POINT('',#7359);
#2203=VERTEX_POINT('',#7367);
#2204=VERTEX_POINT('',#7369);
#2205=VERTEX_POINT('',#7377);
#2206=VERTEX_POINT('',#7379);
#2207=VERTEX_POINT('',#7387);
#2208=VERTEX_POINT('',#7396);
#2209=VERTEX_POINT('',#7400);
#2210=VERTEX_POINT('',#7404);
#2211=VERTEX_POINT('',#7415);
#2212=VERTEX_POINT('',#7420);
#2213=VERTEX_POINT('',#7433);
#2214=VERTEX_POINT('',#7434);
#2215=VERTEX_POINT('',#7442);
#2216=VERTEX_POINT('',#7444);
#2217=VERTEX_POINT('',#7452);
#2218=VERTEX_POINT('',#7454);
#2219=VERTEX_POINT('',#7462);
#2220=VERTEX_POINT('',#7471);
#2221=VERTEX_POINT('',#7475);
#2222=VERTEX_POINT('',#7479);
#2223=VERTEX_POINT('',#7490);
#2224=VERTEX_POINT('',#7495);
#2225=VERTEX_POINT('',#7508);
#2226=VERTEX_POINT('',#7509);
#2227=VERTEX_POINT('',#7517);
#2228=VERTEX_POINT('',#7519);
#2229=VERTEX_POINT('',#7527);
#2230=VERTEX_POINT('',#7529);
#2231=VERTEX_POINT('',#7537);
#2232=VERTEX_POINT('',#7546);
#2233=VERTEX_POINT('',#7550);
#2234=VERTEX_POINT('',#7554);
#2235=VERTEX_POINT('',#7565);
#2236=VERTEX_POINT('',#7570);
#2237=VERTEX_POINT('',#7583);
#2238=VERTEX_POINT('',#7584);
#2239=VERTEX_POINT('',#7592);
#2240=VERTEX_POINT('',#7594);
#2241=VERTEX_POINT('',#7602);
#2242=VERTEX_POINT('',#7604);
#2243=VERTEX_POINT('',#7612);
#2244=VERTEX_POINT('',#7621);
#2245=VERTEX_POINT('',#7625);
#2246=VERTEX_POINT('',#7629);
#2247=VERTEX_POINT('',#7640);
#2248=VERTEX_POINT('',#7645);
#2249=VERTEX_POINT('',#7658);
#2250=VERTEX_POINT('',#7659);
#2251=VERTEX_POINT('',#7667);
#2252=VERTEX_POINT('',#7669);
#2253=VERTEX_POINT('',#7677);
#2254=VERTEX_POINT('',#7679);
#2255=VERTEX_POINT('',#7685);
#2256=VERTEX_POINT('',#7689);
#2257=VERTEX_POINT('',#7695);
#2258=VERTEX_POINT('',#7704);
#2259=VERTEX_POINT('',#7708);
#2260=VERTEX_POINT('',#7712);
#2261=VERTEX_POINT('',#7783);
#2262=VERTEX_POINT('',#7793);
#2263=VERTEX_POINT('',#7798);
#2264=VERTEX_POINT('',#7804);
#2265=VERTEX_POINT('',#7808);
#2266=VERTEX_POINT('',#7820);
#2267=VERTEX_POINT('',#7831);
#2268=VERTEX_POINT('',#7833);
#2269=VERTEX_POINT('',#7837);
#2270=VERTEX_POINT('',#7838);
#2271=VERTEX_POINT('',#7843);
#2272=VERTEX_POINT('',#7844);
#2273=VERTEX_POINT('',#7849);
#2274=VERTEX_POINT('',#7850);
#2275=VERTEX_POINT('',#7858);
#2276=VERTEX_POINT('',#7862);
#2277=VERTEX_POINT('',#7866);
#2278=VERTEX_POINT('',#7870);
#2279=VERTEX_POINT('',#7876);
#2280=VERTEX_POINT('',#7878);
#2281=VERTEX_POINT('',#7882);
#2282=VERTEX_POINT('',#7884);
#2283=VERTEX_POINT('',#7888);
#2284=VERTEX_POINT('',#7890);
#2285=VERTEX_POINT('',#7894);
#2286=VERTEX_POINT('',#7896);
#2287=VERTEX_POINT('',#7904);
#2288=VERTEX_POINT('',#7906);
#2289=VERTEX_POINT('',#7913);
#2290=VERTEX_POINT('',#7915);
#2291=VERTEX_POINT('',#7927);
#2292=VERTEX_POINT('',#7931);
#2293=EDGE_CURVE('',#1863,#1863,#1699,.T.);
#2294=EDGE_CURVE('',#1863,#1864,#807,.T.);
#2295=EDGE_CURVE('',#1864,#1864,#1700,.T.);
#2296=EDGE_CURVE('',#1865,#1865,#1701,.T.);
#2297=EDGE_CURVE('',#1865,#1866,#808,.T.);
#2298=EDGE_CURVE('',#1866,#1866,#1702,.T.);
#2299=EDGE_CURVE('',#1867,#1867,#1703,.T.);
#2300=EDGE_CURVE('',#1867,#1868,#809,.T.);
#2301=EDGE_CURVE('',#1868,#1868,#1704,.T.);
#2302=EDGE_CURVE('',#1869,#1869,#1705,.T.);
#2303=EDGE_CURVE('',#1869,#1870,#810,.T.);
#2304=EDGE_CURVE('',#1870,#1870,#1706,.T.);
#2305=EDGE_CURVE('',#1871,#1871,#1707,.T.);
#2306=EDGE_CURVE('',#1871,#1872,#811,.T.);
#2307=EDGE_CURVE('',#1872,#1872,#1708,.T.);
#2308=EDGE_CURVE('',#1873,#1874,#812,.T.);
#2309=EDGE_CURVE('',#1874,#1875,#813,.T.);
#2310=EDGE_CURVE('',#1875,#1876,#814,.T.);
#2311=EDGE_CURVE('',#1876,#1873,#815,.T.);
#2312=EDGE_CURVE('',#1877,#1878,#816,.T.);
#2313=EDGE_CURVE('',#1878,#1876,#1709,.T.);
#2314=EDGE_CURVE('',#1875,#1877,#1710,.T.);
#2315=EDGE_CURVE('',#1879,#1880,#817,.T.);
#2316=EDGE_CURVE('',#1880,#1878,#818,.T.);
#2317=EDGE_CURVE('',#1877,#1879,#819,.T.);
#2318=EDGE_CURVE('',#1881,#1882,#820,.T.);
#2319=EDGE_CURVE('',#1882,#1880,#1711,.T.);
#2320=EDGE_CURVE('',#1879,#1881,#1712,.T.);
#2321=EDGE_CURVE('',#1883,#1884,#821,.T.);
#2322=EDGE_CURVE('',#1884,#1882,#822,.T.);
#2323=EDGE_CURVE('',#1881,#1883,#823,.T.);
#2324=EDGE_CURVE('',#1885,#1881,#824,.T.);
#2325=EDGE_CURVE('',#1886,#1885,#825,.T.);
#2326=EDGE_CURVE('',#1883,#1886,#826,.T.);
#2327=EDGE_CURVE('',#1879,#1887,#827,.T.);
#2328=EDGE_CURVE('',#1887,#1885,#1713,.T.);
#2329=EDGE_CURVE('',#1888,#1877,#828,.T.);
#2330=EDGE_CURVE('',#1887,#1888,#829,.T.);
#2331=EDGE_CURVE('',#1875,#1889,#830,.T.);
#2332=EDGE_CURVE('',#1889,#1888,#1714,.T.);
#2333=EDGE_CURVE('',#1890,#1874,#831,.T.);
#2334=EDGE_CURVE('',#1889,#1890,#832,.T.);
#2335=EDGE_CURVE('',#1891,#1892,#833,.T.);
#2336=EDGE_CURVE('',#1892,#1893,#834,.T.);
#2337=EDGE_CURVE('',#1893,#1894,#835,.T.);
#2338=EDGE_CURVE('',#1894,#1891,#836,.T.);
#2339=EDGE_CURVE('',#1893,#1895,#1715,.T.);
#2340=EDGE_CURVE('',#1895,#1896,#837,.T.);
#2341=EDGE_CURVE('',#1896,#1894,#1716,.T.);
#2342=EDGE_CURVE('',#1895,#1897,#838,.T.);
#2343=EDGE_CURVE('',#1897,#1898,#839,.T.);
#2344=EDGE_CURVE('',#1898,#1896,#840,.T.);
#2345=EDGE_CURVE('',#1897,#1899,#1717,.T.);
#2346=EDGE_CURVE('',#1899,#1900,#841,.T.);
#2347=EDGE_CURVE('',#1900,#1898,#1718,.T.);
#2348=EDGE_CURVE('',#1901,#1902,#842,.T.);
#2349=EDGE_CURVE('',#1902,#1900,#843,.T.);
#2350=EDGE_CURVE('',#1899,#1901,#844,.T.);
#2351=EDGE_CURVE('',#1901,#1892,#845,.T.);
#2352=EDGE_CURVE('',#1903,#1904,#846,.T.);
#2353=EDGE_CURVE('',#1904,#1905,#847,.T.);
#2354=EDGE_CURVE('',#1905,#1906,#848,.T.);
#2355=EDGE_CURVE('',#1906,#1903,#849,.T.);
#2356=EDGE_CURVE('',#1907,#1908,#850,.T.);
#2357=EDGE_CURVE('',#1908,#1906,#1719,.T.);
#2358=EDGE_CURVE('',#1905,#1907,#1720,.T.);
#2359=EDGE_CURVE('',#1909,#1910,#851,.T.);
#2360=EDGE_CURVE('',#1910,#1908,#852,.T.);
#2361=EDGE_CURVE('',#1907,#1909,#853,.T.);
#2362=EDGE_CURVE('',#1911,#1912,#854,.T.);
#2363=EDGE_CURVE('',#1912,#1910,#1721,.T.);
#2364=EDGE_CURVE('',#1909,#1911,#1722,.T.);
#2365=EDGE_CURVE('',#1913,#1914,#855,.T.);
#2366=EDGE_CURVE('',#1914,#1912,#856,.T.);
#2367=EDGE_CURVE('',#1911,#1913,#857,.T.);
#2368=EDGE_CURVE('',#1915,#1911,#858,.T.);
#2369=EDGE_CURVE('',#1916,#1915,#859,.T.);
#2370=EDGE_CURVE('',#1913,#1916,#860,.T.);
#2371=EDGE_CURVE('',#1909,#1917,#861,.T.);
#2372=EDGE_CURVE('',#1917,#1915,#1723,.T.);
#2373=EDGE_CURVE('',#1918,#1907,#862,.T.);
#2374=EDGE_CURVE('',#1917,#1918,#863,.T.);
#2375=EDGE_CURVE('',#1905,#1919,#864,.T.);
#2376=EDGE_CURVE('',#1919,#1918,#1724,.T.);
#2377=EDGE_CURVE('',#1920,#1904,#865,.T.);
#2378=EDGE_CURVE('',#1919,#1920,#866,.T.);
#2379=EDGE_CURVE('',#1921,#1922,#867,.T.);
#2380=EDGE_CURVE('',#1922,#1923,#868,.T.);
#2381=EDGE_CURVE('',#1923,#1924,#869,.T.);
#2382=EDGE_CURVE('',#1924,#1921,#870,.T.);
#2383=EDGE_CURVE('',#1923,#1925,#1725,.T.);
#2384=EDGE_CURVE('',#1925,#1926,#871,.T.);
#2385=EDGE_CURVE('',#1926,#1924,#1726,.T.);
#2386=EDGE_CURVE('',#1925,#1927,#872,.T.);
#2387=EDGE_CURVE('',#1927,#1928,#873,.T.);
#2388=EDGE_CURVE('',#1928,#1926,#874,.T.);
#2389=EDGE_CURVE('',#1927,#1929,#1727,.T.);
#2390=EDGE_CURVE('',#1929,#1930,#875,.T.);
#2391=EDGE_CURVE('',#1930,#1928,#1728,.T.);
#2392=EDGE_CURVE('',#1931,#1932,#876,.T.);
#2393=EDGE_CURVE('',#1932,#1930,#877,.T.);
#2394=EDGE_CURVE('',#1929,#1931,#878,.T.);
#2395=EDGE_CURVE('',#1931,#1922,#879,.T.);
#2396=EDGE_CURVE('',#1933,#1934,#880,.T.);
#2397=EDGE_CURVE('',#1934,#1935,#881,.T.);
#2398=EDGE_CURVE('',#1935,#1936,#882,.T.);
#2399=EDGE_CURVE('',#1936,#1933,#883,.T.);
#2400=EDGE_CURVE('',#1937,#1938,#884,.T.);
#2401=EDGE_CURVE('',#1938,#1936,#1729,.T.);
#2402=EDGE_CURVE('',#1935,#1937,#1730,.T.);
#2403=EDGE_CURVE('',#1939,#1940,#885,.T.);
#2404=EDGE_CURVE('',#1940,#1938,#886,.T.);
#2405=EDGE_CURVE('',#1937,#1939,#887,.T.);
#2406=EDGE_CURVE('',#1941,#1942,#888,.T.);
#2407=EDGE_CURVE('',#1942,#1940,#1731,.T.);
#2408=EDGE_CURVE('',#1939,#1941,#1732,.T.);
#2409=EDGE_CURVE('',#1943,#1944,#889,.T.);
#2410=EDGE_CURVE('',#1944,#1942,#890,.T.);
#2411=EDGE_CURVE('',#1941,#1943,#891,.T.);
#2412=EDGE_CURVE('',#1945,#1941,#892,.T.);
#2413=EDGE_CURVE('',#1946,#1945,#893,.T.);
#2414=EDGE_CURVE('',#1943,#1946,#894,.T.);
#2415=EDGE_CURVE('',#1939,#1947,#895,.T.);
#2416=EDGE_CURVE('',#1947,#1945,#1733,.T.);
#2417=EDGE_CURVE('',#1948,#1937,#896,.T.);
#2418=EDGE_CURVE('',#1947,#1948,#897,.T.);
#2419=EDGE_CURVE('',#1935,#1949,#898,.T.);
#2420=EDGE_CURVE('',#1949,#1948,#1734,.T.);
#2421=EDGE_CURVE('',#1950,#1934,#899,.T.);
#2422=EDGE_CURVE('',#1949,#1950,#900,.T.);
#2423=EDGE_CURVE('',#1951,#1952,#901,.T.);
#2424=EDGE_CURVE('',#1952,#1953,#902,.T.);
#2425=EDGE_CURVE('',#1953,#1954,#903,.T.);
#2426=EDGE_CURVE('',#1954,#1951,#904,.T.);
#2427=EDGE_CURVE('',#1953,#1955,#1735,.T.);
#2428=EDGE_CURVE('',#1955,#1956,#905,.T.);
#2429=EDGE_CURVE('',#1956,#1954,#1736,.T.);
#2430=EDGE_CURVE('',#1955,#1957,#906,.T.);
#2431=EDGE_CURVE('',#1957,#1958,#907,.T.);
#2432=EDGE_CURVE('',#1958,#1956,#908,.T.);
#2433=EDGE_CURVE('',#1957,#1959,#1737,.T.);
#2434=EDGE_CURVE('',#1959,#1960,#909,.T.);
#2435=EDGE_CURVE('',#1960,#1958,#1738,.T.);
#2436=EDGE_CURVE('',#1961,#1962,#910,.T.);
#2437=EDGE_CURVE('',#1962,#1960,#911,.T.);
#2438=EDGE_CURVE('',#1959,#1961,#912,.T.);
#2439=EDGE_CURVE('',#1961,#1952,#913,.T.);
#2440=EDGE_CURVE('',#1963,#1964,#914,.T.);
#2441=EDGE_CURVE('',#1964,#1965,#915,.T.);
#2442=EDGE_CURVE('',#1965,#1966,#916,.T.);
#2443=EDGE_CURVE('',#1966,#1963,#917,.T.);
#2444=EDGE_CURVE('',#1967,#1968,#918,.T.);
#2445=EDGE_CURVE('',#1968,#1966,#1739,.T.);
#2446=EDGE_CURVE('',#1965,#1967,#1740,.T.);
#2447=EDGE_CURVE('',#1969,#1970,#919,.T.);
#2448=EDGE_CURVE('',#1970,#1968,#920,.T.);
#2449=EDGE_CURVE('',#1967,#1969,#921,.T.);
#2450=EDGE_CURVE('',#1971,#1972,#922,.T.);
#2451=EDGE_CURVE('',#1972,#1970,#1741,.T.);
#2452=EDGE_CURVE('',#1969,#1971,#1742,.T.);
#2453=EDGE_CURVE('',#1973,#1974,#923,.T.);
#2454=EDGE_CURVE('',#1974,#1972,#924,.T.);
#2455=EDGE_CURVE('',#1971,#1973,#925,.T.);
#2456=EDGE_CURVE('',#1975,#1971,#926,.T.);
#2457=EDGE_CURVE('',#1976,#1975,#927,.T.);
#2458=EDGE_CURVE('',#1973,#1976,#928,.T.);
#2459=EDGE_CURVE('',#1969,#1977,#929,.T.);
#2460=EDGE_CURVE('',#1977,#1975,#1743,.T.);
#2461=EDGE_CURVE('',#1978,#1967,#930,.T.);
#2462=EDGE_CURVE('',#1977,#1978,#931,.T.);
#2463=EDGE_CURVE('',#1965,#1979,#932,.T.);
#2464=EDGE_CURVE('',#1979,#1978,#1744,.T.);
#2465=EDGE_CURVE('',#1980,#1964,#933,.T.);
#2466=EDGE_CURVE('',#1979,#1980,#934,.T.);
#2467=EDGE_CURVE('',#1981,#1982,#935,.T.);
#2468=EDGE_CURVE('',#1982,#1983,#936,.T.);
#2469=EDGE_CURVE('',#1983,#1984,#937,.T.);
#2470=EDGE_CURVE('',#1984,#1981,#938,.T.);
#2471=EDGE_CURVE('',#1983,#1985,#1745,.T.);
#2472=EDGE_CURVE('',#1985,#1986,#939,.T.);
#2473=EDGE_CURVE('',#1986,#1984,#1746,.T.);
#2474=EDGE_CURVE('',#1985,#1987,#940,.T.);
#2475=EDGE_CURVE('',#1987,#1988,#941,.T.);
#2476=EDGE_CURVE('',#1988,#1986,#942,.T.);
#2477=EDGE_CURVE('',#1987,#1989,#1747,.T.);
#2478=EDGE_CURVE('',#1989,#1990,#943,.T.);
#2479=EDGE_CURVE('',#1990,#1988,#1748,.T.);
#2480=EDGE_CURVE('',#1991,#1992,#944,.T.);
#2481=EDGE_CURVE('',#1992,#1990,#945,.T.);
#2482=EDGE_CURVE('',#1989,#1991,#946,.T.);
#2483=EDGE_CURVE('',#1991,#1982,#947,.T.);
#2484=EDGE_CURVE('',#1993,#1994,#948,.T.);
#2485=EDGE_CURVE('',#1994,#1995,#949,.T.);
#2486=EDGE_CURVE('',#1995,#1996,#950,.T.);
#2487=EDGE_CURVE('',#1996,#1993,#951,.T.);
#2488=EDGE_CURVE('',#1997,#1998,#952,.T.);
#2489=EDGE_CURVE('',#1998,#1996,#1749,.T.);
#2490=EDGE_CURVE('',#1995,#1997,#1750,.T.);
#2491=EDGE_CURVE('',#1999,#2000,#953,.T.);
#2492=EDGE_CURVE('',#2000,#1998,#954,.T.);
#2493=EDGE_CURVE('',#1997,#1999,#955,.T.);
#2494=EDGE_CURVE('',#2001,#2002,#956,.T.);
#2495=EDGE_CURVE('',#2002,#2000,#1751,.T.);
#2496=EDGE_CURVE('',#1999,#2001,#1752,.T.);
#2497=EDGE_CURVE('',#2003,#2004,#957,.T.);
#2498=EDGE_CURVE('',#2004,#2002,#958,.T.);
#2499=EDGE_CURVE('',#2001,#2003,#959,.T.);
#2500=EDGE_CURVE('',#2005,#2001,#960,.T.);
#2501=EDGE_CURVE('',#2006,#2005,#961,.T.);
#2502=EDGE_CURVE('',#2003,#2006,#962,.T.);
#2503=EDGE_CURVE('',#1999,#2007,#963,.T.);
#2504=EDGE_CURVE('',#2007,#2005,#1753,.T.);
#2505=EDGE_CURVE('',#2008,#1997,#964,.T.);
#2506=EDGE_CURVE('',#2007,#2008,#965,.T.);
#2507=EDGE_CURVE('',#1995,#2009,#966,.T.);
#2508=EDGE_CURVE('',#2009,#2008,#1754,.T.);
#2509=EDGE_CURVE('',#2010,#1994,#967,.T.);
#2510=EDGE_CURVE('',#2009,#2010,#968,.T.);
#2511=EDGE_CURVE('',#2011,#2012,#969,.T.);
#2512=EDGE_CURVE('',#2012,#2013,#970,.T.);
#2513=EDGE_CURVE('',#2013,#2014,#971,.T.);
#2514=EDGE_CURVE('',#2014,#2011,#972,.T.);
#2515=EDGE_CURVE('',#2013,#2015,#1755,.T.);
#2516=EDGE_CURVE('',#2015,#2016,#973,.T.);
#2517=EDGE_CURVE('',#2016,#2014,#1756,.T.);
#2518=EDGE_CURVE('',#2015,#2017,#974,.T.);
#2519=EDGE_CURVE('',#2017,#2018,#975,.T.);
#2520=EDGE_CURVE('',#2018,#2016,#976,.T.);
#2521=EDGE_CURVE('',#2017,#2019,#1757,.T.);
#2522=EDGE_CURVE('',#2019,#2020,#977,.T.);
#2523=EDGE_CURVE('',#2020,#2018,#1758,.T.);
#2524=EDGE_CURVE('',#2021,#2022,#978,.T.);
#2525=EDGE_CURVE('',#2022,#2020,#979,.T.);
#2526=EDGE_CURVE('',#2019,#2021,#980,.T.);
#2527=EDGE_CURVE('',#2021,#2012,#981,.T.);
#2528=EDGE_CURVE('',#2023,#2024,#982,.T.);
#2529=EDGE_CURVE('',#2024,#2025,#983,.T.);
#2530=EDGE_CURVE('',#2025,#2026,#984,.T.);
#2531=EDGE_CURVE('',#2026,#2023,#985,.T.);
#2532=EDGE_CURVE('',#2027,#2028,#986,.T.);
#2533=EDGE_CURVE('',#2028,#2026,#1759,.T.);
#2534=EDGE_CURVE('',#2025,#2027,#1760,.T.);
#2535=EDGE_CURVE('',#2029,#2030,#987,.T.);
#2536=EDGE_CURVE('',#2030,#2028,#988,.T.);
#2537=EDGE_CURVE('',#2027,#2029,#989,.T.);
#2538=EDGE_CURVE('',#2031,#2032,#990,.T.);
#2539=EDGE_CURVE('',#2032,#2030,#1761,.T.);
#2540=EDGE_CURVE('',#2029,#2031,#1762,.T.);
#2541=EDGE_CURVE('',#2033,#2034,#991,.T.);
#2542=EDGE_CURVE('',#2034,#2032,#992,.T.);
#2543=EDGE_CURVE('',#2031,#2033,#993,.T.);
#2544=EDGE_CURVE('',#2035,#2031,#994,.T.);
#2545=EDGE_CURVE('',#2036,#2035,#995,.T.);
#2546=EDGE_CURVE('',#2033,#2036,#996,.T.);
#2547=EDGE_CURVE('',#2029,#2037,#997,.T.);
#2548=EDGE_CURVE('',#2037,#2035,#1763,.T.);
#2549=EDGE_CURVE('',#2038,#2027,#998,.T.);
#2550=EDGE_CURVE('',#2037,#2038,#999,.T.);
#2551=EDGE_CURVE('',#2025,#2039,#1000,.T.);
#2552=EDGE_CURVE('',#2039,#2038,#1764,.T.);
#2553=EDGE_CURVE('',#2040,#2024,#1001,.T.);
#2554=EDGE_CURVE('',#2039,#2040,#1002,.T.);
#2555=EDGE_CURVE('',#2041,#2042,#1003,.T.);
#2556=EDGE_CURVE('',#2042,#2043,#1004,.T.);
#2557=EDGE_CURVE('',#2043,#2044,#1005,.T.);
#2558=EDGE_CURVE('',#2044,#2041,#1006,.T.);
#2559=EDGE_CURVE('',#2043,#2045,#1765,.T.);
#2560=EDGE_CURVE('',#2045,#2046,#1007,.T.);
#2561=EDGE_CURVE('',#2046,#2044,#1766,.T.);
#2562=EDGE_CURVE('',#2045,#2047,#1008,.T.);
#2563=EDGE_CURVE('',#2047,#2048,#1009,.T.);
#2564=EDGE_CURVE('',#2048,#2046,#1010,.T.);
#2565=EDGE_CURVE('',#2047,#2049,#1767,.T.);
#2566=EDGE_CURVE('',#2049,#2050,#1011,.T.);
#2567=EDGE_CURVE('',#2050,#2048,#1768,.T.);
#2568=EDGE_CURVE('',#2051,#2052,#1012,.T.);
#2569=EDGE_CURVE('',#2052,#2050,#1013,.T.);
#2570=EDGE_CURVE('',#2049,#2051,#1014,.T.);
#2571=EDGE_CURVE('',#2051,#2042,#1015,.T.);
#2572=EDGE_CURVE('',#1896,#2053,#1016,.T.);
#2573=EDGE_CURVE('',#2053,#2054,#1769,.T.);
#2574=EDGE_CURVE('',#2054,#1894,#1017,.T.);
#2575=EDGE_CURVE('',#2055,#2054,#1018,.T.);
#2576=EDGE_CURVE('',#1891,#2055,#1019,.T.);
#2577=EDGE_CURVE('',#1873,#1884,#1020,.T.);
#2578=EDGE_CURVE('',#1900,#2056,#1021,.T.);
#2579=EDGE_CURVE('',#2056,#2057,#1770,.T.);
#2580=EDGE_CURVE('',#2057,#1898,#1022,.T.);
#2581=EDGE_CURVE('',#2053,#2057,#1023,.T.);
#2582=EDGE_CURVE('',#1926,#2058,#1024,.T.);
#2583=EDGE_CURVE('',#2058,#2059,#1771,.T.);
#2584=EDGE_CURVE('',#2059,#1924,#1025,.T.);
#2585=EDGE_CURVE('',#2060,#2059,#1026,.T.);
#2586=EDGE_CURVE('',#1921,#2060,#1027,.T.);
#2587=EDGE_CURVE('',#1903,#1914,#1028,.T.);
#2588=EDGE_CURVE('',#1930,#2061,#1029,.T.);
#2589=EDGE_CURVE('',#2061,#2062,#1772,.T.);
#2590=EDGE_CURVE('',#2062,#1928,#1030,.T.);
#2591=EDGE_CURVE('',#2058,#2062,#1031,.T.);
#2592=EDGE_CURVE('',#1956,#2063,#1032,.T.);
#2593=EDGE_CURVE('',#2063,#2064,#1773,.T.);
#2594=EDGE_CURVE('',#2064,#1954,#1033,.T.);
#2595=EDGE_CURVE('',#2065,#2064,#1034,.T.);
#2596=EDGE_CURVE('',#1951,#2065,#1035,.T.);
#2597=EDGE_CURVE('',#1933,#1944,#1036,.T.);
#2598=EDGE_CURVE('',#1960,#2066,#1037,.T.);
#2599=EDGE_CURVE('',#2066,#2067,#1774,.T.);
#2600=EDGE_CURVE('',#2067,#1958,#1038,.T.);
#2601=EDGE_CURVE('',#2063,#2067,#1039,.T.);
#2602=EDGE_CURVE('',#1986,#2068,#1040,.T.);
#2603=EDGE_CURVE('',#2068,#2069,#1775,.T.);
#2604=EDGE_CURVE('',#2069,#1984,#1041,.T.);
#2605=EDGE_CURVE('',#2070,#2069,#1042,.T.);
#2606=EDGE_CURVE('',#1981,#2070,#1043,.T.);
#2607=EDGE_CURVE('',#1963,#1974,#1044,.T.);
#2608=EDGE_CURVE('',#1990,#2071,#1045,.T.);
#2609=EDGE_CURVE('',#2071,#2072,#1776,.T.);
#2610=EDGE_CURVE('',#2072,#1988,#1046,.T.);
#2611=EDGE_CURVE('',#2068,#2072,#1047,.T.);
#2612=EDGE_CURVE('',#2016,#2073,#1048,.T.);
#2613=EDGE_CURVE('',#2073,#2074,#1777,.T.);
#2614=EDGE_CURVE('',#2074,#2014,#1049,.T.);
#2615=EDGE_CURVE('',#2075,#2074,#1050,.T.);
#2616=EDGE_CURVE('',#2011,#2075,#1051,.T.);
#2617=EDGE_CURVE('',#1993,#2004,#1052,.T.);
#2618=EDGE_CURVE('',#2020,#2076,#1053,.T.);
#2619=EDGE_CURVE('',#2076,#2077,#1778,.T.);
#2620=EDGE_CURVE('',#2077,#2018,#1054,.T.);
#2621=EDGE_CURVE('',#2073,#2077,#1055,.T.);
#2622=EDGE_CURVE('',#2046,#2078,#1056,.T.);
#2623=EDGE_CURVE('',#2078,#2079,#1779,.T.);
#2624=EDGE_CURVE('',#2079,#2044,#1057,.T.);
#2625=EDGE_CURVE('',#2080,#2079,#1058,.T.);
#2626=EDGE_CURVE('',#2041,#2080,#1059,.T.);
#2627=EDGE_CURVE('',#2023,#2034,#1060,.T.);
#2628=EDGE_CURVE('',#2050,#2081,#1061,.T.);
#2629=EDGE_CURVE('',#2081,#2082,#1780,.T.);
#2630=EDGE_CURVE('',#2082,#2048,#1062,.T.);
#2631=EDGE_CURVE('',#2078,#2082,#1063,.T.);
#2632=EDGE_CURVE('',#2083,#2084,#53,.T.);
#2633=EDGE_CURVE('',#2084,#2085,#1064,.T.);
#2634=EDGE_CURVE('',#2085,#2086,#1065,.T.);
#2635=EDGE_CURVE('',#2086,#2083,#1066,.T.);
#2636=EDGE_CURVE('',#2055,#2086,#1067,.T.);
#2637=EDGE_CURVE('',#2056,#2087,#1068,.T.);
#2638=EDGE_CURVE('',#2088,#2087,#1069,.T.);
#2639=EDGE_CURVE('',#2089,#2088,#1070,.T.);
#2640=EDGE_CURVE('',#2090,#2089,#54,.T.);
#2641=EDGE_CURVE('',#2083,#2090,#55,.T.);
#2642=EDGE_CURVE('',#2085,#2091,#1781,.T.);
#2643=EDGE_CURVE('',#2092,#2091,#1071,.T.);
#2644=EDGE_CURVE('',#2092,#1920,#1072,.T.);
#2645=EDGE_CURVE('',#1916,#2093,#1073,.T.);
#2646=EDGE_CURVE('',#2094,#2093,#1782,.T.);
#2647=EDGE_CURVE('',#2094,#2095,#1074,.T.);
#2648=EDGE_CURVE('',#2096,#2095,#1783,.T.);
#2649=EDGE_CURVE('',#2096,#2097,#1075,.T.);
#2650=EDGE_CURVE('',#2097,#1932,#1076,.T.);
#2651=EDGE_CURVE('',#2060,#2098,#1077,.T.);
#2652=EDGE_CURVE('',#2099,#2098,#1078,.T.);
#2653=EDGE_CURVE('',#2099,#2100,#1784,.T.);
#2654=EDGE_CURVE('',#2101,#2100,#1079,.T.);
#2655=EDGE_CURVE('',#2101,#1950,#1080,.T.);
#2656=EDGE_CURVE('',#1946,#2102,#1081,.T.);
#2657=EDGE_CURVE('',#2103,#2102,#1785,.T.);
#2658=EDGE_CURVE('',#2103,#2104,#1082,.T.);
#2659=EDGE_CURVE('',#2105,#2104,#1786,.T.);
#2660=EDGE_CURVE('',#2105,#2106,#1083,.T.);
#2661=EDGE_CURVE('',#2106,#1962,#1084,.T.);
#2662=EDGE_CURVE('',#2065,#2107,#1085,.T.);
#2663=EDGE_CURVE('',#2108,#2107,#1086,.T.);
#2664=EDGE_CURVE('',#2108,#2109,#1787,.T.);
#2665=EDGE_CURVE('',#2110,#2109,#1087,.T.);
#2666=EDGE_CURVE('',#2110,#1980,#1088,.T.);
#2667=EDGE_CURVE('',#1976,#2111,#1089,.T.);
#2668=EDGE_CURVE('',#2112,#2111,#1788,.T.);
#2669=EDGE_CURVE('',#2112,#2113,#1090,.T.);
#2670=EDGE_CURVE('',#2114,#2113,#1789,.T.);
#2671=EDGE_CURVE('',#2114,#2115,#1091,.T.);
#2672=EDGE_CURVE('',#2115,#1992,#1092,.T.);
#2673=EDGE_CURVE('',#2070,#2116,#1093,.T.);
#2674=EDGE_CURVE('',#2117,#2116,#1094,.T.);
#2675=EDGE_CURVE('',#2117,#2118,#1790,.T.);
#2676=EDGE_CURVE('',#2119,#2118,#1095,.T.);
#2677=EDGE_CURVE('',#2119,#2010,#1096,.T.);
#2678=EDGE_CURVE('',#2006,#2120,#1097,.T.);
#2679=EDGE_CURVE('',#2121,#2120,#1791,.T.);
#2680=EDGE_CURVE('',#2121,#2122,#1098,.T.);
#2681=EDGE_CURVE('',#2123,#2122,#1792,.T.);
#2682=EDGE_CURVE('',#2123,#2124,#1099,.T.);
#2683=EDGE_CURVE('',#2124,#2022,#1100,.T.);
#2684=EDGE_CURVE('',#2075,#2125,#1101,.T.);
#2685=EDGE_CURVE('',#2126,#2125,#1102,.T.);
#2686=EDGE_CURVE('',#2126,#2127,#1793,.T.);
#2687=EDGE_CURVE('',#2128,#2127,#1103,.T.);
#2688=EDGE_CURVE('',#2128,#2040,#1104,.T.);
#2689=EDGE_CURVE('',#2036,#2129,#1105,.T.);
#2690=EDGE_CURVE('',#2130,#2129,#1794,.T.);
#2691=EDGE_CURVE('',#2130,#2131,#1106,.T.);
#2692=EDGE_CURVE('',#2132,#2131,#1795,.T.);
#2693=EDGE_CURVE('',#2132,#2133,#1107,.T.);
#2694=EDGE_CURVE('',#2133,#2052,#1108,.T.);
#2695=EDGE_CURVE('',#2080,#2134,#1109,.T.);
#2696=EDGE_CURVE('',#2135,#2134,#1110,.T.);
#2697=EDGE_CURVE('',#2135,#2136,#1796,.T.);
#2698=EDGE_CURVE('',#2137,#2136,#1111,.T.);
#2699=EDGE_CURVE('',#2137,#2138,#1112,.T.);
#2700=EDGE_CURVE('',#2138,#2139,#1113,.T.);
#2701=EDGE_CURVE('',#2140,#2139,#1114,.T.);
#2702=EDGE_CURVE('',#2140,#2141,#1115,.T.);
#2703=EDGE_CURVE('',#2142,#2141,#1116,.T.);
#2704=EDGE_CURVE('',#2142,#2143,#1117,.T.);
#2705=EDGE_CURVE('',#2143,#2144,#1118,.T.);
#2706=EDGE_CURVE('',#2145,#2144,#1797,.T.);
#2707=EDGE_CURVE('',#2145,#2146,#1119,.T.);
#2708=EDGE_CURVE('',#2147,#2146,#1798,.T.);
#2709=EDGE_CURVE('',#2147,#2148,#1120,.T.);
#2710=EDGE_CURVE('',#2148,#2149,#1121,.T.);
#2711=EDGE_CURVE('',#2150,#2149,#1122,.T.);
#2712=EDGE_CURVE('',#2150,#2151,#1123,.T.);
#2713=EDGE_CURVE('',#2152,#2151,#1124,.T.);
#2714=EDGE_CURVE('',#2152,#2153,#1125,.T.);
#2715=EDGE_CURVE('',#2153,#2154,#1126,.T.);
#2716=EDGE_CURVE('',#2155,#2154,#1127,.T.);
#2717=EDGE_CURVE('',#2155,#2156,#1799,.T.);
#2718=EDGE_CURVE('',#2157,#2156,#1128,.T.);
#2719=EDGE_CURVE('',#2157,#1890,#1129,.T.);
#2720=EDGE_CURVE('',#1886,#2158,#1130,.T.);
#2721=EDGE_CURVE('',#2159,#2158,#1800,.T.);
#2722=EDGE_CURVE('',#2159,#2160,#1131,.T.);
#2723=EDGE_CURVE('',#2088,#2160,#1801,.T.);
#2724=EDGE_CURVE('',#2087,#1902,#1132,.T.);
#2725=EDGE_CURVE('',#2156,#2161,#1133,.T.);
#2726=EDGE_CURVE('',#2161,#2162,#56,.T.);
#2727=EDGE_CURVE('',#2162,#2157,#1134,.T.);
#2728=EDGE_CURVE('',#2163,#2155,#1135,.T.);
#2729=EDGE_CURVE('',#2161,#2163,#1802,.T.);
#2730=EDGE_CURVE('',#2164,#2165,#15,.T.);
#2731=EDGE_CURVE('',#2165,#2166,#1803,.T.);
#2732=EDGE_CURVE('',#2166,#2167,#1136,.T.);
#2733=EDGE_CURVE('',#2167,#2164,#1804,.T.);
#2734=EDGE_CURVE('',#2166,#2168,#1137,.T.);
#2735=EDGE_CURVE('',#2168,#2169,#1138,.T.);
#2736=EDGE_CURVE('',#2169,#2167,#1139,.T.);
#2737=EDGE_CURVE('',#2170,#2171,#16,.T.);
#2738=EDGE_CURVE('',#2171,#2169,#1805,.T.);
#2739=EDGE_CURVE('',#2168,#2170,#1806,.T.);
#2740=EDGE_CURVE('',#2165,#2172,#1807,.T.);
#2741=EDGE_CURVE('',#2173,#2172,#1808,.T.);
#2742=EDGE_CURVE('',#2174,#2173,#1140,.T.);
#2743=EDGE_CURVE('',#2175,#2174,#1809,.T.);
#2744=EDGE_CURVE('',#2176,#2175,#1810,.T.);
#2745=EDGE_CURVE('',#2177,#2176,#1811,.T.);
#2746=EDGE_CURVE('',#2178,#2177,#1141,.T.);
#2747=EDGE_CURVE('',#2179,#2178,#1812,.T.);
#2748=EDGE_CURVE('',#2179,#2180,#1813,.T.);
#2749=EDGE_CURVE('',#2181,#2180,#1814,.T.);
#2750=EDGE_CURVE('',#2182,#2181,#1142,.T.);
#2751=EDGE_CURVE('',#2183,#2182,#1815,.T.);
#2752=EDGE_CURVE('',#2183,#2184,#1816,.T.);
#2753=EDGE_CURVE('',#2185,#2184,#1817,.T.);
#2754=EDGE_CURVE('',#2186,#2185,#1143,.T.);
#2755=EDGE_CURVE('',#2187,#2186,#1818,.T.);
#2756=EDGE_CURVE('',#2187,#2188,#1819,.T.);
#2757=EDGE_CURVE('',#2189,#2188,#1820,.T.);
#2758=EDGE_CURVE('',#2190,#2189,#1144,.T.);
#2759=EDGE_CURVE('',#2191,#2190,#1821,.T.);
#2760=EDGE_CURVE('',#2191,#2192,#1822,.T.);
#2761=EDGE_CURVE('',#2193,#2192,#1823,.T.);
#2762=EDGE_CURVE('',#2194,#2193,#1145,.T.);
#2763=EDGE_CURVE('',#2195,#2194,#1824,.T.);
#2764=EDGE_CURVE('',#2195,#2170,#1825,.T.);
#2765=EDGE_CURVE('',#2196,#2164,#17,.T.);
#2766=EDGE_CURVE('',#2196,#2197,#57,.T.);
#2767=EDGE_CURVE('',#2197,#2198,#1826,.T.);
#2768=EDGE_CURVE('',#2198,#2199,#58,.T.);
#2769=EDGE_CURVE('',#2200,#2199,#18,.T.);
#2770=EDGE_CURVE('',#2172,#2200,#19,.T.);
#2771=EDGE_CURVE('',#2167,#2159,#1146,.T.);
#2772=EDGE_CURVE('',#2158,#2196,#1147,.T.);
#2773=EDGE_CURVE('',#2201,#2202,#59,.T.);
#2774=EDGE_CURVE('',#2202,#2099,#1148,.T.);
#2775=EDGE_CURVE('',#2098,#2201,#1149,.T.);
#2776=EDGE_CURVE('',#2061,#2097,#1150,.T.);
#2777=EDGE_CURVE('',#2203,#2096,#1151,.T.);
#2778=EDGE_CURVE('',#2204,#2203,#60,.T.);
#2779=EDGE_CURVE('',#2201,#2204,#61,.T.);
#2780=EDGE_CURVE('',#2091,#2205,#1152,.T.);
#2781=EDGE_CURVE('',#2205,#2206,#62,.T.);
#2782=EDGE_CURVE('',#2206,#2092,#1153,.T.);
#2783=EDGE_CURVE('',#2205,#2084,#1827,.T.);
#2784=EDGE_CURVE('',#2207,#2195,#20,.T.);
#2785=EDGE_CURVE('',#2194,#2208,#1154,.T.);
#2786=EDGE_CURVE('',#2208,#2207,#1828,.T.);
#2787=EDGE_CURVE('',#2193,#2209,#1155,.T.);
#2788=EDGE_CURVE('',#2209,#2208,#1156,.T.);
#2789=EDGE_CURVE('',#2192,#2210,#21,.T.);
#2790=EDGE_CURVE('',#2210,#2209,#1829,.T.);
#2791=EDGE_CURVE('',#2211,#2207,#22,.T.);
#2792=EDGE_CURVE('',#2211,#2212,#63,.T.);
#2793=EDGE_CURVE('',#2212,#2090,#1830,.T.);
#2794=EDGE_CURVE('',#2089,#2171,#23,.F.);
#2795=EDGE_CURVE('',#2208,#2094,#1157,.T.);
#2796=EDGE_CURVE('',#2093,#2211,#1158,.T.);
#2797=EDGE_CURVE('',#2213,#2214,#64,.T.);
#2798=EDGE_CURVE('',#2214,#2108,#1159,.T.);
#2799=EDGE_CURVE('',#2107,#2213,#1160,.T.);
#2800=EDGE_CURVE('',#2066,#2106,#1161,.T.);
#2801=EDGE_CURVE('',#2215,#2105,#1162,.T.);
#2802=EDGE_CURVE('',#2216,#2215,#65,.T.);
#2803=EDGE_CURVE('',#2213,#2216,#66,.T.);
#2804=EDGE_CURVE('',#2100,#2217,#1163,.T.);
#2805=EDGE_CURVE('',#2217,#2218,#67,.T.);
#2806=EDGE_CURVE('',#2218,#2101,#1164,.T.);
#2807=EDGE_CURVE('',#2217,#2202,#1831,.T.);
#2808=EDGE_CURVE('',#2219,#2191,#24,.T.);
#2809=EDGE_CURVE('',#2190,#2220,#1165,.T.);
#2810=EDGE_CURVE('',#2220,#2219,#1832,.T.);
#2811=EDGE_CURVE('',#2189,#2221,#1166,.T.);
#2812=EDGE_CURVE('',#2221,#2220,#1167,.T.);
#2813=EDGE_CURVE('',#2188,#2222,#25,.T.);
#2814=EDGE_CURVE('',#2222,#2221,#1833,.T.);
#2815=EDGE_CURVE('',#2223,#2219,#26,.T.);
#2816=EDGE_CURVE('',#2223,#2224,#68,.T.);
#2817=EDGE_CURVE('',#2224,#2204,#1834,.T.);
#2818=EDGE_CURVE('',#2203,#2210,#27,.F.);
#2819=EDGE_CURVE('',#2220,#2103,#1168,.T.);
#2820=EDGE_CURVE('',#2102,#2223,#1169,.T.);
#2821=EDGE_CURVE('',#2225,#2226,#69,.T.);
#2822=EDGE_CURVE('',#2226,#2117,#1170,.T.);
#2823=EDGE_CURVE('',#2116,#2225,#1171,.T.);
#2824=EDGE_CURVE('',#2071,#2115,#1172,.T.);
#2825=EDGE_CURVE('',#2227,#2114,#1173,.T.);
#2826=EDGE_CURVE('',#2228,#2227,#70,.T.);
#2827=EDGE_CURVE('',#2225,#2228,#71,.T.);
#2828=EDGE_CURVE('',#2109,#2229,#1174,.T.);
#2829=EDGE_CURVE('',#2229,#2230,#72,.T.);
#2830=EDGE_CURVE('',#2230,#2110,#1175,.T.);
#2831=EDGE_CURVE('',#2229,#2214,#1835,.T.);
#2832=EDGE_CURVE('',#2231,#2187,#28,.T.);
#2833=EDGE_CURVE('',#2186,#2232,#1176,.T.);
#2834=EDGE_CURVE('',#2232,#2231,#1836,.T.);
#2835=EDGE_CURVE('',#2185,#2233,#1177,.T.);
#2836=EDGE_CURVE('',#2233,#2232,#1178,.T.);
#2837=EDGE_CURVE('',#2184,#2234,#29,.T.);
#2838=EDGE_CURVE('',#2234,#2233,#1837,.T.);
#2839=EDGE_CURVE('',#2235,#2231,#30,.T.);
#2840=EDGE_CURVE('',#2235,#2236,#73,.T.);
#2841=EDGE_CURVE('',#2236,#2216,#1838,.T.);
#2842=EDGE_CURVE('',#2215,#2222,#31,.F.);
#2843=EDGE_CURVE('',#2232,#2112,#1179,.T.);
#2844=EDGE_CURVE('',#2111,#2235,#1180,.T.);
#2845=EDGE_CURVE('',#2237,#2238,#74,.T.);
#2846=EDGE_CURVE('',#2238,#2126,#1181,.T.);
#2847=EDGE_CURVE('',#2125,#2237,#1182,.T.);
#2848=EDGE_CURVE('',#2076,#2124,#1183,.T.);
#2849=EDGE_CURVE('',#2239,#2123,#1184,.T.);
#2850=EDGE_CURVE('',#2240,#2239,#75,.T.);
#2851=EDGE_CURVE('',#2237,#2240,#76,.T.);
#2852=EDGE_CURVE('',#2118,#2241,#1185,.T.);
#2853=EDGE_CURVE('',#2241,#2242,#77,.T.);
#2854=EDGE_CURVE('',#2242,#2119,#1186,.T.);
#2855=EDGE_CURVE('',#2241,#2226,#1839,.T.);
#2856=EDGE_CURVE('',#2243,#2183,#32,.T.);
#2857=EDGE_CURVE('',#2182,#2244,#1187,.T.);
#2858=EDGE_CURVE('',#2244,#2243,#1840,.T.);
#2859=EDGE_CURVE('',#2181,#2245,#1188,.T.);
#2860=EDGE_CURVE('',#2245,#2244,#1189,.T.);
#2861=EDGE_CURVE('',#2180,#2246,#33,.T.);
#2862=EDGE_CURVE('',#2246,#2245,#1841,.T.);
#2863=EDGE_CURVE('',#2247,#2243,#34,.T.);
#2864=EDGE_CURVE('',#2247,#2248,#78,.T.);
#2865=EDGE_CURVE('',#2248,#2228,#1842,.T.);
#2866=EDGE_CURVE('',#2227,#2234,#35,.F.);
#2867=EDGE_CURVE('',#2244,#2121,#1190,.T.);
#2868=EDGE_CURVE('',#2120,#2247,#1191,.T.);
#2869=EDGE_CURVE('',#2249,#2250,#79,.T.);
#2870=EDGE_CURVE('',#2250,#2135,#1192,.T.);
#2871=EDGE_CURVE('',#2134,#2249,#1193,.T.);
#2872=EDGE_CURVE('',#2081,#2133,#1194,.T.);
#2873=EDGE_CURVE('',#2251,#2132,#1195,.T.);
#2874=EDGE_CURVE('',#2252,#2251,#80,.T.);
#2875=EDGE_CURVE('',#2249,#2252,#81,.T.);
#2876=EDGE_CURVE('',#2127,#2253,#1196,.T.);
#2877=EDGE_CURVE('',#2253,#2254,#82,.T.);
#2878=EDGE_CURVE('',#2254,#2128,#1197,.T.);
#2879=EDGE_CURVE('',#2255,#2254,#83,.T.);
#2880=EDGE_CURVE('',#2256,#2255,#84,.T.);
#2881=EDGE_CURVE('',#2129,#2256,#1198,.T.);
#2882=EDGE_CURVE('',#2257,#2179,#36,.T.);
#2883=EDGE_CURVE('',#2178,#2258,#1199,.T.);
#2884=EDGE_CURVE('',#2258,#2257,#1843,.T.);
#2885=EDGE_CURVE('',#2177,#2259,#1200,.T.);
#2886=EDGE_CURVE('',#2259,#2258,#1201,.T.);
#2887=EDGE_CURVE('',#2176,#2260,#37,.T.);
#2888=EDGE_CURVE('',#2260,#2259,#1844,.T.);
#2889=EDGE_CURVE('',#2256,#2257,#38,.T.);
#2890=EDGE_CURVE('',#2255,#2240,#1845,.T.);
#2891=EDGE_CURVE('',#2239,#2246,#39,.F.);
#2892=EDGE_CURVE('',#2258,#2130,#1202,.T.);
#2893=EDGE_CURVE('',#2197,#2162,#85,.T.);
#2894=EDGE_CURVE('',#2160,#2169,#1203,.T.);
#2895=EDGE_CURVE('',#2212,#2206,#86,.T.);
#2896=EDGE_CURVE('',#2095,#2209,#1204,.T.);
#2897=EDGE_CURVE('',#2224,#2218,#87,.T.);
#2898=EDGE_CURVE('',#2104,#2221,#1205,.T.);
#2899=EDGE_CURVE('',#2236,#2230,#88,.T.);
#2900=EDGE_CURVE('',#2113,#2233,#1206,.T.);
#2901=EDGE_CURVE('',#2248,#2242,#89,.T.);
#2902=EDGE_CURVE('',#2122,#2245,#1207,.T.);
#2903=EDGE_CURVE('',#2251,#2260,#40,.F.);
#2904=EDGE_CURVE('',#2131,#2259,#1208,.T.);
#2905=EDGE_CURVE('',#2261,#2175,#41,.T.);
#2906=EDGE_CURVE('',#2262,#2261,#42,.T.);
#2907=EDGE_CURVE('',#2262,#2263,#90,.T.);
#2908=EDGE_CURVE('',#2263,#2252,#1846,.T.);
#2909=EDGE_CURVE('',#2263,#2264,#91,.T.);
#2910=EDGE_CURVE('',#2265,#2264,#92,.T.);
#2911=EDGE_CURVE('',#2265,#2250,#1847,.T.);
#2912=EDGE_CURVE('',#2253,#2238,#1848,.T.);
#2913=EDGE_CURVE('',#2266,#2163,#93,.T.);
#2914=EDGE_CURVE('',#2266,#2198,#94,.T.);
#2915=EDGE_CURVE('',#2136,#2265,#1209,.T.);
#2916=EDGE_CURVE('',#2139,#2267,#1210,.T.);
#2917=EDGE_CURVE('',#2267,#2268,#1211,.T.);
#2918=EDGE_CURVE('',#2268,#2140,#1212,.T.);
#2919=EDGE_CURVE('',#2269,#2270,#1213,.T.);
#2920=EDGE_CURVE('',#2270,#2268,#1849,.T.);
#2921=EDGE_CURVE('',#2267,#2269,#1850,.T.);
#2922=EDGE_CURVE('',#2271,#2272,#1214,.T.);
#2923=EDGE_CURVE('',#2272,#2270,#1215,.T.);
#2924=EDGE_CURVE('',#2269,#2271,#1216,.T.);
#2925=EDGE_CURVE('',#2273,#2274,#1217,.T.);
#2926=EDGE_CURVE('',#2274,#2272,#1851,.T.);
#2927=EDGE_CURVE('',#2271,#2273,#1852,.T.);
#2928=EDGE_CURVE('',#2141,#2274,#1218,.T.);
#2929=EDGE_CURVE('',#2273,#2142,#1219,.T.);
#2930=EDGE_CURVE('',#2275,#2273,#1220,.T.);
#2931=EDGE_CURVE('',#2275,#2143,#1221,.T.);
#2932=EDGE_CURVE('',#2271,#2276,#1222,.T.);
#2933=EDGE_CURVE('',#2276,#2275,#1853,.T.);
#2934=EDGE_CURVE('',#2277,#2269,#1223,.T.);
#2935=EDGE_CURVE('',#2277,#2276,#1224,.T.);
#2936=EDGE_CURVE('',#2267,#2278,#1225,.T.);
#2937=EDGE_CURVE('',#2278,#2277,#1854,.T.);
#2938=EDGE_CURVE('',#2138,#2278,#1226,.T.);
#2939=EDGE_CURVE('',#2151,#2279,#1227,.T.);
#2940=EDGE_CURVE('',#2279,#2280,#1228,.T.);
#2941=EDGE_CURVE('',#2280,#2152,#1229,.T.);
#2942=EDGE_CURVE('',#2279,#2281,#1855,.T.);
#2943=EDGE_CURVE('',#2281,#2282,#1230,.T.);
#2944=EDGE_CURVE('',#2282,#2280,#1856,.T.);
#2945=EDGE_CURVE('',#2281,#2283,#1231,.T.);
#2946=EDGE_CURVE('',#2283,#2284,#1232,.T.);
#2947=EDGE_CURVE('',#2284,#2282,#1233,.T.);
#2948=EDGE_CURVE('',#2283,#2285,#1857,.T.);
#2949=EDGE_CURVE('',#2285,#2286,#1234,.T.);
#2950=EDGE_CURVE('',#2286,#2284,#1858,.T.);
#2951=EDGE_CURVE('',#2149,#2286,#1235,.T.);
#2952=EDGE_CURVE('',#2285,#2150,#1236,.T.);
#2953=EDGE_CURVE('',#2282,#2287,#1237,.T.);
#2954=EDGE_CURVE('',#2287,#2288,#1859,.T.);
#2955=EDGE_CURVE('',#2288,#2280,#1238,.T.);
#2956=EDGE_CURVE('',#2288,#2153,#1239,.T.);
#2957=EDGE_CURVE('',#2286,#2289,#1240,.T.);
#2958=EDGE_CURVE('',#2289,#2290,#1860,.T.);
#2959=EDGE_CURVE('',#2290,#2284,#1241,.T.);
#2960=EDGE_CURVE('',#2290,#2287,#1242,.T.);
#2961=EDGE_CURVE('',#2154,#2266,#1243,.T.);
#2962=EDGE_CURVE('',#2264,#2137,#1244,.T.);
#2963=EDGE_CURVE('',#2144,#2262,#1245,.T.);
#2964=EDGE_CURVE('',#2174,#2291,#1246,.T.);
#2965=EDGE_CURVE('',#2291,#2261,#1861,.T.);
#2966=EDGE_CURVE('',#2173,#2292,#1247,.T.);
#2967=EDGE_CURVE('',#2292,#2291,#1248,.T.);
#2968=EDGE_CURVE('',#2200,#2292,#1862,.T.);
#2969=EDGE_CURVE('',#2291,#2145,#1249,.T.);
#2970=EDGE_CURVE('',#2146,#2292,#1250,.T.);
#2971=EDGE_CURVE('',#2199,#2147,#1251,.T.);
#2972=EDGE_CURVE('',#2148,#2289,#1252,.T.);
#2973=ORIENTED_EDGE('',*,*,#2293,.F.);
#2974=ORIENTED_EDGE('',*,*,#2294,.T.);
#2975=ORIENTED_EDGE('',*,*,#2295,.F.);
#2976=ORIENTED_EDGE('',*,*,#2294,.F.);
#2977=ORIENTED_EDGE('',*,*,#2296,.F.);
#2978=ORIENTED_EDGE('',*,*,#2297,.T.);
#2979=ORIENTED_EDGE('',*,*,#2298,.F.);
#2980=ORIENTED_EDGE('',*,*,#2297,.F.);
#2981=ORIENTED_EDGE('',*,*,#2299,.F.);
#2982=ORIENTED_EDGE('',*,*,#2300,.T.);
#2983=ORIENTED_EDGE('',*,*,#2301,.F.);
#2984=ORIENTED_EDGE('',*,*,#2300,.F.);
#2985=ORIENTED_EDGE('',*,*,#2302,.F.);
#2986=ORIENTED_EDGE('',*,*,#2303,.T.);
#2987=ORIENTED_EDGE('',*,*,#2304,.F.);
#2988=ORIENTED_EDGE('',*,*,#2303,.F.);
#2989=ORIENTED_EDGE('',*,*,#2305,.F.);
#2990=ORIENTED_EDGE('',*,*,#2306,.T.);
#2991=ORIENTED_EDGE('',*,*,#2307,.F.);
#2992=ORIENTED_EDGE('',*,*,#2306,.F.);
#2993=ORIENTED_EDGE('',*,*,#2308,.T.);
#2994=ORIENTED_EDGE('',*,*,#2309,.T.);
#2995=ORIENTED_EDGE('',*,*,#2310,.T.);
#2996=ORIENTED_EDGE('',*,*,#2311,.T.);
#2997=ORIENTED_EDGE('',*,*,#2312,.T.);
#2998=ORIENTED_EDGE('',*,*,#2313,.T.);
#2999=ORIENTED_EDGE('',*,*,#2310,.F.);
#3000=ORIENTED_EDGE('',*,*,#2314,.T.);
#3001=ORIENTED_EDGE('',*,*,#2315,.T.);
#3002=ORIENTED_EDGE('',*,*,#2316,.T.);
#3003=ORIENTED_EDGE('',*,*,#2312,.F.);
#3004=ORIENTED_EDGE('',*,*,#2317,.T.);
#3005=ORIENTED_EDGE('',*,*,#2318,.T.);
#3006=ORIENTED_EDGE('',*,*,#2319,.T.);
#3007=ORIENTED_EDGE('',*,*,#2315,.F.);
#3008=ORIENTED_EDGE('',*,*,#2320,.T.);
#3009=ORIENTED_EDGE('',*,*,#2321,.T.);
#3010=ORIENTED_EDGE('',*,*,#2322,.T.);
#3011=ORIENTED_EDGE('',*,*,#2318,.F.);
#3012=ORIENTED_EDGE('',*,*,#2323,.T.);
#3013=ORIENTED_EDGE('',*,*,#2323,.F.);
#3014=ORIENTED_EDGE('',*,*,#2324,.F.);
#3015=ORIENTED_EDGE('',*,*,#2325,.F.);
#3016=ORIENTED_EDGE('',*,*,#2326,.F.);
#3017=ORIENTED_EDGE('',*,*,#2320,.F.);
#3018=ORIENTED_EDGE('',*,*,#2327,.T.);
#3019=ORIENTED_EDGE('',*,*,#2328,.T.);
#3020=ORIENTED_EDGE('',*,*,#2324,.T.);
#3021=ORIENTED_EDGE('',*,*,#2317,.F.);
#3022=ORIENTED_EDGE('',*,*,#2329,.F.);
#3023=ORIENTED_EDGE('',*,*,#2330,.F.);
#3024=ORIENTED_EDGE('',*,*,#2327,.F.);
#3025=ORIENTED_EDGE('',*,*,#2314,.F.);
#3026=ORIENTED_EDGE('',*,*,#2331,.T.);
#3027=ORIENTED_EDGE('',*,*,#2332,.T.);
#3028=ORIENTED_EDGE('',*,*,#2329,.T.);
#3029=ORIENTED_EDGE('',*,*,#2309,.F.);
#3030=ORIENTED_EDGE('',*,*,#2333,.F.);
#3031=ORIENTED_EDGE('',*,*,#2334,.F.);
#3032=ORIENTED_EDGE('',*,*,#2331,.F.);
#3033=ORIENTED_EDGE('',*,*,#2335,.T.);
#3034=ORIENTED_EDGE('',*,*,#2336,.T.);
#3035=ORIENTED_EDGE('',*,*,#2337,.T.);
#3036=ORIENTED_EDGE('',*,*,#2338,.T.);
#3037=ORIENTED_EDGE('',*,*,#2337,.F.);
#3038=ORIENTED_EDGE('',*,*,#2339,.T.);
#3039=ORIENTED_EDGE('',*,*,#2340,.T.);
#3040=ORIENTED_EDGE('',*,*,#2341,.T.);
#3041=ORIENTED_EDGE('',*,*,#2340,.F.);
#3042=ORIENTED_EDGE('',*,*,#2342,.T.);
#3043=ORIENTED_EDGE('',*,*,#2343,.T.);
#3044=ORIENTED_EDGE('',*,*,#2344,.T.);
#3045=ORIENTED_EDGE('',*,*,#2343,.F.);
#3046=ORIENTED_EDGE('',*,*,#2345,.T.);
#3047=ORIENTED_EDGE('',*,*,#2346,.T.);
#3048=ORIENTED_EDGE('',*,*,#2347,.T.);
#3049=ORIENTED_EDGE('',*,*,#2348,.T.);
#3050=ORIENTED_EDGE('',*,*,#2349,.T.);
#3051=ORIENTED_EDGE('',*,*,#2346,.F.);
#3052=ORIENTED_EDGE('',*,*,#2350,.T.);
#3053=ORIENTED_EDGE('',*,*,#2350,.F.);
#3054=ORIENTED_EDGE('',*,*,#2345,.F.);
#3055=ORIENTED_EDGE('',*,*,#2342,.F.);
#3056=ORIENTED_EDGE('',*,*,#2339,.F.);
#3057=ORIENTED_EDGE('',*,*,#2336,.F.);
#3058=ORIENTED_EDGE('',*,*,#2351,.F.);
#3059=ORIENTED_EDGE('',*,*,#2352,.T.);
#3060=ORIENTED_EDGE('',*,*,#2353,.T.);
#3061=ORIENTED_EDGE('',*,*,#2354,.T.);
#3062=ORIENTED_EDGE('',*,*,#2355,.T.);
#3063=ORIENTED_EDGE('',*,*,#2356,.T.);
#3064=ORIENTED_EDGE('',*,*,#2357,.T.);
#3065=ORIENTED_EDGE('',*,*,#2354,.F.);
#3066=ORIENTED_EDGE('',*,*,#2358,.T.);
#3067=ORIENTED_EDGE('',*,*,#2359,.T.);
#3068=ORIENTED_EDGE('',*,*,#2360,.T.);
#3069=ORIENTED_EDGE('',*,*,#2356,.F.);
#3070=ORIENTED_EDGE('',*,*,#2361,.T.);
#3071=ORIENTED_EDGE('',*,*,#2362,.T.);
#3072=ORIENTED_EDGE('',*,*,#2363,.T.);
#3073=ORIENTED_EDGE('',*,*,#2359,.F.);
#3074=ORIENTED_EDGE('',*,*,#2364,.T.);
#3075=ORIENTED_EDGE('',*,*,#2365,.T.);
#3076=ORIENTED_EDGE('',*,*,#2366,.T.);
#3077=ORIENTED_EDGE('',*,*,#2362,.F.);
#3078=ORIENTED_EDGE('',*,*,#2367,.T.);
#3079=ORIENTED_EDGE('',*,*,#2367,.F.);
#3080=ORIENTED_EDGE('',*,*,#2368,.F.);
#3081=ORIENTED_EDGE('',*,*,#2369,.F.);
#3082=ORIENTED_EDGE('',*,*,#2370,.F.);
#3083=ORIENTED_EDGE('',*,*,#2364,.F.);
#3084=ORIENTED_EDGE('',*,*,#2371,.T.);
#3085=ORIENTED_EDGE('',*,*,#2372,.T.);
#3086=ORIENTED_EDGE('',*,*,#2368,.T.);
#3087=ORIENTED_EDGE('',*,*,#2361,.F.);
#3088=ORIENTED_EDGE('',*,*,#2373,.F.);
#3089=ORIENTED_EDGE('',*,*,#2374,.F.);
#3090=ORIENTED_EDGE('',*,*,#2371,.F.);
#3091=ORIENTED_EDGE('',*,*,#2358,.F.);
#3092=ORIENTED_EDGE('',*,*,#2375,.T.);
#3093=ORIENTED_EDGE('',*,*,#2376,.T.);
#3094=ORIENTED_EDGE('',*,*,#2373,.T.);
#3095=ORIENTED_EDGE('',*,*,#2353,.F.);
#3096=ORIENTED_EDGE('',*,*,#2377,.F.);
#3097=ORIENTED_EDGE('',*,*,#2378,.F.);
#3098=ORIENTED_EDGE('',*,*,#2375,.F.);
#3099=ORIENTED_EDGE('',*,*,#2379,.T.);
#3100=ORIENTED_EDGE('',*,*,#2380,.T.);
#3101=ORIENTED_EDGE('',*,*,#2381,.T.);
#3102=ORIENTED_EDGE('',*,*,#2382,.T.);
#3103=ORIENTED_EDGE('',*,*,#2381,.F.);
#3104=ORIENTED_EDGE('',*,*,#2383,.T.);
#3105=ORIENTED_EDGE('',*,*,#2384,.T.);
#3106=ORIENTED_EDGE('',*,*,#2385,.T.);
#3107=ORIENTED_EDGE('',*,*,#2384,.F.);
#3108=ORIENTED_EDGE('',*,*,#2386,.T.);
#3109=ORIENTED_EDGE('',*,*,#2387,.T.);
#3110=ORIENTED_EDGE('',*,*,#2388,.T.);
#3111=ORIENTED_EDGE('',*,*,#2387,.F.);
#3112=ORIENTED_EDGE('',*,*,#2389,.T.);
#3113=ORIENTED_EDGE('',*,*,#2390,.T.);
#3114=ORIENTED_EDGE('',*,*,#2391,.T.);
#3115=ORIENTED_EDGE('',*,*,#2392,.T.);
#3116=ORIENTED_EDGE('',*,*,#2393,.T.);
#3117=ORIENTED_EDGE('',*,*,#2390,.F.);
#3118=ORIENTED_EDGE('',*,*,#2394,.T.);
#3119=ORIENTED_EDGE('',*,*,#2394,.F.);
#3120=ORIENTED_EDGE('',*,*,#2389,.F.);
#3121=ORIENTED_EDGE('',*,*,#2386,.F.);
#3122=ORIENTED_EDGE('',*,*,#2383,.F.);
#3123=ORIENTED_EDGE('',*,*,#2380,.F.);
#3124=ORIENTED_EDGE('',*,*,#2395,.F.);
#3125=ORIENTED_EDGE('',*,*,#2396,.T.);
#3126=ORIENTED_EDGE('',*,*,#2397,.T.);
#3127=ORIENTED_EDGE('',*,*,#2398,.T.);
#3128=ORIENTED_EDGE('',*,*,#2399,.T.);
#3129=ORIENTED_EDGE('',*,*,#2400,.T.);
#3130=ORIENTED_EDGE('',*,*,#2401,.T.);
#3131=ORIENTED_EDGE('',*,*,#2398,.F.);
#3132=ORIENTED_EDGE('',*,*,#2402,.T.);
#3133=ORIENTED_EDGE('',*,*,#2403,.T.);
#3134=ORIENTED_EDGE('',*,*,#2404,.T.);
#3135=ORIENTED_EDGE('',*,*,#2400,.F.);
#3136=ORIENTED_EDGE('',*,*,#2405,.T.);
#3137=ORIENTED_EDGE('',*,*,#2406,.T.);
#3138=ORIENTED_EDGE('',*,*,#2407,.T.);
#3139=ORIENTED_EDGE('',*,*,#2403,.F.);
#3140=ORIENTED_EDGE('',*,*,#2408,.T.);
#3141=ORIENTED_EDGE('',*,*,#2409,.T.);
#3142=ORIENTED_EDGE('',*,*,#2410,.T.);
#3143=ORIENTED_EDGE('',*,*,#2406,.F.);
#3144=ORIENTED_EDGE('',*,*,#2411,.T.);
#3145=ORIENTED_EDGE('',*,*,#2411,.F.);
#3146=ORIENTED_EDGE('',*,*,#2412,.F.);
#3147=ORIENTED_EDGE('',*,*,#2413,.F.);
#3148=ORIENTED_EDGE('',*,*,#2414,.F.);
#3149=ORIENTED_EDGE('',*,*,#2408,.F.);
#3150=ORIENTED_EDGE('',*,*,#2415,.T.);
#3151=ORIENTED_EDGE('',*,*,#2416,.T.);
#3152=ORIENTED_EDGE('',*,*,#2412,.T.);
#3153=ORIENTED_EDGE('',*,*,#2405,.F.);
#3154=ORIENTED_EDGE('',*,*,#2417,.F.);
#3155=ORIENTED_EDGE('',*,*,#2418,.F.);
#3156=ORIENTED_EDGE('',*,*,#2415,.F.);
#3157=ORIENTED_EDGE('',*,*,#2402,.F.);
#3158=ORIENTED_EDGE('',*,*,#2419,.T.);
#3159=ORIENTED_EDGE('',*,*,#2420,.T.);
#3160=ORIENTED_EDGE('',*,*,#2417,.T.);
#3161=ORIENTED_EDGE('',*,*,#2397,.F.);
#3162=ORIENTED_EDGE('',*,*,#2421,.F.);
#3163=ORIENTED_EDGE('',*,*,#2422,.F.);
#3164=ORIENTED_EDGE('',*,*,#2419,.F.);
#3165=ORIENTED_EDGE('',*,*,#2423,.T.);
#3166=ORIENTED_EDGE('',*,*,#2424,.T.);
#3167=ORIENTED_EDGE('',*,*,#2425,.T.);
#3168=ORIENTED_EDGE('',*,*,#2426,.T.);
#3169=ORIENTED_EDGE('',*,*,#2425,.F.);
#3170=ORIENTED_EDGE('',*,*,#2427,.T.);
#3171=ORIENTED_EDGE('',*,*,#2428,.T.);
#3172=ORIENTED_EDGE('',*,*,#2429,.T.);
#3173=ORIENTED_EDGE('',*,*,#2428,.F.);
#3174=ORIENTED_EDGE('',*,*,#2430,.T.);
#3175=ORIENTED_EDGE('',*,*,#2431,.T.);
#3176=ORIENTED_EDGE('',*,*,#2432,.T.);
#3177=ORIENTED_EDGE('',*,*,#2431,.F.);
#3178=ORIENTED_EDGE('',*,*,#2433,.T.);
#3179=ORIENTED_EDGE('',*,*,#2434,.T.);
#3180=ORIENTED_EDGE('',*,*,#2435,.T.);
#3181=ORIENTED_EDGE('',*,*,#2436,.T.);
#3182=ORIENTED_EDGE('',*,*,#2437,.T.);
#3183=ORIENTED_EDGE('',*,*,#2434,.F.);
#3184=ORIENTED_EDGE('',*,*,#2438,.T.);
#3185=ORIENTED_EDGE('',*,*,#2438,.F.);
#3186=ORIENTED_EDGE('',*,*,#2433,.F.);
#3187=ORIENTED_EDGE('',*,*,#2430,.F.);
#3188=ORIENTED_EDGE('',*,*,#2427,.F.);
#3189=ORIENTED_EDGE('',*,*,#2424,.F.);
#3190=ORIENTED_EDGE('',*,*,#2439,.F.);
#3191=ORIENTED_EDGE('',*,*,#2440,.T.);
#3192=ORIENTED_EDGE('',*,*,#2441,.T.);
#3193=ORIENTED_EDGE('',*,*,#2442,.T.);
#3194=ORIENTED_EDGE('',*,*,#2443,.T.);
#3195=ORIENTED_EDGE('',*,*,#2444,.T.);
#3196=ORIENTED_EDGE('',*,*,#2445,.T.);
#3197=ORIENTED_EDGE('',*,*,#2442,.F.);
#3198=ORIENTED_EDGE('',*,*,#2446,.T.);
#3199=ORIENTED_EDGE('',*,*,#2447,.T.);
#3200=ORIENTED_EDGE('',*,*,#2448,.T.);
#3201=ORIENTED_EDGE('',*,*,#2444,.F.);
#3202=ORIENTED_EDGE('',*,*,#2449,.T.);
#3203=ORIENTED_EDGE('',*,*,#2450,.T.);
#3204=ORIENTED_EDGE('',*,*,#2451,.T.);
#3205=ORIENTED_EDGE('',*,*,#2447,.F.);
#3206=ORIENTED_EDGE('',*,*,#2452,.T.);
#3207=ORIENTED_EDGE('',*,*,#2453,.T.);
#3208=ORIENTED_EDGE('',*,*,#2454,.T.);
#3209=ORIENTED_EDGE('',*,*,#2450,.F.);
#3210=ORIENTED_EDGE('',*,*,#2455,.T.);
#3211=ORIENTED_EDGE('',*,*,#2455,.F.);
#3212=ORIENTED_EDGE('',*,*,#2456,.F.);
#3213=ORIENTED_EDGE('',*,*,#2457,.F.);
#3214=ORIENTED_EDGE('',*,*,#2458,.F.);
#3215=ORIENTED_EDGE('',*,*,#2452,.F.);
#3216=ORIENTED_EDGE('',*,*,#2459,.T.);
#3217=ORIENTED_EDGE('',*,*,#2460,.T.);
#3218=ORIENTED_EDGE('',*,*,#2456,.T.);
#3219=ORIENTED_EDGE('',*,*,#2449,.F.);
#3220=ORIENTED_EDGE('',*,*,#2461,.F.);
#3221=ORIENTED_EDGE('',*,*,#2462,.F.);
#3222=ORIENTED_EDGE('',*,*,#2459,.F.);
#3223=ORIENTED_EDGE('',*,*,#2446,.F.);
#3224=ORIENTED_EDGE('',*,*,#2463,.T.);
#3225=ORIENTED_EDGE('',*,*,#2464,.T.);
#3226=ORIENTED_EDGE('',*,*,#2461,.T.);
#3227=ORIENTED_EDGE('',*,*,#2441,.F.);
#3228=ORIENTED_EDGE('',*,*,#2465,.F.);
#3229=ORIENTED_EDGE('',*,*,#2466,.F.);
#3230=ORIENTED_EDGE('',*,*,#2463,.F.);
#3231=ORIENTED_EDGE('',*,*,#2467,.T.);
#3232=ORIENTED_EDGE('',*,*,#2468,.T.);
#3233=ORIENTED_EDGE('',*,*,#2469,.T.);
#3234=ORIENTED_EDGE('',*,*,#2470,.T.);
#3235=ORIENTED_EDGE('',*,*,#2469,.F.);
#3236=ORIENTED_EDGE('',*,*,#2471,.T.);
#3237=ORIENTED_EDGE('',*,*,#2472,.T.);
#3238=ORIENTED_EDGE('',*,*,#2473,.T.);
#3239=ORIENTED_EDGE('',*,*,#2472,.F.);
#3240=ORIENTED_EDGE('',*,*,#2474,.T.);
#3241=ORIENTED_EDGE('',*,*,#2475,.T.);
#3242=ORIENTED_EDGE('',*,*,#2476,.T.);
#3243=ORIENTED_EDGE('',*,*,#2475,.F.);
#3244=ORIENTED_EDGE('',*,*,#2477,.T.);
#3245=ORIENTED_EDGE('',*,*,#2478,.T.);
#3246=ORIENTED_EDGE('',*,*,#2479,.T.);
#3247=ORIENTED_EDGE('',*,*,#2480,.T.);
#3248=ORIENTED_EDGE('',*,*,#2481,.T.);
#3249=ORIENTED_EDGE('',*,*,#2478,.F.);
#3250=ORIENTED_EDGE('',*,*,#2482,.T.);
#3251=ORIENTED_EDGE('',*,*,#2482,.F.);
#3252=ORIENTED_EDGE('',*,*,#2477,.F.);
#3253=ORIENTED_EDGE('',*,*,#2474,.F.);
#3254=ORIENTED_EDGE('',*,*,#2471,.F.);
#3255=ORIENTED_EDGE('',*,*,#2468,.F.);
#3256=ORIENTED_EDGE('',*,*,#2483,.F.);
#3257=ORIENTED_EDGE('',*,*,#2484,.T.);
#3258=ORIENTED_EDGE('',*,*,#2485,.T.);
#3259=ORIENTED_EDGE('',*,*,#2486,.T.);
#3260=ORIENTED_EDGE('',*,*,#2487,.T.);
#3261=ORIENTED_EDGE('',*,*,#2488,.T.);
#3262=ORIENTED_EDGE('',*,*,#2489,.T.);
#3263=ORIENTED_EDGE('',*,*,#2486,.F.);
#3264=ORIENTED_EDGE('',*,*,#2490,.T.);
#3265=ORIENTED_EDGE('',*,*,#2491,.T.);
#3266=ORIENTED_EDGE('',*,*,#2492,.T.);
#3267=ORIENTED_EDGE('',*,*,#2488,.F.);
#3268=ORIENTED_EDGE('',*,*,#2493,.T.);
#3269=ORIENTED_EDGE('',*,*,#2494,.T.);
#3270=ORIENTED_EDGE('',*,*,#2495,.T.);
#3271=ORIENTED_EDGE('',*,*,#2491,.F.);
#3272=ORIENTED_EDGE('',*,*,#2496,.T.);
#3273=ORIENTED_EDGE('',*,*,#2497,.T.);
#3274=ORIENTED_EDGE('',*,*,#2498,.T.);
#3275=ORIENTED_EDGE('',*,*,#2494,.F.);
#3276=ORIENTED_EDGE('',*,*,#2499,.T.);
#3277=ORIENTED_EDGE('',*,*,#2499,.F.);
#3278=ORIENTED_EDGE('',*,*,#2500,.F.);
#3279=ORIENTED_EDGE('',*,*,#2501,.F.);
#3280=ORIENTED_EDGE('',*,*,#2502,.F.);
#3281=ORIENTED_EDGE('',*,*,#2496,.F.);
#3282=ORIENTED_EDGE('',*,*,#2503,.T.);
#3283=ORIENTED_EDGE('',*,*,#2504,.T.);
#3284=ORIENTED_EDGE('',*,*,#2500,.T.);
#3285=ORIENTED_EDGE('',*,*,#2493,.F.);
#3286=ORIENTED_EDGE('',*,*,#2505,.F.);
#3287=ORIENTED_EDGE('',*,*,#2506,.F.);
#3288=ORIENTED_EDGE('',*,*,#2503,.F.);
#3289=ORIENTED_EDGE('',*,*,#2490,.F.);
#3290=ORIENTED_EDGE('',*,*,#2507,.T.);
#3291=ORIENTED_EDGE('',*,*,#2508,.T.);
#3292=ORIENTED_EDGE('',*,*,#2505,.T.);
#3293=ORIENTED_EDGE('',*,*,#2485,.F.);
#3294=ORIENTED_EDGE('',*,*,#2509,.F.);
#3295=ORIENTED_EDGE('',*,*,#2510,.F.);
#3296=ORIENTED_EDGE('',*,*,#2507,.F.);
#3297=ORIENTED_EDGE('',*,*,#2511,.T.);
#3298=ORIENTED_EDGE('',*,*,#2512,.T.);
#3299=ORIENTED_EDGE('',*,*,#2513,.T.);
#3300=ORIENTED_EDGE('',*,*,#2514,.T.);
#3301=ORIENTED_EDGE('',*,*,#2513,.F.);
#3302=ORIENTED_EDGE('',*,*,#2515,.T.);
#3303=ORIENTED_EDGE('',*,*,#2516,.T.);
#3304=ORIENTED_EDGE('',*,*,#2517,.T.);
#3305=ORIENTED_EDGE('',*,*,#2516,.F.);
#3306=ORIENTED_EDGE('',*,*,#2518,.T.);
#3307=ORIENTED_EDGE('',*,*,#2519,.T.);
#3308=ORIENTED_EDGE('',*,*,#2520,.T.);
#3309=ORIENTED_EDGE('',*,*,#2519,.F.);
#3310=ORIENTED_EDGE('',*,*,#2521,.T.);
#3311=ORIENTED_EDGE('',*,*,#2522,.T.);
#3312=ORIENTED_EDGE('',*,*,#2523,.T.);
#3313=ORIENTED_EDGE('',*,*,#2524,.T.);
#3314=ORIENTED_EDGE('',*,*,#2525,.T.);
#3315=ORIENTED_EDGE('',*,*,#2522,.F.);
#3316=ORIENTED_EDGE('',*,*,#2526,.T.);
#3317=ORIENTED_EDGE('',*,*,#2526,.F.);
#3318=ORIENTED_EDGE('',*,*,#2521,.F.);
#3319=ORIENTED_EDGE('',*,*,#2518,.F.);
#3320=ORIENTED_EDGE('',*,*,#2515,.F.);
#3321=ORIENTED_EDGE('',*,*,#2512,.F.);
#3322=ORIENTED_EDGE('',*,*,#2527,.F.);
#3323=ORIENTED_EDGE('',*,*,#2528,.T.);
#3324=ORIENTED_EDGE('',*,*,#2529,.T.);
#3325=ORIENTED_EDGE('',*,*,#2530,.T.);
#3326=ORIENTED_EDGE('',*,*,#2531,.T.);
#3327=ORIENTED_EDGE('',*,*,#2532,.T.);
#3328=ORIENTED_EDGE('',*,*,#2533,.T.);
#3329=ORIENTED_EDGE('',*,*,#2530,.F.);
#3330=ORIENTED_EDGE('',*,*,#2534,.T.);
#3331=ORIENTED_EDGE('',*,*,#2535,.T.);
#3332=ORIENTED_EDGE('',*,*,#2536,.T.);
#3333=ORIENTED_EDGE('',*,*,#2532,.F.);
#3334=ORIENTED_EDGE('',*,*,#2537,.T.);
#3335=ORIENTED_EDGE('',*,*,#2538,.T.);
#3336=ORIENTED_EDGE('',*,*,#2539,.T.);
#3337=ORIENTED_EDGE('',*,*,#2535,.F.);
#3338=ORIENTED_EDGE('',*,*,#2540,.T.);
#3339=ORIENTED_EDGE('',*,*,#2541,.T.);
#3340=ORIENTED_EDGE('',*,*,#2542,.T.);
#3341=ORIENTED_EDGE('',*,*,#2538,.F.);
#3342=ORIENTED_EDGE('',*,*,#2543,.T.);
#3343=ORIENTED_EDGE('',*,*,#2543,.F.);
#3344=ORIENTED_EDGE('',*,*,#2544,.F.);
#3345=ORIENTED_EDGE('',*,*,#2545,.F.);
#3346=ORIENTED_EDGE('',*,*,#2546,.F.);
#3347=ORIENTED_EDGE('',*,*,#2540,.F.);
#3348=ORIENTED_EDGE('',*,*,#2547,.T.);
#3349=ORIENTED_EDGE('',*,*,#2548,.T.);
#3350=ORIENTED_EDGE('',*,*,#2544,.T.);
#3351=ORIENTED_EDGE('',*,*,#2537,.F.);
#3352=ORIENTED_EDGE('',*,*,#2549,.F.);
#3353=ORIENTED_EDGE('',*,*,#2550,.F.);
#3354=ORIENTED_EDGE('',*,*,#2547,.F.);
#3355=ORIENTED_EDGE('',*,*,#2534,.F.);
#3356=ORIENTED_EDGE('',*,*,#2551,.T.);
#3357=ORIENTED_EDGE('',*,*,#2552,.T.);
#3358=ORIENTED_EDGE('',*,*,#2549,.T.);
#3359=ORIENTED_EDGE('',*,*,#2529,.F.);
#3360=ORIENTED_EDGE('',*,*,#2553,.F.);
#3361=ORIENTED_EDGE('',*,*,#2554,.F.);
#3362=ORIENTED_EDGE('',*,*,#2551,.F.);
#3363=ORIENTED_EDGE('',*,*,#2555,.T.);
#3364=ORIENTED_EDGE('',*,*,#2556,.T.);
#3365=ORIENTED_EDGE('',*,*,#2557,.T.);
#3366=ORIENTED_EDGE('',*,*,#2558,.T.);
#3367=ORIENTED_EDGE('',*,*,#2557,.F.);
#3368=ORIENTED_EDGE('',*,*,#2559,.T.);
#3369=ORIENTED_EDGE('',*,*,#2560,.T.);
#3370=ORIENTED_EDGE('',*,*,#2561,.T.);
#3371=ORIENTED_EDGE('',*,*,#2560,.F.);
#3372=ORIENTED_EDGE('',*,*,#2562,.T.);
#3373=ORIENTED_EDGE('',*,*,#2563,.T.);
#3374=ORIENTED_EDGE('',*,*,#2564,.T.);
#3375=ORIENTED_EDGE('',*,*,#2563,.F.);
#3376=ORIENTED_EDGE('',*,*,#2565,.T.);
#3377=ORIENTED_EDGE('',*,*,#2566,.T.);
#3378=ORIENTED_EDGE('',*,*,#2567,.T.);
#3379=ORIENTED_EDGE('',*,*,#2568,.T.);
#3380=ORIENTED_EDGE('',*,*,#2569,.T.);
#3381=ORIENTED_EDGE('',*,*,#2566,.F.);
#3382=ORIENTED_EDGE('',*,*,#2570,.T.);
#3383=ORIENTED_EDGE('',*,*,#2570,.F.);
#3384=ORIENTED_EDGE('',*,*,#2565,.F.);
#3385=ORIENTED_EDGE('',*,*,#2562,.F.);
#3386=ORIENTED_EDGE('',*,*,#2559,.F.);
#3387=ORIENTED_EDGE('',*,*,#2556,.F.);
#3388=ORIENTED_EDGE('',*,*,#2571,.F.);
#3389=ORIENTED_EDGE('',*,*,#2341,.F.);
#3390=ORIENTED_EDGE('',*,*,#2572,.T.);
#3391=ORIENTED_EDGE('',*,*,#2573,.T.);
#3392=ORIENTED_EDGE('',*,*,#2574,.T.);
#3393=ORIENTED_EDGE('',*,*,#2338,.F.);
#3394=ORIENTED_EDGE('',*,*,#2574,.F.);
#3395=ORIENTED_EDGE('',*,*,#2575,.F.);
#3396=ORIENTED_EDGE('',*,*,#2576,.F.);
#3397=ORIENTED_EDGE('',*,*,#2322,.F.);
#3398=ORIENTED_EDGE('',*,*,#2577,.F.);
#3399=ORIENTED_EDGE('',*,*,#2311,.F.);
#3400=ORIENTED_EDGE('',*,*,#2313,.F.);
#3401=ORIENTED_EDGE('',*,*,#2316,.F.);
#3402=ORIENTED_EDGE('',*,*,#2319,.F.);
#3403=ORIENTED_EDGE('',*,*,#2347,.F.);
#3404=ORIENTED_EDGE('',*,*,#2578,.T.);
#3405=ORIENTED_EDGE('',*,*,#2579,.T.);
#3406=ORIENTED_EDGE('',*,*,#2580,.T.);
#3407=ORIENTED_EDGE('',*,*,#2344,.F.);
#3408=ORIENTED_EDGE('',*,*,#2580,.F.);
#3409=ORIENTED_EDGE('',*,*,#2581,.F.);
#3410=ORIENTED_EDGE('',*,*,#2572,.F.);
#3411=ORIENTED_EDGE('',*,*,#2385,.F.);
#3412=ORIENTED_EDGE('',*,*,#2582,.T.);
#3413=ORIENTED_EDGE('',*,*,#2583,.T.);
#3414=ORIENTED_EDGE('',*,*,#2584,.T.);
#3415=ORIENTED_EDGE('',*,*,#2382,.F.);
#3416=ORIENTED_EDGE('',*,*,#2584,.F.);
#3417=ORIENTED_EDGE('',*,*,#2585,.F.);
#3418=ORIENTED_EDGE('',*,*,#2586,.F.);
#3419=ORIENTED_EDGE('',*,*,#2366,.F.);
#3420=ORIENTED_EDGE('',*,*,#2587,.F.);
#3421=ORIENTED_EDGE('',*,*,#2355,.F.);
#3422=ORIENTED_EDGE('',*,*,#2357,.F.);
#3423=ORIENTED_EDGE('',*,*,#2360,.F.);
#3424=ORIENTED_EDGE('',*,*,#2363,.F.);
#3425=ORIENTED_EDGE('',*,*,#2391,.F.);
#3426=ORIENTED_EDGE('',*,*,#2588,.T.);
#3427=ORIENTED_EDGE('',*,*,#2589,.T.);
#3428=ORIENTED_EDGE('',*,*,#2590,.T.);
#3429=ORIENTED_EDGE('',*,*,#2388,.F.);
#3430=ORIENTED_EDGE('',*,*,#2590,.F.);
#3431=ORIENTED_EDGE('',*,*,#2591,.F.);
#3432=ORIENTED_EDGE('',*,*,#2582,.F.);
#3433=ORIENTED_EDGE('',*,*,#2429,.F.);
#3434=ORIENTED_EDGE('',*,*,#2592,.T.);
#3435=ORIENTED_EDGE('',*,*,#2593,.T.);
#3436=ORIENTED_EDGE('',*,*,#2594,.T.);
#3437=ORIENTED_EDGE('',*,*,#2426,.F.);
#3438=ORIENTED_EDGE('',*,*,#2594,.F.);
#3439=ORIENTED_EDGE('',*,*,#2595,.F.);
#3440=ORIENTED_EDGE('',*,*,#2596,.F.);
#3441=ORIENTED_EDGE('',*,*,#2410,.F.);
#3442=ORIENTED_EDGE('',*,*,#2597,.F.);
#3443=ORIENTED_EDGE('',*,*,#2399,.F.);
#3444=ORIENTED_EDGE('',*,*,#2401,.F.);
#3445=ORIENTED_EDGE('',*,*,#2404,.F.);
#3446=ORIENTED_EDGE('',*,*,#2407,.F.);
#3447=ORIENTED_EDGE('',*,*,#2435,.F.);
#3448=ORIENTED_EDGE('',*,*,#2598,.T.);
#3449=ORIENTED_EDGE('',*,*,#2599,.T.);
#3450=ORIENTED_EDGE('',*,*,#2600,.T.);
#3451=ORIENTED_EDGE('',*,*,#2432,.F.);
#3452=ORIENTED_EDGE('',*,*,#2600,.F.);
#3453=ORIENTED_EDGE('',*,*,#2601,.F.);
#3454=ORIENTED_EDGE('',*,*,#2592,.F.);
#3455=ORIENTED_EDGE('',*,*,#2473,.F.);
#3456=ORIENTED_EDGE('',*,*,#2602,.T.);
#3457=ORIENTED_EDGE('',*,*,#2603,.T.);
#3458=ORIENTED_EDGE('',*,*,#2604,.T.);
#3459=ORIENTED_EDGE('',*,*,#2470,.F.);
#3460=ORIENTED_EDGE('',*,*,#2604,.F.);
#3461=ORIENTED_EDGE('',*,*,#2605,.F.);
#3462=ORIENTED_EDGE('',*,*,#2606,.F.);
#3463=ORIENTED_EDGE('',*,*,#2454,.F.);
#3464=ORIENTED_EDGE('',*,*,#2607,.F.);
#3465=ORIENTED_EDGE('',*,*,#2443,.F.);
#3466=ORIENTED_EDGE('',*,*,#2445,.F.);
#3467=ORIENTED_EDGE('',*,*,#2448,.F.);
#3468=ORIENTED_EDGE('',*,*,#2451,.F.);
#3469=ORIENTED_EDGE('',*,*,#2479,.F.);
#3470=ORIENTED_EDGE('',*,*,#2608,.T.);
#3471=ORIENTED_EDGE('',*,*,#2609,.T.);
#3472=ORIENTED_EDGE('',*,*,#2610,.T.);
#3473=ORIENTED_EDGE('',*,*,#2476,.F.);
#3474=ORIENTED_EDGE('',*,*,#2610,.F.);
#3475=ORIENTED_EDGE('',*,*,#2611,.F.);
#3476=ORIENTED_EDGE('',*,*,#2602,.F.);
#3477=ORIENTED_EDGE('',*,*,#2517,.F.);
#3478=ORIENTED_EDGE('',*,*,#2612,.T.);
#3479=ORIENTED_EDGE('',*,*,#2613,.T.);
#3480=ORIENTED_EDGE('',*,*,#2614,.T.);
#3481=ORIENTED_EDGE('',*,*,#2514,.F.);
#3482=ORIENTED_EDGE('',*,*,#2614,.F.);
#3483=ORIENTED_EDGE('',*,*,#2615,.F.);
#3484=ORIENTED_EDGE('',*,*,#2616,.F.);
#3485=ORIENTED_EDGE('',*,*,#2498,.F.);
#3486=ORIENTED_EDGE('',*,*,#2617,.F.);
#3487=ORIENTED_EDGE('',*,*,#2487,.F.);
#3488=ORIENTED_EDGE('',*,*,#2489,.F.);
#3489=ORIENTED_EDGE('',*,*,#2492,.F.);
#3490=ORIENTED_EDGE('',*,*,#2495,.F.);
#3491=ORIENTED_EDGE('',*,*,#2523,.F.);
#3492=ORIENTED_EDGE('',*,*,#2618,.T.);
#3493=ORIENTED_EDGE('',*,*,#2619,.T.);
#3494=ORIENTED_EDGE('',*,*,#2620,.T.);
#3495=ORIENTED_EDGE('',*,*,#2520,.F.);
#3496=ORIENTED_EDGE('',*,*,#2620,.F.);
#3497=ORIENTED_EDGE('',*,*,#2621,.F.);
#3498=ORIENTED_EDGE('',*,*,#2612,.F.);
#3499=ORIENTED_EDGE('',*,*,#2561,.F.);
#3500=ORIENTED_EDGE('',*,*,#2622,.T.);
#3501=ORIENTED_EDGE('',*,*,#2623,.T.);
#3502=ORIENTED_EDGE('',*,*,#2624,.T.);
#3503=ORIENTED_EDGE('',*,*,#2558,.F.);
#3504=ORIENTED_EDGE('',*,*,#2624,.F.);
#3505=ORIENTED_EDGE('',*,*,#2625,.F.);
#3506=ORIENTED_EDGE('',*,*,#2626,.F.);
#3507=ORIENTED_EDGE('',*,*,#2542,.F.);
#3508=ORIENTED_EDGE('',*,*,#2627,.F.);
#3509=ORIENTED_EDGE('',*,*,#2531,.F.);
#3510=ORIENTED_EDGE('',*,*,#2533,.F.);
#3511=ORIENTED_EDGE('',*,*,#2536,.F.);
#3512=ORIENTED_EDGE('',*,*,#2539,.F.);
#3513=ORIENTED_EDGE('',*,*,#2567,.F.);
#3514=ORIENTED_EDGE('',*,*,#2628,.T.);
#3515=ORIENTED_EDGE('',*,*,#2629,.T.);
#3516=ORIENTED_EDGE('',*,*,#2630,.T.);
#3517=ORIENTED_EDGE('',*,*,#2564,.F.);
#3518=ORIENTED_EDGE('',*,*,#2630,.F.);
#3519=ORIENTED_EDGE('',*,*,#2631,.F.);
#3520=ORIENTED_EDGE('',*,*,#2622,.F.);
#3521=ORIENTED_EDGE('',*,*,#2632,.T.);
#3522=ORIENTED_EDGE('',*,*,#2633,.T.);
#3523=ORIENTED_EDGE('',*,*,#2634,.T.);
#3524=ORIENTED_EDGE('',*,*,#2635,.T.);
#3525=ORIENTED_EDGE('',*,*,#2635,.F.);
#3526=ORIENTED_EDGE('',*,*,#2636,.F.);
#3527=ORIENTED_EDGE('',*,*,#2575,.T.);
#3528=ORIENTED_EDGE('',*,*,#2573,.F.);
#3529=ORIENTED_EDGE('',*,*,#2581,.T.);
#3530=ORIENTED_EDGE('',*,*,#2579,.F.);
#3531=ORIENTED_EDGE('',*,*,#2637,.T.);
#3532=ORIENTED_EDGE('',*,*,#2638,.F.);
#3533=ORIENTED_EDGE('',*,*,#2639,.F.);
#3534=ORIENTED_EDGE('',*,*,#2640,.F.);
#3535=ORIENTED_EDGE('',*,*,#2641,.F.);
#3536=ORIENTED_EDGE('',*,*,#2634,.F.);
#3537=ORIENTED_EDGE('',*,*,#2642,.T.);
#3538=ORIENTED_EDGE('',*,*,#2643,.F.);
#3539=ORIENTED_EDGE('',*,*,#2644,.T.);
#3540=ORIENTED_EDGE('',*,*,#2377,.T.);
#3541=ORIENTED_EDGE('',*,*,#2352,.F.);
#3542=ORIENTED_EDGE('',*,*,#2587,.T.);
#3543=ORIENTED_EDGE('',*,*,#2365,.F.);
#3544=ORIENTED_EDGE('',*,*,#2370,.T.);
#3545=ORIENTED_EDGE('',*,*,#2645,.T.);
#3546=ORIENTED_EDGE('',*,*,#2646,.F.);
#3547=ORIENTED_EDGE('',*,*,#2647,.T.);
#3548=ORIENTED_EDGE('',*,*,#2648,.F.);
#3549=ORIENTED_EDGE('',*,*,#2649,.T.);
#3550=ORIENTED_EDGE('',*,*,#2650,.T.);
#3551=ORIENTED_EDGE('',*,*,#2392,.F.);
#3552=ORIENTED_EDGE('',*,*,#2395,.T.);
#3553=ORIENTED_EDGE('',*,*,#2379,.F.);
#3554=ORIENTED_EDGE('',*,*,#2586,.T.);
#3555=ORIENTED_EDGE('',*,*,#2651,.T.);
#3556=ORIENTED_EDGE('',*,*,#2652,.F.);
#3557=ORIENTED_EDGE('',*,*,#2653,.T.);
#3558=ORIENTED_EDGE('',*,*,#2654,.F.);
#3559=ORIENTED_EDGE('',*,*,#2655,.T.);
#3560=ORIENTED_EDGE('',*,*,#2421,.T.);
#3561=ORIENTED_EDGE('',*,*,#2396,.F.);
#3562=ORIENTED_EDGE('',*,*,#2597,.T.);
#3563=ORIENTED_EDGE('',*,*,#2409,.F.);
#3564=ORIENTED_EDGE('',*,*,#2414,.T.);
#3565=ORIENTED_EDGE('',*,*,#2656,.T.);
#3566=ORIENTED_EDGE('',*,*,#2657,.F.);
#3567=ORIENTED_EDGE('',*,*,#2658,.T.);
#3568=ORIENTED_EDGE('',*,*,#2659,.F.);
#3569=ORIENTED_EDGE('',*,*,#2660,.T.);
#3570=ORIENTED_EDGE('',*,*,#2661,.T.);
#3571=ORIENTED_EDGE('',*,*,#2436,.F.);
#3572=ORIENTED_EDGE('',*,*,#2439,.T.);
#3573=ORIENTED_EDGE('',*,*,#2423,.F.);
#3574=ORIENTED_EDGE('',*,*,#2596,.T.);
#3575=ORIENTED_EDGE('',*,*,#2662,.T.);
#3576=ORIENTED_EDGE('',*,*,#2663,.F.);
#3577=ORIENTED_EDGE('',*,*,#2664,.T.);
#3578=ORIENTED_EDGE('',*,*,#2665,.F.);
#3579=ORIENTED_EDGE('',*,*,#2666,.T.);
#3580=ORIENTED_EDGE('',*,*,#2465,.T.);
#3581=ORIENTED_EDGE('',*,*,#2440,.F.);
#3582=ORIENTED_EDGE('',*,*,#2607,.T.);
#3583=ORIENTED_EDGE('',*,*,#2453,.F.);
#3584=ORIENTED_EDGE('',*,*,#2458,.T.);
#3585=ORIENTED_EDGE('',*,*,#2667,.T.);
#3586=ORIENTED_EDGE('',*,*,#2668,.F.);
#3587=ORIENTED_EDGE('',*,*,#2669,.T.);
#3588=ORIENTED_EDGE('',*,*,#2670,.F.);
#3589=ORIENTED_EDGE('',*,*,#2671,.T.);
#3590=ORIENTED_EDGE('',*,*,#2672,.T.);
#3591=ORIENTED_EDGE('',*,*,#2480,.F.);
#3592=ORIENTED_EDGE('',*,*,#2483,.T.);
#3593=ORIENTED_EDGE('',*,*,#2467,.F.);
#3594=ORIENTED_EDGE('',*,*,#2606,.T.);
#3595=ORIENTED_EDGE('',*,*,#2673,.T.);
#3596=ORIENTED_EDGE('',*,*,#2674,.F.);
#3597=ORIENTED_EDGE('',*,*,#2675,.T.);
#3598=ORIENTED_EDGE('',*,*,#2676,.F.);
#3599=ORIENTED_EDGE('',*,*,#2677,.T.);
#3600=ORIENTED_EDGE('',*,*,#2509,.T.);
#3601=ORIENTED_EDGE('',*,*,#2484,.F.);
#3602=ORIENTED_EDGE('',*,*,#2617,.T.);
#3603=ORIENTED_EDGE('',*,*,#2497,.F.);
#3604=ORIENTED_EDGE('',*,*,#2502,.T.);
#3605=ORIENTED_EDGE('',*,*,#2678,.T.);
#3606=ORIENTED_EDGE('',*,*,#2679,.F.);
#3607=ORIENTED_EDGE('',*,*,#2680,.T.);
#3608=ORIENTED_EDGE('',*,*,#2681,.F.);
#3609=ORIENTED_EDGE('',*,*,#2682,.T.);
#3610=ORIENTED_EDGE('',*,*,#2683,.T.);
#3611=ORIENTED_EDGE('',*,*,#2524,.F.);
#3612=ORIENTED_EDGE('',*,*,#2527,.T.);
#3613=ORIENTED_EDGE('',*,*,#2511,.F.);
#3614=ORIENTED_EDGE('',*,*,#2616,.T.);
#3615=ORIENTED_EDGE('',*,*,#2684,.T.);
#3616=ORIENTED_EDGE('',*,*,#2685,.F.);
#3617=ORIENTED_EDGE('',*,*,#2686,.T.);
#3618=ORIENTED_EDGE('',*,*,#2687,.F.);
#3619=ORIENTED_EDGE('',*,*,#2688,.T.);
#3620=ORIENTED_EDGE('',*,*,#2553,.T.);
#3621=ORIENTED_EDGE('',*,*,#2528,.F.);
#3622=ORIENTED_EDGE('',*,*,#2627,.T.);
#3623=ORIENTED_EDGE('',*,*,#2541,.F.);
#3624=ORIENTED_EDGE('',*,*,#2546,.T.);
#3625=ORIENTED_EDGE('',*,*,#2689,.T.);
#3626=ORIENTED_EDGE('',*,*,#2690,.F.);
#3627=ORIENTED_EDGE('',*,*,#2691,.T.);
#3628=ORIENTED_EDGE('',*,*,#2692,.F.);
#3629=ORIENTED_EDGE('',*,*,#2693,.T.);
#3630=ORIENTED_EDGE('',*,*,#2694,.T.);
#3631=ORIENTED_EDGE('',*,*,#2568,.F.);
#3632=ORIENTED_EDGE('',*,*,#2571,.T.);
#3633=ORIENTED_EDGE('',*,*,#2555,.F.);
#3634=ORIENTED_EDGE('',*,*,#2626,.T.);
#3635=ORIENTED_EDGE('',*,*,#2695,.T.);
#3636=ORIENTED_EDGE('',*,*,#2696,.F.);
#3637=ORIENTED_EDGE('',*,*,#2697,.T.);
#3638=ORIENTED_EDGE('',*,*,#2698,.F.);
#3639=ORIENTED_EDGE('',*,*,#2699,.T.);
#3640=ORIENTED_EDGE('',*,*,#2700,.T.);
#3641=ORIENTED_EDGE('',*,*,#2701,.F.);
#3642=ORIENTED_EDGE('',*,*,#2702,.T.);
#3643=ORIENTED_EDGE('',*,*,#2703,.F.);
#3644=ORIENTED_EDGE('',*,*,#2704,.T.);
#3645=ORIENTED_EDGE('',*,*,#2705,.T.);
#3646=ORIENTED_EDGE('',*,*,#2706,.F.);
#3647=ORIENTED_EDGE('',*,*,#2707,.T.);
#3648=ORIENTED_EDGE('',*,*,#2708,.F.);
#3649=ORIENTED_EDGE('',*,*,#2709,.T.);
#3650=ORIENTED_EDGE('',*,*,#2710,.T.);
#3651=ORIENTED_EDGE('',*,*,#2711,.F.);
#3652=ORIENTED_EDGE('',*,*,#2712,.T.);
#3653=ORIENTED_EDGE('',*,*,#2713,.F.);
#3654=ORIENTED_EDGE('',*,*,#2714,.T.);
#3655=ORIENTED_EDGE('',*,*,#2715,.T.);
#3656=ORIENTED_EDGE('',*,*,#2716,.F.);
#3657=ORIENTED_EDGE('',*,*,#2717,.T.);
#3658=ORIENTED_EDGE('',*,*,#2718,.F.);
#3659=ORIENTED_EDGE('',*,*,#2719,.T.);
#3660=ORIENTED_EDGE('',*,*,#2333,.T.);
#3661=ORIENTED_EDGE('',*,*,#2308,.F.);
#3662=ORIENTED_EDGE('',*,*,#2577,.T.);
#3663=ORIENTED_EDGE('',*,*,#2321,.F.);
#3664=ORIENTED_EDGE('',*,*,#2326,.T.);
#3665=ORIENTED_EDGE('',*,*,#2720,.T.);
#3666=ORIENTED_EDGE('',*,*,#2721,.F.);
#3667=ORIENTED_EDGE('',*,*,#2722,.T.);
#3668=ORIENTED_EDGE('',*,*,#2723,.F.);
#3669=ORIENTED_EDGE('',*,*,#2638,.T.);
#3670=ORIENTED_EDGE('',*,*,#2724,.T.);
#3671=ORIENTED_EDGE('',*,*,#2348,.F.);
#3672=ORIENTED_EDGE('',*,*,#2351,.T.);
#3673=ORIENTED_EDGE('',*,*,#2335,.F.);
#3674=ORIENTED_EDGE('',*,*,#2576,.T.);
#3675=ORIENTED_EDGE('',*,*,#2636,.T.);
#3676=ORIENTED_EDGE('',*,*,#2293,.T.);
#3677=ORIENTED_EDGE('',*,*,#2296,.T.);
#3678=ORIENTED_EDGE('',*,*,#2299,.T.);
#3679=ORIENTED_EDGE('',*,*,#2302,.T.);
#3680=ORIENTED_EDGE('',*,*,#2307,.T.);
#3681=ORIENTED_EDGE('',*,*,#2718,.T.);
#3682=ORIENTED_EDGE('',*,*,#2725,.T.);
#3683=ORIENTED_EDGE('',*,*,#2726,.T.);
#3684=ORIENTED_EDGE('',*,*,#2727,.T.);
#3685=ORIENTED_EDGE('',*,*,#2725,.F.);
#3686=ORIENTED_EDGE('',*,*,#2717,.F.);
#3687=ORIENTED_EDGE('',*,*,#2728,.F.);
#3688=ORIENTED_EDGE('',*,*,#2729,.F.);
#3689=ORIENTED_EDGE('',*,*,#2730,.T.);
#3690=ORIENTED_EDGE('',*,*,#2731,.T.);
#3691=ORIENTED_EDGE('',*,*,#2732,.T.);
#3692=ORIENTED_EDGE('',*,*,#2733,.T.);
#3693=ORIENTED_EDGE('',*,*,#2732,.F.);
#3694=ORIENTED_EDGE('',*,*,#2734,.T.);
#3695=ORIENTED_EDGE('',*,*,#2735,.T.);
#3696=ORIENTED_EDGE('',*,*,#2736,.T.);
#3697=ORIENTED_EDGE('',*,*,#2737,.T.);
#3698=ORIENTED_EDGE('',*,*,#2738,.T.);
#3699=ORIENTED_EDGE('',*,*,#2735,.F.);
#3700=ORIENTED_EDGE('',*,*,#2739,.T.);
#3701=ORIENTED_EDGE('',*,*,#2739,.F.);
#3702=ORIENTED_EDGE('',*,*,#2734,.F.);
#3703=ORIENTED_EDGE('',*,*,#2731,.F.);
#3704=ORIENTED_EDGE('',*,*,#2740,.T.);
#3705=ORIENTED_EDGE('',*,*,#2741,.F.);
#3706=ORIENTED_EDGE('',*,*,#2742,.F.);
#3707=ORIENTED_EDGE('',*,*,#2743,.F.);
#3708=ORIENTED_EDGE('',*,*,#2744,.F.);
#3709=ORIENTED_EDGE('',*,*,#2745,.F.);
#3710=ORIENTED_EDGE('',*,*,#2746,.F.);
#3711=ORIENTED_EDGE('',*,*,#2747,.F.);
#3712=ORIENTED_EDGE('',*,*,#2748,.T.);
#3713=ORIENTED_EDGE('',*,*,#2749,.F.);
#3714=ORIENTED_EDGE('',*,*,#2750,.F.);
#3715=ORIENTED_EDGE('',*,*,#2751,.F.);
#3716=ORIENTED_EDGE('',*,*,#2752,.T.);
#3717=ORIENTED_EDGE('',*,*,#2753,.F.);
#3718=ORIENTED_EDGE('',*,*,#2754,.F.);
#3719=ORIENTED_EDGE('',*,*,#2755,.F.);
#3720=ORIENTED_EDGE('',*,*,#2756,.T.);
#3721=ORIENTED_EDGE('',*,*,#2757,.F.);
#3722=ORIENTED_EDGE('',*,*,#2758,.F.);
#3723=ORIENTED_EDGE('',*,*,#2759,.F.);
#3724=ORIENTED_EDGE('',*,*,#2760,.T.);
#3725=ORIENTED_EDGE('',*,*,#2761,.F.);
#3726=ORIENTED_EDGE('',*,*,#2762,.F.);
#3727=ORIENTED_EDGE('',*,*,#2763,.F.);
#3728=ORIENTED_EDGE('',*,*,#2764,.T.);
#3729=ORIENTED_EDGE('',*,*,#2295,.T.);
#3730=ORIENTED_EDGE('',*,*,#2298,.T.);
#3731=ORIENTED_EDGE('',*,*,#2301,.T.);
#3732=ORIENTED_EDGE('',*,*,#2304,.T.);
#3733=ORIENTED_EDGE('',*,*,#2305,.T.);
#3734=ORIENTED_EDGE('',*,*,#2730,.F.);
#3735=ORIENTED_EDGE('',*,*,#2765,.F.);
#3736=ORIENTED_EDGE('',*,*,#2766,.T.);
#3737=ORIENTED_EDGE('',*,*,#2767,.T.);
#3738=ORIENTED_EDGE('',*,*,#2768,.T.);
#3739=ORIENTED_EDGE('',*,*,#2769,.F.);
#3740=ORIENTED_EDGE('',*,*,#2770,.F.);
#3741=ORIENTED_EDGE('',*,*,#2740,.F.);
#3742=ORIENTED_EDGE('',*,*,#2733,.F.);
#3743=ORIENTED_EDGE('',*,*,#2771,.T.);
#3744=ORIENTED_EDGE('',*,*,#2721,.T.);
#3745=ORIENTED_EDGE('',*,*,#2772,.T.);
#3746=ORIENTED_EDGE('',*,*,#2765,.T.);
#3747=ORIENTED_EDGE('',*,*,#2773,.T.);
#3748=ORIENTED_EDGE('',*,*,#2774,.T.);
#3749=ORIENTED_EDGE('',*,*,#2652,.T.);
#3750=ORIENTED_EDGE('',*,*,#2775,.T.);
#3751=ORIENTED_EDGE('',*,*,#2775,.F.);
#3752=ORIENTED_EDGE('',*,*,#2651,.F.);
#3753=ORIENTED_EDGE('',*,*,#2585,.T.);
#3754=ORIENTED_EDGE('',*,*,#2583,.F.);
#3755=ORIENTED_EDGE('',*,*,#2591,.T.);
#3756=ORIENTED_EDGE('',*,*,#2589,.F.);
#3757=ORIENTED_EDGE('',*,*,#2776,.T.);
#3758=ORIENTED_EDGE('',*,*,#2649,.F.);
#3759=ORIENTED_EDGE('',*,*,#2777,.F.);
#3760=ORIENTED_EDGE('',*,*,#2778,.F.);
#3761=ORIENTED_EDGE('',*,*,#2779,.F.);
#3762=ORIENTED_EDGE('',*,*,#2643,.T.);
#3763=ORIENTED_EDGE('',*,*,#2780,.T.);
#3764=ORIENTED_EDGE('',*,*,#2781,.T.);
#3765=ORIENTED_EDGE('',*,*,#2782,.T.);
#3766=ORIENTED_EDGE('',*,*,#2633,.F.);
#3767=ORIENTED_EDGE('',*,*,#2783,.F.);
#3768=ORIENTED_EDGE('',*,*,#2780,.F.);
#3769=ORIENTED_EDGE('',*,*,#2642,.F.);
#3770=ORIENTED_EDGE('',*,*,#2784,.T.);
#3771=ORIENTED_EDGE('',*,*,#2763,.T.);
#3772=ORIENTED_EDGE('',*,*,#2785,.T.);
#3773=ORIENTED_EDGE('',*,*,#2786,.T.);
#3774=ORIENTED_EDGE('',*,*,#2785,.F.);
#3775=ORIENTED_EDGE('',*,*,#2762,.T.);
#3776=ORIENTED_EDGE('',*,*,#2787,.T.);
#3777=ORIENTED_EDGE('',*,*,#2788,.T.);
#3778=ORIENTED_EDGE('',*,*,#2789,.T.);
#3779=ORIENTED_EDGE('',*,*,#2790,.T.);
#3780=ORIENTED_EDGE('',*,*,#2787,.F.);
#3781=ORIENTED_EDGE('',*,*,#2761,.T.);
#3782=ORIENTED_EDGE('',*,*,#2737,.F.);
#3783=ORIENTED_EDGE('',*,*,#2764,.F.);
#3784=ORIENTED_EDGE('',*,*,#2784,.F.);
#3785=ORIENTED_EDGE('',*,*,#2791,.F.);
#3786=ORIENTED_EDGE('',*,*,#2792,.T.);
#3787=ORIENTED_EDGE('',*,*,#2793,.T.);
#3788=ORIENTED_EDGE('',*,*,#2640,.T.);
#3789=ORIENTED_EDGE('',*,*,#2794,.T.);
#3790=ORIENTED_EDGE('',*,*,#2786,.F.);
#3791=ORIENTED_EDGE('',*,*,#2795,.T.);
#3792=ORIENTED_EDGE('',*,*,#2646,.T.);
#3793=ORIENTED_EDGE('',*,*,#2796,.T.);
#3794=ORIENTED_EDGE('',*,*,#2791,.T.);
#3795=ORIENTED_EDGE('',*,*,#2797,.T.);
#3796=ORIENTED_EDGE('',*,*,#2798,.T.);
#3797=ORIENTED_EDGE('',*,*,#2663,.T.);
#3798=ORIENTED_EDGE('',*,*,#2799,.T.);
#3799=ORIENTED_EDGE('',*,*,#2799,.F.);
#3800=ORIENTED_EDGE('',*,*,#2662,.F.);
#3801=ORIENTED_EDGE('',*,*,#2595,.T.);
#3802=ORIENTED_EDGE('',*,*,#2593,.F.);
#3803=ORIENTED_EDGE('',*,*,#2601,.T.);
#3804=ORIENTED_EDGE('',*,*,#2599,.F.);
#3805=ORIENTED_EDGE('',*,*,#2800,.T.);
#3806=ORIENTED_EDGE('',*,*,#2660,.F.);
#3807=ORIENTED_EDGE('',*,*,#2801,.F.);
#3808=ORIENTED_EDGE('',*,*,#2802,.F.);
#3809=ORIENTED_EDGE('',*,*,#2803,.F.);
#3810=ORIENTED_EDGE('',*,*,#2654,.T.);
#3811=ORIENTED_EDGE('',*,*,#2804,.T.);
#3812=ORIENTED_EDGE('',*,*,#2805,.T.);
#3813=ORIENTED_EDGE('',*,*,#2806,.T.);
#3814=ORIENTED_EDGE('',*,*,#2774,.F.);
#3815=ORIENTED_EDGE('',*,*,#2807,.F.);
#3816=ORIENTED_EDGE('',*,*,#2804,.F.);
#3817=ORIENTED_EDGE('',*,*,#2653,.F.);
#3818=ORIENTED_EDGE('',*,*,#2808,.T.);
#3819=ORIENTED_EDGE('',*,*,#2759,.T.);
#3820=ORIENTED_EDGE('',*,*,#2809,.T.);
#3821=ORIENTED_EDGE('',*,*,#2810,.T.);
#3822=ORIENTED_EDGE('',*,*,#2809,.F.);
#3823=ORIENTED_EDGE('',*,*,#2758,.T.);
#3824=ORIENTED_EDGE('',*,*,#2811,.T.);
#3825=ORIENTED_EDGE('',*,*,#2812,.T.);
#3826=ORIENTED_EDGE('',*,*,#2813,.T.);
#3827=ORIENTED_EDGE('',*,*,#2814,.T.);
#3828=ORIENTED_EDGE('',*,*,#2811,.F.);
#3829=ORIENTED_EDGE('',*,*,#2757,.T.);
#3830=ORIENTED_EDGE('',*,*,#2789,.F.);
#3831=ORIENTED_EDGE('',*,*,#2760,.F.);
#3832=ORIENTED_EDGE('',*,*,#2808,.F.);
#3833=ORIENTED_EDGE('',*,*,#2815,.F.);
#3834=ORIENTED_EDGE('',*,*,#2816,.T.);
#3835=ORIENTED_EDGE('',*,*,#2817,.T.);
#3836=ORIENTED_EDGE('',*,*,#2778,.T.);
#3837=ORIENTED_EDGE('',*,*,#2818,.T.);
#3838=ORIENTED_EDGE('',*,*,#2810,.F.);
#3839=ORIENTED_EDGE('',*,*,#2819,.T.);
#3840=ORIENTED_EDGE('',*,*,#2657,.T.);
#3841=ORIENTED_EDGE('',*,*,#2820,.T.);
#3842=ORIENTED_EDGE('',*,*,#2815,.T.);
#3843=ORIENTED_EDGE('',*,*,#2821,.T.);
#3844=ORIENTED_EDGE('',*,*,#2822,.T.);
#3845=ORIENTED_EDGE('',*,*,#2674,.T.);
#3846=ORIENTED_EDGE('',*,*,#2823,.T.);
#3847=ORIENTED_EDGE('',*,*,#2823,.F.);
#3848=ORIENTED_EDGE('',*,*,#2673,.F.);
#3849=ORIENTED_EDGE('',*,*,#2605,.T.);
#3850=ORIENTED_EDGE('',*,*,#2603,.F.);
#3851=ORIENTED_EDGE('',*,*,#2611,.T.);
#3852=ORIENTED_EDGE('',*,*,#2609,.F.);
#3853=ORIENTED_EDGE('',*,*,#2824,.T.);
#3854=ORIENTED_EDGE('',*,*,#2671,.F.);
#3855=ORIENTED_EDGE('',*,*,#2825,.F.);
#3856=ORIENTED_EDGE('',*,*,#2826,.F.);
#3857=ORIENTED_EDGE('',*,*,#2827,.F.);
#3858=ORIENTED_EDGE('',*,*,#2665,.T.);
#3859=ORIENTED_EDGE('',*,*,#2828,.T.);
#3860=ORIENTED_EDGE('',*,*,#2829,.T.);
#3861=ORIENTED_EDGE('',*,*,#2830,.T.);
#3862=ORIENTED_EDGE('',*,*,#2798,.F.);
#3863=ORIENTED_EDGE('',*,*,#2831,.F.);
#3864=ORIENTED_EDGE('',*,*,#2828,.F.);
#3865=ORIENTED_EDGE('',*,*,#2664,.F.);
#3866=ORIENTED_EDGE('',*,*,#2832,.T.);
#3867=ORIENTED_EDGE('',*,*,#2755,.T.);
#3868=ORIENTED_EDGE('',*,*,#2833,.T.);
#3869=ORIENTED_EDGE('',*,*,#2834,.T.);
#3870=ORIENTED_EDGE('',*,*,#2833,.F.);
#3871=ORIENTED_EDGE('',*,*,#2754,.T.);
#3872=ORIENTED_EDGE('',*,*,#2835,.T.);
#3873=ORIENTED_EDGE('',*,*,#2836,.T.);
#3874=ORIENTED_EDGE('',*,*,#2837,.T.);
#3875=ORIENTED_EDGE('',*,*,#2838,.T.);
#3876=ORIENTED_EDGE('',*,*,#2835,.F.);
#3877=ORIENTED_EDGE('',*,*,#2753,.T.);
#3878=ORIENTED_EDGE('',*,*,#2813,.F.);
#3879=ORIENTED_EDGE('',*,*,#2756,.F.);
#3880=ORIENTED_EDGE('',*,*,#2832,.F.);
#3881=ORIENTED_EDGE('',*,*,#2839,.F.);
#3882=ORIENTED_EDGE('',*,*,#2840,.T.);
#3883=ORIENTED_EDGE('',*,*,#2841,.T.);
#3884=ORIENTED_EDGE('',*,*,#2802,.T.);
#3885=ORIENTED_EDGE('',*,*,#2842,.T.);
#3886=ORIENTED_EDGE('',*,*,#2834,.F.);
#3887=ORIENTED_EDGE('',*,*,#2843,.T.);
#3888=ORIENTED_EDGE('',*,*,#2668,.T.);
#3889=ORIENTED_EDGE('',*,*,#2844,.T.);
#3890=ORIENTED_EDGE('',*,*,#2839,.T.);
#3891=ORIENTED_EDGE('',*,*,#2845,.T.);
#3892=ORIENTED_EDGE('',*,*,#2846,.T.);
#3893=ORIENTED_EDGE('',*,*,#2685,.T.);
#3894=ORIENTED_EDGE('',*,*,#2847,.T.);
#3895=ORIENTED_EDGE('',*,*,#2847,.F.);
#3896=ORIENTED_EDGE('',*,*,#2684,.F.);
#3897=ORIENTED_EDGE('',*,*,#2615,.T.);
#3898=ORIENTED_EDGE('',*,*,#2613,.F.);
#3899=ORIENTED_EDGE('',*,*,#2621,.T.);
#3900=ORIENTED_EDGE('',*,*,#2619,.F.);
#3901=ORIENTED_EDGE('',*,*,#2848,.T.);
#3902=ORIENTED_EDGE('',*,*,#2682,.F.);
#3903=ORIENTED_EDGE('',*,*,#2849,.F.);
#3904=ORIENTED_EDGE('',*,*,#2850,.F.);
#3905=ORIENTED_EDGE('',*,*,#2851,.F.);
#3906=ORIENTED_EDGE('',*,*,#2676,.T.);
#3907=ORIENTED_EDGE('',*,*,#2852,.T.);
#3908=ORIENTED_EDGE('',*,*,#2853,.T.);
#3909=ORIENTED_EDGE('',*,*,#2854,.T.);
#3910=ORIENTED_EDGE('',*,*,#2822,.F.);
#3911=ORIENTED_EDGE('',*,*,#2855,.F.);
#3912=ORIENTED_EDGE('',*,*,#2852,.F.);
#3913=ORIENTED_EDGE('',*,*,#2675,.F.);
#3914=ORIENTED_EDGE('',*,*,#2856,.T.);
#3915=ORIENTED_EDGE('',*,*,#2751,.T.);
#3916=ORIENTED_EDGE('',*,*,#2857,.T.);
#3917=ORIENTED_EDGE('',*,*,#2858,.T.);
#3918=ORIENTED_EDGE('',*,*,#2857,.F.);
#3919=ORIENTED_EDGE('',*,*,#2750,.T.);
#3920=ORIENTED_EDGE('',*,*,#2859,.T.);
#3921=ORIENTED_EDGE('',*,*,#2860,.T.);
#3922=ORIENTED_EDGE('',*,*,#2861,.T.);
#3923=ORIENTED_EDGE('',*,*,#2862,.T.);
#3924=ORIENTED_EDGE('',*,*,#2859,.F.);
#3925=ORIENTED_EDGE('',*,*,#2749,.T.);
#3926=ORIENTED_EDGE('',*,*,#2837,.F.);
#3927=ORIENTED_EDGE('',*,*,#2752,.F.);
#3928=ORIENTED_EDGE('',*,*,#2856,.F.);
#3929=ORIENTED_EDGE('',*,*,#2863,.F.);
#3930=ORIENTED_EDGE('',*,*,#2864,.T.);
#3931=ORIENTED_EDGE('',*,*,#2865,.T.);
#3932=ORIENTED_EDGE('',*,*,#2826,.T.);
#3933=ORIENTED_EDGE('',*,*,#2866,.T.);
#3934=ORIENTED_EDGE('',*,*,#2858,.F.);
#3935=ORIENTED_EDGE('',*,*,#2867,.T.);
#3936=ORIENTED_EDGE('',*,*,#2679,.T.);
#3937=ORIENTED_EDGE('',*,*,#2868,.T.);
#3938=ORIENTED_EDGE('',*,*,#2863,.T.);
#3939=ORIENTED_EDGE('',*,*,#2869,.T.);
#3940=ORIENTED_EDGE('',*,*,#2870,.T.);
#3941=ORIENTED_EDGE('',*,*,#2696,.T.);
#3942=ORIENTED_EDGE('',*,*,#2871,.T.);
#3943=ORIENTED_EDGE('',*,*,#2871,.F.);
#3944=ORIENTED_EDGE('',*,*,#2695,.F.);
#3945=ORIENTED_EDGE('',*,*,#2625,.T.);
#3946=ORIENTED_EDGE('',*,*,#2623,.F.);
#3947=ORIENTED_EDGE('',*,*,#2631,.T.);
#3948=ORIENTED_EDGE('',*,*,#2629,.F.);
#3949=ORIENTED_EDGE('',*,*,#2872,.T.);
#3950=ORIENTED_EDGE('',*,*,#2693,.F.);
#3951=ORIENTED_EDGE('',*,*,#2873,.F.);
#3952=ORIENTED_EDGE('',*,*,#2874,.F.);
#3953=ORIENTED_EDGE('',*,*,#2875,.F.);
#3954=ORIENTED_EDGE('',*,*,#2687,.T.);
#3955=ORIENTED_EDGE('',*,*,#2876,.T.);
#3956=ORIENTED_EDGE('',*,*,#2877,.T.);
#3957=ORIENTED_EDGE('',*,*,#2878,.T.);
#3958=ORIENTED_EDGE('',*,*,#2878,.F.);
#3959=ORIENTED_EDGE('',*,*,#2879,.F.);
#3960=ORIENTED_EDGE('',*,*,#2880,.F.);
#3961=ORIENTED_EDGE('',*,*,#2881,.F.);
#3962=ORIENTED_EDGE('',*,*,#2689,.F.);
#3963=ORIENTED_EDGE('',*,*,#2545,.T.);
#3964=ORIENTED_EDGE('',*,*,#2548,.F.);
#3965=ORIENTED_EDGE('',*,*,#2550,.T.);
#3966=ORIENTED_EDGE('',*,*,#2552,.F.);
#3967=ORIENTED_EDGE('',*,*,#2554,.T.);
#3968=ORIENTED_EDGE('',*,*,#2688,.F.);
#3969=ORIENTED_EDGE('',*,*,#2882,.T.);
#3970=ORIENTED_EDGE('',*,*,#2747,.T.);
#3971=ORIENTED_EDGE('',*,*,#2883,.T.);
#3972=ORIENTED_EDGE('',*,*,#2884,.T.);
#3973=ORIENTED_EDGE('',*,*,#2883,.F.);
#3974=ORIENTED_EDGE('',*,*,#2746,.T.);
#3975=ORIENTED_EDGE('',*,*,#2885,.T.);
#3976=ORIENTED_EDGE('',*,*,#2886,.T.);
#3977=ORIENTED_EDGE('',*,*,#2887,.T.);
#3978=ORIENTED_EDGE('',*,*,#2888,.T.);
#3979=ORIENTED_EDGE('',*,*,#2885,.F.);
#3980=ORIENTED_EDGE('',*,*,#2745,.T.);
#3981=ORIENTED_EDGE('',*,*,#2861,.F.);
#3982=ORIENTED_EDGE('',*,*,#2748,.F.);
#3983=ORIENTED_EDGE('',*,*,#2882,.F.);
#3984=ORIENTED_EDGE('',*,*,#2889,.F.);
#3985=ORIENTED_EDGE('',*,*,#2880,.T.);
#3986=ORIENTED_EDGE('',*,*,#2890,.T.);
#3987=ORIENTED_EDGE('',*,*,#2850,.T.);
#3988=ORIENTED_EDGE('',*,*,#2891,.T.);
#3989=ORIENTED_EDGE('',*,*,#2884,.F.);
#3990=ORIENTED_EDGE('',*,*,#2892,.T.);
#3991=ORIENTED_EDGE('',*,*,#2690,.T.);
#3992=ORIENTED_EDGE('',*,*,#2881,.T.);
#3993=ORIENTED_EDGE('',*,*,#2889,.T.);
#3994=ORIENTED_EDGE('',*,*,#2727,.F.);
#3995=ORIENTED_EDGE('',*,*,#2893,.F.);
#3996=ORIENTED_EDGE('',*,*,#2766,.F.);
#3997=ORIENTED_EDGE('',*,*,#2772,.F.);
#3998=ORIENTED_EDGE('',*,*,#2720,.F.);
#3999=ORIENTED_EDGE('',*,*,#2325,.T.);
#4000=ORIENTED_EDGE('',*,*,#2328,.F.);
#4001=ORIENTED_EDGE('',*,*,#2330,.T.);
#4002=ORIENTED_EDGE('',*,*,#2332,.F.);
#4003=ORIENTED_EDGE('',*,*,#2334,.T.);
#4004=ORIENTED_EDGE('',*,*,#2719,.F.);
#4005=ORIENTED_EDGE('',*,*,#2738,.F.);
#4006=ORIENTED_EDGE('',*,*,#2794,.F.);
#4007=ORIENTED_EDGE('',*,*,#2639,.T.);
#4008=ORIENTED_EDGE('',*,*,#2723,.T.);
#4009=ORIENTED_EDGE('',*,*,#2894,.T.);
#4010=ORIENTED_EDGE('',*,*,#2736,.F.);
#4011=ORIENTED_EDGE('',*,*,#2894,.F.);
#4012=ORIENTED_EDGE('',*,*,#2722,.F.);
#4013=ORIENTED_EDGE('',*,*,#2771,.F.);
#4014=ORIENTED_EDGE('',*,*,#2782,.F.);
#4015=ORIENTED_EDGE('',*,*,#2895,.F.);
#4016=ORIENTED_EDGE('',*,*,#2792,.F.);
#4017=ORIENTED_EDGE('',*,*,#2796,.F.);
#4018=ORIENTED_EDGE('',*,*,#2645,.F.);
#4019=ORIENTED_EDGE('',*,*,#2369,.T.);
#4020=ORIENTED_EDGE('',*,*,#2372,.F.);
#4021=ORIENTED_EDGE('',*,*,#2374,.T.);
#4022=ORIENTED_EDGE('',*,*,#2376,.F.);
#4023=ORIENTED_EDGE('',*,*,#2378,.T.);
#4024=ORIENTED_EDGE('',*,*,#2644,.F.);
#4025=ORIENTED_EDGE('',*,*,#2790,.F.);
#4026=ORIENTED_EDGE('',*,*,#2818,.F.);
#4027=ORIENTED_EDGE('',*,*,#2777,.T.);
#4028=ORIENTED_EDGE('',*,*,#2648,.T.);
#4029=ORIENTED_EDGE('',*,*,#2896,.T.);
#4030=ORIENTED_EDGE('',*,*,#2788,.F.);
#4031=ORIENTED_EDGE('',*,*,#2896,.F.);
#4032=ORIENTED_EDGE('',*,*,#2647,.F.);
#4033=ORIENTED_EDGE('',*,*,#2795,.F.);
#4034=ORIENTED_EDGE('',*,*,#2806,.F.);
#4035=ORIENTED_EDGE('',*,*,#2897,.F.);
#4036=ORIENTED_EDGE('',*,*,#2816,.F.);
#4037=ORIENTED_EDGE('',*,*,#2820,.F.);
#4038=ORIENTED_EDGE('',*,*,#2656,.F.);
#4039=ORIENTED_EDGE('',*,*,#2413,.T.);
#4040=ORIENTED_EDGE('',*,*,#2416,.F.);
#4041=ORIENTED_EDGE('',*,*,#2418,.T.);
#4042=ORIENTED_EDGE('',*,*,#2420,.F.);
#4043=ORIENTED_EDGE('',*,*,#2422,.T.);
#4044=ORIENTED_EDGE('',*,*,#2655,.F.);
#4045=ORIENTED_EDGE('',*,*,#2814,.F.);
#4046=ORIENTED_EDGE('',*,*,#2842,.F.);
#4047=ORIENTED_EDGE('',*,*,#2801,.T.);
#4048=ORIENTED_EDGE('',*,*,#2659,.T.);
#4049=ORIENTED_EDGE('',*,*,#2898,.T.);
#4050=ORIENTED_EDGE('',*,*,#2812,.F.);
#4051=ORIENTED_EDGE('',*,*,#2898,.F.);
#4052=ORIENTED_EDGE('',*,*,#2658,.F.);
#4053=ORIENTED_EDGE('',*,*,#2819,.F.);
#4054=ORIENTED_EDGE('',*,*,#2830,.F.);
#4055=ORIENTED_EDGE('',*,*,#2899,.F.);
#4056=ORIENTED_EDGE('',*,*,#2840,.F.);
#4057=ORIENTED_EDGE('',*,*,#2844,.F.);
#4058=ORIENTED_EDGE('',*,*,#2667,.F.);
#4059=ORIENTED_EDGE('',*,*,#2457,.T.);
#4060=ORIENTED_EDGE('',*,*,#2460,.F.);
#4061=ORIENTED_EDGE('',*,*,#2462,.T.);
#4062=ORIENTED_EDGE('',*,*,#2464,.F.);
#4063=ORIENTED_EDGE('',*,*,#2466,.T.);
#4064=ORIENTED_EDGE('',*,*,#2666,.F.);
#4065=ORIENTED_EDGE('',*,*,#2838,.F.);
#4066=ORIENTED_EDGE('',*,*,#2866,.F.);
#4067=ORIENTED_EDGE('',*,*,#2825,.T.);
#4068=ORIENTED_EDGE('',*,*,#2670,.T.);
#4069=ORIENTED_EDGE('',*,*,#2900,.T.);
#4070=ORIENTED_EDGE('',*,*,#2836,.F.);
#4071=ORIENTED_EDGE('',*,*,#2900,.F.);
#4072=ORIENTED_EDGE('',*,*,#2669,.F.);
#4073=ORIENTED_EDGE('',*,*,#2843,.F.);
#4074=ORIENTED_EDGE('',*,*,#2854,.F.);
#4075=ORIENTED_EDGE('',*,*,#2901,.F.);
#4076=ORIENTED_EDGE('',*,*,#2864,.F.);
#4077=ORIENTED_EDGE('',*,*,#2868,.F.);
#4078=ORIENTED_EDGE('',*,*,#2678,.F.);
#4079=ORIENTED_EDGE('',*,*,#2501,.T.);
#4080=ORIENTED_EDGE('',*,*,#2504,.F.);
#4081=ORIENTED_EDGE('',*,*,#2506,.T.);
#4082=ORIENTED_EDGE('',*,*,#2508,.F.);
#4083=ORIENTED_EDGE('',*,*,#2510,.T.);
#4084=ORIENTED_EDGE('',*,*,#2677,.F.);
#4085=ORIENTED_EDGE('',*,*,#2862,.F.);
#4086=ORIENTED_EDGE('',*,*,#2891,.F.);
#4087=ORIENTED_EDGE('',*,*,#2849,.T.);
#4088=ORIENTED_EDGE('',*,*,#2681,.T.);
#4089=ORIENTED_EDGE('',*,*,#2902,.T.);
#4090=ORIENTED_EDGE('',*,*,#2860,.F.);
#4091=ORIENTED_EDGE('',*,*,#2902,.F.);
#4092=ORIENTED_EDGE('',*,*,#2680,.F.);
#4093=ORIENTED_EDGE('',*,*,#2867,.F.);
#4094=ORIENTED_EDGE('',*,*,#2888,.F.);
#4095=ORIENTED_EDGE('',*,*,#2903,.F.);
#4096=ORIENTED_EDGE('',*,*,#2873,.T.);
#4097=ORIENTED_EDGE('',*,*,#2692,.T.);
#4098=ORIENTED_EDGE('',*,*,#2904,.T.);
#4099=ORIENTED_EDGE('',*,*,#2886,.F.);
#4100=ORIENTED_EDGE('',*,*,#2904,.F.);
#4101=ORIENTED_EDGE('',*,*,#2691,.F.);
#4102=ORIENTED_EDGE('',*,*,#2892,.F.);
#4103=ORIENTED_EDGE('',*,*,#2349,.F.);
#4104=ORIENTED_EDGE('',*,*,#2724,.F.);
#4105=ORIENTED_EDGE('',*,*,#2637,.F.);
#4106=ORIENTED_EDGE('',*,*,#2578,.F.);
#4107=ORIENTED_EDGE('',*,*,#2393,.F.);
#4108=ORIENTED_EDGE('',*,*,#2650,.F.);
#4109=ORIENTED_EDGE('',*,*,#2776,.F.);
#4110=ORIENTED_EDGE('',*,*,#2588,.F.);
#4111=ORIENTED_EDGE('',*,*,#2437,.F.);
#4112=ORIENTED_EDGE('',*,*,#2661,.F.);
#4113=ORIENTED_EDGE('',*,*,#2800,.F.);
#4114=ORIENTED_EDGE('',*,*,#2598,.F.);
#4115=ORIENTED_EDGE('',*,*,#2481,.F.);
#4116=ORIENTED_EDGE('',*,*,#2672,.F.);
#4117=ORIENTED_EDGE('',*,*,#2824,.F.);
#4118=ORIENTED_EDGE('',*,*,#2608,.F.);
#4119=ORIENTED_EDGE('',*,*,#2525,.F.);
#4120=ORIENTED_EDGE('',*,*,#2683,.F.);
#4121=ORIENTED_EDGE('',*,*,#2848,.F.);
#4122=ORIENTED_EDGE('',*,*,#2618,.F.);
#4123=ORIENTED_EDGE('',*,*,#2569,.F.);
#4124=ORIENTED_EDGE('',*,*,#2694,.F.);
#4125=ORIENTED_EDGE('',*,*,#2872,.F.);
#4126=ORIENTED_EDGE('',*,*,#2628,.F.);
#4127=ORIENTED_EDGE('',*,*,#2887,.F.);
#4128=ORIENTED_EDGE('',*,*,#2744,.T.);
#4129=ORIENTED_EDGE('',*,*,#2905,.F.);
#4130=ORIENTED_EDGE('',*,*,#2906,.F.);
#4131=ORIENTED_EDGE('',*,*,#2907,.T.);
#4132=ORIENTED_EDGE('',*,*,#2908,.T.);
#4133=ORIENTED_EDGE('',*,*,#2874,.T.);
#4134=ORIENTED_EDGE('',*,*,#2903,.T.);
#4135=ORIENTED_EDGE('',*,*,#2869,.F.);
#4136=ORIENTED_EDGE('',*,*,#2875,.T.);
#4137=ORIENTED_EDGE('',*,*,#2908,.F.);
#4138=ORIENTED_EDGE('',*,*,#2909,.T.);
#4139=ORIENTED_EDGE('',*,*,#2910,.F.);
#4140=ORIENTED_EDGE('',*,*,#2911,.T.);
#4141=ORIENTED_EDGE('',*,*,#2845,.F.);
#4142=ORIENTED_EDGE('',*,*,#2851,.T.);
#4143=ORIENTED_EDGE('',*,*,#2890,.F.);
#4144=ORIENTED_EDGE('',*,*,#2879,.T.);
#4145=ORIENTED_EDGE('',*,*,#2877,.F.);
#4146=ORIENTED_EDGE('',*,*,#2912,.T.);
#4147=ORIENTED_EDGE('',*,*,#2821,.F.);
#4148=ORIENTED_EDGE('',*,*,#2827,.T.);
#4149=ORIENTED_EDGE('',*,*,#2865,.F.);
#4150=ORIENTED_EDGE('',*,*,#2901,.T.);
#4151=ORIENTED_EDGE('',*,*,#2853,.F.);
#4152=ORIENTED_EDGE('',*,*,#2855,.T.);
#4153=ORIENTED_EDGE('',*,*,#2797,.F.);
#4154=ORIENTED_EDGE('',*,*,#2803,.T.);
#4155=ORIENTED_EDGE('',*,*,#2841,.F.);
#4156=ORIENTED_EDGE('',*,*,#2899,.T.);
#4157=ORIENTED_EDGE('',*,*,#2829,.F.);
#4158=ORIENTED_EDGE('',*,*,#2831,.T.);
#4159=ORIENTED_EDGE('',*,*,#2773,.F.);
#4160=ORIENTED_EDGE('',*,*,#2779,.T.);
#4161=ORIENTED_EDGE('',*,*,#2817,.F.);
#4162=ORIENTED_EDGE('',*,*,#2897,.T.);
#4163=ORIENTED_EDGE('',*,*,#2805,.F.);
#4164=ORIENTED_EDGE('',*,*,#2807,.T.);
#4165=ORIENTED_EDGE('',*,*,#2632,.F.);
#4166=ORIENTED_EDGE('',*,*,#2641,.T.);
#4167=ORIENTED_EDGE('',*,*,#2793,.F.);
#4168=ORIENTED_EDGE('',*,*,#2895,.T.);
#4169=ORIENTED_EDGE('',*,*,#2781,.F.);
#4170=ORIENTED_EDGE('',*,*,#2783,.T.);
#4171=ORIENTED_EDGE('',*,*,#2726,.F.);
#4172=ORIENTED_EDGE('',*,*,#2729,.T.);
#4173=ORIENTED_EDGE('',*,*,#2913,.F.);
#4174=ORIENTED_EDGE('',*,*,#2914,.T.);
#4175=ORIENTED_EDGE('',*,*,#2767,.F.);
#4176=ORIENTED_EDGE('',*,*,#2893,.T.);
#4177=ORIENTED_EDGE('',*,*,#2870,.F.);
#4178=ORIENTED_EDGE('',*,*,#2911,.F.);
#4179=ORIENTED_EDGE('',*,*,#2915,.F.);
#4180=ORIENTED_EDGE('',*,*,#2697,.F.);
#4181=ORIENTED_EDGE('',*,*,#2846,.F.);
#4182=ORIENTED_EDGE('',*,*,#2912,.F.);
#4183=ORIENTED_EDGE('',*,*,#2876,.F.);
#4184=ORIENTED_EDGE('',*,*,#2686,.F.);
#4185=ORIENTED_EDGE('',*,*,#2701,.T.);
#4186=ORIENTED_EDGE('',*,*,#2916,.T.);
#4187=ORIENTED_EDGE('',*,*,#2917,.T.);
#4188=ORIENTED_EDGE('',*,*,#2918,.T.);
#4189=ORIENTED_EDGE('',*,*,#2919,.T.);
#4190=ORIENTED_EDGE('',*,*,#2920,.T.);
#4191=ORIENTED_EDGE('',*,*,#2917,.F.);
#4192=ORIENTED_EDGE('',*,*,#2921,.T.);
#4193=ORIENTED_EDGE('',*,*,#2922,.T.);
#4194=ORIENTED_EDGE('',*,*,#2923,.T.);
#4195=ORIENTED_EDGE('',*,*,#2919,.F.);
#4196=ORIENTED_EDGE('',*,*,#2924,.T.);
#4197=ORIENTED_EDGE('',*,*,#2925,.T.);
#4198=ORIENTED_EDGE('',*,*,#2926,.T.);
#4199=ORIENTED_EDGE('',*,*,#2922,.F.);
#4200=ORIENTED_EDGE('',*,*,#2927,.T.);
#4201=ORIENTED_EDGE('',*,*,#2703,.T.);
#4202=ORIENTED_EDGE('',*,*,#2928,.T.);
#4203=ORIENTED_EDGE('',*,*,#2925,.F.);
#4204=ORIENTED_EDGE('',*,*,#2929,.T.);
#4205=ORIENTED_EDGE('',*,*,#2929,.F.);
#4206=ORIENTED_EDGE('',*,*,#2930,.F.);
#4207=ORIENTED_EDGE('',*,*,#2931,.T.);
#4208=ORIENTED_EDGE('',*,*,#2704,.F.);
#4209=ORIENTED_EDGE('',*,*,#2927,.F.);
#4210=ORIENTED_EDGE('',*,*,#2932,.T.);
#4211=ORIENTED_EDGE('',*,*,#2933,.T.);
#4212=ORIENTED_EDGE('',*,*,#2930,.T.);
#4213=ORIENTED_EDGE('',*,*,#2924,.F.);
#4214=ORIENTED_EDGE('',*,*,#2934,.F.);
#4215=ORIENTED_EDGE('',*,*,#2935,.T.);
#4216=ORIENTED_EDGE('',*,*,#2932,.F.);
#4217=ORIENTED_EDGE('',*,*,#2921,.F.);
#4218=ORIENTED_EDGE('',*,*,#2936,.T.);
#4219=ORIENTED_EDGE('',*,*,#2937,.T.);
#4220=ORIENTED_EDGE('',*,*,#2934,.T.);
#4221=ORIENTED_EDGE('',*,*,#2916,.F.);
#4222=ORIENTED_EDGE('',*,*,#2700,.F.);
#4223=ORIENTED_EDGE('',*,*,#2938,.T.);
#4224=ORIENTED_EDGE('',*,*,#2936,.F.);
#4225=ORIENTED_EDGE('',*,*,#2713,.T.);
#4226=ORIENTED_EDGE('',*,*,#2939,.T.);
#4227=ORIENTED_EDGE('',*,*,#2940,.T.);
#4228=ORIENTED_EDGE('',*,*,#2941,.T.);
#4229=ORIENTED_EDGE('',*,*,#2940,.F.);
#4230=ORIENTED_EDGE('',*,*,#2942,.T.);
#4231=ORIENTED_EDGE('',*,*,#2943,.T.);
#4232=ORIENTED_EDGE('',*,*,#2944,.T.);
#4233=ORIENTED_EDGE('',*,*,#2943,.F.);
#4234=ORIENTED_EDGE('',*,*,#2945,.T.);
#4235=ORIENTED_EDGE('',*,*,#2946,.T.);
#4236=ORIENTED_EDGE('',*,*,#2947,.T.);
#4237=ORIENTED_EDGE('',*,*,#2946,.F.);
#4238=ORIENTED_EDGE('',*,*,#2948,.T.);
#4239=ORIENTED_EDGE('',*,*,#2949,.T.);
#4240=ORIENTED_EDGE('',*,*,#2950,.T.);
#4241=ORIENTED_EDGE('',*,*,#2711,.T.);
#4242=ORIENTED_EDGE('',*,*,#2951,.T.);
#4243=ORIENTED_EDGE('',*,*,#2949,.F.);
#4244=ORIENTED_EDGE('',*,*,#2952,.T.);
#4245=ORIENTED_EDGE('',*,*,#2952,.F.);
#4246=ORIENTED_EDGE('',*,*,#2948,.F.);
#4247=ORIENTED_EDGE('',*,*,#2945,.F.);
#4248=ORIENTED_EDGE('',*,*,#2942,.F.);
#4249=ORIENTED_EDGE('',*,*,#2939,.F.);
#4250=ORIENTED_EDGE('',*,*,#2712,.F.);
#4251=ORIENTED_EDGE('',*,*,#2944,.F.);
#4252=ORIENTED_EDGE('',*,*,#2953,.T.);
#4253=ORIENTED_EDGE('',*,*,#2954,.T.);
#4254=ORIENTED_EDGE('',*,*,#2955,.T.);
#4255=ORIENTED_EDGE('',*,*,#2941,.F.);
#4256=ORIENTED_EDGE('',*,*,#2955,.F.);
#4257=ORIENTED_EDGE('',*,*,#2956,.T.);
#4258=ORIENTED_EDGE('',*,*,#2714,.F.);
#4259=ORIENTED_EDGE('',*,*,#2928,.F.);
#4260=ORIENTED_EDGE('',*,*,#2702,.F.);
#4261=ORIENTED_EDGE('',*,*,#2918,.F.);
#4262=ORIENTED_EDGE('',*,*,#2920,.F.);
#4263=ORIENTED_EDGE('',*,*,#2923,.F.);
#4264=ORIENTED_EDGE('',*,*,#2926,.F.);
#4265=ORIENTED_EDGE('',*,*,#2950,.F.);
#4266=ORIENTED_EDGE('',*,*,#2957,.T.);
#4267=ORIENTED_EDGE('',*,*,#2958,.T.);
#4268=ORIENTED_EDGE('',*,*,#2959,.T.);
#4269=ORIENTED_EDGE('',*,*,#2947,.F.);
#4270=ORIENTED_EDGE('',*,*,#2959,.F.);
#4271=ORIENTED_EDGE('',*,*,#2960,.T.);
#4272=ORIENTED_EDGE('',*,*,#2953,.F.);
#4273=ORIENTED_EDGE('',*,*,#2913,.T.);
#4274=ORIENTED_EDGE('',*,*,#2728,.T.);
#4275=ORIENTED_EDGE('',*,*,#2716,.T.);
#4276=ORIENTED_EDGE('',*,*,#2961,.T.);
#4277=ORIENTED_EDGE('',*,*,#2698,.T.);
#4278=ORIENTED_EDGE('',*,*,#2915,.T.);
#4279=ORIENTED_EDGE('',*,*,#2910,.T.);
#4280=ORIENTED_EDGE('',*,*,#2962,.T.);
#4281=ORIENTED_EDGE('',*,*,#2962,.F.);
#4282=ORIENTED_EDGE('',*,*,#2909,.F.);
#4283=ORIENTED_EDGE('',*,*,#2907,.F.);
#4284=ORIENTED_EDGE('',*,*,#2963,.F.);
#4285=ORIENTED_EDGE('',*,*,#2705,.F.);
#4286=ORIENTED_EDGE('',*,*,#2931,.F.);
#4287=ORIENTED_EDGE('',*,*,#2933,.F.);
#4288=ORIENTED_EDGE('',*,*,#2935,.F.);
#4289=ORIENTED_EDGE('',*,*,#2937,.F.);
#4290=ORIENTED_EDGE('',*,*,#2938,.F.);
#4291=ORIENTED_EDGE('',*,*,#2699,.F.);
#4292=ORIENTED_EDGE('',*,*,#2905,.T.);
#4293=ORIENTED_EDGE('',*,*,#2743,.T.);
#4294=ORIENTED_EDGE('',*,*,#2964,.T.);
#4295=ORIENTED_EDGE('',*,*,#2965,.T.);
#4296=ORIENTED_EDGE('',*,*,#2964,.F.);
#4297=ORIENTED_EDGE('',*,*,#2742,.T.);
#4298=ORIENTED_EDGE('',*,*,#2966,.T.);
#4299=ORIENTED_EDGE('',*,*,#2967,.T.);
#4300=ORIENTED_EDGE('',*,*,#2770,.T.);
#4301=ORIENTED_EDGE('',*,*,#2968,.T.);
#4302=ORIENTED_EDGE('',*,*,#2966,.F.);
#4303=ORIENTED_EDGE('',*,*,#2741,.T.);
#4304=ORIENTED_EDGE('',*,*,#2965,.F.);
#4305=ORIENTED_EDGE('',*,*,#2969,.T.);
#4306=ORIENTED_EDGE('',*,*,#2706,.T.);
#4307=ORIENTED_EDGE('',*,*,#2963,.T.);
#4308=ORIENTED_EDGE('',*,*,#2906,.T.);
#4309=ORIENTED_EDGE('',*,*,#2967,.F.);
#4310=ORIENTED_EDGE('',*,*,#2970,.F.);
#4311=ORIENTED_EDGE('',*,*,#2707,.F.);
#4312=ORIENTED_EDGE('',*,*,#2969,.F.);
#4313=ORIENTED_EDGE('',*,*,#2968,.F.);
#4314=ORIENTED_EDGE('',*,*,#2769,.T.);
#4315=ORIENTED_EDGE('',*,*,#2971,.T.);
#4316=ORIENTED_EDGE('',*,*,#2708,.T.);
#4317=ORIENTED_EDGE('',*,*,#2970,.T.);
#4318=ORIENTED_EDGE('',*,*,#2961,.F.);
#4319=ORIENTED_EDGE('',*,*,#2715,.F.);
#4320=ORIENTED_EDGE('',*,*,#2956,.F.);
#4321=ORIENTED_EDGE('',*,*,#2954,.F.);
#4322=ORIENTED_EDGE('',*,*,#2960,.F.);
#4323=ORIENTED_EDGE('',*,*,#2958,.F.);
#4324=ORIENTED_EDGE('',*,*,#2972,.F.);
#4325=ORIENTED_EDGE('',*,*,#2709,.F.);
#4326=ORIENTED_EDGE('',*,*,#2971,.F.);
#4327=ORIENTED_EDGE('',*,*,#2768,.F.);
#4328=ORIENTED_EDGE('',*,*,#2914,.F.);
#4329=ORIENTED_EDGE('',*,*,#2951,.F.);
#4330=ORIENTED_EDGE('',*,*,#2710,.F.);
#4331=ORIENTED_EDGE('',*,*,#2972,.T.);
#4332=ORIENTED_EDGE('',*,*,#2957,.F.);
#4333=CYLINDRICAL_SURFACE('',#4661,0.086);
#4334=CYLINDRICAL_SURFACE('',#4664,0.086);
#4335=CYLINDRICAL_SURFACE('',#4667,0.086);
#4336=CYLINDRICAL_SURFACE('',#4670,0.086);
#4337=CYLINDRICAL_SURFACE('',#4673,0.1);
#4338=CYLINDRICAL_SURFACE('',#4686,0.0295275590551181);
#4339=CYLINDRICAL_SURFACE('',#4689,0.0295275590551181);
#4340=CYLINDRICAL_SURFACE('',#4712,0.0295275590551181);
#4341=CYLINDRICAL_SURFACE('',#4715,0.0295275590551181);
#4342=CYLINDRICAL_SURFACE('',#4738,0.0295275590551181);
#4343=CYLINDRICAL_SURFACE('',#4741,0.0295275590551181);
#4344=CYLINDRICAL_SURFACE('',#4764,0.0295275590551181);
#4345=CYLINDRICAL_SURFACE('',#4767,0.0295275590551181);
#4346=CYLINDRICAL_SURFACE('',#4790,0.0295275590551181);
#4347=CYLINDRICAL_SURFACE('',#4793,0.0295275590551181);
#4348=CYLINDRICAL_SURFACE('',#4816,0.0295275590551181);
#4349=CYLINDRICAL_SURFACE('',#4819,0.0295275590551181);
#4350=CYLINDRICAL_SURFACE('',#4832,0.0295275590551181);
#4351=CYLINDRICAL_SURFACE('',#4836,0.0295275590551181);
#4352=CYLINDRICAL_SURFACE('',#4839,0.0295275590551181);
#4353=CYLINDRICAL_SURFACE('',#4843,0.0295275590551181);
#4354=CYLINDRICAL_SURFACE('',#4846,0.0295275590551181);
#4355=CYLINDRICAL_SURFACE('',#4850,0.0295275590551181);
#4356=CYLINDRICAL_SURFACE('',#4853,0.0295275590551181);
#4357=CYLINDRICAL_SURFACE('',#4857,0.0295275590551181);
#4358=CYLINDRICAL_SURFACE('',#4860,0.0295275590551181);
#4359=CYLINDRICAL_SURFACE('',#4864,0.0295275590551181);
#4360=CYLINDRICAL_SURFACE('',#4867,0.0295275590551181);
#4361=CYLINDRICAL_SURFACE('',#4871,0.0295275590551181);
#4362=CYLINDRICAL_SURFACE('',#4899,1.26964247172458);
#4363=CYLINDRICAL_SURFACE('',#4930,0.1);
#4364=CYLINDRICAL_SURFACE('',#4934,1.26964247172458);
#4365=CYLINDRICAL_SURFACE('',#4943,0.1);
#4366=CYLINDRICAL_SURFACE('',#4947,1.26964247172458);
#4367=CYLINDRICAL_SURFACE('',#4956,0.1);
#4368=CYLINDRICAL_SURFACE('',#4960,1.26964247172458);
#4369=CYLINDRICAL_SURFACE('',#4969,0.1);
#4370=CYLINDRICAL_SURFACE('',#4973,1.26964247172458);
#4371=CYLINDRICAL_SURFACE('',#4982,0.1);
#4372=CYLINDRICAL_SURFACE('',#4994,0.1);
#4373=CYLINDRICAL_SURFACE('',#4996,0.1);
#4374=CYLINDRICAL_SURFACE('',#4999,0.1);
#4375=CYLINDRICAL_SURFACE('',#5002,0.1);
#4376=CYLINDRICAL_SURFACE('',#5005,0.1);
#4377=CYLINDRICAL_SURFACE('',#5008,0.1);
#4378=CYLINDRICAL_SURFACE('',#5010,0.1);
#4379=CYLINDRICAL_SURFACE('',#5029,1.26964247172458);
#4380=CYLINDRICAL_SURFACE('',#5030,1.26964247172458);
#4381=CYLINDRICAL_SURFACE('',#5041,0.0295275590551181);
#4382=CYLINDRICAL_SURFACE('',#5044,0.0295275590551181);
#4383=CYLINDRICAL_SURFACE('',#5057,0.0295275590551181);
#4384=CYLINDRICAL_SURFACE('',#5061,0.0295275590551181);
#4385=CYLINDRICAL_SURFACE('',#5072,0.1);
#4386=CYLINDRICAL_SURFACE('',#5074,0.1);
#4387=ADVANCED_FACE('',(#293),#4333,.F.);
#4388=ADVANCED_FACE('',(#294),#4334,.F.);
#4389=ADVANCED_FACE('',(#295),#4335,.F.);
#4390=ADVANCED_FACE('',(#296),#4336,.F.);
#4391=ADVANCED_FACE('',(#297),#4337,.F.);
#4392=ADVANCED_FACE('',(#298),#151,.T.);
#4393=ADVANCED_FACE('',(#299),#95,.F.);
#4394=ADVANCED_FACE('',(#300),#152,.T.);
#4395=ADVANCED_FACE('',(#301),#96,.F.);
#4396=ADVANCED_FACE('',(#302),#153,.T.);
#4397=ADVANCED_FACE('',(#303),#154,.F.);
#4398=ADVANCED_FACE('',(#304),#4338,.F.);
#4399=ADVANCED_FACE('',(#305),#155,.F.);
#4400=ADVANCED_FACE('',(#306),#4339,.F.);
#4401=ADVANCED_FACE('',(#307),#156,.F.);
#4402=ADVANCED_FACE('',(#308),#157,.T.);
#4403=ADVANCED_FACE('',(#309),#97,.F.);
#4404=ADVANCED_FACE('',(#310),#158,.T.);
#4405=ADVANCED_FACE('',(#311),#98,.F.);
#4406=ADVANCED_FACE('',(#312),#159,.T.);
#4407=ADVANCED_FACE('',(#313),#160,.F.);
#4408=ADVANCED_FACE('',(#314),#161,.T.);
#4409=ADVANCED_FACE('',(#315),#99,.F.);
#4410=ADVANCED_FACE('',(#316),#162,.T.);
#4411=ADVANCED_FACE('',(#317),#100,.F.);
#4412=ADVANCED_FACE('',(#318),#163,.T.);
#4413=ADVANCED_FACE('',(#319),#164,.F.);
#4414=ADVANCED_FACE('',(#320),#4340,.F.);
#4415=ADVANCED_FACE('',(#321),#165,.F.);
#4416=ADVANCED_FACE('',(#322),#4341,.F.);
#4417=ADVANCED_FACE('',(#323),#166,.F.);
#4418=ADVANCED_FACE('',(#324),#167,.T.);
#4419=ADVANCED_FACE('',(#325),#101,.F.);
#4420=ADVANCED_FACE('',(#326),#168,.T.);
#4421=ADVANCED_FACE('',(#327),#102,.F.);
#4422=ADVANCED_FACE('',(#328),#169,.T.);
#4423=ADVANCED_FACE('',(#329),#170,.F.);
#4424=ADVANCED_FACE('',(#330),#171,.T.);
#4425=ADVANCED_FACE('',(#331),#103,.F.);
#4426=ADVANCED_FACE('',(#332),#172,.T.);
#4427=ADVANCED_FACE('',(#333),#104,.F.);
#4428=ADVANCED_FACE('',(#334),#173,.T.);
#4429=ADVANCED_FACE('',(#335),#174,.F.);
#4430=ADVANCED_FACE('',(#336),#4342,.F.);
#4431=ADVANCED_FACE('',(#337),#175,.F.);
#4432=ADVANCED_FACE('',(#338),#4343,.F.);
#4433=ADVANCED_FACE('',(#339),#176,.F.);
#4434=ADVANCED_FACE('',(#340),#177,.T.);
#4435=ADVANCED_FACE('',(#341),#105,.F.);
#4436=ADVANCED_FACE('',(#342),#178,.T.);
#4437=ADVANCED_FACE('',(#343),#106,.F.);
#4438=ADVANCED_FACE('',(#344),#179,.T.);
#4439=ADVANCED_FACE('',(#345),#180,.F.);
#4440=ADVANCED_FACE('',(#346),#181,.T.);
#4441=ADVANCED_FACE('',(#347),#107,.F.);
#4442=ADVANCED_FACE('',(#348),#182,.T.);
#4443=ADVANCED_FACE('',(#349),#108,.F.);
#4444=ADVANCED_FACE('',(#350),#183,.T.);
#4445=ADVANCED_FACE('',(#351),#184,.F.);
#4446=ADVANCED_FACE('',(#352),#4344,.F.);
#4447=ADVANCED_FACE('',(#353),#185,.F.);
#4448=ADVANCED_FACE('',(#354),#4345,.F.);
#4449=ADVANCED_FACE('',(#355),#186,.F.);
#4450=ADVANCED_FACE('',(#356),#187,.T.);
#4451=ADVANCED_FACE('',(#357),#109,.F.);
#4452=ADVANCED_FACE('',(#358),#188,.T.);
#4453=ADVANCED_FACE('',(#359),#110,.F.);
#4454=ADVANCED_FACE('',(#360),#189,.T.);
#4455=ADVANCED_FACE('',(#361),#190,.F.);
#4456=ADVANCED_FACE('',(#362),#191,.T.);
#4457=ADVANCED_FACE('',(#363),#111,.F.);
#4458=ADVANCED_FACE('',(#364),#192,.T.);
#4459=ADVANCED_FACE('',(#365),#112,.F.);
#4460=ADVANCED_FACE('',(#366),#193,.T.);
#4461=ADVANCED_FACE('',(#367),#194,.F.);
#4462=ADVANCED_FACE('',(#368),#4346,.F.);
#4463=ADVANCED_FACE('',(#369),#195,.F.);
#4464=ADVANCED_FACE('',(#370),#4347,.F.);
#4465=ADVANCED_FACE('',(#371),#196,.F.);
#4466=ADVANCED_FACE('',(#372),#197,.T.);
#4467=ADVANCED_FACE('',(#373),#113,.F.);
#4468=ADVANCED_FACE('',(#374),#198,.T.);
#4469=ADVANCED_FACE('',(#375),#114,.F.);
#4470=ADVANCED_FACE('',(#376),#199,.T.);
#4471=ADVANCED_FACE('',(#377),#200,.F.);
#4472=ADVANCED_FACE('',(#378),#201,.T.);
#4473=ADVANCED_FACE('',(#379),#115,.F.);
#4474=ADVANCED_FACE('',(#380),#202,.T.);
#4475=ADVANCED_FACE('',(#381),#116,.F.);
#4476=ADVANCED_FACE('',(#382),#203,.T.);
#4477=ADVANCED_FACE('',(#383),#204,.F.);
#4478=ADVANCED_FACE('',(#384),#4348,.F.);
#4479=ADVANCED_FACE('',(#385),#205,.F.);
#4480=ADVANCED_FACE('',(#386),#4349,.F.);
#4481=ADVANCED_FACE('',(#387),#206,.F.);
#4482=ADVANCED_FACE('',(#388),#207,.T.);
#4483=ADVANCED_FACE('',(#389),#117,.F.);
#4484=ADVANCED_FACE('',(#390),#208,.T.);
#4485=ADVANCED_FACE('',(#391),#118,.F.);
#4486=ADVANCED_FACE('',(#392),#209,.T.);
#4487=ADVANCED_FACE('',(#393),#210,.F.);
#4488=ADVANCED_FACE('',(#394),#4350,.F.);
#4489=ADVANCED_FACE('',(#395),#211,.F.);
#4490=ADVANCED_FACE('',(#396),#212,.F.);
#4491=ADVANCED_FACE('',(#397),#4351,.F.);
#4492=ADVANCED_FACE('',(#398),#213,.F.);
#4493=ADVANCED_FACE('',(#399),#4352,.F.);
#4494=ADVANCED_FACE('',(#400),#214,.F.);
#4495=ADVANCED_FACE('',(#401),#215,.F.);
#4496=ADVANCED_FACE('',(#402),#4353,.F.);
#4497=ADVANCED_FACE('',(#403),#216,.F.);
#4498=ADVANCED_FACE('',(#404),#4354,.F.);
#4499=ADVANCED_FACE('',(#405),#217,.F.);
#4500=ADVANCED_FACE('',(#406),#218,.F.);
#4501=ADVANCED_FACE('',(#407),#4355,.F.);
#4502=ADVANCED_FACE('',(#408),#219,.F.);
#4503=ADVANCED_FACE('',(#409),#4356,.F.);
#4504=ADVANCED_FACE('',(#410),#220,.F.);
#4505=ADVANCED_FACE('',(#411),#221,.F.);
#4506=ADVANCED_FACE('',(#412),#4357,.F.);
#4507=ADVANCED_FACE('',(#413),#222,.F.);
#4508=ADVANCED_FACE('',(#414),#4358,.F.);
#4509=ADVANCED_FACE('',(#415),#223,.F.);
#4510=ADVANCED_FACE('',(#416),#224,.F.);
#4511=ADVANCED_FACE('',(#417),#4359,.F.);
#4512=ADVANCED_FACE('',(#418),#225,.F.);
#4513=ADVANCED_FACE('',(#419),#4360,.F.);
#4514=ADVANCED_FACE('',(#420),#226,.F.);
#4515=ADVANCED_FACE('',(#421),#227,.F.);
#4516=ADVANCED_FACE('',(#422),#4361,.F.);
#4517=ADVANCED_FACE('',(#423),#228,.F.);
#4518=ADVANCED_FACE('',(#424),#229,.T.);
#4519=ADVANCED_FACE('',(#425),#230,.F.);
#4520=ADVANCED_FACE('',(#426,#43,#44,#45,#46,#47),#231,.T.);
#4521=ADVANCED_FACE('',(#427),#232,.T.);
#4522=ADVANCED_FACE('',(#428),#4362,.T.);
#4523=ADVANCED_FACE('',(#429),#119,.F.);
#4524=ADVANCED_FACE('',(#430),#233,.T.);
#4525=ADVANCED_FACE('',(#431),#120,.F.);
#4526=ADVANCED_FACE('',(#432,#48,#49,#50,#51,#52),#234,.F.);
#4527=ADVANCED_FACE('',(#433),#121,.T.);
#4528=ADVANCED_FACE('',(#434),#4363,.F.);
#4529=ADVANCED_FACE('',(#435),#235,.T.);
#4530=ADVANCED_FACE('',(#436),#236,.F.);
#4531=ADVANCED_FACE('',(#437),#237,.T.);
#4532=ADVANCED_FACE('',(#438),#4364,.T.);
#4533=ADVANCED_FACE('',(#439),#122,.F.);
#4534=ADVANCED_FACE('',(#440),#238,.T.);
#4535=ADVANCED_FACE('',(#441),#123,.F.);
#4536=ADVANCED_FACE('',(#442),#124,.T.);
#4537=ADVANCED_FACE('',(#443),#4365,.F.);
#4538=ADVANCED_FACE('',(#444),#239,.T.);
#4539=ADVANCED_FACE('',(#445),#240,.F.);
#4540=ADVANCED_FACE('',(#446),#241,.T.);
#4541=ADVANCED_FACE('',(#447),#4366,.T.);
#4542=ADVANCED_FACE('',(#448),#125,.F.);
#4543=ADVANCED_FACE('',(#449),#242,.T.);
#4544=ADVANCED_FACE('',(#450),#126,.F.);
#4545=ADVANCED_FACE('',(#451),#127,.T.);
#4546=ADVANCED_FACE('',(#452),#4367,.F.);
#4547=ADVANCED_FACE('',(#453),#243,.T.);
#4548=ADVANCED_FACE('',(#454),#244,.F.);
#4549=ADVANCED_FACE('',(#455),#245,.T.);
#4550=ADVANCED_FACE('',(#456),#4368,.T.);
#4551=ADVANCED_FACE('',(#457),#128,.F.);
#4552=ADVANCED_FACE('',(#458),#246,.T.);
#4553=ADVANCED_FACE('',(#459),#129,.F.);
#4554=ADVANCED_FACE('',(#460),#130,.T.);
#4555=ADVANCED_FACE('',(#461),#4369,.F.);
#4556=ADVANCED_FACE('',(#462),#247,.T.);
#4557=ADVANCED_FACE('',(#463),#248,.F.);
#4558=ADVANCED_FACE('',(#464),#249,.T.);
#4559=ADVANCED_FACE('',(#465),#4370,.T.);
#4560=ADVANCED_FACE('',(#466),#131,.F.);
#4561=ADVANCED_FACE('',(#467),#250,.T.);
#4562=ADVANCED_FACE('',(#468),#132,.F.);
#4563=ADVANCED_FACE('',(#469),#133,.T.);
#4564=ADVANCED_FACE('',(#470),#4371,.F.);
#4565=ADVANCED_FACE('',(#471),#251,.T.);
#4566=ADVANCED_FACE('',(#472),#252,.F.);
#4567=ADVANCED_FACE('',(#473),#253,.T.);
#4568=ADVANCED_FACE('',(#474),#254,.F.);
#4569=ADVANCED_FACE('',(#475),#134,.F.);
#4570=ADVANCED_FACE('',(#476),#255,.T.);
#4571=ADVANCED_FACE('',(#477),#135,.F.);
#4572=ADVANCED_FACE('',(#478),#136,.T.);
#4573=ADVANCED_FACE('',(#479),#4372,.F.);
#4574=ADVANCED_FACE('',(#480),#256,.F.);
#4575=ADVANCED_FACE('',(#481),#4373,.F.);
#4576=ADVANCED_FACE('',(#482),#257,.F.);
#4577=ADVANCED_FACE('',(#483),#258,.F.);
#4578=ADVANCED_FACE('',(#484),#4374,.F.);
#4579=ADVANCED_FACE('',(#485),#259,.F.);
#4580=ADVANCED_FACE('',(#486),#260,.F.);
#4581=ADVANCED_FACE('',(#487),#4375,.F.);
#4582=ADVANCED_FACE('',(#488),#261,.F.);
#4583=ADVANCED_FACE('',(#489),#262,.F.);
#4584=ADVANCED_FACE('',(#490),#4376,.F.);
#4585=ADVANCED_FACE('',(#491),#263,.F.);
#4586=ADVANCED_FACE('',(#492),#264,.F.);
#4587=ADVANCED_FACE('',(#493),#4377,.F.);
#4588=ADVANCED_FACE('',(#494),#265,.F.);
#4589=ADVANCED_FACE('',(#495),#4378,.F.);
#4590=ADVANCED_FACE('',(#496),#266,.F.);
#4591=ADVANCED_FACE('',(#497),#267,.F.);
#4592=ADVANCED_FACE('',(#498),#268,.F.);
#4593=ADVANCED_FACE('',(#499),#269,.F.);
#4594=ADVANCED_FACE('',(#500),#270,.F.);
#4595=ADVANCED_FACE('',(#501),#271,.F.);
#4596=ADVANCED_FACE('',(#502),#272,.F.);
#4597=ADVANCED_FACE('',(#503),#137,.T.);
#4598=ADVANCED_FACE('',(#504),#138,.T.);
#4599=ADVANCED_FACE('',(#505),#139,.T.);
#4600=ADVANCED_FACE('',(#506),#140,.T.);
#4601=ADVANCED_FACE('',(#507),#141,.T.);
#4602=ADVANCED_FACE('',(#508),#142,.T.);
#4603=ADVANCED_FACE('',(#509),#143,.T.);
#4604=ADVANCED_FACE('',(#510),#144,.T.);
#4605=ADVANCED_FACE('',(#511),#4379,.T.);
#4606=ADVANCED_FACE('',(#512),#4380,.T.);
#4607=ADVANCED_FACE('',(#513),#273,.T.);
#4608=ADVANCED_FACE('',(#514),#145,.F.);
#4609=ADVANCED_FACE('',(#515),#274,.T.);
#4610=ADVANCED_FACE('',(#516),#146,.F.);
#4611=ADVANCED_FACE('',(#517),#275,.T.);
#4612=ADVANCED_FACE('',(#518),#276,.F.);
#4613=ADVANCED_FACE('',(#519),#4381,.F.);
#4614=ADVANCED_FACE('',(#520),#277,.F.);
#4615=ADVANCED_FACE('',(#521),#4382,.F.);
#4616=ADVANCED_FACE('',(#522),#278,.F.);
#4617=ADVANCED_FACE('',(#523),#279,.T.);
#4618=ADVANCED_FACE('',(#524),#147,.F.);
#4619=ADVANCED_FACE('',(#525),#280,.T.);
#4620=ADVANCED_FACE('',(#526),#148,.F.);
#4621=ADVANCED_FACE('',(#527),#281,.T.);
#4622=ADVANCED_FACE('',(#528),#282,.F.);
#4623=ADVANCED_FACE('',(#529),#4383,.F.);
#4624=ADVANCED_FACE('',(#530),#283,.F.);
#4625=ADVANCED_FACE('',(#531),#284,.F.);
#4626=ADVANCED_FACE('',(#532),#4384,.F.);
#4627=ADVANCED_FACE('',(#533),#285,.F.);
#4628=ADVANCED_FACE('',(#534),#286,.T.);
#4629=ADVANCED_FACE('',(#535),#287,.T.);
#4630=ADVANCED_FACE('',(#536),#288,.F.);
#4631=ADVANCED_FACE('',(#537),#149,.F.);
#4632=ADVANCED_FACE('',(#538),#289,.T.);
#4633=ADVANCED_FACE('',(#539),#150,.F.);
#4634=ADVANCED_FACE('',(#540),#4385,.F.);
#4635=ADVANCED_FACE('',(#541),#290,.F.);
#4636=ADVANCED_FACE('',(#542),#4386,.F.);
#4637=ADVANCED_FACE('',(#543),#291,.F.);
#4638=ADVANCED_FACE('',(#544),#292,.F.);
#4639=CLOSED_SHELL('',(#4387,#4388,#4389,#4390,#4391,#4392,#4393,#4394,
#4395,#4396,#4397,#4398,#4399,#4400,#4401,#4402,#4403,#4404,#4405,#4406,
#4407,#4408,#4409,#4410,#4411,#4412,#4413,#4414,#4415,#4416,#4417,#4418,
#4419,#4420,#4421,#4422,#4423,#4424,#4425,#4426,#4427,#4428,#4429,#4430,
#4431,#4432,#4433,#4434,#4435,#4436,#4437,#4438,#4439,#4440,#4441,#4442,
#4443,#4444,#4445,#4446,#4447,#4448,#4449,#4450,#4451,#4452,#4453,#4454,
#4455,#4456,#4457,#4458,#4459,#4460,#4461,#4462,#4463,#4464,#4465,#4466,
#4467,#4468,#4469,#4470,#4471,#4472,#4473,#4474,#4475,#4476,#4477,#4478,
#4479,#4480,#4481,#4482,#4483,#4484,#4485,#4486,#4487,#4488,#4489,#4490,
#4491,#4492,#4493,#4494,#4495,#4496,#4497,#4498,#4499,#4500,#4501,#4502,
#4503,#4504,#4505,#4506,#4507,#4508,#4509,#4510,#4511,#4512,#4513,#4514,
#4515,#4516,#4517,#4518,#4519,#4520,#4521,#4522,#4523,#4524,#4525,#4526,
#4527,#4528,#4529,#4530,#4531,#4532,#4533,#4534,#4535,#4536,#4537,#4538,
#4539,#4540,#4541,#4542,#4543,#4544,#4545,#4546,#4547,#4548,#4549,#4550,
#4551,#4552,#4553,#4554,#4555,#4556,#4557,#4558,#4559,#4560,#4561,#4562,
#4563,#4564,#4565,#4566,#4567,#4568,#4569,#4570,#4571,#4572,#4573,#4574,
#4575,#4576,#4577,#4578,#4579,#4580,#4581,#4582,#4583,#4584,#4585,#4586,
#4587,#4588,#4589,#4590,#4591,#4592,#4593,#4594,#4595,#4596,#4597,#4598,
#4599,#4600,#4601,#4602,#4603,#4604,#4605,#4606,#4607,#4608,#4609,#4610,
#4611,#4612,#4613,#4614,#4615,#4616,#4617,#4618,#4619,#4620,#4621,#4622,
#4623,#4624,#4625,#4626,#4627,#4628,#4629,#4630,#4631,#4632,#4633,#4634,
#4635,#4636,#4637,#4638));
#4640=DERIVED_UNIT_ELEMENT(#4642,1.);
#4641=DERIVED_UNIT_ELEMENT(#7953,-3.);
#4642=(
CONVERSION_BASED_UNIT('gram',#4644)
MASS_UNIT()
NAMED_UNIT(#7950)
);
#4643=(
MASS_UNIT()
NAMED_UNIT(*)
SI_UNIT(.KILO.,.GRAM.)
);
#4644=MASS_MEASURE_WITH_UNIT(MASS_MEASURE(0.001),#4643);
#4645=DERIVED_UNIT((#4640,#4641));
#4646=MEASURE_REPRESENTATION_ITEM('density measure',
POSITIVE_RATIO_MEASURE(1.),#4645);
#4647=PROPERTY_DEFINITION_REPRESENTATION(#4652,#4649);
#4648=PROPERTY_DEFINITION_REPRESENTATION(#4653,#4650);
#4649=REPRESENTATION('material name',(#4651),#7947);
#4650=REPRESENTATION('density',(#4646),#7947);
#4651=DESCRIPTIVE_REPRESENTATION_ITEM('white pla','white pla');
#4652=PROPERTY_DEFINITION('material property','material name',#7961);
#4653=PROPERTY_DEFINITION('material property','density of part',#7961);
#4654=DATE_TIME_ROLE('creation_date');
#4655=APPLIED_DATE_AND_TIME_ASSIGNMENT(#4656,#4654,(#7961));
#4656=DATE_AND_TIME(#4657,#4658);
#4657=CALENDAR_DATE(2025,15,11);
#4658=LOCAL_TIME(0,0,0.,#4659);
#4659=COORDINATED_UNIVERSAL_TIME_OFFSET(0,0,.BEHIND.);
#4660=AXIS2_PLACEMENT_3D('',#6357,#5077,#5078);
#4661=AXIS2_PLACEMENT_3D('',#6358,#5079,#5080);
#4662=AXIS2_PLACEMENT_3D('',#6360,#5081,#5082);
#4663=AXIS2_PLACEMENT_3D('',#6363,#5084,#5085);
#4664=AXIS2_PLACEMENT_3D('',#6364,#5086,#5087);
#4665=AXIS2_PLACEMENT_3D('',#6366,#5088,#5089);
#4666=AXIS2_PLACEMENT_3D('',#6369,#5091,#5092);
#4667=AXIS2_PLACEMENT_3D('',#6370,#5093,#5094);
#4668=AXIS2_PLACEMENT_3D('',#6372,#5095,#5096);
#4669=AXIS2_PLACEMENT_3D('',#6375,#5098,#5099);
#4670=AXIS2_PLACEMENT_3D('',#6376,#5100,#5101);
#4671=AXIS2_PLACEMENT_3D('',#6378,#5102,#5103);
#4672=AXIS2_PLACEMENT_3D('',#6381,#5105,#5106);
#4673=AXIS2_PLACEMENT_3D('',#6382,#5107,#5108);
#4674=AXIS2_PLACEMENT_3D('',#6384,#5109,#5110);
#4675=AXIS2_PLACEMENT_3D('',#6387,#5112,#5113);
#4676=AXIS2_PLACEMENT_3D('',#6388,#5114,#5115);
#4677=AXIS2_PLACEMENT_3D('',#6397,#5120,#5121);
#4678=AXIS2_PLACEMENT_3D('',#6401,#5123,#5124);
#4679=AXIS2_PLACEMENT_3D('',#6402,#5125,#5126);
#4680=AXIS2_PLACEMENT_3D('',#6403,#5127,#5128);
#4681=AXIS2_PLACEMENT_3D('',#6409,#5132,#5133);
#4682=AXIS2_PLACEMENT_3D('',#6413,#5135,#5136);
#4683=AXIS2_PLACEMENT_3D('',#6414,#5137,#5138);
#4684=AXIS2_PLACEMENT_3D('',#6415,#5139,#5140);
#4685=AXIS2_PLACEMENT_3D('',#6421,#5144,#5145);
#4686=AXIS2_PLACEMENT_3D('',#6427,#5149,#5150);
#4687=AXIS2_PLACEMENT_3D('',#6430,#5152,#5153);
#4688=AXIS2_PLACEMENT_3D('',#6431,#5154,#5155);
#4689=AXIS2_PLACEMENT_3D('',#6435,#5158,#5159);
#4690=AXIS2_PLACEMENT_3D('',#6438,#5161,#5162);
#4691=AXIS2_PLACEMENT_3D('',#6439,#5163,#5164);
#4692=AXIS2_PLACEMENT_3D('',#6443,#5167,#5168);
#4693=AXIS2_PLACEMENT_3D('',#6452,#5173,#5174);
#4694=AXIS2_PLACEMENT_3D('',#6454,#5175,#5176);
#4695=AXIS2_PLACEMENT_3D('',#6457,#5178,#5179);
#4696=AXIS2_PLACEMENT_3D('',#6458,#5180,#5181);
#4697=AXIS2_PLACEMENT_3D('',#6464,#5185,#5186);
#4698=AXIS2_PLACEMENT_3D('',#6466,#5187,#5188);
#4699=AXIS2_PLACEMENT_3D('',#6469,#5190,#5191);
#4700=AXIS2_PLACEMENT_3D('',#6470,#5192,#5193);
#4701=AXIS2_PLACEMENT_3D('',#6476,#5197,#5198);
#4702=AXIS2_PLACEMENT_3D('',#6478,#5200,#5201);
#4703=AXIS2_PLACEMENT_3D('',#6487,#5206,#5207);
#4704=AXIS2_PLACEMENT_3D('',#6491,#5209,#5210);
#4705=AXIS2_PLACEMENT_3D('',#6492,#5211,#5212);
#4706=AXIS2_PLACEMENT_3D('',#6493,#5213,#5214);
#4707=AXIS2_PLACEMENT_3D('',#6499,#5218,#5219);
#4708=AXIS2_PLACEMENT_3D('',#6503,#5221,#5222);
#4709=AXIS2_PLACEMENT_3D('',#6504,#5223,#5224);
#4710=AXIS2_PLACEMENT_3D('',#6505,#5225,#5226);
#4711=AXIS2_PLACEMENT_3D('',#6511,#5230,#5231);
#4712=AXIS2_PLACEMENT_3D('',#6517,#5235,#5236);
#4713=AXIS2_PLACEMENT_3D('',#6520,#5238,#5239);
#4714=AXIS2_PLACEMENT_3D('',#6521,#5240,#5241);
#4715=AXIS2_PLACEMENT_3D('',#6525,#5244,#5245);
#4716=AXIS2_PLACEMENT_3D('',#6528,#5247,#5248);
#4717=AXIS2_PLACEMENT_3D('',#6529,#5249,#5250);
#4718=AXIS2_PLACEMENT_3D('',#6533,#5253,#5254);
#4719=AXIS2_PLACEMENT_3D('',#6542,#5259,#5260);
#4720=AXIS2_PLACEMENT_3D('',#6544,#5261,#5262);
#4721=AXIS2_PLACEMENT_3D('',#6547,#5264,#5265);
#4722=AXIS2_PLACEMENT_3D('',#6548,#5266,#5267);
#4723=AXIS2_PLACEMENT_3D('',#6554,#5271,#5272);
#4724=AXIS2_PLACEMENT_3D('',#6556,#5273,#5274);
#4725=AXIS2_PLACEMENT_3D('',#6559,#5276,#5277);
#4726=AXIS2_PLACEMENT_3D('',#6560,#5278,#5279);
#4727=AXIS2_PLACEMENT_3D('',#6566,#5283,#5284);
#4728=AXIS2_PLACEMENT_3D('',#6568,#5286,#5287);
#4729=AXIS2_PLACEMENT_3D('',#6577,#5292,#5293);
#4730=AXIS2_PLACEMENT_3D('',#6581,#5295,#5296);
#4731=AXIS2_PLACEMENT_3D('',#6582,#5297,#5298);
#4732=AXIS2_PLACEMENT_3D('',#6583,#5299,#5300);
#4733=AXIS2_PLACEMENT_3D('',#6589,#5304,#5305);
#4734=AXIS2_PLACEMENT_3D('',#6593,#5307,#5308);
#4735=AXIS2_PLACEMENT_3D('',#6594,#5309,#5310);
#4736=AXIS2_PLACEMENT_3D('',#6595,#5311,#5312);
#4737=AXIS2_PLACEMENT_3D('',#6601,#5316,#5317);
#4738=AXIS2_PLACEMENT_3D('',#6607,#5321,#5322);
#4739=AXIS2_PLACEMENT_3D('',#6610,#5324,#5325);
#4740=AXIS2_PLACEMENT_3D('',#6611,#5326,#5327);
#4741=AXIS2_PLACEMENT_3D('',#6615,#5330,#5331);
#4742=AXIS2_PLACEMENT_3D('',#6618,#5333,#5334);
#4743=AXIS2_PLACEMENT_3D('',#6619,#5335,#5336);
#4744=AXIS2_PLACEMENT_3D('',#6623,#5339,#5340);
#4745=AXIS2_PLACEMENT_3D('',#6632,#5345,#5346);
#4746=AXIS2_PLACEMENT_3D('',#6634,#5347,#5348);
#4747=AXIS2_PLACEMENT_3D('',#6637,#5350,#5351);
#4748=AXIS2_PLACEMENT_3D('',#6638,#5352,#5353);
#4749=AXIS2_PLACEMENT_3D('',#6644,#5357,#5358);
#4750=AXIS2_PLACEMENT_3D('',#6646,#5359,#5360);
#4751=AXIS2_PLACEMENT_3D('',#6649,#5362,#5363);
#4752=AXIS2_PLACEMENT_3D('',#6650,#5364,#5365);
#4753=AXIS2_PLACEMENT_3D('',#6656,#5369,#5370);
#4754=AXIS2_PLACEMENT_3D('',#6658,#5372,#5373);
#4755=AXIS2_PLACEMENT_3D('',#6667,#5378,#5379);
#4756=AXIS2_PLACEMENT_3D('',#6671,#5381,#5382);
#4757=AXIS2_PLACEMENT_3D('',#6672,#5383,#5384);
#4758=AXIS2_PLACEMENT_3D('',#6673,#5385,#5386);
#4759=AXIS2_PLACEMENT_3D('',#6679,#5390,#5391);
#4760=AXIS2_PLACEMENT_3D('',#6683,#5393,#5394);
#4761=AXIS2_PLACEMENT_3D('',#6684,#5395,#5396);
#4762=AXIS2_PLACEMENT_3D('',#6685,#5397,#5398);
#4763=AXIS2_PLACEMENT_3D('',#6691,#5402,#5403);
#4764=AXIS2_PLACEMENT_3D('',#6697,#5407,#5408);
#4765=AXIS2_PLACEMENT_3D('',#6700,#5410,#5411);
#4766=AXIS2_PLACEMENT_3D('',#6701,#5412,#5413);
#4767=AXIS2_PLACEMENT_3D('',#6705,#5416,#5417);
#4768=AXIS2_PLACEMENT_3D('',#6708,#5419,#5420);
#4769=AXIS2_PLACEMENT_3D('',#6709,#5421,#5422);
#4770=AXIS2_PLACEMENT_3D('',#6713,#5425,#5426);
#4771=AXIS2_PLACEMENT_3D('',#6722,#5431,#5432);
#4772=AXIS2_PLACEMENT_3D('',#6724,#5433,#5434);
#4773=AXIS2_PLACEMENT_3D('',#6727,#5436,#5437);
#4774=AXIS2_PLACEMENT_3D('',#6728,#5438,#5439);
#4775=AXIS2_PLACEMENT_3D('',#6734,#5443,#5444);
#4776=AXIS2_PLACEMENT_3D('',#6736,#5445,#5446);
#4777=AXIS2_PLACEMENT_3D('',#6739,#5448,#5449);
#4778=AXIS2_PLACEMENT_3D('',#6740,#5450,#5451);
#4779=AXIS2_PLACEMENT_3D('',#6746,#5455,#5456);
#4780=AXIS2_PLACEMENT_3D('',#6748,#5458,#5459);
#4781=AXIS2_PLACEMENT_3D('',#6757,#5464,#5465);
#4782=AXIS2_PLACEMENT_3D('',#6761,#5467,#5468);
#4783=AXIS2_PLACEMENT_3D('',#6762,#5469,#5470);
#4784=AXIS2_PLACEMENT_3D('',#6763,#5471,#5472);
#4785=AXIS2_PLACEMENT_3D('',#6769,#5476,#5477);
#4786=AXIS2_PLACEMENT_3D('',#6773,#5479,#5480);
#4787=AXIS2_PLACEMENT_3D('',#6774,#5481,#5482);
#4788=AXIS2_PLACEMENT_3D('',#6775,#5483,#5484);
#4789=AXIS2_PLACEMENT_3D('',#6781,#5488,#5489);
#4790=AXIS2_PLACEMENT_3D('',#6787,#5493,#5494);
#4791=AXIS2_PLACEMENT_3D('',#6790,#5496,#5497);
#4792=AXIS2_PLACEMENT_3D('',#6791,#5498,#5499);
#4793=AXIS2_PLACEMENT_3D('',#6795,#5502,#5503);
#4794=AXIS2_PLACEMENT_3D('',#6798,#5505,#5506);
#4795=AXIS2_PLACEMENT_3D('',#6799,#5507,#5508);
#4796=AXIS2_PLACEMENT_3D('',#6803,#5511,#5512);
#4797=AXIS2_PLACEMENT_3D('',#6812,#5517,#5518);
#4798=AXIS2_PLACEMENT_3D('',#6814,#5519,#5520);
#4799=AXIS2_PLACEMENT_3D('',#6817,#5522,#5523);
#4800=AXIS2_PLACEMENT_3D('',#6818,#5524,#5525);
#4801=AXIS2_PLACEMENT_3D('',#6824,#5529,#5530);
#4802=AXIS2_PLACEMENT_3D('',#6826,#5531,#5532);
#4803=AXIS2_PLACEMENT_3D('',#6829,#5534,#5535);
#4804=AXIS2_PLACEMENT_3D('',#6830,#5536,#5537);
#4805=AXIS2_PLACEMENT_3D('',#6836,#5541,#5542);
#4806=AXIS2_PLACEMENT_3D('',#6838,#5544,#5545);
#4807=AXIS2_PLACEMENT_3D('',#6847,#5550,#5551);
#4808=AXIS2_PLACEMENT_3D('',#6851,#5553,#5554);
#4809=AXIS2_PLACEMENT_3D('',#6852,#5555,#5556);
#4810=AXIS2_PLACEMENT_3D('',#6853,#5557,#5558);
#4811=AXIS2_PLACEMENT_3D('',#6859,#5562,#5563);
#4812=AXIS2_PLACEMENT_3D('',#6863,#5565,#5566);
#4813=AXIS2_PLACEMENT_3D('',#6864,#5567,#5568);
#4814=AXIS2_PLACEMENT_3D('',#6865,#5569,#5570);
#4815=AXIS2_PLACEMENT_3D('',#6871,#5574,#5575);
#4816=AXIS2_PLACEMENT_3D('',#6877,#5579,#5580);
#4817=AXIS2_PLACEMENT_3D('',#6880,#5582,#5583);
#4818=AXIS2_PLACEMENT_3D('',#6881,#5584,#5585);
#4819=AXIS2_PLACEMENT_3D('',#6885,#5588,#5589);
#4820=AXIS2_PLACEMENT_3D('',#6888,#5591,#5592);
#4821=AXIS2_PLACEMENT_3D('',#6889,#5593,#5594);
#4822=AXIS2_PLACEMENT_3D('',#6893,#5597,#5598);
#4823=AXIS2_PLACEMENT_3D('',#6902,#5603,#5604);
#4824=AXIS2_PLACEMENT_3D('',#6904,#5605,#5606);
#4825=AXIS2_PLACEMENT_3D('',#6907,#5608,#5609);
#4826=AXIS2_PLACEMENT_3D('',#6908,#5610,#5611);
#4827=AXIS2_PLACEMENT_3D('',#6914,#5615,#5616);
#4828=AXIS2_PLACEMENT_3D('',#6916,#5617,#5618);
#4829=AXIS2_PLACEMENT_3D('',#6919,#5620,#5621);
#4830=AXIS2_PLACEMENT_3D('',#6920,#5622,#5623);
#4831=AXIS2_PLACEMENT_3D('',#6926,#5627,#5628);
#4832=AXIS2_PLACEMENT_3D('',#6928,#5630,#5631);
#4833=AXIS2_PLACEMENT_3D('',#6932,#5633,#5634);
#4834=AXIS2_PLACEMENT_3D('',#6934,#5636,#5637);
#4835=AXIS2_PLACEMENT_3D('',#6938,#5640,#5641);
#4836=AXIS2_PLACEMENT_3D('',#6940,#5643,#5644);
#4837=AXIS2_PLACEMENT_3D('',#6944,#5646,#5647);
#4838=AXIS2_PLACEMENT_3D('',#6946,#5649,#5650);
#4839=AXIS2_PLACEMENT_3D('',#6948,#5652,#5653);
#4840=AXIS2_PLACEMENT_3D('',#6952,#5655,#5656);
#4841=AXIS2_PLACEMENT_3D('',#6954,#5658,#5659);
#4842=AXIS2_PLACEMENT_3D('',#6958,#5662,#5663);
#4843=AXIS2_PLACEMENT_3D('',#6960,#5665,#5666);
#4844=AXIS2_PLACEMENT_3D('',#6964,#5668,#5669);
#4845=AXIS2_PLACEMENT_3D('',#6966,#5671,#5672);
#4846=AXIS2_PLACEMENT_3D('',#6968,#5674,#5675);
#4847=AXIS2_PLACEMENT_3D('',#6972,#5677,#5678);
#4848=AXIS2_PLACEMENT_3D('',#6974,#5680,#5681);
#4849=AXIS2_PLACEMENT_3D('',#6978,#5684,#5685);
#4850=AXIS2_PLACEMENT_3D('',#6980,#5687,#5688);
#4851=AXIS2_PLACEMENT_3D('',#6984,#5690,#5691);
#4852=AXIS2_PLACEMENT_3D('',#6986,#5693,#5694);
#4853=AXIS2_PLACEMENT_3D('',#6988,#5696,#5697);
#4854=AXIS2_PLACEMENT_3D('',#6992,#5699,#5700);
#4855=AXIS2_PLACEMENT_3D('',#6994,#5702,#5703);
#4856=AXIS2_PLACEMENT_3D('',#6998,#5706,#5707);
#4857=AXIS2_PLACEMENT_3D('',#7000,#5709,#5710);
#4858=AXIS2_PLACEMENT_3D('',#7004,#5712,#5713);
#4859=AXIS2_PLACEMENT_3D('',#7006,#5715,#5716);
#4860=AXIS2_PLACEMENT_3D('',#7008,#5718,#5719);
#4861=AXIS2_PLACEMENT_3D('',#7012,#5721,#5722);
#4862=AXIS2_PLACEMENT_3D('',#7014,#5724,#5725);
#4863=AXIS2_PLACEMENT_3D('',#7018,#5728,#5729);
#4864=AXIS2_PLACEMENT_3D('',#7020,#5731,#5732);
#4865=AXIS2_PLACEMENT_3D('',#7024,#5734,#5735);
#4866=AXIS2_PLACEMENT_3D('',#7026,#5737,#5738);
#4867=AXIS2_PLACEMENT_3D('',#7028,#5740,#5741);
#4868=AXIS2_PLACEMENT_3D('',#7032,#5743,#5744);
#4869=AXIS2_PLACEMENT_3D('',#7034,#5746,#5747);
#4870=AXIS2_PLACEMENT_3D('',#7038,#5750,#5751);
#4871=AXIS2_PLACEMENT_3D('',#7040,#5753,#5754);
#4872=AXIS2_PLACEMENT_3D('',#7044,#5756,#5757);
#4873=AXIS2_PLACEMENT_3D('',#7046,#5759,#5760);
#4874=AXIS2_PLACEMENT_3D('',#7048,#5762,#5763);
#4875=AXIS2_PLACEMENT_3D('',#7059,#5767,#5768);
#4876=AXIS2_PLACEMENT_3D('',#7074,#5773,#5774);
#4877=AXIS2_PLACEMENT_3D('',#7076,#5775,#5776);
#4878=AXIS2_PLACEMENT_3D('',#7083,#5780,#5781);
#4879=AXIS2_PLACEMENT_3D('',#7087,#5783,#5784);
#4880=AXIS2_PLACEMENT_3D('',#7096,#5789,#5790);
#4881=AXIS2_PLACEMENT_3D('',#7103,#5794,#5795);
#4882=AXIS2_PLACEMENT_3D('',#7107,#5797,#5798);
#4883=AXIS2_PLACEMENT_3D('',#7116,#5803,#5804);
#4884=AXIS2_PLACEMENT_3D('',#7123,#5808,#5809);
#4885=AXIS2_PLACEMENT_3D('',#7127,#5811,#5812);
#4886=AXIS2_PLACEMENT_3D('',#7136,#5817,#5818);
#4887=AXIS2_PLACEMENT_3D('',#7143,#5822,#5823);
#4888=AXIS2_PLACEMENT_3D('',#7147,#5825,#5826);
#4889=AXIS2_PLACEMENT_3D('',#7156,#5831,#5832);
#4890=AXIS2_PLACEMENT_3D('',#7163,#5836,#5837);
#4891=AXIS2_PLACEMENT_3D('',#7167,#5839,#5840);
#4892=AXIS2_PLACEMENT_3D('',#7176,#5845,#5846);
#4893=AXIS2_PLACEMENT_3D('',#7194,#5855,#5856);
#4894=AXIS2_PLACEMENT_3D('',#7198,#5858,#5859);
#4895=AXIS2_PLACEMENT_3D('',#7216,#5868,#5869);
#4896=AXIS2_PLACEMENT_3D('',#7223,#5873,#5874);
#4897=AXIS2_PLACEMENT_3D('',#7226,#5876,#5877);
#4898=AXIS2_PLACEMENT_3D('',#7228,#5879,#5880);
#4899=AXIS2_PLACEMENT_3D('',#7236,#5883,#5884);
#4900=AXIS2_PLACEMENT_3D('',#7239,#5886,#5887);
#4901=AXIS2_PLACEMENT_3D('',#7240,#5888,#5889);
#4902=AXIS2_PLACEMENT_3D('',#7252,#5890,#5891);
#4903=AXIS2_PLACEMENT_3D('',#7255,#5893,#5894);
#4904=AXIS2_PLACEMENT_3D('',#7256,#5895,#5896);
#4905=AXIS2_PLACEMENT_3D('',#7262,#5900,#5901);
#4906=AXIS2_PLACEMENT_3D('',#7273,#5902,#5903);
#4907=AXIS2_PLACEMENT_3D('',#7274,#5904,#5905);
#4908=AXIS2_PLACEMENT_3D('',#7275,#5906,#5907);
#4909=AXIS2_PLACEMENT_3D('',#7277,#5908,#5909);
#4910=AXIS2_PLACEMENT_3D('',#7279,#5910,#5911);
#4911=AXIS2_PLACEMENT_3D('',#7283,#5913,#5914);
#4912=AXIS2_PLACEMENT_3D('',#7285,#5915,#5916);
#4913=AXIS2_PLACEMENT_3D('',#7287,#5917,#5918);
#4914=AXIS2_PLACEMENT_3D('',#7291,#5920,#5921);
#4915=AXIS2_PLACEMENT_3D('',#7293,#5922,#5923);
#4916=AXIS2_PLACEMENT_3D('',#7295,#5924,#5925);
#4917=AXIS2_PLACEMENT_3D('',#7299,#5927,#5928);
#4918=AXIS2_PLACEMENT_3D('',#7301,#5929,#5930);
#4919=AXIS2_PLACEMENT_3D('',#7303,#5931,#5932);
#4920=AXIS2_PLACEMENT_3D('',#7307,#5934,#5935);
#4921=AXIS2_PLACEMENT_3D('',#7309,#5936,#5937);
#4922=AXIS2_PLACEMENT_3D('',#7311,#5938,#5939);
#4923=AXIS2_PLACEMENT_3D('',#7315,#5941,#5942);
#4924=AXIS2_PLACEMENT_3D('',#7317,#5943,#5944);
#4925=AXIS2_PLACEMENT_3D('',#7319,#5945,#5946);
#4926=AXIS2_PLACEMENT_3D('',#7323,#5948,#5949);
#4927=AXIS2_PLACEMENT_3D('',#7324,#5950,#5951);
#4928=AXIS2_PLACEMENT_3D('',#7325,#5952,#5953);
#4929=AXIS2_PLACEMENT_3D('',#7336,#5954,#5955);
#4930=AXIS2_PLACEMENT_3D('',#7354,#5956,#5957);
#4931=AXIS2_PLACEMENT_3D('',#7357,#5960,#5961);
#4932=AXIS2_PLACEMENT_3D('',#7365,#5964,#5965);
#4933=AXIS2_PLACEMENT_3D('',#7376,#5968,#5969);
#4934=AXIS2_PLACEMENT_3D('',#7384,#5972,#5973);
#4935=AXIS2_PLACEMENT_3D('',#7385,#5974,#5975);
#4936=AXIS2_PLACEMENT_3D('',#7386,#5976,#5977);
#4937=AXIS2_PLACEMENT_3D('',#7398,#5979,#5980);
#4938=AXIS2_PLACEMENT_3D('',#7399,#5981,#5982);
#4939=AXIS2_PLACEMENT_3D('',#7403,#5985,#5986);
#4940=AXIS2_PLACEMENT_3D('',#7413,#5987,#5988);
#4941=AXIS2_PLACEMENT_3D('',#7414,#5989,#5990);
#4942=AXIS2_PLACEMENT_3D('',#7424,#5991,#5992);
#4943=AXIS2_PLACEMENT_3D('',#7429,#5993,#5994);
#4944=AXIS2_PLACEMENT_3D('',#7432,#5997,#5998);
#4945=AXIS2_PLACEMENT_3D('',#7440,#6001,#6002);
#4946=AXIS2_PLACEMENT_3D('',#7451,#6005,#6006);
#4947=AXIS2_PLACEMENT_3D('',#7459,#6009,#6010);
#4948=AXIS2_PLACEMENT_3D('',#7460,#6011,#6012);
#4949=AXIS2_PLACEMENT_3D('',#7461,#6013,#6014);
#4950=AXIS2_PLACEMENT_3D('',#7473,#6016,#6017);
#4951=AXIS2_PLACEMENT_3D('',#7474,#6018,#6019);
#4952=AXIS2_PLACEMENT_3D('',#7478,#6022,#6023);
#4953=AXIS2_PLACEMENT_3D('',#7488,#6024,#6025);
#4954=AXIS2_PLACEMENT_3D('',#7489,#6026,#6027);
#4955=AXIS2_PLACEMENT_3D('',#7499,#6028,#6029);
#4956=AXIS2_PLACEMENT_3D('',#7504,#6030,#6031);
#4957=AXIS2_PLACEMENT_3D('',#7507,#6034,#6035);
#4958=AXIS2_PLACEMENT_3D('',#7515,#6038,#6039);
#4959=AXIS2_PLACEMENT_3D('',#7526,#6042,#6043);
#4960=AXIS2_PLACEMENT_3D('',#7534,#6046,#6047);
#4961=AXIS2_PLACEMENT_3D('',#7535,#6048,#6049);
#4962=AXIS2_PLACEMENT_3D('',#7536,#6050,#6051);
#4963=AXIS2_PLACEMENT_3D('',#7548,#6053,#6054);
#4964=AXIS2_PLACEMENT_3D('',#7549,#6055,#6056);
#4965=AXIS2_PLACEMENT_3D('',#7553,#6059,#6060);
#4966=AXIS2_PLACEMENT_3D('',#7563,#6061,#6062);
#4967=AXIS2_PLACEMENT_3D('',#7564,#6063,#6064);
#4968=AXIS2_PLACEMENT_3D('',#7574,#6065,#6066);
#4969=AXIS2_PLACEMENT_3D('',#7579,#6067,#6068);
#4970=AXIS2_PLACEMENT_3D('',#7582,#6071,#6072);
#4971=AXIS2_PLACEMENT_3D('',#7590,#6075,#6076);
#4972=AXIS2_PLACEMENT_3D('',#7601,#6079,#6080);
#4973=AXIS2_PLACEMENT_3D('',#7609,#6083,#6084);
#4974=AXIS2_PLACEMENT_3D('',#7610,#6085,#6086);
#4975=AXIS2_PLACEMENT_3D('',#7611,#6087,#6088);
#4976=AXIS2_PLACEMENT_3D('',#7623,#6090,#6091);
#4977=AXIS2_PLACEMENT_3D('',#7624,#6092,#6093);
#4978=AXIS2_PLACEMENT_3D('',#7628,#6096,#6097);
#4979=AXIS2_PLACEMENT_3D('',#7638,#6098,#6099);
#4980=AXIS2_PLACEMENT_3D('',#7639,#6100,#6101);
#4981=AXIS2_PLACEMENT_3D('',#7649,#6102,#6103);
#4982=AXIS2_PLACEMENT_3D('',#7654,#6104,#6105);
#4983=AXIS2_PLACEMENT_3D('',#7657,#6108,#6109);
#4984=AXIS2_PLACEMENT_3D('',#7665,#6112,#6113);
#4985=AXIS2_PLACEMENT_3D('',#7676,#6116,#6117);
#4986=AXIS2_PLACEMENT_3D('',#7684,#6120,#6121);
#4987=AXIS2_PLACEMENT_3D('',#7694,#6123,#6124);
#4988=AXIS2_PLACEMENT_3D('',#7706,#6126,#6127);
#4989=AXIS2_PLACEMENT_3D('',#7707,#6128,#6129);
#4990=AXIS2_PLACEMENT_3D('',#7711,#6132,#6133);
#4991=AXIS2_PLACEMENT_3D('',#7721,#6134,#6135);
#4992=AXIS2_PLACEMENT_3D('',#7722,#6136,#6137);
#4993=AXIS2_PLACEMENT_3D('',#7727,#6138,#6139);
#4994=AXIS2_PLACEMENT_3D('',#7732,#6140,#6141);
#4995=AXIS2_PLACEMENT_3D('',#7734,#6143,#6144);
#4996=AXIS2_PLACEMENT_3D('',#7738,#6145,#6146);
#4997=AXIS2_PLACEMENT_3D('',#7740,#6148,#6149);
#4998=AXIS2_PLACEMENT_3D('',#7741,#6150,#6151);
#4999=AXIS2_PLACEMENT_3D('',#7745,#6152,#6153);
#5000=AXIS2_PLACEMENT_3D('',#7747,#6155,#6156);
#5001=AXIS2_PLACEMENT_3D('',#7748,#6157,#6158);
#5002=AXIS2_PLACEMENT_3D('',#7752,#6159,#6160);
#5003=AXIS2_PLACEMENT_3D('',#7754,#6162,#6163);
#5004=AXIS2_PLACEMENT_3D('',#7755,#6164,#6165);
#5005=AXIS2_PLACEMENT_3D('',#7759,#6166,#6167);
#5006=AXIS2_PLACEMENT_3D('',#7761,#6169,#6170);
#5007=AXIS2_PLACEMENT_3D('',#7762,#6171,#6172);
#5008=AXIS2_PLACEMENT_3D('',#7766,#6173,#6174);
#5009=AXIS2_PLACEMENT_3D('',#7768,#6176,#6177);
#5010=AXIS2_PLACEMENT_3D('',#7769,#6178,#6179);
#5011=AXIS2_PLACEMENT_3D('',#7775,#6181,#6182);
#5012=AXIS2_PLACEMENT_3D('',#7776,#6183,#6184);
#5013=AXIS2_PLACEMENT_3D('',#7777,#6185,#6186);
#5014=AXIS2_PLACEMENT_3D('',#7778,#6187,#6188);
#5015=AXIS2_PLACEMENT_3D('',#7779,#6189,#6190);
#5016=AXIS2_PLACEMENT_3D('',#7780,#6191,#6192);
#5017=AXIS2_PLACEMENT_3D('',#7781,#6193,#6194);
#5018=AXIS2_PLACEMENT_3D('',#7782,#6195,#6196);
#5019=AXIS2_PLACEMENT_3D('',#7802,#6197,#6198);
#5020=AXIS2_PLACEMENT_3D('',#7803,#6199,#6200);
#5021=AXIS2_PLACEMENT_3D('',#7812,#6201,#6202);
#5022=AXIS2_PLACEMENT_3D('',#7813,#6203,#6204);
#5023=AXIS2_PLACEMENT_3D('',#7814,#6205,#6206);
#5024=AXIS2_PLACEMENT_3D('',#7815,#6207,#6208);
#5025=AXIS2_PLACEMENT_3D('',#7816,#6209,#6210);
#5026=AXIS2_PLACEMENT_3D('',#7817,#6211,#6212);
#5027=AXIS2_PLACEMENT_3D('',#7818,#6213,#6214);
#5028=AXIS2_PLACEMENT_3D('',#7819,#6215,#6216);
#5029=AXIS2_PLACEMENT_3D('',#7827,#6217,#6218);
#5030=AXIS2_PLACEMENT_3D('',#7829,#6220,#6221);
#5031=AXIS2_PLACEMENT_3D('',#7830,#6222,#6223);
#5032=AXIS2_PLACEMENT_3D('',#7836,#6227,#6228);
#5033=AXIS2_PLACEMENT_3D('',#7840,#6230,#6231);
#5034=AXIS2_PLACEMENT_3D('',#7841,#6232,#6233);
#5035=AXIS2_PLACEMENT_3D('',#7842,#6234,#6235);
#5036=AXIS2_PLACEMENT_3D('',#7848,#6239,#6240);
#5037=AXIS2_PLACEMENT_3D('',#7852,#6242,#6243);
#5038=AXIS2_PLACEMENT_3D('',#7853,#6244,#6245);
#5039=AXIS2_PLACEMENT_3D('',#7854,#6246,#6247);
#5040=AXIS2_PLACEMENT_3D('',#7857,#6250,#6251);
#5041=AXIS2_PLACEMENT_3D('',#7861,#6254,#6255);
#5042=AXIS2_PLACEMENT_3D('',#7864,#6257,#6258);
#5043=AXIS2_PLACEMENT_3D('',#7865,#6259,#6260);
#5044=AXIS2_PLACEMENT_3D('',#7869,#6263,#6264);
#5045=AXIS2_PLACEMENT_3D('',#7872,#6266,#6267);
#5046=AXIS2_PLACEMENT_3D('',#7873,#6268,#6269);
#5047=AXIS2_PLACEMENT_3D('',#7875,#6271,#6272);
#5048=AXIS2_PLACEMENT_3D('',#7881,#6276,#6277);
#5049=AXIS2_PLACEMENT_3D('',#7883,#6278,#6279);
#5050=AXIS2_PLACEMENT_3D('',#7886,#6281,#6282);
#5051=AXIS2_PLACEMENT_3D('',#7887,#6283,#6284);
#5052=AXIS2_PLACEMENT_3D('',#7893,#6288,#6289);
#5053=AXIS2_PLACEMENT_3D('',#7895,#6290,#6291);
#5054=AXIS2_PLACEMENT_3D('',#7898,#6293,#6294);
#5055=AXIS2_PLACEMENT_3D('',#7899,#6295,#6296);
#5056=AXIS2_PLACEMENT_3D('',#7902,#6299,#6300);
#5057=AXIS2_PLACEMENT_3D('',#7903,#6301,#6302);
#5058=AXIS2_PLACEMENT_3D('',#7907,#6304,#6305);
#5059=AXIS2_PLACEMENT_3D('',#7909,#6307,#6308);
#5060=AXIS2_PLACEMENT_3D('',#7911,#6310,#6311);
#5061=AXIS2_PLACEMENT_3D('',#7912,#6312,#6313);
#5062=AXIS2_PLACEMENT_3D('',#7916,#6315,#6316);
#5063=AXIS2_PLACEMENT_3D('',#7918,#6318,#6319);
#5064=AXIS2_PLACEMENT_3D('',#7920,#6321,#6322);
#5065=AXIS2_PLACEMENT_3D('',#7922,#6324,#6325);
#5066=AXIS2_PLACEMENT_3D('',#7924,#6327,#6328);
#5067=AXIS2_PLACEMENT_3D('',#7926,#6330,#6331);
#5068=AXIS2_PLACEMENT_3D('',#7929,#6333,#6334);
#5069=AXIS2_PLACEMENT_3D('',#7930,#6335,#6336);
#5070=AXIS2_PLACEMENT_3D('',#7934,#6339,#6340);
#5071=AXIS2_PLACEMENT_3D('',#7935,#6341,#6342);
#5072=AXIS2_PLACEMENT_3D('',#7936,#6343,#6344);
#5073=AXIS2_PLACEMENT_3D('',#7938,#6346,#6347);
#5074=AXIS2_PLACEMENT_3D('',#7940,#6349,#6350);
#5075=AXIS2_PLACEMENT_3D('',#7942,#6352,#6353);
#5076=AXIS2_PLACEMENT_3D('',#7944,#6355,#6356);
#5077=DIRECTION('axis',(0.,0.,1.));
#5078=DIRECTION('refdir',(1.,0.,0.));
#5079=DIRECTION('center_axis',(0.,-1.,0.));
#5080=DIRECTION('ref_axis',(-1.83697019872103E-16,0.,1.));
#5081=DIRECTION('center_axis',(0.,-1.,0.));
#5082=DIRECTION('ref_axis',(-1.83697019872103E-16,0.,1.));
#5083=DIRECTION('',(0.,-1.,0.));
#5084=DIRECTION('center_axis',(0.,1.,0.));
#5085=DIRECTION('ref_axis',(-1.83697019872103E-16,0.,1.));
#5086=DIRECTION('center_axis',(0.,-1.,0.));
#5087=DIRECTION('ref_axis',(-1.,0.,-1.22464679914735E-16));
#5088=DIRECTION('center_axis',(0.,-1.,0.));
#5089=DIRECTION('ref_axis',(-1.,0.,-1.22464679914735E-16));
#5090=DIRECTION('',(0.,-1.,0.));
#5091=DIRECTION('center_axis',(0.,1.,0.));
#5092=DIRECTION('ref_axis',(-1.,0.,-1.22464679914735E-16));
#5093=DIRECTION('center_axis',(0.,-1.,0.));
#5094=DIRECTION('ref_axis',(6.12323399573676E-17,0.,-1.));
#5095=DIRECTION('center_axis',(0.,-1.,0.));
#5096=DIRECTION('ref_axis',(6.12323399573676E-17,0.,-1.));
#5097=DIRECTION('',(0.,-1.,0.));
#5098=DIRECTION('center_axis',(0.,1.,0.));
#5099=DIRECTION('ref_axis',(6.12323399573676E-17,0.,-1.));
#5100=DIRECTION('center_axis',(0.,-1.,0.));
#5101=DIRECTION('ref_axis',(1.,0.,0.));
#5102=DIRECTION('center_axis',(0.,-1.,0.));
#5103=DIRECTION('ref_axis',(1.,0.,0.));
#5104=DIRECTION('',(0.,-1.,0.));
#5105=DIRECTION('center_axis',(0.,1.,0.));
#5106=DIRECTION('ref_axis',(1.,0.,0.));
#5107=DIRECTION('center_axis',(0.,1.,0.));
#5108=DIRECTION('ref_axis',(1.,0.,0.));
#5109=DIRECTION('center_axis',(0.,1.,0.));
#5110=DIRECTION('ref_axis',(1.,0.,0.));
#5111=DIRECTION('',(0.,1.,0.));
#5112=DIRECTION('center_axis',(0.,-1.,0.));
#5113=DIRECTION('ref_axis',(1.,0.,0.));
#5114=DIRECTION('center_axis',(0.111964476103318,0.,0.993712209893241));
#5115=DIRECTION('ref_axis',(0.993712209893241,0.,-0.111964476103318));
#5116=DIRECTION('',(-0.993712209893241,0.,0.111964476103318));
#5117=DIRECTION('',(0.,-1.,0.));
#5118=DIRECTION('',(0.993712209893241,0.,-0.111964476103318));
#5119=DIRECTION('',(0.,1.,0.));
#5120=DIRECTION('center_axis',(-0.623489801858732,0.,0.781831482468031));
#5121=DIRECTION('ref_axis',(-0.552838342998275,-0.707106781186546,-0.440873866894969));
#5122=DIRECTION('',(0.440873866894966,0.707106781186547,-0.552838342998276));
#5123=DIRECTION('center_axis',(0.623489801858733,0.,-0.78183148246803));
#5124=DIRECTION('ref_axis',(-0.552838342998276,-0.707106781186546,-0.440873866894968));
#5125=DIRECTION('center_axis',(-0.623489801858733,0.,0.78183148246803));
#5126=DIRECTION('ref_axis',(-0.552838342998275,-0.707106781186546,-0.44087386689497));
#5127=DIRECTION('center_axis',(-0.440873866894964,0.707106781186553,0.552838342998271));
#5128=DIRECTION('ref_axis',(0.78183148246803,0.,0.623489801858733));
#5129=DIRECTION('',(0.440873866894971,0.707106781186542,-0.55283834299828));
#5130=DIRECTION('',(-0.78183148246803,0.,-0.623489801858733));
#5131=DIRECTION('',(0.78183148246803,0.,0.623489801858733));
#5132=DIRECTION('center_axis',(-0.623489801858732,0.,0.781831482468031));
#5133=DIRECTION('ref_axis',(0.552838342998276,-0.707106781186548,0.440873866894965));
#5134=DIRECTION('',(-0.111964476103305,0.,-0.993712209893243));
#5135=DIRECTION('center_axis',(0.623489801858733,0.,-0.78183148246803));
#5136=DIRECTION('ref_axis',(0.552838342998275,-0.707106781186548,0.440873866894967));
#5137=DIRECTION('center_axis',(-0.623489801858733,0.,0.78183148246803));
#5138=DIRECTION('ref_axis',(0.552838342998277,-0.707106781186548,0.440873866894964));
#5139=DIRECTION('center_axis',(-0.993712209893243,0.,0.111964476103301));
#5140=DIRECTION('ref_axis',(0.111964476103301,0.,0.993712209893243));
#5141=DIRECTION('',(-0.111964476103301,0.,-0.993712209893243));
#5142=DIRECTION('',(0.,-1.,0.));
#5143=DIRECTION('',(0.,1.,0.));
#5144=DIRECTION('center_axis',(0.78183148246803,0.,0.623489801858733));
#5145=DIRECTION('ref_axis',(-0.623489801858733,0.,0.78183148246803));
#5146=DIRECTION('',(0.623489801858733,0.,-0.78183148246803));
#5147=DIRECTION('',(0.,-1.,0.));
#5148=DIRECTION('',(-0.623489801858733,0.,0.78183148246803));
#5149=DIRECTION('center_axis',(-0.623489801858733,0.,0.78183148246803));
#5150=DIRECTION('ref_axis',(0.552838342998277,-0.707106781186548,0.440873866894963));
#5151=DIRECTION('',(-0.623489801858733,0.,0.78183148246803));
#5152=DIRECTION('center_axis',(-0.623489801858733,0.,0.78183148246803));
#5153=DIRECTION('ref_axis',(0.552838342998277,-0.707106781186548,0.440873866894963));
#5154=DIRECTION('center_axis',(0.,-1.,0.));
#5155=DIRECTION('ref_axis',(-0.78183148246803,0.,-0.623489801858733));
#5156=DIRECTION('',(0.623489801858733,0.,-0.78183148246803));
#5157=DIRECTION('',(-0.78183148246803,0.,-0.623489801858733));
#5158=DIRECTION('center_axis',(0.623489801858733,0.,-0.78183148246803));
#5159=DIRECTION('ref_axis',(-0.552838342998275,-0.707106781186546,-0.44087386689497));
#5160=DIRECTION('',(-0.623489801858733,0.,0.78183148246803));
#5161=DIRECTION('center_axis',(-0.623489801858733,0.,0.78183148246803));
#5162=DIRECTION('ref_axis',(-0.552838342998275,-0.707106781186546,-0.44087386689497));
#5163=DIRECTION('center_axis',(-0.78183148246803,0.,-0.623489801858733));
#5164=DIRECTION('ref_axis',(0.623489801858733,0.,-0.78183148246803));
#5165=DIRECTION('',(0.623489801858733,0.,-0.78183148246803));
#5166=DIRECTION('',(0.,1.,0.));
#5167=DIRECTION('center_axis',(0.993712209893242,0.,-0.11196447610331));
#5168=DIRECTION('ref_axis',(-0.11196447610331,0.,-0.993712209893242));
#5169=DIRECTION('',(0.11196447610331,0.,0.993712209893242));
#5170=DIRECTION('',(0.,-1.,0.));
#5171=DIRECTION('',(-0.11196447610331,0.,-0.993712209893242));
#5172=DIRECTION('',(0.,1.,0.));
#5173=DIRECTION('center_axis',(0.623489801858737,0.,-0.781831482468027));
#5174=DIRECTION('ref_axis',(-0.552838342998276,-0.707106781186546,-0.44087386689497));
#5175=DIRECTION('center_axis',(-0.623489801858733,0.,0.78183148246803));
#5176=DIRECTION('ref_axis',(-0.552838342998277,-0.707106781186546,-0.440873866894968));
#5177=DIRECTION('',(0.440873866894971,-0.707106781186545,-0.552838342998276));
#5178=DIRECTION('center_axis',(0.623489801858733,0.,-0.78183148246803));
#5179=DIRECTION('ref_axis',(-0.552838342998275,-0.707106781186546,-0.44087386689497));
#5180=DIRECTION('center_axis',(0.440873866894968,0.707106781186546,-0.552838342998277));
#5181=DIRECTION('ref_axis',(-0.78183148246803,0.,-0.623489801858733));
#5182=DIRECTION('',(0.78183148246803,0.,0.623489801858733));
#5183=DIRECTION('',(0.440873866894967,-0.70710678118655,-0.552838342998273));
#5184=DIRECTION('',(-0.78183148246803,0.,-0.623489801858733));
#5185=DIRECTION('center_axis',(0.62348980185873,0.,-0.781831482468032));
#5186=DIRECTION('ref_axis',(0.552838342998276,-0.707106781186548,0.440873866894965));
#5187=DIRECTION('center_axis',(-0.623489801858733,0.,0.78183148246803));
#5188=DIRECTION('ref_axis',(0.552838342998275,-0.707106781186548,0.440873866894967));
#5189=DIRECTION('',(0.99371220989324,0.,-0.11196447610333));
#5190=DIRECTION('center_axis',(0.623489801858733,0.,-0.78183148246803));
#5191=DIRECTION('ref_axis',(0.552838342998277,-0.707106781186548,0.440873866894963));
#5192=DIRECTION('center_axis',(-0.111964476103315,0.,-0.993712209893242));
#5193=DIRECTION('ref_axis',(-0.993712209893242,0.,0.111964476103315));
#5194=DIRECTION('',(0.993712209893242,0.,-0.111964476103315));
#5195=DIRECTION('',(0.,-1.,0.));
#5196=DIRECTION('',(0.,1.,0.));
#5197=DIRECTION('center_axis',(-0.623489801858733,0.,0.78183148246803));
#5198=DIRECTION('ref_axis',(-0.78183148246803,0.,-0.623489801858733));
#5199=DIRECTION('',(-0.78183148246803,0.,-0.623489801858733));
#5200=DIRECTION('center_axis',(0.846724199228282,0.,0.53203207651534));
#5201=DIRECTION('ref_axis',(0.53203207651534,0.,-0.846724199228282));
#5202=DIRECTION('',(-0.53203207651534,0.,0.846724199228282));
#5203=DIRECTION('',(0.,-1.,0.));
#5204=DIRECTION('',(0.532032076515345,0.,-0.846724199228279));
#5205=DIRECTION('',(0.,1.,0.));
#5206=DIRECTION('center_axis',(0.222520933956319,0.,0.974927912181823));
#5207=DIRECTION('ref_axis',(-0.68937813787181,-0.707106781186548,0.157346061356473));
#5208=DIRECTION('',(-0.157346061356478,0.707106781186537,-0.68937813787182));
#5209=DIRECTION('center_axis',(-0.222520933956315,0.,-0.974927912181824));
#5210=DIRECTION('ref_axis',(-0.68937813787181,-0.707106781186548,0.157346061356474));
#5211=DIRECTION('center_axis',(0.222520933956315,0.,0.974927912181824));
#5212=DIRECTION('ref_axis',(-0.68937813787181,-0.707106781186548,0.157346061356473));
#5213=DIRECTION('center_axis',(0.157346061356476,0.70710678118654,0.689378137871818));
#5214=DIRECTION('ref_axis',(0.974927912181824,0.,-0.222520933956315));
#5215=DIRECTION('',(-0.157346061356472,0.707106781186553,-0.689378137871805));
#5216=DIRECTION('',(-0.974927912181824,0.,0.222520933956315));
#5217=DIRECTION('',(0.974927912181824,0.,-0.222520933956315));
#5218=DIRECTION('center_axis',(0.22252093395631,0.,0.974927912181825));
#5219=DIRECTION('ref_axis',(0.689378137871806,-0.707106781186552,-0.157346061356473));
#5220=DIRECTION('',(-0.84672419922828,0.,-0.532032076515344));
#5221=DIRECTION('center_axis',(-0.222520933956315,0.,-0.974927912181824));
#5222=DIRECTION('ref_axis',(0.689378137871806,-0.707106781186552,-0.157346061356473));
#5223=DIRECTION('center_axis',(0.222520933956315,0.,0.974927912181824));
#5224=DIRECTION('ref_axis',(0.689378137871806,-0.707106781186552,-0.157346061356474));
#5225=DIRECTION('center_axis',(-0.532032076515329,0.,0.846724199228289));
#5226=DIRECTION('ref_axis',(0.846724199228289,0.,0.532032076515328));
#5227=DIRECTION('',(-0.846724199228289,0.,-0.532032076515328));
#5228=DIRECTION('',(0.,-1.,0.));
#5229=DIRECTION('',(0.,1.,0.));
#5230=DIRECTION('center_axis',(0.974927912181824,0.,-0.222520933956315));
#5231=DIRECTION('ref_axis',(0.222520933956315,0.,0.974927912181824));
#5232=DIRECTION('',(-0.222520933956315,0.,-0.974927912181824));
#5233=DIRECTION('',(0.,-1.,0.));
#5234=DIRECTION('',(0.222520933956315,0.,0.974927912181824));
#5235=DIRECTION('center_axis',(0.222520933956315,0.,0.974927912181824));
#5236=DIRECTION('ref_axis',(0.689378137871806,-0.707106781186552,-0.157346061356474));
#5237=DIRECTION('',(0.222520933956315,0.,0.974927912181824));
#5238=DIRECTION('center_axis',(0.222520933956315,0.,0.974927912181824));
#5239=DIRECTION('ref_axis',(0.689378137871806,-0.707106781186552,-0.157346061356474));
#5240=DIRECTION('center_axis',(0.,-1.,0.));
#5241=DIRECTION('ref_axis',(-0.974927912181824,0.,0.222520933956315));
#5242=DIRECTION('',(-0.222520933956315,0.,-0.974927912181824));
#5243=DIRECTION('',(-0.974927912181824,0.,0.222520933956315));
#5244=DIRECTION('center_axis',(-0.222520933956315,0.,-0.974927912181824));
#5245=DIRECTION('ref_axis',(-0.68937813787181,-0.707106781186548,0.157346061356473));
#5246=DIRECTION('',(0.222520933956315,0.,0.974927912181824));
#5247=DIRECTION('center_axis',(0.222520933956315,0.,0.974927912181824));
#5248=DIRECTION('ref_axis',(-0.68937813787181,-0.707106781186548,0.157346061356473));
#5249=DIRECTION('center_axis',(-0.974927912181824,0.,0.222520933956315));
#5250=DIRECTION('ref_axis',(-0.222520933956315,0.,-0.974927912181824));
#5251=DIRECTION('',(-0.222520933956315,0.,-0.974927912181824));
#5252=DIRECTION('',(0.,1.,0.));
#5253=DIRECTION('center_axis',(0.532032076515333,0.,-0.846724199228286));
#5254=DIRECTION('ref_axis',(-0.846724199228286,0.,-0.532032076515333));
#5255=DIRECTION('',(0.846724199228286,0.,0.532032076515333));
#5256=DIRECTION('',(0.,-1.,0.));
#5257=DIRECTION('',(-0.846724199228289,0.,-0.532032076515329));
#5258=DIRECTION('',(0.,1.,0.));
#5259=DIRECTION('center_axis',(-0.222520933956311,0.,-0.974927912181825));
#5260=DIRECTION('ref_axis',(-0.68937813787181,-0.707106781186548,0.157346061356473));
#5261=DIRECTION('center_axis',(0.222520933956315,0.,0.974927912181824));
#5262=DIRECTION('ref_axis',(-0.68937813787181,-0.707106781186548,0.157346061356474));
#5263=DIRECTION('',(-0.157346061356471,-0.707106781186547,-0.689378137871812));
#5264=DIRECTION('center_axis',(-0.222520933956315,0.,-0.974927912181824));
#5265=DIRECTION('ref_axis',(-0.68937813787181,-0.707106781186548,0.157346061356473));
#5266=DIRECTION('center_axis',(-0.157346061356475,0.707106781186544,-0.689378137871814));
#5267=DIRECTION('ref_axis',(-0.974927912181824,0.,0.222520933956315));
#5268=DIRECTION('',(0.974927912181824,0.,-0.222520933956315));
#5269=DIRECTION('',(-0.157346061356471,-0.707106781186549,-0.689378137871809));
#5270=DIRECTION('',(-0.974927912181824,0.,0.222520933956315));
#5271=DIRECTION('center_axis',(-0.222520933956311,0.,-0.974927912181825));
#5272=DIRECTION('ref_axis',(0.689378137871806,-0.707106781186552,-0.157346061356473));
#5273=DIRECTION('center_axis',(0.222520933956315,0.,0.974927912181824));
#5274=DIRECTION('ref_axis',(0.689378137871806,-0.707106781186552,-0.157346061356473));
#5275=DIRECTION('',(0.532032076515329,0.,-0.846724199228289));
#5276=DIRECTION('center_axis',(-0.222520933956315,0.,-0.974927912181824));
#5277=DIRECTION('ref_axis',(0.689378137871806,-0.707106781186552,-0.157346061356474));
#5278=DIRECTION('center_axis',(-0.846724199228285,0.,-0.532032076515335));
#5279=DIRECTION('ref_axis',(-0.532032076515335,0.,0.846724199228285));
#5280=DIRECTION('',(0.532032076515335,0.,-0.846724199228285));
#5281=DIRECTION('',(0.,-1.,0.));
#5282=DIRECTION('',(0.,1.,0.));
#5283=DIRECTION('center_axis',(0.222520933956315,0.,0.974927912181824));
#5284=DIRECTION('ref_axis',(-0.974927912181824,0.,0.222520933956315));
#5285=DIRECTION('',(-0.974927912181824,0.,0.222520933956315));
#5286=DIRECTION('center_axis',(0.94388333030837,0.,-0.33027906195516));
#5287=DIRECTION('ref_axis',(-0.33027906195516,0.,-0.94388333030837));
#5288=DIRECTION('',(0.33027906195516,0.,0.94388333030837));
#5289=DIRECTION('',(0.,-1.,0.));
#5290=DIRECTION('',(-0.33027906195516,0.,-0.94388333030837));
#5291=DIRECTION('',(0.,1.,0.));
#5292=DIRECTION('center_axis',(0.900968867902418,0.,0.43388373911756));
#5293=DIRECTION('ref_axis',(-0.306802134176601,-0.707106781186546,0.637081196131768));
#5294=DIRECTION('',(-0.637081196131757,0.707106781186556,-0.306802134176601));
#5295=DIRECTION('center_axis',(-0.900968867902419,0.,-0.433883739117558));
#5296=DIRECTION('ref_axis',(-0.306802134176601,-0.707106781186546,0.637081196131768));
#5297=DIRECTION('center_axis',(0.900968867902419,0.,0.433883739117558));
#5298=DIRECTION('ref_axis',(-0.306802134176601,-0.707106781186547,0.637081196131768));
#5299=DIRECTION('center_axis',(0.637081196131767,0.707106781186548,0.3068021341766));
#5300=DIRECTION('ref_axis',(0.433883739117558,0.,-0.900968867902419));
#5301=DIRECTION('',(-0.637081196131769,0.707106781186547,-0.306802134176598));
#5302=DIRECTION('',(-0.433883739117558,0.,0.900968867902419));
#5303=DIRECTION('',(0.433883739117558,0.,-0.900968867902419));
#5304=DIRECTION('center_axis',(0.900968867902418,0.,0.43388373911756));
#5305=DIRECTION('ref_axis',(0.3068021341766,-0.707106781186547,-0.637081196131768));
#5306=DIRECTION('',(-0.943883330308367,0.,0.330279061955169));
#5307=DIRECTION('center_axis',(-0.900968867902419,0.,-0.433883739117558));
#5308=DIRECTION('ref_axis',(0.3068021341766,-0.707106781186547,-0.637081196131768));
#5309=DIRECTION('center_axis',(0.900968867902419,0.,0.433883739117558));
#5310=DIRECTION('ref_axis',(0.306802134176599,-0.707106781186547,-0.637081196131768));
#5311=DIRECTION('center_axis',(0.330279061955159,0.,0.943883330308371));
#5312=DIRECTION('ref_axis',(0.943883330308371,0.,-0.330279061955159));
#5313=DIRECTION('',(-0.943883330308371,0.,0.330279061955159));
#5314=DIRECTION('',(0.,-1.,0.));
#5315=DIRECTION('',(0.,1.,0.));
#5316=DIRECTION('center_axis',(0.433883739117558,0.,-0.900968867902419));
#5317=DIRECTION('ref_axis',(0.900968867902419,0.,0.433883739117558));
#5318=DIRECTION('',(-0.900968867902419,0.,-0.433883739117558));
#5319=DIRECTION('',(0.,-1.,0.));
#5320=DIRECTION('',(0.900968867902419,0.,0.433883739117558));
#5321=DIRECTION('center_axis',(0.900968867902419,0.,0.433883739117558));
#5322=DIRECTION('ref_axis',(0.306802134176599,-0.707106781186547,-0.637081196131768));
#5323=DIRECTION('',(0.900968867902419,0.,0.433883739117558));
#5324=DIRECTION('center_axis',(0.900968867902419,0.,0.433883739117558));
#5325=DIRECTION('ref_axis',(0.306802134176599,-0.707106781186547,-0.637081196131768));
#5326=DIRECTION('center_axis',(0.,-1.,0.));
#5327=DIRECTION('ref_axis',(-0.433883739117558,0.,0.900968867902419));
#5328=DIRECTION('',(-0.900968867902419,0.,-0.433883739117558));
#5329=DIRECTION('',(-0.433883739117558,0.,0.900968867902419));
#5330=DIRECTION('center_axis',(-0.900968867902419,0.,-0.433883739117558));
#5331=DIRECTION('ref_axis',(-0.306802134176601,-0.707106781186547,0.637081196131768));
#5332=DIRECTION('',(0.900968867902419,0.,0.433883739117558));
#5333=DIRECTION('center_axis',(0.900968867902419,0.,0.433883739117558));
#5334=DIRECTION('ref_axis',(-0.306802134176601,-0.707106781186547,0.637081196131768));
#5335=DIRECTION('center_axis',(-0.433883739117558,0.,0.900968867902419));
#5336=DIRECTION('ref_axis',(-0.900968867902419,0.,-0.433883739117558));
#5337=DIRECTION('',(-0.900968867902419,0.,-0.433883739117558));
#5338=DIRECTION('',(0.,1.,0.));
#5339=DIRECTION('center_axis',(-0.330279061955171,0.,-0.943883330308366));
#5340=DIRECTION('ref_axis',(-0.943883330308366,0.,0.330279061955171));
#5341=DIRECTION('',(0.943883330308366,0.,-0.330279061955171));
#5342=DIRECTION('',(0.,-1.,0.));
#5343=DIRECTION('',(-0.943883330308366,0.,0.330279061955171));
#5344=DIRECTION('',(0.,1.,0.));
#5345=DIRECTION('center_axis',(-0.90096886790242,0.,-0.433883739117557));
#5346=DIRECTION('ref_axis',(-0.306802134176601,-0.707106781186547,0.637081196131768));
#5347=DIRECTION('center_axis',(0.900968867902419,0.,0.433883739117558));
#5348=DIRECTION('ref_axis',(-0.306802134176601,-0.707106781186546,0.637081196131768));
#5349=DIRECTION('',(-0.637081196131767,-0.707106781186548,-0.306802134176599));
#5350=DIRECTION('center_axis',(-0.900968867902419,0.,-0.433883739117558));
#5351=DIRECTION('ref_axis',(-0.306802134176601,-0.707106781186547,0.637081196131768));
#5352=DIRECTION('center_axis',(-0.63708119613177,0.707106781186545,-0.306802134176601));
#5353=DIRECTION('ref_axis',(-0.433883739117558,0.,0.900968867902419));
#5354=DIRECTION('',(0.433883739117558,0.,-0.900968867902419));
#5355=DIRECTION('',(-0.637081196131761,-0.707106781186553,-0.306802134176601));
#5356=DIRECTION('',(-0.433883739117558,0.,0.900968867902419));
#5357=DIRECTION('center_axis',(-0.900968867902418,0.,-0.433883739117561));
#5358=DIRECTION('ref_axis',(0.3068021341766,-0.707106781186547,-0.637081196131768));
#5359=DIRECTION('center_axis',(0.900968867902419,0.,0.433883739117558));
#5360=DIRECTION('ref_axis',(0.3068021341766,-0.707106781186547,-0.637081196131768));
#5361=DIRECTION('',(-0.330279061955156,0.,-0.943883330308371));
#5362=DIRECTION('center_axis',(-0.900968867902419,0.,-0.433883739117558));
#5363=DIRECTION('ref_axis',(0.306802134176599,-0.707106781186547,-0.637081196131769));
#5364=DIRECTION('center_axis',(-0.94388333030837,0.,0.33027906195516));
#5365=DIRECTION('ref_axis',(0.33027906195516,0.,0.94388333030837));
#5366=DIRECTION('',(-0.33027906195516,0.,-0.94388333030837));
#5367=DIRECTION('',(0.,-1.,0.));
#5368=DIRECTION('',(0.,1.,0.));
#5369=DIRECTION('center_axis',(0.900968867902419,0.,0.433883739117558));
#5370=DIRECTION('ref_axis',(-0.433883739117558,0.,0.900968867902419));
#5371=DIRECTION('',(-0.433883739117558,0.,0.900968867902419));
#5372=DIRECTION('center_axis',(0.33027906195518,0.,-0.943883330308363));
#5373=DIRECTION('ref_axis',(-0.943883330308363,0.,-0.33027906195518));
#5374=DIRECTION('',(0.943883330308363,0.,0.33027906195518));
#5375=DIRECTION('',(0.,-1.,0.));
#5376=DIRECTION('',(-0.943883330308364,0.,-0.330279061955179));
#5377=DIRECTION('',(0.,1.,0.));
#5378=DIRECTION('center_axis',(0.900968867902417,0.,-0.433883739117563));
#5379=DIRECTION('ref_axis',(0.3068021341766,-0.707106781186547,0.637081196131768));
#5380=DIRECTION('',(-0.637081196131753,0.707106781186562,0.306802134176598));
#5381=DIRECTION('center_axis',(-0.900968867902419,0.,0.433883739117558));
#5382=DIRECTION('ref_axis',(0.306802134176601,-0.707106781186547,0.637081196131768));
#5383=DIRECTION('center_axis',(0.900968867902419,0.,-0.433883739117558));
#5384=DIRECTION('ref_axis',(0.306802134176599,-0.707106781186547,0.637081196131768));
#5385=DIRECTION('center_axis',(0.637081196131768,0.707106781186547,-0.306802134176601));
#5386=DIRECTION('ref_axis',(-0.433883739117558,0.,-0.900968867902419));
#5387=DIRECTION('',(-0.637081196131767,0.707106781186549,0.306802134176599));
#5388=DIRECTION('',(0.433883739117558,0.,0.900968867902419));
#5389=DIRECTION('',(-0.433883739117558,0.,-0.900968867902419));
#5390=DIRECTION('center_axis',(0.900968867902419,0.,-0.433883739117559));
#5391=DIRECTION('ref_axis',(-0.306802134176601,-0.707106781186546,-0.637081196131768));
#5392=DIRECTION('',(-0.330279061955165,0.,0.943883330308368));
#5393=DIRECTION('center_axis',(-0.900968867902419,0.,0.433883739117558));
#5394=DIRECTION('ref_axis',(-0.306802134176601,-0.707106781186547,-0.637081196131768));
#5395=DIRECTION('center_axis',(0.900968867902419,0.,-0.433883739117558));
#5396=DIRECTION('ref_axis',(-0.306802134176601,-0.707106781186546,-0.637081196131768));
#5397=DIRECTION('center_axis',(0.943883330308368,0.,0.330279061955166));
#5398=DIRECTION('ref_axis',(0.330279061955166,0.,-0.943883330308368));
#5399=DIRECTION('',(-0.330279061955166,0.,0.943883330308368));
#5400=DIRECTION('',(0.,-1.,0.));
#5401=DIRECTION('',(0.,1.,0.));
#5402=DIRECTION('center_axis',(-0.433883739117558,0.,-0.900968867902419));
#5403=DIRECTION('ref_axis',(0.900968867902419,0.,-0.433883739117558));
#5404=DIRECTION('',(-0.900968867902419,0.,0.433883739117558));
#5405=DIRECTION('',(0.,-1.,0.));
#5406=DIRECTION('',(0.900968867902419,0.,-0.433883739117558));
#5407=DIRECTION('center_axis',(0.900968867902419,0.,-0.433883739117558));
#5408=DIRECTION('ref_axis',(-0.306802134176601,-0.707106781186547,-0.637081196131768));
#5409=DIRECTION('',(0.900968867902419,0.,-0.433883739117558));
#5410=DIRECTION('center_axis',(0.900968867902419,0.,-0.433883739117558));
#5411=DIRECTION('ref_axis',(-0.306802134176601,-0.707106781186547,-0.637081196131768));
#5412=DIRECTION('center_axis',(0.,-1.,0.));
#5413=DIRECTION('ref_axis',(0.433883739117558,0.,0.900968867902419));
#5414=DIRECTION('',(-0.900968867902419,0.,0.433883739117558));
#5415=DIRECTION('',(0.433883739117558,0.,0.900968867902419));
#5416=DIRECTION('center_axis',(-0.900968867902419,0.,0.433883739117558));
#5417=DIRECTION('ref_axis',(0.306802134176599,-0.707106781186547,0.637081196131768));
#5418=DIRECTION('',(0.900968867902419,0.,-0.433883739117558));
#5419=DIRECTION('center_axis',(0.900968867902419,0.,-0.433883739117558));
#5420=DIRECTION('ref_axis',(0.306802134176599,-0.707106781186547,0.637081196131768));
#5421=DIRECTION('center_axis',(0.433883739117558,0.,0.900968867902419));
#5422=DIRECTION('ref_axis',(-0.900968867902419,0.,0.433883739117558));
#5423=DIRECTION('',(-0.900968867902419,0.,0.433883739117558));
#5424=DIRECTION('',(0.,1.,0.));
#5425=DIRECTION('center_axis',(-0.943883330308366,0.,-0.330279061955171));
#5426=DIRECTION('ref_axis',(-0.330279061955171,0.,0.943883330308366));
#5427=DIRECTION('',(0.330279061955171,0.,-0.943883330308366));
#5428=DIRECTION('',(0.,-1.,0.));
#5429=DIRECTION('',(-0.330279061955168,0.,0.943883330308367));
#5430=DIRECTION('',(0.,1.,0.));
#5431=DIRECTION('center_axis',(-0.900968867902418,0.,0.43388373911756));
#5432=DIRECTION('ref_axis',(0.3068021341766,-0.707106781186547,0.637081196131768));
#5433=DIRECTION('center_axis',(0.900968867902419,0.,-0.433883739117558));
#5434=DIRECTION('ref_axis',(0.306802134176601,-0.707106781186547,0.637081196131768));
#5435=DIRECTION('',(-0.637081196131767,-0.707106781186547,0.306802134176601));
#5436=DIRECTION('center_axis',(-0.900968867902419,0.,0.433883739117558));
#5437=DIRECTION('ref_axis',(0.306802134176599,-0.707106781186547,0.637081196131768));
#5438=DIRECTION('center_axis',(-0.637081196131766,0.707106781186549,0.3068021341766));
#5439=DIRECTION('ref_axis',(0.433883739117558,0.,0.900968867902419));
#5440=DIRECTION('',(-0.433883739117558,0.,-0.900968867902419));
#5441=DIRECTION('',(-0.637081196131768,-0.707106781186546,0.306802134176602));
#5442=DIRECTION('',(0.433883739117558,0.,0.900968867902419));
#5443=DIRECTION('center_axis',(-0.900968867902419,0.,0.433883739117559));
#5444=DIRECTION('ref_axis',(-0.306802134176601,-0.707106781186547,-0.637081196131768));
#5445=DIRECTION('center_axis',(0.900968867902419,0.,-0.433883739117558));
#5446=DIRECTION('ref_axis',(-0.306802134176601,-0.707106781186546,-0.637081196131768));
#5447=DIRECTION('',(-0.943883330308361,0.,-0.330279061955185));
#5448=DIRECTION('center_axis',(-0.900968867902419,0.,0.433883739117558));
#5449=DIRECTION('ref_axis',(-0.306802134176601,-0.707106781186547,-0.637081196131768));
#5450=DIRECTION('center_axis',(-0.330279061955173,0.,0.943883330308365));
#5451=DIRECTION('ref_axis',(0.943883330308365,0.,0.330279061955173));
#5452=DIRECTION('',(-0.943883330308365,0.,-0.330279061955173));
#5453=DIRECTION('',(0.,-1.,0.));
#5454=DIRECTION('',(0.,1.,0.));
#5455=DIRECTION('center_axis',(0.900968867902419,0.,-0.433883739117558));
#5456=DIRECTION('ref_axis',(0.433883739117558,0.,0.900968867902419));
#5457=DIRECTION('',(0.433883739117558,0.,0.900968867902419));
#5458=DIRECTION('center_axis',(-0.532032076515326,0.,-0.846724199228291));
#5459=DIRECTION('ref_axis',(-0.846724199228291,0.,0.532032076515326));
#5460=DIRECTION('',(0.846724199228291,0.,-0.532032076515326));
#5461=DIRECTION('',(0.,-1.,0.));
#5462=DIRECTION('',(-0.846724199228289,0.,0.532032076515329));
#5463=DIRECTION('',(0.,1.,0.));
#5464=DIRECTION('center_axis',(0.222520933956313,0.,-0.974927912181824));
#5465=DIRECTION('ref_axis',(0.68937813787181,-0.707106781186548,0.157346061356473));
#5466=DIRECTION('',(-0.157346061356472,0.707106781186551,0.689378137871807));
#5467=DIRECTION('center_axis',(-0.222520933956314,0.,0.974927912181824));
#5468=DIRECTION('ref_axis',(0.68937813787181,-0.707106781186548,0.157346061356474));
#5469=DIRECTION('center_axis',(0.222520933956314,0.,-0.974927912181824));
#5470=DIRECTION('ref_axis',(0.68937813787181,-0.707106781186548,0.157346061356473));
#5471=DIRECTION('center_axis',(0.157346061356475,0.707106781186541,-0.689378137871816));
#5472=DIRECTION('ref_axis',(-0.974927912181824,0.,-0.222520933956314));
#5473=DIRECTION('',(-0.157346061356472,0.707106781186556,0.689378137871802));
#5474=DIRECTION('',(0.974927912181824,0.,0.222520933956314));
#5475=DIRECTION('',(-0.974927912181824,0.,-0.222520933956314));
#5476=DIRECTION('center_axis',(0.222520933956313,0.,-0.974927912181824));
#5477=DIRECTION('ref_axis',(-0.68937813787181,-0.707106781186548,-0.157346061356473));
#5478=DIRECTION('',(0.532032076515344,2.24298922669113E-15,0.84672419922828));
#5479=DIRECTION('center_axis',(-0.222520933956314,0.,0.974927912181824));
#5480=DIRECTION('ref_axis',(-0.68937813787181,-0.707106781186548,-0.157346061356474));
#5481=DIRECTION('center_axis',(0.222520933956314,0.,-0.974927912181824));
#5482=DIRECTION('ref_axis',(-0.68937813787181,-0.707106781186548,-0.157346061356473));
#5483=DIRECTION('center_axis',(0.84672419922828,0.,-0.532032076515344));
#5484=DIRECTION('ref_axis',(-0.532032076515344,0.,-0.84672419922828));
#5485=DIRECTION('',(0.532032076515344,0.,0.84672419922828));
#5486=DIRECTION('',(0.,-1.,0.));
#5487=DIRECTION('',(0.,1.,0.));
#5488=DIRECTION('center_axis',(-0.974927912181824,0.,-0.222520933956314));
#5489=DIRECTION('ref_axis',(0.222520933956314,0.,-0.974927912181824));
#5490=DIRECTION('',(-0.222520933956314,0.,0.974927912181824));
#5491=DIRECTION('',(0.,-1.,0.));
#5492=DIRECTION('',(0.222520933956314,0.,-0.974927912181824));
#5493=DIRECTION('center_axis',(0.222520933956314,0.,-0.974927912181824));
#5494=DIRECTION('ref_axis',(-0.68937813787181,-0.707106781186548,-0.157346061356473));
#5495=DIRECTION('',(0.222520933956314,0.,-0.974927912181824));
#5496=DIRECTION('center_axis',(0.222520933956314,0.,-0.974927912181824));
#5497=DIRECTION('ref_axis',(-0.68937813787181,-0.707106781186548,-0.157346061356473));
#5498=DIRECTION('center_axis',(0.,-1.,0.));
#5499=DIRECTION('ref_axis',(0.974927912181824,0.,0.222520933956314));
#5500=DIRECTION('',(-0.222520933956314,0.,0.974927912181824));
#5501=DIRECTION('',(0.974927912181824,0.,0.222520933956314));
#5502=DIRECTION('center_axis',(-0.222520933956314,0.,0.974927912181824));
#5503=DIRECTION('ref_axis',(0.68937813787181,-0.707106781186548,0.157346061356473));
#5504=DIRECTION('',(0.222520933956314,0.,-0.974927912181824));
#5505=DIRECTION('center_axis',(0.222520933956314,0.,-0.974927912181824));
#5506=DIRECTION('ref_axis',(0.68937813787181,-0.707106781186548,0.157346061356473));
#5507=DIRECTION('center_axis',(0.974927912181824,0.,0.222520933956314));
#5508=DIRECTION('ref_axis',(-0.222520933956314,0.,0.974927912181824));
#5509=DIRECTION('',(-0.222520933956314,0.,0.974927912181824));
#5510=DIRECTION('',(0.,1.,0.));
#5511=DIRECTION('center_axis',(-0.846724199228281,0.,0.532032076515342));
#5512=DIRECTION('ref_axis',(0.532032076515342,0.,0.846724199228281));
#5513=DIRECTION('',(-0.532032076515342,0.,-0.846724199228281));
#5514=DIRECTION('',(0.,-1.,0.));
#5515=DIRECTION('',(0.532032076515343,0.,0.84672419922828));
#5516=DIRECTION('',(0.,1.,0.));
#5517=DIRECTION('center_axis',(-0.222520933956313,0.,0.974927912181824));
#5518=DIRECTION('ref_axis',(0.68937813787181,-0.707106781186548,0.157346061356473));
#5519=DIRECTION('center_axis',(0.222520933956314,0.,-0.974927912181824));
#5520=DIRECTION('ref_axis',(0.68937813787181,-0.707106781186548,0.157346061356474));
#5521=DIRECTION('',(-0.157346061356472,-0.707106781186555,0.689378137871804));
#5522=DIRECTION('center_axis',(-0.222520933956314,0.,0.974927912181824));
#5523=DIRECTION('ref_axis',(0.68937813787181,-0.707106781186548,0.157346061356473));
#5524=DIRECTION('center_axis',(-0.157346061356475,0.707106781186543,0.689378137871815));
#5525=DIRECTION('ref_axis',(0.974927912181824,0.,0.222520933956314));
#5526=DIRECTION('',(-0.974927912181824,0.,-0.222520933956314));
#5527=DIRECTION('',(-0.157346061356471,-0.707106781186551,0.689378137871808));
#5528=DIRECTION('',(0.974927912181824,0.,0.222520933956314));
#5529=DIRECTION('center_axis',(-0.222520933956316,0.,0.974927912181823));
#5530=DIRECTION('ref_axis',(-0.68937813787181,-0.707106781186548,-0.157346061356473));
#5531=DIRECTION('center_axis',(0.222520933956314,0.,-0.974927912181824));
#5532=DIRECTION('ref_axis',(-0.68937813787181,-0.707106781186548,-0.157346061356474));
#5533=DIRECTION('',(-0.84672419922829,0.,0.532032076515327));
#5534=DIRECTION('center_axis',(-0.222520933956314,0.,0.974927912181824));
#5535=DIRECTION('ref_axis',(-0.68937813787181,-0.707106781186548,-0.157346061356473));
#5536=DIRECTION('center_axis',(0.532032076515329,0.,0.846724199228289));
#5537=DIRECTION('ref_axis',(0.846724199228289,0.,-0.532032076515329));
#5538=DIRECTION('',(-0.846724199228289,0.,0.532032076515329));
#5539=DIRECTION('',(0.,-1.,0.));
#5540=DIRECTION('',(0.,1.,0.));
#5541=DIRECTION('center_axis',(0.222520933956314,0.,-0.974927912181824));
#5542=DIRECTION('ref_axis',(0.974927912181824,0.,0.222520933956314));
#5543=DIRECTION('',(0.974927912181824,0.,0.222520933956314));
#5544=DIRECTION('center_axis',(-0.993712209893242,0.,-0.111964476103309));
#5545=DIRECTION('ref_axis',(-0.111964476103309,0.,0.993712209893242));
#5546=DIRECTION('',(0.111964476103309,0.,-0.993712209893242));
#5547=DIRECTION('',(0.,-1.,0.));
#5548=DIRECTION('',(-0.111964476103318,0.,0.993712209893241));
#5549=DIRECTION('',(0.,1.,0.));
#5550=DIRECTION('center_axis',(-0.623489801858735,0.,-0.781831482468029));
#5551=DIRECTION('ref_axis',(0.552838342998278,-0.707106781186544,-0.440873866894969));
#5552=DIRECTION('',(0.440873866894975,0.707106781186537,0.552838342998282));
#5553=DIRECTION('center_axis',(0.623489801858734,0.,0.78183148246803));
#5554=DIRECTION('ref_axis',(0.552838342998278,-0.707106781186544,-0.440873866894969));
#5555=DIRECTION('center_axis',(-0.623489801858734,0.,-0.78183148246803));
#5556=DIRECTION('ref_axis',(0.552838342998278,-0.707106781186544,-0.440873866894969));
#5557=DIRECTION('center_axis',(-0.440873866894969,0.707106781186545,-0.552838342998277));
#5558=DIRECTION('ref_axis',(-0.78183148246803,0.,0.623489801858734));
#5559=DIRECTION('',(0.440873866894966,0.707106781186549,0.552838342998274));
#5560=DIRECTION('',(0.78183148246803,0.,-0.623489801858734));
#5561=DIRECTION('',(-0.78183148246803,0.,0.623489801858734));
#5562=DIRECTION('center_axis',(-0.623489801858732,0.,-0.781831482468031));
#5563=DIRECTION('ref_axis',(-0.552838342998276,-0.707106781186547,0.440873866894967));
#5564=DIRECTION('',(0.993712209893242,0.,0.111964476103311));
#5565=DIRECTION('center_axis',(0.623489801858734,0.,0.78183148246803));
#5566=DIRECTION('ref_axis',(-0.552838342998275,-0.707106781186547,0.440873866894968));
#5567=DIRECTION('center_axis',(-0.623489801858734,0.,-0.78183148246803));
#5568=DIRECTION('ref_axis',(-0.552838342998276,-0.707106781186547,0.440873866894967));
#5569=DIRECTION('center_axis',(0.111964476103303,0.,-0.993712209893243));
#5570=DIRECTION('ref_axis',(-0.993712209893243,0.,-0.111964476103303));
#5571=DIRECTION('',(0.993712209893243,0.,0.111964476103303));
#5572=DIRECTION('',(0.,-1.,0.));
#5573=DIRECTION('',(0.,1.,0.));
#5574=DIRECTION('center_axis',(-0.78183148246803,0.,0.623489801858734));
#5575=DIRECTION('ref_axis',(-0.623489801858734,0.,-0.78183148246803));
#5576=DIRECTION('',(0.623489801858734,0.,0.78183148246803));
#5577=DIRECTION('',(0.,-1.,0.));
#5578=DIRECTION('',(-0.623489801858734,0.,-0.78183148246803));
#5579=DIRECTION('center_axis',(-0.623489801858734,0.,-0.78183148246803));
#5580=DIRECTION('ref_axis',(-0.552838342998276,-0.707106781186547,0.440873866894967));
#5581=DIRECTION('',(-0.623489801858734,0.,-0.78183148246803));
#5582=DIRECTION('center_axis',(-0.623489801858734,0.,-0.78183148246803));
#5583=DIRECTION('ref_axis',(-0.552838342998276,-0.707106781186547,0.440873866894967));
#5584=DIRECTION('center_axis',(0.,-1.,0.));
#5585=DIRECTION('ref_axis',(0.78183148246803,0.,-0.623489801858734));
#5586=DIRECTION('',(0.623489801858734,0.,0.78183148246803));
#5587=DIRECTION('',(0.78183148246803,0.,-0.623489801858734));
#5588=DIRECTION('center_axis',(0.623489801858734,0.,0.78183148246803));
#5589=DIRECTION('ref_axis',(0.552838342998278,-0.707106781186544,-0.440873866894969));
#5590=DIRECTION('',(-0.623489801858734,0.,-0.78183148246803));
#5591=DIRECTION('center_axis',(-0.623489801858734,0.,-0.78183148246803));
#5592=DIRECTION('ref_axis',(0.552838342998278,-0.707106781186544,-0.440873866894969));
#5593=DIRECTION('center_axis',(0.78183148246803,0.,-0.623489801858734));
#5594=DIRECTION('ref_axis',(0.623489801858734,0.,0.78183148246803));
#5595=DIRECTION('',(0.623489801858734,0.,0.78183148246803));
#5596=DIRECTION('',(0.,1.,0.));
#5597=DIRECTION('center_axis',(-0.11196447610331,0.,0.993712209893242));
#5598=DIRECTION('ref_axis',(0.993712209893242,0.,0.11196447610331));
#5599=DIRECTION('',(-0.993712209893242,0.,-0.11196447610331));
#5600=DIRECTION('',(0.,-1.,0.));
#5601=DIRECTION('',(0.993712209893242,0.,0.11196447610331));
#5602=DIRECTION('',(0.,1.,0.));
#5603=DIRECTION('center_axis',(0.623489801858736,0.,0.781831482468028));
#5604=DIRECTION('ref_axis',(0.552838342998278,-0.707106781186544,-0.440873866894969));
#5605=DIRECTION('center_axis',(-0.623489801858734,0.,-0.78183148246803));
#5606=DIRECTION('ref_axis',(0.552838342998278,-0.707106781186544,-0.440873866894969));
#5607=DIRECTION('',(0.440873866894972,-0.707106781186542,0.552838342998278));
#5608=DIRECTION('center_axis',(0.623489801858734,0.,0.78183148246803));
#5609=DIRECTION('ref_axis',(0.552838342998278,-0.707106781186544,-0.440873866894969));
#5610=DIRECTION('center_axis',(0.440873866894971,0.707106781186542,0.55283834299828));
#5611=DIRECTION('ref_axis',(0.78183148246803,0.,-0.623489801858734));
#5612=DIRECTION('',(-0.78183148246803,0.,0.623489801858734));
#5613=DIRECTION('',(0.440873866894964,-0.707106781186553,0.55283834299827));
#5614=DIRECTION('',(0.78183148246803,0.,-0.623489801858734));
#5615=DIRECTION('center_axis',(0.623489801858732,0.,0.781831482468031));
#5616=DIRECTION('ref_axis',(-0.552838342998276,-0.707106781186547,0.440873866894967));
#5617=DIRECTION('center_axis',(-0.623489801858734,0.,-0.78183148246803));
#5618=DIRECTION('ref_axis',(-0.552838342998275,-0.707106781186547,0.440873866894968));
#5619=DIRECTION('',(-0.11196447610331,2.24298922669111E-15,0.993712209893242));
#5620=DIRECTION('center_axis',(0.623489801858734,0.,0.78183148246803));
#5621=DIRECTION('ref_axis',(-0.552838342998276,-0.707106781186547,0.440873866894967));
#5622=DIRECTION('center_axis',(0.993712209893242,0.,0.11196447610331));
#5623=DIRECTION('ref_axis',(0.11196447610331,0.,-0.993712209893242));
#5624=DIRECTION('',(-0.11196447610331,0.,0.993712209893242));
#5625=DIRECTION('',(0.,-1.,0.));
#5626=DIRECTION('',(0.,1.,0.));
#5627=DIRECTION('center_axis',(-0.623489801858734,0.,-0.78183148246803));
#5628=DIRECTION('ref_axis',(0.78183148246803,0.,-0.623489801858734));
#5629=DIRECTION('',(0.78183148246803,0.,-0.623489801858734));
#5630=DIRECTION('center_axis',(0.623489801858733,0.,-0.78183148246803));
#5631=DIRECTION('ref_axis',(-0.552838342998275,-0.707106781186546,-0.44087386689497));
#5632=DIRECTION('',(0.623489801858733,0.,-0.78183148246803));
#5633=DIRECTION('center_axis',(0.623489801858733,0.,-0.78183148246803));
#5634=DIRECTION('ref_axis',(-0.552838342998275,-0.707106781186546,-0.44087386689497));
#5635=DIRECTION('',(-0.623489801858733,0.,0.78183148246803));
#5636=DIRECTION('center_axis',(-0.78183148246803,0.,-0.623489801858733));
#5637=DIRECTION('ref_axis',(0.623489801858733,0.,-0.78183148246803));
#5638=DIRECTION('',(0.,-1.,0.));
#5639=DIRECTION('',(0.623489801858733,0.,-0.78183148246803));
#5640=DIRECTION('center_axis',(0.623489801858733,0.,-0.78183148246803));
#5641=DIRECTION('ref_axis',(0.78183148246803,0.,0.623489801858733));
#5642=DIRECTION('',(0.78183148246803,0.,0.623489801858733));
#5643=DIRECTION('center_axis',(-0.623489801858733,0.,0.78183148246803));
#5644=DIRECTION('ref_axis',(0.552838342998277,-0.707106781186548,0.440873866894963));
#5645=DIRECTION('',(0.623489801858733,0.,-0.78183148246803));
#5646=DIRECTION('center_axis',(0.623489801858733,0.,-0.78183148246803));
#5647=DIRECTION('ref_axis',(0.552838342998277,-0.707106781186548,0.440873866894963));
#5648=DIRECTION('',(-0.623489801858733,0.,0.78183148246803));
#5649=DIRECTION('center_axis',(0.,-1.,0.));
#5650=DIRECTION('ref_axis',(-0.78183148246803,0.,-0.623489801858733));
#5651=DIRECTION('',(0.78183148246803,0.,0.623489801858733));
#5652=DIRECTION('center_axis',(-0.222520933956315,0.,-0.974927912181824));
#5653=DIRECTION('ref_axis',(-0.68937813787181,-0.707106781186548,0.157346061356473));
#5654=DIRECTION('',(-0.222520933956315,0.,-0.974927912181824));
#5655=DIRECTION('center_axis',(-0.222520933956315,0.,-0.974927912181824));
#5656=DIRECTION('ref_axis',(-0.68937813787181,-0.707106781186548,0.157346061356473));
#5657=DIRECTION('',(0.222520933956315,0.,0.974927912181824));
#5658=DIRECTION('center_axis',(-0.974927912181824,0.,0.222520933956315));
#5659=DIRECTION('ref_axis',(-0.222520933956315,0.,-0.974927912181824));
#5660=DIRECTION('',(0.,-1.,0.));
#5661=DIRECTION('',(-0.222520933956315,0.,-0.974927912181824));
#5662=DIRECTION('center_axis',(-0.222520933956315,0.,-0.974927912181824));
#5663=DIRECTION('ref_axis',(0.974927912181824,0.,-0.222520933956315));
#5664=DIRECTION('',(0.974927912181824,0.,-0.222520933956315));
#5665=DIRECTION('center_axis',(0.222520933956315,0.,0.974927912181824));
#5666=DIRECTION('ref_axis',(0.689378137871806,-0.707106781186552,-0.157346061356474));
#5667=DIRECTION('',(-0.222520933956315,0.,-0.974927912181824));
#5668=DIRECTION('center_axis',(-0.222520933956315,0.,-0.974927912181824));
#5669=DIRECTION('ref_axis',(0.689378137871806,-0.707106781186552,-0.157346061356474));
#5670=DIRECTION('',(0.222520933956315,0.,0.974927912181824));
#5671=DIRECTION('center_axis',(0.,-1.,0.));
#5672=DIRECTION('ref_axis',(-0.974927912181824,0.,0.222520933956315));
#5673=DIRECTION('',(0.974927912181824,0.,-0.222520933956315));
#5674=DIRECTION('center_axis',(-0.900968867902419,0.,-0.433883739117558));
#5675=DIRECTION('ref_axis',(-0.306802134176601,-0.707106781186547,0.637081196131768));
#5676=DIRECTION('',(-0.900968867902419,0.,-0.433883739117558));
#5677=DIRECTION('center_axis',(-0.900968867902419,0.,-0.433883739117558));
#5678=DIRECTION('ref_axis',(-0.306802134176601,-0.707106781186547,0.637081196131768));
#5679=DIRECTION('',(0.900968867902419,0.,0.433883739117558));
#5680=DIRECTION('center_axis',(-0.433883739117558,0.,0.900968867902419));
#5681=DIRECTION('ref_axis',(-0.900968867902419,0.,-0.433883739117558));
#5682=DIRECTION('',(0.,-1.,0.));
#5683=DIRECTION('',(-0.900968867902419,0.,-0.433883739117558));
#5684=DIRECTION('center_axis',(-0.900968867902419,0.,-0.433883739117558));
#5685=DIRECTION('ref_axis',(0.433883739117558,0.,-0.900968867902419));
#5686=DIRECTION('',(0.433883739117558,0.,-0.900968867902419));
#5687=DIRECTION('center_axis',(0.900968867902419,0.,0.433883739117558));
#5688=DIRECTION('ref_axis',(0.306802134176599,-0.707106781186547,-0.637081196131768));
#5689=DIRECTION('',(-0.900968867902419,0.,-0.433883739117558));
#5690=DIRECTION('center_axis',(-0.900968867902419,0.,-0.433883739117558));
#5691=DIRECTION('ref_axis',(0.306802134176599,-0.707106781186547,-0.637081196131768));
#5692=DIRECTION('',(0.900968867902419,0.,0.433883739117558));
#5693=DIRECTION('center_axis',(0.,-1.,0.));
#5694=DIRECTION('ref_axis',(-0.433883739117558,0.,0.900968867902419));
#5695=DIRECTION('',(0.433883739117558,0.,-0.900968867902419));
#5696=DIRECTION('center_axis',(-0.900968867902419,0.,0.433883739117558));
#5697=DIRECTION('ref_axis',(0.306802134176599,-0.707106781186547,0.637081196131768));
#5698=DIRECTION('',(-0.900968867902419,0.,0.433883739117558));
#5699=DIRECTION('center_axis',(-0.900968867902419,0.,0.433883739117559));
#5700=DIRECTION('ref_axis',(0.306802134176599,-0.707106781186547,0.637081196131768));
#5701=DIRECTION('',(0.900968867902419,0.,-0.433883739117558));
#5702=DIRECTION('center_axis',(0.433883739117558,0.,0.900968867902419));
#5703=DIRECTION('ref_axis',(-0.900968867902419,0.,0.433883739117558));
#5704=DIRECTION('',(0.,-1.,0.));
#5705=DIRECTION('',(-0.900968867902419,0.,0.433883739117558));
#5706=DIRECTION('center_axis',(-0.900968867902419,0.,0.433883739117558));
#5707=DIRECTION('ref_axis',(-0.433883739117558,0.,-0.900968867902419));
#5708=DIRECTION('',(-0.433883739117558,0.,-0.900968867902419));
#5709=DIRECTION('center_axis',(0.900968867902419,0.,-0.433883739117558));
#5710=DIRECTION('ref_axis',(-0.306802134176601,-0.707106781186547,-0.637081196131768));
#5711=DIRECTION('',(-0.900968867902419,0.,0.433883739117558));
#5712=DIRECTION('center_axis',(-0.900968867902419,0.,0.433883739117559));
#5713=DIRECTION('ref_axis',(-0.306802134176601,-0.707106781186547,-0.637081196131768));
#5714=DIRECTION('',(0.900968867902419,0.,-0.433883739117558));
#5715=DIRECTION('center_axis',(0.,-1.,0.));
#5716=DIRECTION('ref_axis',(0.433883739117558,0.,0.900968867902419));
#5717=DIRECTION('',(-0.433883739117559,0.,-0.900968867902419));
#5718=DIRECTION('center_axis',(-0.222520933956314,0.,0.974927912181824));
#5719=DIRECTION('ref_axis',(0.68937813787181,-0.707106781186548,0.157346061356473));
#5720=DIRECTION('',(-0.222520933956314,0.,0.974927912181824));
#5721=DIRECTION('center_axis',(-0.222520933956314,0.,0.974927912181824));
#5722=DIRECTION('ref_axis',(0.68937813787181,-0.707106781186548,0.157346061356473));
#5723=DIRECTION('',(0.222520933956314,0.,-0.974927912181824));
#5724=DIRECTION('center_axis',(0.974927912181824,0.,0.222520933956314));
#5725=DIRECTION('ref_axis',(-0.222520933956314,0.,0.974927912181824));
#5726=DIRECTION('',(0.,-1.,0.));
#5727=DIRECTION('',(-0.222520933956314,0.,0.974927912181824));
#5728=DIRECTION('center_axis',(-0.222520933956314,0.,0.974927912181824));
#5729=DIRECTION('ref_axis',(-0.974927912181824,0.,-0.222520933956314));
#5730=DIRECTION('',(-0.974927912181824,0.,-0.222520933956314));
#5731=DIRECTION('center_axis',(0.222520933956314,0.,-0.974927912181824));
#5732=DIRECTION('ref_axis',(-0.68937813787181,-0.707106781186548,-0.157346061356473));
#5733=DIRECTION('',(-0.222520933956314,0.,0.974927912181824));
#5734=DIRECTION('center_axis',(-0.222520933956314,0.,0.974927912181824));
#5735=DIRECTION('ref_axis',(-0.68937813787181,-0.707106781186548,-0.157346061356473));
#5736=DIRECTION('',(0.222520933956314,0.,-0.974927912181824));
#5737=DIRECTION('center_axis',(0.,-1.,0.));
#5738=DIRECTION('ref_axis',(0.974927912181824,0.,0.222520933956314));
#5739=DIRECTION('',(-0.974927912181824,0.,-0.222520933956314));
#5740=DIRECTION('center_axis',(0.623489801858734,0.,0.78183148246803));
#5741=DIRECTION('ref_axis',(0.552838342998278,-0.707106781186544,-0.440873866894969));
#5742=DIRECTION('',(0.623489801858734,0.,0.78183148246803));
#5743=DIRECTION('center_axis',(0.623489801858734,0.,0.78183148246803));
#5744=DIRECTION('ref_axis',(0.552838342998278,-0.707106781186544,-0.440873866894969));
#5745=DIRECTION('',(-0.623489801858734,0.,-0.78183148246803));
#5746=DIRECTION('center_axis',(0.78183148246803,0.,-0.623489801858734));
#5747=DIRECTION('ref_axis',(0.623489801858734,0.,0.78183148246803));
#5748=DIRECTION('',(0.,-1.,0.));
#5749=DIRECTION('',(0.623489801858734,0.,0.78183148246803));
#5750=DIRECTION('center_axis',(0.623489801858734,0.,0.78183148246803));
#5751=DIRECTION('ref_axis',(-0.78183148246803,0.,0.623489801858734));
#5752=DIRECTION('',(-0.78183148246803,0.,0.623489801858734));
#5753=DIRECTION('center_axis',(-0.623489801858734,0.,-0.78183148246803));
#5754=DIRECTION('ref_axis',(-0.552838342998276,-0.707106781186547,0.440873866894967));
#5755=DIRECTION('',(0.623489801858734,0.,0.78183148246803));
#5756=DIRECTION('center_axis',(0.623489801858734,0.,0.78183148246803));
#5757=DIRECTION('ref_axis',(-0.552838342998276,-0.707106781186547,0.440873866894967));
#5758=DIRECTION('',(-0.623489801858734,0.,-0.78183148246803));
#5759=DIRECTION('center_axis',(0.,-1.,0.));
#5760=DIRECTION('ref_axis',(0.78183148246803,0.,-0.623489801858734));
#5761=DIRECTION('',(-0.78183148246803,0.,0.623489801858734));
#5762=DIRECTION('center_axis',(-0.251350884714594,0.,-0.967896034062125));
#5763=DIRECTION('ref_axis',(-0.967896034062125,0.,0.251350884714594));
#5764=DIRECTION('',(0.,1.,0.));
#5765=DIRECTION('',(0.967896034062125,0.,-0.251350884714594));
#5766=DIRECTION('',(0.,-1.,0.));
#5767=DIRECTION('center_axis',(-0.623489801858733,0.,0.78183148246803));
#5768=DIRECTION('ref_axis',(-0.78183148246803,0.,-0.623489801858733));
#5769=DIRECTION('',(-0.78183148246803,0.,-0.623489801858733));
#5770=DIRECTION('',(0.,1.,0.));
#5771=DIRECTION('',(-0.78183148246803,0.,-0.623489801858733));
#5772=DIRECTION('',(0.,1.,0.));
#5773=DIRECTION('center_axis',(0.,1.,0.));
#5774=DIRECTION('ref_axis',(0.,0.,1.));
#5775=DIRECTION('center_axis',(0.,1.,0.));
#5776=DIRECTION('ref_axis',(-1.,0.,0.));
#5777=DIRECTION('',(-0.763478442170927,0.,-0.645833313123638));
#5778=DIRECTION('',(0.974927912181824,0.,-0.222520933956315));
#5779=DIRECTION('',(0.974927912181824,0.,-0.222520933956315));
#5780=DIRECTION('center_axis',(0.,1.,0.));
#5781=DIRECTION('ref_axis',(0.532032076515335,0.,-0.846724199228285));
#5782=DIRECTION('',(0.222520933956315,0.,0.974927912181824));
#5783=DIRECTION('center_axis',(0.,1.,0.));
#5784=DIRECTION('ref_axis',(0.846724199228284,0.,0.532032076515336));
#5785=DIRECTION('',(-0.974927912181824,0.,0.222520933956315));
#5786=DIRECTION('',(0.222520933956315,0.,0.974927912181824));
#5787=DIRECTION('',(-0.974927912181824,0.,0.222520933956315));
#5788=DIRECTION('',(0.406959271681189,0.,-0.913446304493437));
#5789=DIRECTION('center_axis',(0.,1.,0.));
#5790=DIRECTION('ref_axis',(-1.,0.,0.));
#5791=DIRECTION('',(-0.980953839259259,0.,0.19424099784165));
#5792=DIRECTION('',(0.433883739117558,0.,-0.900968867902419));
#5793=DIRECTION('',(0.433883739117558,0.,-0.900968867902419));
#5794=DIRECTION('center_axis',(0.,1.,0.));
#5795=DIRECTION('ref_axis',(-0.330279061955168,0.,-0.943883330308367));
#5796=DIRECTION('',(0.900968867902419,0.,0.433883739117558));
#5797=DIRECTION('center_axis',(0.,1.,0.));
#5798=DIRECTION('ref_axis',(0.943883330308368,0.,-0.330279061955166));
#5799=DIRECTION('',(-0.433883739117558,0.,0.900968867902419));
#5800=DIRECTION('',(0.900968867902419,0.,0.433883739117558));
#5801=DIRECTION('',(-0.433883739117558,0.,0.900968867902419));
#5802=DIRECTION('',(-0.460426122731964,0.,-0.887698026079821));
#5803=DIRECTION('center_axis',(0.,1.,0.));
#5804=DIRECTION('ref_axis',(-1.,0.,0.));
#5805=DIRECTION('',(-0.459750987573713,0.,0.888047875637905));
#5806=DIRECTION('',(-0.433883739117558,0.,-0.900968867902419));
#5807=DIRECTION('',(-0.433883739117558,0.,-0.900968867902419));
#5808=DIRECTION('center_axis',(0.,1.,0.));
#5809=DIRECTION('ref_axis',(-0.943883330308368,0.,-0.330279061955166));
#5810=DIRECTION('',(0.900968867902419,0.,-0.433883739117558));
#5811=DIRECTION('center_axis',(0.,1.,0.));
#5812=DIRECTION('ref_axis',(0.330279061955166,0.,-0.943883330308368));
#5813=DIRECTION('',(0.433883739117558,0.,0.900968867902419));
#5814=DIRECTION('',(0.900968867902419,0.,-0.433883739117558));
#5815=DIRECTION('',(0.433883739117558,0.,0.900968867902419));
#5816=DIRECTION('',(-0.981101255746668,0.,-0.193495028288354));
#5817=DIRECTION('center_axis',(0.,1.,0.));
#5818=DIRECTION('ref_axis',(-1.,0.,0.));
#5819=DIRECTION('',(0.407653734965876,0.,0.913136590203444));
#5820=DIRECTION('',(-0.974927912181824,0.,-0.222520933956314));
#5821=DIRECTION('',(-0.974927912181824,0.,-0.222520933956314));
#5822=DIRECTION('center_axis',(0.,1.,0.));
#5823=DIRECTION('ref_axis',(-0.846724199228284,0.,0.532032076515336));
#5824=DIRECTION('',(0.222520933956314,0.,-0.974927912181824));
#5825=DIRECTION('center_axis',(0.,1.,0.));
#5826=DIRECTION('ref_axis',(-0.532032076515337,0.,-0.846724199228284));
#5827=DIRECTION('',(0.974927912181824,0.,0.222520933956314));
#5828=DIRECTION('',(0.222520933956314,0.,-0.974927912181824));
#5829=DIRECTION('',(0.974927912181824,0.,0.222520933956314));
#5830=DIRECTION('',(-0.762987132365723,0.,0.646413672383506));
#5831=DIRECTION('center_axis',(0.,1.,0.));
#5832=DIRECTION('ref_axis',(-1.,0.,0.));
#5833=DIRECTION('',(0.968086880455406,0.,0.250614827753906));
#5834=DIRECTION('',(-0.78183148246803,0.,0.623489801858734));
#5835=DIRECTION('',(-0.78183148246803,0.,0.623489801858734));
#5836=DIRECTION('center_axis',(0.,1.,0.));
#5837=DIRECTION('ref_axis',(-0.111964476103308,0.,0.993712209893243));
#5838=DIRECTION('',(-0.623489801858734,0.,-0.78183148246803));
#5839=DIRECTION('center_axis',(0.,1.,0.));
#5840=DIRECTION('ref_axis',(-0.993712209893243,0.,-0.111964476103306));
#5841=DIRECTION('',(0.78183148246803,0.,-0.623489801858734));
#5842=DIRECTION('',(-0.623489801858734,0.,-0.78183148246803));
#5843=DIRECTION('',(0.78183148246803,0.,-0.623489801858734));
#5844=DIRECTION('',(0.0296718637877361,0.,0.999559693314692));
#5845=DIRECTION('center_axis',(0.,1.,0.));
#5846=DIRECTION('ref_axis',(-1.,0.,0.));
#5847=DIRECTION('',(0.799530859588486,0.,-0.600625011605159));
#5848=DIRECTION('',(0.,0.,1.));
#5849=DIRECTION('',(1.,0.,0.));
#5850=DIRECTION('',(-0.707106781186545,0.,-0.70710678118655));
#5851=DIRECTION('',(0.,0.,1.));
#5852=DIRECTION('',(0.707106781186545,0.,-0.70710678118655));
#5853=DIRECTION('',(-1.,0.,0.));
#5854=DIRECTION('',(0.,0.,1.));
#5855=DIRECTION('center_axis',(0.,1.,0.));
#5856=DIRECTION('ref_axis',(0.707106781186547,0.,0.707106781186548));
#5857=DIRECTION('',(-1.,0.,0.));
#5858=DIRECTION('center_axis',(0.,1.,0.));
#5859=DIRECTION('ref_axis',(-0.707106781186547,0.,0.707106781186548));
#5860=DIRECTION('',(-1.59111508184714E-16,0.,-1.));
#5861=DIRECTION('',(-1.,0.,0.));
#5862=DIRECTION('',(0.707106781186545,0.,0.70710678118655));
#5863=DIRECTION('',(0.,0.,-1.));
#5864=DIRECTION('',(-0.707106781186545,0.,0.70710678118655));
#5865=DIRECTION('',(1.,0.,0.));
#5866=DIRECTION('',(-1.59111508184714E-16,0.,-1.));
#5867=DIRECTION('',(0.79998734131331,0.,0.600016877878));
#5868=DIRECTION('center_axis',(0.,1.,0.));
#5869=DIRECTION('ref_axis',(-1.,0.,0.));
#5870=DIRECTION('',(0.0289117939941275,0.,-0.999581966708104));
#5871=DIRECTION('',(0.78183148246803,0.,0.623489801858733));
#5872=DIRECTION('',(0.78183148246803,0.,0.623489801858733));
#5873=DIRECTION('center_axis',(0.,1.,0.));
#5874=DIRECTION('ref_axis',(0.993712209893243,0.,-0.111964476103308));
#5875=DIRECTION('',(-0.623489801858733,0.,0.78183148246803));
#5876=DIRECTION('center_axis',(0.,1.,0.));
#5877=DIRECTION('ref_axis',(0.111964476103308,0.,0.993712209893243));
#5878=DIRECTION('',(-0.623489801858733,0.,0.78183148246803));
#5879=DIRECTION('center_axis',(-0.999581966708104,0.,-0.0289117939941275));
#5880=DIRECTION('ref_axis',(-0.0289117939941275,0.,0.999581966708104));
#5881=DIRECTION('',(0.,-1.,0.));
#5882=DIRECTION('',(0.,1.,0.));
#5883=DIRECTION('center_axis',(0.,-1.,0.));
#5884=DIRECTION('ref_axis',(-1.,0.,0.));
#5885=DIRECTION('',(0.,1.,0.));
#5886=DIRECTION('center_axis',(0.,-1.,0.));
#5887=DIRECTION('ref_axis',(1.,0.,0.));
#5888=DIRECTION('center_axis',(0.,-1.,0.));
#5889=DIRECTION('ref_axis',(0.993712209893242,0.,-0.111964476103308));
#5890=DIRECTION('center_axis',(0.,-1.,0.));
#5891=DIRECTION('ref_axis',(0.993712209893243,0.,-0.111964476103308));
#5892=DIRECTION('',(-0.552838342998275,0.707106781186547,-0.440873866894968));
#5893=DIRECTION('center_axis',(0.,1.,0.));
#5894=DIRECTION('ref_axis',(0.993712209893243,0.,-0.111964476103308));
#5895=DIRECTION('center_axis',(-0.552838342998276,-0.707106781186547,-0.440873866894967));
#5896=DIRECTION('ref_axis',(-0.623489801858733,0.,0.78183148246803));
#5897=DIRECTION('',(-0.623489801858733,0.,0.78183148246803));
#5898=DIRECTION('',(-0.552838342998275,0.707106781186548,-0.440873866894967));
#5899=DIRECTION('',(0.623489801858733,0.,-0.78183148246803));
#5900=DIRECTION('center_axis',(0.,-1.,0.));
#5901=DIRECTION('ref_axis',(0.111964476103308,0.,0.993712209893242));
#5902=DIRECTION('center_axis',(0.,1.,0.));
#5903=DIRECTION('ref_axis',(0.111964476103308,0.,0.993712209893243));
#5904=DIRECTION('center_axis',(0.,-1.,0.));
#5905=DIRECTION('ref_axis',(0.111964476103308,0.,0.993712209893243));
#5906=DIRECTION('center_axis',(0.,1.,0.));
#5907=DIRECTION('ref_axis',(0.,0.,1.));
#5908=DIRECTION('center_axis',(0.,-1.,0.));
#5909=DIRECTION('ref_axis',(1.,0.,3.56399517005392E-17));
#5910=DIRECTION('center_axis',(0.,-1.,0.));
#5911=DIRECTION('ref_axis',(-0.707106781186547,0.,0.707106781186548));
#5912=DIRECTION('',(-1.,0.,0.));
#5913=DIRECTION('center_axis',(0.,-1.,0.));
#5914=DIRECTION('ref_axis',(0.707106781186547,0.,0.707106781186548));
#5915=DIRECTION('center_axis',(0.,1.,0.));
#5916=DIRECTION('ref_axis',(1.,0.,0.));
#5917=DIRECTION('center_axis',(0.,-1.,0.));
#5918=DIRECTION('ref_axis',(-0.993712209893243,0.,-0.111964476103306));
#5919=DIRECTION('',(-0.623489801858734,0.,-0.78183148246803));
#5920=DIRECTION('center_axis',(0.,-1.,0.));
#5921=DIRECTION('ref_axis',(-0.111964476103308,0.,0.993712209893243));
#5922=DIRECTION('center_axis',(0.,-1.,0.));
#5923=DIRECTION('ref_axis',(1.,0.,3.56399517005392E-17));
#5924=DIRECTION('center_axis',(0.,-1.,0.));
#5925=DIRECTION('ref_axis',(-0.532032076515338,0.,-0.846724199228284));
#5926=DIRECTION('',(0.222520933956314,0.,-0.974927912181824));
#5927=DIRECTION('center_axis',(0.,-1.,0.));
#5928=DIRECTION('ref_axis',(-0.846724199228284,0.,0.532032076515336));
#5929=DIRECTION('center_axis',(0.,-1.,0.));
#5930=DIRECTION('ref_axis',(1.,0.,3.56399517005392E-17));
#5931=DIRECTION('center_axis',(0.,-1.,0.));
#5932=DIRECTION('ref_axis',(0.330279061955166,0.,-0.943883330308368));
#5933=DIRECTION('',(0.900968867902419,0.,-0.433883739117558));
#5934=DIRECTION('center_axis',(0.,-1.,0.));
#5935=DIRECTION('ref_axis',(-0.943883330308368,0.,-0.330279061955166));
#5936=DIRECTION('center_axis',(0.,-1.,0.));
#5937=DIRECTION('ref_axis',(1.,0.,3.56399517005392E-17));
#5938=DIRECTION('center_axis',(0.,-1.,0.));
#5939=DIRECTION('ref_axis',(0.943883330308368,0.,-0.330279061955166));
#5940=DIRECTION('',(0.900968867902419,0.,0.433883739117558));
#5941=DIRECTION('center_axis',(0.,-1.,0.));
#5942=DIRECTION('ref_axis',(-0.330279061955168,0.,-0.943883330308367));
#5943=DIRECTION('center_axis',(0.,-1.,0.));
#5944=DIRECTION('ref_axis',(1.,0.,3.56399517005392E-17));
#5945=DIRECTION('center_axis',(0.,-1.,0.));
#5946=DIRECTION('ref_axis',(0.846724199228285,0.,0.532032076515336));
#5947=DIRECTION('',(0.222520933956315,0.,0.974927912181824));
#5948=DIRECTION('center_axis',(0.,-1.,0.));
#5949=DIRECTION('ref_axis',(0.532032076515335,0.,-0.846724199228285));
#5950=DIRECTION('center_axis',(0.,-1.,0.));
#5951=DIRECTION('ref_axis',(1.,0.,3.56399517005392E-17));
#5952=DIRECTION('center_axis',(0.,1.,-5.24364028155669E-16));
#5953=DIRECTION('ref_axis',(1.,0.,3.56399517005392E-17));
#5954=DIRECTION('center_axis',(0.,-1.,0.));
#5955=DIRECTION('ref_axis',(1.,0.,6.12323399573677E-17));
#5956=DIRECTION('center_axis',(0.,-1.,0.));
#5957=DIRECTION('ref_axis',(0.993712209893243,0.,-0.111964476103308));
#5958=DIRECTION('',(0.,1.,0.));
#5959=DIRECTION('',(0.,-1.,0.));
#5960=DIRECTION('center_axis',(-0.913446304493437,0.,-0.406959271681189));
#5961=DIRECTION('ref_axis',(-0.406959271681189,0.,0.913446304493437));
#5962=DIRECTION('',(0.,1.,0.));
#5963=DIRECTION('',(0.,-1.,0.));
#5964=DIRECTION('center_axis',(0.222520933956315,0.,0.974927912181824));
#5965=DIRECTION('ref_axis',(-0.974927912181824,0.,0.222520933956315));
#5966=DIRECTION('',(0.,1.,0.));
#5967=DIRECTION('',(0.,1.,0.));
#5968=DIRECTION('center_axis',(-0.645833313123638,0.,0.763478442170927));
#5969=DIRECTION('ref_axis',(0.763478442170927,0.,0.645833313123638));
#5970=DIRECTION('',(0.,-1.,0.));
#5971=DIRECTION('',(0.,1.,0.));
#5972=DIRECTION('center_axis',(0.,-1.,0.));
#5973=DIRECTION('ref_axis',(-1.,0.,0.));
#5974=DIRECTION('center_axis',(0.,-1.,0.));
#5975=DIRECTION('ref_axis',(1.,0.,0.));
#5976=DIRECTION('center_axis',(0.,-1.,0.));
#5977=DIRECTION('ref_axis',(0.532032076515335,0.,-0.846724199228285));
#5978=DIRECTION('',(-0.689378137871812,0.707106781186545,0.157346061356474));
#5979=DIRECTION('center_axis',(0.,1.,0.));
#5980=DIRECTION('ref_axis',(0.532032076515335,0.,-0.846724199228285));
#5981=DIRECTION('center_axis',(-0.68937813787181,-0.707106781186548,0.157346061356474));
#5982=DIRECTION('ref_axis',(0.222520933956315,0.,0.974927912181824));
#5983=DIRECTION('',(-0.68937813787181,0.707106781186548,0.157346061356473));
#5984=DIRECTION('',(-0.222520933956315,0.,-0.974927912181824));
#5985=DIRECTION('center_axis',(0.,-1.,0.));
#5986=DIRECTION('ref_axis',(0.846724199228284,0.,0.532032076515336));
#5987=DIRECTION('center_axis',(0.,1.,0.));
#5988=DIRECTION('ref_axis',(0.846724199228284,0.,0.532032076515336));
#5989=DIRECTION('center_axis',(0.,1.,-5.24364028155669E-16));
#5990=DIRECTION('ref_axis',(1.,0.,3.56399517005392E-17));
#5991=DIRECTION('center_axis',(0.,-1.,0.));
#5992=DIRECTION('ref_axis',(1.,0.,6.12323399573677E-17));
#5993=DIRECTION('center_axis',(0.,-1.,0.));
#5994=DIRECTION('ref_axis',(0.532032076515335,0.,-0.846724199228285));
#5995=DIRECTION('',(0.,1.,0.));
#5996=DIRECTION('',(0.,-1.,0.));
#5997=DIRECTION('center_axis',(-0.887698026079821,0.,0.460426122731964));
#5998=DIRECTION('ref_axis',(0.460426122731964,0.,0.887698026079821));
#5999=DIRECTION('',(0.,1.,0.));
#6000=DIRECTION('',(0.,-1.,0.));
#6001=DIRECTION('center_axis',(0.900968867902419,0.,0.433883739117558));
#6002=DIRECTION('ref_axis',(-0.433883739117558,0.,0.900968867902419));
#6003=DIRECTION('',(0.,1.,0.));
#6004=DIRECTION('',(0.,1.,0.));
#6005=DIRECTION('center_axis',(0.19424099784165,0.,0.980953839259259));
#6006=DIRECTION('ref_axis',(0.980953839259259,0.,-0.19424099784165));
#6007=DIRECTION('',(0.,-1.,0.));
#6008=DIRECTION('',(0.,1.,0.));
#6009=DIRECTION('center_axis',(0.,-1.,0.));
#6010=DIRECTION('ref_axis',(-1.,0.,0.));
#6011=DIRECTION('center_axis',(0.,-1.,0.));
#6012=DIRECTION('ref_axis',(1.,0.,0.));
#6013=DIRECTION('center_axis',(0.,-1.,0.));
#6014=DIRECTION('ref_axis',(-0.330279061955168,0.,-0.943883330308367));
#6015=DIRECTION('',(-0.306802134176601,0.707106781186547,0.637081196131767));
#6016=DIRECTION('center_axis',(0.,1.,0.));
#6017=DIRECTION('ref_axis',(-0.330279061955168,0.,-0.943883330308367));
#6018=DIRECTION('center_axis',(-0.306802134176601,-0.707106781186547,0.637081196131768));
#6019=DIRECTION('ref_axis',(0.900968867902419,0.,0.433883739117558));
#6020=DIRECTION('',(-0.3068021341766,0.707106781186548,0.637081196131766));
#6021=DIRECTION('',(-0.900968867902419,0.,-0.433883739117558));
#6022=DIRECTION('center_axis',(0.,-1.,0.));
#6023=DIRECTION('ref_axis',(0.943883330308368,0.,-0.330279061955166));
#6024=DIRECTION('center_axis',(0.,1.,0.));
#6025=DIRECTION('ref_axis',(0.943883330308368,0.,-0.330279061955166));
#6026=DIRECTION('center_axis',(0.,1.,-5.24364028155669E-16));
#6027=DIRECTION('ref_axis',(1.,0.,3.56399517005392E-17));
#6028=DIRECTION('center_axis',(0.,-1.,0.));
#6029=DIRECTION('ref_axis',(1.,0.,6.12323399573677E-17));
#6030=DIRECTION('center_axis',(0.,-1.,0.));
#6031=DIRECTION('ref_axis',(-0.330279061955168,0.,-0.943883330308367));
#6032=DIRECTION('',(0.,1.,0.));
#6033=DIRECTION('',(0.,-1.,0.));
#6034=DIRECTION('center_axis',(-0.193495028288354,0.,0.981101255746668));
#6035=DIRECTION('ref_axis',(0.981101255746668,0.,0.193495028288354));
#6036=DIRECTION('',(0.,1.,0.));
#6037=DIRECTION('',(0.,-1.,0.));
#6038=DIRECTION('center_axis',(0.900968867902419,0.,-0.433883739117559));
#6039=DIRECTION('ref_axis',(0.433883739117558,0.,0.900968867902419));
#6040=DIRECTION('',(0.,1.,0.));
#6041=DIRECTION('',(0.,1.,0.));
#6042=DIRECTION('center_axis',(0.888047875637905,0.,0.459750987573713));
#6043=DIRECTION('ref_axis',(0.459750987573713,0.,-0.888047875637905));
#6044=DIRECTION('',(0.,-1.,0.));
#6045=DIRECTION('',(0.,1.,0.));
#6046=DIRECTION('center_axis',(0.,-1.,0.));
#6047=DIRECTION('ref_axis',(-1.,0.,0.));
#6048=DIRECTION('center_axis',(0.,-1.,0.));
#6049=DIRECTION('ref_axis',(1.,0.,0.));
#6050=DIRECTION('center_axis',(0.,-1.,0.));
#6051=DIRECTION('ref_axis',(-0.943883330308368,0.,-0.330279061955166));
#6052=DIRECTION('',(0.306802134176599,0.707106781186547,0.637081196131768));
#6053=DIRECTION('center_axis',(0.,1.,0.));
#6054=DIRECTION('ref_axis',(-0.943883330308368,0.,-0.330279061955166));
#6055=DIRECTION('center_axis',(0.3068021341766,-0.707106781186547,0.637081196131768));
#6056=DIRECTION('ref_axis',(0.900968867902419,0.,-0.433883739117558));
#6057=DIRECTION('',(0.306802134176597,0.707106781186548,0.637081196131768));
#6058=DIRECTION('',(-0.900968867902419,0.,0.433883739117558));
#6059=DIRECTION('center_axis',(0.,-1.,0.));
#6060=DIRECTION('ref_axis',(0.330279061955166,0.,-0.943883330308368));
#6061=DIRECTION('center_axis',(0.,1.,0.));
#6062=DIRECTION('ref_axis',(0.330279061955166,0.,-0.943883330308368));
#6063=DIRECTION('center_axis',(0.,1.,-5.24364028155669E-16));
#6064=DIRECTION('ref_axis',(1.,0.,3.56399517005392E-17));
#6065=DIRECTION('center_axis',(0.,-1.,0.));
#6066=DIRECTION('ref_axis',(1.,0.,6.12323399573677E-17));
#6067=DIRECTION('center_axis',(0.,-1.,0.));
#6068=DIRECTION('ref_axis',(-0.943883330308368,0.,-0.330279061955166));
#6069=DIRECTION('',(0.,1.,0.));
#6070=DIRECTION('',(0.,-1.,0.));
#6071=DIRECTION('center_axis',(0.646413672383506,0.,0.762987132365723));
#6072=DIRECTION('ref_axis',(0.762987132365723,0.,-0.646413672383506));
#6073=DIRECTION('',(0.,1.,0.));
#6074=DIRECTION('',(0.,-1.,0.));
#6075=DIRECTION('center_axis',(0.222520933956314,0.,-0.974927912181824));
#6076=DIRECTION('ref_axis',(0.974927912181824,0.,0.222520933956314));
#6077=DIRECTION('',(0.,1.,0.));
#6078=DIRECTION('',(0.,1.,0.));
#6079=DIRECTION('center_axis',(0.913136590203444,0.,-0.407653734965876));
#6080=DIRECTION('ref_axis',(-0.407653734965876,0.,-0.913136590203444));
#6081=DIRECTION('',(0.,-1.,0.));
#6082=DIRECTION('',(0.,1.,0.));
#6083=DIRECTION('center_axis',(0.,-1.,0.));
#6084=DIRECTION('ref_axis',(-1.,0.,0.));
#6085=DIRECTION('center_axis',(0.,-1.,0.));
#6086=DIRECTION('ref_axis',(1.,0.,0.));
#6087=DIRECTION('center_axis',(0.,-1.,0.));
#6088=DIRECTION('ref_axis',(-0.846724199228285,0.,0.532032076515336));
#6089=DIRECTION('',(0.68937813787181,0.707106781186548,0.157346061356474));
#6090=DIRECTION('center_axis',(0.,1.,0.));
#6091=DIRECTION('ref_axis',(-0.846724199228284,0.,0.532032076515336));
#6092=DIRECTION('center_axis',(0.689378137871812,-0.707106781186546,0.157346061356474));
#6093=DIRECTION('ref_axis',(0.222520933956314,0.,-0.974927912181824));
#6094=DIRECTION('',(0.689378137871807,0.70710678118655,0.157346061356475));
#6095=DIRECTION('',(-0.222520933956314,0.,0.974927912181824));
#6096=DIRECTION('center_axis',(0.,-1.,0.));
#6097=DIRECTION('ref_axis',(-0.532032076515337,0.,-0.846724199228284));
#6098=DIRECTION('center_axis',(0.,1.,0.));
#6099=DIRECTION('ref_axis',(-0.532032076515337,0.,-0.846724199228284));
#6100=DIRECTION('center_axis',(0.,1.,-5.24364028155669E-16));
#6101=DIRECTION('ref_axis',(1.,0.,3.56399517005392E-17));
#6102=DIRECTION('center_axis',(0.,-1.,0.));
#6103=DIRECTION('ref_axis',(1.,0.,6.12323399573677E-17));
#6104=DIRECTION('center_axis',(0.,-1.,0.));
#6105=DIRECTION('ref_axis',(-0.846724199228284,0.,0.532032076515336));
#6106=DIRECTION('',(0.,1.,0.));
#6107=DIRECTION('',(0.,-1.,0.));
#6108=DIRECTION('center_axis',(0.999559693314693,0.,-0.0296718637877361));
#6109=DIRECTION('ref_axis',(-0.0296718637877361,0.,-0.999559693314692));
#6110=DIRECTION('',(0.,1.,0.));
#6111=DIRECTION('',(0.,-1.,0.));
#6112=DIRECTION('center_axis',(-0.623489801858734,0.,-0.78183148246803));
#6113=DIRECTION('ref_axis',(0.78183148246803,0.,-0.623489801858734));
#6114=DIRECTION('',(0.,1.,0.));
#6115=DIRECTION('',(0.,1.,0.));
#6116=DIRECTION('center_axis',(0.250614827753906,0.,-0.968086880455406));
#6117=DIRECTION('ref_axis',(-0.968086880455406,0.,-0.250614827753906));
#6118=DIRECTION('',(0.,-1.,0.));
#6119=DIRECTION('',(0.,1.,0.));
#6120=DIRECTION('center_axis',(0.623489801858734,0.,0.78183148246803));
#6121=DIRECTION('ref_axis',(-0.78183148246803,0.,0.623489801858734));
#6122=DIRECTION('',(0.,-1.,0.));
#6123=DIRECTION('center_axis',(0.,-1.,0.));
#6124=DIRECTION('ref_axis',(-0.111964476103308,0.,0.993712209893243));
#6125=DIRECTION('',(0.552838342998275,0.707106781186547,-0.440873866894968));
#6126=DIRECTION('center_axis',(0.,1.,0.));
#6127=DIRECTION('ref_axis',(-0.111964476103308,0.,0.993712209893243));
#6128=DIRECTION('center_axis',(0.552838342998275,-0.707106781186547,-0.440873866894967));
#6129=DIRECTION('ref_axis',(-0.623489801858734,0.,-0.78183148246803));
#6130=DIRECTION('',(0.552838342998274,0.707106781186548,-0.440873866894967));
#6131=DIRECTION('',(0.623489801858734,0.,0.78183148246803));
#6132=DIRECTION('center_axis',(0.,-1.,0.));
#6133=DIRECTION('ref_axis',(-0.993712209893243,0.,-0.111964476103306));
#6134=DIRECTION('center_axis',(0.,1.,0.));
#6135=DIRECTION('ref_axis',(-0.993712209893243,0.,-0.111964476103306));
#6136=DIRECTION('center_axis',(0.,1.,-5.24364028155669E-16));
#6137=DIRECTION('ref_axis',(1.,0.,3.56399517005392E-17));
#6138=DIRECTION('center_axis',(0.,-1.,0.));
#6139=DIRECTION('ref_axis',(1.,0.,6.12323399573677E-17));
#6140=DIRECTION('center_axis',(0.,-1.,0.));
#6141=DIRECTION('ref_axis',(-0.111964476103308,0.,0.993712209893243));
#6142=DIRECTION('',(0.,1.,0.));
#6143=DIRECTION('center_axis',(0.623489801858733,0.,-0.78183148246803));
#6144=DIRECTION('ref_axis',(0.78183148246803,0.,0.623489801858733));
#6145=DIRECTION('center_axis',(0.,-1.,0.));
#6146=DIRECTION('ref_axis',(0.111964476103308,0.,0.993712209893243));
#6147=DIRECTION('',(0.,-1.,0.));
#6148=DIRECTION('center_axis',(0.78183148246803,0.,0.623489801858733));
#6149=DIRECTION('ref_axis',(-0.623489801858733,0.,0.78183148246803));
#6150=DIRECTION('center_axis',(-0.222520933956315,0.,-0.974927912181824));
#6151=DIRECTION('ref_axis',(0.974927912181824,0.,-0.222520933956315));
#6152=DIRECTION('center_axis',(0.,-1.,0.));
#6153=DIRECTION('ref_axis',(0.846724199228284,0.,0.532032076515336));
#6154=DIRECTION('',(0.,-1.,0.));
#6155=DIRECTION('center_axis',(0.974927912181824,0.,-0.222520933956315));
#6156=DIRECTION('ref_axis',(0.222520933956315,0.,0.974927912181824));
#6157=DIRECTION('center_axis',(-0.900968867902419,0.,-0.433883739117558));
#6158=DIRECTION('ref_axis',(0.433883739117558,0.,-0.900968867902419));
#6159=DIRECTION('center_axis',(0.,-1.,0.));
#6160=DIRECTION('ref_axis',(0.943883330308368,0.,-0.330279061955166));
#6161=DIRECTION('',(0.,-1.,0.));
#6162=DIRECTION('center_axis',(0.433883739117558,0.,-0.900968867902419));
#6163=DIRECTION('ref_axis',(0.900968867902419,0.,0.433883739117558));
#6164=DIRECTION('center_axis',(-0.900968867902419,0.,0.433883739117558));
#6165=DIRECTION('ref_axis',(-0.433883739117558,0.,-0.900968867902419));
#6166=DIRECTION('center_axis',(0.,-1.,0.));
#6167=DIRECTION('ref_axis',(0.330279061955166,0.,-0.943883330308368));
#6168=DIRECTION('',(0.,-1.,0.));
#6169=DIRECTION('center_axis',(-0.433883739117558,0.,-0.900968867902419));
#6170=DIRECTION('ref_axis',(0.900968867902419,0.,-0.433883739117558));
#6171=DIRECTION('center_axis',(-0.222520933956314,0.,0.974927912181824));
#6172=DIRECTION('ref_axis',(-0.974927912181824,0.,-0.222520933956314));
#6173=DIRECTION('center_axis',(0.,-1.,0.));
#6174=DIRECTION('ref_axis',(-0.532032076515337,0.,-0.846724199228284));
#6175=DIRECTION('',(0.,-1.,0.));
#6176=DIRECTION('center_axis',(-0.974927912181824,0.,-0.222520933956314));
#6177=DIRECTION('ref_axis',(0.222520933956314,0.,-0.974927912181824));
#6178=DIRECTION('center_axis',(0.,-1.,0.));
#6179=DIRECTION('ref_axis',(-0.993712209893243,0.,-0.111964476103306));
#6180=DIRECTION('',(0.,-1.,0.));
#6181=DIRECTION('center_axis',(-0.78183148246803,0.,0.623489801858734));
#6182=DIRECTION('ref_axis',(-0.623489801858734,0.,-0.78183148246803));
#6183=DIRECTION('center_axis',(0.78183148246803,0.,0.623489801858733));
#6184=DIRECTION('ref_axis',(-0.623489801858733,0.,0.78183148246803));
#6185=DIRECTION('center_axis',(0.974927912181824,0.,-0.222520933956315));
#6186=DIRECTION('ref_axis',(0.222520933956315,0.,0.974927912181824));
#6187=DIRECTION('center_axis',(0.433883739117558,0.,-0.900968867902419));
#6188=DIRECTION('ref_axis',(0.900968867902419,0.,0.433883739117558));
#6189=DIRECTION('center_axis',(-0.433883739117558,0.,-0.900968867902419));
#6190=DIRECTION('ref_axis',(0.900968867902419,0.,-0.433883739117558));
#6191=DIRECTION('center_axis',(-0.974927912181824,0.,-0.222520933956314));
#6192=DIRECTION('ref_axis',(0.222520933956314,0.,-0.974927912181824));
#6193=DIRECTION('center_axis',(-0.78183148246803,0.,0.623489801858734));
#6194=DIRECTION('ref_axis',(-0.623489801858734,0.,-0.78183148246803));
#6195=DIRECTION('center_axis',(0.,1.,-5.24364028155669E-16));
#6196=DIRECTION('ref_axis',(1.,0.,3.56399517005392E-17));
#6197=DIRECTION('center_axis',(0.,-1.,0.));
#6198=DIRECTION('ref_axis',(1.,0.,6.12323399573677E-17));
#6199=DIRECTION('center_axis',(0.,1.,0.));
#6200=DIRECTION('ref_axis',(1.,0.,0.));
#6201=DIRECTION('center_axis',(0.,-1.,0.));
#6202=DIRECTION('ref_axis',(1.,0.,0.));
#6203=DIRECTION('center_axis',(0.,1.,0.));
#6204=DIRECTION('ref_axis',(1.,0.,0.));
#6205=DIRECTION('center_axis',(0.,-1.,0.));
#6206=DIRECTION('ref_axis',(1.,0.,0.));
#6207=DIRECTION('center_axis',(0.,1.,0.));
#6208=DIRECTION('ref_axis',(1.,0.,0.));
#6209=DIRECTION('center_axis',(0.,1.,0.));
#6210=DIRECTION('ref_axis',(1.,0.,0.));
#6211=DIRECTION('center_axis',(0.,1.,0.));
#6212=DIRECTION('ref_axis',(1.,0.,0.));
#6213=DIRECTION('center_axis',(0.,1.,0.));
#6214=DIRECTION('ref_axis',(1.,0.,0.));
#6215=DIRECTION('center_axis',(0.,1.,0.));
#6216=DIRECTION('ref_axis',(1.,0.,0.));
#6217=DIRECTION('center_axis',(0.,-1.,0.));
#6218=DIRECTION('ref_axis',(-1.,0.,0.));
#6219=DIRECTION('',(0.,-1.,0.));
#6220=DIRECTION('center_axis',(0.,-1.,0.));
#6221=DIRECTION('ref_axis',(-1.,0.,0.));
#6222=DIRECTION('center_axis',(-0.70710678118655,0.,0.707106781186545));
#6223=DIRECTION('ref_axis',(0.707106781186545,0.,0.70710678118655));
#6224=DIRECTION('',(0.,-1.,0.));
#6225=DIRECTION('',(0.707106781186545,0.,0.70710678118655));
#6226=DIRECTION('',(0.,1.,0.));
#6227=DIRECTION('center_axis',(-1.,0.,0.));
#6228=DIRECTION('ref_axis',(0.,-0.707106781186546,-0.707106781186548));
#6229=DIRECTION('',(0.70710678118654,0.707106781186555,0.));
#6230=DIRECTION('center_axis',(1.,0.,0.));
#6231=DIRECTION('ref_axis',(0.,-0.707106781186546,-0.707106781186549));
#6232=DIRECTION('center_axis',(-1.,0.,0.));
#6233=DIRECTION('ref_axis',(0.,-0.707106781186546,-0.707106781186549));
#6234=DIRECTION('center_axis',(-0.707106781186549,0.707106781186546,0.));
#6235=DIRECTION('ref_axis',(0.,0.,1.));
#6236=DIRECTION('',(0.707106781186546,0.707106781186549,0.));
#6237=DIRECTION('',(0.,0.,-1.));
#6238=DIRECTION('',(0.,0.,1.));
#6239=DIRECTION('center_axis',(-1.,0.,0.));
#6240=DIRECTION('ref_axis',(0.,-0.707106781186546,0.707106781186548));
#6241=DIRECTION('',(0.707106781186545,0.,-0.70710678118655));
#6242=DIRECTION('center_axis',(1.,0.,0.));
#6243=DIRECTION('ref_axis',(0.,-0.707106781186546,0.707106781186549));
#6244=DIRECTION('center_axis',(-1.,0.,0.));
#6245=DIRECTION('ref_axis',(0.,-0.707106781186546,0.707106781186549));
#6246=DIRECTION('center_axis',(-0.70710678118655,0.,-0.707106781186545));
#6247=DIRECTION('ref_axis',(-0.707106781186545,0.,0.70710678118655));
#6248=DIRECTION('',(0.,-1.,0.));
#6249=DIRECTION('',(0.,1.,0.));
#6250=DIRECTION('center_axis',(0.,0.,1.));
#6251=DIRECTION('ref_axis',(-1.,0.,0.));
#6252=DIRECTION('',(1.,0.,0.));
#6253=DIRECTION('',(0.,1.,0.));
#6254=DIRECTION('center_axis',(-1.,0.,0.));
#6255=DIRECTION('ref_axis',(0.,-0.707106781186546,0.707106781186549));
#6256=DIRECTION('',(-1.,0.,0.));
#6257=DIRECTION('center_axis',(-1.,0.,0.));
#6258=DIRECTION('ref_axis',(0.,-0.707106781186546,0.707106781186549));
#6259=DIRECTION('center_axis',(0.,-1.,0.));
#6260=DIRECTION('ref_axis',(0.,0.,-1.));
#6261=DIRECTION('',(1.,0.,0.));
#6262=DIRECTION('',(0.,0.,1.));
#6263=DIRECTION('center_axis',(1.,0.,0.));
#6264=DIRECTION('ref_axis',(0.,-0.707106781186546,-0.707106781186549));
#6265=DIRECTION('',(-1.,0.,0.));
#6266=DIRECTION('center_axis',(-1.,0.,0.));
#6267=DIRECTION('ref_axis',(0.,-0.707106781186546,-0.707106781186549));
#6268=DIRECTION('center_axis',(0.,0.,-1.));
#6269=DIRECTION('ref_axis',(1.,0.,0.));
#6270=DIRECTION('',(0.,-1.,0.));
#6271=DIRECTION('center_axis',(0.70710678118655,0.,0.707106781186545));
#6272=DIRECTION('ref_axis',(0.707106781186545,0.,-0.70710678118655));
#6273=DIRECTION('',(0.,-1.,0.));
#6274=DIRECTION('',(0.707106781186545,0.,-0.70710678118655));
#6275=DIRECTION('',(0.,1.,0.));
#6276=DIRECTION('center_axis',(1.,0.,0.));
#6277=DIRECTION('ref_axis',(0.,-0.707106781186546,-0.707106781186548));
#6278=DIRECTION('center_axis',(-1.,0.,0.));
#6279=DIRECTION('ref_axis',(0.,-0.707106781186546,-0.707106781186549));
#6280=DIRECTION('',(0.707106781186544,-0.707106781186551,0.));
#6281=DIRECTION('center_axis',(1.,0.,0.));
#6282=DIRECTION('ref_axis',(0.,-0.707106781186546,-0.707106781186549));
#6283=DIRECTION('center_axis',(0.707106781186549,0.707106781186546,0.));
#6284=DIRECTION('ref_axis',(0.,0.,-1.));
#6285=DIRECTION('',(0.,0.,1.));
#6286=DIRECTION('',(0.707106781186546,-0.707106781186549,0.));
#6287=DIRECTION('',(0.,0.,-1.));
#6288=DIRECTION('center_axis',(1.,0.,0.));
#6289=DIRECTION('ref_axis',(0.,-0.707106781186546,0.707106781186548));
#6290=DIRECTION('center_axis',(-1.,0.,0.));
#6291=DIRECTION('ref_axis',(0.,-0.707106781186546,0.707106781186549));
#6292=DIRECTION('',(0.707106781186541,0.,0.707106781186554));
#6293=DIRECTION('center_axis',(1.,0.,0.));
#6294=DIRECTION('ref_axis',(0.,-0.707106781186546,0.707106781186549));
#6295=DIRECTION('center_axis',(0.70710678118655,0.,-0.707106781186545));
#6296=DIRECTION('ref_axis',(-0.707106781186545,0.,-0.70710678118655));
#6297=DIRECTION('',(0.,-1.,0.));
#6298=DIRECTION('',(0.,1.,0.));
#6299=DIRECTION('center_axis',(-1.,0.,0.));
#6300=DIRECTION('ref_axis',(0.,0.,-1.));
#6301=DIRECTION('center_axis',(1.,0.,0.));
#6302=DIRECTION('ref_axis',(0.,-0.707106781186546,-0.707106781186549));
#6303=DIRECTION('',(1.,0.,0.));
#6304=DIRECTION('center_axis',(1.,0.,-1.59111508184714E-16));
#6305=DIRECTION('ref_axis',(0.,-0.707106781186546,-0.707106781186549));
#6306=DIRECTION('',(-1.,0.,0.));
#6307=DIRECTION('center_axis',(0.,0.,-1.));
#6308=DIRECTION('ref_axis',(1.,0.,0.));
#6309=DIRECTION('',(0.,1.,0.));
#6310=DIRECTION('center_axis',(1.,0.,0.));
#6311=DIRECTION('ref_axis',(0.,0.,1.));
#6312=DIRECTION('center_axis',(-1.,0.,0.));
#6313=DIRECTION('ref_axis',(0.,-0.707106781186546,0.707106781186549));
#6314=DIRECTION('',(1.,0.,0.));
#6315=DIRECTION('center_axis',(1.,0.,-1.59111508184714E-16));
#6316=DIRECTION('ref_axis',(0.,-0.707106781186546,0.707106781186549));
#6317=DIRECTION('',(-1.,0.,0.));
#6318=DIRECTION('center_axis',(0.,-1.,0.));
#6319=DIRECTION('ref_axis',(0.,0.,-1.));
#6320=DIRECTION('',(-1.59111508184714E-16,0.,-1.));
#6321=DIRECTION('center_axis',(0.600016877878,0.,-0.79998734131331));
#6322=DIRECTION('ref_axis',(-0.79998734131331,0.,-0.600016877878));
#6323=DIRECTION('',(0.,-1.,0.));
#6324=DIRECTION('center_axis',(-0.600625011605159,0.,-0.799530859588486));
#6325=DIRECTION('ref_axis',(-0.799530859588486,0.,0.600625011605159));
#6326=DIRECTION('',(0.,1.,0.));
#6327=DIRECTION('center_axis',(1.,0.,0.));
#6328=DIRECTION('ref_axis',(0.,0.,1.));
#6329=DIRECTION('',(0.,-1.,0.));
#6330=DIRECTION('center_axis',(0.,-1.,0.));
#6331=DIRECTION('ref_axis',(0.707106781186547,0.,0.707106781186548));
#6332=DIRECTION('',(-7.85046229341889E-16,0.707106781186549,-0.707106781186546));
#6333=DIRECTION('center_axis',(0.,1.,0.));
#6334=DIRECTION('ref_axis',(0.707106781186547,0.,0.707106781186548));
#6335=DIRECTION('center_axis',(0.,-0.707106781186548,-0.707106781186547));
#6336=DIRECTION('ref_axis',(-1.,0.,0.));
#6337=DIRECTION('',(0.,0.707106781186547,-0.707106781186548));
#6338=DIRECTION('',(1.,0.,0.));
#6339=DIRECTION('center_axis',(0.,-1.,0.));
#6340=DIRECTION('ref_axis',(-0.707106781186547,0.,0.707106781186548));
#6341=DIRECTION('center_axis',(0.,1.,0.));
#6342=DIRECTION('ref_axis',(-0.707106781186547,0.,0.707106781186548));
#6343=DIRECTION('center_axis',(0.,-1.,0.));
#6344=DIRECTION('ref_axis',(0.707106781186547,0.,0.707106781186548));
#6345=DIRECTION('',(0.,1.,0.));
#6346=DIRECTION('center_axis',(0.,0.,1.));
#6347=DIRECTION('ref_axis',(-1.,0.,0.));
#6348=DIRECTION('',(0.,-1.,0.));
#6349=DIRECTION('center_axis',(0.,-1.,0.));
#6350=DIRECTION('ref_axis',(-0.707106781186547,0.,0.707106781186548));
#6351=DIRECTION('',(0.,1.,0.));
#6352=DIRECTION('center_axis',(-1.,0.,1.59111508184714E-16));
#6353=DIRECTION('ref_axis',(-1.59111508184714E-16,0.,-1.));
#6354=DIRECTION('',(0.,-1.,0.));
#6355=DIRECTION('center_axis',(0.,0.,1.));
#6356=DIRECTION('ref_axis',(-1.,0.,0.));
#6357=CARTESIAN_POINT('',(0.,0.,0.));
#6358=CARTESIAN_POINT('Origin',(0.5,0.289370078740157,9.18485099360515E-17));
#6359=CARTESIAN_POINT('',(0.5,0.289370078740157,-0.0859999999999999));
#6360=CARTESIAN_POINT('Origin',(0.5,0.289370078740157,9.18485099360515E-17));
#6361=CARTESIAN_POINT('',(0.5,0.,-0.0859999999999999));
#6362=CARTESIAN_POINT('',(0.5,0.289370078740157,-0.0859999999999999));
#6363=CARTESIAN_POINT('Origin',(0.5,0.,9.18485099360515E-17));
#6364=CARTESIAN_POINT('Origin',(-6.12323399573677E-17,0.289370078740157,
0.5));
#6365=CARTESIAN_POINT('',(0.0859999999999999,0.289370078740157,0.5));
#6366=CARTESIAN_POINT('Origin',(-6.12323399573677E-17,0.289370078740157,
0.5));
#6367=CARTESIAN_POINT('',(0.0859999999999999,0.,0.5));
#6368=CARTESIAN_POINT('',(0.0859999999999999,0.289370078740157,0.5));
#6369=CARTESIAN_POINT('Origin',(-6.12323399573677E-17,0.,0.5));
#6370=CARTESIAN_POINT('Origin',(-0.5,0.289370078740157,-3.06161699786838E-17));
#6371=CARTESIAN_POINT('',(-0.5,0.289370078740157,0.086));
#6372=CARTESIAN_POINT('Origin',(-0.5,0.289370078740157,-3.06161699786838E-17));
#6373=CARTESIAN_POINT('',(-0.5,0.,0.086));
#6374=CARTESIAN_POINT('',(-0.5,0.289370078740157,0.086));
#6375=CARTESIAN_POINT('Origin',(-0.5,0.,-3.06161699786838E-17));
#6376=CARTESIAN_POINT('Origin',(0.,0.289370078740157,-0.5));
#6377=CARTESIAN_POINT('',(-0.086,0.289370078740157,-0.5));
#6378=CARTESIAN_POINT('Origin',(0.,0.289370078740157,-0.5));
#6379=CARTESIAN_POINT('',(-0.086,0.,-0.5));
#6380=CARTESIAN_POINT('',(-0.086,0.289370078740157,-0.5));
#6381=CARTESIAN_POINT('Origin',(0.,0.,-0.5));
#6382=CARTESIAN_POINT('Origin',(0.,0.,0.));
#6383=CARTESIAN_POINT('',(-0.1,0.,1.22464679914735E-17));
#6384=CARTESIAN_POINT('Origin',(0.,0.,0.));
#6385=CARTESIAN_POINT('',(-0.1,0.289370078740157,-1.22464679914735E-17));
#6386=CARTESIAN_POINT('',(-0.1,0.,1.22464679914735E-17));
#6387=CARTESIAN_POINT('Origin',(0.,0.289370078740157,0.));
#6388=CARTESIAN_POINT('Origin',(-0.599939769489247,0.289370078740157,-1.04116676826271));
#6389=CARTESIAN_POINT('',(-0.590257437805894,0.289370078740157,-1.04225770503856));
#6390=CARTESIAN_POINT('',(-0.609622101172601,0.289370078740157,-1.04007583148686));
#6391=CARTESIAN_POINT('',(-0.361650670810716,0.289370078740157,-1.06801550155697));
#6392=CARTESIAN_POINT('',(-0.609622101172601,0.240157480314961,-1.04007583148686));
#6393=CARTESIAN_POINT('',(-0.609622101172601,0.289370078740157,-1.04007583148686));
#6394=CARTESIAN_POINT('',(-0.590257437805894,0.240157480314961,-1.04225770503856));
#6395=CARTESIAN_POINT('',(-0.609622101172601,0.240157480314961,-1.04007583148686));
#6396=CARTESIAN_POINT('',(-0.590257437805894,0.289370078740157,-1.04225770503856));
#6397=CARTESIAN_POINT('Origin',(-0.582240828449124,0.240157480314961,-1.02705233377182));
#6398=CARTESIAN_POINT('',(-0.586536525902876,0.210629921259842,-1.02166569954221));
#6399=CARTESIAN_POINT('',(-0.577945130995373,0.224409448818898,-1.03243896800142));
#6400=CARTESIAN_POINT('',(-0.586536525902876,0.210629921259842,-1.02166569954221));
#6401=CARTESIAN_POINT('Origin',(-0.577945130995373,0.240157480314961,-1.03243896800142));
#6402=CARTESIAN_POINT('Origin',(-0.586536525902876,0.240157480314961,-1.02166569954221));
#6403=CARTESIAN_POINT('Origin',(-0.5899360202057,0.21751968503937,-1.03318904442003));
#6404=CARTESIAN_POINT('',(-0.571146142389726,0.210629921259842,-1.00939227824578));
#6405=CARTESIAN_POINT('',(-0.562554747482223,0.224409448818898,-1.02016554670499));
#6406=CARTESIAN_POINT('',(-0.571146142389726,0.210629921259842,-1.00939227824578));
#6407=CARTESIAN_POINT('',(-0.585640322751949,0.224409448818898,-1.03857567864964));
#6408=CARTESIAN_POINT('',(-0.594231717659451,0.210629921259842,-1.02780241019043));
#6409=CARTESIAN_POINT('Origin',(-0.566850444935974,0.240157480314961,-1.01477891247538));
#6410=CARTESIAN_POINT('',(-0.54806056712,0.240157480314961,-0.990982146301135));
#6411=CARTESIAN_POINT('',(-0.550242440671703,0.240157480314961,-1.01034680966784));
#6412=CARTESIAN_POINT('',(-0.54806056712,0.240157480314961,-0.990982146301135));
#6413=CARTESIAN_POINT('Origin',(-0.562554747482223,0.240157480314961,-1.02016554670499));
#6414=CARTESIAN_POINT('Origin',(-0.571146142389725,0.240157480314961,-1.00939227824578));
#6415=CARTESIAN_POINT('Origin',(-0.549151503895852,0.289370078740157,-1.00066447798449));
#6416=CARTESIAN_POINT('',(-0.54806056712,0.289370078740157,-0.990982146301135));
#6417=CARTESIAN_POINT('',(-0.550242440671703,0.289370078740157,-1.01034680966784));
#6418=CARTESIAN_POINT('',(-0.490042211658561,0.289370078740157,-0.47605499952678));
#6419=CARTESIAN_POINT('',(-0.550242440671703,0.289370078740157,-1.01034680966784));
#6420=CARTESIAN_POINT('',(-0.54806056712,0.289370078740157,-0.990982146301135));
#6421=CARTESIAN_POINT('Origin',(-0.539469172212498,0.289370078740157,-1.00175541476034));
#6422=CARTESIAN_POINT('',(-0.609427673602159,0.240157480314961,-0.914030228735384));
#6423=CARTESIAN_POINT('',(-0.678772503926999,0.240157480314961,-0.827074561886085));
#6424=CARTESIAN_POINT('',(-0.609427673602159,0.289370078740157,-0.914030228735384));
#6425=CARTESIAN_POINT('',(-0.609427673602159,0.289370078740157,-0.914030228735384));
#6426=CARTESIAN_POINT('',(-0.678772503926998,0.289370078740157,-0.827074561886085));
#6427=CARTESIAN_POINT('Origin',(-0.701858079196724,0.240157480314961,-0.845484693830733));
#6428=CARTESIAN_POINT('',(-0.632513248871884,0.210629921259842,-0.932440360680032));
#6429=CARTESIAN_POINT('',(-0.701858079196724,0.210629921259842,-0.845484693830733));
#6430=CARTESIAN_POINT('Origin',(-0.632513248871884,0.240157480314961,-0.932440360680031));
#6431=CARTESIAN_POINT('Origin',(-0.848856602667799,0.210629921259842,-0.676940551604694));
#6432=CARTESIAN_POINT('',(-0.647903632385034,0.210629921259842,-0.944713781976463));
#6433=CARTESIAN_POINT('',(-0.995855126138875,0.210629921259842,-0.508396409378655));
#6434=CARTESIAN_POINT('',(-0.694552871888998,0.210629921259842,-0.981915309092476));
#6435=CARTESIAN_POINT('Origin',(-0.995855126138875,0.240157480314961,-0.508396409378655));
#6436=CARTESIAN_POINT('',(-0.67098920765476,0.240157480314961,-0.963123913921111));
#6437=CARTESIAN_POINT('',(-1.0189407014086,0.240157480314961,-0.526806541323303));
#6438=CARTESIAN_POINT('Origin',(-0.647903632385034,0.240157480314961,-0.944713781976463));
#6439=CARTESIAN_POINT('Origin',(-1.1582440331231,0.289370078740157,-0.352125688449048));
#6440=CARTESIAN_POINT('',(-0.67098920765476,0.289370078740157,-0.963123913921111));
#6441=CARTESIAN_POINT('',(-1.0189407014086,0.289370078740157,-0.526806541323303));
#6442=CARTESIAN_POINT('',(-0.67098920765476,0.289370078740157,-0.963123913921111));
#6443=CARTESIAN_POINT('Origin',(-1.14856170143975,0.289370078740157,-0.353216625224899));
#6444=CARTESIAN_POINT('',(-1.1496526382156,0.289370078740157,-0.362898956908253));
#6445=CARTESIAN_POINT('',(-1.1474707646639,0.289370078740157,-0.343534293541546));
#6446=CARTESIAN_POINT('',(-1.12171296814549,0.289370078740157,-0.114927526546362));
#6447=CARTESIAN_POINT('',(-1.1474707646639,0.240157480314961,-0.343534293541546));
#6448=CARTESIAN_POINT('',(-1.1474707646639,0.289370078740157,-0.343534293541546));
#6449=CARTESIAN_POINT('',(-1.1496526382156,0.240157480314961,-0.362898956908253));
#6450=CARTESIAN_POINT('',(-1.1474707646639,0.240157480314961,-0.343534293541546));
#6451=CARTESIAN_POINT('',(-1.1496526382156,0.289370078740157,-0.362898956908253));
#6452=CARTESIAN_POINT('Origin',(-1.13086276039962,0.240157480314961,-0.339102190734003));
#6453=CARTESIAN_POINT('',(-1.13515845785338,0.224409448818898,-0.3337155565044));
#6454=CARTESIAN_POINT('Origin',(-1.13515845785338,0.240157480314961,-0.3337155565044));
#6455=CARTESIAN_POINT('',(-1.12656706294587,0.210629921259842,-0.344488824963605));
#6456=CARTESIAN_POINT('',(-1.13515845785338,0.224409448818898,-0.3337155565044));
#6457=CARTESIAN_POINT('Origin',(-1.12656706294587,0.240157480314961,-0.344488824963605));
#6458=CARTESIAN_POINT('Origin',(-1.1077771851299,0.21751968503937,-0.320692058789355));
#6459=CARTESIAN_POINT('',(-1.11976807434023,0.224409448818898,-0.321442135207969));
#6460=CARTESIAN_POINT('',(-1.11207288258365,0.224409448818898,-0.315305424559753));
#6461=CARTESIAN_POINT('',(-1.11117667943272,0.210629921259842,-0.332215403667174));
#6462=CARTESIAN_POINT('',(-1.11976807434023,0.224409448818898,-0.321442135207969));
#6463=CARTESIAN_POINT('',(-1.10348148767615,0.210629921259842,-0.326078693018958));
#6464=CARTESIAN_POINT('Origin',(-1.11547237688647,0.240157480314961,-0.326828769437571));
#6465=CARTESIAN_POINT('',(-1.1074557675297,0.240157480314961,-0.311623398170823));
#6466=CARTESIAN_POINT('Origin',(-1.11976807434022,0.240157480314961,-0.321442135207969));
#6467=CARTESIAN_POINT('',(-1.088091104163,0.240157480314961,-0.313805271722526));
#6468=CARTESIAN_POINT('',(-1.1074557675297,0.240157480314961,-0.311623398170823));
#6469=CARTESIAN_POINT('Origin',(-1.11117667943272,0.240157480314961,-0.332215403667174));
#6470=CARTESIAN_POINT('Origin',(-1.09777343584635,0.289370078740157,-0.312714334946675));
#6471=CARTESIAN_POINT('',(-1.1074557675297,0.289370078740157,-0.311623398170823));
#6472=CARTESIAN_POINT('',(-1.088091104163,0.289370078740157,-0.313805271722526));
#6473=CARTESIAN_POINT('',(-0.573163957388643,0.289370078740157,-0.371823627183972));
#6474=CARTESIAN_POINT('',(-1.088091104163,0.289370078740157,-0.313805271722526));
#6475=CARTESIAN_POINT('',(-1.1074557675297,0.289370078740157,-0.311623398170823));
#6476=CARTESIAN_POINT('Origin',(-1.0966824990705,0.289370078740157,-0.303032003263321));
#6477=CARTESIAN_POINT('',(-0.68764458124975,0.289370078740157,0.0231648512425943));
#6478=CARTESIAN_POINT('Origin',(-1.18807328593331,0.289370078740157,-0.180105062674711));
#6479=CARTESIAN_POINT('',(-1.18288937958727,0.289370078740157,-0.18835520236267));
#6480=CARTESIAN_POINT('',(-1.19325719227935,0.289370078740157,-0.171854922986751));
#6481=CARTESIAN_POINT('',(-1.06049364796697,0.289370078740157,-0.383146893352318));
#6482=CARTESIAN_POINT('',(-1.19325719227935,0.240157480314961,-0.171854922986751));
#6483=CARTESIAN_POINT('',(-1.19325719227935,0.289370078740157,-0.171854922986751));
#6484=CARTESIAN_POINT('',(-1.18288937958727,0.240157480314961,-0.18835520236267));
#6485=CARTESIAN_POINT('',(-1.19325719227935,0.240157480314961,-0.171854922986751));
#6486=CARTESIAN_POINT('',(-1.18288937958727,0.289370078740157,-0.18835520236267));
#6487=CARTESIAN_POINT('Origin',(-1.16600306744888,0.240157480314961,-0.185142446022147));
#6488=CARTESIAN_POINT('',(-1.16446995077792,0.210629921259842,-0.178425423005146));
#6489=CARTESIAN_POINT('',(-1.16753618411984,0.224409448818898,-0.191859469039148));
#6490=CARTESIAN_POINT('',(-1.16446995077792,0.210629921259842,-0.178425423005146));
#6491=CARTESIAN_POINT('Origin',(-1.16753618411984,0.240157480314961,-0.191859469039148));
#6492=CARTESIAN_POINT('Origin',(-1.16446995077792,0.240157480314961,-0.178425423005146));
#6493=CARTESIAN_POINT('Origin',(-1.17559881461602,0.21751968503937,-0.182952279349349));
#6494=CARTESIAN_POINT('',(-1.14527845644363,0.210629921259842,-0.182805756350743));
#6495=CARTESIAN_POINT('',(-1.14834468978555,0.224409448818898,-0.196239802384744));
#6496=CARTESIAN_POINT('',(-1.14527845644363,0.210629921259842,-0.182805756350743));
#6497=CARTESIAN_POINT('',(-1.17713193128698,0.224409448818898,-0.189669302366349));
#6498=CARTESIAN_POINT('',(-1.17406569794506,0.210629921259842,-0.176235256332348));
#6499=CARTESIAN_POINT('Origin',(-1.14681157311459,0.240157480314961,-0.189522779367744));
#6500=CARTESIAN_POINT('',(-1.1164912149422,0.240157480314961,-0.189376256369138));
#6501=CARTESIAN_POINT('',(-1.13299149431812,0.240157480314961,-0.199744069061222));
#6502=CARTESIAN_POINT('',(-1.1164912149422,0.240157480314961,-0.189376256369138));
#6503=CARTESIAN_POINT('Origin',(-1.14834468978555,0.240157480314961,-0.196239802384744));
#6504=CARTESIAN_POINT('Origin',(-1.14527845644363,0.240157480314961,-0.182805756350743));
#6505=CARTESIAN_POINT('Origin',(-1.12474135463016,0.289370078740157,-0.19456016271518));
#6506=CARTESIAN_POINT('',(-1.1164912149422,0.289370078740157,-0.189376256369138));
#6507=CARTESIAN_POINT('',(-1.13299149431812,0.289370078740157,-0.199744069061222));
#6508=CARTESIAN_POINT('',(-0.677731107465744,0.289370078740157,0.0863149914841084));
#6509=CARTESIAN_POINT('',(-1.13299149431812,0.289370078740157,-0.199744069061222));
#6510=CARTESIAN_POINT('',(-1.1164912149422,0.289370078740157,-0.189376256369138));
#6511=CARTESIAN_POINT('Origin',(-1.11955744828412,0.289370078740157,-0.20281030240314));
#6512=CARTESIAN_POINT('',(-1.09458954821422,0.240157480314961,-0.0934187846976989));
#6513=CARTESIAN_POINT('',(-1.0698406648116,0.240157480314961,0.0150131582910277));
#6514=CARTESIAN_POINT('',(-1.09458954821422,0.289370078740157,-0.0934187846976989));
#6515=CARTESIAN_POINT('',(-1.09458954821422,0.289370078740157,-0.0934187846976989));
#6516=CARTESIAN_POINT('',(-1.0698406648116,0.289370078740157,0.0150131582910277));
#6517=CARTESIAN_POINT('Origin',(-1.09862790631303,0.240157480314961,0.0215836583094228));
#6518=CARTESIAN_POINT('',(-1.12337678971565,0.210629921259842,-0.0868482846793037));
#6519=CARTESIAN_POINT('',(-1.09862790631303,0.210629921259842,0.0215836583094228));
#6520=CARTESIAN_POINT('Origin',(-1.12337678971565,0.240157480314961,-0.0868482846793037));
#6521=CARTESIAN_POINT('Origin',(-1.05850687000765,0.210629921259842,0.241597285676389));
#6522=CARTESIAN_POINT('',(-1.14256828404994,0.210629921259842,-0.0824679513337069));
#6523=CARTESIAN_POINT('',(-1.01838583370227,0.210629921259842,0.461610913043354));
#6524=CARTESIAN_POINT('',(-1.20073893424031,0.210629921259842,-0.069190880026722));
#6525=CARTESIAN_POINT('Origin',(-1.01838583370227,0.240157480314961,0.461610913043354));
#6526=CARTESIAN_POINT('',(-1.17135552555137,0.240157480314961,-0.0758974513153118));
#6527=CARTESIAN_POINT('',(-1.0471730752037,0.240157480314961,0.468181413061749));
#6528=CARTESIAN_POINT('Origin',(-1.14256828404994,0.240157480314961,-0.0824679513337069));
#6529=CARTESIAN_POINT('Origin',(-0.997456291731177,0.289370078740157,0.686004873755917));
#6530=CARTESIAN_POINT('',(-1.17135552555137,0.289370078740157,-0.0758974513153118));
#6531=CARTESIAN_POINT('',(-1.0471730752037,0.289370078740157,0.468181413061749));
#6532=CARTESIAN_POINT('',(-1.17135552555137,0.289370078740157,-0.0758974513153118));
#6533=CARTESIAN_POINT('Origin',(-0.992272385385135,0.289370078740157,0.677754734067957));
#6534=CARTESIAN_POINT('',(-1.0005225250731,0.289370078740157,0.672570827721915));
#6535=CARTESIAN_POINT('',(-0.984022245697176,0.289370078740157,0.682938640413999));
#6536=CARTESIAN_POINT('',(-0.789230554707527,0.289370078740157,0.805334372034296));
#6537=CARTESIAN_POINT('',(-0.984022245697176,0.240157480314961,0.682938640413999));
#6538=CARTESIAN_POINT('',(-0.984022245697176,0.289370078740157,0.682938640413999));
#6539=CARTESIAN_POINT('',(-1.0005225250731,0.240157480314961,0.672570827721915));
#6540=CARTESIAN_POINT('',(-0.984022245697176,0.240157480314961,0.682938640413999));
#6541=CARTESIAN_POINT('',(-1.00052252507309,0.289370078740157,0.672570827721915));
#6542=CARTESIAN_POINT('Origin',(-0.970202166900705,0.240157480314961,0.672717350720521));
#6543=CARTESIAN_POINT('',(-0.968669050229746,0.224409448818898,0.679434373737522));
#6544=CARTESIAN_POINT('Origin',(-0.968669050229746,0.240157480314961,0.679434373737522));
#6545=CARTESIAN_POINT('',(-0.971735283571663,0.210629921259842,0.66600032770352));
#6546=CARTESIAN_POINT('',(-0.968669050229746,0.224409448818898,0.679434373737522));
#6547=CARTESIAN_POINT('Origin',(-0.971735283571663,0.240157480314961,0.66600032770352));
#6548=CARTESIAN_POINT('Origin',(-0.941414925399273,0.21751968503937,0.666146850702126));
#6549=CARTESIAN_POINT('',(-0.949477555895458,0.224409448818898,0.675054040391925));
#6550=CARTESIAN_POINT('',(-0.939881808728314,0.224409448818898,0.672863873719126));
#6551=CARTESIAN_POINT('',(-0.952543789237375,0.210629921259842,0.661619994357923));
#6552=CARTESIAN_POINT('',(-0.949477555895458,0.224409448818898,0.675054040391925));
#6553=CARTESIAN_POINT('',(-0.942948042070232,0.210629921259842,0.659429827685125));
#6554=CARTESIAN_POINT('Origin',(-0.951010672566416,0.240157480314961,0.668337017374924));
#6555=CARTESIAN_POINT('',(-0.934124360428027,0.240157480314961,0.671549773715447));
#6556=CARTESIAN_POINT('Origin',(-0.949477555895458,0.240157480314961,0.675054040391925));
#6557=CARTESIAN_POINT('',(-0.923756547735944,0.240157480314961,0.655049494339528));
#6558=CARTESIAN_POINT('',(-0.934124360428027,0.240157480314961,0.671549773715447));
#6559=CARTESIAN_POINT('Origin',(-0.952543789237375,0.240157480314961,0.661619994357923));
#6560=CARTESIAN_POINT('Origin',(-0.928940454081985,0.289370078740157,0.663299634027488));
#6561=CARTESIAN_POINT('',(-0.934124360428027,0.289370078740157,0.671549773715447));
#6562=CARTESIAN_POINT('',(-0.923756547735944,0.289370078740157,0.655049494339528));
#6563=CARTESIAN_POINT('',(-0.648065299882695,0.289370078740157,0.216289386863076));
#6564=CARTESIAN_POINT('',(-0.923756547735944,0.289370078740157,0.655049494339528));
#6565=CARTESIAN_POINT('',(-0.934124360428027,0.289370078740157,0.671549773715447));
#6566=CARTESIAN_POINT('Origin',(-0.920690314394026,0.289370078740157,0.66848354037353));
#6567=CARTESIAN_POINT('',(-0.41062837372449,0.289370078740157,0.552065230880932));
#6568=CARTESIAN_POINT('Origin',(-0.88156338579118,0.289370078740157,0.816579428581093));
#6569=CARTESIAN_POINT('',(-0.884781491993438,0.289370078740157,0.807382609438239));
#6570=CARTESIAN_POINT('',(-0.878345279588923,0.289370078740157,0.825776247723947));
#6571=CARTESIAN_POINT('',(-0.960763278076034,0.289370078740157,0.590239140318916));
#6572=CARTESIAN_POINT('',(-0.878345279588922,0.240157480314961,0.825776247723947));
#6573=CARTESIAN_POINT('',(-0.878345279588922,0.289370078740157,0.825776247723947));
#6574=CARTESIAN_POINT('',(-0.884781491993438,0.240157480314961,0.807382609438239));
#6575=CARTESIAN_POINT('',(-0.878345279588922,0.240157480314961,0.825776247723947));
#6576=CARTESIAN_POINT('',(-0.884781491993438,0.289370078740157,0.807382609438239));
#6577=CARTESIAN_POINT('Origin',(-0.871741214531629,0.240157480314961,0.796183479799837));
#6578=CARTESIAN_POINT('',(-0.865533751859073,0.210629921259842,0.799172836270135));
#6579=CARTESIAN_POINT('',(-0.877948677204185,0.224409448818898,0.793194123329539));
#6580=CARTESIAN_POINT('',(-0.865533751859073,0.210629921259842,0.799172836270135));
#6581=CARTESIAN_POINT('Origin',(-0.877948677204185,0.240157480314961,0.793194123329539));
#6582=CARTESIAN_POINT('Origin',(-0.865533751859073,0.240157480314961,0.799172836270135));
#6583=CARTESIAN_POINT('Origin',(-0.876011723774912,0.21751968503937,0.805051283617774));
#6584=CARTESIAN_POINT('',(-0.856992733372507,0.210629921259842,0.781437228634261));
#6585=CARTESIAN_POINT('',(-0.869407658717619,0.224409448818898,0.775458515693665));
#6586=CARTESIAN_POINT('',(-0.856992733372507,0.210629921259842,0.781437228634261));
#6587=CARTESIAN_POINT('',(-0.882219186447468,0.224409448818898,0.802061927147476));
#6588=CARTESIAN_POINT('',(-0.869804261102356,0.210629921259842,0.808040640088073));
#6589=CARTESIAN_POINT('Origin',(-0.863200196045063,0.240157480314961,0.778447872163963));
#6590=CARTESIAN_POINT('',(-0.844181205642658,0.240157480314961,0.754833817180449));
#6591=CARTESIAN_POINT('',(-0.862574843928366,0.240157480314961,0.761270029584965));
#6592=CARTESIAN_POINT('',(-0.844181205642658,0.240157480314961,0.754833817180449));
#6593=CARTESIAN_POINT('Origin',(-0.869407658717619,0.240157480314961,0.775458515693665));
#6594=CARTESIAN_POINT('Origin',(-0.856992733372507,0.240157480314961,0.781437228634261));
#6595=CARTESIAN_POINT('Origin',(-0.853378024785512,0.289370078740157,0.758051923382707));
#6596=CARTESIAN_POINT('',(-0.844181205642658,0.289370078740157,0.754833817180449));
#6597=CARTESIAN_POINT('',(-0.862574843928366,0.289370078740157,0.761270029584965));
#6598=CARTESIAN_POINT('',(-0.355074656156081,0.289370078740157,0.583688033402517));
#6599=CARTESIAN_POINT('',(-0.862574843928366,0.289370078740157,0.761270029584965));
#6600=CARTESIAN_POINT('',(-0.844181205642658,0.289370078740157,0.75483381718045));
#6601=CARTESIAN_POINT('Origin',(-0.85659613098777,0.289370078740157,0.748855104239853));
#6602=CARTESIAN_POINT('',(-0.755503167463286,0.240157480314961,0.79753890961328));
#6603=CARTESIAN_POINT('',(-0.655296984320596,0.240157480314961,0.845795664062378));
#6604=CARTESIAN_POINT('',(-0.755503167463286,0.289370078740157,0.79753890961328));
#6605=CARTESIAN_POINT('',(-0.755503167463286,0.289370078740157,0.79753890961328));
#6606=CARTESIAN_POINT('',(-0.655296984320596,0.289370078740157,0.845795664062378));
#6607=CARTESIAN_POINT('Origin',(-0.668108512050445,0.240157480314961,0.87239907551619));
#6608=CARTESIAN_POINT('',(-0.768314695193135,0.210629921259842,0.824142321067092));
#6609=CARTESIAN_POINT('',(-0.668108512050445,0.210629921259842,0.87239907551619));
#6610=CARTESIAN_POINT('Origin',(-0.768314695193135,0.240157480314961,0.824142321067091));
#6611=CARTESIAN_POINT('Origin',(-0.471079874626553,0.210629921259842,0.978207439156652));
#6612=CARTESIAN_POINT('',(-0.776855713679701,0.210629921259842,0.841877928702966));
#6613=CARTESIAN_POINT('',(-0.274051237202662,0.210629921259842,1.08401580279711));
#6614=CARTESIAN_POINT('',(-0.802744088498117,0.210629921259842,0.895635692935891));
#6615=CARTESIAN_POINT('Origin',(-0.274051237202662,0.240157480314961,1.08401580279711));
#6616=CARTESIAN_POINT('',(-0.78966724140955,0.240157480314961,0.868481340156777));
#6617=CARTESIAN_POINT('',(-0.286862764932511,0.240157480314961,1.11061921425093));
#6618=CARTESIAN_POINT('Origin',(-0.776855713679702,0.240157480314961,0.841877928702966));
#6619=CARTESIAN_POINT('Origin',(-0.085563618265337,0.289370078740157,1.20755977407345));
#6620=CARTESIAN_POINT('',(-0.78966724140955,0.289370078740157,0.868481340156777));
#6621=CARTESIAN_POINT('',(-0.286862764932511,0.289370078740157,1.11061921425093));
#6622=CARTESIAN_POINT('',(-0.78966724140955,0.289370078740157,0.868481340156777));
#6623=CARTESIAN_POINT('Origin',(-0.0887817244675949,0.289370078740157,1.1983629549306));
#6624=CARTESIAN_POINT('',(-0.0979785436104491,0.289370078740157,1.20158106113286));
#6625=CARTESIAN_POINT('',(-0.0795849053247408,0.289370078740157,1.19514484872834));
#6626=CARTESIAN_POINT('',(0.137558563794579,0.289370078740157,1.11916306264574));
#6627=CARTESIAN_POINT('',(-0.0795849053247407,0.240157480314961,1.19514484872834));
#6628=CARTESIAN_POINT('',(-0.0795849053247407,0.289370078740157,1.19514484872834));
#6629=CARTESIAN_POINT('',(-0.0979785436104491,0.240157480314961,1.20158106113286));
#6630=CARTESIAN_POINT('',(-0.0795849053247407,0.240157480314961,1.19514484872834));
#6631=CARTESIAN_POINT('',(-0.0979785436104491,0.289370078740157,1.20158106113286));
#6632=CARTESIAN_POINT('Origin',(-0.0789595532080438,0.240157480314961,1.17796700614934));
#6633=CARTESIAN_POINT('',(-0.0727520905354878,0.224409448818898,1.18095636261964));
#6634=CARTESIAN_POINT('Origin',(-0.0727520905354878,0.240157480314961,1.18095636261964));
#6635=CARTESIAN_POINT('',(-0.0851670158805999,0.210629921259842,1.17497764967904));
#6636=CARTESIAN_POINT('',(-0.0727520905354878,0.224409448818898,1.18095636261964));
#6637=CARTESIAN_POINT('Origin',(-0.0851670158805999,0.240157480314961,1.17497764967904));
#6638=CARTESIAN_POINT('Origin',(-0.0661480254781947,0.21751968503937,1.15136359469553));
#6639=CARTESIAN_POINT('',(-0.0642110720489217,0.224409448818898,1.16322075498377));
#6640=CARTESIAN_POINT('',(-0.0599405628056387,0.224409448818898,1.15435295116583));
#6641=CARTESIAN_POINT('',(-0.0766259973940336,0.210629921259842,1.15724204204317));
#6642=CARTESIAN_POINT('',(-0.0642110720489217,0.224409448818898,1.16322075498377));
#6643=CARTESIAN_POINT('',(-0.0723554881507507,0.210629921259842,1.14837423822523));
#6644=CARTESIAN_POINT('Origin',(-0.0704185347214777,0.240157480314961,1.16023139851347));
#6645=CARTESIAN_POINT('',(-0.0573782572596688,0.240157480314961,1.14903226887507));
#6646=CARTESIAN_POINT('Origin',(-0.0642110720489217,0.240157480314961,1.16322075498377));
#6647=CARTESIAN_POINT('',(-0.0638144696641844,0.240157480314961,1.13063863058936));
#6648=CARTESIAN_POINT('',(-0.0573782572596688,0.240157480314961,1.14903226887507));
#6649=CARTESIAN_POINT('Origin',(-0.0766259973940337,0.240157480314961,1.15724204204317));
#6650=CARTESIAN_POINT('Origin',(-0.0605963634619267,0.289370078740157,1.13983544973221));
#6651=CARTESIAN_POINT('',(-0.0573782572596688,0.289370078740157,1.14903226887507));
#6652=CARTESIAN_POINT('',(-0.0638144696641844,0.289370078740157,1.13063863058936));
#6653=CARTESIAN_POINT('',(-0.234960253442119,0.289370078740157,0.641532081102778));
#6654=CARTESIAN_POINT('',(-0.0638144696641845,0.289370078740157,1.13063863058936));
#6655=CARTESIAN_POINT('',(-0.0573782572596689,0.289370078740157,1.14903226887507));
#6656=CARTESIAN_POINT('Origin',(-0.0513995443190726,0.289370078740157,1.13661734352995));
#6657=CARTESIAN_POINT('',(0.175599374507638,0.289370078740157,0.665249231587502));
#6658=CARTESIAN_POINT('Origin',(0.0887817244675952,0.289370078740157,1.1983629549306));
#6659=CARTESIAN_POINT('',(0.079584905324741,0.289370078740157,1.19514484872834));
#6660=CARTESIAN_POINT('',(0.0979785436104494,0.289370078740157,1.20158106113286));
#6661=CARTESIAN_POINT('',(-0.137558563794583,0.289370078740157,1.11916306264574));
#6662=CARTESIAN_POINT('',(0.0979785436104494,0.240157480314961,1.20158106113286));
#6663=CARTESIAN_POINT('',(0.0979785436104493,0.289370078740157,1.20158106113286));
#6664=CARTESIAN_POINT('',(0.0795849053247411,0.240157480314961,1.19514484872834));
#6665=CARTESIAN_POINT('',(0.0979785436104494,0.240157480314961,1.20158106113286));
#6666=CARTESIAN_POINT('',(0.0795849053247411,0.289370078740157,1.19514484872834));
#6667=CARTESIAN_POINT('Origin',(0.0789595532080441,0.240157480314961,1.17796700614934));
#6668=CARTESIAN_POINT('',(0.0851670158805998,0.210629921259842,1.17497764967904));
#6669=CARTESIAN_POINT('',(0.0727520905354883,0.224409448818898,1.18095636261964));
#6670=CARTESIAN_POINT('',(0.0851670158805998,0.210629921259842,1.17497764967904));
#6671=CARTESIAN_POINT('Origin',(0.0727520905354883,0.240157480314961,1.18095636261964));
#6672=CARTESIAN_POINT('Origin',(0.0851670158805998,0.240157480314961,1.17497764967904));
#6673=CARTESIAN_POINT('Origin',(0.0832300624513273,0.21751968503937,1.18683480996728));
#6674=CARTESIAN_POINT('',(0.0766259973940341,0.210629921259842,1.15724204204317));
#6675=CARTESIAN_POINT('',(0.0642110720489221,0.224409448818898,1.16322075498377));
#6676=CARTESIAN_POINT('',(0.0766259973940341,0.210629921259842,1.15724204204317));
#6677=CARTESIAN_POINT('',(0.0770225997787713,0.224409448818898,1.18982416643758));
#6678=CARTESIAN_POINT('',(0.0894375251238833,0.210629921259842,1.18384545349698));
#6679=CARTESIAN_POINT('Origin',(0.0704185347214781,0.240157480314961,1.16023139851347));
#6680=CARTESIAN_POINT('',(0.0638144696641849,0.240157480314961,1.13063863058936));
#6681=CARTESIAN_POINT('',(0.0573782572596692,0.240157480314961,1.14903226887507));
#6682=CARTESIAN_POINT('',(0.0638144696641849,0.240157480314961,1.13063863058936));
#6683=CARTESIAN_POINT('Origin',(0.0642110720489221,0.240157480314961,1.16322075498377));
#6684=CARTESIAN_POINT('Origin',(0.076625997394034,0.240157480314961,1.15724204204317));
#6685=CARTESIAN_POINT('Origin',(0.0605963634619271,0.289370078740157,1.13983544973221));
#6686=CARTESIAN_POINT('',(0.0638144696641851,0.289370078740157,1.13063863058936));
#6687=CARTESIAN_POINT('',(0.0573782572596692,0.289370078740157,1.14903226887507));
#6688=CARTESIAN_POINT('',(0.234960253442122,0.289370078740157,0.641532081102781));
#6689=CARTESIAN_POINT('',(0.0573782572596692,0.289370078740157,1.14903226887507));
#6690=CARTESIAN_POINT('',(0.063814469664185,0.289370078740157,1.13063863058936));
#6691=CARTESIAN_POINT('Origin',(0.051399544319073,0.289370078740157,1.13661734352995));
#6692=CARTESIAN_POINT('',(0.152492507843557,0.240157480314961,1.08793353815653));
#6693=CARTESIAN_POINT('',(0.252698690986247,0.240157480314961,1.03967678370743));
#6694=CARTESIAN_POINT('',(0.152492507843557,0.289370078740157,1.08793353815653));
#6695=CARTESIAN_POINT('',(0.152492507843557,0.289370078740157,1.08793353815653));
#6696=CARTESIAN_POINT('',(0.252698690986247,0.289370078740157,1.03967678370743));
#6697=CARTESIAN_POINT('Origin',(0.265510218716096,0.240157480314961,1.06628019516124));
#6698=CARTESIAN_POINT('',(0.165304035573406,0.210629921259842,1.11453694961034));
#6699=CARTESIAN_POINT('',(0.265510218716096,0.210629921259842,1.06628019516124));
#6700=CARTESIAN_POINT('Origin',(0.165304035573406,0.240157480314961,1.11453694961034));
#6701=CARTESIAN_POINT('Origin',(0.471079874626554,0.210629921259842,0.978207439156652));
#6702=CARTESIAN_POINT('',(0.173845054059972,0.210629921259842,1.13227255724621));
#6703=CARTESIAN_POINT('',(0.676649530537011,0.210629921259842,0.890134683152064));
#6704=CARTESIAN_POINT('',(0.199733428878388,0.210629921259842,1.18603032147914));
#6705=CARTESIAN_POINT('Origin',(0.676649530537011,0.240157480314961,0.890134683152064));
#6706=CARTESIAN_POINT('',(0.186656581789821,0.240157480314961,1.15887596870002));
#6707=CARTESIAN_POINT('',(0.68946105826686,0.240157480314961,0.916738094605876));
#6708=CARTESIAN_POINT('Origin',(0.173845054059972,0.240157480314961,1.13227255724621));
#6709=CARTESIAN_POINT('Origin',(0.890760204934035,0.289370078740157,0.819797534783351));
#6710=CARTESIAN_POINT('',(0.186656581789821,0.289370078740157,1.15887596870002));
#6711=CARTESIAN_POINT('',(0.68946105826686,0.289370078740157,0.916738094605876));
#6712=CARTESIAN_POINT('',(0.186656581789821,0.289370078740157,1.15887596870002));
#6713=CARTESIAN_POINT('Origin',(0.881563385791181,0.289370078740157,0.816579428581093));
#6714=CARTESIAN_POINT('',(0.878345279588923,0.289370078740157,0.825776247723947));
#6715=CARTESIAN_POINT('',(0.884781491993439,0.289370078740157,0.807382609438238));
#6716=CARTESIAN_POINT('',(0.960763278076035,0.289370078740157,0.590239140318923));
#6717=CARTESIAN_POINT('',(0.884781491993438,0.240157480314961,0.807382609438239));
#6718=CARTESIAN_POINT('',(0.884781491993438,0.289370078740157,0.807382609438239));
#6719=CARTESIAN_POINT('',(0.878345279588923,0.240157480314961,0.825776247723947));
#6720=CARTESIAN_POINT('',(0.884781491993438,0.240157480314961,0.807382609438239));
#6721=CARTESIAN_POINT('',(0.878345279588923,0.289370078740157,0.825776247723947));
#6722=CARTESIAN_POINT('Origin',(0.87174121453163,0.240157480314961,0.796183479799837));
#6723=CARTESIAN_POINT('',(0.877948677204186,0.224409448818897,0.793194123329539));
#6724=CARTESIAN_POINT('Origin',(0.877948677204186,0.240157480314961,0.793194123329539));
#6725=CARTESIAN_POINT('',(0.865533751859074,0.210629921259842,0.799172836270135));
#6726=CARTESIAN_POINT('',(0.877948677204186,0.224409448818897,0.793194123329539));
#6727=CARTESIAN_POINT('Origin',(0.865533751859074,0.240157480314961,0.799172836270135));
#6728=CARTESIAN_POINT('Origin',(0.858929686801781,0.21751968503937,0.769580068346025));
#6729=CARTESIAN_POINT('',(0.869407658717619,0.224409448818898,0.775458515693664));
#6730=CARTESIAN_POINT('',(0.865137149474337,0.224409448818898,0.766590711875727));
#6731=CARTESIAN_POINT('',(0.856992733372507,0.210629921259842,0.781437228634261));
#6732=CARTESIAN_POINT('',(0.869407658717619,0.224409448818898,0.775458515693664));
#6733=CARTESIAN_POINT('',(0.852722224129224,0.210629921259842,0.772569424816324));
#6734=CARTESIAN_POINT('Origin',(0.863200196045064,0.240157480314961,0.778447872163962));
#6735=CARTESIAN_POINT('',(0.862574843928367,0.240157480314961,0.761270029584965));
#6736=CARTESIAN_POINT('Origin',(0.869407658717619,0.240157480314961,0.775458515693664));
#6737=CARTESIAN_POINT('',(0.844181205642659,0.240157480314961,0.754833817180449));
#6738=CARTESIAN_POINT('',(0.862574843928367,0.240157480314961,0.761270029584965));
#6739=CARTESIAN_POINT('Origin',(0.856992733372508,0.240157480314961,0.78143722863426));
#6740=CARTESIAN_POINT('Origin',(0.853378024785513,0.289370078740157,0.758051923382707));
#6741=CARTESIAN_POINT('',(0.862574843928367,0.289370078740157,0.761270029584965));
#6742=CARTESIAN_POINT('',(0.844181205642658,0.289370078740157,0.754833817180449));
#6743=CARTESIAN_POINT('',(0.355074656156081,0.289370078740157,0.583688033402508));
#6744=CARTESIAN_POINT('',(0.844181205642658,0.289370078740157,0.754833817180449));
#6745=CARTESIAN_POINT('',(0.862574843928367,0.289370078740157,0.761270029584965));
#6746=CARTESIAN_POINT('Origin',(0.85659613098777,0.289370078740157,0.748855104239853));
#6747=CARTESIAN_POINT('',(0.62959721216106,0.289370078740157,0.277486992297401));
#6748=CARTESIAN_POINT('Origin',(0.992272385385136,0.289370078740157,0.677754734067957));
#6749=CARTESIAN_POINT('',(0.984022245697176,0.289370078740157,0.682938640413998));
#6750=CARTESIAN_POINT('',(1.0005225250731,0.289370078740157,0.672570827721915));
#6751=CARTESIAN_POINT('',(0.789230554707522,0.289370078740157,0.805334372034296));
#6752=CARTESIAN_POINT('',(1.0005225250731,0.240157480314961,0.672570827721915));
#6753=CARTESIAN_POINT('',(1.0005225250731,0.289370078740157,0.672570827721915));
#6754=CARTESIAN_POINT('',(0.984022245697176,0.240157480314961,0.682938640413998));
#6755=CARTESIAN_POINT('',(1.0005225250731,0.240157480314961,0.672570827721915));
#6756=CARTESIAN_POINT('',(0.984022245697176,0.289370078740157,0.682938640413998));
#6757=CARTESIAN_POINT('Origin',(0.970202166900705,0.240157480314961,0.67271735072052));
#6758=CARTESIAN_POINT('',(0.971735283571663,0.210629921259842,0.66600032770352));
#6759=CARTESIAN_POINT('',(0.968669050229746,0.224409448818898,0.679434373737521));
#6760=CARTESIAN_POINT('',(0.971735283571663,0.210629921259842,0.66600032770352));
#6761=CARTESIAN_POINT('Origin',(0.968669050229746,0.240157480314961,0.679434373737521));
#6762=CARTESIAN_POINT('Origin',(0.971735283571663,0.240157480314961,0.66600032770352));
#6763=CARTESIAN_POINT('Origin',(0.979797914067848,0.21751968503937,0.674907517393319));
#6764=CARTESIAN_POINT('',(0.952543789237375,0.210629921259842,0.661619994357923));
#6765=CARTESIAN_POINT('',(0.949477555895458,0.224409448818898,0.675054040391924));
#6766=CARTESIAN_POINT('',(0.952543789237375,0.210629921259842,0.661619994357923));
#6767=CARTESIAN_POINT('',(0.97826479739689,0.224409448818898,0.681624540410319));
#6768=CARTESIAN_POINT('',(0.981331030738807,0.210629921259842,0.668190494376318));
#6769=CARTESIAN_POINT('Origin',(0.951010672566417,0.240157480314961,0.668337017374924));
#6770=CARTESIAN_POINT('',(0.923756547735944,0.240157480314961,0.655049494339528));
#6771=CARTESIAN_POINT('',(0.934124360428027,0.240157480314961,0.671549773715447));
#6772=CARTESIAN_POINT('',(0.923756547735944,0.240157480314961,0.655049494339528));
#6773=CARTESIAN_POINT('Origin',(0.949477555895458,0.240157480314961,0.675054040391924));
#6774=CARTESIAN_POINT('Origin',(0.952543789237375,0.240157480314961,0.661619994357923));
#6775=CARTESIAN_POINT('Origin',(0.928940454081985,0.289370078740157,0.663299634027487));
#6776=CARTESIAN_POINT('',(0.923756547735944,0.289370078740157,0.655049494339528));
#6777=CARTESIAN_POINT('',(0.934124360428027,0.289370078740157,0.671549773715447));
#6778=CARTESIAN_POINT('',(0.648065299882689,0.289370078740157,0.216289386863076));
#6779=CARTESIAN_POINT('',(0.934124360428027,0.289370078740157,0.671549773715447));
#6780=CARTESIAN_POINT('',(0.923756547735944,0.289370078740157,0.655049494339528));
#6781=CARTESIAN_POINT('Origin',(0.920690314394026,0.289370078740157,0.668483540373529));
#6782=CARTESIAN_POINT('',(0.945658214463927,0.240157480314961,0.559092022668089));
#6783=CARTESIAN_POINT('',(0.970407097866549,0.240157480314961,0.450660079679362));
#6784=CARTESIAN_POINT('',(0.945658214463927,0.289370078740157,0.559092022668089));
#6785=CARTESIAN_POINT('',(0.945658214463927,0.289370078740157,0.559092022668089));
#6786=CARTESIAN_POINT('',(0.970407097866549,0.289370078740157,0.450660079679362));
#6787=CARTESIAN_POINT('Origin',(0.999194339367981,0.240157480314961,0.457230579697757));
#6788=CARTESIAN_POINT('',(0.974445455965359,0.210629921259842,0.565662522686484));
#6789=CARTESIAN_POINT('',(0.999194339367981,0.210629921259842,0.457230579697757));
#6790=CARTESIAN_POINT('Origin',(0.974445455965359,0.240157480314961,0.565662522686484));
#6791=CARTESIAN_POINT('Origin',(1.05850687000765,0.210629921259842,0.241597285676388));
#6792=CARTESIAN_POINT('',(0.993636950299647,0.210629921259842,0.57004285603208));
#6793=CARTESIAN_POINT('',(1.11781940064731,0.210629921259842,0.0259639916550193));
#6794=CARTESIAN_POINT('',(1.05180760049002,0.210629921259842,0.583319927339065));
#6795=CARTESIAN_POINT('Origin',(1.11781940064731,0.240157480314961,0.0259639916550193));
#6796=CARTESIAN_POINT('',(1.02242419180108,0.240157480314961,0.576613356050476));
#6797=CARTESIAN_POINT('',(1.14660664214875,0.240157480314961,0.0325344916734144));
#6798=CARTESIAN_POINT('Origin',(0.993636950299647,0.240157480314961,0.57004285603208));
#6799=CARTESIAN_POINT('Origin',(1.19632342562127,0.289370078740157,-0.185288969020753));
#6800=CARTESIAN_POINT('',(1.02242419180108,0.289370078740157,0.576613356050476));
#6801=CARTESIAN_POINT('',(1.14660664214875,0.289370078740157,0.0325344916734144));
#6802=CARTESIAN_POINT('',(1.02242419180108,0.289370078740157,0.576613356050476));
#6803=CARTESIAN_POINT('Origin',(1.18807328593331,0.289370078740157,-0.180105062674711));
#6804=CARTESIAN_POINT('',(1.19325719227935,0.289370078740157,-0.171854922986751));
#6805=CARTESIAN_POINT('',(1.18288937958727,0.289370078740157,-0.188355202362671));
#6806=CARTESIAN_POINT('',(1.06049364796697,0.289370078740157,-0.383146893352319));
#6807=CARTESIAN_POINT('',(1.18288937958727,0.240157480314961,-0.188355202362671));
#6808=CARTESIAN_POINT('',(1.18288937958727,0.289370078740157,-0.188355202362671));
#6809=CARTESIAN_POINT('',(1.19325719227935,0.240157480314961,-0.171854922986752));
#6810=CARTESIAN_POINT('',(1.18288937958727,0.240157480314961,-0.188355202362671));
#6811=CARTESIAN_POINT('',(1.19325719227935,0.289370078740157,-0.171854922986752));
#6812=CARTESIAN_POINT('Origin',(1.16600306744888,0.240157480314961,-0.185142446022147));
#6813=CARTESIAN_POINT('',(1.16753618411984,0.224409448818898,-0.191859469039148));
#6814=CARTESIAN_POINT('Origin',(1.16753618411984,0.240157480314961,-0.191859469039148));
#6815=CARTESIAN_POINT('',(1.16446995077792,0.210629921259842,-0.178425423005147));
#6816=CARTESIAN_POINT('',(1.16753618411984,0.224409448818898,-0.191859469039148));
#6817=CARTESIAN_POINT('Origin',(1.16446995077792,0.240157480314961,-0.178425423005147));
#6818=CARTESIAN_POINT('Origin',(1.13721582594745,0.21751968503937,-0.191712946040542));
#6819=CARTESIAN_POINT('',(1.14834468978555,0.224409448818898,-0.196239802384745));
#6820=CARTESIAN_POINT('',(1.13874894261841,0.224409448818898,-0.198429969057543));
#6821=CARTESIAN_POINT('',(1.14527845644363,0.210629921259842,-0.182805756350743));
#6822=CARTESIAN_POINT('',(1.14834468978555,0.224409448818898,-0.196239802384745));
#6823=CARTESIAN_POINT('',(1.13568270927649,0.210629921259842,-0.184995923023542));
#6824=CARTESIAN_POINT('Origin',(1.14681157311459,0.240157480314961,-0.189522779367744));
#6825=CARTESIAN_POINT('',(1.13299149431812,0.240157480314961,-0.199744069061222));
#6826=CARTESIAN_POINT('Origin',(1.14834468978555,0.240157480314961,-0.196239802384745));
#6827=CARTESIAN_POINT('',(1.1164912149422,0.240157480314961,-0.189376256369139));
#6828=CARTESIAN_POINT('',(1.13299149431812,0.240157480314961,-0.199744069061222));
#6829=CARTESIAN_POINT('Origin',(1.14527845644363,0.240157480314961,-0.182805756350744));
#6830=CARTESIAN_POINT('Origin',(1.12474135463016,0.289370078740157,-0.19456016271518));
#6831=CARTESIAN_POINT('',(1.13299149431812,0.289370078740157,-0.199744069061222));
#6832=CARTESIAN_POINT('',(1.1164912149422,0.289370078740157,-0.189376256369138));
#6833=CARTESIAN_POINT('',(0.677731107465744,0.289370078740157,0.0863149914841084));
#6834=CARTESIAN_POINT('',(1.1164912149422,0.289370078740157,-0.189376256369138));
#6835=CARTESIAN_POINT('',(1.13299149431812,0.289370078740157,-0.199744069061222));
#6836=CARTESIAN_POINT('Origin',(1.11955744828412,0.289370078740157,-0.20281030240314));
#6837=CARTESIAN_POINT('',(0.609495507614582,0.289370078740157,-0.319228611895737));
#6838=CARTESIAN_POINT('Origin',(1.14856170143975,0.289370078740157,-0.3532166252249));
#6839=CARTESIAN_POINT('',(1.1474707646639,0.289370078740157,-0.343534293541546));
#6840=CARTESIAN_POINT('',(1.1496526382156,0.289370078740157,-0.362898956908254));
#6841=CARTESIAN_POINT('',(1.12171296814549,0.289370078740157,-0.114927526546362));
#6842=CARTESIAN_POINT('',(1.1496526382156,0.240157480314961,-0.362898956908254));
#6843=CARTESIAN_POINT('',(1.1496526382156,0.289370078740157,-0.362898956908254));
#6844=CARTESIAN_POINT('',(1.1474707646639,0.240157480314961,-0.343534293541546));
#6845=CARTESIAN_POINT('',(1.1496526382156,0.240157480314961,-0.362898956908254));
#6846=CARTESIAN_POINT('',(1.1474707646639,0.289370078740157,-0.343534293541546));
#6847=CARTESIAN_POINT('Origin',(1.13086276039962,0.240157480314961,-0.339102190734003));
#6848=CARTESIAN_POINT('',(1.12656706294587,0.210629921259842,-0.344488824963606));
#6849=CARTESIAN_POINT('',(1.13515845785338,0.224409448818897,-0.333715556504401));
#6850=CARTESIAN_POINT('',(1.12656706294587,0.210629921259842,-0.344488824963606));
#6851=CARTESIAN_POINT('Origin',(1.13515845785338,0.240157480314961,-0.333715556504401));
#6852=CARTESIAN_POINT('Origin',(1.12656706294587,0.240157480314961,-0.344488824963606));
#6853=CARTESIAN_POINT('Origin',(1.1385579521562,0.21751968503937,-0.345238901382219));
#6854=CARTESIAN_POINT('',(1.11117667943272,0.210629921259842,-0.332215403667174));
#6855=CARTESIAN_POINT('',(1.11976807434022,0.224409448818898,-0.321442135207969));
#6856=CARTESIAN_POINT('',(1.11117667943272,0.210629921259842,-0.332215403667174));
#6857=CARTESIAN_POINT('',(1.14285364960995,0.224409448818898,-0.339852267152617));
#6858=CARTESIAN_POINT('',(1.13426225470245,0.210629921259842,-0.350625535611822));
#6859=CARTESIAN_POINT('Origin',(1.11547237688647,0.240157480314961,-0.326828769437571));
#6860=CARTESIAN_POINT('',(1.088091104163,0.240157480314961,-0.313805271722526));
#6861=CARTESIAN_POINT('',(1.1074557675297,0.240157480314961,-0.311623398170823));
#6862=CARTESIAN_POINT('',(1.088091104163,0.240157480314961,-0.313805271722526));
#6863=CARTESIAN_POINT('Origin',(1.11976807434022,0.240157480314961,-0.321442135207969));
#6864=CARTESIAN_POINT('Origin',(1.11117667943272,0.240157480314961,-0.332215403667174));
#6865=CARTESIAN_POINT('Origin',(1.09777343584635,0.289370078740157,-0.312714334946675));
#6866=CARTESIAN_POINT('',(1.088091104163,0.289370078740157,-0.313805271722526));
#6867=CARTESIAN_POINT('',(1.1074557675297,0.289370078740157,-0.311623398170824));
#6868=CARTESIAN_POINT('',(0.57316395738864,0.289370078740157,-0.371823627183967));
#6869=CARTESIAN_POINT('',(1.1074557675297,0.289370078740157,-0.311623398170824));
#6870=CARTESIAN_POINT('',(1.088091104163,0.289370078740157,-0.313805271722526));
#6871=CARTESIAN_POINT('Origin',(1.0966824990705,0.289370078740157,-0.303032003263321));
#6872=CARTESIAN_POINT('',(1.02672399768084,0.240157480314961,-0.390757189288277));
#6873=CARTESIAN_POINT('',(0.957379167355999,0.240157480314961,-0.477712856137576));
#6874=CARTESIAN_POINT('',(1.02672399768084,0.289370078740157,-0.390757189288277));
#6875=CARTESIAN_POINT('',(1.02672399768084,0.289370078740157,-0.390757189288277));
#6876=CARTESIAN_POINT('',(0.957379167355999,0.289370078740157,-0.477712856137576));
#6877=CARTESIAN_POINT('Origin',(0.980464742625724,0.240157480314961,-0.496122988082224));
#6878=CARTESIAN_POINT('',(1.04980957295056,0.210629921259842,-0.409167321232925));
#6879=CARTESIAN_POINT('',(0.980464742625724,0.210629921259842,-0.496122988082224));
#6880=CARTESIAN_POINT('Origin',(1.04980957295056,0.240157480314961,-0.409167321232925));
#6881=CARTESIAN_POINT('Origin',(0.848856602667799,0.210629921259842,-0.676940551604694));
#6882=CARTESIAN_POINT('',(1.06519995646371,0.210629921259842,-0.421440742529357));
#6883=CARTESIAN_POINT('',(0.717248462709874,0.210629921259842,-0.857758115127165));
#6884=CARTESIAN_POINT('',(1.11184919596768,0.210629921259842,-0.458642269645369));
#6885=CARTESIAN_POINT('Origin',(0.717248462709874,0.240157480314961,-0.857758115127165));
#6886=CARTESIAN_POINT('',(1.08828553173344,0.240157480314961,-0.439850874474004));
#6887=CARTESIAN_POINT('',(0.740334037979599,0.240157480314961,-0.876168247071813));
#6888=CARTESIAN_POINT('Origin',(1.06519995646371,0.240157480314961,-0.421440742529357));
#6889=CARTESIAN_POINT('Origin',(0.601030706265099,0.289370078740157,-1.05084909994607));
#6890=CARTESIAN_POINT('',(1.08828553173344,0.289370078740157,-0.439850874474004));
#6891=CARTESIAN_POINT('',(0.740334037979599,0.289370078740157,-0.876168247071813));
#6892=CARTESIAN_POINT('',(1.08828553173344,0.289370078740157,-0.439850874474004));
#6893=CARTESIAN_POINT('Origin',(0.599939769489247,0.289370078740157,-1.04116676826271));
#6894=CARTESIAN_POINT('',(0.609622101172601,0.289370078740157,-1.04007583148686));
#6895=CARTESIAN_POINT('',(0.590257437805894,0.289370078740157,-1.04225770503856));
#6896=CARTESIAN_POINT('',(0.361650670810712,0.289370078740157,-1.06801550155697));
#6897=CARTESIAN_POINT('',(0.590257437805893,0.240157480314961,-1.04225770503856));
#6898=CARTESIAN_POINT('',(0.590257437805893,0.289370078740157,-1.04225770503856));
#6899=CARTESIAN_POINT('',(0.609622101172601,0.240157480314961,-1.04007583148686));
#6900=CARTESIAN_POINT('',(0.590257437805893,0.240157480314961,-1.04225770503856));
#6901=CARTESIAN_POINT('',(0.609622101172601,0.289370078740157,-1.04007583148686));
#6902=CARTESIAN_POINT('Origin',(0.582240828449124,0.240157480314961,-1.02705233377182));
#6903=CARTESIAN_POINT('',(0.577945130995373,0.224409448818897,-1.03243896800142));
#6904=CARTESIAN_POINT('Origin',(0.577945130995373,0.240157480314961,-1.03243896800142));
#6905=CARTESIAN_POINT('',(0.586536525902875,0.210629921259842,-1.02166569954221));
#6906=CARTESIAN_POINT('',(0.577945130995373,0.224409448818897,-1.03243896800142));
#6907=CARTESIAN_POINT('Origin',(0.586536525902875,0.240157480314961,-1.02166569954221));
#6908=CARTESIAN_POINT('Origin',(0.559155253179399,0.21751968503937,-1.00864220182717));
#6909=CARTESIAN_POINT('',(0.562554747482223,0.224409448818898,-1.02016554670499));
#6910=CARTESIAN_POINT('',(0.554859555725648,0.224409448818898,-1.01402883605677));
#6911=CARTESIAN_POINT('',(0.571146142389725,0.210629921259842,-1.00939227824578));
#6912=CARTESIAN_POINT('',(0.562554747482223,0.224409448818898,-1.02016554670499));
#6913=CARTESIAN_POINT('',(0.56345095063315,0.210629921259842,-1.00325556759757));
#6914=CARTESIAN_POINT('Origin',(0.566850444935974,0.240157480314961,-1.01477891247538));
#6915=CARTESIAN_POINT('',(0.550242440671703,0.240157480314961,-1.01034680966784));
#6916=CARTESIAN_POINT('Origin',(0.562554747482223,0.240157480314961,-1.02016554670499));
#6917=CARTESIAN_POINT('',(0.54806056712,0.240157480314961,-0.990982146301135));
#6918=CARTESIAN_POINT('',(0.550242440671703,0.240157480314961,-1.01034680966784));
#6919=CARTESIAN_POINT('Origin',(0.571146142389725,0.240157480314961,-1.00939227824578));
#6920=CARTESIAN_POINT('Origin',(0.549151503895851,0.289370078740157,-1.00066447798449));
#6921=CARTESIAN_POINT('',(0.550242440671703,0.289370078740157,-1.01034680966784));
#6922=CARTESIAN_POINT('',(0.54806056712,0.289370078740157,-0.990982146301135));
#6923=CARTESIAN_POINT('',(0.490042211658556,0.289370078740157,-0.476054999526778));
#6924=CARTESIAN_POINT('',(0.54806056712,0.289370078740157,-0.990982146301135));
#6925=CARTESIAN_POINT('',(0.550242440671703,0.289370078740157,-1.01034680966784));
#6926=CARTESIAN_POINT('Origin',(0.539469172212498,0.289370078740157,-1.00175541476034));
#6927=CARTESIAN_POINT('',(0.130431254391748,0.289370078740157,-0.675558560254425));
#6928=CARTESIAN_POINT('Origin',(-0.995855126138875,0.240157480314961,-0.508396409378655));
#6929=CARTESIAN_POINT('',(-1.06636101754725,0.210629921259842,-0.419984817980999));
#6930=CARTESIAN_POINT('',(-0.995855126138875,0.210629921259842,-0.508396409378655));
#6931=CARTESIAN_POINT('',(-1.08944659281698,0.240157480314961,-0.438394949925647));
#6932=CARTESIAN_POINT('Origin',(-1.06636101754725,0.240157480314961,-0.419984817980999));
#6933=CARTESIAN_POINT('',(-1.0189407014086,0.240157480314961,-0.526806541323303));
#6934=CARTESIAN_POINT('Origin',(-1.1582440331231,0.289370078740157,-0.352125688449048));
#6935=CARTESIAN_POINT('',(-1.08944659281698,0.289370078740157,-0.438394949925647));
#6936=CARTESIAN_POINT('',(-1.08944659281698,0.289370078740157,-0.438394949925647));
#6937=CARTESIAN_POINT('',(-1.0189407014086,0.289370078740157,-0.526806541323303));
#6938=CARTESIAN_POINT('Origin',(-0.601030706265099,0.289370078740157,-1.05084909994607));
#6939=CARTESIAN_POINT('',(-0.161212021418049,0.289370078740157,-0.700105402847288));
#6940=CARTESIAN_POINT('Origin',(-0.701858079196724,0.240157480314961,-0.845484693830733));
#6941=CARTESIAN_POINT('',(-1.02788505876437,0.240157480314961,-0.389301264739919));
#6942=CARTESIAN_POINT('',(-0.678772503926999,0.240157480314961,-0.827074561886085));
#6943=CARTESIAN_POINT('',(-1.0509706340341,0.210629921259842,-0.407711396684567));
#6944=CARTESIAN_POINT('Origin',(-1.0509706340341,0.240157480314961,-0.407711396684567));
#6945=CARTESIAN_POINT('',(-0.701858079196724,0.210629921259842,-0.845484693830733));
#6946=CARTESIAN_POINT('Origin',(-0.848856602667799,0.210629921259842,-0.676940551604694));
#6947=CARTESIAN_POINT('',(-0.952279799756024,0.210629921259842,-0.329008082621198));
#6948=CARTESIAN_POINT('Origin',(-1.01838583370227,0.240157480314961,0.461610913043354));
#6949=CARTESIAN_POINT('',(-0.993222572396563,0.210629921259842,0.571858364248434));
#6950=CARTESIAN_POINT('',(-1.01838583370227,0.210629921259842,0.461610913043354));
#6951=CARTESIAN_POINT('',(-1.02200981389799,0.240157480314961,0.578428864266829));
#6952=CARTESIAN_POINT('Origin',(-0.993222572396563,0.240157480314961,0.571858364248434));
#6953=CARTESIAN_POINT('',(-1.0471730752037,0.240157480314961,0.468181413061749));
#6954=CARTESIAN_POINT('Origin',(-0.997456291731177,0.289370078740157,0.686004873755917));
#6955=CARTESIAN_POINT('',(-1.02200981389799,0.289370078740157,0.578428864266829));
#6956=CARTESIAN_POINT('',(-1.02200981389799,0.289370078740157,0.578428864266829));
#6957=CARTESIAN_POINT('',(-1.0471730752037,0.289370078740157,0.468181413061749));
#6958=CARTESIAN_POINT('Origin',(-1.19632342562127,0.289370078740157,-0.185288969020753));
#6959=CARTESIAN_POINT('',(-0.647878496283158,0.289370078740157,-0.310467945204544));
#6960=CARTESIAN_POINT('Origin',(-1.09862790631303,0.240157480314961,0.0215836583094228));
#6961=CARTESIAN_POINT('',(-0.945243836560843,0.240157480314961,0.560907530884442));
#6962=CARTESIAN_POINT('',(-1.0698406648116,0.240157480314961,0.0150131582910277));
#6963=CARTESIAN_POINT('',(-0.974031078062275,0.210629921259842,0.567478030902837));
#6964=CARTESIAN_POINT('Origin',(-0.974031078062275,0.240157480314961,0.567478030902837));
#6965=CARTESIAN_POINT('',(-1.09862790631303,0.210629921259842,0.0215836583094228));
#6966=CARTESIAN_POINT('Origin',(-1.05850687000765,0.210629921259842,0.241597285676389));
#6967=CARTESIAN_POINT('',(-0.850965620643654,0.210629921259842,0.539389143324198));
#6968=CARTESIAN_POINT('Origin',(-0.274051237202662,0.240157480314961,1.08401580279711));
#6969=CARTESIAN_POINT('',(-0.172167272183059,0.210629921259842,1.13308053441403));
#6970=CARTESIAN_POINT('',(-0.274051237202662,0.210629921259842,1.08401580279711));
#6971=CARTESIAN_POINT('',(-0.184978799912908,0.240157480314961,1.15968394586784));
#6972=CARTESIAN_POINT('Origin',(-0.172167272183059,0.240157480314961,1.13308053441403));
#6973=CARTESIAN_POINT('',(-0.286862764932511,0.240157480314961,1.11061921425093));
#6974=CARTESIAN_POINT('Origin',(-0.085563618265337,0.289370078740157,1.20755977407345));
#6975=CARTESIAN_POINT('',(-0.184978799912908,0.289370078740157,1.15968394586784));
#6976=CARTESIAN_POINT('',(-0.184978799912908,0.289370078740157,1.15968394586784));
#6977=CARTESIAN_POINT('',(-0.286862764932511,0.289370078740157,1.11061921425093));
#6978=CARTESIAN_POINT('Origin',(-0.890760204934034,0.289370078740157,0.819797534783351));
#6979=CARTESIAN_POINT('',(-0.646679249134192,0.289370078740157,0.31295820756915));
#6980=CARTESIAN_POINT('Origin',(-0.668108512050445,0.240157480314961,0.87239907551619));
#6981=CARTESIAN_POINT('',(-0.150814725966643,0.240157480314961,1.08874151532434));
#6982=CARTESIAN_POINT('',(-0.655296984320596,0.240157480314961,0.845795664062378));
#6983=CARTESIAN_POINT('',(-0.163626253696493,0.210629921259842,1.11534492677816));
#6984=CARTESIAN_POINT('Origin',(-0.163626253696493,0.240157480314961,1.11534492677816));
#6985=CARTESIAN_POINT('',(-0.668108512050445,0.210629921259842,0.87239907551619));
#6986=CARTESIAN_POINT('Origin',(-0.471079874626553,0.210629921259842,0.978207439156652));
#6987=CARTESIAN_POINT('',(-0.108856972651387,0.210629921259842,1.00161534281311));
#6988=CARTESIAN_POINT('Origin',(0.676649530537011,0.240157480314961,0.890134683152064));
#6989=CARTESIAN_POINT('',(0.778533495556615,0.210629921259842,0.841069951535149));
#6990=CARTESIAN_POINT('',(0.676649530537011,0.210629921259842,0.890134683152064));
#6991=CARTESIAN_POINT('',(0.791345023286464,0.240157480314961,0.867673362988961));
#6992=CARTESIAN_POINT('Origin',(0.778533495556615,0.240157480314961,0.841069951535149));
#6993=CARTESIAN_POINT('',(0.68946105826686,0.240157480314961,0.916738094605876));
#6994=CARTESIAN_POINT('Origin',(0.890760204934035,0.289370078740157,0.819797534783351));
#6995=CARTESIAN_POINT('',(0.791345023286464,0.289370078740157,0.867673362988961));
#6996=CARTESIAN_POINT('',(0.791345023286464,0.289370078740157,0.867673362988961));
#6997=CARTESIAN_POINT('',(0.68946105826686,0.289370078740157,0.916738094605876));
#6998=CARTESIAN_POINT('Origin',(0.0855636182653374,0.289370078740157,1.20755977407345));
#6999=CARTESIAN_POINT('',(-0.158517337534506,0.289370078740157,0.700720446859251));
#7000=CARTESIAN_POINT('Origin',(0.265510218716096,0.240157480314961,1.06628019516124));
#7001=CARTESIAN_POINT('',(0.7571809493402,0.240157480314961,0.796730932445463));
#7002=CARTESIAN_POINT('',(0.252698690986247,0.240157480314961,1.03967678370743));
#7003=CARTESIAN_POINT('',(0.769992477070049,0.210629921259842,0.823334343899275));
#7004=CARTESIAN_POINT('Origin',(0.769992477070049,0.240157480314961,0.823334343899275));
#7005=CARTESIAN_POINT('',(0.265510218716096,0.210629921259842,1.06628019516124));
#7006=CARTESIAN_POINT('Origin',(0.471079874626554,0.210629921259842,0.978207439156652));
#7007=CARTESIAN_POINT('',(0.715223196024943,0.210629921259842,0.70960475993423));
#7008=CARTESIAN_POINT('Origin',(1.11781940064731,0.240157480314961,0.0259639916550193));
#7009=CARTESIAN_POINT('',(1.14298266195302,0.210629921259842,-0.0842834595500606));
#7010=CARTESIAN_POINT('',(1.11781940064731,0.210629921259842,0.0259639916550193));
#7011=CARTESIAN_POINT('',(1.17176990345445,0.240157480314961,-0.0777129595316655));
#7012=CARTESIAN_POINT('Origin',(1.14298266195302,0.240157480314961,-0.0842834595500606));
#7013=CARTESIAN_POINT('',(1.14660664214875,0.240157480314961,0.0325344916734144));
#7014=CARTESIAN_POINT('Origin',(1.19632342562127,0.289370078740157,-0.185288969020753));
#7015=CARTESIAN_POINT('',(1.17176990345445,0.289370078740157,-0.0777129595316655));
#7016=CARTESIAN_POINT('',(1.17176990345445,0.289370078740157,-0.0777129595316655));
#7017=CARTESIAN_POINT('',(1.14660664214875,0.289370078740157,0.0325344916734144));
#7018=CARTESIAN_POINT('Origin',(0.997456291731178,0.289370078740157,0.686004873755916));
#7019=CARTESIAN_POINT('',(0.449011362393066,0.289370078740157,0.560825897572125));
#7020=CARTESIAN_POINT('Origin',(0.999194339367981,0.240157480314961,0.457230579697757));
#7021=CARTESIAN_POINT('',(1.0950039261173,0.240157480314961,-0.0952342929140524));
#7022=CARTESIAN_POINT('',(0.970407097866549,0.240157480314961,0.450660079679362));
#7023=CARTESIAN_POINT('',(1.12379116761873,0.210629921259842,-0.0886637928956573));
#7024=CARTESIAN_POINT('Origin',(1.12379116761873,0.240157480314961,-0.0886637928956575));
#7025=CARTESIAN_POINT('',(0.999194339367981,0.210629921259842,0.457230579697757));
#7026=CARTESIAN_POINT('Origin',(1.05850687000765,0.210629921259842,0.241597285676388));
#7027=CARTESIAN_POINT('',(1.00072571020011,0.210629921259842,-0.116752680474296));
#7028=CARTESIAN_POINT('Origin',(0.717248462709874,0.240157480314961,-0.857758115127165));
#7029=CARTESIAN_POINT('',(0.646742571301498,0.210629921259842,-0.946169706524821));
#7030=CARTESIAN_POINT('',(0.717248462709874,0.210629921259842,-0.857758115127165));
#7031=CARTESIAN_POINT('',(0.669828146571224,0.240157480314961,-0.964579838469469));
#7032=CARTESIAN_POINT('Origin',(0.646742571301498,0.240157480314961,-0.946169706524821));
#7033=CARTESIAN_POINT('',(0.740334037979599,0.240157480314961,-0.876168247071813));
#7034=CARTESIAN_POINT('Origin',(0.601030706265099,0.289370078740157,-1.05084909994607));
#7035=CARTESIAN_POINT('',(0.669828146571224,0.289370078740157,-0.964579838469469));
#7036=CARTESIAN_POINT('',(0.669828146571224,0.289370078740157,-0.964579838469469));
#7037=CARTESIAN_POINT('',(0.740334037979599,0.289370078740157,-0.876168247071813));
#7038=CARTESIAN_POINT('Origin',(1.1582440331231,0.289370078740157,-0.352125688449048));
#7039=CARTESIAN_POINT('',(0.718425348276051,0.289370078740157,-0.00138199135026952));
#7040=CARTESIAN_POINT('Origin',(0.980464742625724,0.240157480314961,-0.496122988082224));
#7041=CARTESIAN_POINT('',(0.608266612518623,0.240157480314961,-0.915486153283741));
#7042=CARTESIAN_POINT('',(0.957379167355999,0.240157480314961,-0.477712856137576));
#7043=CARTESIAN_POINT('',(0.631352187788348,0.210629921259842,-0.933896285228389));
#7044=CARTESIAN_POINT('Origin',(0.631352187788348,0.240157480314961,-0.933896285228389));
#7045=CARTESIAN_POINT('',(0.980464742625724,0.210629921259842,-0.496122988082224));
#7046=CARTESIAN_POINT('Origin',(0.848856602667799,0.210629921259842,-0.676940551604694));
#7047=CARTESIAN_POINT('',(0.532661353510273,0.210629921259842,-0.85519297116502));
#7048=CARTESIAN_POINT('Origin',(-1.1590392483476,0.289370078740157,-0.469721957352901));
#7049=CARTESIAN_POINT('',(-1.13617491935278,0.162082112698032,-0.475659546844961));
#7050=CARTESIAN_POINT('',(-1.18190357734243,0.2,-0.463784367860841));
#7051=CARTESIAN_POINT('Ctrl Pts',(-1.13617491935278,0.162082112698032,-0.475659546844961));
#7052=CARTESIAN_POINT('Ctrl Pts',(-1.15869265105479,0.180594874323899,-0.469811964474661));
#7053=CARTESIAN_POINT('Ctrl Pts',(-1.18190357734243,0.2,-0.463784367860841));
#7054=CARTESIAN_POINT('',(-1.18190357734243,0.289370078740157,-0.463784367860841));
#7055=CARTESIAN_POINT('',(-1.18190357734243,0.289370078740157,-0.463784367860841));
#7056=CARTESIAN_POINT('',(-1.13617491935278,0.289370078740157,-0.475659546844961));
#7057=CARTESIAN_POINT('',(-0.67326942727669,0.289370078740157,-0.595870500168386));
#7058=CARTESIAN_POINT('',(-1.13617491935278,0.289370078740157,-0.475659546844961));
#7059=CARTESIAN_POINT('Origin',(-0.845893773721373,0.289370078740157,-0.244168057909614));
#7060=CARTESIAN_POINT('',(-0.527851498422124,0.289370078740157,0.00946219318114848));
#7061=CARTESIAN_POINT('',(-1.02788505876437,0.289370078740157,-0.389301264739919));
#7062=CARTESIAN_POINT('',(-1.02788505876437,0.289370078740157,-0.389301264739919));
#7063=CARTESIAN_POINT('',(-0.924076921968176,0.289370078740157,-0.306517038095487));
#7064=CARTESIAN_POINT('',(-0.527851498422124,0.289370078740157,0.00946219318114848));
#7065=CARTESIAN_POINT('',(-0.924076921968176,0.0430550643969739,-0.306517038095487));
#7066=CARTESIAN_POINT('',(-0.924076921968176,0.289370078740157,-0.306517038095487));
#7067=CARTESIAN_POINT('',(-1.11937130188127,0.141421356237309,-0.462259109074473));
#7068=CARTESIAN_POINT('Ctrl Pts',(-1.11937130188128,0.141421356237311,-0.462259109074476));
#7069=CARTESIAN_POINT('Ctrl Pts',(-1.0111096060317,0.0863230632266132,-0.375923287599159));
#7070=CARTESIAN_POINT('Ctrl Pts',(-0.924076921968565,0.0430550643971672,
-0.306517038095797));
#7071=CARTESIAN_POINT('Ctrl Pts',(-1.13617491935278,0.162082112698032,-0.475659546844961));
#7072=CARTESIAN_POINT('Ctrl Pts',(-1.12770204931535,0.151657184057433,-0.46890265846265));
#7073=CARTESIAN_POINT('Ctrl Pts',(-1.11937130188127,0.141421356237309,-0.462259109074473));
#7074=CARTESIAN_POINT('Origin',(0.,0.289370078740157,0.));
#7075=CARTESIAN_POINT('',(-1.26622976404651,0.289370078740157,-0.0930279025326112));
#7076=CARTESIAN_POINT('Origin',(0.,0.289370078740157,0.));
#7077=CARTESIAN_POINT('',(-1.23012234292925,0.289370078740157,-0.0624843087381323));
#7078=CARTESIAN_POINT('',(-0.865225576835272,0.289370078740157,0.24618516295576));
#7079=CARTESIAN_POINT('',(-0.671485499236486,0.289370078740157,-0.189989522864916));
#7080=CARTESIAN_POINT('',(-0.965142918929445,0.289370078740157,-0.122964133113749));
#7081=CARTESIAN_POINT('',(-0.671485499236486,0.289370078740157,-0.189989522864916));
#7082=CARTESIAN_POINT('',(-0.845398034315631,0.289370078740157,-0.047723435291198));
#7083=CARTESIAN_POINT('Origin',(-0.942890825533813,0.289370078740157,-0.0254713418955666));
#7084=CARTESIAN_POINT('',(-0.74055650945352,0.289370078740157,0.411617297854578));
#7085=CARTESIAN_POINT('',(-0.83041729427369,0.289370078740157,0.0179114753320666));
#7086=CARTESIAN_POINT('',(-0.815797207276071,0.289370078740157,0.531362182468392));
#7087=CARTESIAN_POINT('Origin',(-0.838049300671702,0.289370078740157,0.43386939125021));
#7088=CARTESIAN_POINT('',(-0.945243836560843,0.289370078740157,0.560907530884442));
#7089=CARTESIAN_POINT('',(-0.32171218563983,0.289370078740157,0.418590500486004));
#7090=CARTESIAN_POINT('',(-1.0698406648116,0.289370078740157,0.0150131582910277));
#7091=CARTESIAN_POINT('',(-1.080279084004,0.289370078740157,0.591728444926001));
#7092=CARTESIAN_POINT('',(-0.32171218563983,0.289370078740157,0.418590500486004));
#7093=CARTESIAN_POINT('',(-1.0995060471235,0.289370078740157,0.634884602385162));
#7094=CARTESIAN_POINT('',(-0.8856469383159,0.289370078740157,0.154864054344684));
#7095=CARTESIAN_POINT('',(-0.862213487640954,0.289370078740157,0.931976345052236));
#7096=CARTESIAN_POINT('Origin',(0.,0.289370078740157,0.));
#7097=CARTESIAN_POINT('',(-0.815820935586684,0.289370078740157,0.922790045715005));
#7098=CARTESIAN_POINT('',(-0.346984012548797,0.289370078740157,0.829954533878224));
#7099=CARTESIAN_POINT('',(-0.567204151184841,0.289370078740157,0.406531973357565));
#7100=CARTESIAN_POINT('',(-0.697893997771398,0.289370078740157,0.677912236109307));
#7101=CARTESIAN_POINT('',(-0.567204151184841,0.289370078740157,0.406531973357565));
#7102=CARTESIAN_POINT('',(-0.5644087370694,0.289370078740157,0.631203723230821));
#7103=CARTESIAN_POINT('Origin',(-0.607797110981156,0.289370078740157,0.721300610021062));
#7104=CARTESIAN_POINT('',(-0.139914069153241,0.289370078740157,0.835629581118373));
#7105=CARTESIAN_POINT('',(-0.503752958954709,0.289370078740157,0.660414006454877));
#7106=CARTESIAN_POINT('',(-0.093205556274755,0.289370078740157,0.969114841820371));
#7107=CARTESIAN_POINT('Origin',(-0.183302443064997,0.289370078740157,0.925726467908615));
#7108=CARTESIAN_POINT('',(-0.150814725966643,0.289370078740157,1.08874151532434));
#7109=CARTESIAN_POINT('',(0.126682964661889,0.289370078740157,0.512511623234785));
#7110=CARTESIAN_POINT('',(-0.655296984320596,0.289370078740157,0.845795664062378));
#7111=CARTESIAN_POINT('',(-0.210911064722788,0.289370078740157,1.21353284860714));
#7112=CARTESIAN_POINT('',(0.126682964661889,0.289370078740157,0.512511623234785));
#7113=CARTESIAN_POINT('',(-0.189158037584591,0.289370078740157,1.25547251774941));
#7114=CARTESIAN_POINT('',(-0.43111424089806,0.289370078740157,0.788982817285197));
#7115=CARTESIAN_POINT('',(0.19106713090814,0.289370078740157,1.2551833959599));
#7116=CARTESIAN_POINT('Origin',(0.,0.289370078740157,0.));
#7117=CARTESIAN_POINT('',(0.212810275966955,0.289370078740157,1.21318467425825));
#7118=CARTESIAN_POINT('',(0.432543590370877,0.289370078740157,0.788751212803223));
#7119=CARTESIAN_POINT('',(-0.035806508434889,0.289370078740157,0.696926601900813));
#7120=CARTESIAN_POINT('',(0.0948833381516681,0.289370078740157,0.968306864652555));
#7121=CARTESIAN_POINT('',(-0.035806508434889,0.289370078740157,0.696926601900813));
#7122=CARTESIAN_POINT('',(0.141591851030154,0.289370078740157,0.834821603950557));
#7123=CARTESIAN_POINT('Origin',(0.18498022494191,0.289370078740157,0.924918490740799));
#7124=CARTESIAN_POINT('',(0.566086518946313,0.289370078740157,0.630395746063004));
#7125=CARTESIAN_POINT('',(0.202247629144845,0.289370078740157,0.805611320726501));
#7126=CARTESIAN_POINT('',(0.699571779648311,0.289370078740157,0.67710425894149));
#7127=CARTESIAN_POINT('Origin',(0.609474892858069,0.289370078740157,0.720492632853246));
#7128=CARTESIAN_POINT('',(0.7571809493402,0.289370078740157,0.796730932445463));
#7129=CARTESIAN_POINT('',(0.479683258711667,0.289370078740157,0.220501040355904));
#7130=CARTESIAN_POINT('',(0.252698690986247,0.289370078740157,1.03967678370743));
#7131=CARTESIAN_POINT('',(0.817277288096345,0.289370078740157,0.921522265728257));
#7132=CARTESIAN_POINT('',(0.479683258711667,0.289370078740157,0.220501040355904));
#7133=CARTESIAN_POINT('',(0.86362983237629,0.289370078740157,0.93066402027617));
#7134=CARTESIAN_POINT('',(0.34805627304388,0.289370078740157,0.828981426493504));
#7135=CARTESIAN_POINT('',(1.10047030282422,0.289370078740157,0.633211748634587));
#7136=CARTESIAN_POINT('Origin',(0.,0.289370078740157,0.));
#7137=CARTESIAN_POINT('',(1.08119100917896,0.289370078740157,0.590026498627655));
#7138=CARTESIAN_POINT('',(0.886357047460005,0.289370078740157,0.15360214089481));
#7139=CARTESIAN_POINT('',(0.522554165486197,0.289370078740157,0.462521284500871));
#7140=CARTESIAN_POINT('',(0.816211585179155,0.289370078740157,0.529546674252038));
#7141=CARTESIAN_POINT('',(0.522554165486197,0.289370078740157,0.462521284500871));
#7142=CARTESIAN_POINT('',(0.740970887356605,0.289370078740157,0.409801789638225));
#7143=CARTESIAN_POINT('Origin',(0.838463678574787,0.289370078740157,0.432053883033856));
#7144=CARTESIAN_POINT('',(0.845812412218715,0.289370078740157,-0.0495389435075516));
#7145=CARTESIAN_POINT('',(0.755951627398546,0.289370078740157,0.34416687901496));
#7146=CARTESIAN_POINT('',(0.965557296832529,0.289370078740157,-0.124779641330103));
#7147=CARTESIAN_POINT('Origin',(0.943305203436898,0.289370078740157,-0.0272868501119202));
#7148=CARTESIAN_POINT('',(1.0950039261173,0.289370078740157,-0.0952342929140524));
#7149=CARTESIAN_POINT('',(0.471472275196288,0.289370078740157,-0.23755132331249));
#7150=CARTESIAN_POINT('',(0.970407097866549,0.289370078740157,0.450660079679362));
#7151=CARTESIAN_POINT('',(1.23003917356045,0.289370078740157,-0.0644133788724936));
#7152=CARTESIAN_POINT('',(0.471472275196288,0.289370078740157,-0.23755132331249));
#7153=CARTESIAN_POINT('',(1.26608682371976,0.289370078740157,-0.0949534665513285));
#7154=CARTESIAN_POINT('',(0.865133314329695,0.289370078740157,0.244740113412811));
#7155=CARTESIAN_POINT('',(1.18119689121045,0.289370078740157,-0.465581260578301));
#7156=CARTESIAN_POINT('Origin',(0.,0.289370078740157,0.));
#7157=CARTESIAN_POINT('',(1.13541286020192,0.289370078740157,-0.477433664816735));
#7158=CARTESIAN_POINT('',(0.672725569422984,0.289370078740157,-0.597212476020059));
#7159=CARTESIAN_POINT('',(0.687420894633778,0.289370078740157,-0.120171993843022));
#7160=CARTESIAN_POINT('',(0.922915860884641,0.289370078740157,-0.307972962643845));
#7161=CARTESIAN_POINT('',(0.687420894633778,0.289370078740157,-0.120171993843022));
#7162=CARTESIAN_POINT('',(0.782383732451964,0.289370078740157,-0.323807130704775));
#7163=CARTESIAN_POINT('Origin',(0.860566880698767,0.289370078740157,-0.386156110890648));
#7164=CARTESIAN_POINT('',(0.488624307661495,0.289370078740157,-0.692169798206633));
#7165=CARTESIAN_POINT('',(0.740408631618168,0.289370078740157,-0.376442242319748));
#7166=CARTESIAN_POINT('',(0.504458475722425,0.289370078740157,-0.832701926639309));
#7167=CARTESIAN_POINT('Origin',(0.566807455908298,0.289370078740157,-0.754518778392506));
#7168=CARTESIAN_POINT('',(0.608266612518623,0.289370078740157,-0.915486153283741));
#7169=CARTESIAN_POINT('',(0.108233052176373,0.289370078740157,-0.516722695362673));
#7170=CARTESIAN_POINT('',(0.957379167355999,0.289370078740157,-0.477712856137576));
#7171=CARTESIAN_POINT('',(0.716556473107032,0.289370078740157,-1.00184443538878));
#7172=CARTESIAN_POINT('',(0.108233052176373,0.289370078740157,-0.516722695362673));
#7173=CARTESIAN_POINT('',(0.715154613337682,0.289370078740157,-1.04906905636795));
#7174=CARTESIAN_POINT('',(0.730747324421745,0.289370078740157,-0.52379549685623));
#7175=CARTESIAN_POINT('',(0.372458128489687,0.289370078740157,-1.21378208444879));
#7176=CARTESIAN_POINT('Origin',(0.,0.289370078740157,0.));
#7177=CARTESIAN_POINT('',(0.334645669291339,0.289370078740157,-1.1853765407822));
#7178=CARTESIAN_POINT('',(-0.0474819834903257,0.289370078740157,-0.89831391757743));
#7179=CARTESIAN_POINT('',(0.334645669291339,0.289370078740157,-1.12509842519685));
#7180=CARTESIAN_POINT('',(0.334645669291339,0.289370078740157,-0.612373309761181));
#7181=CARTESIAN_POINT('',(0.433070866141732,0.289370078740157,-1.12509842519685));
#7182=CARTESIAN_POINT('',(-0.223425196850394,0.289370078740157,-1.12509842519685));
#7183=CARTESIAN_POINT('',(0.446850393700787,0.289370078740157,-1.1113188976378));
#7184=CARTESIAN_POINT('',(0.609522637795276,0.289370078740157,-0.948646653543306));
#7185=CARTESIAN_POINT('',(0.446850393700787,0.289370078740157,-1.06013779527559));
#7186=CARTESIAN_POINT('',(0.446850393700787,0.289370078740157,-0.562549212598425));
#7187=CARTESIAN_POINT('',(0.433070866141732,0.289370078740157,-1.04635826771654));
#7188=CARTESIAN_POINT('',(0.0666584645669298,0.289370078740157,-0.679945866141731));
#7189=CARTESIAN_POINT('',(0.334645669291339,0.289370078740157,-1.04635826771654));
#7190=CARTESIAN_POINT('',(0.223425196850394,0.289370078740157,-1.04635826771654));
#7191=CARTESIAN_POINT('',(0.334645669291339,0.289370078740157,-0.913582677165355));
#7192=CARTESIAN_POINT('',(0.334645669291339,0.289370078740157,-0.612373309761181));
#7193=CARTESIAN_POINT('',(0.234645669291339,0.289370078740157,-0.813582677165354));
#7194=CARTESIAN_POINT('Origin',(0.234645669291339,0.289370078740157,-0.913582677165355));
#7195=CARTESIAN_POINT('',(-0.236507866684262,0.289370078740157,-0.813582677165354));
#7196=CARTESIAN_POINT('',(0.167322834645669,0.289370078740157,-0.813582677165354));
#7197=CARTESIAN_POINT('',(-0.336507866684262,0.289370078740157,-0.913582677165354));
#7198=CARTESIAN_POINT('Origin',(-0.236507866684262,0.289370078740157,-0.913582677165354));
#7199=CARTESIAN_POINT('',(-0.336507866684262,0.289370078740157,-1.04635826771654));
#7200=CARTESIAN_POINT('',(-0.336507866684262,0.289370078740157,-0.406791338582677));
#7201=CARTESIAN_POINT('',(-0.433070866141732,0.289370078740157,-1.04635826771654));
#7202=CARTESIAN_POINT('',(0.223425196850394,0.289370078740157,-1.04635826771654));
#7203=CARTESIAN_POINT('',(-0.446850393700787,0.289370078740157,-1.06013779527559));
#7204=CARTESIAN_POINT('',(-0.0666584645669298,0.289370078740157,-0.679945866141731));
#7205=CARTESIAN_POINT('',(-0.446850393700787,0.289370078740157,-1.1113188976378));
#7206=CARTESIAN_POINT('',(-0.446850393700787,0.289370078740157,-0.523179133858268));
#7207=CARTESIAN_POINT('',(-0.433070866141732,0.289370078740157,-1.12509842519685));
#7208=CARTESIAN_POINT('',(-0.609522637795276,0.289370078740157,-0.948646653543306));
#7209=CARTESIAN_POINT('',(-0.336507866684262,0.289370078740157,-1.12509842519685));
#7210=CARTESIAN_POINT('',(-0.223425196850394,0.289370078740157,-1.12509842519685));
#7211=CARTESIAN_POINT('',(-0.336507866684262,0.289370078740157,-1.18486619815516));
#7212=CARTESIAN_POINT('',(-0.336507866684262,0.289370078740157,-0.406791338582677));
#7213=CARTESIAN_POINT('',(-0.374303607383217,0.289370078740157,-1.21321424963063));
#7214=CARTESIAN_POINT('',(0.0460936946953294,0.289370078740157,-0.897902414511587));
#7215=CARTESIAN_POINT('',(-0.716749201745028,0.289370078740157,-1.04798024208702));
#7216=CARTESIAN_POINT('Origin',(0.,0.289370078740157,0.));
#7217=CARTESIAN_POINT('',(-0.718116536123236,0.289370078740157,-1.00070670426384));
#7218=CARTESIAN_POINT('',(-0.731934634379468,0.289370078740157,-0.52296665693453));
#7219=CARTESIAN_POINT('',(-0.270124570555098,0.289370078740157,-0.643445033290129));
#7220=CARTESIAN_POINT('',(-0.505619536805961,0.289370078740157,-0.831246002090951));
#7221=CARTESIAN_POINT('',(-0.270124570555098,0.289370078740157,-0.643445033290129));
#7222=CARTESIAN_POINT('',(-0.489785368745031,0.289370078740157,-0.690713873658275));
#7223=CARTESIAN_POINT('Origin',(-0.567968516991834,0.289370078740157,-0.753062853844149));
#7224=CARTESIAN_POINT('',(-0.7835447935355,0.289370078740157,-0.322351206156417));
#7225=CARTESIAN_POINT('',(-0.531760469578828,0.289370078740157,-0.638078762043301));
#7226=CARTESIAN_POINT('Origin',(-0.861727941782303,0.289370078740157,-0.38470018634229));
#7227=CARTESIAN_POINT('',(-0.678772503926998,0.289370078740157,-0.827074561886085));
#7228=CARTESIAN_POINT('Origin',(-0.717432868934132,0.289370078740157,-1.02434347317543));
#7229=CARTESIAN_POINT('',(-0.716749201745028,0.2,-1.04798024208702));
#7230=CARTESIAN_POINT('',(-0.716749201745028,0.289370078740157,-1.04798024208702));
#7231=CARTESIAN_POINT('',(-0.718116536123236,0.16206580031561,-1.00070670426384));
#7232=CARTESIAN_POINT('Ctrl Pts',(-0.716749201745028,0.2,-1.04798024208702));
#7233=CARTESIAN_POINT('Ctrl Pts',(-0.717443237079316,0.180585810323006,
-1.02398501008743));
#7234=CARTESIAN_POINT('Ctrl Pts',(-0.718116536123236,0.16206580031561,-1.00070670426384));
#7235=CARTESIAN_POINT('',(-0.718116536123236,0.289370078740157,-1.00070670426384));
#7236=CARTESIAN_POINT('Origin',(0.,0.289370078740157,0.));
#7237=CARTESIAN_POINT('',(-0.374303607383217,0.2,-1.21321424963063));
#7238=CARTESIAN_POINT('',(-0.374303607383218,0.289370078740157,-1.21321424963063));
#7239=CARTESIAN_POINT('Origin',(0.,0.2,0.));
#7240=CARTESIAN_POINT('Origin',(-0.567968516991834,0.0196850393700787,-0.753062853844149));
#7241=CARTESIAN_POINT('',(-0.499085371651245,0.0393700787391405,-0.825555007129779));
#7242=CARTESIAN_POINT('',(-0.428644989214722,0.,-0.756664722217409));
#7243=CARTESIAN_POINT('Ctrl Pts',(-0.499085371650719,0.039370078738597,
-0.825555007131432));
#7244=CARTESIAN_POINT('Ctrl Pts',(-0.490224205928025,0.0360902753564385,
-0.821659349252048));
#7245=CARTESIAN_POINT('Ctrl Pts',(-0.48175744552589,0.0325581850300643,
-0.816757785678012));
#7246=CARTESIAN_POINT('Ctrl Pts',(-0.456831853010378,0.020861078676578,
-0.798615508403673));
#7247=CARTESIAN_POINT('Ctrl Pts',(-0.442770816650539,0.0120943080531207,
-0.782220322877867));
#7248=CARTESIAN_POINT('Ctrl Pts',(-0.431492057999163,0.00261035564726927,
-0.762294722765643));
#7249=CARTESIAN_POINT('Ctrl Pts',(-0.4300322464732,0.00131295380710865,
-0.759521878182027));
#7250=CARTESIAN_POINT('Ctrl Pts',(-0.428644989214723,-3.18742699070601E-16,
-0.756664722217409));
#7251=CARTESIAN_POINT('',(-0.459004601718731,0.,-0.666167031065412));
#7252=CARTESIAN_POINT('Origin',(-0.567968516991834,0.,-0.753062853844149));
#7253=CARTESIAN_POINT('',(-0.489785368745031,0.0393700787401575,-0.690713873658275));
#7254=CARTESIAN_POINT('',(-0.459004601718731,0.,-0.666167031065412));
#7255=CARTESIAN_POINT('Origin',(-0.567968516991834,0.0393700787401575,-0.753062853844149));
#7256=CARTESIAN_POINT('Origin',(-0.516370086065677,0.0196850393700787,-0.62580534074687));
#7257=CARTESIAN_POINT('',(-0.7527640265092,0.,-0.297804363563553));
#7258=CARTESIAN_POINT('',(-0.500979702552527,0.,-0.613531919450438));
#7259=CARTESIAN_POINT('',(-0.7835447935355,0.0393700787401575,-0.322351206156417));
#7260=CARTESIAN_POINT('',(-0.7527640265092,0.,-0.297804363563553));
#7261=CARTESIAN_POINT('',(-0.531760469578828,0.0393700787401575,-0.638078762043301));
#7262=CARTESIAN_POINT('Origin',(-0.861727941782303,0.0196850393700787,-0.38470018634229));
#7263=CARTESIAN_POINT('',(-0.833463730468669,0.,-0.248226184397393));
#7264=CARTESIAN_POINT('',(-0.916515052735544,0.0393700787389789,-0.301043910586091));
#7265=CARTESIAN_POINT('Ctrl Pts',(-0.833463730468669,-8.29612747326325E-17,
-0.248226184397392));
#7266=CARTESIAN_POINT('Ctrl Pts',(-0.836763927984071,0.0013981172280296,
-0.248970489003096));
#7267=CARTESIAN_POINT('Ctrl Pts',(-0.839990758147419,0.00277925238144039,
-0.249817274270657));
#7268=CARTESIAN_POINT('Ctrl Pts',(-0.862086108126105,0.0123276251026265,
-0.256388537171103));
#7269=CARTESIAN_POINT('Ctrl Pts',(-0.881177908402697,0.0210772605540311,
-0.266397954460625));
#7270=CARTESIAN_POINT('Ctrl Pts',(-0.904266028122012,0.0326843001219178,
-0.28646705386452));
#7271=CARTESIAN_POINT('Ctrl Pts',(-0.910817407116315,0.0361476575516387,
-0.293460502696627));
#7272=CARTESIAN_POINT('Ctrl Pts',(-0.916515052737273,0.0393700787383475,
-0.30104391058506));
#7273=CARTESIAN_POINT('Origin',(-0.861727941782303,0.0393700787401575,-0.38470018634229));
#7274=CARTESIAN_POINT('Origin',(-0.861727941782303,0.,-0.38470018634229));
#7275=CARTESIAN_POINT('Origin',(0.,0.,0.));
#7276=CARTESIAN_POINT('',(-0.325585090431555,0.,-0.806394678501734));
#7277=CARTESIAN_POINT('Origin',(0.,0.,0.));
#7278=CARTESIAN_POINT('',(-0.236507866684262,0.,-0.774212598425197));
#7279=CARTESIAN_POINT('Origin',(-0.236507866684262,0.,-0.913582677165354));
#7280=CARTESIAN_POINT('',(0.234645669291339,0.,-0.774212598425197));
#7281=CARTESIAN_POINT('',(0.167322834645669,0.,-0.774212598425197));
#7282=CARTESIAN_POINT('',(0.324328522109271,0.,-0.806900885099065));
#7283=CARTESIAN_POINT('Origin',(0.234645669291339,0.,-0.913582677165355));
#7284=CARTESIAN_POINT('',(0.427465763426013,0.,-0.757331532240573));
#7285=CARTESIAN_POINT('Origin',(0.,0.,0.));
#7286=CARTESIAN_POINT('',(0.457843540635195,0.,-0.667622955613769));
#7287=CARTESIAN_POINT('Origin',(0.566807455908298,0.,-0.754518778392506));
#7288=CARTESIAN_POINT('',(0.751602965425664,0.,-0.299260288111911));
#7289=CARTESIAN_POINT('',(0.709627864591867,0.,-0.351895399726885));
#7290=CARTESIAN_POINT('',(0.833076041188812,0.,-0.249524223722697));
#7291=CARTESIAN_POINT('Origin',(0.860566880698767,0.,-0.386156110890648));
#7292=CARTESIAN_POINT('',(0.858626178711309,0.,-0.137982295454358));
#7293=CARTESIAN_POINT('Origin',(0.,0.,0.));
#7294=CARTESIAN_POINT('',(0.80742942355014,0.,-0.0582996101987451));
#7295=CARTESIAN_POINT('Origin',(0.943305203436898,0.,-0.0272868501119202));
#7296=CARTESIAN_POINT('',(0.702587898688029,0.,0.401041122947031));
#7297=CARTESIAN_POINT('',(0.71756863872997,0.,0.335406212323767));
#7298=CARTESIAN_POINT('',(0.714500309598871,0.,0.495749267483428));
#7299=CARTESIAN_POINT('Origin',(0.838463678574787,0.,0.432053883033856));
#7300=CARTESIAN_POINT('',(0.643223568644858,0.,0.585270424134871));
#7301=CARTESIAN_POINT('Origin',(0.,0.,0.));
#7302=CARTESIAN_POINT('',(0.549004481973181,0.,0.594924530791255));
#7303=CARTESIAN_POINT('Origin',(0.609474892858069,0.,0.720492632853246));
#7304=CARTESIAN_POINT('',(0.124509814057022,0.,0.799350388678808));
#7305=CARTESIAN_POINT('',(0.185165592171713,0.,0.770140105454752));
#7306=CARTESIAN_POINT('',(0.0578912717307953,0.,0.867713448832407));
#7307=CARTESIAN_POINT('Origin',(0.18498022494191,0.,0.924918490740799));
#7308=CARTESIAN_POINT('',(-0.0565395079808075,0.,0.867802577009613));
#7309=CARTESIAN_POINT('Origin',(0.,0.,0.));
#7310=CARTESIAN_POINT('',(-0.122832032180109,0.,0.800158365846624));
#7311=CARTESIAN_POINT('Origin',(-0.183302443064997,0.,0.925726467908615));
#7312=CARTESIAN_POINT('',(-0.547326700096268,0.,0.595732507959072));
#7313=CARTESIAN_POINT('',(-0.486670921981577,0.,0.624942791183128));
#7314=CARTESIAN_POINT('',(-0.642311074517304,0.,0.586271705081923));
#7315=CARTESIAN_POINT('Origin',(-0.607797110981156,0.,0.721300610021062));
#7316=CARTESIAN_POINT('',(-0.713727181901147,0.,0.496861689449575));
#7317=CARTESIAN_POINT('Origin',(0.,0.,0.));
#7318=CARTESIAN_POINT('',(-0.702173520784944,0.,0.402856631163385));
#7319=CARTESIAN_POINT('Origin',(-0.838049300671702,0.,0.43386939125021));
#7320=CARTESIAN_POINT('',(-0.807015045647055,0.,-0.0564841019823916));
#7321=CARTESIAN_POINT('',(-0.792034305605114,0.,0.00915080864087304));
#7322=CARTESIAN_POINT('',(-0.858840080895723,0.,-0.136644590358587));
#7323=CARTESIAN_POINT('Origin',(-0.942890825533813,0.,-0.0254713418955666));
#7324=CARTESIAN_POINT('Origin',(0.,0.,0.));
#7325=CARTESIAN_POINT('Origin',(0.,0.0707106781186547,-3.70781360119167E-17));
#7326=CARTESIAN_POINT('',(-0.505619536805961,0.0427891079252666,-0.831246002090951));
#7327=CARTESIAN_POINT('Ctrl Pts',(-0.505619536805961,0.0427891079252667,
-0.831246002090951));
#7328=CARTESIAN_POINT('Ctrl Pts',(-0.50335259180107,0.0416613602873736,
-0.829438173775491));
#7329=CARTESIAN_POINT('Ctrl Pts',(-0.501170933831891,0.0405194731225261,
-0.827536739997324));
#7330=CARTESIAN_POINT('Ctrl Pts',(-0.499085371651499,0.0393700787382636,
-0.82555500713002));
#7331=CARTESIAN_POINT('',(-0.701333783328377,0.141421356237309,-0.987322905517749));
#7332=CARTESIAN_POINT('Ctrl Pts',(-0.505619536806366,0.0427891079254683,
-0.831246002091275));
#7333=CARTESIAN_POINT('Ctrl Pts',(-0.592807437633998,0.0861628770284242,
-0.900776032833829));
#7334=CARTESIAN_POINT('Ctrl Pts',(-0.701333783328382,0.141421356237311,
-0.987322905517753));
#7335=CARTESIAN_POINT('',(-0.336507866684262,0.141421356237311,-1.16337356470624));
#7336=CARTESIAN_POINT('Origin',(0.,0.141421356237309,-7.41562720238335E-17));
#7337=CARTESIAN_POINT('',(-0.336507866684262,0.0430550643969738,-0.913582677165354));
#7338=CARTESIAN_POINT('Ctrl Pts',(-0.336507866684262,0.141421356237311,
-1.16337356470624));
#7339=CARTESIAN_POINT('Ctrl Pts',(-0.336507866684262,0.0863230632265356,
-1.02490165832052));
#7340=CARTESIAN_POINT('Ctrl Pts',(-0.336507866684262,0.0430550643969738,
-0.913582677165354));
#7341=CARTESIAN_POINT('',(-0.336072181729134,0.0393700787389789,-0.904258130546595));
#7342=CARTESIAN_POINT('Ctrl Pts',(-0.336072181729172,0.0393700787379628,
-0.904258130547));
#7343=CARTESIAN_POINT('Ctrl Pts',(-0.336361075860241,0.0406094540155675,
-0.907342843129564));
#7344=CARTESIAN_POINT('Ctrl Pts',(-0.336507866684262,0.0418405542154282,
-0.910458011369166));
#7345=CARTESIAN_POINT('Ctrl Pts',(-0.336507866684262,0.0430550643969739,
-0.913582677165354));
#7346=CARTESIAN_POINT('Ctrl Pts',(-0.325585090431555,-3.42957973527144E-16,
-0.806394678501734));
#7347=CARTESIAN_POINT('Ctrl Pts',(-0.327060809168082,0.00139811724208789,
-0.809438943179382));
#7348=CARTESIAN_POINT('Ctrl Pts',(-0.328410661489557,0.0027792524015638,
-0.812489742582785));
#7349=CARTESIAN_POINT('Ctrl Pts',(-0.337049266636418,0.0123276251026263,
-0.833861698170988));
#7350=CARTESIAN_POINT('Ctrl Pts',(-0.34112713184989,0.0210772605540309,
-0.855029038286785));
#7351=CARTESIAN_POINT('Ctrl Pts',(-0.339831685300231,0.0326843001219176,
-0.885592935965155));
#7352=CARTESIAN_POINT('Ctrl Pts',(-0.338448704823319,0.0361476575516386,
-0.895075354343121));
#7353=CARTESIAN_POINT('Ctrl Pts',(-0.336072181731019,0.0393700787383475,
-0.904258130547305));
#7354=CARTESIAN_POINT('Origin',(-0.567968516991834,0.289370078740157,-0.753062853844149));
#7355=CARTESIAN_POINT('',(-0.489785368745031,0.289370078740157,-0.690713873658275));
#7356=CARTESIAN_POINT('',(-0.505619536805961,0.289370078740157,-0.831246002090951));
#7357=CARTESIAN_POINT('Origin',(-1.08989256556375,0.289370078740157,0.613306523655582));
#7358=CARTESIAN_POINT('',(-1.080279084004,0.162082112698032,0.591728444926001));
#7359=CARTESIAN_POINT('',(-1.0995060471235,0.2,0.634884602385162));
#7360=CARTESIAN_POINT('Ctrl Pts',(-1.080279084004,0.162082112698032,0.591728444926001));
#7361=CARTESIAN_POINT('Ctrl Pts',(-1.08974683608776,0.18059487432389,0.612979424457797));
#7362=CARTESIAN_POINT('Ctrl Pts',(-1.0995060471235,0.2,0.634884602385162));
#7363=CARTESIAN_POINT('',(-1.0995060471235,0.289370078740157,0.634884602385163));
#7364=CARTESIAN_POINT('',(-1.080279084004,0.289370078740157,0.591728444926001));
#7365=CARTESIAN_POINT('Origin',(-0.718304416057889,0.289370078740157,0.509110089072761));
#7366=CARTESIAN_POINT('',(-0.945243836560843,0.289370078740157,0.560907530884442));
#7367=CARTESIAN_POINT('',(-0.815797207276071,0.0430550643969746,0.531362182468392));
#7368=CARTESIAN_POINT('',(-0.815797207276071,0.289370078740157,0.531362182468392));
#7369=CARTESIAN_POINT('',(-1.05932531574835,0.141421356237309,0.586945884057768));
#7370=CARTESIAN_POINT('Ctrl Pts',(-1.05932531574836,0.141421356237311,0.586945884057768));
#7371=CARTESIAN_POINT('Ctrl Pts',(-0.924325189160123,0.086323063226633,
0.556132986122159));
#7372=CARTESIAN_POINT('Ctrl Pts',(-0.815797207276555,0.0430550643971679,
0.531362182468503));
#7373=CARTESIAN_POINT('Ctrl Pts',(-1.080279084004,0.162082112698032,0.591728444926001));
#7374=CARTESIAN_POINT('Ctrl Pts',(-1.06971358788245,0.151657184057506,0.589316939382563));
#7375=CARTESIAN_POINT('Ctrl Pts',(-1.05932531574835,0.141421356237309,0.586945884057768));
#7376=CARTESIAN_POINT('Origin',(-1.24817605348788,0.289370078740157,-0.0777561056353717));
#7377=CARTESIAN_POINT('',(-1.26622976404651,0.2,-0.0930279025326112));
#7378=CARTESIAN_POINT('',(-1.26622976404651,0.289370078740157,-0.0930279025326112));
#7379=CARTESIAN_POINT('',(-1.23012234292925,0.162065800315611,-0.0624843087381323));
#7380=CARTESIAN_POINT('Ctrl Pts',(-1.26622976404651,0.2,-0.0930279025326113));
#7381=CARTESIAN_POINT('Ctrl Pts',(-1.24790226019315,0.180585810322986,-0.0775245014133255));
#7382=CARTESIAN_POINT('Ctrl Pts',(-1.23012234292925,0.162065800315611,-0.0624843087381323));
#7383=CARTESIAN_POINT('',(-1.23012234292925,0.289370078740157,-0.0624843087381322));
#7384=CARTESIAN_POINT('Origin',(0.,0.289370078740157,0.));
#7385=CARTESIAN_POINT('Origin',(0.,0.2,0.));
#7386=CARTESIAN_POINT('Origin',(-0.942890825533813,0.0196850393700787,-0.0254713418955666));
#7387=CARTESIAN_POINT('',(-0.956619534564606,0.0393700787391405,-0.124524471822631));
#7388=CARTESIAN_POINT('Ctrl Pts',(-0.95661953456557,0.0393700787385969,
-0.124524471824072));
#7389=CARTESIAN_POINT('Ctrl Pts',(-0.948048940129864,0.0360902753564386,
-0.129023507198115));
#7390=CARTESIAN_POINT('Ctrl Pts',(-0.938937804648852,0.0325581850300644,
-0.132587012133443));
#7391=CARTESIAN_POINT('Ctrl Pts',(-0.909212748373401,0.0208610786765783,
-0.140763100218196));
#7392=CARTESIAN_POINT('Ctrl Pts',(-0.887627563394498,0.012094308053121,
-0.141534230145524));
#7393=CARTESIAN_POINT('Ctrl Pts',(-0.865016910922934,0.00261035564726952,
-0.137928910276442));
#7394=CARTESIAN_POINT('Ctrl Pts',(-0.861938836132398,0.00131295380710894,
-0.137341396565886));
#7395=CARTESIAN_POINT('Ctrl Pts',(-0.858840080895723,-8.53709864409411E-17,
-0.136644590358586));
#7396=CARTESIAN_POINT('',(-0.845398034315631,0.0393700787401575,-0.047723435291198));
#7397=CARTESIAN_POINT('',(-0.807015045647055,0.,-0.0564841019823916));
#7398=CARTESIAN_POINT('Origin',(-0.942890825533813,0.0393700787401575,-0.0254713418955666));
#7399=CARTESIAN_POINT('Origin',(-0.811225799939402,0.0196850393700788,0.0135311419864698));
#7400=CARTESIAN_POINT('',(-0.74055650945352,0.0393700787401575,0.411617297854578));
#7401=CARTESIAN_POINT('',(-0.702173520784944,0.,0.402856631163385));
#7402=CARTESIAN_POINT('',(-0.83041729427369,0.0393700787401575,0.0179114753320665));
#7403=CARTESIAN_POINT('Origin',(-0.838049300671702,0.0196850393700787,0.43386939125021));
#7404=CARTESIAN_POINT('',(-0.806803395532126,0.0393700787389789,0.528862514222394));
#7405=CARTESIAN_POINT('Ctrl Pts',(-0.713727181901147,2.70695337628666E-16,
0.496861689449574));
#7406=CARTESIAN_POINT('Ctrl Pts',(-0.716366742169405,0.00139811722802994,
0.498977821434345));
#7407=CARTESIAN_POINT('Ctrl Pts',(-0.719040681249652,0.00277925238144089,
0.50097269686594));
#7408=CARTESIAN_POINT('Ctrl Pts',(-0.737954526845005,0.012327625102627,
0.514150421691665));
#7409=CARTESIAN_POINT('Ctrl Pts',(-0.757683747174692,0.0210772605540315,
0.522836222602331));
#7410=CARTESIAN_POINT('Ctrl Pts',(-0.787769608102524,0.032684300121918,
0.528374362659065));
#7411=CARTESIAN_POINT('Ctrl Pts',(-0.797322024561554,0.0361476575516388,
0.529136092983751));
#7412=CARTESIAN_POINT('Ctrl Pts',(-0.806803395532398,0.0393700787383475,
0.528862514224389));
#7413=CARTESIAN_POINT('Origin',(-0.838049300671702,0.0393700787401575,0.43386939125021));
#7414=CARTESIAN_POINT('Origin',(0.,0.0707106781186547,-3.70781360119167E-17));
#7415=CARTESIAN_POINT('',(-0.965142918929445,0.0427891079252672,-0.122964133113749));
#7416=CARTESIAN_POINT('Ctrl Pts',(-0.965142918929444,0.042789107925267,
-0.122964133113749));
#7417=CARTESIAN_POINT('Ctrl Pts',(-0.962316084745596,0.0416613602873738,
-0.123609339569395));
#7418=CARTESIAN_POINT('Ctrl Pts',(-0.95946924246107,0.0405194731225261,
-0.12412950388408));
#7419=CARTESIAN_POINT('Ctrl Pts',(-0.956619534564953,0.0393700787382635,
-0.124524471822583));
#7420=CARTESIAN_POINT('',(-1.20919459249983,0.141421356237309,-0.0672609312073134));
#7421=CARTESIAN_POINT('Ctrl Pts',(-0.96514291892995,0.0427891079254688,
-0.122964133113634));
#7422=CARTESIAN_POINT('Ctrl Pts',(-1.07386445295303,0.0861628770284567,
-0.0981491524471794));
#7423=CARTESIAN_POINT('Ctrl Pts',(-1.20919459249983,0.141421356237311,-0.0672609312073124));
#7424=CARTESIAN_POINT('Origin',(0.,0.141421356237309,-7.41562720238335E-17));
#7425=CARTESIAN_POINT('Ctrl Pts',(-0.916515052735883,0.0393700787379627,
-0.301043910586313));
#7426=CARTESIAN_POINT('Ctrl Pts',(-0.919106900691836,0.0406094540155675,
-0.302741330896438));
#7427=CARTESIAN_POINT('Ctrl Pts',(-0.921633959876525,0.0418405542154283,
-0.304568840837347));
#7428=CARTESIAN_POINT('Ctrl Pts',(-0.924076921968176,0.0430550643969742,
-0.306517038095487));
#7429=CARTESIAN_POINT('Origin',(-0.942890825533813,0.289370078740157,-0.0254713418955666));
#7430=CARTESIAN_POINT('',(-0.845398034315631,0.289370078740157,-0.047723435291198));
#7431=CARTESIAN_POINT('',(-0.965142918929445,0.289370078740157,-0.122964133113749));
#7432=CARTESIAN_POINT('Origin',(-0.20003455115369,0.289370078740157,1.23450268317828));
#7433=CARTESIAN_POINT('',(-0.210911064722788,0.162082112698031,1.21353284860714));
#7434=CARTESIAN_POINT('',(-0.189158037584591,0.2,1.25547251774941));
#7435=CARTESIAN_POINT('Ctrl Pts',(-0.210911064722788,0.162082112698031,
1.21353284860714));
#7436=CARTESIAN_POINT('Ctrl Pts',(-0.200199426762282,0.180594874323919,
1.23418480427204));
#7437=CARTESIAN_POINT('Ctrl Pts',(-0.189158037584591,0.2,1.25547251774941));
#7438=CARTESIAN_POINT('',(-0.189158037584591,0.289370078740157,1.25547251774941));
#7439=CARTESIAN_POINT('',(-0.210911064722788,0.289370078740157,1.21353284860714));
#7440=CARTESIAN_POINT('Origin',(-0.0498171823629993,0.289370078740157,0.879017955030129));
#7441=CARTESIAN_POINT('',(-0.150814725966643,0.289370078740157,1.08874151532434));
#7442=CARTESIAN_POINT('',(-0.093205556274755,0.0430550643969749,0.969114841820371));
#7443=CARTESIAN_POINT('',(-0.093205556274755,0.289370078740157,0.969114841820371));
#7444=CARTESIAN_POINT('',(-0.20158576055849,0.141421356237309,1.19416865498043));
#7445=CARTESIAN_POINT('Ctrl Pts',(-0.201585760558491,0.141421356237311,
1.19416865498043));
#7446=CARTESIAN_POINT('Ctrl Pts',(-0.141505052053276,0.0863230632266818,
1.06940977824812));
#7447=CARTESIAN_POINT('Ctrl Pts',(-0.0932055562749707,0.0430550643971683,
0.969114841820819));
#7448=CARTESIAN_POINT('Ctrl Pts',(-0.210911064722788,0.162082112698031,
1.21353284860714));
#7449=CARTESIAN_POINT('Ctrl Pts',(-0.206208976593384,0.151657184057404,
1.20376886199786));
#7450=CARTESIAN_POINT('Ctrl Pts',(-0.20158576055849,0.141421356237309,1.19416865498043));
#7451=CARTESIAN_POINT('Origin',(-0.839017211613819,0.289370078740157,0.927383195383621));
#7452=CARTESIAN_POINT('',(-0.862213487640954,0.2,0.931976345052236));
#7453=CARTESIAN_POINT('',(-0.862213487640954,0.289370078740157,0.931976345052236));
#7454=CARTESIAN_POINT('',(-0.815820935586684,0.162065800315611,0.922790045715005));
#7455=CARTESIAN_POINT('Ctrl Pts',(-0.862213487640954,0.2,0.931976345052236));
#7456=CARTESIAN_POINT('Ctrl Pts',(-0.838665428814461,0.180585810322981,
0.927313538036622));
#7457=CARTESIAN_POINT('Ctrl Pts',(-0.815820935586684,0.162065800315611,
0.922790045715005));
#7458=CARTESIAN_POINT('',(-0.815820935586684,0.289370078740157,0.922790045715005));
#7459=CARTESIAN_POINT('Origin',(0.,0.289370078740157,0.));
#7460=CARTESIAN_POINT('Origin',(0.,0.2,0.));
#7461=CARTESIAN_POINT('Origin',(-0.607797110981156,0.0196850393700787,0.721300610021062));
#7462=CARTESIAN_POINT('',(-0.693799676468515,0.0393700787391405,0.670275530603266));
#7463=CARTESIAN_POINT('Ctrl Pts',(-0.693799676470244,0.039370078738597,
0.670275530603122));
#7464=CARTESIAN_POINT('Ctrl Pts',(-0.691973485739877,0.0360902753564388,
0.660769667375904));
#7465=CARTESIAN_POINT('Ctrl Pts',(-0.689078846030483,0.0325581850300647,
0.651424485829767));
#7466=CARTESIAN_POINT('Ctrl Pts',(-0.676937899651154,0.0208610786765787,
0.623086793475544));
#7467=CARTESIAN_POINT('Ctrl Pts',(-0.664082650599832,0.0120943080531214,
0.605730024658544));
#7468=CARTESIAN_POINT('Ctrl Pts',(-0.647166386792424,0.00261035564726991,
0.590300184887943));
#7469=CARTESIAN_POINT('Ctrl Pts',(-0.644787901835872,0.0013129538071093,
0.588259957918295));
#7470=CARTESIAN_POINT('Ctrl Pts',(-0.642311074517303,2.66337571559982E-16,
0.586271705081923));
#7471=CARTESIAN_POINT('',(-0.5644087370694,0.0393700787401575,0.631203723230821));
#7472=CARTESIAN_POINT('',(-0.547326700096268,0.,0.595732507959072));
#7473=CARTESIAN_POINT('Origin',(-0.607797110981156,0.0393700787401575,0.721300610021062));
#7474=CARTESIAN_POINT('Origin',(-0.495211940468143,0.0196850393700787,0.642678398819002));
#7475=CARTESIAN_POINT('',(-0.139914069153241,0.0393700787401575,0.835629581118373));
#7476=CARTESIAN_POINT('',(-0.122832032180109,0.,0.800158365846624));
#7477=CARTESIAN_POINT('',(-0.503752958954709,0.0393700787401575,0.660414006454877));
#7478=CARTESIAN_POINT('Origin',(-0.183302443064997,0.0196850393700787,0.925726467908615));
#7479=CARTESIAN_POINT('',(-0.0895523257030146,0.0393700787389789,0.960524678992154));
#7480=CARTESIAN_POINT('Ctrl Pts',(-0.0565395079808088,3.92687039220286E-16,
0.867802577009613));
#7481=CARTESIAN_POINT('Ctrl Pts',(-0.0565307882827072,0.00139811722803011,
0.871185655039101));
#7482=CARTESIAN_POINT('Ctrl Pts',(-0.0566383056140105,0.00277925238144105,
0.874520009281818));
#7483=CARTESIAN_POINT('Ctrl Pts',(-0.0581281353205912,0.0123276251026272,
0.897523626263344));
#7484=CARTESIAN_POINT('Ctrl Pts',(-0.0636382703923666,0.0210772605540317,
0.918364060130417));
#7485=CARTESIAN_POINT('Ctrl Pts',(-0.0780666056103381,0.0326843001219181,
0.94533910722759));
#7486=CARTESIAN_POINT('Ctrl Pts',(-0.0834268951066604,0.0361476575516388,
0.953282418238113));
#7487=CARTESIAN_POINT('Ctrl Pts',(-0.0895523257016248,0.0393700787383476,
0.960524678993611));
#7488=CARTESIAN_POINT('Origin',(-0.183302443064997,0.0393700787401575,0.925726467908615));
#7489=CARTESIAN_POINT('Origin',(0.,0.0707106781186547,-3.70781360119167E-17));
#7490=CARTESIAN_POINT('',(-0.697893997771398,0.0427891079252673,0.677912236109307));
#7491=CARTESIAN_POINT('Ctrl Pts',(-0.697893997771398,0.0427891079252674,
0.677912236109307));
#7492=CARTESIAN_POINT('Ctrl Pts',(-0.696635938205938,0.0416613602873741,
0.675299848503468));
#7493=CARTESIAN_POINT('Ctrl Pts',(-0.695267641911313,0.0405194731225264,
0.672749780434308));
#7494=CARTESIAN_POINT('Ctrl Pts',(-0.693799676468694,0.0393700787382636,
0.670275530603567));
#7495=CARTESIAN_POINT('',(-0.806507210444365,0.141421356237309,0.903449896175186));
#7496=CARTESIAN_POINT('Ctrl Pts',(-0.697893997771622,0.0427891079254689,
0.677912236109774));
#7497=CARTESIAN_POINT('Ctrl Pts',(-0.746279632355532,0.0861628770284146,
0.778386041609993));
#7498=CARTESIAN_POINT('Ctrl Pts',(-0.806507210444367,0.141421356237311,
0.903449896175189));
#7499=CARTESIAN_POINT('Origin',(0.,0.141421356237309,-7.41562720238335E-17));
#7500=CARTESIAN_POINT('Ctrl Pts',(-0.806803395532512,0.0393700787379629,
0.528862514222521));
#7501=CARTESIAN_POINT('Ctrl Pts',(-0.809746482938453,0.0406094540155677,
0.529830578299425));
#7502=CARTESIAN_POINT('Ctrl Pts',(-0.812750883375126,0.0418405542154287,
0.530666878917123));
#7503=CARTESIAN_POINT('Ctrl Pts',(-0.815797207276071,0.0430550643969746,
0.531362182468392));
#7504=CARTESIAN_POINT('Origin',(-0.607797110981156,0.289370078740157,0.721300610021062));
#7505=CARTESIAN_POINT('',(-0.5644087370694,0.289370078740157,0.631203723230821));
#7506=CARTESIAN_POINT('',(-0.697893997771398,0.289370078740157,0.677912236109307));
#7507=CARTESIAN_POINT('Origin',(0.840453560236317,0.289370078740157,0.926093143002214));
#7508=CARTESIAN_POINT('',(0.817277288096345,0.162082112698032,0.921522265728257));
#7509=CARTESIAN_POINT('',(0.86362983237629,0.2,0.93066402027617));
#7510=CARTESIAN_POINT('Ctrl Pts',(0.817277288096345,0.162082112698032,0.921522265728257));
#7511=CARTESIAN_POINT('Ctrl Pts',(0.840102234239237,0.180594874323886,0.926023853687431));
#7512=CARTESIAN_POINT('Ctrl Pts',(0.863629832376289,0.2,0.93066402027617));
#7513=CARTESIAN_POINT('',(0.86362983237629,0.289370078740157,0.93066402027617));
#7514=CARTESIAN_POINT('',(0.817277288096345,0.289370078740157,0.921522265728257));
#7515=CARTESIAN_POINT('Origin',(0.656183405736555,0.289370078740157,0.587007372151248));
#7516=CARTESIAN_POINT('',(0.7571809493402,0.289370078740157,0.796730932445463));
#7517=CARTESIAN_POINT('',(0.699571779648311,0.0430550643969747,0.67710425894149));
#7518=CARTESIAN_POINT('',(0.699571779648311,0.289370078740157,0.67710425894149));
#7519=CARTESIAN_POINT('',(0.807951983932046,0.141421356237309,0.902158072101545));
#7520=CARTESIAN_POINT('Ctrl Pts',(0.807951983932047,0.141421356237311,0.902158072101549));
#7521=CARTESIAN_POINT('Ctrl Pts',(0.747871275426773,0.0863230632266295,
0.777399195369122));
#7522=CARTESIAN_POINT('Ctrl Pts',(0.699571779648527,0.0430550643971679,
0.677104258941938));
#7523=CARTESIAN_POINT('Ctrl Pts',(0.817277288096345,0.162082112698032,0.921522265728257));
#7524=CARTESIAN_POINT('Ctrl Pts',(0.812575199966925,0.15165718405737,0.911758279118948));
#7525=CARTESIAN_POINT('Ctrl Pts',(0.807951983932046,0.141421356237309,0.902158072101546));
#7526=CARTESIAN_POINT('Origin',(0.201938703437548,0.289370078740157,1.23418403510908));
#7527=CARTESIAN_POINT('',(0.19106713090814,0.2,1.2551833959599));
#7528=CARTESIAN_POINT('',(0.19106713090814,0.289370078740157,1.2551833959599));
#7529=CARTESIAN_POINT('',(0.212810275966955,0.162065800315611,1.21318467425825));
#7530=CARTESIAN_POINT('Ctrl Pts',(0.19106713090814,0.2,1.2551833959599));
#7531=CARTESIAN_POINT('Ctrl Pts',(0.202103576118518,0.180585810323033,1.23386556959613));
#7532=CARTESIAN_POINT('Ctrl Pts',(0.212810275966955,0.162065800315611,1.21318467425825));
#7533=CARTESIAN_POINT('',(0.212810275966955,0.289370078740157,1.21318467425825));
#7534=CARTESIAN_POINT('Origin',(0.,0.289370078740157,0.));
#7535=CARTESIAN_POINT('Origin',(0.,0.2,0.));
#7536=CARTESIAN_POINT('Origin',(0.18498022494191,0.0196850393700787,0.924918490740799));
#7537=CARTESIAN_POINT('',(0.0914654889425885,0.0393700787391405,0.960344387355806));
#7538=CARTESIAN_POINT('Ctrl Pts',(0.0914654889413976,0.039370078738597,
0.960344387357068));
#7539=CARTESIAN_POINT('Ctrl Pts',(0.0851721170989564,0.0360902753564388,
0.952989805171042));
#7540=CARTESIAN_POINT('Ctrl Pts',(0.0796705382956702,0.0325581850300648,
0.944900059325301));
#7541=CARTESIAN_POINT('Ctrl Pts',(0.0650849945250703,0.0208610786765789,
0.917739623027917));
#7542=CARTESIAN_POINT('Ctrl Pts',(0.0595300429138742,0.0120943080531217,
0.896867216254007));
#7543=CARTESIAN_POINT('Ctrl Pts',(0.0580136263812516,0.00261035564727021,
0.874021200902357));
#7544=CARTESIAN_POINT('Ctrl Pts',(0.0579014738192851,0.00131295380710959,
0.870889565773695));
#7545=CARTESIAN_POINT('Ctrl Pts',(0.0578912717307964,4.62487644066469E-16,
0.867713448832406));
#7546=CARTESIAN_POINT('',(0.141591851030154,0.0393700787401575,0.834821603950557));
#7547=CARTESIAN_POINT('',(0.124509814057022,0.,0.799350388678808));
#7548=CARTESIAN_POINT('Origin',(0.18498022494191,0.0393700787401575,0.924918490740799));
#7549=CARTESIAN_POINT('Origin',(0.193706610658279,0.0196850393700787,0.787875713090626));
#7550=CARTESIAN_POINT('',(0.566086518946313,0.0393700787401575,0.630395746063004));
#7551=CARTESIAN_POINT('',(0.549004481973181,0.,0.594924530791255));
#7552=CARTESIAN_POINT('',(0.202247629144845,0.0393700787401575,0.805611320726501));
#7553=CARTESIAN_POINT('Origin',(0.609474892858069,0.0196850393700787,0.720492632853246));
#7554=CARTESIAN_POINT('',(0.695133471915003,0.0393700787389789,0.66889216934809));
#7555=CARTESIAN_POINT('Ctrl Pts',(0.643223568644858,2.27563799369012E-16,
0.585270424134871));
#7556=CARTESIAN_POINT('Ctrl Pts',(0.645874002198799,0.00139811722802997,
0.587372921450655));
#7557=CARTESIAN_POINT('Ctrl Pts',(0.648413869359865,0.002779252381441,0.589535917751298));
#7558=CARTESIAN_POINT('Ctrl Pts',(0.6654699276981,0.0123276251026272,0.605043234113265));
#7559=CARTESIAN_POINT('Ctrl Pts',(0.678328121979554,0.0210772605540317,
0.622345029167461));
#7560=CARTESIAN_POINT('Ctrl Pts',(0.690422143174977,0.0326843001219181,
0.65044422265022));
#7561=CARTESIAN_POINT('Ctrl Pts',(0.693290387962072,0.0361476575516389,
0.659587639141641));
#7562=CARTESIAN_POINT('Ctrl Pts',(0.695133471917009,0.0393700787383475,
0.668892169347911));
#7563=CARTESIAN_POINT('Origin',(0.609474892858069,0.0393700787401575,0.720492632853246));
#7564=CARTESIAN_POINT('Origin',(0.,0.0707106781186547,-3.70781360119167E-17));
#7565=CARTESIAN_POINT('',(0.0948833381516682,0.0427891079252674,0.968306864652555));
#7566=CARTESIAN_POINT('Ctrl Pts',(0.0948833381516682,0.0427891079252677,
0.968306864652555));
#7567=CARTESIAN_POINT('Ctrl Pts',(0.0936252785862089,0.0416613602873743,
0.965694477046716));
#7568=CARTESIAN_POINT('Ctrl Pts',(0.0924846738729229,0.0405194731225264,
0.963034758491066));
#7569=CARTESIAN_POINT('Ctrl Pts',(0.0914654889427127,0.0393700787382636,
0.960344387356134));
#7570=CARTESIAN_POINT('',(0.203496550824636,0.141421356237309,1.19384452471843));
#7571=CARTESIAN_POINT('Ctrl Pts',(0.0948833381518931,0.042789107925469,
0.968306864653021));
#7572=CARTESIAN_POINT('Ctrl Pts',(0.143268972735782,0.0861628770283963,
1.0687806701532));
#7573=CARTESIAN_POINT('Ctrl Pts',(0.203496550824637,0.141421356237311,1.19384452471844));
#7574=CARTESIAN_POINT('Origin',(0.,0.141421356237309,-7.41562720238335E-17));
#7575=CARTESIAN_POINT('Ctrl Pts',(-0.089552325703156,0.0393700787379628,
0.960524678992535));
#7576=CARTESIAN_POINT('Ctrl Pts',(-0.0906304477143694,0.0406094540155677,
0.96342925546165));
#7577=CARTESIAN_POINT('Ctrl Pts',(-0.0918498145956118,0.0418405542154288,
0.966299615215405));
#7578=CARTESIAN_POINT('Ctrl Pts',(-0.0932055562747551,0.0430550643969748,
0.969114841820371));
#7579=CARTESIAN_POINT('Origin',(0.18498022494191,0.289370078740157,0.924918490740799));
#7580=CARTESIAN_POINT('',(0.141591851030154,0.289370078740157,0.834821603950557));
#7581=CARTESIAN_POINT('',(0.0948833381516681,0.289370078740157,0.968306864652555));
#7582=CARTESIAN_POINT('Origin',(1.24806299864011,0.289370078740157,-0.079683422711911));
#7583=CARTESIAN_POINT('',(1.23003917356045,0.162082112698031,-0.0644133788724936));
#7584=CARTESIAN_POINT('',(1.26608682371976,0.2,-0.0949534665513285));
#7585=CARTESIAN_POINT('Ctrl Pts',(1.23003917356045,0.162082112698031,-0.0644133788724936));
#7586=CARTESIAN_POINT('Ctrl Pts',(1.24778977789612,0.180594874323908,-0.0794519461679471));
#7587=CARTESIAN_POINT('Ctrl Pts',(1.26608682371976,0.2,-0.0949534665513282));
#7588=CARTESIAN_POINT('',(1.26608682371976,0.289370078740157,-0.0949534665513285));
#7589=CARTESIAN_POINT('',(1.23003917356045,0.289370078740157,-0.0644133788724935));
#7590=CARTESIAN_POINT('Origin',(0.868064505614347,0.289370078740157,-0.147031734725734));
#7591=CARTESIAN_POINT('',(1.0950039261173,0.289370078740157,-0.0952342929140524));
#7592=CARTESIAN_POINT('',(0.965557296832529,0.0430550643969743,-0.124779641330102));
#7593=CARTESIAN_POINT('',(0.965557296832529,0.289370078740157,-0.124779641330102));
#7594=CARTESIAN_POINT('',(1.20908540530481,0.141421356237309,-0.0691959397407272));
#7595=CARTESIAN_POINT('Ctrl Pts',(1.20908540530482,0.141421356237311,-0.0691959397407262));
#7596=CARTESIAN_POINT('Ctrl Pts',(1.07408527871655,0.0863230632266202,-0.100008837676343));
#7597=CARTESIAN_POINT('Ctrl Pts',(0.965557296833014,0.0430550643971676,
-0.124779641329992));
#7598=CARTESIAN_POINT('Ctrl Pts',(1.23003917356045,0.162082112698031,-0.0644133788724935));
#7599=CARTESIAN_POINT('Ctrl Pts',(1.21947367743858,0.151657184057184,-0.0668248844160064));
#7600=CARTESIAN_POINT('Ctrl Pts',(1.20908540530481,0.141421356237309,-0.0691959397407272));
#7601=CARTESIAN_POINT('Origin',(1.09083065600159,0.289370078740157,0.611619123631121));
#7602=CARTESIAN_POINT('',(1.10047030282422,0.2,0.633211748634587));
#7603=CARTESIAN_POINT('',(1.10047030282422,0.289370078740157,0.633211748634587));
#7604=CARTESIAN_POINT('',(1.08119100917896,0.162065800315611,0.590026498627655));
#7605=CARTESIAN_POINT('Ctrl Pts',(1.10047030282422,0.2,0.633211748634587));
#7606=CARTESIAN_POINT('Ctrl Pts',(1.09068446607267,0.180585810323017,0.611291660978954));
#7607=CARTESIAN_POINT('Ctrl Pts',(1.08119100917896,0.162065800315611,0.590026498627655));
#7608=CARTESIAN_POINT('',(1.08119100917896,0.289370078740157,0.590026498627655));
#7609=CARTESIAN_POINT('Origin',(0.,0.289370078740157,0.));
#7610=CARTESIAN_POINT('Origin',(0.,0.2,0.));
#7611=CARTESIAN_POINT('Origin',(0.838463678574787,0.0196850393700787,0.432053883033856));
#7612=CARTESIAN_POINT('',(0.807855275623969,0.0393700787391405,0.527254332973971));
#7613=CARTESIAN_POINT('Ctrl Pts',(0.807855275624213,0.039370078738597,0.527254332975689));
#7614=CARTESIAN_POINT('Ctrl Pts',(0.798181378567712,0.0360902753564388,
0.527589182223068));
#7615=CARTESIAN_POINT('Ctrl Pts',(0.788426382302376,0.0325581850300647,
0.526846615700308));
#7616=CARTESIAN_POINT('Ctrl Pts',(0.75809756033198,0.0208610786765788,0.521315797963626));
#7617=CARTESIAN_POINT('Ctrl Pts',(0.738315399921859,0.0120943080531216,
0.512645101253065));
#7618=CARTESIAN_POINT('Ctrl Pts',(0.719508195627531,0.00261035564727012,
0.499586425853943));
#7619=CARTESIAN_POINT('Ctrl Pts',(0.716989858713702,0.00131295380710937,
0.497721567691864));
#7620=CARTESIAN_POINT('Ctrl Pts',(0.714500309598872,3.1710675392839E-16,
0.495749267483427));
#7621=CARTESIAN_POINT('',(0.740970887356605,0.0393700787401575,0.409801789638225));
#7622=CARTESIAN_POINT('',(0.702587898688029,0.,0.401041122947031));
#7623=CARTESIAN_POINT('Origin',(0.838463678574787,0.0393700787401575,0.432053883033856));
#7624=CARTESIAN_POINT('Origin',(0.736760133064258,0.0196850393700787,0.339786545669364));
#7625=CARTESIAN_POINT('',(0.845812412218715,0.0393700787401575,-0.0495389435075516));
#7626=CARTESIAN_POINT('',(0.80742942355014,0.,-0.0582996101987451));
#7627=CARTESIAN_POINT('',(0.755951627398545,0.0393700787401575,0.34416687901496));
#7628=CARTESIAN_POINT('Origin',(0.943305203436898,0.0196850393700787,-0.0272868501119202));
#7629=CARTESIAN_POINT('',(0.956369587042333,0.0393700787389789,-0.126429786728756));
#7630=CARTESIAN_POINT('Ctrl Pts',(0.858626178711309,-1.17181133955039E-16,
-0.137982295454359));
#7631=CARTESIAN_POINT('Ctrl Pts',(0.86192249559598,0.00139811722802955,
-0.138743602214193));
#7632=CARTESIAN_POINT('Ctrl Pts',(0.865197175473285,0.00277925238144051,
-0.139380744187092));
#7633=CARTESIAN_POINT('Ctrl Pts',(0.887955562047459,0.0123276251026267,
-0.143047053956851));
#7634=CARTESIAN_POINT('Ctrl Pts',(0.909499603128845,0.0210772605540313,
-0.142312502283642));
#7635=CARTESIAN_POINT('Ctrl Pts',(0.939008936104435,0.0326843001219179,
-0.134248428226903));
#7636=CARTESIAN_POINT('Ctrl Pts',(0.947945868348734,0.0361476575516387,
-0.130790085364331));
#7637=CARTESIAN_POINT('Ctrl Pts',(0.956369587043444,0.0393700787383475,
-0.126429786730436));
#7638=CARTESIAN_POINT('Origin',(0.943305203436898,0.0393700787401575,-0.0272868501119202));
#7639=CARTESIAN_POINT('Origin',(0.,0.0707106781186547,-3.70781360119167E-17));
#7640=CARTESIAN_POINT('',(0.816211585179155,0.0427891079252676,0.529546674252039));
#7641=CARTESIAN_POINT('Ctrl Pts',(0.816211585179156,0.0427891079252675,
0.529546674252039));
#7642=CARTESIAN_POINT('Ctrl Pts',(0.813384750995307,0.0416613602873741,
0.528901467796392));
#7643=CARTESIAN_POINT('Ctrl Pts',(0.81059414388731,0.0405194731225263,0.528134921075028));
#7644=CARTESIAN_POINT('Ctrl Pts',(0.807855275624302,0.0393700787382635,
0.527254332974078));
#7645=CARTESIAN_POINT('',(1.06026325874954,0.141421356237309,0.585249876158474));
#7646=CARTESIAN_POINT('Ctrl Pts',(0.816211585179661,0.0427891079254692,
0.529546674252154));
#7647=CARTESIAN_POINT('Ctrl Pts',(0.92493311920274,0.0861628770284572,0.554361654918608));
#7648=CARTESIAN_POINT('Ctrl Pts',(1.06026325874954,0.141421356237311,0.585249876158475));
#7649=CARTESIAN_POINT('Origin',(0.,0.141421356237309,-7.41562720238335E-17));
#7650=CARTESIAN_POINT('Ctrl Pts',(0.695133471915213,0.0393700787379629,
0.668892169348438));
#7651=CARTESIAN_POINT('Ctrl Pts',(0.696732163162852,0.0406094540155678,
0.671546052885958));
#7652=CARTESIAN_POINT('Ctrl Pts',(0.698216037969168,0.0418405542154288,
0.674289032336524));
#7653=CARTESIAN_POINT('Ctrl Pts',(0.699571779648311,0.0430550643969747,
0.67710425894149));
#7654=CARTESIAN_POINT('Origin',(0.838463678574787,0.289370078740157,0.432053883033856));
#7655=CARTESIAN_POINT('',(0.740970887356605,0.289370078740157,0.409801789638225));
#7656=CARTESIAN_POINT('',(0.816211585179155,0.289370078740157,0.529546674252039));
#7657=CARTESIAN_POINT('Origin',(0.715855543222357,0.289370078740157,-1.02545674587836));
#7658=CARTESIAN_POINT('',(0.716556473107032,0.162082112698032,-1.00184443538878));
#7659=CARTESIAN_POINT('',(0.715154613337682,0.2,-1.04906905636795));
#7660=CARTESIAN_POINT('Ctrl Pts',(0.716556473107032,0.162082112698032,-1.00184443538878));
#7661=CARTESIAN_POINT('Ctrl Pts',(0.715866168524353,0.18059487432388,-1.02509881003449));
#7662=CARTESIAN_POINT('Ctrl Pts',(0.715154613337682,0.2,-1.04906905636795));
#7663=CARTESIAN_POINT('',(0.715154613337682,0.289370078740157,-1.04906905636795));
#7664=CARTESIAN_POINT('',(0.716556473107032,0.289370078740157,-1.00184443538878));
#7665=CARTESIAN_POINT('Origin',(0.426275327475622,0.289370078740157,-0.770352946453436));
#7666=CARTESIAN_POINT('',(0.608266612518623,0.289370078740157,-0.915486153283741));
#7667=CARTESIAN_POINT('',(0.504458475722425,0.043055064396974,-0.832701926639309));
#7668=CARTESIAN_POINT('',(0.504458475722425,0.289370078740157,-0.832701926639309));
#7669=CARTESIAN_POINT('',(0.699752855635523,0.141421356237309,-0.988443997618295));
#7670=CARTESIAN_POINT('Ctrl Pts',(0.699752855635527,0.141421356237311,-0.988443997618299));
#7671=CARTESIAN_POINT('Ctrl Pts',(0.591491159785994,0.0863230632266342,
-0.902108176143015));
#7672=CARTESIAN_POINT('Ctrl Pts',(0.504458475722814,0.0430550643971673,
-0.832701926639619));
#7673=CARTESIAN_POINT('Ctrl Pts',(0.716556473107032,0.162082112698032,-1.00184443538878));
#7674=CARTESIAN_POINT('Ctrl Pts',(0.708083603069693,0.151657184057547,-0.995087547006546));
#7675=CARTESIAN_POINT('Ctrl Pts',(0.699752855635523,0.141421356237309,-0.988443997618295));
#7676=CARTESIAN_POINT('Origin',(1.15830487570618,0.289370078740157,-0.471507462697518));
#7677=CARTESIAN_POINT('',(1.18119689121045,0.2,-0.465581260578301));
#7678=CARTESIAN_POINT('',(1.18119689121045,0.289370078740157,-0.465581260578301));
#7679=CARTESIAN_POINT('',(1.13541286020192,0.162065800315611,-0.477433664816734));
#7680=CARTESIAN_POINT('Ctrl Pts',(1.18119689121045,0.2,-0.465581260578301));
#7681=CARTESIAN_POINT('Ctrl Pts',(1.15795770716557,0.18058581032302,-0.471597336432782));
#7682=CARTESIAN_POINT('Ctrl Pts',(1.13541286020192,0.162065800315611,-0.477433664816734));
#7683=CARTESIAN_POINT('',(1.13541286020192,0.289370078740157,-0.477433664816735));
#7684=CARTESIAN_POINT('Origin',(1.16619362722822,0.289370078740157,-0.501980507409598));
#7685=CARTESIAN_POINT('',(1.11863010740706,0.141421356237309,-0.464049866070643));
#7686=CARTESIAN_POINT('Ctrl Pts',(1.11863010740706,0.141421356237309,-0.464049866070643));
#7687=CARTESIAN_POINT('Ctrl Pts',(1.12695056630006,0.151649261892759,-0.470685210621099));
#7688=CARTESIAN_POINT('Ctrl Pts',(1.13541286020192,0.162065800315611,-0.477433664816734));
#7689=CARTESIAN_POINT('',(0.922915860884641,0.042789107925267,-0.307972962643845));
#7690=CARTESIAN_POINT('Ctrl Pts',(0.922915860885046,0.0427891079254686,
-0.307972962644168));
#7691=CARTESIAN_POINT('Ctrl Pts',(1.01010376171272,0.086162877028443,-0.377502993386752));
#7692=CARTESIAN_POINT('Ctrl Pts',(1.11863010740706,0.141421356237311,-0.464049866070646));
#7693=CARTESIAN_POINT('',(0.922915860884641,0.289370078740157,-0.307972962643845));
#7694=CARTESIAN_POINT('Origin',(0.860566880698767,0.0196850393700787,-0.386156110890648));
#7695=CARTESIAN_POINT('',(0.915913562516054,0.0393700787391405,-0.302868988165607));
#7696=CARTESIAN_POINT('Ctrl Pts',(0.915913562517549,0.039370078738597,-0.302868988164727));
#7697=CARTESIAN_POINT('Ctrl Pts',(0.910143782042071,0.0360902753564386,
-0.295096855796898));
#7698=CARTESIAN_POINT('Ctrl Pts',(0.903481079468142,0.0325581850300644,
-0.287933075259443));
#7699=CARTESIAN_POINT('Ctrl Pts',(0.880247200836881,0.0208610786765783,
-0.26766945587158));
#7700=CARTESIAN_POINT('Ctrl Pts',(0.861134201899189,0.0120943080531212,
-0.257609231045759));
#7701=CARTESIAN_POINT('Ctrl Pts',(0.839198418273837,0.00261035564726968,
-0.251047117568382));
#7702=CARTESIAN_POINT('Ctrl Pts',(0.836170256068969,0.00131295380710897,
-0.250240922531657));
#7703=CARTESIAN_POINT('Ctrl Pts',(0.833076041188812,-3.5575562043727E-17,
-0.249524223722697));
#7704=CARTESIAN_POINT('',(0.782383732451964,0.0393700787401575,-0.323807130704774));
#7705=CARTESIAN_POINT('',(0.751602965425664,0.,-0.299260288111911));
#7706=CARTESIAN_POINT('Origin',(0.860566880698767,0.0393700787401575,-0.386156110890648));
#7707=CARTESIAN_POINT('Origin',(0.725018248105017,0.0196850393700787,-0.364168821023316));
#7708=CARTESIAN_POINT('',(0.488624307661495,0.0393700787401575,-0.692169798206633));
#7709=CARTESIAN_POINT('',(0.457843540635195,0.,-0.667622955613769));
#7710=CARTESIAN_POINT('',(0.740408631618168,0.0393700787401575,-0.376442242319748));
#7711=CARTESIAN_POINT('Origin',(0.566807455908298,0.0196850393700787,-0.754518778392506));
#7712=CARTESIAN_POINT('',(0.497439896742484,0.0393700787389789,-0.8265475347012));
#7713=CARTESIAN_POINT('Ctrl Pts',(0.427465763426012,-3.88256079732617E-16,
-0.757331532240573));
#7714=CARTESIAN_POINT('Ctrl Pts',(0.428925769794646,0.00139811722802925,
-0.760383363558043));
#7715=CARTESIAN_POINT('Ctrl Pts',(0.430469361649282,0.00277925238144017,
-0.763340862903563));
#7716=CARTESIAN_POINT('Ctrl Pts',(0.44179254718256,0.0123276251026263,-0.78341999276933));
#7717=CARTESIAN_POINT('Ctrl Pts',(0.455799332711245,0.0210772605540309,
-0.799805816869157));
#7718=CARTESIAN_POINT('Ctrl Pts',(0.480502847855692,0.0326843001219176,
-0.817849274480297));
#7719=CARTESIAN_POINT('Ctrl Pts',(0.488778775297043,0.0361476575516386,
-0.822680207959429));
#7720=CARTESIAN_POINT('Ctrl Pts',(0.497439896741863,0.0393700787383475,
-0.826547534703115));
#7721=CARTESIAN_POINT('Origin',(0.566807455908298,0.0393700787401575,-0.754518778392506));
#7722=CARTESIAN_POINT('Origin',(0.,0.0707106781186547,-3.70781360119167E-17));
#7723=CARTESIAN_POINT('Ctrl Pts',(0.922915860884641,0.042789107925267,-0.307972962643845));
#7724=CARTESIAN_POINT('Ctrl Pts',(0.92064891587975,0.0416613602873738,-0.306165134328384));
#7725=CARTESIAN_POINT('Ctrl Pts',(0.918309690447374,0.0405194731225261,
-0.304461283899572));
#7726=CARTESIAN_POINT('Ctrl Pts',(0.915913562516346,0.0393700787382636,
-0.302868988165801));
#7727=CARTESIAN_POINT('Origin',(0.,0.141421356237309,-7.41562720238335E-17));
#7728=CARTESIAN_POINT('Ctrl Pts',(0.956369587042736,0.0393700787379627,
-0.126429786728703));
#7729=CARTESIAN_POINT('Ctrl Pts',(0.959441244432396,0.0406094540155675,
-0.126025024555889));
#7730=CARTESIAN_POINT('Ctrl Pts',(0.962510972931585,0.0418405542154284,
-0.125474944881372));
#7731=CARTESIAN_POINT('Ctrl Pts',(0.965557296832529,0.0430550643969743,
-0.124779641330103));
#7732=CARTESIAN_POINT('Origin',(0.860566880698767,0.289370078740157,-0.386156110890648));
#7733=CARTESIAN_POINT('',(0.782383732451964,0.289370078740157,-0.323807130704774));
#7734=CARTESIAN_POINT('Origin',(-0.748897303149537,0.289370078740157,-1.0252535468567));
#7735=CARTESIAN_POINT('Ctrl Pts',(-0.701333783328377,0.141421356237309,
-0.987322905517749));
#7736=CARTESIAN_POINT('Ctrl Pts',(-0.709654242221434,0.151649261892831,
-0.993958250068252));
#7737=CARTESIAN_POINT('Ctrl Pts',(-0.718116536123236,0.16206580031561,-1.00070670426384));
#7738=CARTESIAN_POINT('Origin',(-0.861727941782303,0.289370078740157,-0.38470018634229));
#7739=CARTESIAN_POINT('',(-0.7835447935355,0.289370078740157,-0.322351206156417));
#7740=CARTESIAN_POINT('Origin',(-0.427436388559158,0.289370078740157,-0.768897021905078));
#7741=CARTESIAN_POINT('Origin',(-1.26850533159783,0.289370078740157,-0.0537236420469387));
#7742=CARTESIAN_POINT('Ctrl Pts',(-1.20919459249983,0.141421356237309,-0.0672609312073133));
#7743=CARTESIAN_POINT('Ctrl Pts',(-1.21957003503297,0.151649261892764,-0.0648928041552132));
#7744=CARTESIAN_POINT('Ctrl Pts',(-1.23012234292925,0.162065800315611,-0.0624843087381323));
#7745=CARTESIAN_POINT('Origin',(-0.838049300671702,0.289370078740157,0.43386939125021));
#7746=CARTESIAN_POINT('',(-0.74055650945352,0.289370078740157,0.411617297854578));
#7747=CARTESIAN_POINT('Origin',(-0.867650127711262,0.289370078740157,-0.14521622650938));
#7748=CARTESIAN_POINT('Origin',(-0.832902972559816,0.289370078740157,0.958261260986754));
#7749=CARTESIAN_POINT('Ctrl Pts',(-0.806507210444365,0.141421356237309,
0.903449896175186));
#7750=CARTESIAN_POINT('Ctrl Pts',(-0.81112471676997,0.151649261893285,0.913038246859112));
#7751=CARTESIAN_POINT('Ctrl Pts',(-0.815820935586684,0.162065800315611,
0.922790045715005));
#7752=CARTESIAN_POINT('Origin',(-0.183302443064997,0.289370078740157,0.925726467908615));
#7753=CARTESIAN_POINT('',(-0.139914069153241,0.289370078740157,0.835629581118373));
#7754=CARTESIAN_POINT('Origin',(-0.654505623859642,0.289370078740157,0.587815349319065));
#7755=CARTESIAN_POINT('Origin',(0.229892312940087,0.289370078740157,1.24865588953));
#7756=CARTESIAN_POINT('Ctrl Pts',(0.203496550824636,0.141421356237309,1.19384452471843));
#7757=CARTESIAN_POINT('Ctrl Pts',(0.20811405715008,0.151649261892928,1.20343287540203));
#7758=CARTESIAN_POINT('Ctrl Pts',(0.212810275966955,0.162065800315611,1.21318467425825));
#7759=CARTESIAN_POINT('Origin',(0.609474892858069,0.289370078740157,0.720492632853246));
#7760=CARTESIAN_POINT('',(0.566086518946313,0.289370078740157,0.630395746063004));
#7761=CARTESIAN_POINT('Origin',(0.0514949642399125,0.289370078740157,0.878209977862313));
#7762=CARTESIAN_POINT('Origin',(1.11957399784754,0.289370078740157,0.598787165318849));
#7763=CARTESIAN_POINT('Ctrl Pts',(1.06026325874954,0.14142135623731,0.585249876158474));
#7764=CARTESIAN_POINT('Ctrl Pts',(1.07063870128274,0.151649261892822,0.587618003210587));
#7765=CARTESIAN_POINT('Ctrl Pts',(1.08119100917896,0.162065800315611,0.590026498627655));
#7766=CARTESIAN_POINT('Origin',(0.943305203436898,0.289370078740157,-0.0272868501119202));
#7767=CARTESIAN_POINT('',(0.845812412218715,0.289370078740157,-0.0495389435075516));
#7768=CARTESIAN_POINT('Origin',(0.718718793960973,0.289370078740157,0.507294580856407));
#7769=CARTESIAN_POINT('Origin',(0.566807455908298,0.289370078740157,-0.754518778392506));
#7770=CARTESIAN_POINT('Ctrl Pts',(0.497439896742776,0.0393700787379629,
-0.826547534701482));
#7771=CARTESIAN_POINT('Ctrl Pts',(0.499671499609652,0.0406094540155676,
-0.828696688065146));
#7772=CARTESIAN_POINT('Ctrl Pts',(0.502015513630774,0.0418405542154282,
-0.830753729381169));
#7773=CARTESIAN_POINT('Ctrl Pts',(0.504458475722425,0.0430550643969739,
-0.832701926639309));
#7774=CARTESIAN_POINT('',(0.488624307661495,0.289370078740157,-0.692169798206633));
#7775=CARTESIAN_POINT('Origin',(0.844732712637838,0.289370078740157,-0.245623982457971));
#7776=CARTESIAN_POINT('Origin',(-0.539469172212498,0.289370078740157,-1.00175541476034));
#7777=CARTESIAN_POINT('Origin',(-1.11955744828412,0.289370078740157,-0.20281030240314));
#7778=CARTESIAN_POINT('Origin',(-0.85659613098777,0.289370078740157,0.748855104239853));
#7779=CARTESIAN_POINT('Origin',(0.051399544319073,0.289370078740157,1.13661734352995));
#7780=CARTESIAN_POINT('Origin',(0.920690314394026,0.289370078740157,0.668483540373529));
#7781=CARTESIAN_POINT('Origin',(1.0966824990705,0.289370078740157,-0.303032003263321));
#7782=CARTESIAN_POINT('Origin',(0.,0.0707106781186547,-3.70781360119167E-17));
#7783=CARTESIAN_POINT('',(0.334270255601753,0.0393700787391405,-0.904925783815032));
#7784=CARTESIAN_POINT('Ctrl Pts',(0.334270255603373,0.0393700787385969,
-0.904925783815651));
#7785=CARTESIAN_POINT('Ctrl Pts',(0.336749354089026,0.0360902753564385,
-0.895568942522956));
#7786=CARTESIAN_POINT('Ctrl Pts',(0.338196096139039,0.0325581850300643,
-0.88589328778448));
#7787=CARTESIAN_POINT('Ctrl Pts',(0.339552745341004,0.020861078676578,-0.855094149973638));
#7788=CARTESIAN_POINT('Ctrl Pts',(0.335501385909949,0.0120943080531208,
-0.833878558096467));
#7789=CARTESIAN_POINT('Ctrl Pts',(0.328102604978235,0.0038837457501888,
-0.815489111631809));
#7790=CARTESIAN_POINT('Ctrl Pts',(0.326955115431904,0.00261035564726928,
-0.812637061033776));
#7791=CARTESIAN_POINT('Ctrl Pts',(0.325697395839516,0.00131295380710871,
-0.809766894104284));
#7792=CARTESIAN_POINT('Ctrl Pts',(0.324328522109271,-3.09584816990209E-16,
-0.806900885099065));
#7793=CARTESIAN_POINT('',(0.334645669291339,0.0427891079252667,-0.913582677165355));
#7794=CARTESIAN_POINT('Ctrl Pts',(0.334645669291339,0.0427891079252667,
-0.913582677165355));
#7795=CARTESIAN_POINT('Ctrl Pts',(0.334645669291339,0.0416613602873736,
-0.910683145673306));
#7796=CARTESIAN_POINT('Ctrl Pts',(0.334519309996666,0.040519473122526,-0.907791932219428));
#7797=CARTESIAN_POINT('Ctrl Pts',(0.334270255601783,0.0393700787382635,
-0.904925783815381));
#7798=CARTESIAN_POINT('',(0.334645669291339,0.141421356237311,-1.16391059425639));
#7799=CARTESIAN_POINT('Ctrl Pts',(0.334645669291339,0.0427891079252667,
-0.913582677165355));
#7800=CARTESIAN_POINT('Ctrl Pts',(0.334645669291339,0.0861628770283196,
-1.02510018801385));
#7801=CARTESIAN_POINT('Ctrl Pts',(0.334645669291339,0.141421356237311,-1.16391059425639));
#7802=CARTESIAN_POINT('Origin',(0.,0.141421356237309,-7.41562720238335E-17));
#7803=CARTESIAN_POINT('Origin',(0.,0.1,0.));
#7804=CARTESIAN_POINT('',(0.334645669291339,0.162065800315612,-1.18537654078221));
#7805=CARTESIAN_POINT('Ctrl Pts',(0.334645669291339,0.141421356237311,-1.16391059425639));
#7806=CARTESIAN_POINT('Ctrl Pts',(0.334645669291339,0.151649261892989,-1.17455286062678));
#7807=CARTESIAN_POINT('Ctrl Pts',(0.334645669291339,0.162065800315612,-1.18537654078221));
#7808=CARTESIAN_POINT('',(0.372458128489687,0.2,-1.21378208444879));
#7809=CARTESIAN_POINT('Ctrl Pts',(0.372458128489687,0.2,-1.21378208444879));
#7810=CARTESIAN_POINT('Ctrl Pts',(0.353265176730255,0.180585810323036,-1.19936392067813));
#7811=CARTESIAN_POINT('Ctrl Pts',(0.334645669291339,0.162065800315612,-1.1853765407822));
#7812=CARTESIAN_POINT('Origin',(0.,0.2,0.));
#7813=CARTESIAN_POINT('Origin',(0.,0.1,0.));
#7814=CARTESIAN_POINT('Origin',(0.,0.2,0.));
#7815=CARTESIAN_POINT('Origin',(0.,0.1,0.));
#7816=CARTESIAN_POINT('Origin',(0.,0.1,0.));
#7817=CARTESIAN_POINT('Origin',(0.,0.1,0.));
#7818=CARTESIAN_POINT('Origin',(0.,0.1,0.));
#7819=CARTESIAN_POINT('Origin',(0.,0.1,0.));
#7820=CARTESIAN_POINT('',(-0.336507866684262,0.162082112698033,-1.18486619815516));
#7821=CARTESIAN_POINT('Ctrl Pts',(-0.336507866684262,0.162082112698033,
-1.18486619815516));
#7822=CARTESIAN_POINT('Ctrl Pts',(-0.355119266754879,0.180594874323902,
-1.19882536174015));
#7823=CARTESIAN_POINT('Ctrl Pts',(-0.374303607383218,0.2,-1.21321424963063));
#7824=CARTESIAN_POINT('Ctrl Pts',(-0.336507866684262,0.162082112698033,
-1.18486619815516));
#7825=CARTESIAN_POINT('Ctrl Pts',(-0.336507866684262,0.151657184057531,
-1.17402899061447));
#7826=CARTESIAN_POINT('Ctrl Pts',(-0.336507866684262,0.141421356237311,
-1.16337356470624));
#7827=CARTESIAN_POINT('Origin',(0.,0.289370078740157,0.));
#7828=CARTESIAN_POINT('',(0.372458128489687,0.289370078740157,-1.21378208444879));
#7829=CARTESIAN_POINT('Origin',(0.,0.289370078740157,0.));
#7830=CARTESIAN_POINT('Origin',(0.43996062992126,0.289370078740157,-1.11820866141732));
#7831=CARTESIAN_POINT('',(0.433070866141732,0.240157480314961,-1.12509842519685));
#7832=CARTESIAN_POINT('',(0.433070866141732,0.289370078740157,-1.12509842519685));
#7833=CARTESIAN_POINT('',(0.446850393700787,0.240157480314961,-1.1113188976378));
#7834=CARTESIAN_POINT('',(0.433070866141732,0.240157480314961,-1.12509842519685));
#7835=CARTESIAN_POINT('',(0.446850393700787,0.289370078740157,-1.1113188976378));
#7836=CARTESIAN_POINT('Origin',(0.43996062992126,0.240157480314961,-1.09557086614173));
#7837=CARTESIAN_POINT('',(0.433070866141732,0.210629921259842,-1.09557086614173));
#7838=CARTESIAN_POINT('',(0.446850393700787,0.224409448818898,-1.09557086614173));
#7839=CARTESIAN_POINT('',(0.433070866141732,0.210629921259842,-1.09557086614173));
#7840=CARTESIAN_POINT('Origin',(0.446850393700787,0.240157480314961,-1.09557086614173));
#7841=CARTESIAN_POINT('Origin',(0.433070866141732,0.240157480314961,-1.09557086614173));
#7842=CARTESIAN_POINT('Origin',(0.43996062992126,0.21751968503937,-1.10541338582677));
#7843=CARTESIAN_POINT('',(0.433070866141732,0.210629921259842,-1.07588582677165));
#7844=CARTESIAN_POINT('',(0.446850393700787,0.224409448818898,-1.07588582677165));
#7845=CARTESIAN_POINT('',(0.433070866141732,0.210629921259842,-1.07588582677165));
#7846=CARTESIAN_POINT('',(0.446850393700787,0.224409448818898,-1.10541338582677));
#7847=CARTESIAN_POINT('',(0.433070866141732,0.210629921259842,-1.10541338582677));
#7848=CARTESIAN_POINT('Origin',(0.43996062992126,0.240157480314961,-1.07588582677165));
#7849=CARTESIAN_POINT('',(0.433070866141732,0.240157480314961,-1.04635826771654));
#7850=CARTESIAN_POINT('',(0.446850393700787,0.240157480314961,-1.06013779527559));
#7851=CARTESIAN_POINT('',(0.433070866141732,0.240157480314961,-1.04635826771654));
#7852=CARTESIAN_POINT('Origin',(0.446850393700787,0.240157480314961,-1.07588582677165));
#7853=CARTESIAN_POINT('Origin',(0.433070866141732,0.240157480314961,-1.07588582677165));
#7854=CARTESIAN_POINT('Origin',(0.43996062992126,0.289370078740157,-1.05324803149606));
#7855=CARTESIAN_POINT('',(0.446850393700787,0.289370078740157,-1.06013779527559));
#7856=CARTESIAN_POINT('',(0.433070866141732,0.289370078740157,-1.04635826771654));
#7857=CARTESIAN_POINT('Origin',(0.446850393700787,0.289370078740157,-1.04635826771654));
#7858=CARTESIAN_POINT('',(0.334645669291339,0.240157480314961,-1.04635826771654));
#7859=CARTESIAN_POINT('',(0.223425196850394,0.240157480314961,-1.04635826771654));
#7860=CARTESIAN_POINT('',(0.334645669291339,0.289370078740157,-1.04635826771654));
#7861=CARTESIAN_POINT('Origin',(0.223425196850394,0.240157480314961,-1.07588582677165));
#7862=CARTESIAN_POINT('',(0.334645669291339,0.210629921259842,-1.07588582677165));
#7863=CARTESIAN_POINT('',(0.223425196850394,0.210629921259842,-1.07588582677165));
#7864=CARTESIAN_POINT('Origin',(0.334645669291339,0.240157480314961,-1.07588582677165));
#7865=CARTESIAN_POINT('Origin',(0.,0.210629921259842,-1.08572834645669));
#7866=CARTESIAN_POINT('',(0.334645669291339,0.210629921259842,-1.09557086614173));
#7867=CARTESIAN_POINT('',(-0.223425196850394,0.210629921259842,-1.09557086614173));
#7868=CARTESIAN_POINT('',(0.334645669291339,0.210629921259842,-1.15523748298953));
#7869=CARTESIAN_POINT('Origin',(-0.223425196850394,0.240157480314961,-1.09557086614173));
#7870=CARTESIAN_POINT('',(0.334645669291339,0.240157480314961,-1.12509842519685));
#7871=CARTESIAN_POINT('',(-0.223425196850394,0.240157480314961,-1.12509842519685));
#7872=CARTESIAN_POINT('Origin',(0.334645669291339,0.240157480314961,-1.09557086614173));
#7873=CARTESIAN_POINT('Origin',(-0.446850393700787,0.289370078740157,-1.12509842519685));
#7874=CARTESIAN_POINT('',(0.334645669291339,0.289370078740157,-1.12509842519685));
#7875=CARTESIAN_POINT('Origin',(-0.43996062992126,0.289370078740157,-1.11820866141732));
#7876=CARTESIAN_POINT('',(-0.446850393700787,0.240157480314961,-1.1113188976378));
#7877=CARTESIAN_POINT('',(-0.446850393700787,0.289370078740157,-1.1113188976378));
#7878=CARTESIAN_POINT('',(-0.433070866141732,0.240157480314961,-1.12509842519685));
#7879=CARTESIAN_POINT('',(-0.446850393700787,0.240157480314961,-1.1113188976378));
#7880=CARTESIAN_POINT('',(-0.433070866141732,0.289370078740157,-1.12509842519685));
#7881=CARTESIAN_POINT('Origin',(-0.43996062992126,0.240157480314961,-1.09557086614173));
#7882=CARTESIAN_POINT('',(-0.446850393700787,0.224409448818898,-1.09557086614173));
#7883=CARTESIAN_POINT('Origin',(-0.446850393700787,0.240157480314961,-1.09557086614173));
#7884=CARTESIAN_POINT('',(-0.433070866141732,0.210629921259842,-1.09557086614173));
#7885=CARTESIAN_POINT('',(-0.446850393700787,0.224409448818898,-1.09557086614173));
#7886=CARTESIAN_POINT('Origin',(-0.433070866141732,0.240157480314961,-1.09557086614173));
#7887=CARTESIAN_POINT('Origin',(-0.43996062992126,0.21751968503937,-1.06604330708661));
#7888=CARTESIAN_POINT('',(-0.446850393700787,0.224409448818898,-1.07588582677165));
#7889=CARTESIAN_POINT('',(-0.446850393700787,0.224409448818898,-1.06604330708661));
#7890=CARTESIAN_POINT('',(-0.433070866141732,0.210629921259842,-1.07588582677165));
#7891=CARTESIAN_POINT('',(-0.446850393700787,0.224409448818898,-1.07588582677165));
#7892=CARTESIAN_POINT('',(-0.433070866141732,0.210629921259842,-1.06604330708661));
#7893=CARTESIAN_POINT('Origin',(-0.43996062992126,0.240157480314961,-1.07588582677165));
#7894=CARTESIAN_POINT('',(-0.446850393700787,0.240157480314961,-1.06013779527559));
#7895=CARTESIAN_POINT('Origin',(-0.446850393700787,0.240157480314961,-1.07588582677165));
#7896=CARTESIAN_POINT('',(-0.433070866141732,0.240157480314961,-1.04635826771654));
#7897=CARTESIAN_POINT('',(-0.446850393700787,0.240157480314961,-1.06013779527559));
#7898=CARTESIAN_POINT('Origin',(-0.433070866141732,0.240157480314961,-1.07588582677165));
#7899=CARTESIAN_POINT('Origin',(-0.43996062992126,0.289370078740157,-1.05324803149606));
#7900=CARTESIAN_POINT('',(-0.433070866141732,0.289370078740157,-1.04635826771654));
#7901=CARTESIAN_POINT('',(-0.446850393700787,0.289370078740157,-1.06013779527559));
#7902=CARTESIAN_POINT('Origin',(-0.446850393700787,0.289370078740157,-1.04635826771654));
#7903=CARTESIAN_POINT('Origin',(-0.223425196850394,0.240157480314961,-1.09557086614173));
#7904=CARTESIAN_POINT('',(-0.336507866684262,0.210629921259842,-1.09557086614173));
#7905=CARTESIAN_POINT('',(-0.223425196850394,0.210629921259842,-1.09557086614173));
#7906=CARTESIAN_POINT('',(-0.336507866684262,0.240157480314961,-1.12509842519685));
#7907=CARTESIAN_POINT('Origin',(-0.336507866684262,0.240157480314961,-1.09557086614173));
#7908=CARTESIAN_POINT('',(-0.223425196850394,0.240157480314961,-1.12509842519685));
#7909=CARTESIAN_POINT('Origin',(-0.446850393700787,0.289370078740157,-1.12509842519685));
#7910=CARTESIAN_POINT('',(-0.336507866684262,0.289370078740157,-1.12509842519685));
#7911=CARTESIAN_POINT('Origin',(0.446850393700787,0.289370078740157,-1.12509842519685));
#7912=CARTESIAN_POINT('Origin',(0.223425196850394,0.240157480314961,-1.07588582677165));
#7913=CARTESIAN_POINT('',(-0.336507866684262,0.240157480314961,-1.04635826771654));
#7914=CARTESIAN_POINT('',(0.223425196850394,0.240157480314961,-1.04635826771654));
#7915=CARTESIAN_POINT('',(-0.336507866684262,0.210629921259842,-1.07588582677165));
#7916=CARTESIAN_POINT('Origin',(-0.336507866684262,0.240157480314961,-1.07588582677165));
#7917=CARTESIAN_POINT('',(0.223425196850394,0.210629921259842,-1.07588582677165));
#7918=CARTESIAN_POINT('Origin',(0.,0.210629921259842,-1.08572834645669));
#7919=CARTESIAN_POINT('',(-0.336507866684262,0.210629921259842,-0.949655511811024));
#7920=CARTESIAN_POINT('Origin',(-0.35540573703374,0.289370078740157,-1.19904022389289));
#7921=CARTESIAN_POINT('',(-0.336507866684262,0.289370078740157,-1.18486619815516));
#7922=CARTESIAN_POINT('Origin',(0.353551898890513,0.289370078740157,-1.1995793126155));
#7923=CARTESIAN_POINT('',(0.334645669291339,0.289370078740157,-1.1853765407822));
#7924=CARTESIAN_POINT('Origin',(0.334645669291339,0.289370078740157,-1.22474661952236));
#7925=CARTESIAN_POINT('',(0.334645669291339,0.289370078740157,-0.913582677165355));
#7926=CARTESIAN_POINT('Origin',(0.234645669291339,0.0196850393700787,-0.913582677165355));
#7927=CARTESIAN_POINT('',(0.234645669291339,0.0393700787401575,-0.813582677165354));
#7928=CARTESIAN_POINT('',(0.234645669291339,0.,-0.774212598425197));
#7929=CARTESIAN_POINT('Origin',(0.234645669291339,0.0393700787401575,-0.913582677165355));
#7930=CARTESIAN_POINT('Origin',(0.167322834645669,0.0196850393700787,-0.793897637795276));
#7931=CARTESIAN_POINT('',(-0.236507866684262,0.0393700787401575,-0.813582677165354));
#7932=CARTESIAN_POINT('',(-0.236507866684262,0.,-0.774212598425197));
#7933=CARTESIAN_POINT('',(0.167322834645669,0.0393700787401575,-0.813582677165354));
#7934=CARTESIAN_POINT('Origin',(-0.236507866684262,0.0196850393700787,-0.913582677165354));
#7935=CARTESIAN_POINT('Origin',(-0.236507866684262,0.0393700787401575,-0.913582677165354));
#7936=CARTESIAN_POINT('Origin',(0.234645669291339,0.289370078740157,-0.913582677165355));
#7937=CARTESIAN_POINT('',(0.234645669291339,0.289370078740157,-0.813582677165354));
#7938=CARTESIAN_POINT('Origin',(0.334645669291339,0.289370078740157,-0.813582677165354));
#7939=CARTESIAN_POINT('',(-0.236507866684262,0.289370078740157,-0.813582677165354));
#7940=CARTESIAN_POINT('Origin',(-0.236507866684262,0.289370078740157,-0.913582677165354));
#7941=CARTESIAN_POINT('',(-0.336507866684262,0.289370078740157,-0.913582677165354));
#7942=CARTESIAN_POINT('Origin',(-0.336507866684262,0.289370078740157,-0.813582677165354));
#7943=CARTESIAN_POINT('',(-0.336507866684262,0.289370078740157,-1.04635826771654));
#7944=CARTESIAN_POINT('Origin',(0.446850393700787,0.289370078740157,-1.04635826771654));
#7945=UNCERTAINTY_MEASURE_WITH_UNIT(LENGTH_MEASURE(0.000393700787401575),
#7951,'DISTANCE_ACCURACY_VALUE',
'Maximum model space distance between geometric entities at asserted c
onnectivities');
#7946=UNCERTAINTY_MEASURE_WITH_UNIT(LENGTH_MEASURE(0.000393700787401575),
#7951,'DISTANCE_ACCURACY_VALUE',
'Maximum model space distance between geometric entities at asserted c
onnectivities');
#7947=(
GEOMETRIC_REPRESENTATION_CONTEXT(3)
GLOBAL_UNCERTAINTY_ASSIGNED_CONTEXT((#7945))
GLOBAL_UNIT_ASSIGNED_CONTEXT((#7951,#7955,#7956))
REPRESENTATION_CONTEXT('','3D')
);
#7948=(
GEOMETRIC_REPRESENTATION_CONTEXT(3)
GLOBAL_UNCERTAINTY_ASSIGNED_CONTEXT((#7946))
GLOBAL_UNIT_ASSIGNED_CONTEXT((#7951,#7955,#7956))
REPRESENTATION_CONTEXT('','3D')
);
#7949=DIMENSIONAL_EXPONENTS(1.,0.,0.,0.,0.,0.,0.);
#7950=DIMENSIONAL_EXPONENTS(0.,1.,0.,0.,0.,0.,0.);
#7951=(
CONVERSION_BASED_UNIT('inch',#7954)
LENGTH_UNIT()
NAMED_UNIT(#7949)
);
#7952=(
LENGTH_UNIT()
NAMED_UNIT(*)
SI_UNIT(.MILLI.,.METRE.)
);
#7953=(
LENGTH_UNIT()
NAMED_UNIT(*)
SI_UNIT(.CENTI.,.METRE.)
);
#7954=LENGTH_MEASURE_WITH_UNIT(LENGTH_MEASURE(25.4),#7952);
#7955=(
NAMED_UNIT(*)
PLANE_ANGLE_UNIT()
SI_UNIT($,.RADIAN.)
);
#7956=(
NAMED_UNIT(*)
SI_UNIT($,.STERADIAN.)
SOLID_ANGLE_UNIT()
);
#7957=SHAPE_DEFINITION_REPRESENTATION(#7958,#7959);
#7958=PRODUCT_DEFINITION_SHAPE('',$,#7961);
#7959=SHAPE_REPRESENTATION('',(#4660),#7947);
#7960=PRODUCT_DEFINITION_CONTEXT('part definition',#7965,'design');
#7961=PRODUCT_DEFINITION('2.75 inner','2.75 inner',#7962,#7960);
#7962=PRODUCT_DEFINITION_FORMATION('',$,#7967);
#7963=PRODUCT_RELATED_PRODUCT_CATEGORY('2.75 inner','2.75 inner',(#7967));
#7964=APPLICATION_PROTOCOL_DEFINITION('international standard',
'automotive_design',2009,#7965);
#7965=APPLICATION_CONTEXT(
'Core Data for Automotive Mechanical Design Process');
#7966=PRODUCT_CONTEXT('part definition',#7965,'mechanical');
#7967=PRODUCT('2.75 inner','2.75 inner',$,(#7966));
#7968=PRESENTATION_STYLE_ASSIGNMENT((#7969));
#7969=SURFACE_STYLE_USAGE(.BOTH.,#7972);
#7970=SURFACE_STYLE_RENDERING_WITH_PROPERTIES($,#7976,(#7971));
#7971=SURFACE_STYLE_TRANSPARENT(0.);
#7972=SURFACE_SIDE_STYLE('',(#7973,#7970));
#7973=SURFACE_STYLE_FILL_AREA(#7974);
#7974=FILL_AREA_STYLE('',(#7975));
#7975=FILL_AREA_STYLE_COLOUR('',#7976);
#7976=COLOUR_RGB('',0.250980392156863,0.250980392156863,0.250980392156863);
ENDSEC;
END-ISO-10303-21;
