ISO-10303-21;
HEADER;
/* Generated by software containing ST-Developer
 * from STEP Tools, Inc. (www.steptools.com) 
 */

FILE_DESCRIPTION(
/* description */ (''),
/* implementation_level */ '2;1');

FILE_NAME(
/* name */ '2.5in rubberband wheel.stp',
/* time_stamp */ '2026-01-22T16:07:07+13:00',
/* author */ ('shaun'),
/* organization */ (''),
/* preprocessor_version */ 'ST-DEVELOPER v20',
/* originating_system */ 'Autodesk Inventor 2025',
/* authorisation */ '');

FILE_SCHEMA (('AUTOMOTIVE_DESIGN { 1 0 10303 214 3 1 1 }'));
ENDSEC;

DATA;
#10=MECHANICAL_DESIGN_GEOMETRIC_PRESENTATION_REPRESENTATION('',(#13),#3039);
#11=SHAPE_REPRESENTATION_RELATIONSHIP('SRR','None',#3050,#12);
#12=ADVANCED_BREP_SHAPE_REPRESENTATION('',(#14),#3038);
#13=STYLED_ITEM('',(#3059),#14);
#14=MANIFOLD_SOLID_BREP('Solid1',#1803);
#15=FACE_BOUND('',#279,.T.);
#16=FACE_BOUND('',#297,.T.);
#17=CIRCLE('',#1829,1.25);
#18=CIRCLE('',#1830,1.25);
#19=CIRCLE('',#1835,0.035);
#20=CIRCLE('',#1836,0.035);
#21=CIRCLE('',#1841,1.25);
#22=CIRCLE('',#1842,1.25);
#23=CIRCLE('',#1847,0.035);
#24=CIRCLE('',#1848,0.035);
#25=CIRCLE('',#1853,1.25);
#26=CIRCLE('',#1854,1.25);
#27=CIRCLE('',#1859,0.035);
#28=CIRCLE('',#1860,0.035);
#29=CIRCLE('',#1865,1.25);
#30=CIRCLE('',#1866,1.25);
#31=CIRCLE('',#1871,0.035);
#32=CIRCLE('',#1872,0.035);
#33=CIRCLE('',#1877,1.25);
#34=CIRCLE('',#1878,1.25);
#35=CIRCLE('',#1883,0.035);
#36=CIRCLE('',#1884,0.035);
#37=CIRCLE('',#1889,1.25);
#38=CIRCLE('',#1890,1.25);
#39=CIRCLE('',#1895,0.035);
#40=CIRCLE('',#1896,0.035);
#41=CIRCLE('',#1901,1.25);
#42=CIRCLE('',#1902,1.25);
#43=CIRCLE('',#1907,0.035);
#44=CIRCLE('',#1908,0.035);
#45=CIRCLE('',#1910,0.035);
#46=CIRCLE('',#1911,0.035);
#47=CIRCLE('',#1913,0.035);
#48=CIRCLE('',#1914,0.035);
#49=CIRCLE('',#1916,0.035);
#50=CIRCLE('',#1917,0.035);
#51=CIRCLE('',#1919,0.035);
#52=CIRCLE('',#1920,0.035);
#53=CIRCLE('',#1922,0.035);
#54=CIRCLE('',#1923,0.035);
#55=CIRCLE('',#1925,0.035);
#56=CIRCLE('',#1926,0.035);
#57=CIRCLE('',#1928,0.035);
#58=CIRCLE('',#1929,0.035);
#59=CIRCLE('',#1931,1.4);
#60=CIRCLE('',#1932,1.4);
#61=CIRCLE('',#1933,1.4);
#62=CIRCLE('',#1934,1.4);
#63=CIRCLE('',#1935,1.4);
#64=CIRCLE('',#1936,1.4);
#65=CIRCLE('',#1937,1.4);
#66=CIRCLE('',#1938,0.035);
#67=CIRCLE('',#1939,1.25);
#68=CIRCLE('',#1940,0.035);
#69=CIRCLE('',#1941,1.4);
#70=CIRCLE('',#1942,0.02);
#71=CIRCLE('',#1943,0.02);
#72=CIRCLE('',#1944,0.0200000000000001);
#73=CIRCLE('',#1945,0.02);
#74=CIRCLE('',#1947,1.4);
#75=CIRCLE('',#1949,1.4);
#76=CIRCLE('',#1951,1.4);
#77=CIRCLE('',#1953,1.4);
#78=CIRCLE('',#1955,1.4);
#79=CIRCLE('',#1957,1.4);
#80=CIRCLE('',#1959,1.4);
#81=CIRCLE('',#1964,1.25);
#82=CIRCLE('',#1969,0.035);
#83=CIRCLE('',#1971,0.035);
#84=CIRCLE('',#1973,1.4);
#85=CIRCLE('',#1974,0.02);
#86=CIRCLE('',#1975,0.02);
#87=CIRCLE('',#1976,0.0200000000000001);
#88=CIRCLE('',#1977,0.02);
#89=CYLINDRICAL_SURFACE('',#1828,1.25);
#90=CYLINDRICAL_SURFACE('',#1834,0.035);
#91=CYLINDRICAL_SURFACE('',#1840,1.25);
#92=CYLINDRICAL_SURFACE('',#1846,0.035);
#93=CYLINDRICAL_SURFACE('',#1852,1.25);
#94=CYLINDRICAL_SURFACE('',#1858,0.035);
#95=CYLINDRICAL_SURFACE('',#1864,1.25);
#96=CYLINDRICAL_SURFACE('',#1870,0.035);
#97=CYLINDRICAL_SURFACE('',#1876,1.25);
#98=CYLINDRICAL_SURFACE('',#1882,0.035);
#99=CYLINDRICAL_SURFACE('',#1888,1.25);
#100=CYLINDRICAL_SURFACE('',#1894,0.035);
#101=CYLINDRICAL_SURFACE('',#1900,1.25);
#102=CYLINDRICAL_SURFACE('',#1906,0.035);
#103=CYLINDRICAL_SURFACE('',#1909,0.035);
#104=CYLINDRICAL_SURFACE('',#1912,0.035);
#105=CYLINDRICAL_SURFACE('',#1915,0.035);
#106=CYLINDRICAL_SURFACE('',#1918,0.035);
#107=CYLINDRICAL_SURFACE('',#1921,0.035);
#108=CYLINDRICAL_SURFACE('',#1924,0.035);
#109=CYLINDRICAL_SURFACE('',#1927,0.035);
#110=CYLINDRICAL_SURFACE('',#1946,1.4);
#111=CYLINDRICAL_SURFACE('',#1948,1.4);
#112=CYLINDRICAL_SURFACE('',#1950,1.4);
#113=CYLINDRICAL_SURFACE('',#1952,1.4);
#114=CYLINDRICAL_SURFACE('',#1954,1.4);
#115=CYLINDRICAL_SURFACE('',#1956,1.4);
#116=CYLINDRICAL_SURFACE('',#1958,1.4);
#117=CYLINDRICAL_SURFACE('',#1963,1.25);
#118=CYLINDRICAL_SURFACE('',#1968,0.035);
#119=CYLINDRICAL_SURFACE('',#1970,0.035);
#120=CYLINDRICAL_SURFACE('',#1978,1.4);
#121=CYLINDRICAL_SURFACE('',#1980,0.02);
#122=CYLINDRICAL_SURFACE('',#1982,0.0200000000000001);
#123=CYLINDRICAL_SURFACE('',#1984,0.02);
#124=CYLINDRICAL_SURFACE('',#1986,0.02);
#125=FACE_OUTER_BOUND('',#215,.T.);
#126=FACE_OUTER_BOUND('',#216,.T.);
#127=FACE_OUTER_BOUND('',#217,.T.);
#128=FACE_OUTER_BOUND('',#218,.T.);
#129=FACE_OUTER_BOUND('',#219,.T.);
#130=FACE_OUTER_BOUND('',#220,.T.);
#131=FACE_OUTER_BOUND('',#221,.T.);
#132=FACE_OUTER_BOUND('',#222,.T.);
#133=FACE_OUTER_BOUND('',#223,.T.);
#134=FACE_OUTER_BOUND('',#224,.T.);
#135=FACE_OUTER_BOUND('',#225,.T.);
#136=FACE_OUTER_BOUND('',#226,.T.);
#137=FACE_OUTER_BOUND('',#227,.T.);
#138=FACE_OUTER_BOUND('',#228,.T.);
#139=FACE_OUTER_BOUND('',#229,.T.);
#140=FACE_OUTER_BOUND('',#230,.T.);
#141=FACE_OUTER_BOUND('',#231,.T.);
#142=FACE_OUTER_BOUND('',#232,.T.);
#143=FACE_OUTER_BOUND('',#233,.T.);
#144=FACE_OUTER_BOUND('',#234,.T.);
#145=FACE_OUTER_BOUND('',#235,.T.);
#146=FACE_OUTER_BOUND('',#236,.T.);
#147=FACE_OUTER_BOUND('',#237,.T.);
#148=FACE_OUTER_BOUND('',#238,.T.);
#149=FACE_OUTER_BOUND('',#239,.T.);
#150=FACE_OUTER_BOUND('',#240,.T.);
#151=FACE_OUTER_BOUND('',#241,.T.);
#152=FACE_OUTER_BOUND('',#242,.T.);
#153=FACE_OUTER_BOUND('',#243,.T.);
#154=FACE_OUTER_BOUND('',#244,.T.);
#155=FACE_OUTER_BOUND('',#245,.T.);
#156=FACE_OUTER_BOUND('',#246,.T.);
#157=FACE_OUTER_BOUND('',#247,.T.);
#158=FACE_OUTER_BOUND('',#248,.T.);
#159=FACE_OUTER_BOUND('',#249,.T.);
#160=FACE_OUTER_BOUND('',#250,.T.);
#161=FACE_OUTER_BOUND('',#251,.T.);
#162=FACE_OUTER_BOUND('',#252,.T.);
#163=FACE_OUTER_BOUND('',#253,.T.);
#164=FACE_OUTER_BOUND('',#254,.T.);
#165=FACE_OUTER_BOUND('',#255,.T.);
#166=FACE_OUTER_BOUND('',#256,.T.);
#167=FACE_OUTER_BOUND('',#257,.T.);
#168=FACE_OUTER_BOUND('',#258,.T.);
#169=FACE_OUTER_BOUND('',#259,.T.);
#170=FACE_OUTER_BOUND('',#260,.T.);
#171=FACE_OUTER_BOUND('',#261,.T.);
#172=FACE_OUTER_BOUND('',#262,.T.);
#173=FACE_OUTER_BOUND('',#263,.T.);
#174=FACE_OUTER_BOUND('',#264,.T.);
#175=FACE_OUTER_BOUND('',#265,.T.);
#176=FACE_OUTER_BOUND('',#266,.T.);
#177=FACE_OUTER_BOUND('',#267,.T.);
#178=FACE_OUTER_BOUND('',#268,.T.);
#179=FACE_OUTER_BOUND('',#269,.T.);
#180=FACE_OUTER_BOUND('',#270,.T.);
#181=FACE_OUTER_BOUND('',#271,.T.);
#182=FACE_OUTER_BOUND('',#272,.T.);
#183=FACE_OUTER_BOUND('',#273,.T.);
#184=FACE_OUTER_BOUND('',#274,.T.);
#185=FACE_OUTER_BOUND('',#275,.T.);
#186=FACE_OUTER_BOUND('',#276,.T.);
#187=FACE_OUTER_BOUND('',#277,.T.);
#188=FACE_OUTER_BOUND('',#278,.T.);
#189=FACE_OUTER_BOUND('',#280,.T.);
#190=FACE_OUTER_BOUND('',#281,.T.);
#191=FACE_OUTER_BOUND('',#282,.T.);
#192=FACE_OUTER_BOUND('',#283,.T.);
#193=FACE_OUTER_BOUND('',#284,.T.);
#194=FACE_OUTER_BOUND('',#285,.T.);
#195=FACE_OUTER_BOUND('',#286,.T.);
#196=FACE_OUTER_BOUND('',#287,.T.);
#197=FACE_OUTER_BOUND('',#288,.T.);
#198=FACE_OUTER_BOUND('',#289,.T.);
#199=FACE_OUTER_BOUND('',#290,.T.);
#200=FACE_OUTER_BOUND('',#291,.T.);
#201=FACE_OUTER_BOUND('',#292,.T.);
#202=FACE_OUTER_BOUND('',#293,.T.);
#203=FACE_OUTER_BOUND('',#294,.T.);
#204=FACE_OUTER_BOUND('',#295,.T.);
#205=FACE_OUTER_BOUND('',#296,.T.);
#206=FACE_OUTER_BOUND('',#298,.T.);
#207=FACE_OUTER_BOUND('',#299,.T.);
#208=FACE_OUTER_BOUND('',#300,.T.);
#209=FACE_OUTER_BOUND('',#301,.T.);
#210=FACE_OUTER_BOUND('',#302,.T.);
#211=FACE_OUTER_BOUND('',#303,.T.);
#212=FACE_OUTER_BOUND('',#304,.T.);
#213=FACE_OUTER_BOUND('',#305,.T.);
#214=FACE_OUTER_BOUND('',#306,.T.);
#215=EDGE_LOOP('',(#1131,#1132,#1133,#1134));
#216=EDGE_LOOP('',(#1135,#1136,#1137,#1138));
#217=EDGE_LOOP('',(#1139,#1140,#1141,#1142));
#218=EDGE_LOOP('',(#1143,#1144,#1145,#1146));
#219=EDGE_LOOP('',(#1147,#1148,#1149,#1150));
#220=EDGE_LOOP('',(#1151,#1152,#1153,#1154));
#221=EDGE_LOOP('',(#1155,#1156,#1157,#1158));
#222=EDGE_LOOP('',(#1159,#1160,#1161,#1162));
#223=EDGE_LOOP('',(#1163,#1164,#1165,#1166));
#224=EDGE_LOOP('',(#1167,#1168,#1169,#1170));
#225=EDGE_LOOP('',(#1171,#1172,#1173,#1174));
#226=EDGE_LOOP('',(#1175,#1176,#1177,#1178));
#227=EDGE_LOOP('',(#1179,#1180,#1181,#1182));
#228=EDGE_LOOP('',(#1183,#1184,#1185,#1186));
#229=EDGE_LOOP('',(#1187,#1188,#1189,#1190));
#230=EDGE_LOOP('',(#1191,#1192,#1193,#1194));
#231=EDGE_LOOP('',(#1195,#1196,#1197,#1198));
#232=EDGE_LOOP('',(#1199,#1200,#1201,#1202));
#233=EDGE_LOOP('',(#1203,#1204,#1205,#1206));
#234=EDGE_LOOP('',(#1207,#1208,#1209,#1210));
#235=EDGE_LOOP('',(#1211,#1212,#1213,#1214));
#236=EDGE_LOOP('',(#1215,#1216,#1217,#1218));
#237=EDGE_LOOP('',(#1219,#1220,#1221,#1222));
#238=EDGE_LOOP('',(#1223,#1224,#1225,#1226));
#239=EDGE_LOOP('',(#1227,#1228,#1229,#1230));
#240=EDGE_LOOP('',(#1231,#1232,#1233,#1234));
#241=EDGE_LOOP('',(#1235,#1236,#1237,#1238));
#242=EDGE_LOOP('',(#1239,#1240,#1241,#1242));
#243=EDGE_LOOP('',(#1243,#1244,#1245,#1246));
#244=EDGE_LOOP('',(#1247,#1248,#1249,#1250));
#245=EDGE_LOOP('',(#1251,#1252,#1253,#1254));
#246=EDGE_LOOP('',(#1255,#1256,#1257,#1258));
#247=EDGE_LOOP('',(#1259,#1260,#1261,#1262));
#248=EDGE_LOOP('',(#1263,#1264,#1265,#1266));
#249=EDGE_LOOP('',(#1267,#1268,#1269,#1270));
#250=EDGE_LOOP('',(#1271,#1272,#1273,#1274));
#251=EDGE_LOOP('',(#1275,#1276,#1277,#1278));
#252=EDGE_LOOP('',(#1279,#1280,#1281,#1282));
#253=EDGE_LOOP('',(#1283,#1284,#1285,#1286));
#254=EDGE_LOOP('',(#1287,#1288,#1289,#1290));
#255=EDGE_LOOP('',(#1291,#1292,#1293,#1294));
#256=EDGE_LOOP('',(#1295,#1296,#1297,#1298));
#257=EDGE_LOOP('',(#1299,#1300,#1301,#1302));
#258=EDGE_LOOP('',(#1303,#1304,#1305,#1306));
#259=EDGE_LOOP('',(#1307,#1308,#1309,#1310));
#260=EDGE_LOOP('',(#1311,#1312,#1313,#1314));
#261=EDGE_LOOP('',(#1315,#1316,#1317,#1318));
#262=EDGE_LOOP('',(#1319,#1320,#1321,#1322));
#263=EDGE_LOOP('',(#1323,#1324,#1325,#1326));
#264=EDGE_LOOP('',(#1327,#1328,#1329,#1330));
#265=EDGE_LOOP('',(#1331,#1332,#1333,#1334));
#266=EDGE_LOOP('',(#1335,#1336,#1337,#1338));
#267=EDGE_LOOP('',(#1339,#1340,#1341,#1342));
#268=EDGE_LOOP('',(#1343,#1344,#1345,#1346));
#269=EDGE_LOOP('',(#1347,#1348,#1349,#1350));
#270=EDGE_LOOP('',(#1351,#1352,#1353,#1354));
#271=EDGE_LOOP('',(#1355,#1356,#1357,#1358));
#272=EDGE_LOOP('',(#1359,#1360,#1361,#1362));
#273=EDGE_LOOP('',(#1363,#1364,#1365,#1366));
#274=EDGE_LOOP('',(#1367,#1368,#1369,#1370));
#275=EDGE_LOOP('',(#1371,#1372,#1373,#1374));
#276=EDGE_LOOP('',(#1375,#1376,#1377,#1378));
#277=EDGE_LOOP('',(#1379,#1380,#1381,#1382));
#278=EDGE_LOOP('',(#1383,#1384,#1385,#1386,#1387,#1388,#1389,#1390,#1391,
#1392,#1393,#1394,#1395,#1396,#1397,#1398,#1399,#1400,#1401,#1402,#1403,
#1404,#1405,#1406,#1407,#1408,#1409,#1410,#1411,#1412,#1413,#1414,#1415,
#1416,#1417,#1418,#1419,#1420,#1421,#1422,#1423,#1424,#1425,#1426,#1427,
#1428,#1429,#1430,#1431,#1432,#1433,#1434,#1435,#1436,#1437,#1438,#1439,
#1440,#1441,#1442,#1443,#1444,#1445,#1446,#1447,#1448,#1449,#1450,#1451,
#1452,#1453,#1454,#1455,#1456,#1457,#1458,#1459,#1460,#1461,#1462));
#279=EDGE_LOOP('',(#1463,#1464,#1465,#1466,#1467,#1468,#1469,#1470));
#280=EDGE_LOOP('',(#1471,#1472,#1473,#1474));
#281=EDGE_LOOP('',(#1475,#1476,#1477,#1478));
#282=EDGE_LOOP('',(#1479,#1480,#1481,#1482));
#283=EDGE_LOOP('',(#1483,#1484,#1485,#1486));
#284=EDGE_LOOP('',(#1487,#1488,#1489,#1490));
#285=EDGE_LOOP('',(#1491,#1492,#1493,#1494));
#286=EDGE_LOOP('',(#1495,#1496,#1497,#1498));
#287=EDGE_LOOP('',(#1499,#1500,#1501,#1502));
#288=EDGE_LOOP('',(#1503,#1504,#1505,#1506));
#289=EDGE_LOOP('',(#1507,#1508,#1509,#1510));
#290=EDGE_LOOP('',(#1511,#1512,#1513,#1514));
#291=EDGE_LOOP('',(#1515,#1516,#1517,#1518));
#292=EDGE_LOOP('',(#1519,#1520,#1521,#1522));
#293=EDGE_LOOP('',(#1523,#1524,#1525,#1526));
#294=EDGE_LOOP('',(#1527,#1528,#1529,#1530));
#295=EDGE_LOOP('',(#1531,#1532,#1533,#1534));
#296=EDGE_LOOP('',(#1535,#1536,#1537,#1538,#1539,#1540,#1541,#1542,#1543,
#1544,#1545,#1546,#1547,#1548,#1549,#1550,#1551,#1552,#1553,#1554,#1555,
#1556,#1557,#1558,#1559,#1560,#1561,#1562,#1563,#1564,#1565,#1566,#1567,
#1568,#1569,#1570,#1571,#1572,#1573,#1574,#1575,#1576,#1577,#1578,#1579,
#1580,#1581,#1582,#1583,#1584,#1585,#1586,#1587,#1588,#1589,#1590,#1591,
#1592,#1593,#1594,#1595,#1596,#1597,#1598,#1599,#1600,#1601,#1602,#1603,
#1604,#1605,#1606,#1607,#1608,#1609,#1610,#1611,#1612,#1613,#1614));
#297=EDGE_LOOP('',(#1615,#1616,#1617,#1618,#1619,#1620,#1621,#1622));
#298=EDGE_LOOP('',(#1623,#1624,#1625,#1626));
#299=EDGE_LOOP('',(#1627,#1628,#1629,#1630));
#300=EDGE_LOOP('',(#1631,#1632,#1633,#1634));
#301=EDGE_LOOP('',(#1635,#1636,#1637,#1638));
#302=EDGE_LOOP('',(#1639,#1640,#1641,#1642));
#303=EDGE_LOOP('',(#1643,#1644,#1645,#1646));
#304=EDGE_LOOP('',(#1647,#1648,#1649,#1650));
#305=EDGE_LOOP('',(#1651,#1652,#1653,#1654));
#306=EDGE_LOOP('',(#1655,#1656,#1657,#1658));
#307=LINE('',#2509,#499);
#308=LINE('',#2511,#500);
#309=LINE('',#2513,#501);
#310=LINE('',#2514,#502);
#311=LINE('',#2517,#503);
#312=LINE('',#2519,#504);
#313=LINE('',#2520,#505);
#314=LINE('',#2523,#506);
#315=LINE('',#2525,#507);
#316=LINE('',#2526,#508);
#317=LINE('',#2531,#509);
#318=LINE('',#2535,#510);
#319=LINE('',#2537,#511);
#320=LINE('',#2538,#512);
#321=LINE('',#2541,#513);
#322=LINE('',#2543,#514);
#323=LINE('',#2544,#515);
#324=LINE('',#2547,#516);
#325=LINE('',#2549,#517);
#326=LINE('',#2550,#518);
#327=LINE('',#2555,#519);
#328=LINE('',#2560,#520);
#329=LINE('',#2562,#521);
#330=LINE('',#2564,#522);
#331=LINE('',#2565,#523);
#332=LINE('',#2568,#524);
#333=LINE('',#2570,#525);
#334=LINE('',#2571,#526);
#335=LINE('',#2574,#527);
#336=LINE('',#2576,#528);
#337=LINE('',#2577,#529);
#338=LINE('',#2582,#530);
#339=LINE('',#2586,#531);
#340=LINE('',#2588,#532);
#341=LINE('',#2589,#533);
#342=LINE('',#2592,#534);
#343=LINE('',#2594,#535);
#344=LINE('',#2595,#536);
#345=LINE('',#2598,#537);
#346=LINE('',#2600,#538);
#347=LINE('',#2601,#539);
#348=LINE('',#2606,#540);
#349=LINE('',#2611,#541);
#350=LINE('',#2613,#542);
#351=LINE('',#2615,#543);
#352=LINE('',#2616,#544);
#353=LINE('',#2619,#545);
#354=LINE('',#2621,#546);
#355=LINE('',#2622,#547);
#356=LINE('',#2625,#548);
#357=LINE('',#2627,#549);
#358=LINE('',#2628,#550);
#359=LINE('',#2633,#551);
#360=LINE('',#2637,#552);
#361=LINE('',#2639,#553);
#362=LINE('',#2640,#554);
#363=LINE('',#2643,#555);
#364=LINE('',#2645,#556);
#365=LINE('',#2646,#557);
#366=LINE('',#2649,#558);
#367=LINE('',#2651,#559);
#368=LINE('',#2652,#560);
#369=LINE('',#2657,#561);
#370=LINE('',#2662,#562);
#371=LINE('',#2664,#563);
#372=LINE('',#2666,#564);
#373=LINE('',#2667,#565);
#374=LINE('',#2670,#566);
#375=LINE('',#2672,#567);
#376=LINE('',#2673,#568);
#377=LINE('',#2676,#569);
#378=LINE('',#2678,#570);
#379=LINE('',#2679,#571);
#380=LINE('',#2684,#572);
#381=LINE('',#2688,#573);
#382=LINE('',#2690,#574);
#383=LINE('',#2691,#575);
#384=LINE('',#2694,#576);
#385=LINE('',#2696,#577);
#386=LINE('',#2697,#578);
#387=LINE('',#2700,#579);
#388=LINE('',#2702,#580);
#389=LINE('',#2703,#581);
#390=LINE('',#2708,#582);
#391=LINE('',#2713,#583);
#392=LINE('',#2715,#584);
#393=LINE('',#2717,#585);
#394=LINE('',#2718,#586);
#395=LINE('',#2721,#587);
#396=LINE('',#2723,#588);
#397=LINE('',#2724,#589);
#398=LINE('',#2727,#590);
#399=LINE('',#2729,#591);
#400=LINE('',#2730,#592);
#401=LINE('',#2735,#593);
#402=LINE('',#2739,#594);
#403=LINE('',#2741,#595);
#404=LINE('',#2742,#596);
#405=LINE('',#2745,#597);
#406=LINE('',#2747,#598);
#407=LINE('',#2748,#599);
#408=LINE('',#2751,#600);
#409=LINE('',#2753,#601);
#410=LINE('',#2754,#602);
#411=LINE('',#2759,#603);
#412=LINE('',#2764,#604);
#413=LINE('',#2766,#605);
#414=LINE('',#2768,#606);
#415=LINE('',#2769,#607);
#416=LINE('',#2772,#608);
#417=LINE('',#2774,#609);
#418=LINE('',#2775,#610);
#419=LINE('',#2778,#611);
#420=LINE('',#2780,#612);
#421=LINE('',#2781,#613);
#422=LINE('',#2786,#614);
#423=LINE('',#2790,#615);
#424=LINE('',#2792,#616);
#425=LINE('',#2793,#617);
#426=LINE('',#2796,#618);
#427=LINE('',#2798,#619);
#428=LINE('',#2799,#620);
#429=LINE('',#2802,#621);
#430=LINE('',#2804,#622);
#431=LINE('',#2805,#623);
#432=LINE('',#2810,#624);
#433=LINE('',#2815,#625);
#434=LINE('',#2817,#626);
#435=LINE('',#2819,#627);
#436=LINE('',#2820,#628);
#437=LINE('',#2823,#629);
#438=LINE('',#2825,#630);
#439=LINE('',#2826,#631);
#440=LINE('',#2829,#632);
#441=LINE('',#2831,#633);
#442=LINE('',#2832,#634);
#443=LINE('',#2837,#635);
#444=LINE('',#2841,#636);
#445=LINE('',#2843,#637);
#446=LINE('',#2844,#638);
#447=LINE('',#2847,#639);
#448=LINE('',#2849,#640);
#449=LINE('',#2850,#641);
#450=LINE('',#2853,#642);
#451=LINE('',#2855,#643);
#452=LINE('',#2856,#644);
#453=LINE('',#2861,#645);
#454=LINE('',#2867,#646);
#455=LINE('',#2873,#647);
#456=LINE('',#2879,#648);
#457=LINE('',#2885,#649);
#458=LINE('',#2891,#650);
#459=LINE('',#2897,#651);
#460=LINE('',#2903,#652);
#461=LINE('',#2917,#653);
#462=LINE('',#2919,#654);
#463=LINE('',#2921,#655);
#464=LINE('',#2925,#656);
#465=LINE('',#2927,#657);
#466=LINE('',#2929,#658);
#467=LINE('',#2937,#659);
#468=LINE('',#2941,#660);
#469=LINE('',#2945,#661);
#470=LINE('',#2948,#662);
#471=LINE('',#2952,#663);
#472=LINE('',#2967,#664);
#473=LINE('',#2969,#665);
#474=LINE('',#2970,#666);
#475=LINE('',#2973,#667);
#476=LINE('',#2974,#668);
#477=LINE('',#2977,#669);
#478=LINE('',#2978,#670);
#479=LINE('',#2981,#671);
#480=LINE('',#2985,#672);
#481=LINE('',#2986,#673);
#482=LINE('',#2989,#674);
#483=LINE('',#2990,#675);
#484=LINE('',#2993,#676);
#485=LINE('',#2994,#677);
#486=LINE('',#3000,#678);
#487=LINE('',#3007,#679);
#488=LINE('',#3011,#680);
#489=LINE('',#3015,#681);
#490=LINE('',#3018,#682);
#491=LINE('',#3021,#683);
#492=LINE('',#3022,#684);
#493=LINE('',#3024,#685);
#494=LINE('',#3026,#686);
#495=LINE('',#3028,#687);
#496=LINE('',#3030,#688);
#497=LINE('',#3032,#689);
#498=LINE('',#3034,#690);
#499=VECTOR('',#1991,0.393700787401575);
#500=VECTOR('',#1992,0.393700787401575);
#501=VECTOR('',#1993,0.393700787401575);
#502=VECTOR('',#1994,0.393700787401575);
#503=VECTOR('',#1997,0.393700787401575);
#504=VECTOR('',#1998,0.393700787401575);
#505=VECTOR('',#1999,0.393700787401575);
#506=VECTOR('',#2002,0.393700787401575);
#507=VECTOR('',#2003,0.393700787401575);
#508=VECTOR('',#2004,0.393700787401575);
#509=VECTOR('',#2009,0.393700787401575);
#510=VECTOR('',#2014,0.393700787401575);
#511=VECTOR('',#2015,0.393700787401575);
#512=VECTOR('',#2016,0.393700787401575);
#513=VECTOR('',#2019,0.393700787401575);
#514=VECTOR('',#2020,0.393700787401575);
#515=VECTOR('',#2021,0.393700787401575);
#516=VECTOR('',#2024,0.393700787401575);
#517=VECTOR('',#2025,0.393700787401575);
#518=VECTOR('',#2026,0.393700787401575);
#519=VECTOR('',#2031,0.393700787401575);
#520=VECTOR('',#2036,0.393700787401575);
#521=VECTOR('',#2037,0.393700787401575);
#522=VECTOR('',#2038,0.393700787401575);
#523=VECTOR('',#2039,0.393700787401575);
#524=VECTOR('',#2042,0.393700787401575);
#525=VECTOR('',#2043,0.393700787401575);
#526=VECTOR('',#2044,0.393700787401575);
#527=VECTOR('',#2047,0.393700787401575);
#528=VECTOR('',#2048,0.393700787401575);
#529=VECTOR('',#2049,0.393700787401575);
#530=VECTOR('',#2054,0.393700787401575);
#531=VECTOR('',#2059,0.393700787401575);
#532=VECTOR('',#2060,0.393700787401575);
#533=VECTOR('',#2061,0.393700787401575);
#534=VECTOR('',#2064,0.393700787401575);
#535=VECTOR('',#2065,0.393700787401575);
#536=VECTOR('',#2066,0.393700787401575);
#537=VECTOR('',#2069,0.393700787401575);
#538=VECTOR('',#2070,0.393700787401575);
#539=VECTOR('',#2071,0.393700787401575);
#540=VECTOR('',#2076,0.393700787401575);
#541=VECTOR('',#2081,0.393700787401575);
#542=VECTOR('',#2082,0.393700787401575);
#543=VECTOR('',#2083,0.393700787401575);
#544=VECTOR('',#2084,0.393700787401575);
#545=VECTOR('',#2087,0.393700787401575);
#546=VECTOR('',#2088,0.393700787401575);
#547=VECTOR('',#2089,0.393700787401575);
#548=VECTOR('',#2092,0.393700787401575);
#549=VECTOR('',#2093,0.393700787401575);
#550=VECTOR('',#2094,0.393700787401575);
#551=VECTOR('',#2099,0.393700787401575);
#552=VECTOR('',#2104,0.393700787401575);
#553=VECTOR('',#2105,0.393700787401575);
#554=VECTOR('',#2106,0.393700787401575);
#555=VECTOR('',#2109,0.393700787401575);
#556=VECTOR('',#2110,0.393700787401575);
#557=VECTOR('',#2111,0.393700787401575);
#558=VECTOR('',#2114,0.393700787401575);
#559=VECTOR('',#2115,0.393700787401575);
#560=VECTOR('',#2116,0.393700787401575);
#561=VECTOR('',#2121,0.393700787401575);
#562=VECTOR('',#2126,0.393700787401575);
#563=VECTOR('',#2127,0.393700787401575);
#564=VECTOR('',#2128,0.393700787401575);
#565=VECTOR('',#2129,0.393700787401575);
#566=VECTOR('',#2132,0.393700787401575);
#567=VECTOR('',#2133,0.393700787401575);
#568=VECTOR('',#2134,0.393700787401575);
#569=VECTOR('',#2137,0.393700787401575);
#570=VECTOR('',#2138,0.393700787401575);
#571=VECTOR('',#2139,0.393700787401575);
#572=VECTOR('',#2144,0.393700787401575);
#573=VECTOR('',#2149,0.393700787401575);
#574=VECTOR('',#2150,0.393700787401575);
#575=VECTOR('',#2151,0.393700787401575);
#576=VECTOR('',#2154,0.393700787401575);
#577=VECTOR('',#2155,0.393700787401575);
#578=VECTOR('',#2156,0.393700787401575);
#579=VECTOR('',#2159,0.393700787401575);
#580=VECTOR('',#2160,0.393700787401575);
#581=VECTOR('',#2161,0.393700787401575);
#582=VECTOR('',#2166,0.393700787401575);
#583=VECTOR('',#2171,0.393700787401575);
#584=VECTOR('',#2172,0.393700787401575);
#585=VECTOR('',#2173,0.393700787401575);
#586=VECTOR('',#2174,0.393700787401575);
#587=VECTOR('',#2177,0.393700787401575);
#588=VECTOR('',#2178,0.393700787401575);
#589=VECTOR('',#2179,0.393700787401575);
#590=VECTOR('',#2182,0.393700787401575);
#591=VECTOR('',#2183,0.393700787401575);
#592=VECTOR('',#2184,0.393700787401575);
#593=VECTOR('',#2189,0.393700787401575);
#594=VECTOR('',#2194,0.393700787401575);
#595=VECTOR('',#2195,0.393700787401575);
#596=VECTOR('',#2196,0.393700787401575);
#597=VECTOR('',#2199,0.393700787401575);
#598=VECTOR('',#2200,0.393700787401575);
#599=VECTOR('',#2201,0.393700787401575);
#600=VECTOR('',#2204,0.393700787401575);
#601=VECTOR('',#2205,0.393700787401575);
#602=VECTOR('',#2206,0.393700787401575);
#603=VECTOR('',#2211,0.393700787401575);
#604=VECTOR('',#2216,0.393700787401575);
#605=VECTOR('',#2217,0.393700787401575);
#606=VECTOR('',#2218,0.393700787401575);
#607=VECTOR('',#2219,0.393700787401575);
#608=VECTOR('',#2222,0.393700787401575);
#609=VECTOR('',#2223,0.393700787401575);
#610=VECTOR('',#2224,0.393700787401575);
#611=VECTOR('',#2227,0.393700787401575);
#612=VECTOR('',#2228,0.393700787401575);
#613=VECTOR('',#2229,0.393700787401575);
#614=VECTOR('',#2234,0.393700787401575);
#615=VECTOR('',#2239,0.393700787401575);
#616=VECTOR('',#2240,0.393700787401575);
#617=VECTOR('',#2241,0.393700787401575);
#618=VECTOR('',#2244,0.393700787401575);
#619=VECTOR('',#2245,0.393700787401575);
#620=VECTOR('',#2246,0.393700787401575);
#621=VECTOR('',#2249,0.393700787401575);
#622=VECTOR('',#2250,0.393700787401575);
#623=VECTOR('',#2251,0.393700787401575);
#624=VECTOR('',#2256,0.393700787401575);
#625=VECTOR('',#2261,0.393700787401575);
#626=VECTOR('',#2262,0.393700787401575);
#627=VECTOR('',#2263,0.393700787401575);
#628=VECTOR('',#2264,0.393700787401575);
#629=VECTOR('',#2267,0.393700787401575);
#630=VECTOR('',#2268,0.393700787401575);
#631=VECTOR('',#2269,0.393700787401575);
#632=VECTOR('',#2272,0.393700787401575);
#633=VECTOR('',#2273,0.393700787401575);
#634=VECTOR('',#2274,0.393700787401575);
#635=VECTOR('',#2279,0.393700787401575);
#636=VECTOR('',#2284,0.393700787401575);
#637=VECTOR('',#2285,0.393700787401575);
#638=VECTOR('',#2286,0.393700787401575);
#639=VECTOR('',#2289,0.393700787401575);
#640=VECTOR('',#2290,0.393700787401575);
#641=VECTOR('',#2291,0.393700787401575);
#642=VECTOR('',#2294,0.393700787401575);
#643=VECTOR('',#2295,0.393700787401575);
#644=VECTOR('',#2296,0.393700787401575);
#645=VECTOR('',#2301,0.393700787401575);
#646=VECTOR('',#2308,0.393700787401575);
#647=VECTOR('',#2315,0.393700787401575);
#648=VECTOR('',#2322,0.393700787401575);
#649=VECTOR('',#2329,0.393700787401575);
#650=VECTOR('',#2336,0.393700787401575);
#651=VECTOR('',#2343,0.393700787401575);
#652=VECTOR('',#2350,0.393700787401575);
#653=VECTOR('',#2371,0.393700787401575);
#654=VECTOR('',#2372,0.393700787401575);
#655=VECTOR('',#2373,0.393700787401575);
#656=VECTOR('',#2376,0.393700787401575);
#657=VECTOR('',#2377,0.393700787401575);
#658=VECTOR('',#2378,0.393700787401575);
#659=VECTOR('',#2385,0.393700787401575);
#660=VECTOR('',#2388,0.393700787401575);
#661=VECTOR('',#2391,0.393700787401575);
#662=VECTOR('',#2394,0.393700787401575);
#663=VECTOR('',#2399,0.393700787401575);
#664=VECTOR('',#2426,0.393700787401575);
#665=VECTOR('',#2427,0.393700787401575);
#666=VECTOR('',#2428,0.393700787401575);
#667=VECTOR('',#2431,0.393700787401575);
#668=VECTOR('',#2432,0.393700787401575);
#669=VECTOR('',#2435,0.393700787401575);
#670=VECTOR('',#2436,0.393700787401575);
#671=VECTOR('',#2439,0.393700787401575);
#672=VECTOR('',#2444,0.393700787401575);
#673=VECTOR('',#2445,0.393700787401575);
#674=VECTOR('',#2448,0.393700787401575);
#675=VECTOR('',#2449,0.393700787401575);
#676=VECTOR('',#2452,0.393700787401575);
#677=VECTOR('',#2453,0.393700787401575);
#678=VECTOR('',#2462,0.393700787401575);
#679=VECTOR('',#2469,0.393700787401575);
#680=VECTOR('',#2472,0.393700787401575);
#681=VECTOR('',#2475,0.393700787401575);
#682=VECTOR('',#2478,0.393700787401575);
#683=VECTOR('',#2483,0.393700787401575);
#684=VECTOR('',#2484,0.393700787401575);
#685=VECTOR('',#2487,0.393700787401575);
#686=VECTOR('',#2490,0.393700787401575);
#687=VECTOR('',#2493,0.393700787401575);
#688=VECTOR('',#2496,0.393700787401575);
#689=VECTOR('',#2499,0.393700787401575);
#690=VECTOR('',#2502,0.393700787401575);
#691=VERTEX_POINT('',#2507);
#692=VERTEX_POINT('',#2508);
#693=VERTEX_POINT('',#2510);
#694=VERTEX_POINT('',#2512);
#695=VERTEX_POINT('',#2516);
#696=VERTEX_POINT('',#2518);
#697=VERTEX_POINT('',#2522);
#698=VERTEX_POINT('',#2524);
#699=VERTEX_POINT('',#2528);
#700=VERTEX_POINT('',#2530);
#701=VERTEX_POINT('',#2534);
#702=VERTEX_POINT('',#2536);
#703=VERTEX_POINT('',#2540);
#704=VERTEX_POINT('',#2542);
#705=VERTEX_POINT('',#2546);
#706=VERTEX_POINT('',#2548);
#707=VERTEX_POINT('',#2552);
#708=VERTEX_POINT('',#2554);
#709=VERTEX_POINT('',#2558);
#710=VERTEX_POINT('',#2559);
#711=VERTEX_POINT('',#2561);
#712=VERTEX_POINT('',#2563);
#713=VERTEX_POINT('',#2567);
#714=VERTEX_POINT('',#2569);
#715=VERTEX_POINT('',#2573);
#716=VERTEX_POINT('',#2575);
#717=VERTEX_POINT('',#2579);
#718=VERTEX_POINT('',#2581);
#719=VERTEX_POINT('',#2585);
#720=VERTEX_POINT('',#2587);
#721=VERTEX_POINT('',#2591);
#722=VERTEX_POINT('',#2593);
#723=VERTEX_POINT('',#2597);
#724=VERTEX_POINT('',#2599);
#725=VERTEX_POINT('',#2603);
#726=VERTEX_POINT('',#2605);
#727=VERTEX_POINT('',#2609);
#728=VERTEX_POINT('',#2610);
#729=VERTEX_POINT('',#2612);
#730=VERTEX_POINT('',#2614);
#731=VERTEX_POINT('',#2618);
#732=VERTEX_POINT('',#2620);
#733=VERTEX_POINT('',#2624);
#734=VERTEX_POINT('',#2626);
#735=VERTEX_POINT('',#2630);
#736=VERTEX_POINT('',#2632);
#737=VERTEX_POINT('',#2636);
#738=VERTEX_POINT('',#2638);
#739=VERTEX_POINT('',#2642);
#740=VERTEX_POINT('',#2644);
#741=VERTEX_POINT('',#2648);
#742=VERTEX_POINT('',#2650);
#743=VERTEX_POINT('',#2654);
#744=VERTEX_POINT('',#2656);
#745=VERTEX_POINT('',#2660);
#746=VERTEX_POINT('',#2661);
#747=VERTEX_POINT('',#2663);
#748=VERTEX_POINT('',#2665);
#749=VERTEX_POINT('',#2669);
#750=VERTEX_POINT('',#2671);
#751=VERTEX_POINT('',#2675);
#752=VERTEX_POINT('',#2677);
#753=VERTEX_POINT('',#2681);
#754=VERTEX_POINT('',#2683);
#755=VERTEX_POINT('',#2687);
#756=VERTEX_POINT('',#2689);
#757=VERTEX_POINT('',#2693);
#758=VERTEX_POINT('',#2695);
#759=VERTEX_POINT('',#2699);
#760=VERTEX_POINT('',#2701);
#761=VERTEX_POINT('',#2705);
#762=VERTEX_POINT('',#2707);
#763=VERTEX_POINT('',#2711);
#764=VERTEX_POINT('',#2712);
#765=VERTEX_POINT('',#2714);
#766=VERTEX_POINT('',#2716);
#767=VERTEX_POINT('',#2720);
#768=VERTEX_POINT('',#2722);
#769=VERTEX_POINT('',#2726);
#770=VERTEX_POINT('',#2728);
#771=VERTEX_POINT('',#2732);
#772=VERTEX_POINT('',#2734);
#773=VERTEX_POINT('',#2738);
#774=VERTEX_POINT('',#2740);
#775=VERTEX_POINT('',#2744);
#776=VERTEX_POINT('',#2746);
#777=VERTEX_POINT('',#2750);
#778=VERTEX_POINT('',#2752);
#779=VERTEX_POINT('',#2756);
#780=VERTEX_POINT('',#2758);
#781=VERTEX_POINT('',#2762);
#782=VERTEX_POINT('',#2763);
#783=VERTEX_POINT('',#2765);
#784=VERTEX_POINT('',#2767);
#785=VERTEX_POINT('',#2771);
#786=VERTEX_POINT('',#2773);
#787=VERTEX_POINT('',#2777);
#788=VERTEX_POINT('',#2779);
#789=VERTEX_POINT('',#2783);
#790=VERTEX_POINT('',#2785);
#791=VERTEX_POINT('',#2789);
#792=VERTEX_POINT('',#2791);
#793=VERTEX_POINT('',#2795);
#794=VERTEX_POINT('',#2797);
#795=VERTEX_POINT('',#2801);
#796=VERTEX_POINT('',#2803);
#797=VERTEX_POINT('',#2807);
#798=VERTEX_POINT('',#2809);
#799=VERTEX_POINT('',#2813);
#800=VERTEX_POINT('',#2814);
#801=VERTEX_POINT('',#2816);
#802=VERTEX_POINT('',#2818);
#803=VERTEX_POINT('',#2822);
#804=VERTEX_POINT('',#2824);
#805=VERTEX_POINT('',#2828);
#806=VERTEX_POINT('',#2830);
#807=VERTEX_POINT('',#2834);
#808=VERTEX_POINT('',#2836);
#809=VERTEX_POINT('',#2840);
#810=VERTEX_POINT('',#2842);
#811=VERTEX_POINT('',#2846);
#812=VERTEX_POINT('',#2848);
#813=VERTEX_POINT('',#2852);
#814=VERTEX_POINT('',#2854);
#815=VERTEX_POINT('',#2858);
#816=VERTEX_POINT('',#2860);
#817=VERTEX_POINT('',#2864);
#818=VERTEX_POINT('',#2866);
#819=VERTEX_POINT('',#2870);
#820=VERTEX_POINT('',#2872);
#821=VERTEX_POINT('',#2876);
#822=VERTEX_POINT('',#2878);
#823=VERTEX_POINT('',#2882);
#824=VERTEX_POINT('',#2884);
#825=VERTEX_POINT('',#2888);
#826=VERTEX_POINT('',#2890);
#827=VERTEX_POINT('',#2894);
#828=VERTEX_POINT('',#2896);
#829=VERTEX_POINT('',#2900);
#830=VERTEX_POINT('',#2902);
#831=VERTEX_POINT('',#2912);
#832=VERTEX_POINT('',#2914);
#833=VERTEX_POINT('',#2916);
#834=VERTEX_POINT('',#2918);
#835=VERTEX_POINT('',#2920);
#836=VERTEX_POINT('',#2922);
#837=VERTEX_POINT('',#2924);
#838=VERTEX_POINT('',#2926);
#839=VERTEX_POINT('',#2928);
#840=VERTEX_POINT('',#2930);
#841=VERTEX_POINT('',#2933);
#842=VERTEX_POINT('',#2934);
#843=VERTEX_POINT('',#2936);
#844=VERTEX_POINT('',#2938);
#845=VERTEX_POINT('',#2940);
#846=VERTEX_POINT('',#2942);
#847=VERTEX_POINT('',#2944);
#848=VERTEX_POINT('',#2946);
#849=VERTEX_POINT('',#2950);
#850=VERTEX_POINT('',#2966);
#851=VERTEX_POINT('',#2968);
#852=VERTEX_POINT('',#2972);
#853=VERTEX_POINT('',#2976);
#854=VERTEX_POINT('',#2980);
#855=VERTEX_POINT('',#2984);
#856=VERTEX_POINT('',#2988);
#857=VERTEX_POINT('',#2992);
#858=VERTEX_POINT('',#2998);
#859=VERTEX_POINT('',#3003);
#860=VERTEX_POINT('',#3004);
#861=VERTEX_POINT('',#3006);
#862=VERTEX_POINT('',#3008);
#863=VERTEX_POINT('',#3010);
#864=VERTEX_POINT('',#3012);
#865=VERTEX_POINT('',#3014);
#866=VERTEX_POINT('',#3016);
#867=EDGE_CURVE('',#691,#692,#307,.T.);
#868=EDGE_CURVE('',#692,#693,#308,.T.);
#869=EDGE_CURVE('',#693,#694,#309,.T.);
#870=EDGE_CURVE('',#694,#691,#310,.T.);
#871=EDGE_CURVE('',#695,#692,#311,.T.);
#872=EDGE_CURVE('',#696,#695,#312,.T.);
#873=EDGE_CURVE('',#693,#696,#313,.T.);
#874=EDGE_CURVE('',#695,#697,#314,.T.);
#875=EDGE_CURVE('',#697,#698,#315,.T.);
#876=EDGE_CURVE('',#698,#696,#316,.T.);
#877=EDGE_CURVE('',#699,#697,#17,.T.);
#878=EDGE_CURVE('',#700,#699,#317,.T.);
#879=EDGE_CURVE('',#698,#700,#18,.T.);
#880=EDGE_CURVE('',#699,#701,#318,.T.);
#881=EDGE_CURVE('',#701,#702,#319,.T.);
#882=EDGE_CURVE('',#702,#700,#320,.T.);
#883=EDGE_CURVE('',#703,#701,#321,.T.);
#884=EDGE_CURVE('',#704,#703,#322,.T.);
#885=EDGE_CURVE('',#702,#704,#323,.T.);
#886=EDGE_CURVE('',#703,#705,#324,.T.);
#887=EDGE_CURVE('',#705,#706,#325,.T.);
#888=EDGE_CURVE('',#706,#704,#326,.T.);
#889=EDGE_CURVE('',#707,#705,#19,.T.);
#890=EDGE_CURVE('',#707,#708,#327,.T.);
#891=EDGE_CURVE('',#706,#708,#20,.T.);
#892=EDGE_CURVE('',#709,#710,#328,.T.);
#893=EDGE_CURVE('',#710,#711,#329,.T.);
#894=EDGE_CURVE('',#711,#712,#330,.T.);
#895=EDGE_CURVE('',#712,#709,#331,.T.);
#896=EDGE_CURVE('',#713,#710,#332,.T.);
#897=EDGE_CURVE('',#714,#713,#333,.T.);
#898=EDGE_CURVE('',#711,#714,#334,.T.);
#899=EDGE_CURVE('',#713,#715,#335,.T.);
#900=EDGE_CURVE('',#715,#716,#336,.T.);
#901=EDGE_CURVE('',#716,#714,#337,.T.);
#902=EDGE_CURVE('',#717,#715,#21,.T.);
#903=EDGE_CURVE('',#718,#717,#338,.T.);
#904=EDGE_CURVE('',#716,#718,#22,.T.);
#905=EDGE_CURVE('',#717,#719,#339,.T.);
#906=EDGE_CURVE('',#719,#720,#340,.T.);
#907=EDGE_CURVE('',#720,#718,#341,.T.);
#908=EDGE_CURVE('',#721,#719,#342,.T.);
#909=EDGE_CURVE('',#722,#721,#343,.T.);
#910=EDGE_CURVE('',#720,#722,#344,.T.);
#911=EDGE_CURVE('',#721,#723,#345,.T.);
#912=EDGE_CURVE('',#723,#724,#346,.T.);
#913=EDGE_CURVE('',#724,#722,#347,.T.);
#914=EDGE_CURVE('',#725,#723,#23,.T.);
#915=EDGE_CURVE('',#725,#726,#348,.T.);
#916=EDGE_CURVE('',#724,#726,#24,.T.);
#917=EDGE_CURVE('',#727,#728,#349,.T.);
#918=EDGE_CURVE('',#728,#729,#350,.T.);
#919=EDGE_CURVE('',#729,#730,#351,.T.);
#920=EDGE_CURVE('',#730,#727,#352,.T.);
#921=EDGE_CURVE('',#731,#728,#353,.T.);
#922=EDGE_CURVE('',#732,#731,#354,.T.);
#923=EDGE_CURVE('',#729,#732,#355,.T.);
#924=EDGE_CURVE('',#731,#733,#356,.T.);
#925=EDGE_CURVE('',#733,#734,#357,.T.);
#926=EDGE_CURVE('',#734,#732,#358,.T.);
#927=EDGE_CURVE('',#735,#733,#25,.T.);
#928=EDGE_CURVE('',#736,#735,#359,.T.);
#929=EDGE_CURVE('',#734,#736,#26,.T.);
#930=EDGE_CURVE('',#735,#737,#360,.T.);
#931=EDGE_CURVE('',#737,#738,#361,.T.);
#932=EDGE_CURVE('',#738,#736,#362,.T.);
#933=EDGE_CURVE('',#739,#737,#363,.T.);
#934=EDGE_CURVE('',#740,#739,#364,.T.);
#935=EDGE_CURVE('',#738,#740,#365,.T.);
#936=EDGE_CURVE('',#739,#741,#366,.T.);
#937=EDGE_CURVE('',#741,#742,#367,.T.);
#938=EDGE_CURVE('',#742,#740,#368,.T.);
#939=EDGE_CURVE('',#743,#741,#27,.T.);
#940=EDGE_CURVE('',#743,#744,#369,.T.);
#941=EDGE_CURVE('',#742,#744,#28,.T.);
#942=EDGE_CURVE('',#745,#746,#370,.T.);
#943=EDGE_CURVE('',#746,#747,#371,.T.);
#944=EDGE_CURVE('',#747,#748,#372,.T.);
#945=EDGE_CURVE('',#748,#745,#373,.T.);
#946=EDGE_CURVE('',#749,#746,#374,.T.);
#947=EDGE_CURVE('',#750,#749,#375,.T.);
#948=EDGE_CURVE('',#747,#750,#376,.T.);
#949=EDGE_CURVE('',#749,#751,#377,.T.);
#950=EDGE_CURVE('',#751,#752,#378,.T.);
#951=EDGE_CURVE('',#752,#750,#379,.T.);
#952=EDGE_CURVE('',#753,#751,#29,.T.);
#953=EDGE_CURVE('',#754,#753,#380,.T.);
#954=EDGE_CURVE('',#752,#754,#30,.T.);
#955=EDGE_CURVE('',#753,#755,#381,.T.);
#956=EDGE_CURVE('',#755,#756,#382,.T.);
#957=EDGE_CURVE('',#756,#754,#383,.T.);
#958=EDGE_CURVE('',#757,#755,#384,.T.);
#959=EDGE_CURVE('',#758,#757,#385,.T.);
#960=EDGE_CURVE('',#756,#758,#386,.T.);
#961=EDGE_CURVE('',#757,#759,#387,.T.);
#962=EDGE_CURVE('',#759,#760,#388,.T.);
#963=EDGE_CURVE('',#760,#758,#389,.T.);
#964=EDGE_CURVE('',#761,#759,#31,.T.);
#965=EDGE_CURVE('',#761,#762,#390,.T.);
#966=EDGE_CURVE('',#760,#762,#32,.T.);
#967=EDGE_CURVE('',#763,#764,#391,.T.);
#968=EDGE_CURVE('',#764,#765,#392,.T.);
#969=EDGE_CURVE('',#765,#766,#393,.T.);
#970=EDGE_CURVE('',#766,#763,#394,.T.);
#971=EDGE_CURVE('',#767,#764,#395,.T.);
#972=EDGE_CURVE('',#768,#767,#396,.T.);
#973=EDGE_CURVE('',#765,#768,#397,.T.);
#974=EDGE_CURVE('',#767,#769,#398,.T.);
#975=EDGE_CURVE('',#769,#770,#399,.T.);
#976=EDGE_CURVE('',#770,#768,#400,.T.);
#977=EDGE_CURVE('',#771,#769,#33,.T.);
#978=EDGE_CURVE('',#772,#771,#401,.T.);
#979=EDGE_CURVE('',#770,#772,#34,.T.);
#980=EDGE_CURVE('',#771,#773,#402,.T.);
#981=EDGE_CURVE('',#773,#774,#403,.T.);
#982=EDGE_CURVE('',#774,#772,#404,.T.);
#983=EDGE_CURVE('',#775,#773,#405,.T.);
#984=EDGE_CURVE('',#776,#775,#406,.T.);
#985=EDGE_CURVE('',#774,#776,#407,.T.);
#986=EDGE_CURVE('',#775,#777,#408,.T.);
#987=EDGE_CURVE('',#777,#778,#409,.T.);
#988=EDGE_CURVE('',#778,#776,#410,.T.);
#989=EDGE_CURVE('',#779,#777,#35,.T.);
#990=EDGE_CURVE('',#779,#780,#411,.T.);
#991=EDGE_CURVE('',#778,#780,#36,.T.);
#992=EDGE_CURVE('',#781,#782,#412,.T.);
#993=EDGE_CURVE('',#782,#783,#413,.T.);
#994=EDGE_CURVE('',#783,#784,#414,.T.);
#995=EDGE_CURVE('',#784,#781,#415,.T.);
#996=EDGE_CURVE('',#785,#782,#416,.T.);
#997=EDGE_CURVE('',#786,#785,#417,.T.);
#998=EDGE_CURVE('',#783,#786,#418,.T.);
#999=EDGE_CURVE('',#785,#787,#419,.T.);
#1000=EDGE_CURVE('',#787,#788,#420,.T.);
#1001=EDGE_CURVE('',#788,#786,#421,.T.);
#1002=EDGE_CURVE('',#789,#787,#37,.T.);
#1003=EDGE_CURVE('',#790,#789,#422,.T.);
#1004=EDGE_CURVE('',#788,#790,#38,.T.);
#1005=EDGE_CURVE('',#789,#791,#423,.T.);
#1006=EDGE_CURVE('',#791,#792,#424,.T.);
#1007=EDGE_CURVE('',#792,#790,#425,.T.);
#1008=EDGE_CURVE('',#793,#791,#426,.T.);
#1009=EDGE_CURVE('',#794,#793,#427,.T.);
#1010=EDGE_CURVE('',#792,#794,#428,.T.);
#1011=EDGE_CURVE('',#793,#795,#429,.T.);
#1012=EDGE_CURVE('',#795,#796,#430,.T.);
#1013=EDGE_CURVE('',#796,#794,#431,.T.);
#1014=EDGE_CURVE('',#797,#795,#39,.T.);
#1015=EDGE_CURVE('',#797,#798,#432,.T.);
#1016=EDGE_CURVE('',#796,#798,#40,.T.);
#1017=EDGE_CURVE('',#799,#800,#433,.T.);
#1018=EDGE_CURVE('',#800,#801,#434,.T.);
#1019=EDGE_CURVE('',#801,#802,#435,.T.);
#1020=EDGE_CURVE('',#802,#799,#436,.T.);
#1021=EDGE_CURVE('',#803,#800,#437,.T.);
#1022=EDGE_CURVE('',#804,#803,#438,.T.);
#1023=EDGE_CURVE('',#801,#804,#439,.T.);
#1024=EDGE_CURVE('',#803,#805,#440,.T.);
#1025=EDGE_CURVE('',#805,#806,#441,.T.);
#1026=EDGE_CURVE('',#806,#804,#442,.T.);
#1027=EDGE_CURVE('',#807,#805,#41,.T.);
#1028=EDGE_CURVE('',#808,#807,#443,.T.);
#1029=EDGE_CURVE('',#806,#808,#42,.T.);
#1030=EDGE_CURVE('',#807,#809,#444,.T.);
#1031=EDGE_CURVE('',#809,#810,#445,.T.);
#1032=EDGE_CURVE('',#810,#808,#446,.T.);
#1033=EDGE_CURVE('',#811,#809,#447,.T.);
#1034=EDGE_CURVE('',#812,#811,#448,.T.);
#1035=EDGE_CURVE('',#810,#812,#449,.T.);
#1036=EDGE_CURVE('',#811,#813,#450,.T.);
#1037=EDGE_CURVE('',#813,#814,#451,.T.);
#1038=EDGE_CURVE('',#814,#812,#452,.T.);
#1039=EDGE_CURVE('',#815,#813,#43,.T.);
#1040=EDGE_CURVE('',#815,#816,#453,.T.);
#1041=EDGE_CURVE('',#814,#816,#44,.T.);
#1042=EDGE_CURVE('',#817,#694,#45,.T.);
#1043=EDGE_CURVE('',#818,#817,#454,.T.);
#1044=EDGE_CURVE('',#691,#818,#46,.T.);
#1045=EDGE_CURVE('',#819,#712,#47,.T.);
#1046=EDGE_CURVE('',#820,#819,#455,.T.);
#1047=EDGE_CURVE('',#709,#820,#48,.T.);
#1048=EDGE_CURVE('',#821,#730,#49,.T.);
#1049=EDGE_CURVE('',#822,#821,#456,.T.);
#1050=EDGE_CURVE('',#727,#822,#50,.T.);
#1051=EDGE_CURVE('',#823,#748,#51,.T.);
#1052=EDGE_CURVE('',#824,#823,#457,.T.);
#1053=EDGE_CURVE('',#745,#824,#52,.T.);
#1054=EDGE_CURVE('',#825,#766,#53,.T.);
#1055=EDGE_CURVE('',#826,#825,#458,.T.);
#1056=EDGE_CURVE('',#763,#826,#54,.T.);
#1057=EDGE_CURVE('',#827,#784,#55,.T.);
#1058=EDGE_CURVE('',#828,#827,#459,.T.);
#1059=EDGE_CURVE('',#781,#828,#56,.T.);
#1060=EDGE_CURVE('',#829,#802,#57,.T.);
#1061=EDGE_CURVE('',#830,#829,#460,.T.);
#1062=EDGE_CURVE('',#799,#830,#58,.T.);
#1063=EDGE_CURVE('',#725,#818,#59,.T.);
#1064=EDGE_CURVE('',#743,#820,#60,.T.);
#1065=EDGE_CURVE('',#761,#822,#61,.T.);
#1066=EDGE_CURVE('',#779,#824,#62,.T.);
#1067=EDGE_CURVE('',#797,#826,#63,.T.);
#1068=EDGE_CURVE('',#815,#828,#64,.T.);
#1069=EDGE_CURVE('',#831,#830,#65,.T.);
#1070=EDGE_CURVE('',#831,#832,#66,.T.);
#1071=EDGE_CURVE('',#833,#832,#461,.T.);
#1072=EDGE_CURVE('',#833,#834,#462,.T.);
#1073=EDGE_CURVE('',#835,#834,#463,.T.);
#1074=EDGE_CURVE('',#835,#836,#67,.T.);
#1075=EDGE_CURVE('',#837,#836,#464,.T.);
#1076=EDGE_CURVE('',#837,#838,#465,.T.);
#1077=EDGE_CURVE('',#839,#838,#466,.T.);
#1078=EDGE_CURVE('',#839,#840,#68,.T.);
#1079=EDGE_CURVE('',#707,#840,#69,.T.);
#1080=EDGE_CURVE('',#841,#842,#70,.T.);
#1081=EDGE_CURVE('',#843,#841,#467,.T.);
#1082=EDGE_CURVE('',#844,#843,#71,.T.);
#1083=EDGE_CURVE('',#845,#844,#468,.T.);
#1084=EDGE_CURVE('',#846,#845,#72,.T.);
#1085=EDGE_CURVE('',#847,#846,#469,.T.);
#1086=EDGE_CURVE('',#848,#847,#73,.T.);
#1087=EDGE_CURVE('',#842,#848,#470,.T.);
#1088=EDGE_CURVE('',#849,#829,#74,.T.);
#1089=EDGE_CURVE('',#831,#849,#471,.T.);
#1090=EDGE_CURVE('',#816,#827,#75,.T.);
#1091=EDGE_CURVE('',#798,#825,#76,.T.);
#1092=EDGE_CURVE('',#780,#823,#77,.T.);
#1093=EDGE_CURVE('',#762,#821,#78,.T.);
#1094=EDGE_CURVE('',#744,#819,#79,.T.);
#1095=EDGE_CURVE('',#726,#817,#80,.T.);
#1096=EDGE_CURVE('',#838,#850,#472,.T.);
#1097=EDGE_CURVE('',#850,#851,#473,.T.);
#1098=EDGE_CURVE('',#851,#839,#474,.T.);
#1099=EDGE_CURVE('',#852,#837,#475,.T.);
#1100=EDGE_CURVE('',#850,#852,#476,.T.);
#1101=EDGE_CURVE('',#836,#853,#477,.T.);
#1102=EDGE_CURVE('',#853,#852,#478,.T.);
#1103=EDGE_CURVE('',#854,#835,#479,.T.);
#1104=EDGE_CURVE('',#853,#854,#81,.T.);
#1105=EDGE_CURVE('',#834,#855,#480,.T.);
#1106=EDGE_CURVE('',#855,#854,#481,.T.);
#1107=EDGE_CURVE('',#856,#833,#482,.T.);
#1108=EDGE_CURVE('',#855,#856,#483,.T.);
#1109=EDGE_CURVE('',#832,#857,#484,.T.);
#1110=EDGE_CURVE('',#857,#856,#485,.T.);
#1111=EDGE_CURVE('',#857,#849,#82,.T.);
#1112=EDGE_CURVE('',#858,#851,#83,.T.);
#1113=EDGE_CURVE('',#840,#858,#486,.T.);
#1114=EDGE_CURVE('',#708,#858,#84,.T.);
#1115=EDGE_CURVE('',#859,#860,#85,.T.);
#1116=EDGE_CURVE('',#860,#861,#487,.T.);
#1117=EDGE_CURVE('',#861,#862,#86,.T.);
#1118=EDGE_CURVE('',#862,#863,#488,.T.);
#1119=EDGE_CURVE('',#863,#864,#87,.T.);
#1120=EDGE_CURVE('',#864,#865,#489,.T.);
#1121=EDGE_CURVE('',#865,#866,#88,.T.);
#1122=EDGE_CURVE('',#866,#859,#490,.T.);
#1123=EDGE_CURVE('',#841,#859,#491,.T.);
#1124=EDGE_CURVE('',#843,#866,#492,.T.);
#1125=EDGE_CURVE('',#844,#865,#493,.T.);
#1126=EDGE_CURVE('',#845,#864,#494,.T.);
#1127=EDGE_CURVE('',#846,#863,#495,.T.);
#1128=EDGE_CURVE('',#847,#862,#496,.T.);
#1129=EDGE_CURVE('',#848,#861,#497,.T.);
#1130=EDGE_CURVE('',#842,#860,#498,.T.);
#1131=ORIENTED_EDGE('',*,*,#867,.T.);
#1132=ORIENTED_EDGE('',*,*,#868,.T.);
#1133=ORIENTED_EDGE('',*,*,#869,.T.);
#1134=ORIENTED_EDGE('',*,*,#870,.T.);
#1135=ORIENTED_EDGE('',*,*,#868,.F.);
#1136=ORIENTED_EDGE('',*,*,#871,.F.);
#1137=ORIENTED_EDGE('',*,*,#872,.F.);
#1138=ORIENTED_EDGE('',*,*,#873,.F.);
#1139=ORIENTED_EDGE('',*,*,#874,.T.);
#1140=ORIENTED_EDGE('',*,*,#875,.T.);
#1141=ORIENTED_EDGE('',*,*,#876,.T.);
#1142=ORIENTED_EDGE('',*,*,#872,.T.);
#1143=ORIENTED_EDGE('',*,*,#875,.F.);
#1144=ORIENTED_EDGE('',*,*,#877,.F.);
#1145=ORIENTED_EDGE('',*,*,#878,.F.);
#1146=ORIENTED_EDGE('',*,*,#879,.F.);
#1147=ORIENTED_EDGE('',*,*,#880,.T.);
#1148=ORIENTED_EDGE('',*,*,#881,.T.);
#1149=ORIENTED_EDGE('',*,*,#882,.T.);
#1150=ORIENTED_EDGE('',*,*,#878,.T.);
#1151=ORIENTED_EDGE('',*,*,#881,.F.);
#1152=ORIENTED_EDGE('',*,*,#883,.F.);
#1153=ORIENTED_EDGE('',*,*,#884,.F.);
#1154=ORIENTED_EDGE('',*,*,#885,.F.);
#1155=ORIENTED_EDGE('',*,*,#886,.T.);
#1156=ORIENTED_EDGE('',*,*,#887,.T.);
#1157=ORIENTED_EDGE('',*,*,#888,.T.);
#1158=ORIENTED_EDGE('',*,*,#884,.T.);
#1159=ORIENTED_EDGE('',*,*,#887,.F.);
#1160=ORIENTED_EDGE('',*,*,#889,.F.);
#1161=ORIENTED_EDGE('',*,*,#890,.T.);
#1162=ORIENTED_EDGE('',*,*,#891,.F.);
#1163=ORIENTED_EDGE('',*,*,#892,.T.);
#1164=ORIENTED_EDGE('',*,*,#893,.T.);
#1165=ORIENTED_EDGE('',*,*,#894,.T.);
#1166=ORIENTED_EDGE('',*,*,#895,.T.);
#1167=ORIENTED_EDGE('',*,*,#893,.F.);
#1168=ORIENTED_EDGE('',*,*,#896,.F.);
#1169=ORIENTED_EDGE('',*,*,#897,.F.);
#1170=ORIENTED_EDGE('',*,*,#898,.F.);
#1171=ORIENTED_EDGE('',*,*,#899,.T.);
#1172=ORIENTED_EDGE('',*,*,#900,.T.);
#1173=ORIENTED_EDGE('',*,*,#901,.T.);
#1174=ORIENTED_EDGE('',*,*,#897,.T.);
#1175=ORIENTED_EDGE('',*,*,#900,.F.);
#1176=ORIENTED_EDGE('',*,*,#902,.F.);
#1177=ORIENTED_EDGE('',*,*,#903,.F.);
#1178=ORIENTED_EDGE('',*,*,#904,.F.);
#1179=ORIENTED_EDGE('',*,*,#905,.T.);
#1180=ORIENTED_EDGE('',*,*,#906,.T.);
#1181=ORIENTED_EDGE('',*,*,#907,.T.);
#1182=ORIENTED_EDGE('',*,*,#903,.T.);
#1183=ORIENTED_EDGE('',*,*,#906,.F.);
#1184=ORIENTED_EDGE('',*,*,#908,.F.);
#1185=ORIENTED_EDGE('',*,*,#909,.F.);
#1186=ORIENTED_EDGE('',*,*,#910,.F.);
#1187=ORIENTED_EDGE('',*,*,#911,.T.);
#1188=ORIENTED_EDGE('',*,*,#912,.T.);
#1189=ORIENTED_EDGE('',*,*,#913,.T.);
#1190=ORIENTED_EDGE('',*,*,#909,.T.);
#1191=ORIENTED_EDGE('',*,*,#912,.F.);
#1192=ORIENTED_EDGE('',*,*,#914,.F.);
#1193=ORIENTED_EDGE('',*,*,#915,.T.);
#1194=ORIENTED_EDGE('',*,*,#916,.F.);
#1195=ORIENTED_EDGE('',*,*,#917,.T.);
#1196=ORIENTED_EDGE('',*,*,#918,.T.);
#1197=ORIENTED_EDGE('',*,*,#919,.T.);
#1198=ORIENTED_EDGE('',*,*,#920,.T.);
#1199=ORIENTED_EDGE('',*,*,#918,.F.);
#1200=ORIENTED_EDGE('',*,*,#921,.F.);
#1201=ORIENTED_EDGE('',*,*,#922,.F.);
#1202=ORIENTED_EDGE('',*,*,#923,.F.);
#1203=ORIENTED_EDGE('',*,*,#924,.T.);
#1204=ORIENTED_EDGE('',*,*,#925,.T.);
#1205=ORIENTED_EDGE('',*,*,#926,.T.);
#1206=ORIENTED_EDGE('',*,*,#922,.T.);
#1207=ORIENTED_EDGE('',*,*,#925,.F.);
#1208=ORIENTED_EDGE('',*,*,#927,.F.);
#1209=ORIENTED_EDGE('',*,*,#928,.F.);
#1210=ORIENTED_EDGE('',*,*,#929,.F.);
#1211=ORIENTED_EDGE('',*,*,#930,.T.);
#1212=ORIENTED_EDGE('',*,*,#931,.T.);
#1213=ORIENTED_EDGE('',*,*,#932,.T.);
#1214=ORIENTED_EDGE('',*,*,#928,.T.);
#1215=ORIENTED_EDGE('',*,*,#931,.F.);
#1216=ORIENTED_EDGE('',*,*,#933,.F.);
#1217=ORIENTED_EDGE('',*,*,#934,.F.);
#1218=ORIENTED_EDGE('',*,*,#935,.F.);
#1219=ORIENTED_EDGE('',*,*,#936,.T.);
#1220=ORIENTED_EDGE('',*,*,#937,.T.);
#1221=ORIENTED_EDGE('',*,*,#938,.T.);
#1222=ORIENTED_EDGE('',*,*,#934,.T.);
#1223=ORIENTED_EDGE('',*,*,#937,.F.);
#1224=ORIENTED_EDGE('',*,*,#939,.F.);
#1225=ORIENTED_EDGE('',*,*,#940,.T.);
#1226=ORIENTED_EDGE('',*,*,#941,.F.);
#1227=ORIENTED_EDGE('',*,*,#942,.T.);
#1228=ORIENTED_EDGE('',*,*,#943,.T.);
#1229=ORIENTED_EDGE('',*,*,#944,.T.);
#1230=ORIENTED_EDGE('',*,*,#945,.T.);
#1231=ORIENTED_EDGE('',*,*,#943,.F.);
#1232=ORIENTED_EDGE('',*,*,#946,.F.);
#1233=ORIENTED_EDGE('',*,*,#947,.F.);
#1234=ORIENTED_EDGE('',*,*,#948,.F.);
#1235=ORIENTED_EDGE('',*,*,#949,.T.);
#1236=ORIENTED_EDGE('',*,*,#950,.T.);
#1237=ORIENTED_EDGE('',*,*,#951,.T.);
#1238=ORIENTED_EDGE('',*,*,#947,.T.);
#1239=ORIENTED_EDGE('',*,*,#950,.F.);
#1240=ORIENTED_EDGE('',*,*,#952,.F.);
#1241=ORIENTED_EDGE('',*,*,#953,.F.);
#1242=ORIENTED_EDGE('',*,*,#954,.F.);
#1243=ORIENTED_EDGE('',*,*,#955,.T.);
#1244=ORIENTED_EDGE('',*,*,#956,.T.);
#1245=ORIENTED_EDGE('',*,*,#957,.T.);
#1246=ORIENTED_EDGE('',*,*,#953,.T.);
#1247=ORIENTED_EDGE('',*,*,#956,.F.);
#1248=ORIENTED_EDGE('',*,*,#958,.F.);
#1249=ORIENTED_EDGE('',*,*,#959,.F.);
#1250=ORIENTED_EDGE('',*,*,#960,.F.);
#1251=ORIENTED_EDGE('',*,*,#961,.T.);
#1252=ORIENTED_EDGE('',*,*,#962,.T.);
#1253=ORIENTED_EDGE('',*,*,#963,.T.);
#1254=ORIENTED_EDGE('',*,*,#959,.T.);
#1255=ORIENTED_EDGE('',*,*,#962,.F.);
#1256=ORIENTED_EDGE('',*,*,#964,.F.);
#1257=ORIENTED_EDGE('',*,*,#965,.T.);
#1258=ORIENTED_EDGE('',*,*,#966,.F.);
#1259=ORIENTED_EDGE('',*,*,#967,.T.);
#1260=ORIENTED_EDGE('',*,*,#968,.T.);
#1261=ORIENTED_EDGE('',*,*,#969,.T.);
#1262=ORIENTED_EDGE('',*,*,#970,.T.);
#1263=ORIENTED_EDGE('',*,*,#968,.F.);
#1264=ORIENTED_EDGE('',*,*,#971,.F.);
#1265=ORIENTED_EDGE('',*,*,#972,.F.);
#1266=ORIENTED_EDGE('',*,*,#973,.F.);
#1267=ORIENTED_EDGE('',*,*,#974,.T.);
#1268=ORIENTED_EDGE('',*,*,#975,.T.);
#1269=ORIENTED_EDGE('',*,*,#976,.T.);
#1270=ORIENTED_EDGE('',*,*,#972,.T.);
#1271=ORIENTED_EDGE('',*,*,#975,.F.);
#1272=ORIENTED_EDGE('',*,*,#977,.F.);
#1273=ORIENTED_EDGE('',*,*,#978,.F.);
#1274=ORIENTED_EDGE('',*,*,#979,.F.);
#1275=ORIENTED_EDGE('',*,*,#980,.T.);
#1276=ORIENTED_EDGE('',*,*,#981,.T.);
#1277=ORIENTED_EDGE('',*,*,#982,.T.);
#1278=ORIENTED_EDGE('',*,*,#978,.T.);
#1279=ORIENTED_EDGE('',*,*,#981,.F.);
#1280=ORIENTED_EDGE('',*,*,#983,.F.);
#1281=ORIENTED_EDGE('',*,*,#984,.F.);
#1282=ORIENTED_EDGE('',*,*,#985,.F.);
#1283=ORIENTED_EDGE('',*,*,#986,.T.);
#1284=ORIENTED_EDGE('',*,*,#987,.T.);
#1285=ORIENTED_EDGE('',*,*,#988,.T.);
#1286=ORIENTED_EDGE('',*,*,#984,.T.);
#1287=ORIENTED_EDGE('',*,*,#987,.F.);
#1288=ORIENTED_EDGE('',*,*,#989,.F.);
#1289=ORIENTED_EDGE('',*,*,#990,.T.);
#1290=ORIENTED_EDGE('',*,*,#991,.F.);
#1291=ORIENTED_EDGE('',*,*,#992,.T.);
#1292=ORIENTED_EDGE('',*,*,#993,.T.);
#1293=ORIENTED_EDGE('',*,*,#994,.T.);
#1294=ORIENTED_EDGE('',*,*,#995,.T.);
#1295=ORIENTED_EDGE('',*,*,#993,.F.);
#1296=ORIENTED_EDGE('',*,*,#996,.F.);
#1297=ORIENTED_EDGE('',*,*,#997,.F.);
#1298=ORIENTED_EDGE('',*,*,#998,.F.);
#1299=ORIENTED_EDGE('',*,*,#999,.T.);
#1300=ORIENTED_EDGE('',*,*,#1000,.T.);
#1301=ORIENTED_EDGE('',*,*,#1001,.T.);
#1302=ORIENTED_EDGE('',*,*,#997,.T.);
#1303=ORIENTED_EDGE('',*,*,#1000,.F.);
#1304=ORIENTED_EDGE('',*,*,#1002,.F.);
#1305=ORIENTED_EDGE('',*,*,#1003,.F.);
#1306=ORIENTED_EDGE('',*,*,#1004,.F.);
#1307=ORIENTED_EDGE('',*,*,#1005,.T.);
#1308=ORIENTED_EDGE('',*,*,#1006,.T.);
#1309=ORIENTED_EDGE('',*,*,#1007,.T.);
#1310=ORIENTED_EDGE('',*,*,#1003,.T.);
#1311=ORIENTED_EDGE('',*,*,#1006,.F.);
#1312=ORIENTED_EDGE('',*,*,#1008,.F.);
#1313=ORIENTED_EDGE('',*,*,#1009,.F.);
#1314=ORIENTED_EDGE('',*,*,#1010,.F.);
#1315=ORIENTED_EDGE('',*,*,#1011,.T.);
#1316=ORIENTED_EDGE('',*,*,#1012,.T.);
#1317=ORIENTED_EDGE('',*,*,#1013,.T.);
#1318=ORIENTED_EDGE('',*,*,#1009,.T.);
#1319=ORIENTED_EDGE('',*,*,#1012,.F.);
#1320=ORIENTED_EDGE('',*,*,#1014,.F.);
#1321=ORIENTED_EDGE('',*,*,#1015,.T.);
#1322=ORIENTED_EDGE('',*,*,#1016,.F.);
#1323=ORIENTED_EDGE('',*,*,#1017,.T.);
#1324=ORIENTED_EDGE('',*,*,#1018,.T.);
#1325=ORIENTED_EDGE('',*,*,#1019,.T.);
#1326=ORIENTED_EDGE('',*,*,#1020,.T.);
#1327=ORIENTED_EDGE('',*,*,#1018,.F.);
#1328=ORIENTED_EDGE('',*,*,#1021,.F.);
#1329=ORIENTED_EDGE('',*,*,#1022,.F.);
#1330=ORIENTED_EDGE('',*,*,#1023,.F.);
#1331=ORIENTED_EDGE('',*,*,#1024,.T.);
#1332=ORIENTED_EDGE('',*,*,#1025,.T.);
#1333=ORIENTED_EDGE('',*,*,#1026,.T.);
#1334=ORIENTED_EDGE('',*,*,#1022,.T.);
#1335=ORIENTED_EDGE('',*,*,#1025,.F.);
#1336=ORIENTED_EDGE('',*,*,#1027,.F.);
#1337=ORIENTED_EDGE('',*,*,#1028,.F.);
#1338=ORIENTED_EDGE('',*,*,#1029,.F.);
#1339=ORIENTED_EDGE('',*,*,#1030,.T.);
#1340=ORIENTED_EDGE('',*,*,#1031,.T.);
#1341=ORIENTED_EDGE('',*,*,#1032,.T.);
#1342=ORIENTED_EDGE('',*,*,#1028,.T.);
#1343=ORIENTED_EDGE('',*,*,#1031,.F.);
#1344=ORIENTED_EDGE('',*,*,#1033,.F.);
#1345=ORIENTED_EDGE('',*,*,#1034,.F.);
#1346=ORIENTED_EDGE('',*,*,#1035,.F.);
#1347=ORIENTED_EDGE('',*,*,#1036,.T.);
#1348=ORIENTED_EDGE('',*,*,#1037,.T.);
#1349=ORIENTED_EDGE('',*,*,#1038,.T.);
#1350=ORIENTED_EDGE('',*,*,#1034,.T.);
#1351=ORIENTED_EDGE('',*,*,#1037,.F.);
#1352=ORIENTED_EDGE('',*,*,#1039,.F.);
#1353=ORIENTED_EDGE('',*,*,#1040,.T.);
#1354=ORIENTED_EDGE('',*,*,#1041,.F.);
#1355=ORIENTED_EDGE('',*,*,#870,.F.);
#1356=ORIENTED_EDGE('',*,*,#1042,.F.);
#1357=ORIENTED_EDGE('',*,*,#1043,.F.);
#1358=ORIENTED_EDGE('',*,*,#1044,.F.);
#1359=ORIENTED_EDGE('',*,*,#895,.F.);
#1360=ORIENTED_EDGE('',*,*,#1045,.F.);
#1361=ORIENTED_EDGE('',*,*,#1046,.F.);
#1362=ORIENTED_EDGE('',*,*,#1047,.F.);
#1363=ORIENTED_EDGE('',*,*,#920,.F.);
#1364=ORIENTED_EDGE('',*,*,#1048,.F.);
#1365=ORIENTED_EDGE('',*,*,#1049,.F.);
#1366=ORIENTED_EDGE('',*,*,#1050,.F.);
#1367=ORIENTED_EDGE('',*,*,#945,.F.);
#1368=ORIENTED_EDGE('',*,*,#1051,.F.);
#1369=ORIENTED_EDGE('',*,*,#1052,.F.);
#1370=ORIENTED_EDGE('',*,*,#1053,.F.);
#1371=ORIENTED_EDGE('',*,*,#970,.F.);
#1372=ORIENTED_EDGE('',*,*,#1054,.F.);
#1373=ORIENTED_EDGE('',*,*,#1055,.F.);
#1374=ORIENTED_EDGE('',*,*,#1056,.F.);
#1375=ORIENTED_EDGE('',*,*,#995,.F.);
#1376=ORIENTED_EDGE('',*,*,#1057,.F.);
#1377=ORIENTED_EDGE('',*,*,#1058,.F.);
#1378=ORIENTED_EDGE('',*,*,#1059,.F.);
#1379=ORIENTED_EDGE('',*,*,#1020,.F.);
#1380=ORIENTED_EDGE('',*,*,#1060,.F.);
#1381=ORIENTED_EDGE('',*,*,#1061,.F.);
#1382=ORIENTED_EDGE('',*,*,#1062,.F.);
#1383=ORIENTED_EDGE('',*,*,#889,.T.);
#1384=ORIENTED_EDGE('',*,*,#886,.F.);
#1385=ORIENTED_EDGE('',*,*,#883,.T.);
#1386=ORIENTED_EDGE('',*,*,#880,.F.);
#1387=ORIENTED_EDGE('',*,*,#877,.T.);
#1388=ORIENTED_EDGE('',*,*,#874,.F.);
#1389=ORIENTED_EDGE('',*,*,#871,.T.);
#1390=ORIENTED_EDGE('',*,*,#867,.F.);
#1391=ORIENTED_EDGE('',*,*,#1044,.T.);
#1392=ORIENTED_EDGE('',*,*,#1063,.F.);
#1393=ORIENTED_EDGE('',*,*,#914,.T.);
#1394=ORIENTED_EDGE('',*,*,#911,.F.);
#1395=ORIENTED_EDGE('',*,*,#908,.T.);
#1396=ORIENTED_EDGE('',*,*,#905,.F.);
#1397=ORIENTED_EDGE('',*,*,#902,.T.);
#1398=ORIENTED_EDGE('',*,*,#899,.F.);
#1399=ORIENTED_EDGE('',*,*,#896,.T.);
#1400=ORIENTED_EDGE('',*,*,#892,.F.);
#1401=ORIENTED_EDGE('',*,*,#1047,.T.);
#1402=ORIENTED_EDGE('',*,*,#1064,.F.);
#1403=ORIENTED_EDGE('',*,*,#939,.T.);
#1404=ORIENTED_EDGE('',*,*,#936,.F.);
#1405=ORIENTED_EDGE('',*,*,#933,.T.);
#1406=ORIENTED_EDGE('',*,*,#930,.F.);
#1407=ORIENTED_EDGE('',*,*,#927,.T.);
#1408=ORIENTED_EDGE('',*,*,#924,.F.);
#1409=ORIENTED_EDGE('',*,*,#921,.T.);
#1410=ORIENTED_EDGE('',*,*,#917,.F.);
#1411=ORIENTED_EDGE('',*,*,#1050,.T.);
#1412=ORIENTED_EDGE('',*,*,#1065,.F.);
#1413=ORIENTED_EDGE('',*,*,#964,.T.);
#1414=ORIENTED_EDGE('',*,*,#961,.F.);
#1415=ORIENTED_EDGE('',*,*,#958,.T.);
#1416=ORIENTED_EDGE('',*,*,#955,.F.);
#1417=ORIENTED_EDGE('',*,*,#952,.T.);
#1418=ORIENTED_EDGE('',*,*,#949,.F.);
#1419=ORIENTED_EDGE('',*,*,#946,.T.);
#1420=ORIENTED_EDGE('',*,*,#942,.F.);
#1421=ORIENTED_EDGE('',*,*,#1053,.T.);
#1422=ORIENTED_EDGE('',*,*,#1066,.F.);
#1423=ORIENTED_EDGE('',*,*,#989,.T.);
#1424=ORIENTED_EDGE('',*,*,#986,.F.);
#1425=ORIENTED_EDGE('',*,*,#983,.T.);
#1426=ORIENTED_EDGE('',*,*,#980,.F.);
#1427=ORIENTED_EDGE('',*,*,#977,.T.);
#1428=ORIENTED_EDGE('',*,*,#974,.F.);
#1429=ORIENTED_EDGE('',*,*,#971,.T.);
#1430=ORIENTED_EDGE('',*,*,#967,.F.);
#1431=ORIENTED_EDGE('',*,*,#1056,.T.);
#1432=ORIENTED_EDGE('',*,*,#1067,.F.);
#1433=ORIENTED_EDGE('',*,*,#1014,.T.);
#1434=ORIENTED_EDGE('',*,*,#1011,.F.);
#1435=ORIENTED_EDGE('',*,*,#1008,.T.);
#1436=ORIENTED_EDGE('',*,*,#1005,.F.);
#1437=ORIENTED_EDGE('',*,*,#1002,.T.);
#1438=ORIENTED_EDGE('',*,*,#999,.F.);
#1439=ORIENTED_EDGE('',*,*,#996,.T.);
#1440=ORIENTED_EDGE('',*,*,#992,.F.);
#1441=ORIENTED_EDGE('',*,*,#1059,.T.);
#1442=ORIENTED_EDGE('',*,*,#1068,.F.);
#1443=ORIENTED_EDGE('',*,*,#1039,.T.);
#1444=ORIENTED_EDGE('',*,*,#1036,.F.);
#1445=ORIENTED_EDGE('',*,*,#1033,.T.);
#1446=ORIENTED_EDGE('',*,*,#1030,.F.);
#1447=ORIENTED_EDGE('',*,*,#1027,.T.);
#1448=ORIENTED_EDGE('',*,*,#1024,.F.);
#1449=ORIENTED_EDGE('',*,*,#1021,.T.);
#1450=ORIENTED_EDGE('',*,*,#1017,.F.);
#1451=ORIENTED_EDGE('',*,*,#1062,.T.);
#1452=ORIENTED_EDGE('',*,*,#1069,.F.);
#1453=ORIENTED_EDGE('',*,*,#1070,.T.);
#1454=ORIENTED_EDGE('',*,*,#1071,.F.);
#1455=ORIENTED_EDGE('',*,*,#1072,.T.);
#1456=ORIENTED_EDGE('',*,*,#1073,.F.);
#1457=ORIENTED_EDGE('',*,*,#1074,.T.);
#1458=ORIENTED_EDGE('',*,*,#1075,.F.);
#1459=ORIENTED_EDGE('',*,*,#1076,.T.);
#1460=ORIENTED_EDGE('',*,*,#1077,.F.);
#1461=ORIENTED_EDGE('',*,*,#1078,.T.);
#1462=ORIENTED_EDGE('',*,*,#1079,.F.);
#1463=ORIENTED_EDGE('',*,*,#1080,.F.);
#1464=ORIENTED_EDGE('',*,*,#1081,.F.);
#1465=ORIENTED_EDGE('',*,*,#1082,.F.);
#1466=ORIENTED_EDGE('',*,*,#1083,.F.);
#1467=ORIENTED_EDGE('',*,*,#1084,.F.);
#1468=ORIENTED_EDGE('',*,*,#1085,.F.);
#1469=ORIENTED_EDGE('',*,*,#1086,.F.);
#1470=ORIENTED_EDGE('',*,*,#1087,.F.);
#1471=ORIENTED_EDGE('',*,*,#1061,.T.);
#1472=ORIENTED_EDGE('',*,*,#1088,.F.);
#1473=ORIENTED_EDGE('',*,*,#1089,.F.);
#1474=ORIENTED_EDGE('',*,*,#1069,.T.);
#1475=ORIENTED_EDGE('',*,*,#1058,.T.);
#1476=ORIENTED_EDGE('',*,*,#1090,.F.);
#1477=ORIENTED_EDGE('',*,*,#1040,.F.);
#1478=ORIENTED_EDGE('',*,*,#1068,.T.);
#1479=ORIENTED_EDGE('',*,*,#1055,.T.);
#1480=ORIENTED_EDGE('',*,*,#1091,.F.);
#1481=ORIENTED_EDGE('',*,*,#1015,.F.);
#1482=ORIENTED_EDGE('',*,*,#1067,.T.);
#1483=ORIENTED_EDGE('',*,*,#1052,.T.);
#1484=ORIENTED_EDGE('',*,*,#1092,.F.);
#1485=ORIENTED_EDGE('',*,*,#990,.F.);
#1486=ORIENTED_EDGE('',*,*,#1066,.T.);
#1487=ORIENTED_EDGE('',*,*,#1049,.T.);
#1488=ORIENTED_EDGE('',*,*,#1093,.F.);
#1489=ORIENTED_EDGE('',*,*,#965,.F.);
#1490=ORIENTED_EDGE('',*,*,#1065,.T.);
#1491=ORIENTED_EDGE('',*,*,#1046,.T.);
#1492=ORIENTED_EDGE('',*,*,#1094,.F.);
#1493=ORIENTED_EDGE('',*,*,#940,.F.);
#1494=ORIENTED_EDGE('',*,*,#1064,.T.);
#1495=ORIENTED_EDGE('',*,*,#1043,.T.);
#1496=ORIENTED_EDGE('',*,*,#1095,.F.);
#1497=ORIENTED_EDGE('',*,*,#915,.F.);
#1498=ORIENTED_EDGE('',*,*,#1063,.T.);
#1499=ORIENTED_EDGE('',*,*,#1077,.T.);
#1500=ORIENTED_EDGE('',*,*,#1096,.T.);
#1501=ORIENTED_EDGE('',*,*,#1097,.T.);
#1502=ORIENTED_EDGE('',*,*,#1098,.T.);
#1503=ORIENTED_EDGE('',*,*,#1096,.F.);
#1504=ORIENTED_EDGE('',*,*,#1076,.F.);
#1505=ORIENTED_EDGE('',*,*,#1099,.F.);
#1506=ORIENTED_EDGE('',*,*,#1100,.F.);
#1507=ORIENTED_EDGE('',*,*,#1075,.T.);
#1508=ORIENTED_EDGE('',*,*,#1101,.T.);
#1509=ORIENTED_EDGE('',*,*,#1102,.T.);
#1510=ORIENTED_EDGE('',*,*,#1099,.T.);
#1511=ORIENTED_EDGE('',*,*,#1101,.F.);
#1512=ORIENTED_EDGE('',*,*,#1074,.F.);
#1513=ORIENTED_EDGE('',*,*,#1103,.F.);
#1514=ORIENTED_EDGE('',*,*,#1104,.F.);
#1515=ORIENTED_EDGE('',*,*,#1073,.T.);
#1516=ORIENTED_EDGE('',*,*,#1105,.T.);
#1517=ORIENTED_EDGE('',*,*,#1106,.T.);
#1518=ORIENTED_EDGE('',*,*,#1103,.T.);
#1519=ORIENTED_EDGE('',*,*,#1105,.F.);
#1520=ORIENTED_EDGE('',*,*,#1072,.F.);
#1521=ORIENTED_EDGE('',*,*,#1107,.F.);
#1522=ORIENTED_EDGE('',*,*,#1108,.F.);
#1523=ORIENTED_EDGE('',*,*,#1071,.T.);
#1524=ORIENTED_EDGE('',*,*,#1109,.T.);
#1525=ORIENTED_EDGE('',*,*,#1110,.T.);
#1526=ORIENTED_EDGE('',*,*,#1107,.T.);
#1527=ORIENTED_EDGE('',*,*,#1109,.F.);
#1528=ORIENTED_EDGE('',*,*,#1070,.F.);
#1529=ORIENTED_EDGE('',*,*,#1089,.T.);
#1530=ORIENTED_EDGE('',*,*,#1111,.F.);
#1531=ORIENTED_EDGE('',*,*,#1098,.F.);
#1532=ORIENTED_EDGE('',*,*,#1112,.F.);
#1533=ORIENTED_EDGE('',*,*,#1113,.F.);
#1534=ORIENTED_EDGE('',*,*,#1078,.F.);
#1535=ORIENTED_EDGE('',*,*,#891,.T.);
#1536=ORIENTED_EDGE('',*,*,#1114,.T.);
#1537=ORIENTED_EDGE('',*,*,#1112,.T.);
#1538=ORIENTED_EDGE('',*,*,#1097,.F.);
#1539=ORIENTED_EDGE('',*,*,#1100,.T.);
#1540=ORIENTED_EDGE('',*,*,#1102,.F.);
#1541=ORIENTED_EDGE('',*,*,#1104,.T.);
#1542=ORIENTED_EDGE('',*,*,#1106,.F.);
#1543=ORIENTED_EDGE('',*,*,#1108,.T.);
#1544=ORIENTED_EDGE('',*,*,#1110,.F.);
#1545=ORIENTED_EDGE('',*,*,#1111,.T.);
#1546=ORIENTED_EDGE('',*,*,#1088,.T.);
#1547=ORIENTED_EDGE('',*,*,#1060,.T.);
#1548=ORIENTED_EDGE('',*,*,#1019,.F.);
#1549=ORIENTED_EDGE('',*,*,#1023,.T.);
#1550=ORIENTED_EDGE('',*,*,#1026,.F.);
#1551=ORIENTED_EDGE('',*,*,#1029,.T.);
#1552=ORIENTED_EDGE('',*,*,#1032,.F.);
#1553=ORIENTED_EDGE('',*,*,#1035,.T.);
#1554=ORIENTED_EDGE('',*,*,#1038,.F.);
#1555=ORIENTED_EDGE('',*,*,#1041,.T.);
#1556=ORIENTED_EDGE('',*,*,#1090,.T.);
#1557=ORIENTED_EDGE('',*,*,#1057,.T.);
#1558=ORIENTED_EDGE('',*,*,#994,.F.);
#1559=ORIENTED_EDGE('',*,*,#998,.T.);
#1560=ORIENTED_EDGE('',*,*,#1001,.F.);
#1561=ORIENTED_EDGE('',*,*,#1004,.T.);
#1562=ORIENTED_EDGE('',*,*,#1007,.F.);
#1563=ORIENTED_EDGE('',*,*,#1010,.T.);
#1564=ORIENTED_EDGE('',*,*,#1013,.F.);
#1565=ORIENTED_EDGE('',*,*,#1016,.T.);
#1566=ORIENTED_EDGE('',*,*,#1091,.T.);
#1567=ORIENTED_EDGE('',*,*,#1054,.T.);
#1568=ORIENTED_EDGE('',*,*,#969,.F.);
#1569=ORIENTED_EDGE('',*,*,#973,.T.);
#1570=ORIENTED_EDGE('',*,*,#976,.F.);
#1571=ORIENTED_EDGE('',*,*,#979,.T.);
#1572=ORIENTED_EDGE('',*,*,#982,.F.);
#1573=ORIENTED_EDGE('',*,*,#985,.T.);
#1574=ORIENTED_EDGE('',*,*,#988,.F.);
#1575=ORIENTED_EDGE('',*,*,#991,.T.);
#1576=ORIENTED_EDGE('',*,*,#1092,.T.);
#1577=ORIENTED_EDGE('',*,*,#1051,.T.);
#1578=ORIENTED_EDGE('',*,*,#944,.F.);
#1579=ORIENTED_EDGE('',*,*,#948,.T.);
#1580=ORIENTED_EDGE('',*,*,#951,.F.);
#1581=ORIENTED_EDGE('',*,*,#954,.T.);
#1582=ORIENTED_EDGE('',*,*,#957,.F.);
#1583=ORIENTED_EDGE('',*,*,#960,.T.);
#1584=ORIENTED_EDGE('',*,*,#963,.F.);
#1585=ORIENTED_EDGE('',*,*,#966,.T.);
#1586=ORIENTED_EDGE('',*,*,#1093,.T.);
#1587=ORIENTED_EDGE('',*,*,#1048,.T.);
#1588=ORIENTED_EDGE('',*,*,#919,.F.);
#1589=ORIENTED_EDGE('',*,*,#923,.T.);
#1590=ORIENTED_EDGE('',*,*,#926,.F.);
#1591=ORIENTED_EDGE('',*,*,#929,.T.);
#1592=ORIENTED_EDGE('',*,*,#932,.F.);
#1593=ORIENTED_EDGE('',*,*,#935,.T.);
#1594=ORIENTED_EDGE('',*,*,#938,.F.);
#1595=ORIENTED_EDGE('',*,*,#941,.T.);
#1596=ORIENTED_EDGE('',*,*,#1094,.T.);
#1597=ORIENTED_EDGE('',*,*,#1045,.T.);
#1598=ORIENTED_EDGE('',*,*,#894,.F.);
#1599=ORIENTED_EDGE('',*,*,#898,.T.);
#1600=ORIENTED_EDGE('',*,*,#901,.F.);
#1601=ORIENTED_EDGE('',*,*,#904,.T.);
#1602=ORIENTED_EDGE('',*,*,#907,.F.);
#1603=ORIENTED_EDGE('',*,*,#910,.T.);
#1604=ORIENTED_EDGE('',*,*,#913,.F.);
#1605=ORIENTED_EDGE('',*,*,#916,.T.);
#1606=ORIENTED_EDGE('',*,*,#1095,.T.);
#1607=ORIENTED_EDGE('',*,*,#1042,.T.);
#1608=ORIENTED_EDGE('',*,*,#869,.F.);
#1609=ORIENTED_EDGE('',*,*,#873,.T.);
#1610=ORIENTED_EDGE('',*,*,#876,.F.);
#1611=ORIENTED_EDGE('',*,*,#879,.T.);
#1612=ORIENTED_EDGE('',*,*,#882,.F.);
#1613=ORIENTED_EDGE('',*,*,#885,.T.);
#1614=ORIENTED_EDGE('',*,*,#888,.F.);
#1615=ORIENTED_EDGE('',*,*,#1115,.T.);
#1616=ORIENTED_EDGE('',*,*,#1116,.T.);
#1617=ORIENTED_EDGE('',*,*,#1117,.T.);
#1618=ORIENTED_EDGE('',*,*,#1118,.T.);
#1619=ORIENTED_EDGE('',*,*,#1119,.T.);
#1620=ORIENTED_EDGE('',*,*,#1120,.T.);
#1621=ORIENTED_EDGE('',*,*,#1121,.T.);
#1622=ORIENTED_EDGE('',*,*,#1122,.T.);
#1623=ORIENTED_EDGE('',*,*,#890,.F.);
#1624=ORIENTED_EDGE('',*,*,#1079,.T.);
#1625=ORIENTED_EDGE('',*,*,#1113,.T.);
#1626=ORIENTED_EDGE('',*,*,#1114,.F.);
#1627=ORIENTED_EDGE('',*,*,#1081,.T.);
#1628=ORIENTED_EDGE('',*,*,#1123,.T.);
#1629=ORIENTED_EDGE('',*,*,#1122,.F.);
#1630=ORIENTED_EDGE('',*,*,#1124,.F.);
#1631=ORIENTED_EDGE('',*,*,#1082,.T.);
#1632=ORIENTED_EDGE('',*,*,#1124,.T.);
#1633=ORIENTED_EDGE('',*,*,#1121,.F.);
#1634=ORIENTED_EDGE('',*,*,#1125,.F.);
#1635=ORIENTED_EDGE('',*,*,#1083,.T.);
#1636=ORIENTED_EDGE('',*,*,#1125,.T.);
#1637=ORIENTED_EDGE('',*,*,#1120,.F.);
#1638=ORIENTED_EDGE('',*,*,#1126,.F.);
#1639=ORIENTED_EDGE('',*,*,#1084,.T.);
#1640=ORIENTED_EDGE('',*,*,#1126,.T.);
#1641=ORIENTED_EDGE('',*,*,#1119,.F.);
#1642=ORIENTED_EDGE('',*,*,#1127,.F.);
#1643=ORIENTED_EDGE('',*,*,#1085,.T.);
#1644=ORIENTED_EDGE('',*,*,#1127,.T.);
#1645=ORIENTED_EDGE('',*,*,#1118,.F.);
#1646=ORIENTED_EDGE('',*,*,#1128,.F.);
#1647=ORIENTED_EDGE('',*,*,#1086,.T.);
#1648=ORIENTED_EDGE('',*,*,#1128,.T.);
#1649=ORIENTED_EDGE('',*,*,#1117,.F.);
#1650=ORIENTED_EDGE('',*,*,#1129,.F.);
#1651=ORIENTED_EDGE('',*,*,#1087,.T.);
#1652=ORIENTED_EDGE('',*,*,#1129,.T.);
#1653=ORIENTED_EDGE('',*,*,#1116,.F.);
#1654=ORIENTED_EDGE('',*,*,#1130,.F.);
#1655=ORIENTED_EDGE('',*,*,#1080,.T.);
#1656=ORIENTED_EDGE('',*,*,#1130,.T.);
#1657=ORIENTED_EDGE('',*,*,#1115,.F.);
#1658=ORIENTED_EDGE('',*,*,#1123,.F.);
#1659=PLANE('',#1825);
#1660=PLANE('',#1826);
#1661=PLANE('',#1827);
#1662=PLANE('',#1831);
#1663=PLANE('',#1832);
#1664=PLANE('',#1833);
#1665=PLANE('',#1837);
#1666=PLANE('',#1838);
#1667=PLANE('',#1839);
#1668=PLANE('',#1843);
#1669=PLANE('',#1844);
#1670=PLANE('',#1845);
#1671=PLANE('',#1849);
#1672=PLANE('',#1850);
#1673=PLANE('',#1851);
#1674=PLANE('',#1855);
#1675=PLANE('',#1856);
#1676=PLANE('',#1857);
#1677=PLANE('',#1861);
#1678=PLANE('',#1862);
#1679=PLANE('',#1863);
#1680=PLANE('',#1867);
#1681=PLANE('',#1868);
#1682=PLANE('',#1869);
#1683=PLANE('',#1873);
#1684=PLANE('',#1874);
#1685=PLANE('',#1875);
#1686=PLANE('',#1879);
#1687=PLANE('',#1880);
#1688=PLANE('',#1881);
#1689=PLANE('',#1885);
#1690=PLANE('',#1886);
#1691=PLANE('',#1887);
#1692=PLANE('',#1891);
#1693=PLANE('',#1892);
#1694=PLANE('',#1893);
#1695=PLANE('',#1897);
#1696=PLANE('',#1898);
#1697=PLANE('',#1899);
#1698=PLANE('',#1903);
#1699=PLANE('',#1904);
#1700=PLANE('',#1905);
#1701=PLANE('',#1930);
#1702=PLANE('',#1960);
#1703=PLANE('',#1961);
#1704=PLANE('',#1962);
#1705=PLANE('',#1965);
#1706=PLANE('',#1966);
#1707=PLANE('',#1967);
#1708=PLANE('',#1972);
#1709=PLANE('',#1979);
#1710=PLANE('',#1981);
#1711=PLANE('',#1983);
#1712=PLANE('',#1985);
#1713=ADVANCED_FACE('',(#125),#1659,.T.);
#1714=ADVANCED_FACE('',(#126),#1660,.F.);
#1715=ADVANCED_FACE('',(#127),#1661,.T.);
#1716=ADVANCED_FACE('',(#128),#89,.T.);
#1717=ADVANCED_FACE('',(#129),#1662,.T.);
#1718=ADVANCED_FACE('',(#130),#1663,.F.);
#1719=ADVANCED_FACE('',(#131),#1664,.T.);
#1720=ADVANCED_FACE('',(#132),#90,.T.);
#1721=ADVANCED_FACE('',(#133),#1665,.T.);
#1722=ADVANCED_FACE('',(#134),#1666,.F.);
#1723=ADVANCED_FACE('',(#135),#1667,.T.);
#1724=ADVANCED_FACE('',(#136),#91,.T.);
#1725=ADVANCED_FACE('',(#137),#1668,.T.);
#1726=ADVANCED_FACE('',(#138),#1669,.F.);
#1727=ADVANCED_FACE('',(#139),#1670,.T.);
#1728=ADVANCED_FACE('',(#140),#92,.T.);
#1729=ADVANCED_FACE('',(#141),#1671,.T.);
#1730=ADVANCED_FACE('',(#142),#1672,.F.);
#1731=ADVANCED_FACE('',(#143),#1673,.T.);
#1732=ADVANCED_FACE('',(#144),#93,.T.);
#1733=ADVANCED_FACE('',(#145),#1674,.T.);
#1734=ADVANCED_FACE('',(#146),#1675,.F.);
#1735=ADVANCED_FACE('',(#147),#1676,.T.);
#1736=ADVANCED_FACE('',(#148),#94,.T.);
#1737=ADVANCED_FACE('',(#149),#1677,.T.);
#1738=ADVANCED_FACE('',(#150),#1678,.F.);
#1739=ADVANCED_FACE('',(#151),#1679,.T.);
#1740=ADVANCED_FACE('',(#152),#95,.T.);
#1741=ADVANCED_FACE('',(#153),#1680,.T.);
#1742=ADVANCED_FACE('',(#154),#1681,.F.);
#1743=ADVANCED_FACE('',(#155),#1682,.T.);
#1744=ADVANCED_FACE('',(#156),#96,.T.);
#1745=ADVANCED_FACE('',(#157),#1683,.T.);
#1746=ADVANCED_FACE('',(#158),#1684,.F.);
#1747=ADVANCED_FACE('',(#159),#1685,.T.);
#1748=ADVANCED_FACE('',(#160),#97,.T.);
#1749=ADVANCED_FACE('',(#161),#1686,.T.);
#1750=ADVANCED_FACE('',(#162),#1687,.F.);
#1751=ADVANCED_FACE('',(#163),#1688,.T.);
#1752=ADVANCED_FACE('',(#164),#98,.T.);
#1753=ADVANCED_FACE('',(#165),#1689,.T.);
#1754=ADVANCED_FACE('',(#166),#1690,.F.);
#1755=ADVANCED_FACE('',(#167),#1691,.T.);
#1756=ADVANCED_FACE('',(#168),#99,.T.);
#1757=ADVANCED_FACE('',(#169),#1692,.T.);
#1758=ADVANCED_FACE('',(#170),#1693,.F.);
#1759=ADVANCED_FACE('',(#171),#1694,.T.);
#1760=ADVANCED_FACE('',(#172),#100,.T.);
#1761=ADVANCED_FACE('',(#173),#1695,.T.);
#1762=ADVANCED_FACE('',(#174),#1696,.F.);
#1763=ADVANCED_FACE('',(#175),#1697,.T.);
#1764=ADVANCED_FACE('',(#176),#101,.T.);
#1765=ADVANCED_FACE('',(#177),#1698,.T.);
#1766=ADVANCED_FACE('',(#178),#1699,.F.);
#1767=ADVANCED_FACE('',(#179),#1700,.T.);
#1768=ADVANCED_FACE('',(#180),#102,.T.);
#1769=ADVANCED_FACE('',(#181),#103,.T.);
#1770=ADVANCED_FACE('',(#182),#104,.T.);
#1771=ADVANCED_FACE('',(#183),#105,.T.);
#1772=ADVANCED_FACE('',(#184),#106,.T.);
#1773=ADVANCED_FACE('',(#185),#107,.T.);
#1774=ADVANCED_FACE('',(#186),#108,.T.);
#1775=ADVANCED_FACE('',(#187),#109,.T.);
#1776=ADVANCED_FACE('',(#188,#15),#1701,.F.);
#1777=ADVANCED_FACE('',(#189),#110,.T.);
#1778=ADVANCED_FACE('',(#190),#111,.T.);
#1779=ADVANCED_FACE('',(#191),#112,.T.);
#1780=ADVANCED_FACE('',(#192),#113,.T.);
#1781=ADVANCED_FACE('',(#193),#114,.T.);
#1782=ADVANCED_FACE('',(#194),#115,.T.);
#1783=ADVANCED_FACE('',(#195),#116,.T.);
#1784=ADVANCED_FACE('',(#196),#1702,.T.);
#1785=ADVANCED_FACE('',(#197),#1703,.F.);
#1786=ADVANCED_FACE('',(#198),#1704,.T.);
#1787=ADVANCED_FACE('',(#199),#117,.T.);
#1788=ADVANCED_FACE('',(#200),#1705,.T.);
#1789=ADVANCED_FACE('',(#201),#1706,.F.);
#1790=ADVANCED_FACE('',(#202),#1707,.T.);
#1791=ADVANCED_FACE('',(#203),#118,.T.);
#1792=ADVANCED_FACE('',(#204),#119,.T.);
#1793=ADVANCED_FACE('',(#205,#16),#1708,.T.);
#1794=ADVANCED_FACE('',(#206),#120,.T.);
#1795=ADVANCED_FACE('',(#207),#1709,.T.);
#1796=ADVANCED_FACE('',(#208),#121,.F.);
#1797=ADVANCED_FACE('',(#209),#1710,.T.);
#1798=ADVANCED_FACE('',(#210),#122,.F.);
#1799=ADVANCED_FACE('',(#211),#1711,.T.);
#1800=ADVANCED_FACE('',(#212),#123,.F.);
#1801=ADVANCED_FACE('',(#213),#1712,.T.);
#1802=ADVANCED_FACE('',(#214),#124,.F.);
#1803=CLOSED_SHELL('',(#1713,#1714,#1715,#1716,#1717,#1718,#1719,#1720,
#1721,#1722,#1723,#1724,#1725,#1726,#1727,#1728,#1729,#1730,#1731,#1732,
#1733,#1734,#1735,#1736,#1737,#1738,#1739,#1740,#1741,#1742,#1743,#1744,
#1745,#1746,#1747,#1748,#1749,#1750,#1751,#1752,#1753,#1754,#1755,#1756,
#1757,#1758,#1759,#1760,#1761,#1762,#1763,#1764,#1765,#1766,#1767,#1768,
#1769,#1770,#1771,#1772,#1773,#1774,#1775,#1776,#1777,#1778,#1779,#1780,
#1781,#1782,#1783,#1784,#1785,#1786,#1787,#1788,#1789,#1790,#1791,#1792,
#1793,#1794,#1795,#1796,#1797,#1798,#1799,#1800,#1801,#1802));
#1804=DERIVED_UNIT_ELEMENT(#1806,1.);
#1805=DERIVED_UNIT_ELEMENT(#3044,-3.);
#1806=(
CONVERSION_BASED_UNIT('gram',#1808)
MASS_UNIT()
NAMED_UNIT(#3041)
);
#1807=(
MASS_UNIT()
NAMED_UNIT(*)
SI_UNIT(.KILO.,.GRAM.)
);
#1808=MASS_MEASURE_WITH_UNIT(MASS_MEASURE(0.001),#1807);
#1809=DERIVED_UNIT((#1804,#1805));
#1810=MEASURE_REPRESENTATION_ITEM('density measure',
POSITIVE_RATIO_MEASURE(1.),#1809);
#1811=PROPERTY_DEFINITION_REPRESENTATION(#1816,#1813);
#1812=PROPERTY_DEFINITION_REPRESENTATION(#1817,#1814);
#1813=REPRESENTATION('material name',(#1815),#3038);
#1814=REPRESENTATION('density',(#1810),#3038);
#1815=DESCRIPTIVE_REPRESENTATION_ITEM('Generic','Generic');
#1816=PROPERTY_DEFINITION('material property','material name',#3052);
#1817=PROPERTY_DEFINITION('material property','density of part',#3052);
#1818=DATE_TIME_ROLE('creation_date');
#1819=APPLIED_DATE_AND_TIME_ASSIGNMENT(#1820,#1818,(#3052));
#1820=DATE_AND_TIME(#1821,#1822);
#1821=CALENDAR_DATE(2026,22,1);
#1822=LOCAL_TIME(0,0,0.,#1823);
#1823=COORDINATED_UNIVERSAL_TIME_OFFSET(0,0,.BEHIND.);
#1824=AXIS2_PLACEMENT_3D('',#2505,#1987,#1988);
#1825=AXIS2_PLACEMENT_3D('',#2506,#1989,#1990);
#1826=AXIS2_PLACEMENT_3D('',#2515,#1995,#1996);
#1827=AXIS2_PLACEMENT_3D('',#2521,#2000,#2001);
#1828=AXIS2_PLACEMENT_3D('',#2527,#2005,#2006);
#1829=AXIS2_PLACEMENT_3D('',#2529,#2007,#2008);
#1830=AXIS2_PLACEMENT_3D('',#2532,#2010,#2011);
#1831=AXIS2_PLACEMENT_3D('',#2533,#2012,#2013);
#1832=AXIS2_PLACEMENT_3D('',#2539,#2017,#2018);
#1833=AXIS2_PLACEMENT_3D('',#2545,#2022,#2023);
#1834=AXIS2_PLACEMENT_3D('',#2551,#2027,#2028);
#1835=AXIS2_PLACEMENT_3D('',#2553,#2029,#2030);
#1836=AXIS2_PLACEMENT_3D('',#2556,#2032,#2033);
#1837=AXIS2_PLACEMENT_3D('',#2557,#2034,#2035);
#1838=AXIS2_PLACEMENT_3D('',#2566,#2040,#2041);
#1839=AXIS2_PLACEMENT_3D('',#2572,#2045,#2046);
#1840=AXIS2_PLACEMENT_3D('',#2578,#2050,#2051);
#1841=AXIS2_PLACEMENT_3D('',#2580,#2052,#2053);
#1842=AXIS2_PLACEMENT_3D('',#2583,#2055,#2056);
#1843=AXIS2_PLACEMENT_3D('',#2584,#2057,#2058);
#1844=AXIS2_PLACEMENT_3D('',#2590,#2062,#2063);
#1845=AXIS2_PLACEMENT_3D('',#2596,#2067,#2068);
#1846=AXIS2_PLACEMENT_3D('',#2602,#2072,#2073);
#1847=AXIS2_PLACEMENT_3D('',#2604,#2074,#2075);
#1848=AXIS2_PLACEMENT_3D('',#2607,#2077,#2078);
#1849=AXIS2_PLACEMENT_3D('',#2608,#2079,#2080);
#1850=AXIS2_PLACEMENT_3D('',#2617,#2085,#2086);
#1851=AXIS2_PLACEMENT_3D('',#2623,#2090,#2091);
#1852=AXIS2_PLACEMENT_3D('',#2629,#2095,#2096);
#1853=AXIS2_PLACEMENT_3D('',#2631,#2097,#2098);
#1854=AXIS2_PLACEMENT_3D('',#2634,#2100,#2101);
#1855=AXIS2_PLACEMENT_3D('',#2635,#2102,#2103);
#1856=AXIS2_PLACEMENT_3D('',#2641,#2107,#2108);
#1857=AXIS2_PLACEMENT_3D('',#2647,#2112,#2113);
#1858=AXIS2_PLACEMENT_3D('',#2653,#2117,#2118);
#1859=AXIS2_PLACEMENT_3D('',#2655,#2119,#2120);
#1860=AXIS2_PLACEMENT_3D('',#2658,#2122,#2123);
#1861=AXIS2_PLACEMENT_3D('',#2659,#2124,#2125);
#1862=AXIS2_PLACEMENT_3D('',#2668,#2130,#2131);
#1863=AXIS2_PLACEMENT_3D('',#2674,#2135,#2136);
#1864=AXIS2_PLACEMENT_3D('',#2680,#2140,#2141);
#1865=AXIS2_PLACEMENT_3D('',#2682,#2142,#2143);
#1866=AXIS2_PLACEMENT_3D('',#2685,#2145,#2146);
#1867=AXIS2_PLACEMENT_3D('',#2686,#2147,#2148);
#1868=AXIS2_PLACEMENT_3D('',#2692,#2152,#2153);
#1869=AXIS2_PLACEMENT_3D('',#2698,#2157,#2158);
#1870=AXIS2_PLACEMENT_3D('',#2704,#2162,#2163);
#1871=AXIS2_PLACEMENT_3D('',#2706,#2164,#2165);
#1872=AXIS2_PLACEMENT_3D('',#2709,#2167,#2168);
#1873=AXIS2_PLACEMENT_3D('',#2710,#2169,#2170);
#1874=AXIS2_PLACEMENT_3D('',#2719,#2175,#2176);
#1875=AXIS2_PLACEMENT_3D('',#2725,#2180,#2181);
#1876=AXIS2_PLACEMENT_3D('',#2731,#2185,#2186);
#1877=AXIS2_PLACEMENT_3D('',#2733,#2187,#2188);
#1878=AXIS2_PLACEMENT_3D('',#2736,#2190,#2191);
#1879=AXIS2_PLACEMENT_3D('',#2737,#2192,#2193);
#1880=AXIS2_PLACEMENT_3D('',#2743,#2197,#2198);
#1881=AXIS2_PLACEMENT_3D('',#2749,#2202,#2203);
#1882=AXIS2_PLACEMENT_3D('',#2755,#2207,#2208);
#1883=AXIS2_PLACEMENT_3D('',#2757,#2209,#2210);
#1884=AXIS2_PLACEMENT_3D('',#2760,#2212,#2213);
#1885=AXIS2_PLACEMENT_3D('',#2761,#2214,#2215);
#1886=AXIS2_PLACEMENT_3D('',#2770,#2220,#2221);
#1887=AXIS2_PLACEMENT_3D('',#2776,#2225,#2226);
#1888=AXIS2_PLACEMENT_3D('',#2782,#2230,#2231);
#1889=AXIS2_PLACEMENT_3D('',#2784,#2232,#2233);
#1890=AXIS2_PLACEMENT_3D('',#2787,#2235,#2236);
#1891=AXIS2_PLACEMENT_3D('',#2788,#2237,#2238);
#1892=AXIS2_PLACEMENT_3D('',#2794,#2242,#2243);
#1893=AXIS2_PLACEMENT_3D('',#2800,#2247,#2248);
#1894=AXIS2_PLACEMENT_3D('',#2806,#2252,#2253);
#1895=AXIS2_PLACEMENT_3D('',#2808,#2254,#2255);
#1896=AXIS2_PLACEMENT_3D('',#2811,#2257,#2258);
#1897=AXIS2_PLACEMENT_3D('',#2812,#2259,#2260);
#1898=AXIS2_PLACEMENT_3D('',#2821,#2265,#2266);
#1899=AXIS2_PLACEMENT_3D('',#2827,#2270,#2271);
#1900=AXIS2_PLACEMENT_3D('',#2833,#2275,#2276);
#1901=AXIS2_PLACEMENT_3D('',#2835,#2277,#2278);
#1902=AXIS2_PLACEMENT_3D('',#2838,#2280,#2281);
#1903=AXIS2_PLACEMENT_3D('',#2839,#2282,#2283);
#1904=AXIS2_PLACEMENT_3D('',#2845,#2287,#2288);
#1905=AXIS2_PLACEMENT_3D('',#2851,#2292,#2293);
#1906=AXIS2_PLACEMENT_3D('',#2857,#2297,#2298);
#1907=AXIS2_PLACEMENT_3D('',#2859,#2299,#2300);
#1908=AXIS2_PLACEMENT_3D('',#2862,#2302,#2303);
#1909=AXIS2_PLACEMENT_3D('',#2863,#2304,#2305);
#1910=AXIS2_PLACEMENT_3D('',#2865,#2306,#2307);
#1911=AXIS2_PLACEMENT_3D('',#2868,#2309,#2310);
#1912=AXIS2_PLACEMENT_3D('',#2869,#2311,#2312);
#1913=AXIS2_PLACEMENT_3D('',#2871,#2313,#2314);
#1914=AXIS2_PLACEMENT_3D('',#2874,#2316,#2317);
#1915=AXIS2_PLACEMENT_3D('',#2875,#2318,#2319);
#1916=AXIS2_PLACEMENT_3D('',#2877,#2320,#2321);
#1917=AXIS2_PLACEMENT_3D('',#2880,#2323,#2324);
#1918=AXIS2_PLACEMENT_3D('',#2881,#2325,#2326);
#1919=AXIS2_PLACEMENT_3D('',#2883,#2327,#2328);
#1920=AXIS2_PLACEMENT_3D('',#2886,#2330,#2331);
#1921=AXIS2_PLACEMENT_3D('',#2887,#2332,#2333);
#1922=AXIS2_PLACEMENT_3D('',#2889,#2334,#2335);
#1923=AXIS2_PLACEMENT_3D('',#2892,#2337,#2338);
#1924=AXIS2_PLACEMENT_3D('',#2893,#2339,#2340);
#1925=AXIS2_PLACEMENT_3D('',#2895,#2341,#2342);
#1926=AXIS2_PLACEMENT_3D('',#2898,#2344,#2345);
#1927=AXIS2_PLACEMENT_3D('',#2899,#2346,#2347);
#1928=AXIS2_PLACEMENT_3D('',#2901,#2348,#2349);
#1929=AXIS2_PLACEMENT_3D('',#2904,#2351,#2352);
#1930=AXIS2_PLACEMENT_3D('',#2905,#2353,#2354);
#1931=AXIS2_PLACEMENT_3D('',#2906,#2355,#2356);
#1932=AXIS2_PLACEMENT_3D('',#2907,#2357,#2358);
#1933=AXIS2_PLACEMENT_3D('',#2908,#2359,#2360);
#1934=AXIS2_PLACEMENT_3D('',#2909,#2361,#2362);
#1935=AXIS2_PLACEMENT_3D('',#2910,#2363,#2364);
#1936=AXIS2_PLACEMENT_3D('',#2911,#2365,#2366);
#1937=AXIS2_PLACEMENT_3D('',#2913,#2367,#2368);
#1938=AXIS2_PLACEMENT_3D('',#2915,#2369,#2370);
#1939=AXIS2_PLACEMENT_3D('',#2923,#2374,#2375);
#1940=AXIS2_PLACEMENT_3D('',#2931,#2379,#2380);
#1941=AXIS2_PLACEMENT_3D('',#2932,#2381,#2382);
#1942=AXIS2_PLACEMENT_3D('',#2935,#2383,#2384);
#1943=AXIS2_PLACEMENT_3D('',#2939,#2386,#2387);
#1944=AXIS2_PLACEMENT_3D('',#2943,#2389,#2390);
#1945=AXIS2_PLACEMENT_3D('',#2947,#2392,#2393);
#1946=AXIS2_PLACEMENT_3D('',#2949,#2395,#2396);
#1947=AXIS2_PLACEMENT_3D('',#2951,#2397,#2398);
#1948=AXIS2_PLACEMENT_3D('',#2953,#2400,#2401);
#1949=AXIS2_PLACEMENT_3D('',#2954,#2402,#2403);
#1950=AXIS2_PLACEMENT_3D('',#2955,#2404,#2405);
#1951=AXIS2_PLACEMENT_3D('',#2956,#2406,#2407);
#1952=AXIS2_PLACEMENT_3D('',#2957,#2408,#2409);
#1953=AXIS2_PLACEMENT_3D('',#2958,#2410,#2411);
#1954=AXIS2_PLACEMENT_3D('',#2959,#2412,#2413);
#1955=AXIS2_PLACEMENT_3D('',#2960,#2414,#2415);
#1956=AXIS2_PLACEMENT_3D('',#2961,#2416,#2417);
#1957=AXIS2_PLACEMENT_3D('',#2962,#2418,#2419);
#1958=AXIS2_PLACEMENT_3D('',#2963,#2420,#2421);
#1959=AXIS2_PLACEMENT_3D('',#2964,#2422,#2423);
#1960=AXIS2_PLACEMENT_3D('',#2965,#2424,#2425);
#1961=AXIS2_PLACEMENT_3D('',#2971,#2429,#2430);
#1962=AXIS2_PLACEMENT_3D('',#2975,#2433,#2434);
#1963=AXIS2_PLACEMENT_3D('',#2979,#2437,#2438);
#1964=AXIS2_PLACEMENT_3D('',#2982,#2440,#2441);
#1965=AXIS2_PLACEMENT_3D('',#2983,#2442,#2443);
#1966=AXIS2_PLACEMENT_3D('',#2987,#2446,#2447);
#1967=AXIS2_PLACEMENT_3D('',#2991,#2450,#2451);
#1968=AXIS2_PLACEMENT_3D('',#2995,#2454,#2455);
#1969=AXIS2_PLACEMENT_3D('',#2996,#2456,#2457);
#1970=AXIS2_PLACEMENT_3D('',#2997,#2458,#2459);
#1971=AXIS2_PLACEMENT_3D('',#2999,#2460,#2461);
#1972=AXIS2_PLACEMENT_3D('',#3001,#2463,#2464);
#1973=AXIS2_PLACEMENT_3D('',#3002,#2465,#2466);
#1974=AXIS2_PLACEMENT_3D('',#3005,#2467,#2468);
#1975=AXIS2_PLACEMENT_3D('',#3009,#2470,#2471);
#1976=AXIS2_PLACEMENT_3D('',#3013,#2473,#2474);
#1977=AXIS2_PLACEMENT_3D('',#3017,#2476,#2477);
#1978=AXIS2_PLACEMENT_3D('',#3019,#2479,#2480);
#1979=AXIS2_PLACEMENT_3D('',#3020,#2481,#2482);
#1980=AXIS2_PLACEMENT_3D('',#3023,#2485,#2486);
#1981=AXIS2_PLACEMENT_3D('',#3025,#2488,#2489);
#1982=AXIS2_PLACEMENT_3D('',#3027,#2491,#2492);
#1983=AXIS2_PLACEMENT_3D('',#3029,#2494,#2495);
#1984=AXIS2_PLACEMENT_3D('',#3031,#2497,#2498);
#1985=AXIS2_PLACEMENT_3D('',#3033,#2500,#2501);
#1986=AXIS2_PLACEMENT_3D('',#3035,#2503,#2504);
#1987=DIRECTION('axis',(0.,0.,1.));
#1988=DIRECTION('refdir',(1.,0.,0.));
#1989=DIRECTION('center_axis',(-0.839247929733672,0.543748942470462,0.));
#1990=DIRECTION('ref_axis',(0.,0.,1.));
#1991=DIRECTION('',(-0.543748942470462,-0.839247929733672,0.));
#1992=DIRECTION('',(0.,0.,1.));
#1993=DIRECTION('',(0.543748942470462,0.839247929733672,0.));
#1994=DIRECTION('',(0.,0.,-1.));
#1995=DIRECTION('center_axis',(0.382683432365093,-0.923879532511286,0.));
#1996=DIRECTION('ref_axis',(0.923879532511286,0.382683432365093,0.));
#1997=DIRECTION('',(0.923879532511286,0.382683432365093,0.));
#1998=DIRECTION('',(0.,0.,-1.));
#1999=DIRECTION('',(-0.923879532511286,-0.382683432365093,0.));
#2000=DIRECTION('center_axis',(0.427350760147643,0.904085907312592,0.));
#2001=DIRECTION('ref_axis',(0.,0.,1.));
#2002=DIRECTION('',(-0.904085907312592,0.427350760147643,0.));
#2003=DIRECTION('',(0.,0.,1.));
#2004=DIRECTION('',(0.904085907312592,-0.427350760147643,0.));
#2005=DIRECTION('center_axis',(0.,0.,1.));
#2006=DIRECTION('ref_axis',(-0.707106781186547,0.707106781186548,0.));
#2007=DIRECTION('center_axis',(0.,0.,-1.));
#2008=DIRECTION('ref_axis',(-0.707106781186547,0.707106781186548,0.));
#2009=DIRECTION('',(0.,0.,-1.));
#2010=DIRECTION('center_axis',(0.,0.,1.));
#2011=DIRECTION('ref_axis',(-0.707106781186547,0.707106781186548,0.));
#2012=DIRECTION('center_axis',(0.941467896281551,-0.337102655390299,0.));
#2013=DIRECTION('ref_axis',(0.,0.,-1.));
#2014=DIRECTION('',(0.337102655390299,0.941467896281551,0.));
#2015=DIRECTION('',(0.,0.,1.));
#2016=DIRECTION('',(-0.337102655390299,-0.941467896281551,0.));
#2017=DIRECTION('center_axis',(-0.38268343236509,0.923879532511287,0.));
#2018=DIRECTION('ref_axis',(-0.923879532511287,-0.38268343236509,0.));
#2019=DIRECTION('',(-0.923879532511287,-0.38268343236509,0.));
#2020=DIRECTION('',(0.,0.,-1.));
#2021=DIRECTION('',(0.923879532511287,0.38268343236509,0.));
#2022=DIRECTION('center_axis',(-0.208949337727577,-0.977926466695327,0.));
#2023=DIRECTION('ref_axis',(0.,0.,-1.));
#2024=DIRECTION('',(0.977926466695327,-0.208949337727577,0.));
#2025=DIRECTION('',(0.,0.,1.));
#2026=DIRECTION('',(-0.977926466695327,0.208949337727577,0.));
#2027=DIRECTION('center_axis',(0.,0.,1.));
#2028=DIRECTION('ref_axis',(0.956997822703659,0.290095100510946,0.));
#2029=DIRECTION('center_axis',(0.,0.,-1.));
#2030=DIRECTION('ref_axis',(0.956997822703659,0.290095100510946,0.));
#2031=DIRECTION('',(0.,0.,1.));
#2032=DIRECTION('center_axis',(0.,0.,1.));
#2033=DIRECTION('ref_axis',(0.956997822703659,0.290095100510946,0.));
#2034=DIRECTION('center_axis',(-0.208949337727567,0.977926466695329,0.));
#2035=DIRECTION('ref_axis',(0.,0.,1.));
#2036=DIRECTION('',(-0.977926466695329,-0.208949337727567,0.));
#2037=DIRECTION('',(0.,0.,1.));
#2038=DIRECTION('',(0.977926466695329,0.208949337727567,0.));
#2039=DIRECTION('',(0.,0.,-1.));
#2040=DIRECTION('center_axis',(-0.382683432365087,-0.923879532511288,0.));
#2041=DIRECTION('ref_axis',(0.923879532511288,-0.382683432365087,0.));
#2042=DIRECTION('',(0.923879532511288,-0.382683432365087,0.));
#2043=DIRECTION('',(0.,0.,-1.));
#2044=DIRECTION('',(-0.923879532511288,0.382683432365087,0.));
#2045=DIRECTION('center_axis',(0.941467896281551,0.3371026553903,0.));
#2046=DIRECTION('ref_axis',(0.,0.,-1.));
#2047=DIRECTION('',(-0.3371026553903,0.941467896281551,0.));
#2048=DIRECTION('',(0.,0.,1.));
#2049=DIRECTION('',(0.3371026553903,-0.941467896281551,0.));
#2050=DIRECTION('center_axis',(0.,0.,1.));
#2051=DIRECTION('ref_axis',(1.3987061727561E-16,1.,0.));
#2052=DIRECTION('center_axis',(0.,0.,-1.));
#2053=DIRECTION('ref_axis',(1.3987061727561E-16,1.,0.));
#2054=DIRECTION('',(0.,0.,-1.));
#2055=DIRECTION('center_axis',(0.,0.,1.));
#2056=DIRECTION('ref_axis',(1.3987061727561E-16,1.,0.));
#2057=DIRECTION('center_axis',(0.427350760147634,-0.904085907312596,0.));
#2058=DIRECTION('ref_axis',(0.,0.,-1.));
#2059=DIRECTION('',(0.904085907312596,0.427350760147634,0.));
#2060=DIRECTION('',(0.,0.,1.));
#2061=DIRECTION('',(-0.904085907312596,-0.427350760147634,0.));
#2062=DIRECTION('center_axis',(0.38268343236509,0.923879532511287,0.));
#2063=DIRECTION('ref_axis',(-0.923879532511287,0.38268343236509,0.));
#2064=DIRECTION('',(-0.923879532511287,0.38268343236509,0.));
#2065=DIRECTION('',(0.,0.,-1.));
#2066=DIRECTION('',(0.923879532511287,-0.38268343236509,0.));
#2067=DIRECTION('center_axis',(-0.839247929733676,-0.543748942470455,0.));
#2068=DIRECTION('ref_axis',(0.,0.,1.));
#2069=DIRECTION('',(0.543748942470455,-0.839247929733676,0.));
#2070=DIRECTION('',(0.,0.,1.));
#2071=DIRECTION('',(-0.543748942470455,0.839247929733676,0.));
#2072=DIRECTION('center_axis',(0.,0.,1.));
#2073=DIRECTION('ref_axis',(0.881827862774802,-0.471571437254236,0.));
#2074=DIRECTION('center_axis',(0.,0.,-1.));
#2075=DIRECTION('ref_axis',(0.881827862774802,-0.471571437254236,0.));
#2076=DIRECTION('',(0.,0.,1.));
#2077=DIRECTION('center_axis',(0.,0.,1.));
#2078=DIRECTION('ref_axis',(0.881827862774802,-0.471571437254236,0.));
#2079=DIRECTION('center_axis',(0.543748942470467,0.839247929733669,0.));
#2080=DIRECTION('ref_axis',(0.,0.,-1.));
#2081=DIRECTION('',(-0.839247929733669,0.543748942470467,0.));
#2082=DIRECTION('',(0.,0.,1.));
#2083=DIRECTION('',(0.839247929733669,-0.543748942470467,0.));
#2084=DIRECTION('',(0.,0.,-1.));
#2085=DIRECTION('center_axis',(-0.923879532511286,-0.382683432365093,0.));
#2086=DIRECTION('ref_axis',(0.382683432365093,-0.923879532511286,0.));
#2087=DIRECTION('',(0.382683432365093,-0.923879532511286,0.));
#2088=DIRECTION('',(0.,0.,-1.));
#2089=DIRECTION('',(-0.382683432365093,0.923879532511286,0.));
#2090=DIRECTION('center_axis',(0.904085907312592,-0.427350760147643,0.));
#2091=DIRECTION('ref_axis',(0.,0.,-1.));
#2092=DIRECTION('',(0.427350760147643,0.904085907312592,0.));
#2093=DIRECTION('',(0.,0.,1.));
#2094=DIRECTION('',(-0.427350760147643,-0.904085907312592,0.));
#2095=DIRECTION('center_axis',(0.,0.,1.));
#2096=DIRECTION('ref_axis',(0.707106781186548,0.707106781186547,0.));
#2097=DIRECTION('center_axis',(0.,0.,-1.));
#2098=DIRECTION('ref_axis',(0.707106781186548,0.707106781186547,0.));
#2099=DIRECTION('',(0.,0.,-1.));
#2100=DIRECTION('center_axis',(0.,0.,1.));
#2101=DIRECTION('ref_axis',(0.707106781186548,0.707106781186547,0.));
#2102=DIRECTION('center_axis',(-0.337102655390301,-0.94146789628155,0.));
#2103=DIRECTION('ref_axis',(0.,0.,-1.));
#2104=DIRECTION('',(0.94146789628155,-0.337102655390301,0.));
#2105=DIRECTION('',(0.,0.,1.));
#2106=DIRECTION('',(-0.94146789628155,0.337102655390301,0.));
#2107=DIRECTION('center_axis',(0.923879532511287,0.38268343236509,0.));
#2108=DIRECTION('ref_axis',(-0.38268343236509,0.923879532511287,0.));
#2109=DIRECTION('',(-0.38268343236509,0.923879532511287,0.));
#2110=DIRECTION('',(0.,0.,-1.));
#2111=DIRECTION('',(0.38268343236509,-0.923879532511287,0.));
#2112=DIRECTION('center_axis',(-0.977926466695327,0.208949337727578,0.));
#2113=DIRECTION('ref_axis',(0.,0.,1.));
#2114=DIRECTION('',(-0.208949337727578,-0.977926466695327,0.));
#2115=DIRECTION('',(0.,0.,1.));
#2116=DIRECTION('',(0.208949337727578,0.977926466695327,0.));
#2117=DIRECTION('center_axis',(0.,0.,1.));
#2118=DIRECTION('ref_axis',(0.290095100510946,-0.956997822703659,0.));
#2119=DIRECTION('center_axis',(0.,0.,-1.));
#2120=DIRECTION('ref_axis',(0.290095100510946,-0.956997822703659,0.));
#2121=DIRECTION('',(0.,0.,1.));
#2122=DIRECTION('center_axis',(0.,0.,1.));
#2123=DIRECTION('ref_axis',(0.290095100510946,-0.956997822703659,0.));
#2124=DIRECTION('center_axis',(0.977926466695329,0.208949337727567,0.));
#2125=DIRECTION('ref_axis',(0.,0.,-1.));
#2126=DIRECTION('',(-0.208949337727567,0.977926466695329,0.));
#2127=DIRECTION('',(0.,0.,1.));
#2128=DIRECTION('',(0.208949337727567,-0.977926466695329,0.));
#2129=DIRECTION('',(0.,0.,-1.));
#2130=DIRECTION('center_axis',(-0.923879532511288,0.382683432365087,0.));
#2131=DIRECTION('ref_axis',(-0.382683432365087,-0.923879532511288,0.));
#2132=DIRECTION('',(-0.382683432365087,-0.923879532511288,0.));
#2133=DIRECTION('',(0.,0.,-1.));
#2134=DIRECTION('',(0.382683432365087,0.923879532511288,0.));
#2135=DIRECTION('center_axis',(0.3371026553903,-0.941467896281551,0.));
#2136=DIRECTION('ref_axis',(0.,0.,-1.));
#2137=DIRECTION('',(0.941467896281551,0.3371026553903,0.));
#2138=DIRECTION('',(0.,0.,1.));
#2139=DIRECTION('',(-0.941467896281551,-0.3371026553903,0.));
#2140=DIRECTION('center_axis',(0.,0.,1.));
#2141=DIRECTION('ref_axis',(1.,-1.3987061727561E-16,0.));
#2142=DIRECTION('center_axis',(0.,0.,-1.));
#2143=DIRECTION('ref_axis',(1.,-1.3987061727561E-16,0.));
#2144=DIRECTION('',(0.,0.,-1.));
#2145=DIRECTION('center_axis',(0.,0.,1.));
#2146=DIRECTION('ref_axis',(1.,-1.3987061727561E-16,0.));
#2147=DIRECTION('center_axis',(-0.904085907312596,-0.427350760147634,0.));
#2148=DIRECTION('ref_axis',(0.,0.,1.));
#2149=DIRECTION('',(0.427350760147634,-0.904085907312596,0.));
#2150=DIRECTION('',(0.,0.,1.));
#2151=DIRECTION('',(-0.427350760147634,0.904085907312596,0.));
#2152=DIRECTION('center_axis',(0.923879532511287,-0.38268343236509,0.));
#2153=DIRECTION('ref_axis',(0.38268343236509,0.923879532511287,0.));
#2154=DIRECTION('',(0.38268343236509,0.923879532511287,0.));
#2155=DIRECTION('',(0.,0.,-1.));
#2156=DIRECTION('',(-0.38268343236509,-0.923879532511287,0.));
#2157=DIRECTION('center_axis',(-0.543748942470455,0.839247929733676,0.));
#2158=DIRECTION('ref_axis',(0.,0.,1.));
#2159=DIRECTION('',(-0.839247929733676,-0.543748942470455,0.));
#2160=DIRECTION('',(0.,0.,1.));
#2161=DIRECTION('',(0.839247929733676,0.543748942470455,0.));
#2162=DIRECTION('center_axis',(0.,0.,1.));
#2163=DIRECTION('ref_axis',(-0.471571437254236,-0.881827862774802,0.));
#2164=DIRECTION('center_axis',(0.,0.,-1.));
#2165=DIRECTION('ref_axis',(-0.471571437254236,-0.881827862774802,0.));
#2166=DIRECTION('',(0.,0.,1.));
#2167=DIRECTION('center_axis',(0.,0.,1.));
#2168=DIRECTION('ref_axis',(-0.471571437254236,-0.881827862774802,0.));
#2169=DIRECTION('center_axis',(0.839247929733669,-0.543748942470467,0.));
#2170=DIRECTION('ref_axis',(0.,0.,-1.));
#2171=DIRECTION('',(0.543748942470467,0.839247929733669,0.));
#2172=DIRECTION('',(0.,0.,1.));
#2173=DIRECTION('',(-0.543748942470467,-0.839247929733669,0.));
#2174=DIRECTION('',(0.,0.,-1.));
#2175=DIRECTION('center_axis',(-0.382683432365093,0.923879532511286,0.));
#2176=DIRECTION('ref_axis',(-0.923879532511286,-0.382683432365093,0.));
#2177=DIRECTION('',(-0.923879532511286,-0.382683432365093,0.));
#2178=DIRECTION('',(0.,0.,-1.));
#2179=DIRECTION('',(0.923879532511286,0.382683432365093,0.));
#2180=DIRECTION('center_axis',(-0.427350760147643,-0.904085907312592,0.));
#2181=DIRECTION('ref_axis',(0.,0.,-1.));
#2182=DIRECTION('',(0.904085907312592,-0.427350760147643,0.));
#2183=DIRECTION('',(0.,0.,1.));
#2184=DIRECTION('',(-0.904085907312592,0.427350760147643,0.));
#2185=DIRECTION('center_axis',(0.,0.,1.));
#2186=DIRECTION('ref_axis',(0.707106781186547,-0.707106781186548,0.));
#2187=DIRECTION('center_axis',(0.,0.,-1.));
#2188=DIRECTION('ref_axis',(0.707106781186547,-0.707106781186548,0.));
#2189=DIRECTION('',(0.,0.,-1.));
#2190=DIRECTION('center_axis',(0.,0.,1.));
#2191=DIRECTION('ref_axis',(0.707106781186547,-0.707106781186548,0.));
#2192=DIRECTION('center_axis',(-0.94146789628155,0.337102655390301,0.));
#2193=DIRECTION('ref_axis',(0.,0.,1.));
#2194=DIRECTION('',(-0.337102655390301,-0.94146789628155,0.));
#2195=DIRECTION('',(0.,0.,1.));
#2196=DIRECTION('',(0.337102655390301,0.94146789628155,0.));
#2197=DIRECTION('center_axis',(0.38268343236509,-0.923879532511287,0.));
#2198=DIRECTION('ref_axis',(0.923879532511287,0.38268343236509,0.));
#2199=DIRECTION('',(0.923879532511287,0.38268343236509,0.));
#2200=DIRECTION('',(0.,0.,-1.));
#2201=DIRECTION('',(-0.923879532511287,-0.38268343236509,0.));
#2202=DIRECTION('center_axis',(0.208949337727578,0.977926466695327,0.));
#2203=DIRECTION('ref_axis',(0.,0.,1.));
#2204=DIRECTION('',(-0.977926466695327,0.208949337727578,0.));
#2205=DIRECTION('',(0.,0.,1.));
#2206=DIRECTION('',(0.977926466695327,-0.208949337727578,0.));
#2207=DIRECTION('center_axis',(0.,0.,1.));
#2208=DIRECTION('ref_axis',(-0.956997822703659,-0.290095100510946,0.));
#2209=DIRECTION('center_axis',(0.,0.,-1.));
#2210=DIRECTION('ref_axis',(-0.956997822703659,-0.290095100510946,0.));
#2211=DIRECTION('',(0.,0.,1.));
#2212=DIRECTION('center_axis',(0.,0.,1.));
#2213=DIRECTION('ref_axis',(-0.956997822703659,-0.290095100510946,0.));
#2214=DIRECTION('center_axis',(0.208949337727558,-0.977926466695331,0.));
#2215=DIRECTION('ref_axis',(0.,0.,-1.));
#2216=DIRECTION('',(0.977926466695331,0.208949337727558,0.));
#2217=DIRECTION('',(0.,0.,1.));
#2218=DIRECTION('',(-0.977926466695331,-0.208949337727558,0.));
#2219=DIRECTION('',(0.,0.,-1.));
#2220=DIRECTION('center_axis',(0.382683432365087,0.923879532511288,0.));
#2221=DIRECTION('ref_axis',(-0.923879532511288,0.382683432365087,0.));
#2222=DIRECTION('',(-0.923879532511288,0.382683432365087,0.));
#2223=DIRECTION('',(0.,0.,-1.));
#2224=DIRECTION('',(0.923879532511288,-0.382683432365087,0.));
#2225=DIRECTION('center_axis',(-0.94146789628155,-0.337102655390302,0.));
#2226=DIRECTION('ref_axis',(0.,0.,1.));
#2227=DIRECTION('',(0.337102655390302,-0.94146789628155,0.));
#2228=DIRECTION('',(0.,0.,1.));
#2229=DIRECTION('',(-0.337102655390302,0.94146789628155,0.));
#2230=DIRECTION('center_axis',(0.,0.,1.));
#2231=DIRECTION('ref_axis',(0.,-1.,0.));
#2232=DIRECTION('center_axis',(0.,0.,-1.));
#2233=DIRECTION('ref_axis',(0.,-1.,0.));
#2234=DIRECTION('',(0.,0.,-1.));
#2235=DIRECTION('center_axis',(0.,0.,1.));
#2236=DIRECTION('ref_axis',(0.,-1.,0.));
#2237=DIRECTION('center_axis',(-0.427350760147639,0.904085907312593,0.));
#2238=DIRECTION('ref_axis',(0.,0.,1.));
#2239=DIRECTION('',(-0.904085907312593,-0.427350760147639,0.));
#2240=DIRECTION('',(0.,0.,1.));
#2241=DIRECTION('',(0.904085907312593,0.427350760147639,0.));
#2242=DIRECTION('center_axis',(-0.38268343236509,-0.923879532511287,0.));
#2243=DIRECTION('ref_axis',(0.923879532511287,-0.38268343236509,0.));
#2244=DIRECTION('',(0.923879532511287,-0.38268343236509,0.));
#2245=DIRECTION('',(0.,0.,-1.));
#2246=DIRECTION('',(-0.923879532511287,0.38268343236509,0.));
#2247=DIRECTION('center_axis',(0.839247929733674,0.543748942470459,0.));
#2248=DIRECTION('ref_axis',(0.,0.,-1.));
#2249=DIRECTION('',(-0.543748942470459,0.839247929733674,0.));
#2250=DIRECTION('',(0.,0.,1.));
#2251=DIRECTION('',(0.543748942470459,-0.839247929733674,0.));
#2252=DIRECTION('center_axis',(0.,0.,1.));
#2253=DIRECTION('ref_axis',(-0.881827862774802,0.471571437254236,0.));
#2254=DIRECTION('center_axis',(0.,0.,-1.));
#2255=DIRECTION('ref_axis',(-0.881827862774802,0.471571437254236,0.));
#2256=DIRECTION('',(0.,0.,1.));
#2257=DIRECTION('center_axis',(0.,0.,1.));
#2258=DIRECTION('ref_axis',(-0.881827862774802,0.471571437254236,0.));
#2259=DIRECTION('center_axis',(-0.543748942470469,-0.839247929733667,0.));
#2260=DIRECTION('ref_axis',(0.,0.,1.));
#2261=DIRECTION('',(0.839247929733667,-0.543748942470469,0.));
#2262=DIRECTION('',(0.,0.,1.));
#2263=DIRECTION('',(-0.839247929733667,0.543748942470469,0.));
#2264=DIRECTION('',(0.,0.,-1.));
#2265=DIRECTION('center_axis',(0.923879532511286,0.382683432365093,0.));
#2266=DIRECTION('ref_axis',(-0.382683432365093,0.923879532511286,0.));
#2267=DIRECTION('',(-0.382683432365093,0.923879532511286,0.));
#2268=DIRECTION('',(0.,0.,-1.));
#2269=DIRECTION('',(0.382683432365093,-0.923879532511286,0.));
#2270=DIRECTION('center_axis',(-0.904085907312594,0.427350760147639,0.));
#2271=DIRECTION('ref_axis',(0.,0.,1.));
#2272=DIRECTION('',(-0.427350760147639,-0.904085907312594,0.));
#2273=DIRECTION('',(0.,0.,1.));
#2274=DIRECTION('',(0.427350760147639,0.904085907312594,0.));
#2275=DIRECTION('center_axis',(0.,0.,1.));
#2276=DIRECTION('ref_axis',(-0.707106781186547,-0.707106781186547,0.));
#2277=DIRECTION('center_axis',(0.,0.,-1.));
#2278=DIRECTION('ref_axis',(-0.707106781186547,-0.707106781186547,0.));
#2279=DIRECTION('',(0.,0.,-1.));
#2280=DIRECTION('center_axis',(0.,0.,1.));
#2281=DIRECTION('ref_axis',(-0.707106781186547,-0.707106781186547,0.));
#2282=DIRECTION('center_axis',(0.337102655390306,0.941467896281548,0.));
#2283=DIRECTION('ref_axis',(0.,0.,1.));
#2284=DIRECTION('',(-0.941467896281548,0.337102655390306,0.));
#2285=DIRECTION('',(0.,0.,1.));
#2286=DIRECTION('',(0.941467896281548,-0.337102655390306,0.));
#2287=DIRECTION('center_axis',(-0.923879532511287,-0.38268343236509,0.));
#2288=DIRECTION('ref_axis',(0.38268343236509,-0.923879532511287,0.));
#2289=DIRECTION('',(0.38268343236509,-0.923879532511287,0.));
#2290=DIRECTION('',(0.,0.,-1.));
#2291=DIRECTION('',(-0.38268343236509,0.923879532511287,0.));
#2292=DIRECTION('center_axis',(0.977926466695328,-0.208949337727575,0.));
#2293=DIRECTION('ref_axis',(0.,0.,-1.));
#2294=DIRECTION('',(0.208949337727575,0.977926466695328,0.));
#2295=DIRECTION('',(0.,0.,1.));
#2296=DIRECTION('',(-0.208949337727575,-0.977926466695328,0.));
#2297=DIRECTION('center_axis',(0.,0.,1.));
#2298=DIRECTION('ref_axis',(-0.290095100510946,0.956997822703659,0.));
#2299=DIRECTION('center_axis',(0.,0.,-1.));
#2300=DIRECTION('ref_axis',(-0.290095100510946,0.956997822703659,0.));
#2301=DIRECTION('',(0.,0.,1.));
#2302=DIRECTION('center_axis',(0.,0.,1.));
#2303=DIRECTION('ref_axis',(-0.290095100510946,0.956997822703659,0.));
#2304=DIRECTION('center_axis',(0.,0.,1.));
#2305=DIRECTION('ref_axis',(-0.956997822703652,-0.290095100510969,0.));
#2306=DIRECTION('center_axis',(0.,0.,1.));
#2307=DIRECTION('ref_axis',(-0.956997822703652,-0.290095100510969,0.));
#2308=DIRECTION('',(0.,0.,1.));
#2309=DIRECTION('center_axis',(0.,0.,-1.));
#2310=DIRECTION('ref_axis',(-0.956997822703652,-0.290095100510969,0.));
#2311=DIRECTION('center_axis',(0.,0.,1.));
#2312=DIRECTION('ref_axis',(-0.881827862774813,0.471571437254214,0.));
#2313=DIRECTION('center_axis',(0.,0.,1.));
#2314=DIRECTION('ref_axis',(-0.881827862774813,0.471571437254214,0.));
#2315=DIRECTION('',(0.,0.,1.));
#2316=DIRECTION('center_axis',(0.,0.,-1.));
#2317=DIRECTION('ref_axis',(-0.881827862774813,0.471571437254214,0.));
#2318=DIRECTION('center_axis',(0.,0.,1.));
#2319=DIRECTION('ref_axis',(-0.290095100510969,0.956997822703652,0.));
#2320=DIRECTION('center_axis',(0.,0.,1.));
#2321=DIRECTION('ref_axis',(-0.290095100510969,0.956997822703652,0.));
#2322=DIRECTION('',(0.,0.,1.));
#2323=DIRECTION('center_axis',(0.,0.,-1.));
#2324=DIRECTION('ref_axis',(-0.290095100510969,0.956997822703652,0.));
#2325=DIRECTION('center_axis',(0.,0.,1.));
#2326=DIRECTION('ref_axis',(0.471571437254214,0.881827862774813,0.));
#2327=DIRECTION('center_axis',(0.,0.,1.));
#2328=DIRECTION('ref_axis',(0.471571437254214,0.881827862774813,0.));
#2329=DIRECTION('',(0.,0.,1.));
#2330=DIRECTION('center_axis',(0.,0.,-1.));
#2331=DIRECTION('ref_axis',(0.471571437254214,0.881827862774813,0.));
#2332=DIRECTION('center_axis',(0.,0.,1.));
#2333=DIRECTION('ref_axis',(0.956997822703652,0.290095100510969,0.));
#2334=DIRECTION('center_axis',(0.,0.,1.));
#2335=DIRECTION('ref_axis',(0.956997822703652,0.290095100510969,0.));
#2336=DIRECTION('',(0.,0.,1.));
#2337=DIRECTION('center_axis',(0.,0.,-1.));
#2338=DIRECTION('ref_axis',(0.956997822703652,0.290095100510969,0.));
#2339=DIRECTION('center_axis',(0.,0.,1.));
#2340=DIRECTION('ref_axis',(0.881827862774813,-0.471571437254214,0.));
#2341=DIRECTION('center_axis',(0.,0.,1.));
#2342=DIRECTION('ref_axis',(0.881827862774813,-0.471571437254214,0.));
#2343=DIRECTION('',(0.,0.,1.));
#2344=DIRECTION('center_axis',(0.,0.,-1.));
#2345=DIRECTION('ref_axis',(0.881827862774813,-0.471571437254214,0.));
#2346=DIRECTION('center_axis',(0.,0.,1.));
#2347=DIRECTION('ref_axis',(0.29009510051097,-0.956997822703652,0.));
#2348=DIRECTION('center_axis',(0.,0.,1.));
#2349=DIRECTION('ref_axis',(0.29009510051097,-0.956997822703652,0.));
#2350=DIRECTION('',(0.,0.,1.));
#2351=DIRECTION('center_axis',(0.,0.,-1.));
#2352=DIRECTION('ref_axis',(0.29009510051097,-0.956997822703652,0.));
#2353=DIRECTION('center_axis',(0.,0.,1.));
#2354=DIRECTION('ref_axis',(1.,0.,0.));
#2355=DIRECTION('center_axis',(0.,0.,1.));
#2356=DIRECTION('ref_axis',(1.,0.,0.));
#2357=DIRECTION('center_axis',(0.,0.,1.));
#2358=DIRECTION('ref_axis',(1.,0.,0.));
#2359=DIRECTION('center_axis',(0.,0.,1.));
#2360=DIRECTION('ref_axis',(1.,0.,0.));
#2361=DIRECTION('center_axis',(0.,0.,1.));
#2362=DIRECTION('ref_axis',(1.,0.,0.));
#2363=DIRECTION('center_axis',(0.,0.,1.));
#2364=DIRECTION('ref_axis',(1.,0.,0.));
#2365=DIRECTION('center_axis',(0.,0.,1.));
#2366=DIRECTION('ref_axis',(1.,0.,0.));
#2367=DIRECTION('center_axis',(0.,0.,1.));
#2368=DIRECTION('ref_axis',(1.,0.,0.));
#2369=DIRECTION('center_axis',(0.,0.,-1.));
#2370=DIRECTION('ref_axis',(0.471571437254236,0.881827862774802,0.));
#2371=DIRECTION('',(0.839247929733672,0.543748942470461,0.));
#2372=DIRECTION('',(-0.38268343236509,-0.923879532511287,0.));
#2373=DIRECTION('',(-0.427350760147641,0.904085907312592,0.));
#2374=DIRECTION('center_axis',(0.,0.,-1.));
#2375=DIRECTION('ref_axis',(-1.,0.,0.));
#2376=DIRECTION('',(-0.941467896281551,-0.3371026553903,0.));
#2377=DIRECTION('',(0.382683432365087,0.923879532511288,0.));
#2378=DIRECTION('',(0.208949337727564,-0.97792646669533,0.));
#2379=DIRECTION('center_axis',(0.,0.,-1.));
#2380=DIRECTION('ref_axis',(-0.471571437254214,-0.881827862774813,0.));
#2381=DIRECTION('center_axis',(0.,0.,1.));
#2382=DIRECTION('ref_axis',(1.,0.,0.));
#2383=DIRECTION('center_axis',(0.,0.,-1.));
#2384=DIRECTION('ref_axis',(1.,0.,0.));
#2385=DIRECTION('',(-1.,-1.02125158641655E-16,0.));
#2386=DIRECTION('center_axis',(0.,0.,-1.));
#2387=DIRECTION('ref_axis',(0.,1.,0.));
#2388=DIRECTION('',(1.02125158641655E-16,-1.,0.));
#2389=DIRECTION('center_axis',(0.,0.,-1.));
#2390=DIRECTION('ref_axis',(-1.,0.,0.));
#2391=DIRECTION('',(1.,0.,0.));
#2392=DIRECTION('center_axis',(0.,0.,-1.));
#2393=DIRECTION('ref_axis',(0.,-1.,0.));
#2394=DIRECTION('',(0.,1.,0.));
#2395=DIRECTION('center_axis',(0.,0.,1.));
#2396=DIRECTION('ref_axis',(1.,0.,0.));
#2397=DIRECTION('center_axis',(0.,0.,1.));
#2398=DIRECTION('ref_axis',(1.,0.,0.));
#2399=DIRECTION('',(0.,0.,1.));
#2400=DIRECTION('center_axis',(0.,0.,1.));
#2401=DIRECTION('ref_axis',(1.,0.,0.));
#2402=DIRECTION('center_axis',(0.,0.,1.));
#2403=DIRECTION('ref_axis',(1.,0.,0.));
#2404=DIRECTION('center_axis',(0.,0.,1.));
#2405=DIRECTION('ref_axis',(-1.,-1.22464679914735E-16,0.));
#2406=DIRECTION('center_axis',(0.,0.,1.));
#2407=DIRECTION('ref_axis',(1.,0.,0.));
#2408=DIRECTION('center_axis',(0.,0.,1.));
#2409=DIRECTION('ref_axis',(1.,0.,0.));
#2410=DIRECTION('center_axis',(0.,0.,1.));
#2411=DIRECTION('ref_axis',(1.,0.,0.));
#2412=DIRECTION('center_axis',(0.,0.,1.));
#2413=DIRECTION('ref_axis',(1.,0.,0.));
#2414=DIRECTION('center_axis',(0.,0.,1.));
#2415=DIRECTION('ref_axis',(1.,0.,0.));
#2416=DIRECTION('center_axis',(0.,0.,1.));
#2417=DIRECTION('ref_axis',(1.,0.,0.));
#2418=DIRECTION('center_axis',(0.,0.,1.));
#2419=DIRECTION('ref_axis',(1.,0.,0.));
#2420=DIRECTION('center_axis',(0.,0.,1.));
#2421=DIRECTION('ref_axis',(1.,0.,0.));
#2422=DIRECTION('center_axis',(0.,0.,1.));
#2423=DIRECTION('ref_axis',(1.,0.,0.));
#2424=DIRECTION('center_axis',(-0.97792646669533,-0.208949337727564,0.));
#2425=DIRECTION('ref_axis',(0.,0.,1.));
#2426=DIRECTION('',(0.,0.,1.));
#2427=DIRECTION('',(-0.208949337727564,0.97792646669533,0.));
#2428=DIRECTION('',(0.,0.,-1.));
#2429=DIRECTION('center_axis',(0.923879532511288,-0.382683432365087,0.));
#2430=DIRECTION('ref_axis',(0.382683432365087,0.923879532511288,0.));
#2431=DIRECTION('',(0.,0.,-1.));
#2432=DIRECTION('',(-0.382683432365087,-0.923879532511288,0.));
#2433=DIRECTION('center_axis',(-0.3371026553903,0.941467896281551,0.));
#2434=DIRECTION('ref_axis',(0.,0.,1.));
#2435=DIRECTION('',(0.,0.,1.));
#2436=DIRECTION('',(0.941467896281551,0.3371026553903,0.));
#2437=DIRECTION('center_axis',(0.,0.,1.));
#2438=DIRECTION('ref_axis',(-1.,0.,0.));
#2439=DIRECTION('',(0.,0.,-1.));
#2440=DIRECTION('center_axis',(0.,0.,1.));
#2441=DIRECTION('ref_axis',(-1.,0.,0.));
#2442=DIRECTION('center_axis',(0.904085907312592,0.427350760147641,0.));
#2443=DIRECTION('ref_axis',(0.,0.,-1.));
#2444=DIRECTION('',(0.,0.,1.));
#2445=DIRECTION('',(0.427350760147641,-0.904085907312592,0.));
#2446=DIRECTION('center_axis',(-0.923879532511287,0.38268343236509,0.));
#2447=DIRECTION('ref_axis',(-0.38268343236509,-0.923879532511287,0.));
#2448=DIRECTION('',(0.,0.,-1.));
#2449=DIRECTION('',(0.38268343236509,0.923879532511287,0.));
#2450=DIRECTION('center_axis',(0.543748942470461,-0.839247929733672,0.));
#2451=DIRECTION('ref_axis',(0.,0.,-1.));
#2452=DIRECTION('',(0.,0.,1.));
#2453=DIRECTION('',(-0.839247929733672,-0.543748942470461,0.));
#2454=DIRECTION('center_axis',(0.,0.,1.));
#2455=DIRECTION('ref_axis',(0.471571437254236,0.881827862774802,0.));
#2456=DIRECTION('center_axis',(0.,0.,1.));
#2457=DIRECTION('ref_axis',(0.471571437254236,0.881827862774802,0.));
#2458=DIRECTION('center_axis',(0.,0.,1.));
#2459=DIRECTION('ref_axis',(-0.471571437254214,-0.881827862774813,0.));
#2460=DIRECTION('center_axis',(0.,0.,1.));
#2461=DIRECTION('ref_axis',(-0.471571437254214,-0.881827862774813,0.));
#2462=DIRECTION('',(0.,0.,1.));
#2463=DIRECTION('center_axis',(0.,0.,1.));
#2464=DIRECTION('ref_axis',(1.,0.,0.));
#2465=DIRECTION('center_axis',(0.,0.,1.));
#2466=DIRECTION('ref_axis',(1.,0.,0.));
#2467=DIRECTION('center_axis',(0.,0.,-1.));
#2468=DIRECTION('ref_axis',(1.,0.,0.));
#2469=DIRECTION('',(0.,1.,0.));
#2470=DIRECTION('center_axis',(0.,0.,-1.));
#2471=DIRECTION('ref_axis',(0.,-1.,0.));
#2472=DIRECTION('',(1.,0.,0.));
#2473=DIRECTION('center_axis',(0.,0.,-1.));
#2474=DIRECTION('ref_axis',(-1.,0.,0.));
#2475=DIRECTION('',(1.02125158641655E-16,-1.,0.));
#2476=DIRECTION('center_axis',(0.,0.,-1.));
#2477=DIRECTION('ref_axis',(0.,1.,0.));
#2478=DIRECTION('',(-1.,-1.02125158641655E-16,0.));
#2479=DIRECTION('center_axis',(0.,0.,1.));
#2480=DIRECTION('ref_axis',(1.,0.,0.));
#2481=DIRECTION('center_axis',(-1.02125158641655E-16,1.,0.));
#2482=DIRECTION('ref_axis',(-1.,-1.02125158641655E-16,0.));
#2483=DIRECTION('',(0.,0.,1.));
#2484=DIRECTION('',(0.,0.,1.));
#2485=DIRECTION('center_axis',(0.,0.,1.));
#2486=DIRECTION('ref_axis',(0.,1.,0.));
#2487=DIRECTION('',(0.,0.,1.));
#2488=DIRECTION('center_axis',(-1.,-1.02125158641655E-16,0.));
#2489=DIRECTION('ref_axis',(1.02125158641655E-16,-1.,0.));
#2490=DIRECTION('',(0.,0.,1.));
#2491=DIRECTION('center_axis',(0.,0.,1.));
#2492=DIRECTION('ref_axis',(-1.,0.,0.));
#2493=DIRECTION('',(0.,0.,1.));
#2494=DIRECTION('center_axis',(0.,-1.,0.));
#2495=DIRECTION('ref_axis',(1.,0.,0.));
#2496=DIRECTION('',(0.,0.,1.));
#2497=DIRECTION('center_axis',(0.,0.,1.));
#2498=DIRECTION('ref_axis',(0.,-1.,0.));
#2499=DIRECTION('',(0.,0.,1.));
#2500=DIRECTION('center_axis',(1.,0.,0.));
#2501=DIRECTION('ref_axis',(0.,1.,0.));
#2502=DIRECTION('',(0.,0.,1.));
#2503=DIRECTION('center_axis',(0.,0.,1.));
#2504=DIRECTION('ref_axis',(1.,0.,0.));
#2505=CARTESIAN_POINT('',(0.,0.,0.));
#2506=CARTESIAN_POINT('Origin',(1.26056027795043,0.389114125915721,0.));
#2507=CARTESIAN_POINT('',(1.27455373849846,0.410712297199307,0.));
#2508=CARTESIAN_POINT('',(1.2465668174024,0.367515954632135,0.));
#2509=CARTESIAN_POINT('',(0.985425612395024,-0.0355417776272741,0.));
#2510=CARTESIAN_POINT('',(1.2465668174024,0.367515954632135,0.2));
#2511=CARTESIAN_POINT('',(1.2465668174024,0.367515954632135,0.));
#2512=CARTESIAN_POINT('',(1.27455373849846,0.410712297199307,0.2));
#2513=CARTESIAN_POINT('',(0.985425612395024,-0.0355417776272741,0.2));
#2514=CARTESIAN_POINT('',(1.27455373849846,0.410712297199307,0.));
#2515=CARTESIAN_POINT('Origin',(1.20046028459367,0.348418003428759,0.));
#2516=CARTESIAN_POINT('',(1.22933151998465,0.360376860690168,0.));
#2517=CARTESIAN_POINT('',(0.626539628271936,0.110692283854226,0.));
#2518=CARTESIAN_POINT('',(1.22933151998465,0.360376860690168,0.2));
#2519=CARTESIAN_POINT('',(1.22933151998465,0.360376860690168,0.));
#2520=CARTESIAN_POINT('',(0.626539628271936,0.110692283854226,0.2));
#2521=CARTESIAN_POINT('Origin',(1.21035344559208,0.369347572933555,0.));
#2522=CARTESIAN_POINT('',(1.19137537119951,0.378318285176941,0.));
#2523=CARTESIAN_POINT('',(0.787050240627921,0.569438012294668,0.));
#2524=CARTESIAN_POINT('',(1.19137537119951,0.378318285176941,0.2));
#2525=CARTESIAN_POINT('',(1.19137537119951,0.378318285176941,0.));
#2526=CARTESIAN_POINT('',(0.787050240627921,0.569438012294668,0.2));
#2527=CARTESIAN_POINT('Origin',(0.,0.,0.));
#2528=CARTESIAN_POINT('',(1.1099410288093,0.574918179018335,0.));
#2529=CARTESIAN_POINT('Origin',(0.,0.,0.));
#2530=CARTESIAN_POINT('',(1.1099410288093,0.574918179018335,0.2));
#2531=CARTESIAN_POINT('',(1.1099410288093,0.574918179018335,0.));
#2532=CARTESIAN_POINT('Origin',(0.,0.,0.2));
#2533=CARTESIAN_POINT('Origin',(1.11701730244677,0.594680955574553,0.));
#2534=CARTESIAN_POINT('',(1.12409357608425,0.614443732130772,0.));
#2535=CARTESIAN_POINT('',(0.959182042241457,0.153875082323559,0.));
#2536=CARTESIAN_POINT('',(1.12409357608425,0.614443732130772,0.2));
#2537=CARTESIAN_POINT('',(1.12409357608425,0.614443732130772,0.));
#2538=CARTESIAN_POINT('',(0.959182042241457,0.153875082323559,0.2));
#2539=CARTESIAN_POINT('Origin',(1.17020010889298,0.633541683334148,0.));
#2540=CARTESIAN_POINT('',(1.141328873502,0.621582826072739,0.));
#2541=CARTESIAN_POINT('',(0.558790568471388,0.380287559527225,0.));
#2542=CARTESIAN_POINT('',(1.141328873502,0.621582826072739,0.2));
#2543=CARTESIAN_POINT('',(1.141328873502,0.621582826072739,0.));
#2544=CARTESIAN_POINT('',(0.558790568471388,0.380287559527225,0.2));
#2545=CARTESIAN_POINT('Origin',(1.16649595772363,0.616205483542666,0.));
#2546=CARTESIAN_POINT('',(1.19166304194526,0.610828141012594,0.));
#2547=CARTESIAN_POINT('',(0.67166930090376,0.721932964855098,0.));
#2548=CARTESIAN_POINT('',(1.19166304194526,0.610828141012594,0.2));
#2549=CARTESIAN_POINT('',(1.19166304194526,0.610828141012594,0.));
#2550=CARTESIAN_POINT('',(0.67166930090376,0.721932964855098,0.2));
#2551=CARTESIAN_POINT('Origin',(1.2036950326876,0.643695011852031,0.));
#2552=CARTESIAN_POINT('',(1.23455900788472,0.660200012155929,0.));
#2553=CARTESIAN_POINT('Origin',(1.2036950326876,0.643695011852031,0.));
#2554=CARTESIAN_POINT('',(1.23455900788472,0.660200012155929,0.2));
#2555=CARTESIAN_POINT('',(1.23455900788472,0.660200012155929,0.));
#2556=CARTESIAN_POINT('Origin',(1.2036950326876,0.643695011852031,0.2));
#2557=CARTESIAN_POINT('Origin',(1.16649595772363,-0.616205483542667,0.));
#2558=CARTESIAN_POINT('',(1.19166304194526,-0.610828141012595,0.));
#2559=CARTESIAN_POINT('',(1.141328873502,-0.621582826072739,0.));
#2560=CARTESIAN_POINT('',(0.671669300903755,-0.721932964855095,0.));
#2561=CARTESIAN_POINT('',(1.141328873502,-0.621582826072739,0.2));
#2562=CARTESIAN_POINT('',(1.141328873502,-0.621582826072739,0.));
#2563=CARTESIAN_POINT('',(1.19166304194526,-0.610828141012595,0.2));
#2564=CARTESIAN_POINT('',(0.671669300903755,-0.721932964855095,0.2));
#2565=CARTESIAN_POINT('',(1.19166304194526,-0.610828141012595,0.));
#2566=CARTESIAN_POINT('Origin',(1.09522234069327,-0.602484874869364,0.));
#2567=CARTESIAN_POINT('',(1.12409357608425,-0.614443732130773,0.));
#2568=CARTESIAN_POINT('',(0.521301684371535,-0.364759155294835,0.));
#2569=CARTESIAN_POINT('',(1.12409357608425,-0.614443732130773,0.2));
#2570=CARTESIAN_POINT('',(1.12409357608425,-0.614443732130773,0.));
#2571=CARTESIAN_POINT('',(0.521301684371535,-0.364759155294835,0.2));
#2572=CARTESIAN_POINT('Origin',(1.11701730244677,-0.594680955574554,0.));
#2573=CARTESIAN_POINT('',(1.1099410288093,-0.574918179018335,0.));
#2574=CARTESIAN_POINT('',(0.959182042241456,-0.153875082323559,0.));
#2575=CARTESIAN_POINT('',(1.1099410288093,-0.574918179018335,0.2));
#2576=CARTESIAN_POINT('',(1.1099410288093,-0.574918179018335,0.));
#2577=CARTESIAN_POINT('',(0.959182042241456,-0.153875082323559,0.2));
#2578=CARTESIAN_POINT('Origin',(0.,0.,0.));
#2579=CARTESIAN_POINT('',(1.19137537119951,-0.378318285176942,0.));
#2580=CARTESIAN_POINT('Origin',(0.,0.,0.));
#2581=CARTESIAN_POINT('',(1.19137537119951,-0.378318285176942,0.2));
#2582=CARTESIAN_POINT('',(1.19137537119951,-0.378318285176942,0.));
#2583=CARTESIAN_POINT('Origin',(0.,0.,0.2));
#2584=CARTESIAN_POINT('Origin',(1.21035344559208,-0.369347572933555,0.));
#2585=CARTESIAN_POINT('',(1.22933151998465,-0.360376860690169,0.));
#2586=CARTESIAN_POINT('',(0.787050240627916,-0.569438012294666,0.));
#2587=CARTESIAN_POINT('',(1.22933151998465,-0.360376860690169,0.2));
#2588=CARTESIAN_POINT('',(1.22933151998465,-0.360376860690169,0.));
#2589=CARTESIAN_POINT('',(0.787050240627916,-0.569438012294666,0.2));
#2590=CARTESIAN_POINT('Origin',(1.27543805279338,-0.379474811893544,0.));
#2591=CARTESIAN_POINT('',(1.2465668174024,-0.367515954632135,0.));
#2592=CARTESIAN_POINT('',(0.664028512371788,-0.126220688086621,0.));
#2593=CARTESIAN_POINT('',(1.2465668174024,-0.367515954632135,0.2));
#2594=CARTESIAN_POINT('',(1.2465668174024,-0.367515954632135,0.));
#2595=CARTESIAN_POINT('',(0.664028512371788,-0.126220688086621,0.2));
#2596=CARTESIAN_POINT('Origin',(1.26056027795043,-0.389114125915722,0.));
#2597=CARTESIAN_POINT('',(1.27455373849846,-0.410712297199308,0.));
#2598=CARTESIAN_POINT('',(0.985425612395029,0.0355417776272729,0.));
#2599=CARTESIAN_POINT('',(1.27455373849846,-0.410712297199308,0.2));
#2600=CARTESIAN_POINT('',(1.27455373849846,-0.410712297199308,0.));
#2601=CARTESIAN_POINT('',(0.985425612395029,0.0355417776272729,0.2));
#2602=CARTESIAN_POINT('Origin',(1.30630202799049,-0.395979812197442,0.));
#2603=CARTESIAN_POINT('',(1.33979695178512,-0.406133140715325,0.));
#2604=CARTESIAN_POINT('Origin',(1.30630202799049,-0.395979812197442,0.));
#2605=CARTESIAN_POINT('',(1.33979695178512,-0.406133140715325,0.2));
#2606=CARTESIAN_POINT('',(1.33979695178512,-0.406133140715325,0.));
#2607=CARTESIAN_POINT('Origin',(1.30630202799049,-0.395979812197442,0.2));
#2608=CARTESIAN_POINT('Origin',(0.389114125915721,-1.26056027795043,0.));
#2609=CARTESIAN_POINT('',(0.410712297199307,-1.27455373849846,0.));
#2610=CARTESIAN_POINT('',(0.367515954632135,-1.2465668174024,0.));
#2611=CARTESIAN_POINT('',(-0.0355417776272744,-0.98542561239502,0.));
#2612=CARTESIAN_POINT('',(0.367515954632135,-1.2465668174024,0.2));
#2613=CARTESIAN_POINT('',(0.367515954632135,-1.2465668174024,0.));
#2614=CARTESIAN_POINT('',(0.410712297199307,-1.27455373849846,0.2));
#2615=CARTESIAN_POINT('',(-0.0355417776272744,-0.98542561239502,0.2));
#2616=CARTESIAN_POINT('',(0.410712297199307,-1.27455373849846,0.));
#2617=CARTESIAN_POINT('Origin',(0.348418003428759,-1.20046028459367,0.));
#2618=CARTESIAN_POINT('',(0.360376860690168,-1.22933151998465,0.));
#2619=CARTESIAN_POINT('',(0.110692283854227,-0.626539628271936,0.));
#2620=CARTESIAN_POINT('',(0.360376860690168,-1.22933151998465,0.2));
#2621=CARTESIAN_POINT('',(0.360376860690168,-1.22933151998465,0.));
#2622=CARTESIAN_POINT('',(0.110692283854227,-0.626539628271936,0.2));
#2623=CARTESIAN_POINT('Origin',(0.369347572933555,-1.21035344559208,0.));
#2624=CARTESIAN_POINT('',(0.378318285176941,-1.19137537119951,0.));
#2625=CARTESIAN_POINT('',(0.569438012294668,-0.787050240627921,0.));
#2626=CARTESIAN_POINT('',(0.378318285176941,-1.19137537119951,0.2));
#2627=CARTESIAN_POINT('',(0.378318285176941,-1.19137537119951,0.));
#2628=CARTESIAN_POINT('',(0.569438012294668,-0.787050240627921,0.2));
#2629=CARTESIAN_POINT('Origin',(0.,0.,0.));
#2630=CARTESIAN_POINT('',(0.574918179018335,-1.1099410288093,0.));
#2631=CARTESIAN_POINT('Origin',(0.,0.,0.));
#2632=CARTESIAN_POINT('',(0.574918179018335,-1.1099410288093,0.2));
#2633=CARTESIAN_POINT('',(0.574918179018335,-1.1099410288093,0.));
#2634=CARTESIAN_POINT('Origin',(0.,0.,0.2));
#2635=CARTESIAN_POINT('Origin',(0.594680955574554,-1.11701730244677,0.));
#2636=CARTESIAN_POINT('',(0.614443732130772,-1.12409357608425,0.));
#2637=CARTESIAN_POINT('',(0.153875082323558,-0.959182042241456,0.));
#2638=CARTESIAN_POINT('',(0.614443732130772,-1.12409357608425,0.2));
#2639=CARTESIAN_POINT('',(0.614443732130772,-1.12409357608425,0.));
#2640=CARTESIAN_POINT('',(0.153875082323558,-0.959182042241456,0.2));
#2641=CARTESIAN_POINT('Origin',(0.633541683334148,-1.17020010889298,0.));
#2642=CARTESIAN_POINT('',(0.621582826072739,-1.141328873502,0.));
#2643=CARTESIAN_POINT('',(0.380287559527225,-0.558790568471388,0.));
#2644=CARTESIAN_POINT('',(0.621582826072739,-1.141328873502,0.2));
#2645=CARTESIAN_POINT('',(0.621582826072739,-1.141328873502,0.));
#2646=CARTESIAN_POINT('',(0.380287559527225,-0.558790568471388,0.2));
#2647=CARTESIAN_POINT('Origin',(0.616205483542666,-1.16649595772363,0.));
#2648=CARTESIAN_POINT('',(0.610828141012594,-1.19166304194526,0.));
#2649=CARTESIAN_POINT('',(0.721932964855099,-0.671669300903761,0.));
#2650=CARTESIAN_POINT('',(0.610828141012594,-1.19166304194526,0.2));
#2651=CARTESIAN_POINT('',(0.610828141012594,-1.19166304194526,0.));
#2652=CARTESIAN_POINT('',(0.721932964855099,-0.671669300903761,0.2));
#2653=CARTESIAN_POINT('Origin',(0.643695011852031,-1.2036950326876,0.));
#2654=CARTESIAN_POINT('',(0.660200012155929,-1.23455900788472,0.));
#2655=CARTESIAN_POINT('Origin',(0.643695011852031,-1.2036950326876,0.));
#2656=CARTESIAN_POINT('',(0.660200012155929,-1.23455900788472,0.2));
#2657=CARTESIAN_POINT('',(0.660200012155929,-1.23455900788472,0.));
#2658=CARTESIAN_POINT('Origin',(0.643695011852031,-1.2036950326876,0.2));
#2659=CARTESIAN_POINT('Origin',(-0.616205483542667,-1.16649595772363,0.));
#2660=CARTESIAN_POINT('',(-0.610828141012595,-1.19166304194526,0.));
#2661=CARTESIAN_POINT('',(-0.621582826072739,-1.141328873502,0.));
#2662=CARTESIAN_POINT('',(-0.721932964855095,-0.671669300903755,0.));
#2663=CARTESIAN_POINT('',(-0.621582826072739,-1.141328873502,0.2));
#2664=CARTESIAN_POINT('',(-0.621582826072739,-1.141328873502,0.));
#2665=CARTESIAN_POINT('',(-0.610828141012595,-1.19166304194526,0.2));
#2666=CARTESIAN_POINT('',(-0.721932964855095,-0.671669300903755,0.2));
#2667=CARTESIAN_POINT('',(-0.610828141012595,-1.19166304194526,0.));
#2668=CARTESIAN_POINT('Origin',(-0.602484874869364,-1.09522234069327,0.));
#2669=CARTESIAN_POINT('',(-0.614443732130773,-1.12409357608425,0.));
#2670=CARTESIAN_POINT('',(-0.364759155294835,-0.521301684371535,0.));
#2671=CARTESIAN_POINT('',(-0.614443732130773,-1.12409357608425,0.2));
#2672=CARTESIAN_POINT('',(-0.614443732130773,-1.12409357608425,0.));
#2673=CARTESIAN_POINT('',(-0.364759155294835,-0.521301684371535,0.2));
#2674=CARTESIAN_POINT('Origin',(-0.594680955574554,-1.11701730244677,0.));
#2675=CARTESIAN_POINT('',(-0.574918179018335,-1.1099410288093,0.));
#2676=CARTESIAN_POINT('',(-0.153875082323559,-0.959182042241456,0.));
#2677=CARTESIAN_POINT('',(-0.574918179018335,-1.1099410288093,0.2));
#2678=CARTESIAN_POINT('',(-0.574918179018335,-1.1099410288093,0.));
#2679=CARTESIAN_POINT('',(-0.153875082323559,-0.959182042241456,0.2));
#2680=CARTESIAN_POINT('Origin',(0.,0.,0.));
#2681=CARTESIAN_POINT('',(-0.378318285176942,-1.19137537119951,0.));
#2682=CARTESIAN_POINT('Origin',(0.,0.,0.));
#2683=CARTESIAN_POINT('',(-0.378318285176942,-1.19137537119951,0.2));
#2684=CARTESIAN_POINT('',(-0.378318285176942,-1.19137537119951,0.));
#2685=CARTESIAN_POINT('Origin',(0.,0.,0.2));
#2686=CARTESIAN_POINT('Origin',(-0.369347572933555,-1.21035344559208,0.));
#2687=CARTESIAN_POINT('',(-0.360376860690169,-1.22933151998465,0.));
#2688=CARTESIAN_POINT('',(-0.569438012294666,-0.787050240627916,0.));
#2689=CARTESIAN_POINT('',(-0.360376860690169,-1.22933151998465,0.2));
#2690=CARTESIAN_POINT('',(-0.360376860690169,-1.22933151998465,0.));
#2691=CARTESIAN_POINT('',(-0.569438012294666,-0.787050240627916,0.2));
#2692=CARTESIAN_POINT('Origin',(-0.379474811893544,-1.27543805279338,0.));
#2693=CARTESIAN_POINT('',(-0.367515954632135,-1.2465668174024,0.));
#2694=CARTESIAN_POINT('',(-0.126220688086621,-0.664028512371788,0.));
#2695=CARTESIAN_POINT('',(-0.367515954632135,-1.2465668174024,0.2));
#2696=CARTESIAN_POINT('',(-0.367515954632135,-1.2465668174024,0.));
#2697=CARTESIAN_POINT('',(-0.126220688086621,-0.664028512371788,0.2));
#2698=CARTESIAN_POINT('Origin',(-0.389114125915722,-1.26056027795043,0.));
#2699=CARTESIAN_POINT('',(-0.410712297199308,-1.27455373849846,0.));
#2700=CARTESIAN_POINT('',(0.0355417776272729,-0.985425612395029,0.));
#2701=CARTESIAN_POINT('',(-0.410712297199308,-1.27455373849846,0.2));
#2702=CARTESIAN_POINT('',(-0.410712297199308,-1.27455373849846,0.));
#2703=CARTESIAN_POINT('',(0.0355417776272729,-0.985425612395029,0.2));
#2704=CARTESIAN_POINT('Origin',(-0.395979812197442,-1.30630202799049,0.));
#2705=CARTESIAN_POINT('',(-0.406133140715325,-1.33979695178512,0.));
#2706=CARTESIAN_POINT('Origin',(-0.395979812197442,-1.30630202799049,0.));
#2707=CARTESIAN_POINT('',(-0.406133140715325,-1.33979695178512,0.2));
#2708=CARTESIAN_POINT('',(-0.406133140715325,-1.33979695178512,0.));
#2709=CARTESIAN_POINT('Origin',(-0.395979812197442,-1.30630202799049,0.2));
#2710=CARTESIAN_POINT('Origin',(-1.26056027795043,-0.389114125915721,0.));
#2711=CARTESIAN_POINT('',(-1.27455373849846,-0.410712297199307,0.));
#2712=CARTESIAN_POINT('',(-1.2465668174024,-0.367515954632135,0.));
#2713=CARTESIAN_POINT('',(-0.98542561239502,0.0355417776272744,0.));
#2714=CARTESIAN_POINT('',(-1.2465668174024,-0.367515954632135,0.2));
#2715=CARTESIAN_POINT('',(-1.2465668174024,-0.367515954632135,0.));
#2716=CARTESIAN_POINT('',(-1.27455373849846,-0.410712297199307,0.2));
#2717=CARTESIAN_POINT('',(-0.98542561239502,0.0355417776272744,0.2));
#2718=CARTESIAN_POINT('',(-1.27455373849846,-0.410712297199307,0.));
#2719=CARTESIAN_POINT('Origin',(-1.20046028459367,-0.348418003428759,0.));
#2720=CARTESIAN_POINT('',(-1.22933151998465,-0.360376860690168,0.));
#2721=CARTESIAN_POINT('',(-0.626539628271936,-0.110692283854227,0.));
#2722=CARTESIAN_POINT('',(-1.22933151998465,-0.360376860690168,0.2));
#2723=CARTESIAN_POINT('',(-1.22933151998465,-0.360376860690168,0.));
#2724=CARTESIAN_POINT('',(-0.626539628271936,-0.110692283854227,0.2));
#2725=CARTESIAN_POINT('Origin',(-1.21035344559208,-0.369347572933555,0.));
#2726=CARTESIAN_POINT('',(-1.19137537119951,-0.378318285176941,0.));
#2727=CARTESIAN_POINT('',(-0.787050240627921,-0.569438012294668,0.));
#2728=CARTESIAN_POINT('',(-1.19137537119951,-0.378318285176941,0.2));
#2729=CARTESIAN_POINT('',(-1.19137537119951,-0.378318285176941,0.));
#2730=CARTESIAN_POINT('',(-0.787050240627921,-0.569438012294668,0.2));
#2731=CARTESIAN_POINT('Origin',(0.,0.,0.));
#2732=CARTESIAN_POINT('',(-1.1099410288093,-0.574918179018335,0.));
#2733=CARTESIAN_POINT('Origin',(0.,0.,0.));
#2734=CARTESIAN_POINT('',(-1.1099410288093,-0.574918179018335,0.2));
#2735=CARTESIAN_POINT('',(-1.1099410288093,-0.574918179018335,0.));
#2736=CARTESIAN_POINT('Origin',(0.,0.,0.2));
#2737=CARTESIAN_POINT('Origin',(-1.11701730244677,-0.594680955574554,0.));
#2738=CARTESIAN_POINT('',(-1.12409357608425,-0.614443732130772,0.));
#2739=CARTESIAN_POINT('',(-0.959182042241456,-0.153875082323558,0.));
#2740=CARTESIAN_POINT('',(-1.12409357608425,-0.614443732130772,0.2));
#2741=CARTESIAN_POINT('',(-1.12409357608425,-0.614443732130772,0.));
#2742=CARTESIAN_POINT('',(-0.959182042241456,-0.153875082323558,0.2));
#2743=CARTESIAN_POINT('Origin',(-1.17020010889298,-0.633541683334148,0.));
#2744=CARTESIAN_POINT('',(-1.141328873502,-0.621582826072739,0.));
#2745=CARTESIAN_POINT('',(-0.558790568471388,-0.380287559527225,0.));
#2746=CARTESIAN_POINT('',(-1.141328873502,-0.621582826072739,0.2));
#2747=CARTESIAN_POINT('',(-1.141328873502,-0.621582826072739,0.));
#2748=CARTESIAN_POINT('',(-0.558790568471388,-0.380287559527225,0.2));
#2749=CARTESIAN_POINT('Origin',(-1.16649595772363,-0.616205483542666,0.));
#2750=CARTESIAN_POINT('',(-1.19166304194526,-0.610828141012594,0.));
#2751=CARTESIAN_POINT('',(-0.671669300903761,-0.721932964855099,0.));
#2752=CARTESIAN_POINT('',(-1.19166304194526,-0.610828141012594,0.2));
#2753=CARTESIAN_POINT('',(-1.19166304194526,-0.610828141012594,0.));
#2754=CARTESIAN_POINT('',(-0.671669300903761,-0.721932964855099,0.2));
#2755=CARTESIAN_POINT('Origin',(-1.2036950326876,-0.643695011852031,0.));
#2756=CARTESIAN_POINT('',(-1.23455900788472,-0.660200012155929,0.));
#2757=CARTESIAN_POINT('Origin',(-1.2036950326876,-0.643695011852031,0.));
#2758=CARTESIAN_POINT('',(-1.23455900788472,-0.660200012155929,0.2));
#2759=CARTESIAN_POINT('',(-1.23455900788472,-0.660200012155929,0.));
#2760=CARTESIAN_POINT('Origin',(-1.2036950326876,-0.643695011852031,0.2));
#2761=CARTESIAN_POINT('Origin',(-1.16649595772363,0.616205483542667,0.));
#2762=CARTESIAN_POINT('',(-1.19166304194526,0.610828141012595,0.));
#2763=CARTESIAN_POINT('',(-1.141328873502,0.621582826072739,0.));
#2764=CARTESIAN_POINT('',(-0.67166930090375,0.721932964855091,0.));
#2765=CARTESIAN_POINT('',(-1.141328873502,0.621582826072739,0.2));
#2766=CARTESIAN_POINT('',(-1.141328873502,0.621582826072739,0.));
#2767=CARTESIAN_POINT('',(-1.19166304194526,0.610828141012595,0.2));
#2768=CARTESIAN_POINT('',(-0.67166930090375,0.721932964855091,0.2));
#2769=CARTESIAN_POINT('',(-1.19166304194526,0.610828141012595,0.));
#2770=CARTESIAN_POINT('Origin',(-1.09522234069327,0.602484874869364,0.));
#2771=CARTESIAN_POINT('',(-1.12409357608425,0.614443732130773,0.));
#2772=CARTESIAN_POINT('',(-0.521301684371535,0.364759155294835,0.));
#2773=CARTESIAN_POINT('',(-1.12409357608425,0.614443732130773,0.2));
#2774=CARTESIAN_POINT('',(-1.12409357608425,0.614443732130773,0.));
#2775=CARTESIAN_POINT('',(-0.521301684371535,0.364759155294835,0.2));
#2776=CARTESIAN_POINT('Origin',(-1.11701730244677,0.594680955574554,0.));
#2777=CARTESIAN_POINT('',(-1.1099410288093,0.574918179018335,0.));
#2778=CARTESIAN_POINT('',(-0.959182042241455,0.153875082323558,0.));
#2779=CARTESIAN_POINT('',(-1.1099410288093,0.574918179018335,0.2));
#2780=CARTESIAN_POINT('',(-1.1099410288093,0.574918179018335,0.));
#2781=CARTESIAN_POINT('',(-0.959182042241455,0.153875082323558,0.2));
#2782=CARTESIAN_POINT('Origin',(0.,0.,0.));
#2783=CARTESIAN_POINT('',(-1.19137537119951,0.378318285176941,0.));
#2784=CARTESIAN_POINT('Origin',(0.,0.,0.));
#2785=CARTESIAN_POINT('',(-1.19137537119951,0.378318285176941,0.2));
#2786=CARTESIAN_POINT('',(-1.19137537119951,0.378318285176941,0.));
#2787=CARTESIAN_POINT('Origin',(0.,0.,0.2));
#2788=CARTESIAN_POINT('Origin',(-1.21035344559208,0.369347572933555,0.));
#2789=CARTESIAN_POINT('',(-1.22933151998465,0.360376860690169,0.));
#2790=CARTESIAN_POINT('',(-0.787050240627919,0.569438012294668,0.));
#2791=CARTESIAN_POINT('',(-1.22933151998465,0.360376860690169,0.2));
#2792=CARTESIAN_POINT('',(-1.22933151998465,0.360376860690169,0.));
#2793=CARTESIAN_POINT('',(-0.787050240627919,0.569438012294668,0.2));
#2794=CARTESIAN_POINT('Origin',(-1.27543805279338,0.379474811893544,0.));
#2795=CARTESIAN_POINT('',(-1.2465668174024,0.367515954632135,0.));
#2796=CARTESIAN_POINT('',(-0.664028512371788,0.126220688086621,0.));
#2797=CARTESIAN_POINT('',(-1.2465668174024,0.367515954632135,0.2));
#2798=CARTESIAN_POINT('',(-1.2465668174024,0.367515954632135,0.));
#2799=CARTESIAN_POINT('',(-0.664028512371788,0.126220688086621,0.2));
#2800=CARTESIAN_POINT('Origin',(-1.26056027795043,0.389114125915721,0.));
#2801=CARTESIAN_POINT('',(-1.27455373849846,0.410712297199308,0.));
#2802=CARTESIAN_POINT('',(-0.985425612395026,-0.0355417776272734,0.));
#2803=CARTESIAN_POINT('',(-1.27455373849846,0.410712297199308,0.2));
#2804=CARTESIAN_POINT('',(-1.27455373849846,0.410712297199308,0.));
#2805=CARTESIAN_POINT('',(-0.985425612395026,-0.0355417776272734,0.2));
#2806=CARTESIAN_POINT('Origin',(-1.30630202799049,0.395979812197442,0.));
#2807=CARTESIAN_POINT('',(-1.33979695178512,0.406133140715325,0.));
#2808=CARTESIAN_POINT('Origin',(-1.30630202799049,0.395979812197442,0.));
#2809=CARTESIAN_POINT('',(-1.33979695178512,0.406133140715325,0.2));
#2810=CARTESIAN_POINT('',(-1.33979695178512,0.406133140715325,0.));
#2811=CARTESIAN_POINT('Origin',(-1.30630202799049,0.395979812197442,0.2));
#2812=CARTESIAN_POINT('Origin',(-0.389114125915721,1.26056027795043,0.));
#2813=CARTESIAN_POINT('',(-0.410712297199307,1.27455373849846,0.));
#2814=CARTESIAN_POINT('',(-0.367515954632135,1.2465668174024,0.));
#2815=CARTESIAN_POINT('',(0.0355417776272747,0.985425612395018,0.));
#2816=CARTESIAN_POINT('',(-0.367515954632135,1.2465668174024,0.2));
#2817=CARTESIAN_POINT('',(-0.367515954632135,1.2465668174024,0.));
#2818=CARTESIAN_POINT('',(-0.410712297199307,1.27455373849846,0.2));
#2819=CARTESIAN_POINT('',(0.0355417776272747,0.985425612395018,0.2));
#2820=CARTESIAN_POINT('',(-0.410712297199307,1.27455373849846,0.));
#2821=CARTESIAN_POINT('Origin',(-0.348418003428759,1.20046028459367,0.));
#2822=CARTESIAN_POINT('',(-0.360376860690168,1.22933151998465,0.));
#2823=CARTESIAN_POINT('',(-0.110692283854227,0.626539628271936,0.));
#2824=CARTESIAN_POINT('',(-0.360376860690168,1.22933151998465,0.2));
#2825=CARTESIAN_POINT('',(-0.360376860690168,1.22933151998465,0.));
#2826=CARTESIAN_POINT('',(-0.110692283854227,0.626539628271936,0.2));
#2827=CARTESIAN_POINT('Origin',(-0.369347572933555,1.21035344559208,0.));
#2828=CARTESIAN_POINT('',(-0.378318285176941,1.19137537119951,0.));
#2829=CARTESIAN_POINT('',(-0.569438012294667,0.787050240627918,0.));
#2830=CARTESIAN_POINT('',(-0.378318285176941,1.19137537119951,0.2));
#2831=CARTESIAN_POINT('',(-0.378318285176941,1.19137537119951,0.));
#2832=CARTESIAN_POINT('',(-0.569438012294667,0.787050240627918,0.2));
#2833=CARTESIAN_POINT('Origin',(0.,0.,0.));
#2834=CARTESIAN_POINT('',(-0.574918179018335,1.1099410288093,0.));
#2835=CARTESIAN_POINT('Origin',(0.,0.,0.));
#2836=CARTESIAN_POINT('',(-0.574918179018335,1.1099410288093,0.2));
#2837=CARTESIAN_POINT('',(-0.574918179018335,1.1099410288093,0.));
#2838=CARTESIAN_POINT('Origin',(0.,0.,0.2));
#2839=CARTESIAN_POINT('Origin',(-0.594680955574554,1.11701730244677,0.));
#2840=CARTESIAN_POINT('',(-0.614443732130773,1.12409357608425,0.));
#2841=CARTESIAN_POINT('',(-0.153875082323557,0.959182042241453,0.));
#2842=CARTESIAN_POINT('',(-0.614443732130773,1.12409357608425,0.2));
#2843=CARTESIAN_POINT('',(-0.614443732130773,1.12409357608425,0.));
#2844=CARTESIAN_POINT('',(-0.153875082323557,0.959182042241453,0.2));
#2845=CARTESIAN_POINT('Origin',(-0.633541683334148,1.17020010889298,0.));
#2846=CARTESIAN_POINT('',(-0.621582826072739,1.141328873502,0.));
#2847=CARTESIAN_POINT('',(-0.380287559527225,0.558790568471388,0.));
#2848=CARTESIAN_POINT('',(-0.621582826072739,1.141328873502,0.2));
#2849=CARTESIAN_POINT('',(-0.621582826072739,1.141328873502,0.));
#2850=CARTESIAN_POINT('',(-0.380287559527225,0.558790568471388,0.2));
#2851=CARTESIAN_POINT('Origin',(-0.616205483542666,1.16649595772363,0.));
#2852=CARTESIAN_POINT('',(-0.610828141012594,1.19166304194526,0.));
#2853=CARTESIAN_POINT('',(-0.721932964855098,0.671669300903759,0.));
#2854=CARTESIAN_POINT('',(-0.610828141012594,1.19166304194526,0.2));
#2855=CARTESIAN_POINT('',(-0.610828141012594,1.19166304194526,0.));
#2856=CARTESIAN_POINT('',(-0.721932964855098,0.671669300903759,0.2));
#2857=CARTESIAN_POINT('Origin',(-0.643695011852031,1.2036950326876,0.));
#2858=CARTESIAN_POINT('',(-0.660200012155929,1.23455900788472,0.));
#2859=CARTESIAN_POINT('Origin',(-0.643695011852031,1.2036950326876,0.));
#2860=CARTESIAN_POINT('',(-0.660200012155929,1.23455900788472,0.2));
#2861=CARTESIAN_POINT('',(-0.660200012155929,1.23455900788472,0.));
#2862=CARTESIAN_POINT('Origin',(-0.643695011852031,1.2036950326876,0.2));
#2863=CARTESIAN_POINT('Origin',(1.30630202799049,0.395979812197441,0.));
#2864=CARTESIAN_POINT('',(1.33979695178512,0.406133140715325,0.2));
#2865=CARTESIAN_POINT('Origin',(1.30630202799049,0.395979812197441,0.2));
#2866=CARTESIAN_POINT('',(1.33979695178512,0.406133140715325,0.));
#2867=CARTESIAN_POINT('',(1.33979695178512,0.406133140715324,0.));
#2868=CARTESIAN_POINT('Origin',(1.30630202799049,0.395979812197441,0.));
#2869=CARTESIAN_POINT('Origin',(1.2036950326876,-0.643695011852032,0.));
#2870=CARTESIAN_POINT('',(1.23455900788472,-0.660200012155929,0.2));
#2871=CARTESIAN_POINT('Origin',(1.2036950326876,-0.643695011852032,0.2));
#2872=CARTESIAN_POINT('',(1.23455900788472,-0.660200012155929,0.));
#2873=CARTESIAN_POINT('',(1.23455900788472,-0.66020001215593,0.));
#2874=CARTESIAN_POINT('Origin',(1.2036950326876,-0.643695011852032,0.));
#2875=CARTESIAN_POINT('Origin',(0.395979812197441,-1.30630202799049,0.));
#2876=CARTESIAN_POINT('',(0.406133140715325,-1.33979695178512,0.2));
#2877=CARTESIAN_POINT('Origin',(0.395979812197441,-1.30630202799049,0.2));
#2878=CARTESIAN_POINT('',(0.406133140715325,-1.33979695178512,0.));
#2879=CARTESIAN_POINT('',(0.406133140715324,-1.33979695178512,0.));
#2880=CARTESIAN_POINT('Origin',(0.395979812197441,-1.30630202799049,0.));
#2881=CARTESIAN_POINT('Origin',(-0.643695011852032,-1.2036950326876,0.));
#2882=CARTESIAN_POINT('',(-0.660200012155929,-1.23455900788472,0.2));
#2883=CARTESIAN_POINT('Origin',(-0.643695011852032,-1.2036950326876,0.2));
#2884=CARTESIAN_POINT('',(-0.660200012155929,-1.23455900788472,0.));
#2885=CARTESIAN_POINT('',(-0.66020001215593,-1.23455900788472,0.));
#2886=CARTESIAN_POINT('Origin',(-0.643695011852032,-1.2036950326876,0.));
#2887=CARTESIAN_POINT('Origin',(-1.30630202799049,-0.395979812197441,0.));
#2888=CARTESIAN_POINT('',(-1.33979695178512,-0.406133140715325,0.2));
#2889=CARTESIAN_POINT('Origin',(-1.30630202799049,-0.395979812197441,0.2));
#2890=CARTESIAN_POINT('',(-1.33979695178512,-0.406133140715325,0.));
#2891=CARTESIAN_POINT('',(-1.33979695178512,-0.406133140715324,0.));
#2892=CARTESIAN_POINT('Origin',(-1.30630202799049,-0.395979812197441,0.));
#2893=CARTESIAN_POINT('Origin',(-1.2036950326876,0.643695011852032,0.));
#2894=CARTESIAN_POINT('',(-1.23455900788472,0.660200012155929,0.2));
#2895=CARTESIAN_POINT('Origin',(-1.2036950326876,0.643695011852032,0.2));
#2896=CARTESIAN_POINT('',(-1.23455900788472,0.660200012155929,0.));
#2897=CARTESIAN_POINT('',(-1.23455900788472,0.66020001215593,0.));
#2898=CARTESIAN_POINT('Origin',(-1.2036950326876,0.643695011852032,0.));
#2899=CARTESIAN_POINT('Origin',(-0.395979812197441,1.30630202799049,0.));
#2900=CARTESIAN_POINT('',(-0.406133140715325,1.33979695178512,0.2));
#2901=CARTESIAN_POINT('Origin',(-0.395979812197441,1.30630202799049,0.2));
#2902=CARTESIAN_POINT('',(-0.406133140715325,1.33979695178512,0.));
#2903=CARTESIAN_POINT('',(-0.406133140715325,1.33979695178512,0.));
#2904=CARTESIAN_POINT('Origin',(-0.395979812197441,1.30630202799049,0.));
#2905=CARTESIAN_POINT('Origin',(0.,0.,0.));
#2906=CARTESIAN_POINT('Origin',(0.,0.,0.));
#2907=CARTESIAN_POINT('Origin',(0.,0.,0.));
#2908=CARTESIAN_POINT('Origin',(0.,0.,0.));
#2909=CARTESIAN_POINT('Origin',(0.,0.,0.));
#2910=CARTESIAN_POINT('Origin',(0.,0.,0.));
#2911=CARTESIAN_POINT('Origin',(0.,0.,0.));
#2912=CARTESIAN_POINT('',(0.406133140715325,1.33979695178512,0.));
#2913=CARTESIAN_POINT('Origin',(0.,0.,0.));
#2914=CARTESIAN_POINT('',(0.410712297199308,1.27455373849846,0.));
#2915=CARTESIAN_POINT('Origin',(0.395979812197442,1.30630202799049,0.));
#2916=CARTESIAN_POINT('',(0.367515954632135,1.2465668174024,0.));
#2917=CARTESIAN_POINT('',(-0.0355417776272737,0.985425612395024,0.));
#2918=CARTESIAN_POINT('',(0.360376860690169,1.22933151998465,0.));
#2919=CARTESIAN_POINT('',(0.126220688086621,0.664028512371788,0.));
#2920=CARTESIAN_POINT('',(0.378318285176941,1.19137537119951,0.));
#2921=CARTESIAN_POINT('',(0.569438012294668,0.78705024062792,0.));
#2922=CARTESIAN_POINT('',(0.574918179018335,1.1099410288093,0.));
#2923=CARTESIAN_POINT('Origin',(0.,0.,0.));
#2924=CARTESIAN_POINT('',(0.614443732130773,1.12409357608425,0.));
#2925=CARTESIAN_POINT('',(0.153875082323559,0.959182042241456,0.));
#2926=CARTESIAN_POINT('',(0.621582826072739,1.141328873502,0.));
#2927=CARTESIAN_POINT('',(0.364759155294835,0.521301684371535,0.));
#2928=CARTESIAN_POINT('',(0.610828141012594,1.19166304194526,0.));
#2929=CARTESIAN_POINT('',(0.721932964855094,0.671669300903753,0.));
#2930=CARTESIAN_POINT('',(0.660200012155929,1.23455900788472,0.));
#2931=CARTESIAN_POINT('Origin',(0.643695011852031,1.2036950326876,0.));
#2932=CARTESIAN_POINT('Origin',(0.,0.,0.));
#2933=CARTESIAN_POINT('',(-0.107,-0.127,0.));
#2934=CARTESIAN_POINT('',(-0.127,-0.107,0.));
#2935=CARTESIAN_POINT('Origin',(-0.107,-0.107,0.));
#2936=CARTESIAN_POINT('',(0.107,-0.127,0.));
#2937=CARTESIAN_POINT('',(0.107,-0.127,0.));
#2938=CARTESIAN_POINT('',(0.127,-0.107,0.));
#2939=CARTESIAN_POINT('Origin',(0.107,-0.107,0.));
#2940=CARTESIAN_POINT('',(0.127,0.107,0.));
#2941=CARTESIAN_POINT('',(0.127,0.107,0.));
#2942=CARTESIAN_POINT('',(0.107,0.127,0.));
#2943=CARTESIAN_POINT('Origin',(0.107,0.107,0.));
#2944=CARTESIAN_POINT('',(-0.107,0.127,0.));
#2945=CARTESIAN_POINT('',(-0.107,0.127,0.));
#2946=CARTESIAN_POINT('',(-0.127,0.107,0.));
#2947=CARTESIAN_POINT('Origin',(-0.107,0.107,0.));
#2948=CARTESIAN_POINT('',(-0.127,-0.107,0.));
#2949=CARTESIAN_POINT('Origin',(0.,0.,0.));
#2950=CARTESIAN_POINT('',(0.406133140715325,1.33979695178512,0.2));
#2951=CARTESIAN_POINT('Origin',(0.,0.,0.2));
#2952=CARTESIAN_POINT('',(0.406133140715325,1.33979695178512,0.));
#2953=CARTESIAN_POINT('Origin',(0.,0.,0.));
#2954=CARTESIAN_POINT('Origin',(0.,0.,0.2));
#2955=CARTESIAN_POINT('Origin',(0.,0.,0.));
#2956=CARTESIAN_POINT('Origin',(0.,0.,0.2));
#2957=CARTESIAN_POINT('Origin',(0.,0.,0.));
#2958=CARTESIAN_POINT('Origin',(0.,0.,0.2));
#2959=CARTESIAN_POINT('Origin',(0.,0.,0.));
#2960=CARTESIAN_POINT('Origin',(0.,0.,0.2));
#2961=CARTESIAN_POINT('Origin',(0.,0.,0.));
#2962=CARTESIAN_POINT('Origin',(0.,0.,0.2));
#2963=CARTESIAN_POINT('Origin',(0.,0.,0.));
#2964=CARTESIAN_POINT('Origin',(0.,0.,0.2));
#2965=CARTESIAN_POINT('Origin',(0.616205483542667,1.16649595772363,0.));
#2966=CARTESIAN_POINT('',(0.621582826072739,1.141328873502,0.2));
#2967=CARTESIAN_POINT('',(0.621582826072739,1.141328873502,0.));
#2968=CARTESIAN_POINT('',(0.610828141012594,1.19166304194526,0.2));
#2969=CARTESIAN_POINT('',(0.721932964855094,0.671669300903753,0.2));
#2970=CARTESIAN_POINT('',(0.610828141012594,1.19166304194526,0.));
#2971=CARTESIAN_POINT('Origin',(0.602484874869364,1.09522234069327,0.));
#2972=CARTESIAN_POINT('',(0.614443732130773,1.12409357608425,0.2));
#2973=CARTESIAN_POINT('',(0.614443732130773,1.12409357608425,0.));
#2974=CARTESIAN_POINT('',(0.364759155294835,0.521301684371535,0.2));
#2975=CARTESIAN_POINT('Origin',(0.594680955574554,1.11701730244677,0.));
#2976=CARTESIAN_POINT('',(0.574918179018335,1.1099410288093,0.2));
#2977=CARTESIAN_POINT('',(0.574918179018335,1.1099410288093,0.));
#2978=CARTESIAN_POINT('',(0.153875082323559,0.959182042241456,0.2));
#2979=CARTESIAN_POINT('Origin',(0.,0.,0.));
#2980=CARTESIAN_POINT('',(0.378318285176941,1.19137537119951,0.2));
#2981=CARTESIAN_POINT('',(0.378318285176941,1.19137537119951,0.));
#2982=CARTESIAN_POINT('Origin',(0.,0.,0.2));
#2983=CARTESIAN_POINT('Origin',(0.369347572933555,1.21035344559208,0.));
#2984=CARTESIAN_POINT('',(0.360376860690169,1.22933151998465,0.2));
#2985=CARTESIAN_POINT('',(0.360376860690169,1.22933151998465,0.));
#2986=CARTESIAN_POINT('',(0.569438012294668,0.78705024062792,0.2));
#2987=CARTESIAN_POINT('Origin',(0.379474811893544,1.27543805279338,0.));
#2988=CARTESIAN_POINT('',(0.367515954632135,1.2465668174024,0.2));
#2989=CARTESIAN_POINT('',(0.367515954632135,1.2465668174024,0.));
#2990=CARTESIAN_POINT('',(0.126220688086621,0.664028512371788,0.2));
#2991=CARTESIAN_POINT('Origin',(0.389114125915721,1.26056027795043,0.));
#2992=CARTESIAN_POINT('',(0.410712297199308,1.27455373849846,0.2));
#2993=CARTESIAN_POINT('',(0.410712297199308,1.27455373849846,0.));
#2994=CARTESIAN_POINT('',(-0.0355417776272737,0.985425612395024,0.2));
#2995=CARTESIAN_POINT('Origin',(0.395979812197442,1.30630202799049,0.));
#2996=CARTESIAN_POINT('Origin',(0.395979812197442,1.30630202799049,0.2));
#2997=CARTESIAN_POINT('Origin',(0.643695011852031,1.2036950326876,0.));
#2998=CARTESIAN_POINT('',(0.660200012155929,1.23455900788472,0.2));
#2999=CARTESIAN_POINT('Origin',(0.643695011852031,1.2036950326876,0.2));
#3000=CARTESIAN_POINT('',(0.66020001215593,1.23455900788472,0.));
#3001=CARTESIAN_POINT('Origin',(0.,0.,0.2));
#3002=CARTESIAN_POINT('Origin',(0.,0.,0.2));
#3003=CARTESIAN_POINT('',(-0.107,-0.127,0.2));
#3004=CARTESIAN_POINT('',(-0.127,-0.107,0.2));
#3005=CARTESIAN_POINT('Origin',(-0.107,-0.107,0.2));
#3006=CARTESIAN_POINT('',(-0.127,0.107,0.2));
#3007=CARTESIAN_POINT('',(-0.127,-0.107,0.2));
#3008=CARTESIAN_POINT('',(-0.107,0.127,0.2));
#3009=CARTESIAN_POINT('Origin',(-0.107,0.107,0.2));
#3010=CARTESIAN_POINT('',(0.107,0.127,0.2));
#3011=CARTESIAN_POINT('',(-0.107,0.127,0.2));
#3012=CARTESIAN_POINT('',(0.127,0.107,0.2));
#3013=CARTESIAN_POINT('Origin',(0.107,0.107,0.2));
#3014=CARTESIAN_POINT('',(0.127,-0.107,0.2));
#3015=CARTESIAN_POINT('',(0.127,0.107,0.2));
#3016=CARTESIAN_POINT('',(0.107,-0.127,0.2));
#3017=CARTESIAN_POINT('Origin',(0.107,-0.107,0.2));
#3018=CARTESIAN_POINT('',(0.107,-0.127,0.2));
#3019=CARTESIAN_POINT('Origin',(0.,0.,0.));
#3020=CARTESIAN_POINT('Origin',(0.107,-0.127,0.));
#3021=CARTESIAN_POINT('',(-0.107,-0.127,0.));
#3022=CARTESIAN_POINT('',(0.107,-0.127,0.));
#3023=CARTESIAN_POINT('Origin',(0.107,-0.107,0.));
#3024=CARTESIAN_POINT('',(0.127,-0.107,0.));
#3025=CARTESIAN_POINT('Origin',(0.127,0.107,0.));
#3026=CARTESIAN_POINT('',(0.127,0.107,0.));
#3027=CARTESIAN_POINT('Origin',(0.107,0.107,0.));
#3028=CARTESIAN_POINT('',(0.107,0.127,0.));
#3029=CARTESIAN_POINT('Origin',(-0.107,0.127,0.));
#3030=CARTESIAN_POINT('',(-0.107,0.127,0.));
#3031=CARTESIAN_POINT('Origin',(-0.107,0.107,0.));
#3032=CARTESIAN_POINT('',(-0.127,0.107,0.));
#3033=CARTESIAN_POINT('Origin',(-0.127,-0.107,0.));
#3034=CARTESIAN_POINT('',(-0.127,-0.107,0.));
#3035=CARTESIAN_POINT('Origin',(-0.107,-0.107,0.));
#3036=UNCERTAINTY_MEASURE_WITH_UNIT(LENGTH_MEASURE(0.000393700787401575),
#3042,'DISTANCE_ACCURACY_VALUE',
'Maximum model space distance between geometric entities at asserted c
onnectivities');
#3037=UNCERTAINTY_MEASURE_WITH_UNIT(LENGTH_MEASURE(0.000393700787401575),
#3042,'DISTANCE_ACCURACY_VALUE',
'Maximum model space distance between geometric entities at asserted c
onnectivities');
#3038=(
GEOMETRIC_REPRESENTATION_CONTEXT(3)
GLOBAL_UNCERTAINTY_ASSIGNED_CONTEXT((#3036))
GLOBAL_UNIT_ASSIGNED_CONTEXT((#3042,#3046,#3047))
REPRESENTATION_CONTEXT('','3D')
);
#3039=(
GEOMETRIC_REPRESENTATION_CONTEXT(3)
GLOBAL_UNCERTAINTY_ASSIGNED_CONTEXT((#3037))
GLOBAL_UNIT_ASSIGNED_CONTEXT((#3042,#3046,#3047))
REPRESENTATION_CONTEXT('','3D')
);
#3040=DIMENSIONAL_EXPONENTS(1.,0.,0.,0.,0.,0.,0.);
#3041=DIMENSIONAL_EXPONENTS(0.,1.,0.,0.,0.,0.,0.);
#3042=(
CONVERSION_BASED_UNIT('inch',#3045)
LENGTH_UNIT()
NAMED_UNIT(#3040)
);
#3043=(
LENGTH_UNIT()
NAMED_UNIT(*)
SI_UNIT(.MILLI.,.METRE.)
);
#3044=(
LENGTH_UNIT()
NAMED_UNIT(*)
SI_UNIT(.CENTI.,.METRE.)
);
#3045=LENGTH_MEASURE_WITH_UNIT(LENGTH_MEASURE(25.4),#3043);
#3046=(
NAMED_UNIT(*)
PLANE_ANGLE_UNIT()
SI_UNIT($,.RADIAN.)
);
#3047=(
NAMED_UNIT(*)
SI_UNIT($,.STERADIAN.)
SOLID_ANGLE_UNIT()
);
#3048=SHAPE_DEFINITION_REPRESENTATION(#3049,#3050);
#3049=PRODUCT_DEFINITION_SHAPE('',$,#3052);
#3050=SHAPE_REPRESENTATION('',(#1824),#3038);
#3051=PRODUCT_DEFINITION_CONTEXT('part definition',#3056,'design');
#3052=PRODUCT_DEFINITION('2in rubberband wheel',
'2.5in rubberband wheel',#3053,#3051);
#3053=PRODUCT_DEFINITION_FORMATION('',$,#3058);
#3054=PRODUCT_RELATED_PRODUCT_CATEGORY('2.5in rubberband wheel',
'2.5in rubberband wheel',(#3058));
#3055=APPLICATION_PROTOCOL_DEFINITION('international standard',
'automotive_design',2009,#3056);
#3056=APPLICATION_CONTEXT(
'Core Data for Automotive Mechanical Design Process');
#3057=PRODUCT_CONTEXT('part definition',#3056,'mechanical');
#3058=PRODUCT('2in rubberband wheel','2.5in rubberband wheel',$,(#3057));
#3059=PRESENTATION_STYLE_ASSIGNMENT((#3060));
#3060=SURFACE_STYLE_USAGE(.BOTH.,#3063);
#3061=SURFACE_STYLE_RENDERING_WITH_PROPERTIES($,#3067,(#3062));
#3062=SURFACE_STYLE_TRANSPARENT(0.);
#3063=SURFACE_SIDE_STYLE('',(#3064,#3061));
#3064=SURFACE_STYLE_FILL_AREA(#3065);
#3065=FILL_AREA_STYLE('',(#3066));
#3066=FILL_AREA_STYLE_COLOUR('',#3067);
#3067=COLOUR_RGB('',0.749019607843137,0.749019607843137,0.749019607843137);
ENDSEC;
END-ISO-10303-21;
