ISO-10303-21;
HEADER;
/* Generated by software containing ST-Developer
 * from STEP Tools, Inc. (www.steptools.com) 
 */

FILE_DESCRIPTION(
/* description */ (''),
/* implementation_level */ '2;1');

FILE_NAME(
/* name */ 'plate.stp',
/* time_stamp */ '2026-01-20T11:40:48+13:00',
/* author */ ('cloudy'),
/* organization */ (''),
/* preprocessor_version */ 'ST-DEVELOPER v20',
/* originating_system */ 'Autodesk Inventor 2025',
/* authorisation */ '');

FILE_SCHEMA (('AUTOMOTIVE_DESIGN { 1 0 10303 214 3 1 1 }'));
ENDSEC;

DATA;
#10=MECHANICAL_DESIGN_GEOMETRIC_PRESENTATION_REPRESENTATION('',(#212,#213,
#214,#215,#216,#217,#218),#4583);
#11=SHAPE_REPRESENTATION_RELATIONSHIP('SRR','None',#4594,#12);
#12=ADVANCED_BREP_SHAPE_REPRESENTATION('',(#13),#4582);
#13=MANIFOLD_SOLID_BREP('Solid1',#2166);
#14=CYLINDRICAL_SURFACE('',#2243,0.086);
#15=CYLINDRICAL_SURFACE('',#2244,0.086);
#16=CIRCLE('',#2230,0.086);
#17=CIRCLE('',#2231,0.086);
#18=CIRCLE('',#2236,0.086);
#19=CIRCLE('',#2237,0.086);
#20=B_SPLINE_SURFACE_WITH_KNOTS('',2,1,((#2681,#2682),(#2683,#2684),(#2685,
#2686),(#2687,#2688),(#2689,#2690),(#2691,#2692)),.UNSPECIFIED.,.F.,.F.,
 .F.,(3,1,1,1,3),(2,2),(-4.,-3.,-2.,-1.,0.),(0.,23.182370721089),
 .UNSPECIFIED.);
#21=B_SPLINE_SURFACE_WITH_KNOTS('',2,1,((#2703,#2704),(#2705,#2706),(#2707,
#2708),(#2709,#2710),(#2711,#2712),(#2713,#2714)),.UNSPECIFIED.,.F.,.F.,
 .F.,(3,1,1,1,3),(2,2),(-4.,-3.,-2.,-1.,0.),(0.,23.182370721089),
 .UNSPECIFIED.);
#22=B_SPLINE_SURFACE_WITH_KNOTS('',2,1,((#2723,#2724),(#2725,#2726),(#2727,
#2728),(#2729,#2730),(#2731,#2732),(#2733,#2734)),.UNSPECIFIED.,.F.,.F.,
 .F.,(3,1,1,1,3),(2,2),(-4.,-3.,-2.,-1.,0.),(0.,23.182370721089),
 .UNSPECIFIED.);
#23=B_SPLINE_SURFACE_WITH_KNOTS('',2,1,((#2743,#2744),(#2745,#2746),(#2747,
#2748),(#2749,#2750),(#2751,#2752),(#2753,#2754)),.UNSPECIFIED.,.F.,.F.,
 .F.,(3,1,1,1,3),(2,2),(-4.,-3.,-2.,-1.,0.),(0.,23.182370721089),
 .UNSPECIFIED.);
#24=B_SPLINE_SURFACE_WITH_KNOTS('',2,1,((#2946,#2947),(#2948,#2949),(#2950,
#2951),(#2952,#2953),(#2954,#2955),(#2956,#2957)),.UNSPECIFIED.,.F.,.F.,
 .F.,(3,1,1,1,3),(2,2),(-4.,-3.,-2.,-1.,0.),(0.,23.182370721089),
 .UNSPECIFIED.);
#25=B_SPLINE_SURFACE_WITH_KNOTS('',2,1,((#2968,#2969),(#2970,#2971),(#2972,
#2973),(#2974,#2975),(#2976,#2977),(#2978,#2979)),.UNSPECIFIED.,.F.,.F.,
 .F.,(3,1,1,1,3),(2,2),(-4.,-3.,-2.,-1.,0.),(0.,23.182370721089),
 .UNSPECIFIED.);
#26=B_SPLINE_SURFACE_WITH_KNOTS('',2,1,((#2992,#2993),(#2994,#2995),(#2996,
#2997),(#2998,#2999)),.UNSPECIFIED.,.F.,.F.,.F.,(3,1,3),(2,2),(-2.,-1.,
0.),(0.,23.182370721089),.UNSPECIFIED.);
#27=B_SPLINE_SURFACE_WITH_KNOTS('',2,1,((#3014,#3015),(#3016,#3017),(#3018,
#3019),(#3020,#3021),(#3022,#3023),(#3024,#3025)),.UNSPECIFIED.,.F.,.F.,
 .F.,(3,1,1,1,3),(2,2),(-4.,-3.,-2.,-1.,0.),(0.,23.182370721089),
 .UNSPECIFIED.);
#28=B_SPLINE_SURFACE_WITH_KNOTS('',2,1,((#3034,#3035),(#3036,#3037),(#3038,
#3039),(#3040,#3041),(#3042,#3043),(#3044,#3045)),.UNSPECIFIED.,.F.,.F.,
 .F.,(3,1,1,1,3),(2,2),(-4.,-3.,-2.,-1.,0.),(0.,23.182370721089),
 .UNSPECIFIED.);
#29=B_SPLINE_SURFACE_WITH_KNOTS('',2,1,((#3058,#3059),(#3060,#3061),(#3062,
#3063),(#3064,#3065)),.UNSPECIFIED.,.F.,.F.,.F.,(3,1,3),(2,2),(-2.,-1.,
0.),(0.,23.182370721089),.UNSPECIFIED.);
#30=B_SPLINE_SURFACE_WITH_KNOTS('',2,1,((#3076,#3077),(#3078,#3079),(#3080,
#3081),(#3082,#3083)),.UNSPECIFIED.,.F.,.F.,.F.,(3,1,3),(2,2),(-2.,-1.,
0.),(0.,23.182370721089),.UNSPECIFIED.);
#31=B_SPLINE_SURFACE_WITH_KNOTS('',2,1,((#3090,#3091),(#3092,#3093),(#3094,
#3095),(#3096,#3097),(#3098,#3099),(#3100,#3101)),.UNSPECIFIED.,.F.,.F.,
 .F.,(3,1,1,1,3),(2,2),(-4.,-3.,-2.,-1.,0.),(0.,23.182370721089),
 .UNSPECIFIED.);
#32=B_SPLINE_SURFACE_WITH_KNOTS('',2,1,((#3110,#3111),(#3112,#3113),(#3114,
#3115),(#3116,#3117)),.UNSPECIFIED.,.F.,.F.,.F.,(3,1,3),(2,2),(-2.,-1.,
0.),(0.,23.182370721089),.UNSPECIFIED.);
#33=B_SPLINE_SURFACE_WITH_KNOTS('',2,1,((#3132,#3133),(#3134,#3135),(#3136,
#3137),(#3138,#3139),(#3140,#3141),(#3142,#3143)),.UNSPECIFIED.,.F.,.F.,
 .F.,(3,1,1,1,3),(2,2),(-4.,-3.,-2.,-1.,0.),(0.,23.182370721089),
 .UNSPECIFIED.);
#34=B_SPLINE_SURFACE_WITH_KNOTS('',2,1,((#3152,#3153),(#3154,#3155),(#3156,
#3157),(#3158,#3159),(#3160,#3161),(#3162,#3163)),.UNSPECIFIED.,.F.,.F.,
 .F.,(3,1,1,1,3),(2,2),(-4.,-3.,-2.,-1.,0.),(0.,23.182370721089),
 .UNSPECIFIED.);
#35=B_SPLINE_SURFACE_WITH_KNOTS('',2,1,((#3176,#3177),(#3178,#3179),(#3180,
#3181),(#3182,#3183)),.UNSPECIFIED.,.F.,.F.,.F.,(3,1,3),(2,2),(-2.,-1.,
0.),(0.,23.182370721089),.UNSPECIFIED.);
#36=B_SPLINE_SURFACE_WITH_KNOTS('',2,1,((#3194,#3195),(#3196,#3197),(#3198,
#3199)),.UNSPECIFIED.,.F.,.F.,.F.,(3,3),(2,2),(-1.,0.),(0.,23.182370721089),
 .UNSPECIFIED.);
#37=B_SPLINE_SURFACE_WITH_KNOTS('',2,1,((#3205,#3206),(#3207,#3208),(#3209,
#3210),(#3211,#3212)),.UNSPECIFIED.,.F.,.F.,.F.,(3,1,3),(2,2),(-2.,-1.,
0.),(0.,23.182370721089),.UNSPECIFIED.);
#38=B_SPLINE_SURFACE_WITH_KNOTS('',2,1,((#3219,#3220),(#3221,#3222),(#3223,
#3224),(#3225,#3226),(#3227,#3228),(#3229,#3230)),.UNSPECIFIED.,.F.,.F.,
 .F.,(3,1,1,1,3),(2,2),(-4.,-3.,-2.,-1.,0.),(0.,23.182370721089),
 .UNSPECIFIED.);
#39=B_SPLINE_SURFACE_WITH_KNOTS('',2,1,((#3245,#3246),(#3247,#3248),(#3249,
#3250),(#3251,#3252)),.UNSPECIFIED.,.F.,.F.,.F.,(3,1,3),(2,2),(-2.,-1.,
0.),(0.,23.182370721089),.UNSPECIFIED.);
#40=B_SPLINE_SURFACE_WITH_KNOTS('',2,1,((#3281,#3282),(#3283,#3284),(#3285,
#3286),(#3287,#3288)),.UNSPECIFIED.,.F.,.F.,.F.,(3,1,3),(2,2),(-2.,-1.,
0.),(0.,23.182370721089),.UNSPECIFIED.);
#41=B_SPLINE_SURFACE_WITH_KNOTS('',2,1,((#3303,#3304),(#3305,#3306),(#3307,
#3308),(#3309,#3310)),.UNSPECIFIED.,.F.,.F.,.F.,(3,1,3),(2,2),(-2.,-1.,
0.),(0.,23.182370721089),.UNSPECIFIED.);
#42=B_SPLINE_SURFACE_WITH_KNOTS('',2,1,((#3331,#3332),(#3333,#3334),(#3335,
#3336),(#3337,#3338)),.UNSPECIFIED.,.F.,.F.,.F.,(3,1,3),(2,2),(-2.,-1.,
0.),(0.,23.182370721089),.UNSPECIFIED.);
#43=B_SPLINE_SURFACE_WITH_KNOTS('',2,1,((#3353,#3354),(#3355,#3356),(#3357,
#3358),(#3359,#3360),(#3361,#3362),(#3363,#3364),(#3365,#3366),(#3367,#3368)),
 .UNSPECIFIED.,.F.,.F.,.F.,(3,1,1,1,1,1,3),(2,2),(-6.,-5.,-4.,-3.,-2.,-1.,
0.),(0.,23.182370721089),.UNSPECIFIED.);
#44=B_SPLINE_SURFACE_WITH_KNOTS('',2,1,((#3399,#3400),(#3401,#3402),(#3403,
#3404),(#3405,#3406),(#3407,#3408),(#3409,#3410)),.UNSPECIFIED.,.F.,.F.,
 .F.,(3,1,1,1,3),(2,2),(0.,1.,2.,3.,4.),(0.,23.182370721089),
 .UNSPECIFIED.);
#45=B_SPLINE_SURFACE_WITH_KNOTS('',2,1,((#3435,#3436),(#3437,#3438),(#3439,
#3440),(#3441,#3442),(#3443,#3444),(#3445,#3446)),.UNSPECIFIED.,.F.,.F.,
 .F.,(3,1,1,1,3),(2,2),(0.,1.,2.,3.,4.),(0.,23.182370721089),
 .UNSPECIFIED.);
#46=B_SPLINE_SURFACE_WITH_KNOTS('',2,1,((#3468,#3469),(#3470,#3471),(#3472,
#3473),(#3474,#3475),(#3476,#3477),(#3478,#3479)),.UNSPECIFIED.,.F.,.F.,
 .F.,(3,1,1,1,3),(2,2),(-4.,-3.,-2.,-1.,0.),(0.,23.182370721089),
 .UNSPECIFIED.);
#47=B_SPLINE_SURFACE_WITH_KNOTS('',2,1,((#3501,#3502),(#3503,#3504),(#3505,
#3506),(#3507,#3508)),.UNSPECIFIED.,.F.,.F.,.F.,(3,1,3),(2,2),(-2.,-1.,
0.),(0.,23.182370721089),.UNSPECIFIED.);
#48=B_SPLINE_SURFACE_WITH_KNOTS('',2,1,((#3523,#3524),(#3525,#3526),(#3527,
#3528),(#3529,#3530),(#3531,#3532),(#3533,#3534)),.UNSPECIFIED.,.F.,.F.,
 .F.,(3,1,1,1,3),(2,2),(-4.,-3.,-2.,-1.,0.),(0.,23.182370721089),
 .UNSPECIFIED.);
#49=B_SPLINE_SURFACE_WITH_KNOTS('',2,1,((#3563,#3564),(#3565,#3566),(#3567,
#3568),(#3569,#3570),(#3571,#3572),(#3573,#3574)),.UNSPECIFIED.,.F.,.F.,
 .F.,(3,1,1,1,3),(2,2),(-4.,-3.,-2.,-1.,0.),(0.,23.182370721089),
 .UNSPECIFIED.);
#50=B_SPLINE_SURFACE_WITH_KNOTS('',2,1,((#3597,#3598),(#3599,#3600),(#3601,
#3602),(#3603,#3604),(#3605,#3606),(#3607,#3608)),.UNSPECIFIED.,.F.,.F.,
 .F.,(3,1,1,1,3),(2,2),(-4.,-3.,-2.,-1.,0.),(0.,23.182370721089),
 .UNSPECIFIED.);
#51=B_SPLINE_SURFACE_WITH_KNOTS('',2,1,((#3634,#3635),(#3636,#3637),(#3638,
#3639),(#3640,#3641)),.UNSPECIFIED.,.F.,.F.,.F.,(3,1,3),(2,2),(0.,1.,2.),
(0.,23.182370721089),.UNSPECIFIED.);
#52=B_SPLINE_SURFACE_WITH_KNOTS('',2,1,((#3656,#3657),(#3658,#3659),(#3660,
#3661),(#3662,#3663),(#3664,#3665),(#3666,#3667)),.UNSPECIFIED.,.F.,.F.,
 .F.,(3,1,1,1,3),(2,2),(0.,1.,2.,3.,4.),(0.,23.182370721089),
 .UNSPECIFIED.);
#53=B_SPLINE_SURFACE_WITH_KNOTS('',2,1,((#3864,#3865),(#3866,#3867),(#3868,
#3869),(#3870,#3871),(#3872,#3873),(#3874,#3875)),.UNSPECIFIED.,.F.,.F.,
 .F.,(3,1,1,1,3),(2,2),(0.,1.,2.,3.,4.),(0.,23.182370721089),
 .UNSPECIFIED.);
#54=B_SPLINE_SURFACE_WITH_KNOTS('',2,1,((#3886,#3887),(#3888,#3889),(#3890,
#3891),(#3892,#3893)),.UNSPECIFIED.,.F.,.F.,.F.,(3,1,3),(2,2),(0.,1.,2.),
(0.,23.182370721089),.UNSPECIFIED.);
#55=B_SPLINE_SURFACE_WITH_KNOTS('',2,1,((#3906,#3907),(#3908,#3909),(#3910,
#3911),(#3912,#3913),(#3914,#3915),(#3916,#3917)),.UNSPECIFIED.,.F.,.F.,
 .F.,(3,1,1,1,3),(2,2),(-4.,-3.,-2.,-1.,0.),(0.,23.182370721089),
 .UNSPECIFIED.);
#56=B_SPLINE_SURFACE_WITH_KNOTS('',2,1,((#3926,#3927),(#3928,#3929),(#3930,
#3931),(#3932,#3933),(#3934,#3935),(#3936,#3937)),.UNSPECIFIED.,.F.,.F.,
 .F.,(3,1,1,1,3),(2,2),(-4.,-3.,-2.,-1.,0.),(0.,23.182370721089),
 .UNSPECIFIED.);
#57=B_SPLINE_SURFACE_WITH_KNOTS('',2,1,((#3950,#3951),(#3952,#3953),(#3954,
#3955),(#3956,#3957),(#3958,#3959),(#3960,#3961)),.UNSPECIFIED.,.F.,.F.,
 .F.,(3,1,1,1,3),(2,2),(-4.,-3.,-2.,-1.,0.),(0.,23.182370721089),
 .UNSPECIFIED.);
#58=B_SPLINE_SURFACE_WITH_KNOTS('',2,1,((#3970,#3971),(#3972,#3973),(#3974,
#3975),(#3976,#3977)),.UNSPECIFIED.,.F.,.F.,.F.,(3,1,3),(2,2),(-2.,-1.,
0.),(0.,23.182370721089),.UNSPECIFIED.);
#59=B_SPLINE_SURFACE_WITH_KNOTS('',2,1,((#3984,#3985),(#3986,#3987),(#3988,
#3989),(#3990,#3991),(#3992,#3993),(#3994,#3995)),.UNSPECIFIED.,.F.,.F.,
 .F.,(3,1,1,1,3),(2,2),(-4.,-3.,-2.,-1.,0.),(0.,23.182370721089),
 .UNSPECIFIED.);
#60=B_SPLINE_SURFACE_WITH_KNOTS('',2,1,((#4004,#4005),(#4006,#4007),(#4008,
#4009),(#4010,#4011),(#4012,#4013),(#4014,#4015)),.UNSPECIFIED.,.F.,.F.,
 .F.,(3,1,1,1,3),(2,2),(0.,1.,2.,3.,4.),(0.,23.182370721089),
 .UNSPECIFIED.);
#61=B_SPLINE_SURFACE_WITH_KNOTS('',2,1,((#4024,#4025),(#4026,#4027),(#4028,
#4029),(#4030,#4031),(#4032,#4033),(#4034,#4035)),.UNSPECIFIED.,.F.,.F.,
 .F.,(3,1,1,1,3),(2,2),(0.,1.,2.,3.,4.),(0.,23.182370721089),
 .UNSPECIFIED.);
#62=B_SPLINE_SURFACE_WITH_KNOTS('',2,1,((#4042,#4043),(#4044,#4045),(#4046,
#4047),(#4048,#4049),(#4050,#4051),(#4052,#4053),(#4054,#4055),(#4056,#4057)),
 .UNSPECIFIED.,.F.,.F.,.F.,(3,1,1,1,1,1,3),(2,2),(-6.,-5.,-4.,-3.,-2.,-1.,
0.),(0.,23.182370721089),.UNSPECIFIED.);
#63=B_SPLINE_SURFACE_WITH_KNOTS('',2,1,((#4068,#4069),(#4070,#4071),(#4072,
#4073),(#4074,#4075)),.UNSPECIFIED.,.F.,.F.,.F.,(3,1,3),(2,2),(-2.,-1.,
0.),(0.,23.182370721089),.UNSPECIFIED.);
#64=B_SPLINE_SURFACE_WITH_KNOTS('',2,1,((#4086,#4087),(#4088,#4089),(#4090,
#4091),(#4092,#4093)),.UNSPECIFIED.,.F.,.F.,.F.,(3,1,3),(2,2),(-2.,-1.,
0.),(0.,23.182370721089),.UNSPECIFIED.);
#65=B_SPLINE_SURFACE_WITH_KNOTS('',2,1,((#4100,#4101),(#4102,#4103),(#4104,
#4105),(#4106,#4107)),.UNSPECIFIED.,.F.,.F.,.F.,(3,1,3),(2,2),(-2.,-1.,
0.),(0.,23.182370721089),.UNSPECIFIED.);
#66=B_SPLINE_SURFACE_WITH_KNOTS('',2,1,((#4118,#4119),(#4120,#4121),(#4122,
#4123),(#4124,#4125)),.UNSPECIFIED.,.F.,.F.,.F.,(3,1,3),(2,2),(-2.,-1.,
0.),(0.,23.182370721089),.UNSPECIFIED.);
#67=B_SPLINE_SURFACE_WITH_KNOTS('',2,1,((#4130,#4131),(#4132,#4133),(#4134,
#4135),(#4136,#4137),(#4138,#4139),(#4140,#4141)),.UNSPECIFIED.,.F.,.F.,
 .F.,(3,1,1,1,3),(2,2),(-4.,-3.,-2.,-1.,0.),(0.,23.182370721089),
 .UNSPECIFIED.);
#68=B_SPLINE_SURFACE_WITH_KNOTS('',2,1,((#4167,#4168),(#4169,#4170),(#4171,
#4172),(#4173,#4174),(#4175,#4176),(#4177,#4178)),.UNSPECIFIED.,.F.,.F.,
 .F.,(3,1,1,1,3),(2,2),(-4.,-3.,-2.,-1.,0.),(0.,23.182370721089),
 .UNSPECIFIED.);
#69=B_SPLINE_SURFACE_WITH_KNOTS('',2,1,((#4213,#4214),(#4215,#4216),(#4217,
#4218),(#4219,#4220),(#4221,#4222),(#4223,#4224)),.UNSPECIFIED.,.F.,.F.,
 .F.,(3,1,1,1,3),(2,2),(-4.,-3.,-2.,-1.,0.),(0.,23.182370721089),
 .UNSPECIFIED.);
#70=B_SPLINE_SURFACE_WITH_KNOTS('',2,1,((#4247,#4248),(#4249,#4250),(#4251,
#4252)),.UNSPECIFIED.,.F.,.F.,.F.,(3,3),(2,2),(-1.,0.),(0.,23.182370721089),
 .UNSPECIFIED.);
#71=B_SPLINE_SURFACE_WITH_KNOTS('',2,1,((#4263,#4264),(#4265,#4266),(#4267,
#4268),(#4269,#4270)),.UNSPECIFIED.,.F.,.F.,.F.,(3,1,3),(2,2),(-2.,-1.,
0.),(0.,23.182370721089),.UNSPECIFIED.);
#72=B_SPLINE_SURFACE_WITH_KNOTS('',2,1,((#4285,#4286),(#4287,#4288),(#4289,
#4290),(#4291,#4292)),.UNSPECIFIED.,.F.,.F.,.F.,(3,1,3),(2,2),(-2.,-1.,
0.),(0.,23.182370721089),.UNSPECIFIED.);
#73=B_SPLINE_SURFACE_WITH_KNOTS('',2,1,((#4307,#4308),(#4309,#4310),(#4311,
#4312)),.UNSPECIFIED.,.F.,.F.,.F.,(3,3),(2,2),(-1.,0.),(0.,23.182370721089),
 .UNSPECIFIED.);
#74=B_SPLINE_SURFACE_WITH_KNOTS('',2,1,((#4323,#4324),(#4325,#4326),(#4327,
#4328),(#4329,#4330)),.UNSPECIFIED.,.F.,.F.,.F.,(3,1,3),(2,2),(-2.,-1.,
0.),(0.,23.182370721089),.UNSPECIFIED.);
#75=B_SPLINE_SURFACE_WITH_KNOTS('',2,1,((#4351,#4352),(#4353,#4354),(#4355,
#4356),(#4357,#4358)),.UNSPECIFIED.,.F.,.F.,.F.,(3,1,3),(2,2),(-2.,-1.,
0.),(0.,23.182370721089),.UNSPECIFIED.);
#76=B_SPLINE_SURFACE_WITH_KNOTS('',2,1,((#4379,#4380),(#4381,#4382),(#4383,
#4384),(#4385,#4386),(#4387,#4388),(#4389,#4390)),.UNSPECIFIED.,.F.,.F.,
 .F.,(3,1,1,1,3),(2,2),(-4.,-3.,-2.,-1.,0.),(0.,23.182370721089),
 .UNSPECIFIED.);
#77=B_SPLINE_SURFACE_WITH_KNOTS('',2,1,((#4410,#4411),(#4412,#4413),(#4414,
#4415),(#4416,#4417),(#4418,#4419),(#4420,#4421)),.UNSPECIFIED.,.F.,.F.,
 .F.,(3,1,1,1,3),(2,2),(-4.,-3.,-2.,-1.,0.),(0.,23.182370721089),
 .UNSPECIFIED.);
#78=B_SPLINE_SURFACE_WITH_KNOTS('',2,1,((#4462,#4463),(#4464,#4465),(#4466,
#4467),(#4468,#4469),(#4470,#4471),(#4472,#4473)),.UNSPECIFIED.,.F.,.F.,
 .F.,(3,1,1,1,3),(2,2),(-4.,-3.,-2.,-1.,0.),(0.,23.182370721089),
 .UNSPECIFIED.);
#79=B_SPLINE_SURFACE_WITH_KNOTS('',2,1,((#4493,#4494),(#4495,#4496),(#4497,
#4498),(#4499,#4500),(#4501,#4502),(#4503,#4504)),.UNSPECIFIED.,.F.,.F.,
 .F.,(3,1,1,1,3),(2,2),(-4.,-3.,-2.,-1.,0.),(0.,23.182370721089),
 .UNSPECIFIED.);
#80=B_SPLINE_CURVE_WITH_KNOTS('',3,(#2627,#2628,#2629,#2630,#2631,#2632,
#2633,#2634,#2635,#2636,#2637,#2638,#2639),.UNSPECIFIED.,.F.,.F.,(4,3,3,
3,4),(-0.328702235588658,-0.246526676691494,-0.164351117794329,-0.0821755588971645,
0.),.UNSPECIFIED.);
#81=B_SPLINE_CURVE_WITH_KNOTS('',3,(#2641,#2642,#2643,#2644,#2645,#2646,
#2647,#2648,#2649,#2650,#2651,#2652,#2653),.UNSPECIFIED.,.F.,.F.,(4,3,3,
3,4),(-0.273053496185245,-0.204790122138934,-0.136526748092623,-0.0682633740463113,
0.),.UNSPECIFIED.);
#82=B_SPLINE_CURVE_WITH_KNOTS('',3,(#2655,#2656,#2657,#2658,#2659,#2660,
#2661,#2662,#2663,#2664,#2665,#2666,#2667),.UNSPECIFIED.,.F.,.F.,(4,3,3,
3,4),(-0.312096315173172,-0.234072236379879,-0.156048157586586,-0.0780240787932931,
0.),.UNSPECIFIED.);
#83=B_SPLINE_CURVE_WITH_KNOTS('',3,(#2668,#2669,#2670,#2671,#2672,#2673,
#2674,#2675,#2676,#2677,#2678,#2679,#2680),.UNSPECIFIED.,.F.,.F.,(4,3,3,
3,4),(-0.249006607624328,-0.186754955718246,-0.124503303812164,-0.062251651906082,
0.),.UNSPECIFIED.);
#84=B_SPLINE_CURVE_WITH_KNOTS('',2,(#2696,#2697,#2698,#2699,#2700,#2701),
 .UNSPECIFIED.,.F.,.F.,(3,1,1,1,3),(0.,1.,2.,3.,4.),.UNSPECIFIED.);
#85=B_SPLINE_CURVE_WITH_KNOTS('',2,(#2717,#2718,#2719,#2720,#2721,#2722),
 .UNSPECIFIED.,.F.,.F.,(3,1,1,1,3),(0.,1.,2.,3.,4.),.UNSPECIFIED.);
#86=B_SPLINE_CURVE_WITH_KNOTS('',2,(#2737,#2738,#2739,#2740,#2741,#2742),
 .UNSPECIFIED.,.F.,.F.,(3,1,1,1,3),(0.,1.,2.,3.,4.),.UNSPECIFIED.);
#87=B_SPLINE_CURVE_WITH_KNOTS('',2,(#2755,#2756,#2757,#2758,#2759,#2760),
 .UNSPECIFIED.,.F.,.F.,(3,1,1,1,3),(0.,1.,2.,3.,4.),.UNSPECIFIED.);
#88=B_SPLINE_CURVE_WITH_KNOTS('',3,(#2764,#2765,#2766,#2767,#2768,#2769,
#2770,#2771,#2772,#2773,#2774,#2775,#2776),.UNSPECIFIED.,.F.,.F.,(4,3,3,
3,4),(-0.3853546107269,-0.289015958045175,-0.19267730536345,-0.0963386526817251,
0.),.UNSPECIFIED.);
#89=B_SPLINE_CURVE_WITH_KNOTS('',3,(#2778,#2779,#2780,#2781,#2782,#2783,
#2784),.UNSPECIFIED.,.F.,.F.,(4,3,4),(-1.74663168421071,-0.873315842105355,
0.),.UNSPECIFIED.);
#90=B_SPLINE_CURVE_WITH_KNOTS('',3,(#2788,#2789,#2790,#2791,#2792,#2793,
#2794),.UNSPECIFIED.,.F.,.F.,(4,3,4),(-0.142152732708417,-0.0710763663542085,
0.),.UNSPECIFIED.);
#91=B_SPLINE_CURVE_WITH_KNOTS('',3,(#2798,#2799,#2800,#2801,#2802,#2803,
#2804,#2805,#2806,#2807),.UNSPECIFIED.,.F.,.F.,(4,2,2,2,4),(-0.598616351128464,
-0.397909079151954,-0.309880057100955,-0.20851067882623,0.),
 .UNSPECIFIED.);
#92=B_SPLINE_CURVE_WITH_KNOTS('',3,(#2809,#2810,#2811,#2812,#2813,#2814,
#2815,#2816,#2817,#2818,#2819,#2820,#2821),.UNSPECIFIED.,.F.,.F.,(4,3,3,
3,4),(-0.146515684624456,-0.109886763468342,-0.0732578423122278,-0.0366289211561139,
0.),.UNSPECIFIED.);
#93=B_SPLINE_CURVE_WITH_KNOTS('',3,(#2827,#2828,#2829,#2830,#2831,#2832,
#2833),.UNSPECIFIED.,.F.,.F.,(4,3,4),(-0.178293180985143,-0.0891465904925715,
0.),.UNSPECIFIED.);
#94=B_SPLINE_CURVE_WITH_KNOTS('',3,(#2837,#2838,#2839,#2840,#2841,#2842,
#2843,#2844,#2845,#2846,#2847,#2848,#2849),.UNSPECIFIED.,.F.,.F.,(4,3,3,
3,4),(-0.684968202780497,-0.513726152085373,-0.342484101390248,-0.171242050695124,
0.),.UNSPECIFIED.);
#95=B_SPLINE_CURVE_WITH_KNOTS('',3,(#2851,#2852,#2853,#2854,#2855,#2856,
#2857,#2858,#2859,#2860,#2861,#2862,#2863),.UNSPECIFIED.,.F.,.F.,(4,3,3,
3,4),(-0.273264452219716,-0.204948339164787,-0.136632226109858,-0.0683161130549289,
0.),.UNSPECIFIED.);
#96=B_SPLINE_CURVE_WITH_KNOTS('',3,(#2869,#2870,#2871,#2872,#2873,#2874,
#2875,#2876,#2877,#2878,#2879,#2880),.UNSPECIFIED.,.F.,.F.,(4,2,2,2,2,4),
(-0.574066139846503,-0.372045729077496,-0.237121468932946,-0.141333994371806,
-0.0807539711788264,0.),.UNSPECIFIED.);
#97=B_SPLINE_CURVE_WITH_KNOTS('',3,(#2882,#2883,#2884,#2885,#2886,#2887,
#2888),.UNSPECIFIED.,.F.,.F.,(4,3,4),(-0.48036222539273,-0.240181112696365,
0.),.UNSPECIFIED.);
#98=B_SPLINE_CURVE_WITH_KNOTS('',3,(#2890,#2891,#2892,#2893),
 .UNSPECIFIED.,.F.,.F.,(4,4),(-0.0933280908682731,0.),.UNSPECIFIED.);
#99=B_SPLINE_CURVE_WITH_KNOTS('',3,(#2897,#2898,#2899,#2900,#2901,#2902,
#2903),.UNSPECIFIED.,.F.,.F.,(4,3,4),(-0.178293180985318,-0.0891465904926588,
0.),.UNSPECIFIED.);
#100=B_SPLINE_CURVE_WITH_KNOTS('',3,(#2907,#2908,#2909,#2910,#2911,#2912,
#2913,#2914,#2915,#2916,#2917,#2918,#2919),.UNSPECIFIED.,.F.,.F.,(4,3,3,
3,4),(-0.684968202780252,-0.513726152085189,-0.342484101390126,-0.171242050695063,
0.),.UNSPECIFIED.);
#101=B_SPLINE_CURVE_WITH_KNOTS('',3,(#2921,#2922,#2923,#2924,#2925,#2926,
#2927,#2928,#2929,#2930,#2931,#2932,#2933,#2934),.UNSPECIFIED.,.F.,.F.,
(4,2,2,2,2,2,4),(-0.27326445222306,-0.187601576935062,-0.120512834013523,
-0.0854987677754062,-0.0618576616578759,-0.0380763170281552,0.),
 .UNSPECIFIED.);
#102=B_SPLINE_CURVE_WITH_KNOTS('',3,(#2939,#2940,#2941,#2942,#2943,#2944,
#2945),.UNSPECIFIED.,.F.,.F.,(4,3,4),(-0.356229494957573,-0.178114747478786,
0.),.UNSPECIFIED.);
#103=B_SPLINE_CURVE_WITH_KNOTS('',2,(#2961,#2962,#2963,#2964,#2965,#2966),
 .UNSPECIFIED.,.F.,.F.,(3,1,1,1,3),(0.,1.,2.,3.,4.),.UNSPECIFIED.);
#104=B_SPLINE_CURVE_WITH_KNOTS('',2,(#2982,#2983,#2984,#2985,#2986,#2987),
 .UNSPECIFIED.,.F.,.F.,(3,1,1,1,3),(0.,1.,2.,3.,4.),.UNSPECIFIED.);
#105=B_SPLINE_CURVE_WITH_KNOTS('',2,(#3002,#3003,#3004,#3005),
 .UNSPECIFIED.,.F.,.F.,(3,1,3),(0.,1.,2.),.UNSPECIFIED.);
#106=B_SPLINE_CURVE_WITH_KNOTS('',2,(#3028,#3029,#3030,#3031,#3032,#3033),
 .UNSPECIFIED.,.F.,.F.,(3,1,1,1,3),(0.,1.,2.,3.,4.),.UNSPECIFIED.);
#107=B_SPLINE_CURVE_WITH_KNOTS('',2,(#3048,#3049,#3050,#3051,#3052,#3053),
 .UNSPECIFIED.,.F.,.F.,(3,1,1,1,3),(0.,1.,2.,3.,4.),.UNSPECIFIED.);
#108=B_SPLINE_CURVE_WITH_KNOTS('',2,(#3068,#3069,#3070,#3071),
 .UNSPECIFIED.,.F.,.F.,(3,1,3),(0.,1.,2.),.UNSPECIFIED.);
#109=B_SPLINE_CURVE_WITH_KNOTS('',2,(#3086,#3087,#3088,#3089),
 .UNSPECIFIED.,.F.,.F.,(3,1,3),(0.,1.,2.),.UNSPECIFIED.);
#110=B_SPLINE_CURVE_WITH_KNOTS('',2,(#3104,#3105,#3106,#3107,#3108,#3109),
 .UNSPECIFIED.,.F.,.F.,(3,1,1,1,3),(0.,1.,2.,3.,4.),.UNSPECIFIED.);
#111=B_SPLINE_CURVE_WITH_KNOTS('',2,(#3120,#3121,#3122,#3123),
 .UNSPECIFIED.,.F.,.F.,(3,1,3),(0.,1.,2.),.UNSPECIFIED.);
#112=B_SPLINE_CURVE_WITH_KNOTS('',2,(#3146,#3147,#3148,#3149,#3150,#3151),
 .UNSPECIFIED.,.F.,.F.,(3,1,1,1,3),(0.,1.,2.,3.,4.),.UNSPECIFIED.);
#113=B_SPLINE_CURVE_WITH_KNOTS('',2,(#3166,#3167,#3168,#3169,#3170,#3171),
 .UNSPECIFIED.,.F.,.F.,(3,1,1,1,3),(0.,1.,2.,3.,4.),.UNSPECIFIED.);
#114=B_SPLINE_CURVE_WITH_KNOTS('',2,(#3186,#3187,#3188,#3189),
 .UNSPECIFIED.,.F.,.F.,(3,1,3),(0.,1.,2.),.UNSPECIFIED.);
#115=B_SPLINE_CURVE_WITH_KNOTS('',2,(#3202,#3203,#3204),.UNSPECIFIED.,.F.,
 .F.,(3,3),(0.,1.),.UNSPECIFIED.);
#116=B_SPLINE_CURVE_WITH_KNOTS('',2,(#3215,#3216,#3217,#3218),
 .UNSPECIFIED.,.F.,.F.,(3,1,3),(0.,1.,2.),.UNSPECIFIED.);
#117=B_SPLINE_CURVE_WITH_KNOTS('',2,(#3233,#3234,#3235,#3236,#3237,#3238),
 .UNSPECIFIED.,.F.,.F.,(3,1,1,1,3),(0.,1.,2.,3.,4.),.UNSPECIFIED.);
#118=B_SPLINE_CURVE_WITH_KNOTS('',3,(#3255,#3256,#3257,#3258,#3259,#3260,
#3261,#3262,#3263,#3264,#3265,#3266),.UNSPECIFIED.,.F.,.F.,(4,2,2,2,2,4),
(-0.169729650834406,-0.143950470071939,-0.12312422425919,-0.0984561258181474,
-0.0611654098271955,0.),.UNSPECIFIED.);
#119=B_SPLINE_CURVE_WITH_KNOTS('',2,(#3270,#3271,#3272,#3273),
 .UNSPECIFIED.,.F.,.F.,(3,1,3),(0.,1.,2.),.UNSPECIFIED.);
#120=B_SPLINE_CURVE_WITH_KNOTS('',3,(#3290,#3291,#3292,#3293,#3294,#3295,
#3296),.UNSPECIFIED.,.F.,.F.,(4,3,4),(-0.32570462102323,-0.162852310511615,
0.),.UNSPECIFIED.);
#121=B_SPLINE_CURVE_WITH_KNOTS('',2,(#3298,#3299,#3300,#3301),
 .UNSPECIFIED.,.F.,.F.,(3,1,3),(0.,1.,2.),.UNSPECIFIED.);
#122=B_SPLINE_CURVE_WITH_KNOTS('',3,(#3312,#3313,#3314,#3315,#3316,#3317,
#3318),.UNSPECIFIED.,.F.,.F.,(4,3,4),(-0.151429562731142,-0.0757147813655711,
0.),.UNSPECIFIED.);
#123=B_SPLINE_CURVE_WITH_KNOTS('',2,(#3320,#3321,#3322,#3323),
 .UNSPECIFIED.,.F.,.F.,(3,1,3),(0.,1.,2.),.UNSPECIFIED.);
#124=B_SPLINE_CURVE_WITH_KNOTS('',3,(#3340,#3341,#3342,#3343,#3344,#3345,
#3346),.UNSPECIFIED.,.F.,.F.,(4,3,4),(-0.563548765698356,-0.281774382849178,
0.),.UNSPECIFIED.);
#125=B_SPLINE_CURVE_WITH_KNOTS('',2,(#3348,#3349,#3350,#3351),
 .UNSPECIFIED.,.F.,.F.,(3,1,3),(0.,1.,2.),.UNSPECIFIED.);
#126=B_SPLINE_CURVE_WITH_KNOTS('',3,(#3370,#3371,#3372,#3373,#3374,#3375,
#3376,#3377,#3378,#3379,#3380,#3381,#3382,#3383,#3384,#3385,#3386,#3387,
#3388),.UNSPECIFIED.,.F.,.F.,(4,3,3,3,3,3,4),(-1.39418242009736,-1.16181868341447,
-0.929454946731575,-0.697091210048681,-0.464727473365788,-0.232363736682894,
0.),.UNSPECIFIED.);
#127=B_SPLINE_CURVE_WITH_KNOTS('',2,(#3390,#3391,#3392,#3393,#3394,#3395,
#3396,#3397),.UNSPECIFIED.,.F.,.F.,(3,1,1,1,1,1,3),(0.,1.,2.,3.,4.,5.,6.),
 .UNSPECIFIED.);
#128=B_SPLINE_CURVE_WITH_KNOTS('',3,(#3413,#3414,#3415,#3416,#3417,#3418,
#3419,#3420,#3421,#3422,#3423,#3424),.UNSPECIFIED.,.F.,.F.,(4,2,2,2,2,4),
(-1.79384402384515,-1.22362209516711,-0.714725914006756,-0.322894848040654,
-0.159558179225954,0.),.UNSPECIFIED.);
#129=B_SPLINE_CURVE_WITH_KNOTS('',2,(#3428,#3429,#3430,#3431,#3432,#3433),
 .UNSPECIFIED.,.F.,.F.,(3,1,1,1,3),(0.,1.,2.,3.,4.),.UNSPECIFIED.);
#130=B_SPLINE_CURVE_WITH_KNOTS('',3,(#3448,#3449,#3450,#3451,#3452,#3453,
#3454,#3455,#3456,#3457,#3458,#3459),.UNSPECIFIED.,.F.,.F.,(4,2,2,2,2,4),
(-0.6575096557082,-0.611505623261334,-0.555646608365076,-0.426861207940139,
-0.203720162511702,0.),.UNSPECIFIED.);
#131=B_SPLINE_CURVE_WITH_KNOTS('',2,(#3462,#3463,#3464,#3465,#3466,#3467),
 .UNSPECIFIED.,.F.,.F.,(3,1,1,1,3),(0.,1.,2.,3.,4.),.UNSPECIFIED.);
#132=B_SPLINE_CURVE_WITH_KNOTS('',3,(#3481,#3482,#3483,#3484,#3485,#3486,
#3487,#3488,#3489,#3490,#3491,#3492),.UNSPECIFIED.,.F.,.F.,(4,2,2,2,2,4),
(-0.641165403335252,-0.553503840891748,-0.471035787549508,-0.36625258052748,
-0.24222995244662,0.),.UNSPECIFIED.);
#133=B_SPLINE_CURVE_WITH_KNOTS('',2,(#3494,#3495,#3496,#3497,#3498,#3499),
 .UNSPECIFIED.,.F.,.F.,(3,1,1,1,3),(0.,1.,2.,3.,4.),.UNSPECIFIED.);
#134=B_SPLINE_CURVE_WITH_KNOTS('',3,(#3510,#3511,#3512,#3513,#3514,#3515,
#3516),.UNSPECIFIED.,.F.,.F.,(4,3,4),(-0.472991615541223,-0.236495807770611,
0.),.UNSPECIFIED.);
#135=B_SPLINE_CURVE_WITH_KNOTS('',2,(#3518,#3519,#3520,#3521),
 .UNSPECIFIED.,.F.,.F.,(3,1,3),(0.,1.,2.),.UNSPECIFIED.);
#136=B_SPLINE_CURVE_WITH_KNOTS('',3,(#3536,#3537,#3538,#3539,#3540,#3541,
#3542,#3543,#3544,#3545,#3546,#3547,#3548),.UNSPECIFIED.,.F.,.F.,(4,3,3,
3,4),(-0.221283240531703,-0.165962430398777,-0.110641620265851,-0.0553208101329257,
0.),.UNSPECIFIED.);
#137=B_SPLINE_CURVE_WITH_KNOTS('',2,(#3550,#3551,#3552,#3553,#3554,#3555),
 .UNSPECIFIED.,.F.,.F.,(3,1,1,1,3),(0.,1.,2.,3.,4.),.UNSPECIFIED.);
#138=B_SPLINE_CURVE_WITH_KNOTS('',3,(#3576,#3577,#3578,#3579,#3580,#3581,
#3582,#3583,#3584,#3585,#3586,#3587,#3588),.UNSPECIFIED.,.F.,.F.,(4,3,3,
3,4),(-0.905891719902775,-0.679418789927081,-0.452945859951387,-0.226472929975694,
0.),.UNSPECIFIED.);
#139=B_SPLINE_CURVE_WITH_KNOTS('',2,(#3590,#3591,#3592,#3593,#3594,#3595),
 .UNSPECIFIED.,.F.,.F.,(3,1,1,1,3),(0.,1.,2.,3.,4.),.UNSPECIFIED.);
#140=B_SPLINE_CURVE_WITH_KNOTS('',3,(#3610,#3611,#3612,#3613,#3614,#3615,
#3616,#3617,#3618,#3619,#3620,#3621,#3622),.UNSPECIFIED.,.F.,.F.,(4,3,3,
3,4),(-0.347349732135759,-0.260512299101819,-0.173674866067879,-0.0868374330339396,
0.),.UNSPECIFIED.);
#141=B_SPLINE_CURVE_WITH_KNOTS('',2,(#3624,#3625,#3626,#3627,#3628,#3629),
 .UNSPECIFIED.,.F.,.F.,(3,1,1,1,3),(0.,1.,2.,3.,4.),.UNSPECIFIED.);
#142=B_SPLINE_CURVE_WITH_KNOTS('',3,(#3643,#3644,#3645,#3646,#3647,#3648,
#3649),.UNSPECIFIED.,.F.,.F.,(4,3,4),(-0.72522723939572,-0.36261361969786,
0.),.UNSPECIFIED.);
#143=B_SPLINE_CURVE_WITH_KNOTS('',2,(#3651,#3652,#3653,#3654),
 .UNSPECIFIED.,.F.,.F.,(3,1,3),(0.,1.,2.),.UNSPECIFIED.);
#144=B_SPLINE_CURVE_WITH_KNOTS('',3,(#3668,#3669,#3670,#3671,#3672,#3673,
#3674,#3675,#3676,#3677,#3678,#3679,#3680),.UNSPECIFIED.,.F.,.F.,(4,3,3,
3,4),(-0.253685512911864,-0.190264134683898,-0.126842756455932,-0.063421378227966,
0.),.UNSPECIFIED.);
#145=B_SPLINE_CURVE_WITH_KNOTS('',2,(#3681,#3682,#3683,#3684,#3685,#3686),
 .UNSPECIFIED.,.F.,.F.,(3,1,1,1,3),(0.,1.,2.,3.,4.),.UNSPECIFIED.);
#146=B_SPLINE_CURVE_WITH_KNOTS('',3,(#3691,#3692,#3693,#3694,#3695,#3696,
#3697,#3698,#3699,#3700,#3701,#3702,#3703),.UNSPECIFIED.,.F.,.F.,(4,3,3,
3,4),(-0.641165403335218,-0.480874052501414,-0.320582701667609,-0.160291350833805,
0.),.UNSPECIFIED.);
#147=B_SPLINE_CURVE_WITH_KNOTS('',3,(#3705,#3706,#3707,#3708,#3709,#3710,
#3711,#3712),.UNSPECIFIED.,.F.,.F.,(4,2,2,4),(-0.47299161554122,-0.40182958121206,
-0.306697060040625,0.),.UNSPECIFIED.);
#148=B_SPLINE_CURVE_WITH_KNOTS('',3,(#3714,#3715,#3716,#3717,#3718,#3719,
#3720,#3721,#3722,#3723,#3724,#3725,#3726),.UNSPECIFIED.,.F.,.F.,(4,3,3,
3,4),(-0.22128324053267,-0.165962430399503,-0.110641620266335,-0.0553208101331675,
0.),.UNSPECIFIED.);
#149=B_SPLINE_CURVE_WITH_KNOTS('',3,(#3730,#3731,#3732,#3733,#3734,#3735,
#3736,#3737,#3738,#3739,#3740,#3741,#3742),.UNSPECIFIED.,.F.,.F.,(4,3,3,
3,4),(-0.905891719903555,-0.679418789927666,-0.452945859951778,-0.226472929975889,
0.),.UNSPECIFIED.);
#150=B_SPLINE_CURVE_WITH_KNOTS('',3,(#3744,#3745,#3746,#3747,#3748,#3749,
#3750,#3751,#3752,#3753,#3754,#3755,#3756),.UNSPECIFIED.,.F.,.F.,(4,3,3,
3,4),(-0.347349732135995,-0.260512299101996,-0.173674866067998,-0.0868374330339988,
0.),.UNSPECIFIED.);
#151=B_SPLINE_CURVE_WITH_KNOTS('',3,(#3760,#3761,#3762,#3763,#3764,#3765,
#3766),.UNSPECIFIED.,.F.,.F.,(4,3,4),(-0.169729650834441,-0.0848648254172203,
0.),.UNSPECIFIED.);
#152=B_SPLINE_CURVE_WITH_KNOTS('',3,(#3770,#3771,#3772,#3773,#3774,#3775,
#3776),.UNSPECIFIED.,.F.,.F.,(4,3,4),(-0.325704621022929,-0.162852310511465,
0.),.UNSPECIFIED.);
#153=B_SPLINE_CURVE_WITH_KNOTS('',3,(#3778,#3779,#3780,#3781,#3782,#3783,
#3784),.UNSPECIFIED.,.F.,.F.,(4,3,4),(-0.151429562731164,-0.075714781365582,
0.),.UNSPECIFIED.);
#154=B_SPLINE_CURVE_WITH_KNOTS('',3,(#3788,#3789,#3790,#3791,#3792,#3793,
#3794),.UNSPECIFIED.,.F.,.F.,(4,3,4),(-0.563548765698371,-0.281774382849185,
0.),.UNSPECIFIED.);
#155=B_SPLINE_CURVE_WITH_KNOTS('',3,(#3795,#3796,#3797,#3798,#3799,#3800,
#3801,#3802,#3803,#3804,#3805,#3806,#3807,#3808,#3809,#3810,#3811,#3812,
#3813),.UNSPECIFIED.,.F.,.F.,(4,3,3,3,3,3,4),(-1.39418242009891,-1.16181868341576,
-0.929454946732604,-0.697091210049453,-0.464727473366302,-0.232363736683151,
0.),.UNSPECIFIED.);
#156=B_SPLINE_CURVE_WITH_KNOTS('',3,(#3816,#3817,#3818,#3819,#3820,#3821,
#3822),.UNSPECIFIED.,.F.,.F.,(4,3,4),(-0.72522723939587,-0.362613619697935,
0.),.UNSPECIFIED.);
#157=B_SPLINE_CURVE_WITH_KNOTS('',3,(#3824,#3825,#3826,#3827,#3828,#3829,
#3830,#3831,#3832,#3833,#3834,#3835,#3836),.UNSPECIFIED.,.F.,.F.,(4,3,3,
3,4),(-0.253685512911837,-0.190264134683878,-0.126842756455919,-0.0634213782279593,
0.),.UNSPECIFIED.);
#158=B_SPLINE_CURVE_WITH_KNOTS('',3,(#3838,#3839,#3840,#3841,#3842,#3843,
#3844,#3845,#3846,#3847,#3848,#3849,#3850),.UNSPECIFIED.,.F.,.F.,(4,3,3,
3,4),(-0.657509655707311,-0.493132241780484,-0.328754827853656,-0.164377413926828,
0.),.UNSPECIFIED.);
#159=B_SPLINE_CURVE_WITH_KNOTS('',3,(#3851,#3852,#3853,#3854,#3855,#3856,
#3857,#3858,#3859,#3860,#3861,#3862,#3863),.UNSPECIFIED.,.F.,.F.,(4,3,3,
3,4),(-1.79384402384582,-1.34538301788437,-0.89692201192291,-0.448461005961455,
0.),.UNSPECIFIED.);
#160=B_SPLINE_CURVE_WITH_KNOTS('',2,(#3879,#3880,#3881,#3882,#3883,#3884),
 .UNSPECIFIED.,.F.,.F.,(3,1,1,1,3),(0.,1.,2.,3.,4.),.UNSPECIFIED.);
#161=B_SPLINE_CURVE_WITH_KNOTS('',2,(#3896,#3897,#3898,#3899),
 .UNSPECIFIED.,.F.,.F.,(3,1,3),(0.,1.,2.),.UNSPECIFIED.);
#162=B_SPLINE_CURVE_WITH_KNOTS('',2,(#3920,#3921,#3922,#3923,#3924,#3925),
 .UNSPECIFIED.,.F.,.F.,(3,1,1,1,3),(0.,1.,2.,3.,4.),.UNSPECIFIED.);
#163=B_SPLINE_CURVE_WITH_KNOTS('',2,(#3940,#3941,#3942,#3943,#3944,#3945),
 .UNSPECIFIED.,.F.,.F.,(3,1,1,1,3),(0.,1.,2.,3.,4.),.UNSPECIFIED.);
#164=B_SPLINE_CURVE_WITH_KNOTS('',2,(#3964,#3965,#3966,#3967,#3968,#3969),
 .UNSPECIFIED.,.F.,.F.,(3,1,1,1,3),(0.,1.,2.,3.,4.),.UNSPECIFIED.);
#165=B_SPLINE_CURVE_WITH_KNOTS('',2,(#3980,#3981,#3982,#3983),
 .UNSPECIFIED.,.F.,.F.,(3,1,3),(0.,1.,2.),.UNSPECIFIED.);
#166=B_SPLINE_CURVE_WITH_KNOTS('',2,(#3998,#3999,#4000,#4001,#4002,#4003),
 .UNSPECIFIED.,.F.,.F.,(3,1,1,1,3),(0.,1.,2.,3.,4.),.UNSPECIFIED.);
#167=B_SPLINE_CURVE_WITH_KNOTS('',2,(#4017,#4018,#4019,#4020,#4021,#4022),
 .UNSPECIFIED.,.F.,.F.,(3,1,1,1,3),(0.,1.,2.,3.,4.),.UNSPECIFIED.);
#168=B_SPLINE_CURVE_WITH_KNOTS('',2,(#4036,#4037,#4038,#4039,#4040,#4041),
 .UNSPECIFIED.,.F.,.F.,(3,1,1,1,3),(0.,1.,2.,3.,4.),.UNSPECIFIED.);
#169=B_SPLINE_CURVE_WITH_KNOTS('',2,(#4060,#4061,#4062,#4063,#4064,#4065,
#4066,#4067),.UNSPECIFIED.,.F.,.F.,(3,1,1,1,1,1,3),(0.,1.,2.,3.,4.,5.,6.),
 .UNSPECIFIED.);
#170=B_SPLINE_CURVE_WITH_KNOTS('',2,(#4078,#4079,#4080,#4081),
 .UNSPECIFIED.,.F.,.F.,(3,1,3),(0.,1.,2.),.UNSPECIFIED.);
#171=B_SPLINE_CURVE_WITH_KNOTS('',2,(#4096,#4097,#4098,#4099),
 .UNSPECIFIED.,.F.,.F.,(3,1,3),(0.,1.,2.),.UNSPECIFIED.);
#172=B_SPLINE_CURVE_WITH_KNOTS('',2,(#4110,#4111,#4112,#4113),
 .UNSPECIFIED.,.F.,.F.,(3,1,3),(0.,1.,2.),.UNSPECIFIED.);
#173=B_SPLINE_CURVE_WITH_KNOTS('',2,(#4126,#4127,#4128,#4129),
 .UNSPECIFIED.,.F.,.F.,(3,1,3),(0.,1.,2.),.UNSPECIFIED.);
#174=B_SPLINE_CURVE_WITH_KNOTS('',3,(#4144,#4145,#4146,#4147,#4148,#4149,
#4150,#4151,#4152,#4153,#4154,#4155,#4156),.UNSPECIFIED.,.F.,.F.,(4,3,3,
3,4),(-0.90589171990052,-0.67941878992539,-0.45294585995026,-0.22647292997513,
0.),.UNSPECIFIED.);
#175=B_SPLINE_CURVE_WITH_KNOTS('',2,(#4160,#4161,#4162,#4163,#4164,#4165),
 .UNSPECIFIED.,.F.,.F.,(3,1,1,1,3),(0.,1.,2.,3.,4.),.UNSPECIFIED.);
#176=B_SPLINE_CURVE_WITH_KNOTS('',3,(#4180,#4181,#4182,#4183,#4184,#4185,
#4186,#4187,#4188,#4189,#4190,#4191,#4192),.UNSPECIFIED.,.F.,.F.,(4,3,3,
3,4),(-0.186406066046013,-0.13980454953451,-0.0932030330230067,-0.0466015165115033,
0.),.UNSPECIFIED.);
#177=B_SPLINE_CURVE_WITH_KNOTS('',2,(#4194,#4195,#4196,#4197,#4198,#4199),
 .UNSPECIFIED.,.F.,.F.,(3,1,1,1,3),(0.,1.,2.,3.,4.),.UNSPECIFIED.);
#178=B_SPLINE_CURVE_WITH_KNOTS('',3,(#4226,#4227,#4228,#4229,#4230,#4231,
#4232,#4233,#4234,#4235,#4236,#4237,#4238),.UNSPECIFIED.,.F.,.F.,(4,3,3,
3,4),(-0.384424813728125,-0.288318610296094,-0.192212406864062,-0.0961062034320312,
0.),.UNSPECIFIED.);
#179=B_SPLINE_CURVE_WITH_KNOTS('',2,(#4240,#4241,#4242,#4243,#4244,#4245),
 .UNSPECIFIED.,.F.,.F.,(3,1,1,1,3),(0.,1.,2.,3.,4.),.UNSPECIFIED.);
#180=B_SPLINE_CURVE_WITH_KNOTS('',3,(#4254,#4255,#4256,#4257),
 .UNSPECIFIED.,.F.,.F.,(4,4),(-0.180479995500321,0.),.UNSPECIFIED.);
#181=B_SPLINE_CURVE_WITH_KNOTS('',2,(#4259,#4260,#4261),.UNSPECIFIED.,.F.,
 .F.,(3,3),(0.,1.),.UNSPECIFIED.);
#182=B_SPLINE_CURVE_WITH_KNOTS('',3,(#4272,#4273,#4274,#4275,#4276,#4277,
#4278),.UNSPECIFIED.,.F.,.F.,(4,3,4),(-0.478274995215309,-0.239137497607654,
0.),.UNSPECIFIED.);
#183=B_SPLINE_CURVE_WITH_KNOTS('',2,(#4280,#4281,#4282,#4283),
 .UNSPECIFIED.,.F.,.F.,(3,1,3),(0.,1.,2.),.UNSPECIFIED.);
#184=B_SPLINE_CURVE_WITH_KNOTS('',3,(#4294,#4295,#4296,#4297,#4298,#4299,
#4300),.UNSPECIFIED.,.F.,.F.,(4,3,4),(-0.223962785055627,-0.111981392527814,
0.),.UNSPECIFIED.);
#185=B_SPLINE_CURVE_WITH_KNOTS('',2,(#4302,#4303,#4304,#4305),
 .UNSPECIFIED.,.F.,.F.,(3,1,3),(0.,1.,2.),.UNSPECIFIED.);
#186=B_SPLINE_CURVE_WITH_KNOTS('',3,(#4314,#4315,#4316,#4317),
 .UNSPECIFIED.,.F.,.F.,(4,4),(-0.267737647643113,0.),.UNSPECIFIED.);
#187=B_SPLINE_CURVE_WITH_KNOTS('',2,(#4319,#4320,#4321),.UNSPECIFIED.,.F.,
 .F.,(3,3),(0.,1.),.UNSPECIFIED.);
#188=B_SPLINE_CURVE_WITH_KNOTS('',3,(#4332,#4333,#4334,#4335,#4336,#4337,
#4338),.UNSPECIFIED.,.F.,.F.,(4,3,4),(-1.8256188134258,-0.9128094067129,
0.),.UNSPECIFIED.);
#189=B_SPLINE_CURVE_WITH_KNOTS('',2,(#4340,#4341,#4342,#4343),
 .UNSPECIFIED.,.F.,.F.,(3,1,3),(0.,1.,2.),.UNSPECIFIED.);
#190=B_SPLINE_CURVE_WITH_KNOTS('',3,(#4360,#4361,#4362,#4363,#4364,#4365,
#4366),.UNSPECIFIED.,.F.,.F.,(4,3,4),(-0.142152732708274,-0.071076366354137,
0.),.UNSPECIFIED.);
#191=B_SPLINE_CURVE_WITH_KNOTS('',2,(#4368,#4369,#4370,#4371),
 .UNSPECIFIED.,.F.,.F.,(3,1,3),(0.,1.,2.),.UNSPECIFIED.);
#192=B_SPLINE_CURVE_WITH_KNOTS('',3,(#4392,#4393,#4394,#4395,#4396,#4397,
#4398,#4399,#4400,#4401),.UNSPECIFIED.,.F.,.F.,(4,2,2,2,4),(-0.598616351128158,
-0.397909079151783,-0.309880057100869,-0.208510678826224,0.),
 .UNSPECIFIED.);
#193=B_SPLINE_CURVE_WITH_KNOTS('',2,(#4403,#4404,#4405,#4406,#4407,#4408),
 .UNSPECIFIED.,.F.,.F.,(3,1,1,1,3),(0.,1.,2.,3.,4.),.UNSPECIFIED.);
#194=B_SPLINE_CURVE_WITH_KNOTS('',3,(#4423,#4424,#4425,#4426,#4427,#4428,
#4429,#4430,#4431,#4432,#4433,#4434,#4435),.UNSPECIFIED.,.F.,.F.,(4,3,3,
3,4),(-0.146515684624371,-0.109886763468278,-0.0732578423121855,-0.0366289211560928,
0.),.UNSPECIFIED.);
#195=B_SPLINE_CURVE_WITH_KNOTS('',2,(#4437,#4438,#4439,#4440,#4441,#4442),
 .UNSPECIFIED.,.F.,.F.,(3,1,1,1,3),(0.,1.,2.,3.,4.),.UNSPECIFIED.);
#196=B_SPLINE_CURVE_WITH_KNOTS('',3,(#4475,#4476,#4477,#4478,#4479,#4480,
#4481,#4482,#4483,#4484),.UNSPECIFIED.,.F.,.F.,(4,2,2,2,4),(-1.24030818186341,
-0.592829299928927,-0.370807553933085,-0.208510678826229,0.),
 .UNSPECIFIED.);
#197=B_SPLINE_CURVE_WITH_KNOTS('',2,(#4486,#4487,#4488,#4489,#4490,#4491),
 .UNSPECIFIED.,.F.,.F.,(3,1,1,1,3),(0.,1.,2.,3.,4.),.UNSPECIFIED.);
#198=B_SPLINE_CURVE_WITH_KNOTS('',3,(#4506,#4507,#4508,#4509,#4510,#4511,
#4512,#4513,#4514,#4515,#4516,#4517,#4518,#4519),.UNSPECIFIED.,.F.,.F.,
(4,2,2,2,2,2,4),(-0.165474621726352,-0.134191029814918,-0.110299949685242,
-0.0924061493344847,-0.065238495485153,-0.0390835671796215,0.),
 .UNSPECIFIED.);
#199=B_SPLINE_CURVE_WITH_KNOTS('',2,(#4521,#4522,#4523,#4524,#4525,#4526),
 .UNSPECIFIED.,.F.,.F.,(3,1,1,1,3),(0.,1.,2.,3.,4.),.UNSPECIFIED.);
#200=FACE_BOUND('',#343,.T.);
#201=FACE_BOUND('',#395,.T.);
#202=FACE_BOUND('',#397,.T.);
#203=FACE_BOUND('',#439,.T.);
#204=FACE_BOUND('',#440,.T.);
#205=FACE_BOUND('',#441,.T.);
#206=FACE_BOUND('',#442,.T.);
#207=FACE_BOUND('',#443,.T.);
#208=FACE_BOUND('',#444,.T.);
#209=FACE_BOUND('',#445,.T.);
#210=FACE_BOUND('',#450,.T.);
#211=FACE_BOUND('',#451,.T.);
#212=STYLED_ITEM('',(#4604),#2059);
#213=STYLED_ITEM('',(#4604),#2060);
#214=STYLED_ITEM('',(#4604),#2065);
#215=STYLED_ITEM('',(#4604),#2110);
#216=STYLED_ITEM('',(#4604),#2111);
#217=STYLED_ITEM('',(#4604),#2151);
#218=STYLED_ITEM('',(#4603),#13);
#219=FACE_OUTER_BOUND('',#334,.T.);
#220=FACE_OUTER_BOUND('',#335,.T.);
#221=FACE_OUTER_BOUND('',#336,.T.);
#222=FACE_OUTER_BOUND('',#337,.T.);
#223=FACE_OUTER_BOUND('',#338,.T.);
#224=FACE_OUTER_BOUND('',#339,.T.);
#225=FACE_OUTER_BOUND('',#340,.T.);
#226=FACE_OUTER_BOUND('',#341,.T.);
#227=FACE_OUTER_BOUND('',#342,.T.);
#228=FACE_OUTER_BOUND('',#344,.T.);
#229=FACE_OUTER_BOUND('',#345,.T.);
#230=FACE_OUTER_BOUND('',#346,.T.);
#231=FACE_OUTER_BOUND('',#347,.T.);
#232=FACE_OUTER_BOUND('',#348,.T.);
#233=FACE_OUTER_BOUND('',#349,.T.);
#234=FACE_OUTER_BOUND('',#350,.T.);
#235=FACE_OUTER_BOUND('',#351,.T.);
#236=FACE_OUTER_BOUND('',#352,.T.);
#237=FACE_OUTER_BOUND('',#353,.T.);
#238=FACE_OUTER_BOUND('',#354,.T.);
#239=FACE_OUTER_BOUND('',#355,.T.);
#240=FACE_OUTER_BOUND('',#356,.T.);
#241=FACE_OUTER_BOUND('',#357,.T.);
#242=FACE_OUTER_BOUND('',#358,.T.);
#243=FACE_OUTER_BOUND('',#359,.T.);
#244=FACE_OUTER_BOUND('',#360,.T.);
#245=FACE_OUTER_BOUND('',#361,.T.);
#246=FACE_OUTER_BOUND('',#362,.T.);
#247=FACE_OUTER_BOUND('',#363,.T.);
#248=FACE_OUTER_BOUND('',#364,.T.);
#249=FACE_OUTER_BOUND('',#365,.T.);
#250=FACE_OUTER_BOUND('',#366,.T.);
#251=FACE_OUTER_BOUND('',#367,.T.);
#252=FACE_OUTER_BOUND('',#368,.T.);
#253=FACE_OUTER_BOUND('',#369,.T.);
#254=FACE_OUTER_BOUND('',#370,.T.);
#255=FACE_OUTER_BOUND('',#371,.T.);
#256=FACE_OUTER_BOUND('',#372,.T.);
#257=FACE_OUTER_BOUND('',#373,.T.);
#258=FACE_OUTER_BOUND('',#374,.T.);
#259=FACE_OUTER_BOUND('',#375,.T.);
#260=FACE_OUTER_BOUND('',#376,.T.);
#261=FACE_OUTER_BOUND('',#377,.T.);
#262=FACE_OUTER_BOUND('',#378,.T.);
#263=FACE_OUTER_BOUND('',#379,.T.);
#264=FACE_OUTER_BOUND('',#380,.T.);
#265=FACE_OUTER_BOUND('',#381,.T.);
#266=FACE_OUTER_BOUND('',#382,.T.);
#267=FACE_OUTER_BOUND('',#383,.T.);
#268=FACE_OUTER_BOUND('',#384,.T.);
#269=FACE_OUTER_BOUND('',#385,.T.);
#270=FACE_OUTER_BOUND('',#386,.T.);
#271=FACE_OUTER_BOUND('',#387,.T.);
#272=FACE_OUTER_BOUND('',#388,.T.);
#273=FACE_OUTER_BOUND('',#389,.T.);
#274=FACE_OUTER_BOUND('',#390,.T.);
#275=FACE_OUTER_BOUND('',#391,.T.);
#276=FACE_OUTER_BOUND('',#392,.T.);
#277=FACE_OUTER_BOUND('',#393,.T.);
#278=FACE_OUTER_BOUND('',#394,.T.);
#279=FACE_OUTER_BOUND('',#396,.T.);
#280=FACE_OUTER_BOUND('',#398,.T.);
#281=FACE_OUTER_BOUND('',#399,.T.);
#282=FACE_OUTER_BOUND('',#400,.T.);
#283=FACE_OUTER_BOUND('',#401,.T.);
#284=FACE_OUTER_BOUND('',#402,.T.);
#285=FACE_OUTER_BOUND('',#403,.T.);
#286=FACE_OUTER_BOUND('',#404,.T.);
#287=FACE_OUTER_BOUND('',#405,.T.);
#288=FACE_OUTER_BOUND('',#406,.T.);
#289=FACE_OUTER_BOUND('',#407,.T.);
#290=FACE_OUTER_BOUND('',#408,.T.);
#291=FACE_OUTER_BOUND('',#409,.T.);
#292=FACE_OUTER_BOUND('',#410,.T.);
#293=FACE_OUTER_BOUND('',#411,.T.);
#294=FACE_OUTER_BOUND('',#412,.T.);
#295=FACE_OUTER_BOUND('',#413,.T.);
#296=FACE_OUTER_BOUND('',#414,.T.);
#297=FACE_OUTER_BOUND('',#415,.T.);
#298=FACE_OUTER_BOUND('',#416,.T.);
#299=FACE_OUTER_BOUND('',#417,.T.);
#300=FACE_OUTER_BOUND('',#418,.T.);
#301=FACE_OUTER_BOUND('',#419,.T.);
#302=FACE_OUTER_BOUND('',#420,.T.);
#303=FACE_OUTER_BOUND('',#421,.T.);
#304=FACE_OUTER_BOUND('',#422,.T.);
#305=FACE_OUTER_BOUND('',#423,.T.);
#306=FACE_OUTER_BOUND('',#424,.T.);
#307=FACE_OUTER_BOUND('',#425,.T.);
#308=FACE_OUTER_BOUND('',#426,.T.);
#309=FACE_OUTER_BOUND('',#427,.T.);
#310=FACE_OUTER_BOUND('',#428,.T.);
#311=FACE_OUTER_BOUND('',#429,.T.);
#312=FACE_OUTER_BOUND('',#430,.T.);
#313=FACE_OUTER_BOUND('',#431,.T.);
#314=FACE_OUTER_BOUND('',#432,.T.);
#315=FACE_OUTER_BOUND('',#433,.T.);
#316=FACE_OUTER_BOUND('',#434,.T.);
#317=FACE_OUTER_BOUND('',#435,.T.);
#318=FACE_OUTER_BOUND('',#436,.T.);
#319=FACE_OUTER_BOUND('',#437,.T.);
#320=FACE_OUTER_BOUND('',#438,.T.);
#321=FACE_OUTER_BOUND('',#446,.T.);
#322=FACE_OUTER_BOUND('',#447,.T.);
#323=FACE_OUTER_BOUND('',#448,.T.);
#324=FACE_OUTER_BOUND('',#449,.T.);
#325=FACE_OUTER_BOUND('',#452,.T.);
#326=FACE_OUTER_BOUND('',#453,.T.);
#327=FACE_OUTER_BOUND('',#454,.T.);
#328=FACE_OUTER_BOUND('',#455,.T.);
#329=FACE_OUTER_BOUND('',#456,.T.);
#330=FACE_OUTER_BOUND('',#457,.T.);
#331=FACE_OUTER_BOUND('',#458,.T.);
#332=FACE_OUTER_BOUND('',#459,.T.);
#333=FACE_OUTER_BOUND('',#460,.T.);
#334=EDGE_LOOP('',(#1368,#1369,#1370,#1371));
#335=EDGE_LOOP('',(#1372,#1373,#1374,#1375));
#336=EDGE_LOOP('',(#1376,#1377,#1378,#1379));
#337=EDGE_LOOP('',(#1380,#1381,#1382,#1383));
#338=EDGE_LOOP('',(#1384,#1385,#1386,#1387));
#339=EDGE_LOOP('',(#1388,#1389,#1390,#1391));
#340=EDGE_LOOP('',(#1392,#1393,#1394,#1395));
#341=EDGE_LOOP('',(#1396,#1397,#1398,#1399));
#342=EDGE_LOOP('',(#1400,#1401,#1402,#1403,#1404,#1405,#1406,#1407));
#343=EDGE_LOOP('',(#1408,#1409,#1410,#1411,#1412,#1413,#1414,#1415));
#344=EDGE_LOOP('',(#1416,#1417,#1418,#1419));
#345=EDGE_LOOP('',(#1420,#1421,#1422,#1423));
#346=EDGE_LOOP('',(#1424,#1425,#1426,#1427));
#347=EDGE_LOOP('',(#1428,#1429,#1430,#1431));
#348=EDGE_LOOP('',(#1432,#1433,#1434,#1435));
#349=EDGE_LOOP('',(#1436,#1437,#1438,#1439,#1440,#1441,#1442,#1443,#1444,
#1445,#1446,#1447,#1448,#1449,#1450,#1451,#1452,#1453,#1454,#1455,#1456,
#1457,#1458,#1459,#1460,#1461));
#350=EDGE_LOOP('',(#1462,#1463,#1464,#1465));
#351=EDGE_LOOP('',(#1466,#1467,#1468,#1469));
#352=EDGE_LOOP('',(#1470,#1471,#1472,#1473));
#353=EDGE_LOOP('',(#1474,#1475,#1476,#1477));
#354=EDGE_LOOP('',(#1478,#1479,#1480,#1481));
#355=EDGE_LOOP('',(#1482,#1483,#1484,#1485));
#356=EDGE_LOOP('',(#1486,#1487,#1488,#1489));
#357=EDGE_LOOP('',(#1490,#1491,#1492,#1493));
#358=EDGE_LOOP('',(#1494,#1495,#1496,#1497));
#359=EDGE_LOOP('',(#1498,#1499,#1500,#1501));
#360=EDGE_LOOP('',(#1502,#1503,#1504,#1505));
#361=EDGE_LOOP('',(#1506,#1507,#1508,#1509));
#362=EDGE_LOOP('',(#1510,#1511,#1512,#1513));
#363=EDGE_LOOP('',(#1514,#1515,#1516,#1517));
#364=EDGE_LOOP('',(#1518,#1519,#1520,#1521));
#365=EDGE_LOOP('',(#1522,#1523,#1524,#1525));
#366=EDGE_LOOP('',(#1526,#1527,#1528,#1529));
#367=EDGE_LOOP('',(#1530,#1531,#1532,#1533));
#368=EDGE_LOOP('',(#1534,#1535,#1536,#1537));
#369=EDGE_LOOP('',(#1538,#1539,#1540,#1541));
#370=EDGE_LOOP('',(#1542,#1543,#1544,#1545));
#371=EDGE_LOOP('',(#1546,#1547,#1548,#1549));
#372=EDGE_LOOP('',(#1550,#1551,#1552,#1553));
#373=EDGE_LOOP('',(#1554,#1555,#1556,#1557));
#374=EDGE_LOOP('',(#1558,#1559,#1560,#1561));
#375=EDGE_LOOP('',(#1562,#1563,#1564,#1565));
#376=EDGE_LOOP('',(#1566,#1567,#1568,#1569));
#377=EDGE_LOOP('',(#1570,#1571,#1572,#1573));
#378=EDGE_LOOP('',(#1574,#1575,#1576,#1577));
#379=EDGE_LOOP('',(#1578,#1579,#1580,#1581));
#380=EDGE_LOOP('',(#1582,#1583,#1584,#1585));
#381=EDGE_LOOP('',(#1586,#1587,#1588,#1589));
#382=EDGE_LOOP('',(#1590,#1591,#1592,#1593));
#383=EDGE_LOOP('',(#1594,#1595,#1596,#1597));
#384=EDGE_LOOP('',(#1598,#1599,#1600,#1601));
#385=EDGE_LOOP('',(#1602,#1603,#1604,#1605));
#386=EDGE_LOOP('',(#1606,#1607,#1608,#1609));
#387=EDGE_LOOP('',(#1610,#1611,#1612,#1613));
#388=EDGE_LOOP('',(#1614,#1615,#1616,#1617));
#389=EDGE_LOOP('',(#1618,#1619,#1620,#1621));
#390=EDGE_LOOP('',(#1622,#1623,#1624,#1625));
#391=EDGE_LOOP('',(#1626,#1627,#1628,#1629));
#392=EDGE_LOOP('',(#1630,#1631,#1632,#1633));
#393=EDGE_LOOP('',(#1634,#1635,#1636,#1637));
#394=EDGE_LOOP('',(#1638,#1639,#1640,#1641,#1642,#1643,#1644,#1645,#1646,
#1647,#1648,#1649,#1650,#1651));
#395=EDGE_LOOP('',(#1652,#1653,#1654,#1655));
#396=EDGE_LOOP('',(#1656,#1657,#1658,#1659,#1660,#1661,#1662,#1663,#1664,
#1665,#1666,#1667,#1668,#1669));
#397=EDGE_LOOP('',(#1670,#1671,#1672,#1673));
#398=EDGE_LOOP('',(#1674,#1675,#1676,#1677));
#399=EDGE_LOOP('',(#1678,#1679,#1680,#1681));
#400=EDGE_LOOP('',(#1682,#1683,#1684,#1685));
#401=EDGE_LOOP('',(#1686,#1687,#1688,#1689));
#402=EDGE_LOOP('',(#1690,#1691,#1692,#1693));
#403=EDGE_LOOP('',(#1694,#1695,#1696,#1697));
#404=EDGE_LOOP('',(#1698,#1699,#1700,#1701));
#405=EDGE_LOOP('',(#1702,#1703,#1704,#1705));
#406=EDGE_LOOP('',(#1706,#1707,#1708,#1709));
#407=EDGE_LOOP('',(#1710,#1711,#1712,#1713));
#408=EDGE_LOOP('',(#1714,#1715,#1716,#1717));
#409=EDGE_LOOP('',(#1718,#1719,#1720,#1721));
#410=EDGE_LOOP('',(#1722,#1723,#1724,#1725));
#411=EDGE_LOOP('',(#1726,#1727,#1728,#1729));
#412=EDGE_LOOP('',(#1730,#1731,#1732,#1733));
#413=EDGE_LOOP('',(#1734,#1735,#1736,#1737));
#414=EDGE_LOOP('',(#1738,#1739,#1740,#1741));
#415=EDGE_LOOP('',(#1742,#1743,#1744,#1745));
#416=EDGE_LOOP('',(#1746,#1747,#1748,#1749));
#417=EDGE_LOOP('',(#1750,#1751,#1752,#1753));
#418=EDGE_LOOP('',(#1754,#1755,#1756,#1757));
#419=EDGE_LOOP('',(#1758,#1759,#1760,#1761));
#420=EDGE_LOOP('',(#1762,#1763,#1764,#1765));
#421=EDGE_LOOP('',(#1766,#1767,#1768,#1769));
#422=EDGE_LOOP('',(#1770,#1771,#1772,#1773));
#423=EDGE_LOOP('',(#1774,#1775,#1776,#1777));
#424=EDGE_LOOP('',(#1778,#1779,#1780,#1781));
#425=EDGE_LOOP('',(#1782,#1783,#1784,#1785));
#426=EDGE_LOOP('',(#1786,#1787,#1788,#1789));
#427=EDGE_LOOP('',(#1790,#1791,#1792,#1793));
#428=EDGE_LOOP('',(#1794,#1795,#1796,#1797));
#429=EDGE_LOOP('',(#1798,#1799,#1800,#1801));
#430=EDGE_LOOP('',(#1802,#1803,#1804,#1805));
#431=EDGE_LOOP('',(#1806,#1807,#1808,#1809));
#432=EDGE_LOOP('',(#1810,#1811,#1812,#1813));
#433=EDGE_LOOP('',(#1814,#1815,#1816,#1817));
#434=EDGE_LOOP('',(#1818,#1819,#1820,#1821));
#435=EDGE_LOOP('',(#1822,#1823,#1824,#1825));
#436=EDGE_LOOP('',(#1826,#1827,#1828,#1829));
#437=EDGE_LOOP('',(#1830,#1831,#1832,#1833,#1834,#1835,#1836,#1837,#1838,
#1839,#1840,#1841,#1842,#1843,#1844,#1845,#1846,#1847,#1848,#1849,#1850));
#438=EDGE_LOOP('',(#1851,#1852,#1853,#1854,#1855,#1856,#1857,#1858));
#439=EDGE_LOOP('',(#1859));
#440=EDGE_LOOP('',(#1860));
#441=EDGE_LOOP('',(#1861,#1862,#1863,#1864,#1865,#1866,#1867,#1868,#1869,
#1870,#1871,#1872,#1873,#1874,#1875,#1876,#1877,#1878,#1879,#1880,#1881));
#442=EDGE_LOOP('',(#1882,#1883,#1884,#1885,#1886,#1887,#1888,#1889,#1890,
#1891,#1892,#1893,#1894,#1895));
#443=EDGE_LOOP('',(#1896,#1897,#1898,#1899,#1900,#1901,#1902,#1903,#1904,
#1905,#1906,#1907,#1908,#1909));
#444=EDGE_LOOP('',(#1910,#1911,#1912,#1913,#1914,#1915,#1916,#1917,#1918,
#1919,#1920,#1921,#1922,#1923,#1924,#1925,#1926,#1927,#1928,#1929,#1930,
#1931,#1932,#1933,#1934,#1935));
#445=EDGE_LOOP('',(#1936,#1937,#1938,#1939));
#446=EDGE_LOOP('',(#1940,#1941,#1942,#1943));
#447=EDGE_LOOP('',(#1944,#1945,#1946,#1947));
#448=EDGE_LOOP('',(#1948,#1949,#1950,#1951));
#449=EDGE_LOOP('',(#1952,#1953,#1954,#1955,#1956,#1957,#1958,#1959));
#450=EDGE_LOOP('',(#1960));
#451=EDGE_LOOP('',(#1961));
#452=EDGE_LOOP('',(#1962,#1963,#1964,#1965));
#453=EDGE_LOOP('',(#1966,#1967,#1968,#1969));
#454=EDGE_LOOP('',(#1970,#1971,#1972,#1973));
#455=EDGE_LOOP('',(#1974,#1975,#1976,#1977));
#456=EDGE_LOOP('',(#1978,#1979,#1980,#1981));
#457=EDGE_LOOP('',(#1982,#1983,#1984,#1985));
#458=EDGE_LOOP('',(#1986,#1987,#1988,#1989));
#459=EDGE_LOOP('',(#1990,#1991,#1992,#1993));
#460=EDGE_LOOP('',(#1994,#1995,#1996,#1997));
#461=LINE('',#2562,#652);
#462=LINE('',#2564,#653);
#463=LINE('',#2566,#654);
#464=LINE('',#2567,#655);
#465=LINE('',#2570,#656);
#466=LINE('',#2572,#657);
#467=LINE('',#2573,#658);
#468=LINE('',#2576,#659);
#469=LINE('',#2578,#660);
#470=LINE('',#2579,#661);
#471=LINE('',#2582,#662);
#472=LINE('',#2584,#663);
#473=LINE('',#2585,#664);
#474=LINE('',#2588,#665);
#475=LINE('',#2590,#666);
#476=LINE('',#2591,#667);
#477=LINE('',#2594,#668);
#478=LINE('',#2596,#669);
#479=LINE('',#2597,#670);
#480=LINE('',#2600,#671);
#481=LINE('',#2602,#672);
#482=LINE('',#2603,#673);
#483=LINE('',#2605,#674);
#484=LINE('',#2606,#675);
#485=LINE('',#2610,#676);
#486=LINE('',#2612,#677);
#487=LINE('',#2614,#678);
#488=LINE('',#2616,#679);
#489=LINE('',#2618,#680);
#490=LINE('',#2620,#681);
#491=LINE('',#2622,#682);
#492=LINE('',#2623,#683);
#493=LINE('',#2694,#684);
#494=LINE('',#2702,#685);
#495=LINE('',#2716,#686);
#496=LINE('',#2736,#687);
#497=LINE('',#2786,#688);
#498=LINE('',#2796,#689);
#499=LINE('',#2823,#690);
#500=LINE('',#2825,#691);
#501=LINE('',#2835,#692);
#502=LINE('',#2865,#693);
#503=LINE('',#2867,#694);
#504=LINE('',#2895,#695);
#505=LINE('',#2905,#696);
#506=LINE('',#2936,#697);
#507=LINE('',#2938,#698);
#508=LINE('',#2959,#699);
#509=LINE('',#2967,#700);
#510=LINE('',#2981,#701);
#511=LINE('',#2990,#702);
#512=LINE('',#2991,#703);
#513=LINE('',#3001,#704);
#514=LINE('',#3008,#705);
#515=LINE('',#3009,#706);
#516=LINE('',#3012,#707);
#517=LINE('',#3013,#708);
#518=LINE('',#3027,#709);
#519=LINE('',#3047,#710);
#520=LINE('',#3056,#711);
#521=LINE('',#3057,#712);
#522=LINE('',#3067,#713);
#523=LINE('',#3074,#714);
#524=LINE('',#3075,#715);
#525=LINE('',#3085,#716);
#526=LINE('',#3103,#717);
#527=LINE('',#3119,#718);
#528=LINE('',#3126,#719);
#529=LINE('',#3127,#720);
#530=LINE('',#3130,#721);
#531=LINE('',#3131,#722);
#532=LINE('',#3145,#723);
#533=LINE('',#3165,#724);
#534=LINE('',#3174,#725);
#535=LINE('',#3175,#726);
#536=LINE('',#3185,#727);
#537=LINE('',#3192,#728);
#538=LINE('',#3193,#729);
#539=LINE('',#3201,#730);
#540=LINE('',#3214,#731);
#541=LINE('',#3232,#732);
#542=LINE('',#3241,#733);
#543=LINE('',#3242,#734);
#544=LINE('',#3244,#735);
#545=LINE('',#3268,#736);
#546=LINE('',#3274,#737);
#547=LINE('',#3277,#738);
#548=LINE('',#3279,#739);
#549=LINE('',#3280,#740);
#550=LINE('',#3302,#741);
#551=LINE('',#3324,#742);
#552=LINE('',#3327,#743);
#553=LINE('',#3329,#744);
#554=LINE('',#3330,#745);
#555=LINE('',#3352,#746);
#556=LINE('',#3398,#747);
#557=LINE('',#3426,#748);
#558=LINE('',#3434,#749);
#559=LINE('',#3461,#750);
#560=LINE('',#3500,#751);
#561=LINE('',#3522,#752);
#562=LINE('',#3556,#753);
#563=LINE('',#3559,#754);
#564=LINE('',#3561,#755);
#565=LINE('',#3562,#756);
#566=LINE('',#3596,#757);
#567=LINE('',#3630,#758);
#568=LINE('',#3632,#759);
#569=LINE('',#3633,#760);
#570=LINE('',#3655,#761);
#571=LINE('',#3728,#762);
#572=LINE('',#3758,#763);
#573=LINE('',#3768,#764);
#574=LINE('',#3786,#765);
#575=LINE('',#3877,#766);
#576=LINE('',#3885,#767);
#577=LINE('',#3895,#768);
#578=LINE('',#3902,#769);
#579=LINE('',#3904,#770);
#580=LINE('',#3905,#771);
#581=LINE('',#3919,#772);
#582=LINE('',#3939,#773);
#583=LINE('',#3948,#774);
#584=LINE('',#3949,#775);
#585=LINE('',#3963,#776);
#586=LINE('',#3979,#777);
#587=LINE('',#3997,#778);
#588=LINE('',#4023,#779);
#589=LINE('',#4059,#780);
#590=LINE('',#4077,#781);
#591=LINE('',#4084,#782);
#592=LINE('',#4085,#783);
#593=LINE('',#4095,#784);
#594=LINE('',#4109,#785);
#595=LINE('',#4116,#786);
#596=LINE('',#4117,#787);
#597=LINE('',#4158,#788);
#598=LINE('',#4166,#789);
#599=LINE('',#4200,#790);
#600=LINE('',#4203,#791);
#601=LINE('',#4205,#792);
#602=LINE('',#4206,#793);
#603=LINE('',#4209,#794);
#604=LINE('',#4211,#795);
#605=LINE('',#4212,#796);
#606=LINE('',#4246,#797);
#607=LINE('',#4262,#798);
#608=LINE('',#4284,#799);
#609=LINE('',#4306,#800);
#610=LINE('',#4322,#801);
#611=LINE('',#4344,#802);
#612=LINE('',#4347,#803);
#613=LINE('',#4349,#804);
#614=LINE('',#4350,#805);
#615=LINE('',#4372,#806);
#616=LINE('',#4375,#807);
#617=LINE('',#4377,#808);
#618=LINE('',#4378,#809);
#619=LINE('',#4409,#810);
#620=LINE('',#4443,#811);
#621=LINE('',#4446,#812);
#622=LINE('',#4448,#813);
#623=LINE('',#4449,#814);
#624=LINE('',#4452,#815);
#625=LINE('',#4454,#816);
#626=LINE('',#4455,#817);
#627=LINE('',#4458,#818);
#628=LINE('',#4460,#819);
#629=LINE('',#4461,#820);
#630=LINE('',#4492,#821);
#631=LINE('',#4527,#822);
#632=LINE('',#4529,#823);
#633=LINE('',#4530,#824);
#634=LINE('',#4540,#825);
#635=LINE('',#4542,#826);
#636=LINE('',#4543,#827);
#637=LINE('',#4546,#828);
#638=LINE('',#4547,#829);
#639=LINE('',#4550,#830);
#640=LINE('',#4552,#831);
#641=LINE('',#4554,#832);
#642=LINE('',#4556,#833);
#643=LINE('',#4558,#834);
#644=LINE('',#4559,#835);
#645=LINE('',#4565,#836);
#646=LINE('',#4567,#837);
#647=LINE('',#4569,#838);
#648=LINE('',#4571,#839);
#649=LINE('',#4573,#840);
#650=LINE('',#4575,#841);
#651=LINE('',#4577,#842);
#652=VECTOR('',#2251,0.393700787401575);
#653=VECTOR('',#2252,0.393700787401575);
#654=VECTOR('',#2253,0.393700787401575);
#655=VECTOR('',#2254,0.393700787401575);
#656=VECTOR('',#2257,0.393700787401575);
#657=VECTOR('',#2258,0.393700787401575);
#658=VECTOR('',#2259,0.393700787401575);
#659=VECTOR('',#2262,0.393700787401575);
#660=VECTOR('',#2263,0.393700787401575);
#661=VECTOR('',#2264,0.393700787401575);
#662=VECTOR('',#2267,0.393700787401575);
#663=VECTOR('',#2268,0.393700787401575);
#664=VECTOR('',#2269,0.393700787401575);
#665=VECTOR('',#2272,0.393700787401575);
#666=VECTOR('',#2273,0.393700787401575);
#667=VECTOR('',#2274,0.393700787401575);
#668=VECTOR('',#2277,0.393700787401575);
#669=VECTOR('',#2278,0.393700787401575);
#670=VECTOR('',#2279,0.393700787401575);
#671=VECTOR('',#2282,0.393700787401575);
#672=VECTOR('',#2283,0.393700787401575);
#673=VECTOR('',#2284,0.393700787401575);
#674=VECTOR('',#2287,0.393700787401575);
#675=VECTOR('',#2288,0.393700787401575);
#676=VECTOR('',#2291,0.393700787401575);
#677=VECTOR('',#2292,0.393700787401575);
#678=VECTOR('',#2293,0.393700787401575);
#679=VECTOR('',#2294,0.393700787401575);
#680=VECTOR('',#2295,0.393700787401575);
#681=VECTOR('',#2296,0.393700787401575);
#682=VECTOR('',#2297,0.393700787401575);
#683=VECTOR('',#2298,0.393700787401575);
#684=VECTOR('',#2301,0.393700787401575);
#685=VECTOR('',#2302,0.393700787401575);
#686=VECTOR('',#2303,0.393700787401575);
#687=VECTOR('',#2304,0.393700787401575);
#688=VECTOR('',#2307,0.393700787401575);
#689=VECTOR('',#2308,0.393700787401575);
#690=VECTOR('',#2309,0.393700787401575);
#691=VECTOR('',#2310,0.393700787401575);
#692=VECTOR('',#2311,0.393700787401575);
#693=VECTOR('',#2312,0.393700787401575);
#694=VECTOR('',#2313,0.393700787401575);
#695=VECTOR('',#2314,0.393700787401575);
#696=VECTOR('',#2315,0.393700787401575);
#697=VECTOR('',#2316,0.393700787401575);
#698=VECTOR('',#2317,0.393700787401575);
#699=VECTOR('',#2318,0.393700787401575);
#700=VECTOR('',#2319,0.393700787401575);
#701=VECTOR('',#2320,0.393700787401575);
#702=VECTOR('',#2323,0.393700787401575);
#703=VECTOR('',#2324,0.393700787401575);
#704=VECTOR('',#2325,0.393700787401575);
#705=VECTOR('',#2328,0.393700787401575);
#706=VECTOR('',#2329,0.393700787401575);
#707=VECTOR('',#2332,0.393700787401575);
#708=VECTOR('',#2333,0.393700787401575);
#709=VECTOR('',#2334,0.393700787401575);
#710=VECTOR('',#2335,0.393700787401575);
#711=VECTOR('',#2338,0.393700787401575);
#712=VECTOR('',#2339,0.393700787401575);
#713=VECTOR('',#2340,0.393700787401575);
#714=VECTOR('',#2343,0.393700787401575);
#715=VECTOR('',#2344,0.393700787401575);
#716=VECTOR('',#2345,0.393700787401575);
#717=VECTOR('',#2346,0.393700787401575);
#718=VECTOR('',#2347,0.393700787401575);
#719=VECTOR('',#2350,0.393700787401575);
#720=VECTOR('',#2351,0.393700787401575);
#721=VECTOR('',#2354,0.393700787401575);
#722=VECTOR('',#2355,0.393700787401575);
#723=VECTOR('',#2356,0.393700787401575);
#724=VECTOR('',#2357,0.393700787401575);
#725=VECTOR('',#2360,0.393700787401575);
#726=VECTOR('',#2361,0.393700787401575);
#727=VECTOR('',#2362,0.393700787401575);
#728=VECTOR('',#2365,0.393700787401575);
#729=VECTOR('',#2366,0.393700787401575);
#730=VECTOR('',#2367,0.393700787401575);
#731=VECTOR('',#2368,0.393700787401575);
#732=VECTOR('',#2369,0.393700787401575);
#733=VECTOR('',#2372,0.393700787401575);
#734=VECTOR('',#2373,0.393700787401575);
#735=VECTOR('',#2376,0.393700787401575);
#736=VECTOR('',#2377,0.393700787401575);
#737=VECTOR('',#2378,0.393700787401575);
#738=VECTOR('',#2381,0.393700787401575);
#739=VECTOR('',#2382,0.393700787401575);
#740=VECTOR('',#2383,0.393700787401575);
#741=VECTOR('',#2384,0.393700787401575);
#742=VECTOR('',#2385,0.393700787401575);
#743=VECTOR('',#2388,0.393700787401575);
#744=VECTOR('',#2389,0.393700787401575);
#745=VECTOR('',#2390,0.393700787401575);
#746=VECTOR('',#2391,0.393700787401575);
#747=VECTOR('',#2392,0.393700787401575);
#748=VECTOR('',#2393,0.393700787401575);
#749=VECTOR('',#2394,0.393700787401575);
#750=VECTOR('',#2395,0.393700787401575);
#751=VECTOR('',#2396,0.393700787401575);
#752=VECTOR('',#2397,0.393700787401575);
#753=VECTOR('',#2398,0.393700787401575);
#754=VECTOR('',#2401,0.393700787401575);
#755=VECTOR('',#2402,0.393700787401575);
#756=VECTOR('',#2403,0.393700787401575);
#757=VECTOR('',#2404,0.393700787401575);
#758=VECTOR('',#2405,0.393700787401575);
#759=VECTOR('',#2408,0.393700787401575);
#760=VECTOR('',#2409,0.393700787401575);
#761=VECTOR('',#2410,0.393700787401575);
#762=VECTOR('',#2415,0.393700787401575);
#763=VECTOR('',#2416,0.393700787401575);
#764=VECTOR('',#2417,0.393700787401575);
#765=VECTOR('',#2418,0.393700787401575);
#766=VECTOR('',#2419,0.393700787401575);
#767=VECTOR('',#2420,0.393700787401575);
#768=VECTOR('',#2421,0.393700787401575);
#769=VECTOR('',#2424,0.393700787401575);
#770=VECTOR('',#2425,0.393700787401575);
#771=VECTOR('',#2426,0.393700787401575);
#772=VECTOR('',#2427,0.393700787401575);
#773=VECTOR('',#2428,0.393700787401575);
#774=VECTOR('',#2431,0.393700787401575);
#775=VECTOR('',#2432,0.393700787401575);
#776=VECTOR('',#2433,0.393700787401575);
#777=VECTOR('',#2434,0.393700787401575);
#778=VECTOR('',#2435,0.393700787401575);
#779=VECTOR('',#2436,0.393700787401575);
#780=VECTOR('',#2437,0.393700787401575);
#781=VECTOR('',#2438,0.393700787401575);
#782=VECTOR('',#2441,0.393700787401575);
#783=VECTOR('',#2442,0.393700787401575);
#784=VECTOR('',#2443,0.393700787401575);
#785=VECTOR('',#2444,0.393700787401575);
#786=VECTOR('',#2447,0.393700787401575);
#787=VECTOR('',#2448,0.393700787401575);
#788=VECTOR('',#2449,0.393700787401575);
#789=VECTOR('',#2450,0.393700787401575);
#790=VECTOR('',#2451,0.393700787401575);
#791=VECTOR('',#2454,0.393700787401575);
#792=VECTOR('',#2455,0.393700787401575);
#793=VECTOR('',#2456,0.393700787401575);
#794=VECTOR('',#2459,0.393700787401575);
#795=VECTOR('',#2460,0.393700787401575);
#796=VECTOR('',#2461,0.393700787401575);
#797=VECTOR('',#2462,0.393700787401575);
#798=VECTOR('',#2463,0.393700787401575);
#799=VECTOR('',#2464,0.393700787401575);
#800=VECTOR('',#2465,0.393700787401575);
#801=VECTOR('',#2466,0.393700787401575);
#802=VECTOR('',#2467,0.393700787401575);
#803=VECTOR('',#2470,0.393700787401575);
#804=VECTOR('',#2471,0.393700787401575);
#805=VECTOR('',#2472,0.393700787401575);
#806=VECTOR('',#2473,0.393700787401575);
#807=VECTOR('',#2476,0.393700787401575);
#808=VECTOR('',#2477,0.393700787401575);
#809=VECTOR('',#2478,0.393700787401575);
#810=VECTOR('',#2479,0.393700787401575);
#811=VECTOR('',#2480,0.393700787401575);
#812=VECTOR('',#2483,0.393700787401575);
#813=VECTOR('',#2484,0.393700787401575);
#814=VECTOR('',#2485,0.393700787401575);
#815=VECTOR('',#2488,0.393700787401575);
#816=VECTOR('',#2489,0.393700787401575);
#817=VECTOR('',#2490,0.393700787401575);
#818=VECTOR('',#2493,0.393700787401575);
#819=VECTOR('',#2494,0.393700787401575);
#820=VECTOR('',#2495,0.393700787401575);
#821=VECTOR('',#2496,0.393700787401575);
#822=VECTOR('',#2497,0.393700787401575);
#823=VECTOR('',#2500,0.393700787401575);
#824=VECTOR('',#2501,0.393700787401575);
#825=VECTOR('',#2514,0.393700787401575);
#826=VECTOR('',#2515,0.393700787401575);
#827=VECTOR('',#2516,0.393700787401575);
#828=VECTOR('',#2519,0.393700787401575);
#829=VECTOR('',#2520,0.393700787401575);
#830=VECTOR('',#2523,0.393700787401575);
#831=VECTOR('',#2524,0.393700787401575);
#832=VECTOR('',#2525,0.393700787401575);
#833=VECTOR('',#2526,0.393700787401575);
#834=VECTOR('',#2527,0.393700787401575);
#835=VECTOR('',#2528,0.393700787401575);
#836=VECTOR('',#2535,0.393700787401575);
#837=VECTOR('',#2538,0.393700787401575);
#838=VECTOR('',#2541,0.393700787401575);
#839=VECTOR('',#2544,0.393700787401575);
#840=VECTOR('',#2547,0.393700787401575);
#841=VECTOR('',#2550,0.086);
#842=VECTOR('',#2553,0.086);
#843=VERTEX_POINT('',#2560);
#844=VERTEX_POINT('',#2561);
#845=VERTEX_POINT('',#2563);
#846=VERTEX_POINT('',#2565);
#847=VERTEX_POINT('',#2569);
#848=VERTEX_POINT('',#2571);
#849=VERTEX_POINT('',#2575);
#850=VERTEX_POINT('',#2577);
#851=VERTEX_POINT('',#2581);
#852=VERTEX_POINT('',#2583);
#853=VERTEX_POINT('',#2587);
#854=VERTEX_POINT('',#2589);
#855=VERTEX_POINT('',#2593);
#856=VERTEX_POINT('',#2595);
#857=VERTEX_POINT('',#2599);
#858=VERTEX_POINT('',#2601);
#859=VERTEX_POINT('',#2608);
#860=VERTEX_POINT('',#2609);
#861=VERTEX_POINT('',#2611);
#862=VERTEX_POINT('',#2613);
#863=VERTEX_POINT('',#2615);
#864=VERTEX_POINT('',#2617);
#865=VERTEX_POINT('',#2619);
#866=VERTEX_POINT('',#2621);
#867=VERTEX_POINT('',#2625);
#868=VERTEX_POINT('',#2626);
#869=VERTEX_POINT('',#2640);
#870=VERTEX_POINT('',#2654);
#871=VERTEX_POINT('',#2693);
#872=VERTEX_POINT('',#2695);
#873=VERTEX_POINT('',#2715);
#874=VERTEX_POINT('',#2735);
#875=VERTEX_POINT('',#2762);
#876=VERTEX_POINT('',#2763);
#877=VERTEX_POINT('',#2777);
#878=VERTEX_POINT('',#2785);
#879=VERTEX_POINT('',#2787);
#880=VERTEX_POINT('',#2795);
#881=VERTEX_POINT('',#2797);
#882=VERTEX_POINT('',#2808);
#883=VERTEX_POINT('',#2822);
#884=VERTEX_POINT('',#2824);
#885=VERTEX_POINT('',#2826);
#886=VERTEX_POINT('',#2834);
#887=VERTEX_POINT('',#2836);
#888=VERTEX_POINT('',#2850);
#889=VERTEX_POINT('',#2864);
#890=VERTEX_POINT('',#2866);
#891=VERTEX_POINT('',#2868);
#892=VERTEX_POINT('',#2881);
#893=VERTEX_POINT('',#2889);
#894=VERTEX_POINT('',#2894);
#895=VERTEX_POINT('',#2896);
#896=VERTEX_POINT('',#2904);
#897=VERTEX_POINT('',#2906);
#898=VERTEX_POINT('',#2920);
#899=VERTEX_POINT('',#2935);
#900=VERTEX_POINT('',#2937);
#901=VERTEX_POINT('',#2958);
#902=VERTEX_POINT('',#2960);
#903=VERTEX_POINT('',#2980);
#904=VERTEX_POINT('',#2989);
#905=VERTEX_POINT('',#3000);
#906=VERTEX_POINT('',#3007);
#907=VERTEX_POINT('',#3011);
#908=VERTEX_POINT('',#3026);
#909=VERTEX_POINT('',#3046);
#910=VERTEX_POINT('',#3055);
#911=VERTEX_POINT('',#3066);
#912=VERTEX_POINT('',#3073);
#913=VERTEX_POINT('',#3084);
#914=VERTEX_POINT('',#3102);
#915=VERTEX_POINT('',#3118);
#916=VERTEX_POINT('',#3125);
#917=VERTEX_POINT('',#3129);
#918=VERTEX_POINT('',#3144);
#919=VERTEX_POINT('',#3164);
#920=VERTEX_POINT('',#3173);
#921=VERTEX_POINT('',#3184);
#922=VERTEX_POINT('',#3191);
#923=VERTEX_POINT('',#3200);
#924=VERTEX_POINT('',#3213);
#925=VERTEX_POINT('',#3231);
#926=VERTEX_POINT('',#3240);
#927=VERTEX_POINT('',#3253);
#928=VERTEX_POINT('',#3254);
#929=VERTEX_POINT('',#3267);
#930=VERTEX_POINT('',#3269);
#931=VERTEX_POINT('',#3276);
#932=VERTEX_POINT('',#3278);
#933=VERTEX_POINT('',#3289);
#934=VERTEX_POINT('',#3297);
#935=VERTEX_POINT('',#3311);
#936=VERTEX_POINT('',#3319);
#937=VERTEX_POINT('',#3326);
#938=VERTEX_POINT('',#3328);
#939=VERTEX_POINT('',#3339);
#940=VERTEX_POINT('',#3347);
#941=VERTEX_POINT('',#3369);
#942=VERTEX_POINT('',#3389);
#943=VERTEX_POINT('',#3411);
#944=VERTEX_POINT('',#3412);
#945=VERTEX_POINT('',#3425);
#946=VERTEX_POINT('',#3427);
#947=VERTEX_POINT('',#3447);
#948=VERTEX_POINT('',#3460);
#949=VERTEX_POINT('',#3480);
#950=VERTEX_POINT('',#3493);
#951=VERTEX_POINT('',#3509);
#952=VERTEX_POINT('',#3517);
#953=VERTEX_POINT('',#3535);
#954=VERTEX_POINT('',#3549);
#955=VERTEX_POINT('',#3558);
#956=VERTEX_POINT('',#3560);
#957=VERTEX_POINT('',#3575);
#958=VERTEX_POINT('',#3589);
#959=VERTEX_POINT('',#3609);
#960=VERTEX_POINT('',#3623);
#961=VERTEX_POINT('',#3642);
#962=VERTEX_POINT('',#3650);
#963=VERTEX_POINT('',#3689);
#964=VERTEX_POINT('',#3690);
#965=VERTEX_POINT('',#3704);
#966=VERTEX_POINT('',#3713);
#967=VERTEX_POINT('',#3727);
#968=VERTEX_POINT('',#3729);
#969=VERTEX_POINT('',#3743);
#970=VERTEX_POINT('',#3757);
#971=VERTEX_POINT('',#3759);
#972=VERTEX_POINT('',#3767);
#973=VERTEX_POINT('',#3769);
#974=VERTEX_POINT('',#3777);
#975=VERTEX_POINT('',#3785);
#976=VERTEX_POINT('',#3787);
#977=VERTEX_POINT('',#3814);
#978=VERTEX_POINT('',#3815);
#979=VERTEX_POINT('',#3823);
#980=VERTEX_POINT('',#3837);
#981=VERTEX_POINT('',#3876);
#982=VERTEX_POINT('',#3878);
#983=VERTEX_POINT('',#3894);
#984=VERTEX_POINT('',#3901);
#985=VERTEX_POINT('',#3903);
#986=VERTEX_POINT('',#3918);
#987=VERTEX_POINT('',#3938);
#988=VERTEX_POINT('',#3947);
#989=VERTEX_POINT('',#3962);
#990=VERTEX_POINT('',#3978);
#991=VERTEX_POINT('',#3996);
#992=VERTEX_POINT('',#4016);
#993=VERTEX_POINT('',#4058);
#994=VERTEX_POINT('',#4076);
#995=VERTEX_POINT('',#4083);
#996=VERTEX_POINT('',#4094);
#997=VERTEX_POINT('',#4108);
#998=VERTEX_POINT('',#4115);
#999=VERTEX_POINT('',#4142);
#1000=VERTEX_POINT('',#4143);
#1001=VERTEX_POINT('',#4157);
#1002=VERTEX_POINT('',#4159);
#1003=VERTEX_POINT('',#4179);
#1004=VERTEX_POINT('',#4193);
#1005=VERTEX_POINT('',#4202);
#1006=VERTEX_POINT('',#4204);
#1007=VERTEX_POINT('',#4208);
#1008=VERTEX_POINT('',#4210);
#1009=VERTEX_POINT('',#4225);
#1010=VERTEX_POINT('',#4239);
#1011=VERTEX_POINT('',#4253);
#1012=VERTEX_POINT('',#4258);
#1013=VERTEX_POINT('',#4271);
#1014=VERTEX_POINT('',#4279);
#1015=VERTEX_POINT('',#4293);
#1016=VERTEX_POINT('',#4301);
#1017=VERTEX_POINT('',#4313);
#1018=VERTEX_POINT('',#4318);
#1019=VERTEX_POINT('',#4331);
#1020=VERTEX_POINT('',#4339);
#1021=VERTEX_POINT('',#4346);
#1022=VERTEX_POINT('',#4348);
#1023=VERTEX_POINT('',#4359);
#1024=VERTEX_POINT('',#4367);
#1025=VERTEX_POINT('',#4374);
#1026=VERTEX_POINT('',#4376);
#1027=VERTEX_POINT('',#4391);
#1028=VERTEX_POINT('',#4402);
#1029=VERTEX_POINT('',#4422);
#1030=VERTEX_POINT('',#4436);
#1031=VERTEX_POINT('',#4445);
#1032=VERTEX_POINT('',#4447);
#1033=VERTEX_POINT('',#4451);
#1034=VERTEX_POINT('',#4453);
#1035=VERTEX_POINT('',#4457);
#1036=VERTEX_POINT('',#4459);
#1037=VERTEX_POINT('',#4474);
#1038=VERTEX_POINT('',#4485);
#1039=VERTEX_POINT('',#4505);
#1040=VERTEX_POINT('',#4520);
#1041=VERTEX_POINT('',#4533);
#1042=VERTEX_POINT('',#4535);
#1043=VERTEX_POINT('',#4539);
#1044=VERTEX_POINT('',#4541);
#1045=VERTEX_POINT('',#4545);
#1046=VERTEX_POINT('',#4549);
#1047=VERTEX_POINT('',#4551);
#1048=VERTEX_POINT('',#4553);
#1049=VERTEX_POINT('',#4555);
#1050=VERTEX_POINT('',#4557);
#1051=VERTEX_POINT('',#4560);
#1052=VERTEX_POINT('',#4562);
#1053=EDGE_CURVE('',#843,#844,#461,.T.);
#1054=EDGE_CURVE('',#843,#845,#462,.T.);
#1055=EDGE_CURVE('',#846,#845,#463,.T.);
#1056=EDGE_CURVE('',#844,#846,#464,.T.);
#1057=EDGE_CURVE('',#844,#847,#465,.T.);
#1058=EDGE_CURVE('',#848,#846,#466,.T.);
#1059=EDGE_CURVE('',#847,#848,#467,.T.);
#1060=EDGE_CURVE('',#847,#849,#468,.T.);
#1061=EDGE_CURVE('',#850,#848,#469,.T.);
#1062=EDGE_CURVE('',#849,#850,#470,.T.);
#1063=EDGE_CURVE('',#849,#851,#471,.T.);
#1064=EDGE_CURVE('',#852,#850,#472,.T.);
#1065=EDGE_CURVE('',#851,#852,#473,.T.);
#1066=EDGE_CURVE('',#851,#853,#474,.T.);
#1067=EDGE_CURVE('',#854,#852,#475,.T.);
#1068=EDGE_CURVE('',#853,#854,#476,.T.);
#1069=EDGE_CURVE('',#853,#855,#477,.T.);
#1070=EDGE_CURVE('',#856,#854,#478,.T.);
#1071=EDGE_CURVE('',#855,#856,#479,.T.);
#1072=EDGE_CURVE('',#855,#857,#480,.T.);
#1073=EDGE_CURVE('',#858,#856,#481,.T.);
#1074=EDGE_CURVE('',#857,#858,#482,.T.);
#1075=EDGE_CURVE('',#857,#843,#483,.T.);
#1076=EDGE_CURVE('',#845,#858,#484,.T.);
#1077=EDGE_CURVE('',#859,#860,#485,.T.);
#1078=EDGE_CURVE('',#860,#861,#486,.T.);
#1079=EDGE_CURVE('',#861,#862,#487,.T.);
#1080=EDGE_CURVE('',#862,#863,#488,.T.);
#1081=EDGE_CURVE('',#863,#864,#489,.T.);
#1082=EDGE_CURVE('',#864,#865,#490,.T.);
#1083=EDGE_CURVE('',#865,#866,#491,.T.);
#1084=EDGE_CURVE('',#866,#859,#492,.T.);
#1085=EDGE_CURVE('',#867,#868,#80,.T.);
#1086=EDGE_CURVE('',#868,#869,#81,.T.);
#1087=EDGE_CURVE('',#869,#870,#82,.T.);
#1088=EDGE_CURVE('',#870,#867,#83,.T.);
#1089=EDGE_CURVE('',#871,#868,#493,.T.);
#1090=EDGE_CURVE('',#872,#871,#84,.T.);
#1091=EDGE_CURVE('',#872,#869,#494,.T.);
#1092=EDGE_CURVE('',#873,#867,#495,.T.);
#1093=EDGE_CURVE('',#871,#873,#85,.T.);
#1094=EDGE_CURVE('',#874,#870,#496,.T.);
#1095=EDGE_CURVE('',#873,#874,#86,.T.);
#1096=EDGE_CURVE('',#874,#872,#87,.T.);
#1097=EDGE_CURVE('',#875,#876,#88,.T.);
#1098=EDGE_CURVE('',#876,#877,#89,.T.);
#1099=EDGE_CURVE('',#877,#878,#497,.T.);
#1100=EDGE_CURVE('',#878,#879,#90,.T.);
#1101=EDGE_CURVE('',#879,#880,#498,.T.);
#1102=EDGE_CURVE('',#880,#881,#91,.T.);
#1103=EDGE_CURVE('',#881,#882,#92,.T.);
#1104=EDGE_CURVE('',#882,#883,#499,.T.);
#1105=EDGE_CURVE('',#883,#884,#500,.T.);
#1106=EDGE_CURVE('',#884,#885,#93,.T.);
#1107=EDGE_CURVE('',#885,#886,#501,.T.);
#1108=EDGE_CURVE('',#886,#887,#94,.T.);
#1109=EDGE_CURVE('',#887,#888,#95,.T.);
#1110=EDGE_CURVE('',#888,#889,#502,.T.);
#1111=EDGE_CURVE('',#889,#890,#503,.T.);
#1112=EDGE_CURVE('',#890,#891,#96,.T.);
#1113=EDGE_CURVE('',#891,#892,#97,.T.);
#1114=EDGE_CURVE('',#892,#893,#98,.T.);
#1115=EDGE_CURVE('',#893,#894,#504,.T.);
#1116=EDGE_CURVE('',#894,#895,#99,.T.);
#1117=EDGE_CURVE('',#895,#896,#505,.T.);
#1118=EDGE_CURVE('',#896,#897,#100,.T.);
#1119=EDGE_CURVE('',#897,#898,#101,.T.);
#1120=EDGE_CURVE('',#898,#899,#506,.T.);
#1121=EDGE_CURVE('',#899,#900,#507,.T.);
#1122=EDGE_CURVE('',#900,#875,#102,.T.);
#1123=EDGE_CURVE('',#901,#887,#508,.T.);
#1124=EDGE_CURVE('',#902,#901,#103,.T.);
#1125=EDGE_CURVE('',#902,#888,#509,.T.);
#1126=EDGE_CURVE('',#903,#886,#510,.T.);
#1127=EDGE_CURVE('',#901,#903,#104,.T.);
#1128=EDGE_CURVE('',#904,#885,#511,.T.);
#1129=EDGE_CURVE('',#903,#904,#512,.T.);
#1130=EDGE_CURVE('',#905,#884,#513,.T.);
#1131=EDGE_CURVE('',#904,#905,#105,.T.);
#1132=EDGE_CURVE('',#906,#883,#514,.T.);
#1133=EDGE_CURVE('',#905,#906,#515,.T.);
#1134=EDGE_CURVE('',#907,#882,#516,.T.);
#1135=EDGE_CURVE('',#906,#907,#517,.T.);
#1136=EDGE_CURVE('',#908,#881,#518,.T.);
#1137=EDGE_CURVE('',#907,#908,#106,.T.);
#1138=EDGE_CURVE('',#909,#880,#519,.T.);
#1139=EDGE_CURVE('',#908,#909,#107,.T.);
#1140=EDGE_CURVE('',#910,#879,#520,.T.);
#1141=EDGE_CURVE('',#909,#910,#521,.T.);
#1142=EDGE_CURVE('',#911,#878,#522,.T.);
#1143=EDGE_CURVE('',#910,#911,#108,.T.);
#1144=EDGE_CURVE('',#912,#877,#523,.T.);
#1145=EDGE_CURVE('',#911,#912,#524,.T.);
#1146=EDGE_CURVE('',#913,#876,#525,.T.);
#1147=EDGE_CURVE('',#912,#913,#109,.T.);
#1148=EDGE_CURVE('',#914,#875,#526,.T.);
#1149=EDGE_CURVE('',#913,#914,#110,.T.);
#1150=EDGE_CURVE('',#915,#900,#527,.T.);
#1151=EDGE_CURVE('',#914,#915,#111,.T.);
#1152=EDGE_CURVE('',#916,#899,#528,.T.);
#1153=EDGE_CURVE('',#915,#916,#529,.T.);
#1154=EDGE_CURVE('',#917,#898,#530,.T.);
#1155=EDGE_CURVE('',#916,#917,#531,.T.);
#1156=EDGE_CURVE('',#918,#897,#532,.T.);
#1157=EDGE_CURVE('',#917,#918,#112,.T.);
#1158=EDGE_CURVE('',#919,#896,#533,.T.);
#1159=EDGE_CURVE('',#918,#919,#113,.T.);
#1160=EDGE_CURVE('',#920,#895,#534,.T.);
#1161=EDGE_CURVE('',#919,#920,#535,.T.);
#1162=EDGE_CURVE('',#921,#894,#536,.T.);
#1163=EDGE_CURVE('',#920,#921,#114,.T.);
#1164=EDGE_CURVE('',#922,#893,#537,.T.);
#1165=EDGE_CURVE('',#921,#922,#538,.T.);
#1166=EDGE_CURVE('',#923,#892,#539,.T.);
#1167=EDGE_CURVE('',#922,#923,#115,.T.);
#1168=EDGE_CURVE('',#924,#891,#540,.T.);
#1169=EDGE_CURVE('',#923,#924,#116,.T.);
#1170=EDGE_CURVE('',#925,#890,#541,.T.);
#1171=EDGE_CURVE('',#924,#925,#117,.T.);
#1172=EDGE_CURVE('',#926,#889,#542,.T.);
#1173=EDGE_CURVE('',#925,#926,#543,.T.);
#1174=EDGE_CURVE('',#926,#902,#544,.T.);
#1175=EDGE_CURVE('',#927,#928,#118,.T.);
#1176=EDGE_CURVE('',#929,#927,#545,.T.);
#1177=EDGE_CURVE('',#930,#929,#119,.T.);
#1178=EDGE_CURVE('',#930,#928,#546,.T.);
#1179=EDGE_CURVE('',#928,#931,#547,.T.);
#1180=EDGE_CURVE('',#932,#930,#548,.T.);
#1181=EDGE_CURVE('',#932,#931,#549,.T.);
#1182=EDGE_CURVE('',#931,#933,#120,.T.);
#1183=EDGE_CURVE('',#934,#932,#121,.T.);
#1184=EDGE_CURVE('',#934,#933,#550,.T.);
#1185=EDGE_CURVE('',#933,#935,#122,.T.);
#1186=EDGE_CURVE('',#936,#934,#123,.T.);
#1187=EDGE_CURVE('',#936,#935,#551,.T.);
#1188=EDGE_CURVE('',#935,#937,#552,.T.);
#1189=EDGE_CURVE('',#938,#936,#553,.T.);
#1190=EDGE_CURVE('',#938,#937,#554,.T.);
#1191=EDGE_CURVE('',#937,#939,#124,.T.);
#1192=EDGE_CURVE('',#940,#938,#125,.T.);
#1193=EDGE_CURVE('',#940,#939,#555,.T.);
#1194=EDGE_CURVE('',#939,#941,#126,.T.);
#1195=EDGE_CURVE('',#942,#940,#127,.T.);
#1196=EDGE_CURVE('',#942,#941,#556,.T.);
#1197=EDGE_CURVE('',#943,#944,#128,.T.);
#1198=EDGE_CURVE('',#945,#943,#557,.T.);
#1199=EDGE_CURVE('',#946,#945,#129,.T.);
#1200=EDGE_CURVE('',#946,#944,#558,.T.);
#1201=EDGE_CURVE('',#947,#943,#130,.T.);
#1202=EDGE_CURVE('',#948,#947,#559,.T.);
#1203=EDGE_CURVE('',#945,#948,#131,.T.);
#1204=EDGE_CURVE('',#941,#949,#132,.T.);
#1205=EDGE_CURVE('',#950,#942,#133,.T.);
#1206=EDGE_CURVE('',#950,#949,#560,.T.);
#1207=EDGE_CURVE('',#949,#951,#134,.T.);
#1208=EDGE_CURVE('',#952,#950,#135,.T.);
#1209=EDGE_CURVE('',#952,#951,#561,.T.);
#1210=EDGE_CURVE('',#951,#953,#136,.T.);
#1211=EDGE_CURVE('',#954,#952,#137,.T.);
#1212=EDGE_CURVE('',#954,#953,#562,.T.);
#1213=EDGE_CURVE('',#953,#955,#563,.T.);
#1214=EDGE_CURVE('',#956,#954,#564,.T.);
#1215=EDGE_CURVE('',#956,#955,#565,.T.);
#1216=EDGE_CURVE('',#955,#957,#138,.T.);
#1217=EDGE_CURVE('',#958,#956,#139,.T.);
#1218=EDGE_CURVE('',#958,#957,#566,.T.);
#1219=EDGE_CURVE('',#957,#959,#140,.T.);
#1220=EDGE_CURVE('',#960,#958,#141,.T.);
#1221=EDGE_CURVE('',#960,#959,#567,.T.);
#1222=EDGE_CURVE('',#959,#927,#568,.T.);
#1223=EDGE_CURVE('',#929,#960,#569,.T.);
#1224=EDGE_CURVE('',#944,#961,#142,.T.);
#1225=EDGE_CURVE('',#962,#946,#143,.T.);
#1226=EDGE_CURVE('',#962,#961,#570,.T.);
#1227=EDGE_CURVE('',#961,#947,#144,.T.);
#1228=EDGE_CURVE('',#948,#962,#145,.T.);
#1229=EDGE_CURVE('',#963,#964,#146,.T.);
#1230=EDGE_CURVE('',#964,#965,#147,.T.);
#1231=EDGE_CURVE('',#965,#966,#148,.T.);
#1232=EDGE_CURVE('',#966,#967,#571,.T.);
#1233=EDGE_CURVE('',#967,#968,#149,.T.);
#1234=EDGE_CURVE('',#968,#969,#150,.T.);
#1235=EDGE_CURVE('',#969,#970,#572,.T.);
#1236=EDGE_CURVE('',#970,#971,#151,.T.);
#1237=EDGE_CURVE('',#971,#972,#573,.T.);
#1238=EDGE_CURVE('',#972,#973,#152,.T.);
#1239=EDGE_CURVE('',#973,#974,#153,.T.);
#1240=EDGE_CURVE('',#974,#975,#574,.T.);
#1241=EDGE_CURVE('',#975,#976,#154,.T.);
#1242=EDGE_CURVE('',#976,#963,#155,.T.);
#1243=EDGE_CURVE('',#977,#978,#156,.T.);
#1244=EDGE_CURVE('',#978,#979,#157,.T.);
#1245=EDGE_CURVE('',#979,#980,#158,.T.);
#1246=EDGE_CURVE('',#980,#977,#159,.T.);
#1247=EDGE_CURVE('',#981,#978,#575,.T.);
#1248=EDGE_CURVE('',#982,#981,#160,.T.);
#1249=EDGE_CURVE('',#982,#979,#576,.T.);
#1250=EDGE_CURVE('',#983,#977,#577,.T.);
#1251=EDGE_CURVE('',#981,#983,#161,.T.);
#1252=EDGE_CURVE('',#984,#969,#578,.T.);
#1253=EDGE_CURVE('',#985,#984,#579,.T.);
#1254=EDGE_CURVE('',#985,#970,#580,.T.);
#1255=EDGE_CURVE('',#986,#968,#581,.T.);
#1256=EDGE_CURVE('',#984,#986,#162,.T.);
#1257=EDGE_CURVE('',#987,#967,#582,.T.);
#1258=EDGE_CURVE('',#986,#987,#163,.T.);
#1259=EDGE_CURVE('',#988,#966,#583,.T.);
#1260=EDGE_CURVE('',#987,#988,#584,.T.);
#1261=EDGE_CURVE('',#989,#965,#585,.T.);
#1262=EDGE_CURVE('',#988,#989,#164,.T.);
#1263=EDGE_CURVE('',#990,#964,#586,.T.);
#1264=EDGE_CURVE('',#989,#990,#165,.T.);
#1265=EDGE_CURVE('',#991,#963,#587,.T.);
#1266=EDGE_CURVE('',#990,#991,#166,.T.);
#1267=EDGE_CURVE('',#992,#982,#167,.T.);
#1268=EDGE_CURVE('',#992,#980,#588,.T.);
#1269=EDGE_CURVE('',#983,#992,#168,.T.);
#1270=EDGE_CURVE('',#993,#976,#589,.T.);
#1271=EDGE_CURVE('',#991,#993,#169,.T.);
#1272=EDGE_CURVE('',#994,#975,#590,.T.);
#1273=EDGE_CURVE('',#993,#994,#170,.T.);
#1274=EDGE_CURVE('',#995,#974,#591,.T.);
#1275=EDGE_CURVE('',#994,#995,#592,.T.);
#1276=EDGE_CURVE('',#996,#973,#593,.T.);
#1277=EDGE_CURVE('',#995,#996,#171,.T.);
#1278=EDGE_CURVE('',#997,#972,#594,.T.);
#1279=EDGE_CURVE('',#996,#997,#172,.T.);
#1280=EDGE_CURVE('',#998,#971,#595,.T.);
#1281=EDGE_CURVE('',#997,#998,#596,.T.);
#1282=EDGE_CURVE('',#998,#985,#173,.T.);
#1283=EDGE_CURVE('',#999,#1000,#174,.T.);
#1284=EDGE_CURVE('',#1001,#999,#597,.T.);
#1285=EDGE_CURVE('',#1002,#1001,#175,.T.);
#1286=EDGE_CURVE('',#1002,#1000,#598,.T.);
#1287=EDGE_CURVE('',#1000,#1003,#176,.T.);
#1288=EDGE_CURVE('',#1004,#1002,#177,.T.);
#1289=EDGE_CURVE('',#1004,#1003,#599,.T.);
#1290=EDGE_CURVE('',#1003,#1005,#600,.T.);
#1291=EDGE_CURVE('',#1006,#1004,#601,.T.);
#1292=EDGE_CURVE('',#1006,#1005,#602,.T.);
#1293=EDGE_CURVE('',#1005,#1007,#603,.T.);
#1294=EDGE_CURVE('',#1008,#1006,#604,.T.);
#1295=EDGE_CURVE('',#1008,#1007,#605,.T.);
#1296=EDGE_CURVE('',#1007,#1009,#178,.T.);
#1297=EDGE_CURVE('',#1010,#1008,#179,.T.);
#1298=EDGE_CURVE('',#1010,#1009,#606,.T.);
#1299=EDGE_CURVE('',#1009,#1011,#180,.T.);
#1300=EDGE_CURVE('',#1012,#1010,#181,.T.);
#1301=EDGE_CURVE('',#1012,#1011,#607,.T.);
#1302=EDGE_CURVE('',#1011,#1013,#182,.T.);
#1303=EDGE_CURVE('',#1014,#1012,#183,.T.);
#1304=EDGE_CURVE('',#1014,#1013,#608,.T.);
#1305=EDGE_CURVE('',#1013,#1015,#184,.T.);
#1306=EDGE_CURVE('',#1016,#1014,#185,.T.);
#1307=EDGE_CURVE('',#1016,#1015,#609,.T.);
#1308=EDGE_CURVE('',#1015,#1017,#186,.T.);
#1309=EDGE_CURVE('',#1018,#1016,#187,.T.);
#1310=EDGE_CURVE('',#1018,#1017,#610,.T.);
#1311=EDGE_CURVE('',#1017,#1019,#188,.T.);
#1312=EDGE_CURVE('',#1020,#1018,#189,.T.);
#1313=EDGE_CURVE('',#1020,#1019,#611,.T.);
#1314=EDGE_CURVE('',#1019,#1021,#612,.T.);
#1315=EDGE_CURVE('',#1022,#1020,#613,.T.);
#1316=EDGE_CURVE('',#1022,#1021,#614,.T.);
#1317=EDGE_CURVE('',#1021,#1023,#190,.T.);
#1318=EDGE_CURVE('',#1024,#1022,#191,.T.);
#1319=EDGE_CURVE('',#1024,#1023,#615,.T.);
#1320=EDGE_CURVE('',#1023,#1025,#616,.T.);
#1321=EDGE_CURVE('',#1026,#1024,#617,.T.);
#1322=EDGE_CURVE('',#1026,#1025,#618,.T.);
#1323=EDGE_CURVE('',#1025,#1027,#192,.T.);
#1324=EDGE_CURVE('',#1028,#1026,#193,.T.);
#1325=EDGE_CURVE('',#1028,#1027,#619,.T.);
#1326=EDGE_CURVE('',#1027,#1029,#194,.T.);
#1327=EDGE_CURVE('',#1030,#1028,#195,.T.);
#1328=EDGE_CURVE('',#1030,#1029,#620,.T.);
#1329=EDGE_CURVE('',#1029,#1031,#621,.T.);
#1330=EDGE_CURVE('',#1032,#1030,#622,.T.);
#1331=EDGE_CURVE('',#1032,#1031,#623,.T.);
#1332=EDGE_CURVE('',#1031,#1033,#624,.T.);
#1333=EDGE_CURVE('',#1034,#1032,#625,.T.);
#1334=EDGE_CURVE('',#1034,#1033,#626,.T.);
#1335=EDGE_CURVE('',#1033,#1035,#627,.T.);
#1336=EDGE_CURVE('',#1036,#1034,#628,.T.);
#1337=EDGE_CURVE('',#1036,#1035,#629,.T.);
#1338=EDGE_CURVE('',#1035,#1037,#196,.T.);
#1339=EDGE_CURVE('',#1038,#1036,#197,.T.);
#1340=EDGE_CURVE('',#1038,#1037,#630,.T.);
#1341=EDGE_CURVE('',#1037,#1039,#198,.T.);
#1342=EDGE_CURVE('',#1040,#1038,#199,.T.);
#1343=EDGE_CURVE('',#1040,#1039,#631,.T.);
#1344=EDGE_CURVE('',#1039,#999,#632,.T.);
#1345=EDGE_CURVE('',#1001,#1040,#633,.T.);
#1346=EDGE_CURVE('',#1041,#1041,#16,.T.);
#1347=EDGE_CURVE('',#1042,#1042,#17,.T.);
#1348=EDGE_CURVE('',#863,#1043,#634,.T.);
#1349=EDGE_CURVE('',#1043,#1044,#635,.T.);
#1350=EDGE_CURVE('',#1044,#864,#636,.T.);
#1351=EDGE_CURVE('',#1044,#1045,#637,.T.);
#1352=EDGE_CURVE('',#865,#1045,#638,.T.);
#1353=EDGE_CURVE('',#1046,#1043,#639,.T.);
#1354=EDGE_CURVE('',#1047,#1046,#640,.T.);
#1355=EDGE_CURVE('',#1048,#1047,#641,.T.);
#1356=EDGE_CURVE('',#1049,#1048,#642,.T.);
#1357=EDGE_CURVE('',#1050,#1049,#643,.T.);
#1358=EDGE_CURVE('',#1045,#1050,#644,.T.);
#1359=EDGE_CURVE('',#1051,#1051,#18,.T.);
#1360=EDGE_CURVE('',#1052,#1052,#19,.T.);
#1361=EDGE_CURVE('',#1050,#866,#645,.T.);
#1362=EDGE_CURVE('',#859,#1049,#646,.T.);
#1363=EDGE_CURVE('',#1048,#860,#647,.T.);
#1364=EDGE_CURVE('',#861,#1047,#648,.T.);
#1365=EDGE_CURVE('',#1046,#862,#649,.T.);
#1366=EDGE_CURVE('',#1041,#1052,#650,.T.);
#1367=EDGE_CURVE('',#1042,#1051,#651,.T.);
#1368=ORIENTED_EDGE('',*,*,#1053,.F.);
#1369=ORIENTED_EDGE('',*,*,#1054,.T.);
#1370=ORIENTED_EDGE('',*,*,#1055,.F.);
#1371=ORIENTED_EDGE('',*,*,#1056,.F.);
#1372=ORIENTED_EDGE('',*,*,#1057,.F.);
#1373=ORIENTED_EDGE('',*,*,#1056,.T.);
#1374=ORIENTED_EDGE('',*,*,#1058,.F.);
#1375=ORIENTED_EDGE('',*,*,#1059,.F.);
#1376=ORIENTED_EDGE('',*,*,#1060,.F.);
#1377=ORIENTED_EDGE('',*,*,#1059,.T.);
#1378=ORIENTED_EDGE('',*,*,#1061,.F.);
#1379=ORIENTED_EDGE('',*,*,#1062,.F.);
#1380=ORIENTED_EDGE('',*,*,#1063,.F.);
#1381=ORIENTED_EDGE('',*,*,#1062,.T.);
#1382=ORIENTED_EDGE('',*,*,#1064,.F.);
#1383=ORIENTED_EDGE('',*,*,#1065,.F.);
#1384=ORIENTED_EDGE('',*,*,#1066,.F.);
#1385=ORIENTED_EDGE('',*,*,#1065,.T.);
#1386=ORIENTED_EDGE('',*,*,#1067,.F.);
#1387=ORIENTED_EDGE('',*,*,#1068,.F.);
#1388=ORIENTED_EDGE('',*,*,#1069,.F.);
#1389=ORIENTED_EDGE('',*,*,#1068,.T.);
#1390=ORIENTED_EDGE('',*,*,#1070,.F.);
#1391=ORIENTED_EDGE('',*,*,#1071,.F.);
#1392=ORIENTED_EDGE('',*,*,#1072,.F.);
#1393=ORIENTED_EDGE('',*,*,#1071,.T.);
#1394=ORIENTED_EDGE('',*,*,#1073,.F.);
#1395=ORIENTED_EDGE('',*,*,#1074,.F.);
#1396=ORIENTED_EDGE('',*,*,#1075,.F.);
#1397=ORIENTED_EDGE('',*,*,#1074,.T.);
#1398=ORIENTED_EDGE('',*,*,#1076,.F.);
#1399=ORIENTED_EDGE('',*,*,#1054,.F.);
#1400=ORIENTED_EDGE('',*,*,#1077,.T.);
#1401=ORIENTED_EDGE('',*,*,#1078,.T.);
#1402=ORIENTED_EDGE('',*,*,#1079,.T.);
#1403=ORIENTED_EDGE('',*,*,#1080,.T.);
#1404=ORIENTED_EDGE('',*,*,#1081,.T.);
#1405=ORIENTED_EDGE('',*,*,#1082,.T.);
#1406=ORIENTED_EDGE('',*,*,#1083,.T.);
#1407=ORIENTED_EDGE('',*,*,#1084,.T.);
#1408=ORIENTED_EDGE('',*,*,#1076,.T.);
#1409=ORIENTED_EDGE('',*,*,#1073,.T.);
#1410=ORIENTED_EDGE('',*,*,#1070,.T.);
#1411=ORIENTED_EDGE('',*,*,#1067,.T.);
#1412=ORIENTED_EDGE('',*,*,#1064,.T.);
#1413=ORIENTED_EDGE('',*,*,#1061,.T.);
#1414=ORIENTED_EDGE('',*,*,#1058,.T.);
#1415=ORIENTED_EDGE('',*,*,#1055,.T.);
#1416=ORIENTED_EDGE('',*,*,#1085,.T.);
#1417=ORIENTED_EDGE('',*,*,#1086,.T.);
#1418=ORIENTED_EDGE('',*,*,#1087,.T.);
#1419=ORIENTED_EDGE('',*,*,#1088,.T.);
#1420=ORIENTED_EDGE('',*,*,#1086,.F.);
#1421=ORIENTED_EDGE('',*,*,#1089,.F.);
#1422=ORIENTED_EDGE('',*,*,#1090,.F.);
#1423=ORIENTED_EDGE('',*,*,#1091,.T.);
#1424=ORIENTED_EDGE('',*,*,#1085,.F.);
#1425=ORIENTED_EDGE('',*,*,#1092,.F.);
#1426=ORIENTED_EDGE('',*,*,#1093,.F.);
#1427=ORIENTED_EDGE('',*,*,#1089,.T.);
#1428=ORIENTED_EDGE('',*,*,#1088,.F.);
#1429=ORIENTED_EDGE('',*,*,#1094,.F.);
#1430=ORIENTED_EDGE('',*,*,#1095,.F.);
#1431=ORIENTED_EDGE('',*,*,#1092,.T.);
#1432=ORIENTED_EDGE('',*,*,#1087,.F.);
#1433=ORIENTED_EDGE('',*,*,#1091,.F.);
#1434=ORIENTED_EDGE('',*,*,#1096,.F.);
#1435=ORIENTED_EDGE('',*,*,#1094,.T.);
#1436=ORIENTED_EDGE('',*,*,#1097,.T.);
#1437=ORIENTED_EDGE('',*,*,#1098,.T.);
#1438=ORIENTED_EDGE('',*,*,#1099,.T.);
#1439=ORIENTED_EDGE('',*,*,#1100,.T.);
#1440=ORIENTED_EDGE('',*,*,#1101,.T.);
#1441=ORIENTED_EDGE('',*,*,#1102,.T.);
#1442=ORIENTED_EDGE('',*,*,#1103,.T.);
#1443=ORIENTED_EDGE('',*,*,#1104,.T.);
#1444=ORIENTED_EDGE('',*,*,#1105,.T.);
#1445=ORIENTED_EDGE('',*,*,#1106,.T.);
#1446=ORIENTED_EDGE('',*,*,#1107,.T.);
#1447=ORIENTED_EDGE('',*,*,#1108,.T.);
#1448=ORIENTED_EDGE('',*,*,#1109,.T.);
#1449=ORIENTED_EDGE('',*,*,#1110,.T.);
#1450=ORIENTED_EDGE('',*,*,#1111,.T.);
#1451=ORIENTED_EDGE('',*,*,#1112,.T.);
#1452=ORIENTED_EDGE('',*,*,#1113,.T.);
#1453=ORIENTED_EDGE('',*,*,#1114,.T.);
#1454=ORIENTED_EDGE('',*,*,#1115,.T.);
#1455=ORIENTED_EDGE('',*,*,#1116,.T.);
#1456=ORIENTED_EDGE('',*,*,#1117,.T.);
#1457=ORIENTED_EDGE('',*,*,#1118,.T.);
#1458=ORIENTED_EDGE('',*,*,#1119,.T.);
#1459=ORIENTED_EDGE('',*,*,#1120,.T.);
#1460=ORIENTED_EDGE('',*,*,#1121,.T.);
#1461=ORIENTED_EDGE('',*,*,#1122,.T.);
#1462=ORIENTED_EDGE('',*,*,#1109,.F.);
#1463=ORIENTED_EDGE('',*,*,#1123,.F.);
#1464=ORIENTED_EDGE('',*,*,#1124,.F.);
#1465=ORIENTED_EDGE('',*,*,#1125,.T.);
#1466=ORIENTED_EDGE('',*,*,#1108,.F.);
#1467=ORIENTED_EDGE('',*,*,#1126,.F.);
#1468=ORIENTED_EDGE('',*,*,#1127,.F.);
#1469=ORIENTED_EDGE('',*,*,#1123,.T.);
#1470=ORIENTED_EDGE('',*,*,#1107,.F.);
#1471=ORIENTED_EDGE('',*,*,#1128,.F.);
#1472=ORIENTED_EDGE('',*,*,#1129,.F.);
#1473=ORIENTED_EDGE('',*,*,#1126,.T.);
#1474=ORIENTED_EDGE('',*,*,#1106,.F.);
#1475=ORIENTED_EDGE('',*,*,#1130,.F.);
#1476=ORIENTED_EDGE('',*,*,#1131,.F.);
#1477=ORIENTED_EDGE('',*,*,#1128,.T.);
#1478=ORIENTED_EDGE('',*,*,#1105,.F.);
#1479=ORIENTED_EDGE('',*,*,#1132,.F.);
#1480=ORIENTED_EDGE('',*,*,#1133,.F.);
#1481=ORIENTED_EDGE('',*,*,#1130,.T.);
#1482=ORIENTED_EDGE('',*,*,#1104,.F.);
#1483=ORIENTED_EDGE('',*,*,#1134,.F.);
#1484=ORIENTED_EDGE('',*,*,#1135,.F.);
#1485=ORIENTED_EDGE('',*,*,#1132,.T.);
#1486=ORIENTED_EDGE('',*,*,#1103,.F.);
#1487=ORIENTED_EDGE('',*,*,#1136,.F.);
#1488=ORIENTED_EDGE('',*,*,#1137,.F.);
#1489=ORIENTED_EDGE('',*,*,#1134,.T.);
#1490=ORIENTED_EDGE('',*,*,#1102,.F.);
#1491=ORIENTED_EDGE('',*,*,#1138,.F.);
#1492=ORIENTED_EDGE('',*,*,#1139,.F.);
#1493=ORIENTED_EDGE('',*,*,#1136,.T.);
#1494=ORIENTED_EDGE('',*,*,#1101,.F.);
#1495=ORIENTED_EDGE('',*,*,#1140,.F.);
#1496=ORIENTED_EDGE('',*,*,#1141,.F.);
#1497=ORIENTED_EDGE('',*,*,#1138,.T.);
#1498=ORIENTED_EDGE('',*,*,#1100,.F.);
#1499=ORIENTED_EDGE('',*,*,#1142,.F.);
#1500=ORIENTED_EDGE('',*,*,#1143,.F.);
#1501=ORIENTED_EDGE('',*,*,#1140,.T.);
#1502=ORIENTED_EDGE('',*,*,#1099,.F.);
#1503=ORIENTED_EDGE('',*,*,#1144,.F.);
#1504=ORIENTED_EDGE('',*,*,#1145,.F.);
#1505=ORIENTED_EDGE('',*,*,#1142,.T.);
#1506=ORIENTED_EDGE('',*,*,#1098,.F.);
#1507=ORIENTED_EDGE('',*,*,#1146,.F.);
#1508=ORIENTED_EDGE('',*,*,#1147,.F.);
#1509=ORIENTED_EDGE('',*,*,#1144,.T.);
#1510=ORIENTED_EDGE('',*,*,#1097,.F.);
#1511=ORIENTED_EDGE('',*,*,#1148,.F.);
#1512=ORIENTED_EDGE('',*,*,#1149,.F.);
#1513=ORIENTED_EDGE('',*,*,#1146,.T.);
#1514=ORIENTED_EDGE('',*,*,#1122,.F.);
#1515=ORIENTED_EDGE('',*,*,#1150,.F.);
#1516=ORIENTED_EDGE('',*,*,#1151,.F.);
#1517=ORIENTED_EDGE('',*,*,#1148,.T.);
#1518=ORIENTED_EDGE('',*,*,#1121,.F.);
#1519=ORIENTED_EDGE('',*,*,#1152,.F.);
#1520=ORIENTED_EDGE('',*,*,#1153,.F.);
#1521=ORIENTED_EDGE('',*,*,#1150,.T.);
#1522=ORIENTED_EDGE('',*,*,#1120,.F.);
#1523=ORIENTED_EDGE('',*,*,#1154,.F.);
#1524=ORIENTED_EDGE('',*,*,#1155,.F.);
#1525=ORIENTED_EDGE('',*,*,#1152,.T.);
#1526=ORIENTED_EDGE('',*,*,#1119,.F.);
#1527=ORIENTED_EDGE('',*,*,#1156,.F.);
#1528=ORIENTED_EDGE('',*,*,#1157,.F.);
#1529=ORIENTED_EDGE('',*,*,#1154,.T.);
#1530=ORIENTED_EDGE('',*,*,#1118,.F.);
#1531=ORIENTED_EDGE('',*,*,#1158,.F.);
#1532=ORIENTED_EDGE('',*,*,#1159,.F.);
#1533=ORIENTED_EDGE('',*,*,#1156,.T.);
#1534=ORIENTED_EDGE('',*,*,#1117,.F.);
#1535=ORIENTED_EDGE('',*,*,#1160,.F.);
#1536=ORIENTED_EDGE('',*,*,#1161,.F.);
#1537=ORIENTED_EDGE('',*,*,#1158,.T.);
#1538=ORIENTED_EDGE('',*,*,#1116,.F.);
#1539=ORIENTED_EDGE('',*,*,#1162,.F.);
#1540=ORIENTED_EDGE('',*,*,#1163,.F.);
#1541=ORIENTED_EDGE('',*,*,#1160,.T.);
#1542=ORIENTED_EDGE('',*,*,#1115,.F.);
#1543=ORIENTED_EDGE('',*,*,#1164,.F.);
#1544=ORIENTED_EDGE('',*,*,#1165,.F.);
#1545=ORIENTED_EDGE('',*,*,#1162,.T.);
#1546=ORIENTED_EDGE('',*,*,#1114,.F.);
#1547=ORIENTED_EDGE('',*,*,#1166,.F.);
#1548=ORIENTED_EDGE('',*,*,#1167,.F.);
#1549=ORIENTED_EDGE('',*,*,#1164,.T.);
#1550=ORIENTED_EDGE('',*,*,#1113,.F.);
#1551=ORIENTED_EDGE('',*,*,#1168,.F.);
#1552=ORIENTED_EDGE('',*,*,#1169,.F.);
#1553=ORIENTED_EDGE('',*,*,#1166,.T.);
#1554=ORIENTED_EDGE('',*,*,#1112,.F.);
#1555=ORIENTED_EDGE('',*,*,#1170,.F.);
#1556=ORIENTED_EDGE('',*,*,#1171,.F.);
#1557=ORIENTED_EDGE('',*,*,#1168,.T.);
#1558=ORIENTED_EDGE('',*,*,#1111,.F.);
#1559=ORIENTED_EDGE('',*,*,#1172,.F.);
#1560=ORIENTED_EDGE('',*,*,#1173,.F.);
#1561=ORIENTED_EDGE('',*,*,#1170,.T.);
#1562=ORIENTED_EDGE('',*,*,#1110,.F.);
#1563=ORIENTED_EDGE('',*,*,#1125,.F.);
#1564=ORIENTED_EDGE('',*,*,#1174,.F.);
#1565=ORIENTED_EDGE('',*,*,#1172,.T.);
#1566=ORIENTED_EDGE('',*,*,#1175,.F.);
#1567=ORIENTED_EDGE('',*,*,#1176,.F.);
#1568=ORIENTED_EDGE('',*,*,#1177,.F.);
#1569=ORIENTED_EDGE('',*,*,#1178,.T.);
#1570=ORIENTED_EDGE('',*,*,#1179,.F.);
#1571=ORIENTED_EDGE('',*,*,#1178,.F.);
#1572=ORIENTED_EDGE('',*,*,#1180,.F.);
#1573=ORIENTED_EDGE('',*,*,#1181,.T.);
#1574=ORIENTED_EDGE('',*,*,#1182,.F.);
#1575=ORIENTED_EDGE('',*,*,#1181,.F.);
#1576=ORIENTED_EDGE('',*,*,#1183,.F.);
#1577=ORIENTED_EDGE('',*,*,#1184,.T.);
#1578=ORIENTED_EDGE('',*,*,#1185,.F.);
#1579=ORIENTED_EDGE('',*,*,#1184,.F.);
#1580=ORIENTED_EDGE('',*,*,#1186,.F.);
#1581=ORIENTED_EDGE('',*,*,#1187,.T.);
#1582=ORIENTED_EDGE('',*,*,#1188,.F.);
#1583=ORIENTED_EDGE('',*,*,#1187,.F.);
#1584=ORIENTED_EDGE('',*,*,#1189,.F.);
#1585=ORIENTED_EDGE('',*,*,#1190,.T.);
#1586=ORIENTED_EDGE('',*,*,#1191,.F.);
#1587=ORIENTED_EDGE('',*,*,#1190,.F.);
#1588=ORIENTED_EDGE('',*,*,#1192,.F.);
#1589=ORIENTED_EDGE('',*,*,#1193,.T.);
#1590=ORIENTED_EDGE('',*,*,#1194,.F.);
#1591=ORIENTED_EDGE('',*,*,#1193,.F.);
#1592=ORIENTED_EDGE('',*,*,#1195,.F.);
#1593=ORIENTED_EDGE('',*,*,#1196,.T.);
#1594=ORIENTED_EDGE('',*,*,#1197,.F.);
#1595=ORIENTED_EDGE('',*,*,#1198,.F.);
#1596=ORIENTED_EDGE('',*,*,#1199,.F.);
#1597=ORIENTED_EDGE('',*,*,#1200,.T.);
#1598=ORIENTED_EDGE('',*,*,#1201,.F.);
#1599=ORIENTED_EDGE('',*,*,#1202,.F.);
#1600=ORIENTED_EDGE('',*,*,#1203,.F.);
#1601=ORIENTED_EDGE('',*,*,#1198,.T.);
#1602=ORIENTED_EDGE('',*,*,#1204,.F.);
#1603=ORIENTED_EDGE('',*,*,#1196,.F.);
#1604=ORIENTED_EDGE('',*,*,#1205,.F.);
#1605=ORIENTED_EDGE('',*,*,#1206,.T.);
#1606=ORIENTED_EDGE('',*,*,#1207,.F.);
#1607=ORIENTED_EDGE('',*,*,#1206,.F.);
#1608=ORIENTED_EDGE('',*,*,#1208,.F.);
#1609=ORIENTED_EDGE('',*,*,#1209,.T.);
#1610=ORIENTED_EDGE('',*,*,#1210,.F.);
#1611=ORIENTED_EDGE('',*,*,#1209,.F.);
#1612=ORIENTED_EDGE('',*,*,#1211,.F.);
#1613=ORIENTED_EDGE('',*,*,#1212,.T.);
#1614=ORIENTED_EDGE('',*,*,#1213,.F.);
#1615=ORIENTED_EDGE('',*,*,#1212,.F.);
#1616=ORIENTED_EDGE('',*,*,#1214,.F.);
#1617=ORIENTED_EDGE('',*,*,#1215,.T.);
#1618=ORIENTED_EDGE('',*,*,#1216,.F.);
#1619=ORIENTED_EDGE('',*,*,#1215,.F.);
#1620=ORIENTED_EDGE('',*,*,#1217,.F.);
#1621=ORIENTED_EDGE('',*,*,#1218,.T.);
#1622=ORIENTED_EDGE('',*,*,#1219,.F.);
#1623=ORIENTED_EDGE('',*,*,#1218,.F.);
#1624=ORIENTED_EDGE('',*,*,#1220,.F.);
#1625=ORIENTED_EDGE('',*,*,#1221,.T.);
#1626=ORIENTED_EDGE('',*,*,#1222,.F.);
#1627=ORIENTED_EDGE('',*,*,#1221,.F.);
#1628=ORIENTED_EDGE('',*,*,#1223,.F.);
#1629=ORIENTED_EDGE('',*,*,#1176,.T.);
#1630=ORIENTED_EDGE('',*,*,#1224,.F.);
#1631=ORIENTED_EDGE('',*,*,#1200,.F.);
#1632=ORIENTED_EDGE('',*,*,#1225,.F.);
#1633=ORIENTED_EDGE('',*,*,#1226,.T.);
#1634=ORIENTED_EDGE('',*,*,#1227,.F.);
#1635=ORIENTED_EDGE('',*,*,#1226,.F.);
#1636=ORIENTED_EDGE('',*,*,#1228,.F.);
#1637=ORIENTED_EDGE('',*,*,#1202,.T.);
#1638=ORIENTED_EDGE('',*,*,#1204,.T.);
#1639=ORIENTED_EDGE('',*,*,#1207,.T.);
#1640=ORIENTED_EDGE('',*,*,#1210,.T.);
#1641=ORIENTED_EDGE('',*,*,#1213,.T.);
#1642=ORIENTED_EDGE('',*,*,#1216,.T.);
#1643=ORIENTED_EDGE('',*,*,#1219,.T.);
#1644=ORIENTED_EDGE('',*,*,#1222,.T.);
#1645=ORIENTED_EDGE('',*,*,#1175,.T.);
#1646=ORIENTED_EDGE('',*,*,#1179,.T.);
#1647=ORIENTED_EDGE('',*,*,#1182,.T.);
#1648=ORIENTED_EDGE('',*,*,#1185,.T.);
#1649=ORIENTED_EDGE('',*,*,#1188,.T.);
#1650=ORIENTED_EDGE('',*,*,#1191,.T.);
#1651=ORIENTED_EDGE('',*,*,#1194,.T.);
#1652=ORIENTED_EDGE('',*,*,#1224,.T.);
#1653=ORIENTED_EDGE('',*,*,#1227,.T.);
#1654=ORIENTED_EDGE('',*,*,#1201,.T.);
#1655=ORIENTED_EDGE('',*,*,#1197,.T.);
#1656=ORIENTED_EDGE('',*,*,#1229,.T.);
#1657=ORIENTED_EDGE('',*,*,#1230,.T.);
#1658=ORIENTED_EDGE('',*,*,#1231,.T.);
#1659=ORIENTED_EDGE('',*,*,#1232,.T.);
#1660=ORIENTED_EDGE('',*,*,#1233,.T.);
#1661=ORIENTED_EDGE('',*,*,#1234,.T.);
#1662=ORIENTED_EDGE('',*,*,#1235,.T.);
#1663=ORIENTED_EDGE('',*,*,#1236,.T.);
#1664=ORIENTED_EDGE('',*,*,#1237,.T.);
#1665=ORIENTED_EDGE('',*,*,#1238,.T.);
#1666=ORIENTED_EDGE('',*,*,#1239,.T.);
#1667=ORIENTED_EDGE('',*,*,#1240,.T.);
#1668=ORIENTED_EDGE('',*,*,#1241,.T.);
#1669=ORIENTED_EDGE('',*,*,#1242,.T.);
#1670=ORIENTED_EDGE('',*,*,#1243,.T.);
#1671=ORIENTED_EDGE('',*,*,#1244,.T.);
#1672=ORIENTED_EDGE('',*,*,#1245,.T.);
#1673=ORIENTED_EDGE('',*,*,#1246,.T.);
#1674=ORIENTED_EDGE('',*,*,#1244,.F.);
#1675=ORIENTED_EDGE('',*,*,#1247,.F.);
#1676=ORIENTED_EDGE('',*,*,#1248,.F.);
#1677=ORIENTED_EDGE('',*,*,#1249,.T.);
#1678=ORIENTED_EDGE('',*,*,#1243,.F.);
#1679=ORIENTED_EDGE('',*,*,#1250,.F.);
#1680=ORIENTED_EDGE('',*,*,#1251,.F.);
#1681=ORIENTED_EDGE('',*,*,#1247,.T.);
#1682=ORIENTED_EDGE('',*,*,#1235,.F.);
#1683=ORIENTED_EDGE('',*,*,#1252,.F.);
#1684=ORIENTED_EDGE('',*,*,#1253,.F.);
#1685=ORIENTED_EDGE('',*,*,#1254,.T.);
#1686=ORIENTED_EDGE('',*,*,#1234,.F.);
#1687=ORIENTED_EDGE('',*,*,#1255,.F.);
#1688=ORIENTED_EDGE('',*,*,#1256,.F.);
#1689=ORIENTED_EDGE('',*,*,#1252,.T.);
#1690=ORIENTED_EDGE('',*,*,#1233,.F.);
#1691=ORIENTED_EDGE('',*,*,#1257,.F.);
#1692=ORIENTED_EDGE('',*,*,#1258,.F.);
#1693=ORIENTED_EDGE('',*,*,#1255,.T.);
#1694=ORIENTED_EDGE('',*,*,#1232,.F.);
#1695=ORIENTED_EDGE('',*,*,#1259,.F.);
#1696=ORIENTED_EDGE('',*,*,#1260,.F.);
#1697=ORIENTED_EDGE('',*,*,#1257,.T.);
#1698=ORIENTED_EDGE('',*,*,#1231,.F.);
#1699=ORIENTED_EDGE('',*,*,#1261,.F.);
#1700=ORIENTED_EDGE('',*,*,#1262,.F.);
#1701=ORIENTED_EDGE('',*,*,#1259,.T.);
#1702=ORIENTED_EDGE('',*,*,#1230,.F.);
#1703=ORIENTED_EDGE('',*,*,#1263,.F.);
#1704=ORIENTED_EDGE('',*,*,#1264,.F.);
#1705=ORIENTED_EDGE('',*,*,#1261,.T.);
#1706=ORIENTED_EDGE('',*,*,#1229,.F.);
#1707=ORIENTED_EDGE('',*,*,#1265,.F.);
#1708=ORIENTED_EDGE('',*,*,#1266,.F.);
#1709=ORIENTED_EDGE('',*,*,#1263,.T.);
#1710=ORIENTED_EDGE('',*,*,#1245,.F.);
#1711=ORIENTED_EDGE('',*,*,#1249,.F.);
#1712=ORIENTED_EDGE('',*,*,#1267,.F.);
#1713=ORIENTED_EDGE('',*,*,#1268,.T.);
#1714=ORIENTED_EDGE('',*,*,#1246,.F.);
#1715=ORIENTED_EDGE('',*,*,#1268,.F.);
#1716=ORIENTED_EDGE('',*,*,#1269,.F.);
#1717=ORIENTED_EDGE('',*,*,#1250,.T.);
#1718=ORIENTED_EDGE('',*,*,#1242,.F.);
#1719=ORIENTED_EDGE('',*,*,#1270,.F.);
#1720=ORIENTED_EDGE('',*,*,#1271,.F.);
#1721=ORIENTED_EDGE('',*,*,#1265,.T.);
#1722=ORIENTED_EDGE('',*,*,#1241,.F.);
#1723=ORIENTED_EDGE('',*,*,#1272,.F.);
#1724=ORIENTED_EDGE('',*,*,#1273,.F.);
#1725=ORIENTED_EDGE('',*,*,#1270,.T.);
#1726=ORIENTED_EDGE('',*,*,#1240,.F.);
#1727=ORIENTED_EDGE('',*,*,#1274,.F.);
#1728=ORIENTED_EDGE('',*,*,#1275,.F.);
#1729=ORIENTED_EDGE('',*,*,#1272,.T.);
#1730=ORIENTED_EDGE('',*,*,#1239,.F.);
#1731=ORIENTED_EDGE('',*,*,#1276,.F.);
#1732=ORIENTED_EDGE('',*,*,#1277,.F.);
#1733=ORIENTED_EDGE('',*,*,#1274,.T.);
#1734=ORIENTED_EDGE('',*,*,#1238,.F.);
#1735=ORIENTED_EDGE('',*,*,#1278,.F.);
#1736=ORIENTED_EDGE('',*,*,#1279,.F.);
#1737=ORIENTED_EDGE('',*,*,#1276,.T.);
#1738=ORIENTED_EDGE('',*,*,#1237,.F.);
#1739=ORIENTED_EDGE('',*,*,#1280,.F.);
#1740=ORIENTED_EDGE('',*,*,#1281,.F.);
#1741=ORIENTED_EDGE('',*,*,#1278,.T.);
#1742=ORIENTED_EDGE('',*,*,#1236,.F.);
#1743=ORIENTED_EDGE('',*,*,#1254,.F.);
#1744=ORIENTED_EDGE('',*,*,#1282,.F.);
#1745=ORIENTED_EDGE('',*,*,#1280,.T.);
#1746=ORIENTED_EDGE('',*,*,#1283,.F.);
#1747=ORIENTED_EDGE('',*,*,#1284,.F.);
#1748=ORIENTED_EDGE('',*,*,#1285,.F.);
#1749=ORIENTED_EDGE('',*,*,#1286,.T.);
#1750=ORIENTED_EDGE('',*,*,#1287,.F.);
#1751=ORIENTED_EDGE('',*,*,#1286,.F.);
#1752=ORIENTED_EDGE('',*,*,#1288,.F.);
#1753=ORIENTED_EDGE('',*,*,#1289,.T.);
#1754=ORIENTED_EDGE('',*,*,#1290,.F.);
#1755=ORIENTED_EDGE('',*,*,#1289,.F.);
#1756=ORIENTED_EDGE('',*,*,#1291,.F.);
#1757=ORIENTED_EDGE('',*,*,#1292,.T.);
#1758=ORIENTED_EDGE('',*,*,#1293,.F.);
#1759=ORIENTED_EDGE('',*,*,#1292,.F.);
#1760=ORIENTED_EDGE('',*,*,#1294,.F.);
#1761=ORIENTED_EDGE('',*,*,#1295,.T.);
#1762=ORIENTED_EDGE('',*,*,#1296,.F.);
#1763=ORIENTED_EDGE('',*,*,#1295,.F.);
#1764=ORIENTED_EDGE('',*,*,#1297,.F.);
#1765=ORIENTED_EDGE('',*,*,#1298,.T.);
#1766=ORIENTED_EDGE('',*,*,#1299,.F.);
#1767=ORIENTED_EDGE('',*,*,#1298,.F.);
#1768=ORIENTED_EDGE('',*,*,#1300,.F.);
#1769=ORIENTED_EDGE('',*,*,#1301,.T.);
#1770=ORIENTED_EDGE('',*,*,#1302,.F.);
#1771=ORIENTED_EDGE('',*,*,#1301,.F.);
#1772=ORIENTED_EDGE('',*,*,#1303,.F.);
#1773=ORIENTED_EDGE('',*,*,#1304,.T.);
#1774=ORIENTED_EDGE('',*,*,#1305,.F.);
#1775=ORIENTED_EDGE('',*,*,#1304,.F.);
#1776=ORIENTED_EDGE('',*,*,#1306,.F.);
#1777=ORIENTED_EDGE('',*,*,#1307,.T.);
#1778=ORIENTED_EDGE('',*,*,#1308,.F.);
#1779=ORIENTED_EDGE('',*,*,#1307,.F.);
#1780=ORIENTED_EDGE('',*,*,#1309,.F.);
#1781=ORIENTED_EDGE('',*,*,#1310,.T.);
#1782=ORIENTED_EDGE('',*,*,#1311,.F.);
#1783=ORIENTED_EDGE('',*,*,#1310,.F.);
#1784=ORIENTED_EDGE('',*,*,#1312,.F.);
#1785=ORIENTED_EDGE('',*,*,#1313,.T.);
#1786=ORIENTED_EDGE('',*,*,#1314,.F.);
#1787=ORIENTED_EDGE('',*,*,#1313,.F.);
#1788=ORIENTED_EDGE('',*,*,#1315,.F.);
#1789=ORIENTED_EDGE('',*,*,#1316,.T.);
#1790=ORIENTED_EDGE('',*,*,#1317,.F.);
#1791=ORIENTED_EDGE('',*,*,#1316,.F.);
#1792=ORIENTED_EDGE('',*,*,#1318,.F.);
#1793=ORIENTED_EDGE('',*,*,#1319,.T.);
#1794=ORIENTED_EDGE('',*,*,#1320,.F.);
#1795=ORIENTED_EDGE('',*,*,#1319,.F.);
#1796=ORIENTED_EDGE('',*,*,#1321,.F.);
#1797=ORIENTED_EDGE('',*,*,#1322,.T.);
#1798=ORIENTED_EDGE('',*,*,#1323,.F.);
#1799=ORIENTED_EDGE('',*,*,#1322,.F.);
#1800=ORIENTED_EDGE('',*,*,#1324,.F.);
#1801=ORIENTED_EDGE('',*,*,#1325,.T.);
#1802=ORIENTED_EDGE('',*,*,#1326,.F.);
#1803=ORIENTED_EDGE('',*,*,#1325,.F.);
#1804=ORIENTED_EDGE('',*,*,#1327,.F.);
#1805=ORIENTED_EDGE('',*,*,#1328,.T.);
#1806=ORIENTED_EDGE('',*,*,#1329,.F.);
#1807=ORIENTED_EDGE('',*,*,#1328,.F.);
#1808=ORIENTED_EDGE('',*,*,#1330,.F.);
#1809=ORIENTED_EDGE('',*,*,#1331,.T.);
#1810=ORIENTED_EDGE('',*,*,#1332,.F.);
#1811=ORIENTED_EDGE('',*,*,#1331,.F.);
#1812=ORIENTED_EDGE('',*,*,#1333,.F.);
#1813=ORIENTED_EDGE('',*,*,#1334,.T.);
#1814=ORIENTED_EDGE('',*,*,#1335,.F.);
#1815=ORIENTED_EDGE('',*,*,#1334,.F.);
#1816=ORIENTED_EDGE('',*,*,#1336,.F.);
#1817=ORIENTED_EDGE('',*,*,#1337,.T.);
#1818=ORIENTED_EDGE('',*,*,#1338,.F.);
#1819=ORIENTED_EDGE('',*,*,#1337,.F.);
#1820=ORIENTED_EDGE('',*,*,#1339,.F.);
#1821=ORIENTED_EDGE('',*,*,#1340,.T.);
#1822=ORIENTED_EDGE('',*,*,#1341,.F.);
#1823=ORIENTED_EDGE('',*,*,#1340,.F.);
#1824=ORIENTED_EDGE('',*,*,#1342,.F.);
#1825=ORIENTED_EDGE('',*,*,#1343,.T.);
#1826=ORIENTED_EDGE('',*,*,#1344,.F.);
#1827=ORIENTED_EDGE('',*,*,#1343,.F.);
#1828=ORIENTED_EDGE('',*,*,#1345,.F.);
#1829=ORIENTED_EDGE('',*,*,#1284,.T.);
#1830=ORIENTED_EDGE('',*,*,#1314,.T.);
#1831=ORIENTED_EDGE('',*,*,#1317,.T.);
#1832=ORIENTED_EDGE('',*,*,#1320,.T.);
#1833=ORIENTED_EDGE('',*,*,#1323,.T.);
#1834=ORIENTED_EDGE('',*,*,#1326,.T.);
#1835=ORIENTED_EDGE('',*,*,#1329,.T.);
#1836=ORIENTED_EDGE('',*,*,#1332,.T.);
#1837=ORIENTED_EDGE('',*,*,#1335,.T.);
#1838=ORIENTED_EDGE('',*,*,#1338,.T.);
#1839=ORIENTED_EDGE('',*,*,#1341,.T.);
#1840=ORIENTED_EDGE('',*,*,#1344,.T.);
#1841=ORIENTED_EDGE('',*,*,#1283,.T.);
#1842=ORIENTED_EDGE('',*,*,#1287,.T.);
#1843=ORIENTED_EDGE('',*,*,#1290,.T.);
#1844=ORIENTED_EDGE('',*,*,#1293,.T.);
#1845=ORIENTED_EDGE('',*,*,#1296,.T.);
#1846=ORIENTED_EDGE('',*,*,#1299,.T.);
#1847=ORIENTED_EDGE('',*,*,#1302,.T.);
#1848=ORIENTED_EDGE('',*,*,#1305,.T.);
#1849=ORIENTED_EDGE('',*,*,#1308,.T.);
#1850=ORIENTED_EDGE('',*,*,#1311,.T.);
#1851=ORIENTED_EDGE('',*,*,#1053,.T.);
#1852=ORIENTED_EDGE('',*,*,#1057,.T.);
#1853=ORIENTED_EDGE('',*,*,#1060,.T.);
#1854=ORIENTED_EDGE('',*,*,#1063,.T.);
#1855=ORIENTED_EDGE('',*,*,#1066,.T.);
#1856=ORIENTED_EDGE('',*,*,#1069,.T.);
#1857=ORIENTED_EDGE('',*,*,#1072,.T.);
#1858=ORIENTED_EDGE('',*,*,#1075,.T.);
#1859=ORIENTED_EDGE('',*,*,#1346,.T.);
#1860=ORIENTED_EDGE('',*,*,#1347,.T.);
#1861=ORIENTED_EDGE('',*,*,#1285,.T.);
#1862=ORIENTED_EDGE('',*,*,#1345,.T.);
#1863=ORIENTED_EDGE('',*,*,#1342,.T.);
#1864=ORIENTED_EDGE('',*,*,#1339,.T.);
#1865=ORIENTED_EDGE('',*,*,#1336,.T.);
#1866=ORIENTED_EDGE('',*,*,#1333,.T.);
#1867=ORIENTED_EDGE('',*,*,#1330,.T.);
#1868=ORIENTED_EDGE('',*,*,#1327,.T.);
#1869=ORIENTED_EDGE('',*,*,#1324,.T.);
#1870=ORIENTED_EDGE('',*,*,#1321,.T.);
#1871=ORIENTED_EDGE('',*,*,#1318,.T.);
#1872=ORIENTED_EDGE('',*,*,#1315,.T.);
#1873=ORIENTED_EDGE('',*,*,#1312,.T.);
#1874=ORIENTED_EDGE('',*,*,#1309,.T.);
#1875=ORIENTED_EDGE('',*,*,#1306,.T.);
#1876=ORIENTED_EDGE('',*,*,#1303,.T.);
#1877=ORIENTED_EDGE('',*,*,#1300,.T.);
#1878=ORIENTED_EDGE('',*,*,#1297,.T.);
#1879=ORIENTED_EDGE('',*,*,#1294,.T.);
#1880=ORIENTED_EDGE('',*,*,#1291,.T.);
#1881=ORIENTED_EDGE('',*,*,#1288,.T.);
#1882=ORIENTED_EDGE('',*,*,#1253,.T.);
#1883=ORIENTED_EDGE('',*,*,#1256,.T.);
#1884=ORIENTED_EDGE('',*,*,#1258,.T.);
#1885=ORIENTED_EDGE('',*,*,#1260,.T.);
#1886=ORIENTED_EDGE('',*,*,#1262,.T.);
#1887=ORIENTED_EDGE('',*,*,#1264,.T.);
#1888=ORIENTED_EDGE('',*,*,#1266,.T.);
#1889=ORIENTED_EDGE('',*,*,#1271,.T.);
#1890=ORIENTED_EDGE('',*,*,#1273,.T.);
#1891=ORIENTED_EDGE('',*,*,#1275,.T.);
#1892=ORIENTED_EDGE('',*,*,#1277,.T.);
#1893=ORIENTED_EDGE('',*,*,#1279,.T.);
#1894=ORIENTED_EDGE('',*,*,#1281,.T.);
#1895=ORIENTED_EDGE('',*,*,#1282,.T.);
#1896=ORIENTED_EDGE('',*,*,#1177,.T.);
#1897=ORIENTED_EDGE('',*,*,#1223,.T.);
#1898=ORIENTED_EDGE('',*,*,#1220,.T.);
#1899=ORIENTED_EDGE('',*,*,#1217,.T.);
#1900=ORIENTED_EDGE('',*,*,#1214,.T.);
#1901=ORIENTED_EDGE('',*,*,#1211,.T.);
#1902=ORIENTED_EDGE('',*,*,#1208,.T.);
#1903=ORIENTED_EDGE('',*,*,#1205,.T.);
#1904=ORIENTED_EDGE('',*,*,#1195,.T.);
#1905=ORIENTED_EDGE('',*,*,#1192,.T.);
#1906=ORIENTED_EDGE('',*,*,#1189,.T.);
#1907=ORIENTED_EDGE('',*,*,#1186,.T.);
#1908=ORIENTED_EDGE('',*,*,#1183,.T.);
#1909=ORIENTED_EDGE('',*,*,#1180,.T.);
#1910=ORIENTED_EDGE('',*,*,#1124,.T.);
#1911=ORIENTED_EDGE('',*,*,#1127,.T.);
#1912=ORIENTED_EDGE('',*,*,#1129,.T.);
#1913=ORIENTED_EDGE('',*,*,#1131,.T.);
#1914=ORIENTED_EDGE('',*,*,#1133,.T.);
#1915=ORIENTED_EDGE('',*,*,#1135,.T.);
#1916=ORIENTED_EDGE('',*,*,#1137,.T.);
#1917=ORIENTED_EDGE('',*,*,#1139,.T.);
#1918=ORIENTED_EDGE('',*,*,#1141,.T.);
#1919=ORIENTED_EDGE('',*,*,#1143,.T.);
#1920=ORIENTED_EDGE('',*,*,#1145,.T.);
#1921=ORIENTED_EDGE('',*,*,#1147,.T.);
#1922=ORIENTED_EDGE('',*,*,#1149,.T.);
#1923=ORIENTED_EDGE('',*,*,#1151,.T.);
#1924=ORIENTED_EDGE('',*,*,#1153,.T.);
#1925=ORIENTED_EDGE('',*,*,#1155,.T.);
#1926=ORIENTED_EDGE('',*,*,#1157,.T.);
#1927=ORIENTED_EDGE('',*,*,#1159,.T.);
#1928=ORIENTED_EDGE('',*,*,#1161,.T.);
#1929=ORIENTED_EDGE('',*,*,#1163,.T.);
#1930=ORIENTED_EDGE('',*,*,#1165,.T.);
#1931=ORIENTED_EDGE('',*,*,#1167,.T.);
#1932=ORIENTED_EDGE('',*,*,#1169,.T.);
#1933=ORIENTED_EDGE('',*,*,#1171,.T.);
#1934=ORIENTED_EDGE('',*,*,#1173,.T.);
#1935=ORIENTED_EDGE('',*,*,#1174,.T.);
#1936=ORIENTED_EDGE('',*,*,#1090,.T.);
#1937=ORIENTED_EDGE('',*,*,#1093,.T.);
#1938=ORIENTED_EDGE('',*,*,#1095,.T.);
#1939=ORIENTED_EDGE('',*,*,#1096,.T.);
#1940=ORIENTED_EDGE('',*,*,#1199,.T.);
#1941=ORIENTED_EDGE('',*,*,#1203,.T.);
#1942=ORIENTED_EDGE('',*,*,#1228,.T.);
#1943=ORIENTED_EDGE('',*,*,#1225,.T.);
#1944=ORIENTED_EDGE('',*,*,#1348,.T.);
#1945=ORIENTED_EDGE('',*,*,#1349,.T.);
#1946=ORIENTED_EDGE('',*,*,#1350,.T.);
#1947=ORIENTED_EDGE('',*,*,#1081,.F.);
#1948=ORIENTED_EDGE('',*,*,#1350,.F.);
#1949=ORIENTED_EDGE('',*,*,#1351,.T.);
#1950=ORIENTED_EDGE('',*,*,#1352,.F.);
#1951=ORIENTED_EDGE('',*,*,#1082,.F.);
#1952=ORIENTED_EDGE('',*,*,#1349,.F.);
#1953=ORIENTED_EDGE('',*,*,#1353,.F.);
#1954=ORIENTED_EDGE('',*,*,#1354,.F.);
#1955=ORIENTED_EDGE('',*,*,#1355,.F.);
#1956=ORIENTED_EDGE('',*,*,#1356,.F.);
#1957=ORIENTED_EDGE('',*,*,#1357,.F.);
#1958=ORIENTED_EDGE('',*,*,#1358,.F.);
#1959=ORIENTED_EDGE('',*,*,#1351,.F.);
#1960=ORIENTED_EDGE('',*,*,#1359,.F.);
#1961=ORIENTED_EDGE('',*,*,#1360,.F.);
#1962=ORIENTED_EDGE('',*,*,#1352,.T.);
#1963=ORIENTED_EDGE('',*,*,#1358,.T.);
#1964=ORIENTED_EDGE('',*,*,#1361,.T.);
#1965=ORIENTED_EDGE('',*,*,#1083,.F.);
#1966=ORIENTED_EDGE('',*,*,#1361,.F.);
#1967=ORIENTED_EDGE('',*,*,#1357,.T.);
#1968=ORIENTED_EDGE('',*,*,#1362,.F.);
#1969=ORIENTED_EDGE('',*,*,#1084,.F.);
#1970=ORIENTED_EDGE('',*,*,#1362,.T.);
#1971=ORIENTED_EDGE('',*,*,#1356,.T.);
#1972=ORIENTED_EDGE('',*,*,#1363,.T.);
#1973=ORIENTED_EDGE('',*,*,#1077,.F.);
#1974=ORIENTED_EDGE('',*,*,#1363,.F.);
#1975=ORIENTED_EDGE('',*,*,#1355,.T.);
#1976=ORIENTED_EDGE('',*,*,#1364,.F.);
#1977=ORIENTED_EDGE('',*,*,#1078,.F.);
#1978=ORIENTED_EDGE('',*,*,#1364,.T.);
#1979=ORIENTED_EDGE('',*,*,#1354,.T.);
#1980=ORIENTED_EDGE('',*,*,#1365,.T.);
#1981=ORIENTED_EDGE('',*,*,#1079,.F.);
#1982=ORIENTED_EDGE('',*,*,#1346,.F.);
#1983=ORIENTED_EDGE('',*,*,#1366,.T.);
#1984=ORIENTED_EDGE('',*,*,#1360,.T.);
#1985=ORIENTED_EDGE('',*,*,#1366,.F.);
#1986=ORIENTED_EDGE('',*,*,#1347,.F.);
#1987=ORIENTED_EDGE('',*,*,#1367,.T.);
#1988=ORIENTED_EDGE('',*,*,#1359,.T.);
#1989=ORIENTED_EDGE('',*,*,#1367,.F.);
#1990=ORIENTED_EDGE('',*,*,#1348,.F.);
#1991=ORIENTED_EDGE('',*,*,#1080,.F.);
#1992=ORIENTED_EDGE('',*,*,#1365,.F.);
#1993=ORIENTED_EDGE('',*,*,#1353,.T.);
#1994=ORIENTED_EDGE('',*,*,#1248,.T.);
#1995=ORIENTED_EDGE('',*,*,#1251,.T.);
#1996=ORIENTED_EDGE('',*,*,#1269,.T.);
#1997=ORIENTED_EDGE('',*,*,#1267,.T.);
#1998=PLANE('',#2188);
#1999=PLANE('',#2189);
#2000=PLANE('',#2190);
#2001=PLANE('',#2191);
#2002=PLANE('',#2192);
#2003=PLANE('',#2193);
#2004=PLANE('',#2194);
#2005=PLANE('',#2195);
#2006=PLANE('',#2196);
#2007=PLANE('',#2197);
#2008=PLANE('',#2198);
#2009=PLANE('',#2199);
#2010=PLANE('',#2200);
#2011=PLANE('',#2201);
#2012=PLANE('',#2202);
#2013=PLANE('',#2203);
#2014=PLANE('',#2204);
#2015=PLANE('',#2205);
#2016=PLANE('',#2206);
#2017=PLANE('',#2207);
#2018=PLANE('',#2208);
#2019=PLANE('',#2209);
#2020=PLANE('',#2210);
#2021=PLANE('',#2211);
#2022=PLANE('',#2212);
#2023=PLANE('',#2213);
#2024=PLANE('',#2214);
#2025=PLANE('',#2215);
#2026=PLANE('',#2216);
#2027=PLANE('',#2217);
#2028=PLANE('',#2218);
#2029=PLANE('',#2219);
#2030=PLANE('',#2220);
#2031=PLANE('',#2221);
#2032=PLANE('',#2222);
#2033=PLANE('',#2223);
#2034=PLANE('',#2224);
#2035=PLANE('',#2225);
#2036=PLANE('',#2226);
#2037=PLANE('',#2227);
#2038=PLANE('',#2228);
#2039=PLANE('',#2229);
#2040=PLANE('',#2232);
#2041=PLANE('',#2233);
#2042=PLANE('',#2234);
#2043=PLANE('',#2235);
#2044=PLANE('',#2238);
#2045=PLANE('',#2239);
#2046=PLANE('',#2240);
#2047=PLANE('',#2241);
#2048=PLANE('',#2242);
#2049=PLANE('',#2245);
#2050=PLANE('',#2246);
#2051=ADVANCED_FACE('',(#219),#1998,.T.);
#2052=ADVANCED_FACE('',(#220),#1999,.T.);
#2053=ADVANCED_FACE('',(#221),#2000,.T.);
#2054=ADVANCED_FACE('',(#222),#2001,.T.);
#2055=ADVANCED_FACE('',(#223),#2002,.T.);
#2056=ADVANCED_FACE('',(#224),#2003,.T.);
#2057=ADVANCED_FACE('',(#225),#2004,.T.);
#2058=ADVANCED_FACE('',(#226),#2005,.T.);
#2059=ADVANCED_FACE('',(#227,#200),#2006,.T.);
#2060=ADVANCED_FACE('',(#228),#2007,.T.);
#2061=ADVANCED_FACE('',(#229),#20,.T.);
#2062=ADVANCED_FACE('',(#230),#21,.T.);
#2063=ADVANCED_FACE('',(#231),#22,.T.);
#2064=ADVANCED_FACE('',(#232),#23,.T.);
#2065=ADVANCED_FACE('',(#233),#2008,.T.);
#2066=ADVANCED_FACE('',(#234),#24,.T.);
#2067=ADVANCED_FACE('',(#235),#25,.T.);
#2068=ADVANCED_FACE('',(#236),#2009,.T.);
#2069=ADVANCED_FACE('',(#237),#26,.T.);
#2070=ADVANCED_FACE('',(#238),#2010,.T.);
#2071=ADVANCED_FACE('',(#239),#2011,.T.);
#2072=ADVANCED_FACE('',(#240),#27,.T.);
#2073=ADVANCED_FACE('',(#241),#28,.T.);
#2074=ADVANCED_FACE('',(#242),#2012,.T.);
#2075=ADVANCED_FACE('',(#243),#29,.T.);
#2076=ADVANCED_FACE('',(#244),#2013,.T.);
#2077=ADVANCED_FACE('',(#245),#30,.T.);
#2078=ADVANCED_FACE('',(#246),#31,.T.);
#2079=ADVANCED_FACE('',(#247),#32,.T.);
#2080=ADVANCED_FACE('',(#248),#2014,.T.);
#2081=ADVANCED_FACE('',(#249),#2015,.T.);
#2082=ADVANCED_FACE('',(#250),#33,.T.);
#2083=ADVANCED_FACE('',(#251),#34,.T.);
#2084=ADVANCED_FACE('',(#252),#2016,.T.);
#2085=ADVANCED_FACE('',(#253),#35,.T.);
#2086=ADVANCED_FACE('',(#254),#2017,.T.);
#2087=ADVANCED_FACE('',(#255),#36,.T.);
#2088=ADVANCED_FACE('',(#256),#37,.T.);
#2089=ADVANCED_FACE('',(#257),#38,.T.);
#2090=ADVANCED_FACE('',(#258),#2018,.T.);
#2091=ADVANCED_FACE('',(#259),#2019,.T.);
#2092=ADVANCED_FACE('',(#260),#39,.T.);
#2093=ADVANCED_FACE('',(#261),#2020,.T.);
#2094=ADVANCED_FACE('',(#262),#40,.T.);
#2095=ADVANCED_FACE('',(#263),#41,.T.);
#2096=ADVANCED_FACE('',(#264),#2021,.T.);
#2097=ADVANCED_FACE('',(#265),#42,.T.);
#2098=ADVANCED_FACE('',(#266),#43,.T.);
#2099=ADVANCED_FACE('',(#267),#44,.F.);
#2100=ADVANCED_FACE('',(#268),#45,.F.);
#2101=ADVANCED_FACE('',(#269),#46,.T.);
#2102=ADVANCED_FACE('',(#270),#47,.T.);
#2103=ADVANCED_FACE('',(#271),#48,.T.);
#2104=ADVANCED_FACE('',(#272),#2022,.T.);
#2105=ADVANCED_FACE('',(#273),#49,.T.);
#2106=ADVANCED_FACE('',(#274),#50,.T.);
#2107=ADVANCED_FACE('',(#275),#2023,.T.);
#2108=ADVANCED_FACE('',(#276),#51,.F.);
#2109=ADVANCED_FACE('',(#277),#52,.F.);
#2110=ADVANCED_FACE('',(#278,#201),#2024,.T.);
#2111=ADVANCED_FACE('',(#279,#202),#2025,.T.);
#2112=ADVANCED_FACE('',(#280),#53,.F.);
#2113=ADVANCED_FACE('',(#281),#54,.F.);
#2114=ADVANCED_FACE('',(#282),#2026,.T.);
#2115=ADVANCED_FACE('',(#283),#55,.T.);
#2116=ADVANCED_FACE('',(#284),#56,.T.);
#2117=ADVANCED_FACE('',(#285),#2027,.T.);
#2118=ADVANCED_FACE('',(#286),#57,.T.);
#2119=ADVANCED_FACE('',(#287),#58,.T.);
#2120=ADVANCED_FACE('',(#288),#59,.T.);
#2121=ADVANCED_FACE('',(#289),#60,.F.);
#2122=ADVANCED_FACE('',(#290),#61,.F.);
#2123=ADVANCED_FACE('',(#291),#62,.T.);
#2124=ADVANCED_FACE('',(#292),#63,.T.);
#2125=ADVANCED_FACE('',(#293),#2028,.T.);
#2126=ADVANCED_FACE('',(#294),#64,.T.);
#2127=ADVANCED_FACE('',(#295),#65,.T.);
#2128=ADVANCED_FACE('',(#296),#2029,.T.);
#2129=ADVANCED_FACE('',(#297),#66,.T.);
#2130=ADVANCED_FACE('',(#298),#67,.T.);
#2131=ADVANCED_FACE('',(#299),#68,.T.);
#2132=ADVANCED_FACE('',(#300),#2030,.T.);
#2133=ADVANCED_FACE('',(#301),#2031,.T.);
#2134=ADVANCED_FACE('',(#302),#69,.T.);
#2135=ADVANCED_FACE('',(#303),#70,.T.);
#2136=ADVANCED_FACE('',(#304),#71,.T.);
#2137=ADVANCED_FACE('',(#305),#72,.T.);
#2138=ADVANCED_FACE('',(#306),#73,.T.);
#2139=ADVANCED_FACE('',(#307),#74,.T.);
#2140=ADVANCED_FACE('',(#308),#2032,.T.);
#2141=ADVANCED_FACE('',(#309),#75,.T.);
#2142=ADVANCED_FACE('',(#310),#2033,.T.);
#2143=ADVANCED_FACE('',(#311),#76,.T.);
#2144=ADVANCED_FACE('',(#312),#77,.T.);
#2145=ADVANCED_FACE('',(#313),#2034,.T.);
#2146=ADVANCED_FACE('',(#314),#2035,.T.);
#2147=ADVANCED_FACE('',(#315),#2036,.T.);
#2148=ADVANCED_FACE('',(#316),#78,.T.);
#2149=ADVANCED_FACE('',(#317),#79,.T.);
#2150=ADVANCED_FACE('',(#318),#2037,.T.);
#2151=ADVANCED_FACE('',(#319),#2038,.T.);
#2152=ADVANCED_FACE('',(#320,#203,#204,#205,#206,#207,#208,#209),#2039,
 .T.);
#2153=ADVANCED_FACE('',(#321),#2040,.T.);
#2154=ADVANCED_FACE('',(#322),#2041,.T.);
#2155=ADVANCED_FACE('',(#323),#2042,.T.);
#2156=ADVANCED_FACE('',(#324,#210,#211),#2043,.F.);
#2157=ADVANCED_FACE('',(#325),#2044,.T.);
#2158=ADVANCED_FACE('',(#326),#2045,.T.);
#2159=ADVANCED_FACE('',(#327),#2046,.T.);
#2160=ADVANCED_FACE('',(#328),#2047,.T.);
#2161=ADVANCED_FACE('',(#329),#2048,.T.);
#2162=ADVANCED_FACE('',(#330),#14,.F.);
#2163=ADVANCED_FACE('',(#331),#15,.F.);
#2164=ADVANCED_FACE('',(#332),#2049,.T.);
#2165=ADVANCED_FACE('',(#333),#2050,.T.);
#2166=CLOSED_SHELL('',(#2051,#2052,#2053,#2054,#2055,#2056,#2057,#2058,
#2059,#2060,#2061,#2062,#2063,#2064,#2065,#2066,#2067,#2068,#2069,#2070,
#2071,#2072,#2073,#2074,#2075,#2076,#2077,#2078,#2079,#2080,#2081,#2082,
#2083,#2084,#2085,#2086,#2087,#2088,#2089,#2090,#2091,#2092,#2093,#2094,
#2095,#2096,#2097,#2098,#2099,#2100,#2101,#2102,#2103,#2104,#2105,#2106,
#2107,#2108,#2109,#2110,#2111,#2112,#2113,#2114,#2115,#2116,#2117,#2118,
#2119,#2120,#2121,#2122,#2123,#2124,#2125,#2126,#2127,#2128,#2129,#2130,
#2131,#2132,#2133,#2134,#2135,#2136,#2137,#2138,#2139,#2140,#2141,#2142,
#2143,#2144,#2145,#2146,#2147,#2148,#2149,#2150,#2151,#2152,#2153,#2154,
#2155,#2156,#2157,#2158,#2159,#2160,#2161,#2162,#2163,#2164,#2165));
#2167=DERIVED_UNIT_ELEMENT(#2169,1.);
#2168=DERIVED_UNIT_ELEMENT(#4588,-3.);
#2169=(
CONVERSION_BASED_UNIT('gram',#2171)
MASS_UNIT()
NAMED_UNIT(#4585)
);
#2170=(
MASS_UNIT()
NAMED_UNIT(*)
SI_UNIT(.KILO.,.GRAM.)
);
#2171=MASS_MEASURE_WITH_UNIT(MASS_MEASURE(0.001),#2170);
#2172=DERIVED_UNIT((#2167,#2168));
#2173=MEASURE_REPRESENTATION_ITEM('density measure',
POSITIVE_RATIO_MEASURE(1.),#2172);
#2174=PROPERTY_DEFINITION_REPRESENTATION(#2179,#2176);
#2175=PROPERTY_DEFINITION_REPRESENTATION(#2180,#2177);
#2176=REPRESENTATION('material name',(#2178),#4582);
#2177=REPRESENTATION('density',(#2173),#4582);
#2178=DESCRIPTIVE_REPRESENTATION_ITEM('white pla','white pla');
#2179=PROPERTY_DEFINITION('material property','material name',#4596);
#2180=PROPERTY_DEFINITION('material property','density of part',#4596);
#2181=DATE_TIME_ROLE('creation_date');
#2182=APPLIED_DATE_AND_TIME_ASSIGNMENT(#2183,#2181,(#4596));
#2183=DATE_AND_TIME(#2184,#2185);
#2184=CALENDAR_DATE(2025,18,11);
#2185=LOCAL_TIME(0,0,0.,#2186);
#2186=COORDINATED_UNIVERSAL_TIME_OFFSET(0,0,.BEHIND.);
#2187=AXIS2_PLACEMENT_3D('',#2558,#2247,#2248);
#2188=AXIS2_PLACEMENT_3D('',#2559,#2249,#2250);
#2189=AXIS2_PLACEMENT_3D('',#2568,#2255,#2256);
#2190=AXIS2_PLACEMENT_3D('',#2574,#2260,#2261);
#2191=AXIS2_PLACEMENT_3D('',#2580,#2265,#2266);
#2192=AXIS2_PLACEMENT_3D('',#2586,#2270,#2271);
#2193=AXIS2_PLACEMENT_3D('',#2592,#2275,#2276);
#2194=AXIS2_PLACEMENT_3D('',#2598,#2280,#2281);
#2195=AXIS2_PLACEMENT_3D('',#2604,#2285,#2286);
#2196=AXIS2_PLACEMENT_3D('',#2607,#2289,#2290);
#2197=AXIS2_PLACEMENT_3D('',#2624,#2299,#2300);
#2198=AXIS2_PLACEMENT_3D('',#2761,#2305,#2306);
#2199=AXIS2_PLACEMENT_3D('',#2988,#2321,#2322);
#2200=AXIS2_PLACEMENT_3D('',#3006,#2326,#2327);
#2201=AXIS2_PLACEMENT_3D('',#3010,#2330,#2331);
#2202=AXIS2_PLACEMENT_3D('',#3054,#2336,#2337);
#2203=AXIS2_PLACEMENT_3D('',#3072,#2341,#2342);
#2204=AXIS2_PLACEMENT_3D('',#3124,#2348,#2349);
#2205=AXIS2_PLACEMENT_3D('',#3128,#2352,#2353);
#2206=AXIS2_PLACEMENT_3D('',#3172,#2358,#2359);
#2207=AXIS2_PLACEMENT_3D('',#3190,#2363,#2364);
#2208=AXIS2_PLACEMENT_3D('',#3239,#2370,#2371);
#2209=AXIS2_PLACEMENT_3D('',#3243,#2374,#2375);
#2210=AXIS2_PLACEMENT_3D('',#3275,#2379,#2380);
#2211=AXIS2_PLACEMENT_3D('',#3325,#2386,#2387);
#2212=AXIS2_PLACEMENT_3D('',#3557,#2399,#2400);
#2213=AXIS2_PLACEMENT_3D('',#3631,#2406,#2407);
#2214=AXIS2_PLACEMENT_3D('',#3687,#2411,#2412);
#2215=AXIS2_PLACEMENT_3D('',#3688,#2413,#2414);
#2216=AXIS2_PLACEMENT_3D('',#3900,#2422,#2423);
#2217=AXIS2_PLACEMENT_3D('',#3946,#2429,#2430);
#2218=AXIS2_PLACEMENT_3D('',#4082,#2439,#2440);
#2219=AXIS2_PLACEMENT_3D('',#4114,#2445,#2446);
#2220=AXIS2_PLACEMENT_3D('',#4201,#2452,#2453);
#2221=AXIS2_PLACEMENT_3D('',#4207,#2457,#2458);
#2222=AXIS2_PLACEMENT_3D('',#4345,#2468,#2469);
#2223=AXIS2_PLACEMENT_3D('',#4373,#2474,#2475);
#2224=AXIS2_PLACEMENT_3D('',#4444,#2481,#2482);
#2225=AXIS2_PLACEMENT_3D('',#4450,#2486,#2487);
#2226=AXIS2_PLACEMENT_3D('',#4456,#2491,#2492);
#2227=AXIS2_PLACEMENT_3D('',#4528,#2498,#2499);
#2228=AXIS2_PLACEMENT_3D('',#4531,#2502,#2503);
#2229=AXIS2_PLACEMENT_3D('',#4532,#2504,#2505);
#2230=AXIS2_PLACEMENT_3D('',#4534,#2506,#2507);
#2231=AXIS2_PLACEMENT_3D('',#4536,#2508,#2509);
#2232=AXIS2_PLACEMENT_3D('',#4537,#2510,#2511);
#2233=AXIS2_PLACEMENT_3D('',#4538,#2512,#2513);
#2234=AXIS2_PLACEMENT_3D('',#4544,#2517,#2518);
#2235=AXIS2_PLACEMENT_3D('',#4548,#2521,#2522);
#2236=AXIS2_PLACEMENT_3D('',#4561,#2529,#2530);
#2237=AXIS2_PLACEMENT_3D('',#4563,#2531,#2532);
#2238=AXIS2_PLACEMENT_3D('',#4564,#2533,#2534);
#2239=AXIS2_PLACEMENT_3D('',#4566,#2536,#2537);
#2240=AXIS2_PLACEMENT_3D('',#4568,#2539,#2540);
#2241=AXIS2_PLACEMENT_3D('',#4570,#2542,#2543);
#2242=AXIS2_PLACEMENT_3D('',#4572,#2545,#2546);
#2243=AXIS2_PLACEMENT_3D('',#4574,#2548,#2549);
#2244=AXIS2_PLACEMENT_3D('',#4576,#2551,#2552);
#2245=AXIS2_PLACEMENT_3D('',#4578,#2554,#2555);
#2246=AXIS2_PLACEMENT_3D('',#4579,#2556,#2557);
#2247=DIRECTION('axis',(0.,0.,1.));
#2248=DIRECTION('refdir',(1.,0.,0.));
#2249=DIRECTION('center_axis',(0.,1.,0.));
#2250=DIRECTION('ref_axis',(-1.,0.,0.));
#2251=DIRECTION('',(1.,0.,0.));
#2252=DIRECTION('',(0.,0.,1.));
#2253=DIRECTION('',(-1.,0.,0.));
#2254=DIRECTION('',(0.,0.,1.));
#2255=DIRECTION('center_axis',(-0.707106781185481,0.707106781187614,0.));
#2256=DIRECTION('ref_axis',(-0.707106781187614,-0.707106781185481,0.));
#2257=DIRECTION('',(0.707106781187614,0.707106781185481,0.));
#2258=DIRECTION('',(-0.707106781187614,-0.707106781185481,0.));
#2259=DIRECTION('',(0.,0.,1.));
#2260=DIRECTION('center_axis',(-1.,2.25471508975835E-13,0.));
#2261=DIRECTION('ref_axis',(-2.25471508975835E-13,-1.,0.));
#2262=DIRECTION('',(2.25471508975835E-13,1.,0.));
#2263=DIRECTION('',(-2.25471508975835E-13,-1.,0.));
#2264=DIRECTION('',(0.,0.,1.));
#2265=DIRECTION('center_axis',(-0.707106781181471,-0.707106781191624,0.));
#2266=DIRECTION('ref_axis',(0.707106781191624,-0.707106781181471,0.));
#2267=DIRECTION('',(-0.707106781191624,0.707106781181471,0.));
#2268=DIRECTION('',(0.707106781191624,-0.707106781181471,0.));
#2269=DIRECTION('',(0.,0.,1.));
#2270=DIRECTION('center_axis',(-1.1156526867806E-14,-1.,0.));
#2271=DIRECTION('ref_axis',(1.,-1.1156526867806E-14,0.));
#2272=DIRECTION('',(-1.,1.1156526867806E-14,0.));
#2273=DIRECTION('',(1.,-1.1156526867806E-14,0.));
#2274=DIRECTION('',(0.,0.,1.));
#2275=DIRECTION('center_axis',(0.707106781178298,-0.707106781194798,0.));
#2276=DIRECTION('ref_axis',(0.707106781194798,0.707106781178298,0.));
#2277=DIRECTION('',(-0.707106781194798,-0.707106781178298,0.));
#2278=DIRECTION('',(0.707106781194798,0.707106781178298,0.));
#2279=DIRECTION('',(0.,0.,1.));
#2280=DIRECTION('center_axis',(1.,2.19885185934377E-13,0.));
#2281=DIRECTION('ref_axis',(-2.19885185934377E-13,1.,0.));
#2282=DIRECTION('',(2.19885185934377E-13,-1.,0.));
#2283=DIRECTION('',(-2.19885185934377E-13,1.,0.));
#2284=DIRECTION('',(0.,0.,1.));
#2285=DIRECTION('center_axis',(0.70710678118211,0.707106781190985,0.));
#2286=DIRECTION('ref_axis',(-0.707106781190985,0.70710678118211,0.));
#2287=DIRECTION('',(0.707106781190985,-0.70710678118211,0.));
#2288=DIRECTION('',(-0.707106781190985,0.70710678118211,0.));
#2289=DIRECTION('center_axis',(0.,0.,1.));
#2290=DIRECTION('ref_axis',(1.,0.,0.));
#2291=DIRECTION('',(-0.707106781186547,-0.707106781186548,0.));
#2292=DIRECTION('',(3.25169923530381E-16,-1.,0.));
#2293=DIRECTION('',(0.707106781186546,-0.707106781186549,0.));
#2294=DIRECTION('',(1.,0.,0.));
#2295=DIRECTION('',(0.707106781186548,0.707106781186548,0.));
#2296=DIRECTION('',(-1.85811384874503E-16,1.,0.));
#2297=DIRECTION('',(-0.707106781186546,0.707106781186549,0.));
#2298=DIRECTION('',(-1.,0.,0.));
#2299=DIRECTION('center_axis',(0.,0.,1.));
#2300=DIRECTION('ref_axis',(1.,0.,0.));
#2301=DIRECTION('',(0.,0.,1.));
#2302=DIRECTION('',(0.,0.,1.));
#2303=DIRECTION('',(0.,0.,1.));
#2304=DIRECTION('',(0.,0.,1.));
#2305=DIRECTION('center_axis',(0.,0.,1.));
#2306=DIRECTION('ref_axis',(1.,0.,0.));
#2307=DIRECTION('',(0.984695707294008,-0.174282426069736,0.));
#2308=DIRECTION('',(2.47051170622429E-15,1.,0.));
#2309=DIRECTION('',(0.,-1.,0.));
#2310=DIRECTION('',(-0.985112351776269,0.171911763349194,0.));
#2311=DIRECTION('',(-1.87715736630143E-15,-1.,0.));
#2312=DIRECTION('',(2.55874426716088E-15,1.,0.));
#2313=DIRECTION('',(0.985071038124113,-0.172148336759556,0.));
#2314=DIRECTION('',(-0.985342276724206,0.170588972972927,0.));
#2315=DIRECTION('',(-2.09692213113672E-15,-1.,0.));
#2316=DIRECTION('',(3.58224197402523E-15,1.,0.));
#2317=DIRECTION('',(0.984880294066078,-0.17323627322335,0.));
#2318=DIRECTION('',(0.,0.,1.));
#2319=DIRECTION('',(0.,0.,1.));
#2320=DIRECTION('',(0.,0.,1.));
#2321=DIRECTION('center_axis',(-1.,1.87715736630143E-15,0.));
#2322=DIRECTION('ref_axis',(0.,0.,1.));
#2323=DIRECTION('',(0.,0.,1.));
#2324=DIRECTION('',(1.87715736630143E-15,1.,0.));
#2325=DIRECTION('',(0.,0.,1.));
#2326=DIRECTION('center_axis',(0.171911763349194,0.985112351776269,0.));
#2327=DIRECTION('ref_axis',(0.,0.,1.));
#2328=DIRECTION('',(0.,0.,1.));
#2329=DIRECTION('',(0.985112351776269,-0.171911763349194,0.));
#2330=DIRECTION('center_axis',(-1.,0.,0.));
#2331=DIRECTION('ref_axis',(0.,0.,1.));
#2332=DIRECTION('',(0.,0.,1.));
#2333=DIRECTION('',(0.,1.,0.));
#2334=DIRECTION('',(0.,0.,1.));
#2335=DIRECTION('',(0.,0.,1.));
#2336=DIRECTION('center_axis',(1.,-2.47051170622429E-15,0.));
#2337=DIRECTION('ref_axis',(0.,0.,-1.));
#2338=DIRECTION('',(0.,0.,1.));
#2339=DIRECTION('',(-2.47051170622429E-15,-1.,0.));
#2340=DIRECTION('',(0.,0.,1.));
#2341=DIRECTION('center_axis',(-0.174282426069736,-0.984695707294008,0.));
#2342=DIRECTION('ref_axis',(0.,0.,-1.));
#2343=DIRECTION('',(0.,0.,1.));
#2344=DIRECTION('',(-0.984695707294008,0.174282426069736,0.));
#2345=DIRECTION('',(0.,0.,1.));
#2346=DIRECTION('',(0.,0.,1.));
#2347=DIRECTION('',(0.,0.,1.));
#2348=DIRECTION('center_axis',(-0.17323627322335,-0.984880294066078,0.));
#2349=DIRECTION('ref_axis',(0.,0.,-1.));
#2350=DIRECTION('',(0.,0.,1.));
#2351=DIRECTION('',(-0.984880294066078,0.17323627322335,0.));
#2352=DIRECTION('center_axis',(1.,-3.58224197402523E-15,0.));
#2353=DIRECTION('ref_axis',(0.,0.,-1.));
#2354=DIRECTION('',(0.,0.,1.));
#2355=DIRECTION('',(-3.58224197402523E-15,-1.,0.));
#2356=DIRECTION('',(0.,0.,1.));
#2357=DIRECTION('',(0.,0.,1.));
#2358=DIRECTION('center_axis',(-1.,2.09692213113672E-15,0.));
#2359=DIRECTION('ref_axis',(0.,0.,1.));
#2360=DIRECTION('',(0.,0.,1.));
#2361=DIRECTION('',(2.09692213113672E-15,1.,0.));
#2362=DIRECTION('',(0.,0.,1.));
#2363=DIRECTION('center_axis',(0.170588972972927,0.985342276724206,0.));
#2364=DIRECTION('ref_axis',(0.,0.,1.));
#2365=DIRECTION('',(0.,0.,1.));
#2366=DIRECTION('',(0.985342276724206,-0.170588972972927,0.));
#2367=DIRECTION('',(0.,0.,1.));
#2368=DIRECTION('',(0.,0.,1.));
#2369=DIRECTION('',(0.,0.,1.));
#2370=DIRECTION('center_axis',(-0.172148336759556,-0.985071038124113,0.));
#2371=DIRECTION('ref_axis',(0.,0.,-1.));
#2372=DIRECTION('',(0.,0.,1.));
#2373=DIRECTION('',(-0.985071038124113,0.172148336759556,0.));
#2374=DIRECTION('center_axis',(1.,-2.55874426716088E-15,0.));
#2375=DIRECTION('ref_axis',(0.,0.,-1.));
#2376=DIRECTION('',(-2.55874426716088E-15,-1.,0.));
#2377=DIRECTION('',(0.,0.,1.));
#2378=DIRECTION('',(0.,0.,1.));
#2379=DIRECTION('center_axis',(0.172168868445826,0.98506744984193,0.));
#2380=DIRECTION('ref_axis',(0.,0.,1.));
#2381=DIRECTION('',(-0.98506744984193,0.172168868445826,0.));
#2382=DIRECTION('',(0.98506744984193,-0.172168868445826,0.));
#2383=DIRECTION('',(0.,0.,1.));
#2384=DIRECTION('',(0.,0.,1.));
#2385=DIRECTION('',(0.,0.,1.));
#2386=DIRECTION('center_axis',(-0.175323844201468,-0.984510817439006,0.));
#2387=DIRECTION('ref_axis',(0.,0.,-1.));
#2388=DIRECTION('',(0.984510817439006,-0.175323844201468,0.));
#2389=DIRECTION('',(-0.984510817439006,0.175323844201468,0.));
#2390=DIRECTION('',(0.,0.,1.));
#2391=DIRECTION('',(0.,0.,1.));
#2392=DIRECTION('',(0.,0.,1.));
#2393=DIRECTION('',(0.,0.,1.));
#2394=DIRECTION('',(0.,0.,1.));
#2395=DIRECTION('',(0.,0.,1.));
#2396=DIRECTION('',(0.,0.,1.));
#2397=DIRECTION('',(0.,0.,1.));
#2398=DIRECTION('',(0.,0.,1.));
#2399=DIRECTION('center_axis',(1.,-5.80904103895984E-15,0.));
#2400=DIRECTION('ref_axis',(0.,0.,-1.));
#2401=DIRECTION('',(5.80904103895984E-15,1.,0.));
#2402=DIRECTION('',(-5.80904103895984E-15,-1.,0.));
#2403=DIRECTION('',(0.,0.,1.));
#2404=DIRECTION('',(0.,0.,1.));
#2405=DIRECTION('',(0.,0.,1.));
#2406=DIRECTION('center_axis',(-1.,0.,0.));
#2407=DIRECTION('ref_axis',(0.,0.,1.));
#2408=DIRECTION('',(0.,-1.,0.));
#2409=DIRECTION('',(0.,1.,0.));
#2410=DIRECTION('',(0.,0.,1.));
#2411=DIRECTION('center_axis',(0.,0.,1.));
#2412=DIRECTION('ref_axis',(1.,0.,0.));
#2413=DIRECTION('center_axis',(0.,0.,1.));
#2414=DIRECTION('ref_axis',(1.,0.,0.));
#2415=DIRECTION('',(0.,1.,0.));
#2416=DIRECTION('',(0.,-1.,0.));
#2417=DIRECTION('',(-0.98506744984193,0.172168868445826,0.));
#2418=DIRECTION('',(0.984510817439006,-0.175323844201467,0.));
#2419=DIRECTION('',(0.,0.,1.));
#2420=DIRECTION('',(0.,0.,1.));
#2421=DIRECTION('',(0.,0.,1.));
#2422=DIRECTION('center_axis',(-1.,0.,0.));
#2423=DIRECTION('ref_axis',(0.,0.,1.));
#2424=DIRECTION('',(0.,0.,1.));
#2425=DIRECTION('',(0.,1.,0.));
#2426=DIRECTION('',(0.,0.,1.));
#2427=DIRECTION('',(0.,0.,1.));
#2428=DIRECTION('',(0.,0.,1.));
#2429=DIRECTION('center_axis',(1.,0.,0.));
#2430=DIRECTION('ref_axis',(0.,0.,-1.));
#2431=DIRECTION('',(0.,0.,1.));
#2432=DIRECTION('',(0.,-1.,0.));
#2433=DIRECTION('',(0.,0.,1.));
#2434=DIRECTION('',(0.,0.,1.));
#2435=DIRECTION('',(0.,0.,1.));
#2436=DIRECTION('',(0.,0.,1.));
#2437=DIRECTION('',(0.,0.,1.));
#2438=DIRECTION('',(0.,0.,1.));
#2439=DIRECTION('center_axis',(-0.175323844201467,-0.984510817439006,0.));
#2440=DIRECTION('ref_axis',(0.,0.,-1.));
#2441=DIRECTION('',(0.,0.,1.));
#2442=DIRECTION('',(-0.984510817439006,0.175323844201467,0.));
#2443=DIRECTION('',(0.,0.,1.));
#2444=DIRECTION('',(0.,0.,1.));
#2445=DIRECTION('center_axis',(0.172168868445826,0.98506744984193,0.));
#2446=DIRECTION('ref_axis',(0.,0.,1.));
#2447=DIRECTION('',(0.,0.,1.));
#2448=DIRECTION('',(0.98506744984193,-0.172168868445826,0.));
#2449=DIRECTION('',(0.,0.,1.));
#2450=DIRECTION('',(0.,0.,1.));
#2451=DIRECTION('',(0.,0.,1.));
#2452=DIRECTION('center_axis',(-1.,1.92766384252479E-15,0.));
#2453=DIRECTION('ref_axis',(0.,0.,1.));
#2454=DIRECTION('',(-1.92766384252479E-15,-1.,0.));
#2455=DIRECTION('',(1.92766384252479E-15,1.,0.));
#2456=DIRECTION('',(0.,0.,1.));
#2457=DIRECTION('center_axis',(0.149805379427996,0.988715504224766,0.));
#2458=DIRECTION('ref_axis',(0.,0.,1.));
#2459=DIRECTION('',(-0.988715504224767,0.149805379427996,0.));
#2460=DIRECTION('',(0.988715504224767,-0.149805379427996,0.));
#2461=DIRECTION('',(0.,0.,1.));
#2462=DIRECTION('',(0.,0.,1.));
#2463=DIRECTION('',(0.,0.,1.));
#2464=DIRECTION('',(0.,0.,1.));
#2465=DIRECTION('',(0.,0.,1.));
#2466=DIRECTION('',(0.,0.,1.));
#2467=DIRECTION('',(0.,0.,1.));
#2468=DIRECTION('center_axis',(0.171341174751251,0.985211754819674,0.));
#2469=DIRECTION('ref_axis',(0.,0.,1.));
#2470=DIRECTION('',(-0.985211754819674,0.171341174751251,0.));
#2471=DIRECTION('',(0.985211754819674,-0.171341174751251,0.));
#2472=DIRECTION('',(0.,0.,1.));
#2473=DIRECTION('',(0.,0.,1.));
#2474=DIRECTION('center_axis',(-1.,2.01816449240858E-15,0.));
#2475=DIRECTION('ref_axis',(0.,0.,1.));
#2476=DIRECTION('',(-2.01816449240858E-15,-1.,0.));
#2477=DIRECTION('',(2.01816449240858E-15,1.,0.));
#2478=DIRECTION('',(0.,0.,1.));
#2479=DIRECTION('',(0.,0.,1.));
#2480=DIRECTION('',(0.,0.,1.));
#2481=DIRECTION('center_axis',(1.,-2.36191778507159E-15,0.));
#2482=DIRECTION('ref_axis',(0.,0.,-1.));
#2483=DIRECTION('',(2.36191778507159E-15,1.,0.));
#2484=DIRECTION('',(-2.36191778507159E-15,-1.,0.));
#2485=DIRECTION('',(0.,0.,1.));
#2486=DIRECTION('center_axis',(-0.172380331752249,-0.985030467155704,0.));
#2487=DIRECTION('ref_axis',(0.,0.,-1.));
#2488=DIRECTION('',(0.985030467155704,-0.172380331752249,0.));
#2489=DIRECTION('',(-0.985030467155704,0.172380331752249,0.));
#2490=DIRECTION('',(0.,0.,1.));
#2491=DIRECTION('center_axis',(-1.,0.,0.));
#2492=DIRECTION('ref_axis',(0.,0.,1.));
#2493=DIRECTION('',(0.,-1.,0.));
#2494=DIRECTION('',(0.,1.,0.));
#2495=DIRECTION('',(0.,0.,1.));
#2496=DIRECTION('',(0.,0.,1.));
#2497=DIRECTION('',(0.,0.,1.));
#2498=DIRECTION('center_axis',(1.,-8.08024505419225E-16,0.));
#2499=DIRECTION('ref_axis',(0.,0.,-1.));
#2500=DIRECTION('',(8.08024505419225E-16,1.,0.));
#2501=DIRECTION('',(-8.08024505419225E-16,-1.,0.));
#2502=DIRECTION('center_axis',(0.,0.,1.));
#2503=DIRECTION('ref_axis',(1.,0.,0.));
#2504=DIRECTION('center_axis',(0.,0.,1.));
#2505=DIRECTION('ref_axis',(1.,0.,0.));
#2506=DIRECTION('center_axis',(0.,0.,-1.));
#2507=DIRECTION('ref_axis',(-1.,0.,0.));
#2508=DIRECTION('center_axis',(0.,0.,-1.));
#2509=DIRECTION('ref_axis',(-1.,0.,0.));
#2510=DIRECTION('center_axis',(0.,0.,1.));
#2511=DIRECTION('ref_axis',(1.,0.,0.));
#2512=DIRECTION('center_axis',(0.707106781186547,-0.707106781186548,0.));
#2513=DIRECTION('ref_axis',(0.,0.,-1.));
#2514=DIRECTION('',(0.,0.,-1.));
#2515=DIRECTION('',(0.707106781186548,0.707106781186547,0.));
#2516=DIRECTION('',(0.,0.,1.));
#2517=DIRECTION('center_axis',(1.,1.74838271594513E-16,0.));
#2518=DIRECTION('ref_axis',(-1.74838271594513E-16,1.,0.));
#2519=DIRECTION('',(-1.74838271594513E-16,1.,0.));
#2520=DIRECTION('',(0.,0.,-1.));
#2521=DIRECTION('center_axis',(0.,0.,1.));
#2522=DIRECTION('ref_axis',(1.,0.,0.));
#2523=DIRECTION('',(1.,0.,0.));
#2524=DIRECTION('',(0.707106781186548,-0.707106781186548,0.));
#2525=DIRECTION('',(3.05966975290397E-16,-1.,0.));
#2526=DIRECTION('',(-0.707106781186547,-0.707106781186547,0.));
#2527=DIRECTION('',(-1.,0.,0.));
#2528=DIRECTION('',(-0.707106781186548,0.707106781186548,0.));
#2529=DIRECTION('center_axis',(0.,0.,-1.));
#2530=DIRECTION('ref_axis',(-1.,0.,0.));
#2531=DIRECTION('center_axis',(0.,0.,-1.));
#2532=DIRECTION('ref_axis',(-1.,0.,0.));
#2533=DIRECTION('center_axis',(0.707106781186548,0.707106781186548,0.));
#2534=DIRECTION('ref_axis',(0.,0.,-1.));
#2535=DIRECTION('',(0.,0.,1.));
#2536=DIRECTION('center_axis',(0.,1.,0.));
#2537=DIRECTION('ref_axis',(-1.,0.,0.));
#2538=DIRECTION('',(0.,0.,-1.));
#2539=DIRECTION('center_axis',(-0.707106781186548,0.707106781186548,0.));
#2540=DIRECTION('ref_axis',(0.,0.,1.));
#2541=DIRECTION('',(0.,0.,1.));
#2542=DIRECTION('center_axis',(-1.,-3.05966975290397E-16,0.));
#2543=DIRECTION('ref_axis',(3.05966975290397E-16,-1.,0.));
#2544=DIRECTION('',(0.,0.,-1.));
#2545=DIRECTION('center_axis',(-0.707106781186548,-0.707106781186548,0.));
#2546=DIRECTION('ref_axis',(0.,0.,1.));
#2547=DIRECTION('',(0.,0.,1.));
#2548=DIRECTION('center_axis',(0.,0.,1.));
#2549=DIRECTION('ref_axis',(-1.,0.,0.));
#2550=DIRECTION('',(0.,0.,-1.));
#2551=DIRECTION('center_axis',(0.,0.,1.));
#2552=DIRECTION('ref_axis',(-1.,0.,0.));
#2553=DIRECTION('',(0.,0.,-1.));
#2554=DIRECTION('center_axis',(0.,-1.,0.));
#2555=DIRECTION('ref_axis',(1.,0.,0.));
#2556=DIRECTION('center_axis',(0.,0.,1.));
#2557=DIRECTION('ref_axis',(1.,0.,0.));
#2558=CARTESIAN_POINT('',(0.,0.,0.));
#2559=CARTESIAN_POINT('Origin',(0.862204724408147,-1.94094488188837,0.2));
#2560=CARTESIAN_POINT('',(-1.0497047244081,-1.94094488188837,0.2));
#2561=CARTESIAN_POINT('',(0.862204724408147,-1.94094488188837,0.2));
#2562=CARTESIAN_POINT('',(0.384227362204085,-1.94094488188837,0.2));
#2563=CARTESIAN_POINT('',(-1.0497047244081,-1.94094488188837,0.239370078740157));
#2564=CARTESIAN_POINT('',(-1.0497047244081,-1.94094488188837,0.2));
#2565=CARTESIAN_POINT('',(0.862204724408147,-1.94094488188837,0.239370078740157));
#2566=CARTESIAN_POINT('',(0.862204724408147,-1.94094488188837,0.239370078740157));
#2567=CARTESIAN_POINT('',(0.862204724408147,-1.94094488188837,0.2));
#2568=CARTESIAN_POINT('Origin',(0.9409448818887,-1.86220472440805,0.2));
#2569=CARTESIAN_POINT('',(0.9409448818887,-1.86220472440805,0.2));
#2570=CARTESIAN_POINT('',(1.14782234251777,-1.6553272637796,0.2));
#2571=CARTESIAN_POINT('',(0.9409448818887,-1.86220472440805,0.239370078740157));
#2572=CARTESIAN_POINT('',(0.9409448818887,-1.86220472440805,0.239370078740157));
#2573=CARTESIAN_POINT('',(0.9409448818887,-1.86220472440805,0.2));
#2574=CARTESIAN_POINT('Origin',(0.940944881889539,1.86220472440814,0.2));
#2575=CARTESIAN_POINT('',(0.940944881889539,1.86220472440814,0.2));
#2576=CARTESIAN_POINT('',(0.940944881889329,0.931102362203974,0.2));
#2577=CARTESIAN_POINT('',(0.94094488188954,1.86220472440814,0.239370078740157));
#2578=CARTESIAN_POINT('',(0.940944881889539,1.86220472440814,0.239370078740157));
#2579=CARTESIAN_POINT('',(0.940944881889539,1.86220472440814,0.2));
#2580=CARTESIAN_POINT('Origin',(0.862204724408147,1.9409448818884,0.2));
#2581=CARTESIAN_POINT('',(0.862204724408147,1.9409448818884,0.2));
#2582=CARTESIAN_POINT('',(1.10845226377477,1.69469734252531,0.2));
#2583=CARTESIAN_POINT('',(0.862204724408147,1.9409448818884,0.239370078740157));
#2584=CARTESIAN_POINT('',(0.862204724408147,1.9409448818884,0.239370078740157));
#2585=CARTESIAN_POINT('',(0.862204724408147,1.9409448818884,0.2));
#2586=CARTESIAN_POINT('Origin',(-1.0497047244081,1.94094488188842,0.2));
#2587=CARTESIAN_POINT('',(-1.0497047244081,1.94094488188842,0.2));
#2588=CARTESIAN_POINT('',(-0.571727362204028,1.94094488188842,0.2));
#2589=CARTESIAN_POINT('',(-1.0497047244081,1.94094488188842,0.239370078740157));
#2590=CARTESIAN_POINT('',(-1.0497047244081,1.94094488188842,0.239370078740157));
#2591=CARTESIAN_POINT('',(-1.0497047244081,1.94094488188842,0.2));
#2592=CARTESIAN_POINT('Origin',(-1.12844488189022,1.86220472440814,0.2));
#2593=CARTESIAN_POINT('',(-1.12844488189022,1.86220472440814,0.2));
#2594=CARTESIAN_POINT('',(-1.33532234251365,1.65532726378954,0.2));
#2595=CARTESIAN_POINT('',(-1.12844488189022,1.86220472440814,0.239370078740157));
#2596=CARTESIAN_POINT('',(-1.12844488189022,1.86220472440814,0.239370078740157));
#2597=CARTESIAN_POINT('',(-1.12844488189022,1.86220472440814,0.2));
#2598=CARTESIAN_POINT('Origin',(-1.1284448818894,-1.86220472440805,0.2));
#2599=CARTESIAN_POINT('',(-1.1284448818894,-1.86220472440805,0.2));
#2600=CARTESIAN_POINT('',(-1.12844488188961,-0.931102362204118,0.2));
#2601=CARTESIAN_POINT('',(-1.1284448818894,-1.86220472440805,0.239370078740157));
#2602=CARTESIAN_POINT('',(-1.1284448818894,-1.86220472440805,0.239370078740157));
#2603=CARTESIAN_POINT('',(-1.1284448818894,-1.86220472440805,0.2));
#2604=CARTESIAN_POINT('Origin',(-1.0497047244081,-1.94094488188837,0.2));
#2605=CARTESIAN_POINT('',(-1.29595226377517,-1.69469734252438,0.2));
#2606=CARTESIAN_POINT('',(-1.0497047244081,-1.94094488188837,0.239370078740157));
#2607=CARTESIAN_POINT('Origin',(-0.0937499999999764,4.30102148122502E-14,
0.239370078740157));
#2608=CARTESIAN_POINT('',(-1.06938976377953,2.00000000000004,0.239370078740157));
#2609=CARTESIAN_POINT('',(-1.18750000000001,1.88188976377957,0.239370078740157));
#2610=CARTESIAN_POINT('',(-1.06938976377953,2.00000000000004,0.239370078740157));
#2611=CARTESIAN_POINT('',(-1.1875,-1.88188976377948,0.239370078740157));
#2612=CARTESIAN_POINT('',(-1.18750000000001,1.88188976377957,0.239370078740157));
#2613=CARTESIAN_POINT('',(-1.06938976377953,-1.99999999999996,0.239370078740157));
#2614=CARTESIAN_POINT('',(-1.1875,-1.88188976377948,0.239370078740157));
#2615=CARTESIAN_POINT('',(0.88188976377958,-1.99999999999996,0.239370078740157));
#2616=CARTESIAN_POINT('',(-1.06938976377953,-1.99999999999996,0.239370078740157));
#2617=CARTESIAN_POINT('',(1.00000000000005,-1.88188976377948,0.239370078740157));
#2618=CARTESIAN_POINT('',(0.88188976377958,-1.99999999999996,0.239370078740157));
#2619=CARTESIAN_POINT('',(1.00000000000005,1.88188976377957,0.239370078740157));
#2620=CARTESIAN_POINT('',(1.00000000000005,-1.88188976377948,0.239370078740157));
#2621=CARTESIAN_POINT('',(0.881889763779579,2.00000000000004,0.239370078740157));
#2622=CARTESIAN_POINT('',(1.00000000000005,1.88188976377957,0.239370078740157));
#2623=CARTESIAN_POINT('',(0.881889763779579,2.00000000000004,0.239370078740157));
#2624=CARTESIAN_POINT('Origin',(-0.0937499999999765,4.30102148122502E-14,
0.239370078740157));
#2625=CARTESIAN_POINT('',(-0.0160931839888832,1.69143879772704,0.239370078740158));
#2626=CARTESIAN_POINT('',(0.131141087118752,1.54176417958447,0.239370078740158));
#2627=CARTESIAN_POINT('Ctrl Pts',(-0.0160931839888832,1.69143879772704,
0.239370078740158));
#2628=CARTESIAN_POINT('Ctrl Pts',(-0.0160931839888834,1.67191602144757,
0.239370078740158));
#2629=CARTESIAN_POINT('Ctrl Pts',(-0.0124326634364836,1.65320669417975,
0.239370078740158));
#2630=CARTESIAN_POINT('Ctrl Pts',(-0.00511162233168407,1.63531081592357,
0.239370078740158));
#2631=CARTESIAN_POINT('Ctrl Pts',(0.00220941877311548,1.6174149376674,0.239370078740158));
#2632=CARTESIAN_POINT('Ctrl Pts',(0.0125131062539445,1.60141710710506,0.239370078740158));
#2633=CARTESIAN_POINT('Ctrl Pts',(0.0257994401108028,1.58731732423656,0.239370078740158));
#2634=CARTESIAN_POINT('Ctrl Pts',(0.0390857739676612,1.57321754136805,0.239370078740158));
#2635=CARTESIAN_POINT('Ctrl Pts',(0.0546768800241787,1.56210040487558,0.239370078740158));
#2636=CARTESIAN_POINT('Ctrl Pts',(0.0725727582803554,1.55396591475913,0.239370078740158));
#2637=CARTESIAN_POINT('Ctrl Pts',(0.090468636536532,1.54583142464269,0.239370078740158));
#2638=CARTESIAN_POINT('Ctrl Pts',(0.109991412815997,1.54176417958447,0.239370078740158));
#2639=CARTESIAN_POINT('Ctrl Pts',(0.131141087118752,1.54176417958447,0.239370078740158));
#2640=CARTESIAN_POINT('',(0.246650846772255,1.65727393923797,0.239370078740158));
#2641=CARTESIAN_POINT('Ctrl Pts',(0.131141087118752,1.54176417958447,0.239370078740158));
#2642=CARTESIAN_POINT('Ctrl Pts',(0.146867768010543,1.54176417958447,0.239370078740158));
#2643=CARTESIAN_POINT('Ctrl Pts',(0.16178099989069,1.54461125112522,0.239370078740159));
#2644=CARTESIAN_POINT('Ctrl Pts',(0.175880782759193,1.55030539420673,0.239370078740159));
#2645=CARTESIAN_POINT('Ctrl Pts',(0.189980565627696,1.55599953728825,0.239370078740159));
#2646=CARTESIAN_POINT('Ctrl Pts',(0.202182300802362,1.56399845256942,0.239370078740158));
#2647=CARTESIAN_POINT('Ctrl Pts',(0.212485988283191,1.57430214005024,0.239370078740158));
#2648=CARTESIAN_POINT('Ctrl Pts',(0.22278967576402,1.58460582753107,0.239370078740158));
#2649=CARTESIAN_POINT('Ctrl Pts',(0.231059740715738,1.59680756270574,0.239370078740158));
#2650=CARTESIAN_POINT('Ctrl Pts',(0.237296183138345,1.61090734557424,0.239370078740158));
#2651=CARTESIAN_POINT('Ctrl Pts',(0.243532625560952,1.62500712844274,0.239370078740158));
#2652=CARTESIAN_POINT('Ctrl Pts',(0.246650846772255,1.64046265966399,0.239370078740158));
#2653=CARTESIAN_POINT('Ctrl Pts',(0.246650846772255,1.65727393923797,0.239370078740158));
#2654=CARTESIAN_POINT('',(0.0986031266529764,1.8061351083689,0.239370078740158));
#2655=CARTESIAN_POINT('Ctrl Pts',(0.246650846772255,1.65727393923797,0.239370078740158));
#2656=CARTESIAN_POINT('Ctrl Pts',(0.246650846772255,1.67679671551744,0.239370078740158));
#2657=CARTESIAN_POINT('Ctrl Pts',(0.242854751384582,1.69564161762053,0.239370078740159));
#2658=CARTESIAN_POINT('Ctrl Pts',(0.235262560609234,1.71380864554726,0.239370078740159));
#2659=CARTESIAN_POINT('Ctrl Pts',(0.227670369833887,1.73197567347398,0.239370078740159));
#2660=CARTESIAN_POINT('Ctrl Pts',(0.217231107517784,1.74783792920105,0.239370078740158));
#2661=CARTESIAN_POINT('Ctrl Pts',(0.203944773660925,1.76139541272845,0.239370078740158));
#2662=CARTESIAN_POINT('Ctrl Pts',(0.190658439804067,1.77495289625586,0.239370078740158));
#2663=CARTESIAN_POINT('Ctrl Pts',(0.175067333747549,1.78579888307779,0.239370078740158));
#2664=CARTESIAN_POINT('Ctrl Pts',(0.157171455491373,1.79393337319423,0.239370078740158));
#2665=CARTESIAN_POINT('Ctrl Pts',(0.139275577235196,1.80206786331067,0.239370078740158));
#2666=CARTESIAN_POINT('Ctrl Pts',(0.119752800955731,1.8061351083689,0.239370078740158));
#2667=CARTESIAN_POINT('Ctrl Pts',(0.0986031266529764,1.8061351083689,0.239370078740158));
#2668=CARTESIAN_POINT('Ctrl Pts',(0.0986031266529764,1.8061351083689,0.239370078740158));
#2669=CARTESIAN_POINT('Ctrl Pts',(0.083418745102281,1.8061351083689,0.239370078740158));
#2670=CARTESIAN_POINT('Ctrl Pts',(0.0687766628926819,1.80328803682814,0.239370078740158));
#2671=CARTESIAN_POINT('Ctrl Pts',(0.0546768800241792,1.79759389374663,0.239370078740158));
#2672=CARTESIAN_POINT('Ctrl Pts',(0.0405770971556765,1.79189975066512,0.239370078740158));
#2673=CARTESIAN_POINT('Ctrl Pts',(0.0283753619810106,1.78403641021922,0.239370078740158));
#2674=CARTESIAN_POINT('Ctrl Pts',(0.0180716745001815,1.77400387240894,0.239370078740158));
#2675=CARTESIAN_POINT('Ctrl Pts',(0.00776798701935242,1.76397133459866,
0.239370078740158));
#2676=CARTESIAN_POINT('Ctrl Pts',(-0.000502077932365644,1.75190517425927,
0.239370078740158));
#2677=CARTESIAN_POINT('Ctrl Pts',(-0.00673852035497268,1.73780539139077,
0.239370078740158));
#2678=CARTESIAN_POINT('Ctrl Pts',(-0.0129749627775797,1.72370560852227,
0.239370078740158));
#2679=CARTESIAN_POINT('Ctrl Pts',(-0.0160931839888832,1.70825007730102,
0.239370078740158));
#2680=CARTESIAN_POINT('Ctrl Pts',(-0.0160931839888832,1.69143879772704,
0.239370078740158));
#2681=CARTESIAN_POINT('Ctrl Pts',(0.131141087118752,1.54176417958447,-4.36345880336398));
#2682=CARTESIAN_POINT('Ctrl Pts',(0.131141087118752,1.54176417958447,4.76345880336398));
#2683=CARTESIAN_POINT('Ctrl Pts',(0.154731108456439,1.54176417958447,-4.36345880336398));
#2684=CARTESIAN_POINT('Ctrl Pts',(0.154731108456439,1.54176417958447,4.76345880336398));
#2685=CARTESIAN_POINT('Ctrl Pts',(0.197030457061947,1.558846608829,-4.36345880336398));
#2686=CARTESIAN_POINT('Ctrl Pts',(0.197030457061947,1.558846608829,4.76345880336398));
#2687=CARTESIAN_POINT('Ctrl Pts',(0.227941519504435,1.58975767127149,-4.36345880336398));
#2688=CARTESIAN_POINT('Ctrl Pts',(0.227941519504435,1.58975767127149,4.76345880336398));
#2689=CARTESIAN_POINT('Ctrl Pts',(0.246650846772255,1.632057019877,-4.36345880336398));
#2690=CARTESIAN_POINT('Ctrl Pts',(0.246650846772255,1.632057019877,4.76345880336398));
#2691=CARTESIAN_POINT('Ctrl Pts',(0.246650846772255,1.65727393923797,-4.36345880336398));
#2692=CARTESIAN_POINT('Ctrl Pts',(0.246650846772255,1.65727393923797,4.76345880336398));
#2693=CARTESIAN_POINT('',(0.131141087118752,1.54176417958447,0.2));
#2694=CARTESIAN_POINT('',(0.131141087118752,1.54176417958447,-4.36345880336398));
#2695=CARTESIAN_POINT('',(0.246650846772255,1.65727393923797,0.2));
#2696=CARTESIAN_POINT('Ctrl Pts',(0.246650846772255,1.65727393923797,0.2));
#2697=CARTESIAN_POINT('Ctrl Pts',(0.246650846772255,1.632057019877,0.2));
#2698=CARTESIAN_POINT('Ctrl Pts',(0.227941519504435,1.58975767127149,0.2));
#2699=CARTESIAN_POINT('Ctrl Pts',(0.197030457061947,1.558846608829,0.2));
#2700=CARTESIAN_POINT('Ctrl Pts',(0.154731108456439,1.54176417958447,0.2));
#2701=CARTESIAN_POINT('Ctrl Pts',(0.131141087118752,1.54176417958447,0.2));
#2702=CARTESIAN_POINT('',(0.246650846772255,1.65727393923797,-4.36345880336398));
#2703=CARTESIAN_POINT('Ctrl Pts',(-0.0160931839888832,1.69143879772704,
-4.36345880336398));
#2704=CARTESIAN_POINT('Ctrl Pts',(-0.0160931839888832,1.69143879772704,
4.76345880336398));
#2705=CARTESIAN_POINT('Ctrl Pts',(-0.0160931839888834,1.66215463330784,
-4.36345880336398));
#2706=CARTESIAN_POINT('Ctrl Pts',(-0.0160931839888834,1.66215463330784,
4.76345880336398));
#2707=CARTESIAN_POINT('Ctrl Pts',(0.00586993932551526,1.60846699853931,
-4.36345880336398));
#2708=CARTESIAN_POINT('Ctrl Pts',(0.00586993932551526,1.60846699853931,
4.76345880336398));
#2709=CARTESIAN_POINT('Ctrl Pts',(0.0457289408960904,1.5661676499338,-4.36345880336398));
#2710=CARTESIAN_POINT('Ctrl Pts',(0.0457289408960904,1.5661676499338,4.76345880336398));
#2711=CARTESIAN_POINT('Ctrl Pts',(0.0994165756646203,1.54176417958447,-4.36345880336398));
#2712=CARTESIAN_POINT('Ctrl Pts',(0.0994165756646203,1.54176417958447,4.76345880336398));
#2713=CARTESIAN_POINT('Ctrl Pts',(0.131141087118752,1.54176417958447,-4.36345880336398));
#2714=CARTESIAN_POINT('Ctrl Pts',(0.131141087118752,1.54176417958447,4.76345880336398));
#2715=CARTESIAN_POINT('',(-0.0160931839888832,1.69143879772704,0.2));
#2716=CARTESIAN_POINT('',(-0.0160931839888832,1.69143879772704,-4.36345880336398));
#2717=CARTESIAN_POINT('Ctrl Pts',(0.131141087118752,1.54176417958447,0.2));
#2718=CARTESIAN_POINT('Ctrl Pts',(0.0994165756646203,1.54176417958447,0.2));
#2719=CARTESIAN_POINT('Ctrl Pts',(0.0457289408960904,1.5661676499338,0.2));
#2720=CARTESIAN_POINT('Ctrl Pts',(0.00586993932551526,1.60846699853931,
0.2));
#2721=CARTESIAN_POINT('Ctrl Pts',(-0.0160931839888834,1.66215463330784,
0.2));
#2722=CARTESIAN_POINT('Ctrl Pts',(-0.0160931839888832,1.69143879772704,
0.2));
#2723=CARTESIAN_POINT('Ctrl Pts',(0.0986031266529764,1.8061351083689,-4.36345880336398));
#2724=CARTESIAN_POINT('Ctrl Pts',(0.0986031266529764,1.8061351083689,4.76345880336398));
#2725=CARTESIAN_POINT('Ctrl Pts',(0.0758265543269333,1.8061351083689,-4.36345880336398));
#2726=CARTESIAN_POINT('Ctrl Pts',(0.0758265543269333,1.8061351083689,4.76345880336398));
#2727=CARTESIAN_POINT('Ctrl Pts',(0.0335272057214251,1.78905267912436,-4.36345880336398));
#2728=CARTESIAN_POINT('Ctrl Pts',(0.0335272057214251,1.78905267912436,4.76345880336398));
#2729=CARTESIAN_POINT('Ctrl Pts',(0.00261614327893787,1.75895506569352,
-4.36345880336398));
#2730=CARTESIAN_POINT('Ctrl Pts',(0.00261614327893787,1.75895506569352,
4.76345880336398));
#2731=CARTESIAN_POINT('Ctrl Pts',(-0.0160931839888832,1.71665571708801,
-4.36345880336398));
#2732=CARTESIAN_POINT('Ctrl Pts',(-0.0160931839888832,1.71665571708801,
4.76345880336398));
#2733=CARTESIAN_POINT('Ctrl Pts',(-0.0160931839888832,1.69143879772704,
-4.36345880336398));
#2734=CARTESIAN_POINT('Ctrl Pts',(-0.0160931839888832,1.69143879772704,
4.76345880336398));
#2735=CARTESIAN_POINT('',(0.0986031266529764,1.8061351083689,0.2));
#2736=CARTESIAN_POINT('',(0.0986031266529764,1.8061351083689,-4.36345880336398));
#2737=CARTESIAN_POINT('Ctrl Pts',(-0.0160931839888832,1.69143879772704,
0.2));
#2738=CARTESIAN_POINT('Ctrl Pts',(-0.0160931839888832,1.71665571708801,
0.2));
#2739=CARTESIAN_POINT('Ctrl Pts',(0.00261614327893787,1.75895506569352,
0.2));
#2740=CARTESIAN_POINT('Ctrl Pts',(0.0335272057214251,1.78905267912436,0.2));
#2741=CARTESIAN_POINT('Ctrl Pts',(0.0758265543269333,1.8061351083689,0.2));
#2742=CARTESIAN_POINT('Ctrl Pts',(0.0986031266529764,1.8061351083689,0.2));
#2743=CARTESIAN_POINT('Ctrl Pts',(0.246650846772255,1.65727393923797,-4.36345880336398));
#2744=CARTESIAN_POINT('Ctrl Pts',(0.246650846772255,1.65727393923797,4.76345880336398));
#2745=CARTESIAN_POINT('Ctrl Pts',(0.246650846772255,1.68655810365717,-4.36345880336398));
#2746=CARTESIAN_POINT('Ctrl Pts',(0.246650846772255,1.68655810365717,4.76345880336398));
#2747=CARTESIAN_POINT('Ctrl Pts',(0.223874274446213,1.74105918743734,-4.36345880336398));
#2748=CARTESIAN_POINT('Ctrl Pts',(0.223874274446213,1.74105918743734,4.76345880336398));
#2749=CARTESIAN_POINT('Ctrl Pts',(0.184015272875638,1.78173163801956,-4.36345880336398));
#2750=CARTESIAN_POINT('Ctrl Pts',(0.184015272875638,1.78173163801956,4.76345880336398));
#2751=CARTESIAN_POINT('Ctrl Pts',(0.130327638107108,1.8061351083689,-4.36345880336398));
#2752=CARTESIAN_POINT('Ctrl Pts',(0.130327638107108,1.8061351083689,4.76345880336398));
#2753=CARTESIAN_POINT('Ctrl Pts',(0.0986031266529764,1.8061351083689,-4.36345880336398));
#2754=CARTESIAN_POINT('Ctrl Pts',(0.0986031266529764,1.8061351083689,4.76345880336398));
#2755=CARTESIAN_POINT('Ctrl Pts',(0.0986031266529764,1.8061351083689,0.2));
#2756=CARTESIAN_POINT('Ctrl Pts',(0.130327638107108,1.8061351083689,0.2));
#2757=CARTESIAN_POINT('Ctrl Pts',(0.184015272875638,1.78173163801956,0.2));
#2758=CARTESIAN_POINT('Ctrl Pts',(0.223874274446213,1.74105918743734,0.2));
#2759=CARTESIAN_POINT('Ctrl Pts',(0.246650846772255,1.68655810365717,0.2));
#2760=CARTESIAN_POINT('Ctrl Pts',(0.246650846772255,1.65727393923797,0.2));
#2761=CARTESIAN_POINT('Origin',(-0.0937499999999765,4.30102148122502E-14,
0.239370078740157));
#2762=CARTESIAN_POINT('',(0.0750131053152852,-0.910784590523375,0.239370078740158));
#2763=CARTESIAN_POINT('',(0.246650846772252,-0.748094788194497,0.239370078740158));
#2764=CARTESIAN_POINT('Ctrl Pts',(0.0750131053152852,-0.910784590523375,
0.239370078740158));
#2765=CARTESIAN_POINT('Ctrl Pts',(0.100501174346809,-0.910784590523375,
0.239370078740158));
#2766=CARTESIAN_POINT('Ctrl Pts',(0.123820046013949,-0.906988495135701,
0.239370078740159));
#2767=CARTESIAN_POINT('Ctrl Pts',(0.144969720316703,-0.899396304360354,
0.239370078740159));
#2768=CARTESIAN_POINT('Ctrl Pts',(0.166119394619457,-0.891804113585006,
0.239370078740159));
#2769=CARTESIAN_POINT('Ctrl Pts',(0.184150847710908,-0.881093701598355,
0.239370078740158));
#2770=CARTESIAN_POINT('Ctrl Pts',(0.199064079591055,-0.8672650684004,0.239370078740158));
#2771=CARTESIAN_POINT('Ctrl Pts',(0.213977311471202,-0.853436435202445,
0.239370078740158));
#2772=CARTESIAN_POINT('Ctrl Pts',(0.225636747304772,-0.836489580793187,
0.239370078740158));
#2773=CARTESIAN_POINT('Ctrl Pts',(0.234042387091764,-0.816424505172625,
0.239370078740158));
#2774=CARTESIAN_POINT('Ctrl Pts',(0.242448026878756,-0.796359429552064,
0.239370078740158));
#2775=CARTESIAN_POINT('Ctrl Pts',(0.246650846772252,-0.773582857226021,
0.239370078740158));
#2776=CARTESIAN_POINT('Ctrl Pts',(0.246650846772252,-0.748094788194497,
0.239370078740158));
#2777=CARTESIAN_POINT('',(0.101043473687906,-0.520329064934066,0.239370078740158));
#2778=CARTESIAN_POINT('Ctrl Pts',(0.246650846772252,-0.748094788194497,
0.239370078740158));
#2779=CARTESIAN_POINT('Ctrl Pts',(0.246650846772252,-0.70850693629447,0.239370078740158));
#2780=CARTESIAN_POINT('Ctrl Pts',(0.235262560609231,-0.670003683076635,
0.239370078740158));
#2781=CARTESIAN_POINT('Ctrl Pts',(0.212485988283188,-0.632585028540993,
0.239370078740158));
#2782=CARTESIAN_POINT('Ctrl Pts',(0.189709415957145,-0.595166374005351,
0.239370078740158));
#2783=CARTESIAN_POINT('Ctrl Pts',(0.152561911092051,-0.557747719469708,
0.239370078740158));
#2784=CARTESIAN_POINT('Ctrl Pts',(0.101043473687906,-0.520329064934066,
0.239370078740158));
#2785=CARTESIAN_POINT('',(0.192963212003722,-0.536598045166954,0.239370078740158));
#2786=CARTESIAN_POINT('',(0.00791679290763901,-0.503846466565878,0.239370078740158));
#2787=CARTESIAN_POINT('',(0.232822213574298,-0.503246635689534,0.239370078740158));
#2788=CARTESIAN_POINT('Ctrl Pts',(0.192963212003722,-0.536598045166954,
0.239370078740158));
#2789=CARTESIAN_POINT('Ctrl Pts',(0.207062994872225,-0.53876724253134,0.239370078740158));
#2790=CARTESIAN_POINT('Ctrl Pts',(0.21723110751778,-0.537411494178599,0.239370078740158));
#2791=CARTESIAN_POINT('Ctrl Pts',(0.223467549940387,-0.532530800108733,
0.239370078740158));
#2792=CARTESIAN_POINT('Ctrl Pts',(0.229703992362994,-0.527650106038866,
0.239370078740158));
#2793=CARTESIAN_POINT('Ctrl Pts',(0.232822213574298,-0.517888717899133,
0.239370078740158));
#2794=CARTESIAN_POINT('Ctrl Pts',(0.232822213574298,-0.503246635689534,
0.239370078740158));
#2795=CARTESIAN_POINT('',(0.232822213574298,-0.36170650766341,0.239370078740158));
#2796=CARTESIAN_POINT('',(0.232822213574298,-0.180853253831684,0.239370078740158));
#2797=CARTESIAN_POINT('',(0.167746292642746,-0.310459219929813,0.239370078740158));
#2798=CARTESIAN_POINT('Ctrl Pts',(0.232822213574298,-0.36170650766341,0.239370078740158));
#2799=CARTESIAN_POINT('Ctrl Pts',(0.232822213574298,-0.356010203691021,
0.239370078740158));
#2800=CARTESIAN_POINT('Ctrl Pts',(0.232291143547599,-0.350047984888359,
0.239370078740158));
#2801=CARTESIAN_POINT('Ctrl Pts',(0.230044332125062,-0.342155886580073,
0.239370078740158));
#2802=CARTESIAN_POINT('Ctrl Pts',(0.228808282928561,-0.338592029924275,
0.239370078740158));
#2803=CARTESIAN_POINT('Ctrl Pts',(0.221920142905979,-0.33001187053427,0.239370078740158));
#2804=CARTESIAN_POINT('Ctrl Pts',(0.217232587136518,-0.326856932220108,
0.239370078740158));
#2805=CARTESIAN_POINT('Ctrl Pts',(0.206663333287413,-0.320791625944212,
0.239370078740158));
#2806=CARTESIAN_POINT('Ctrl Pts',(0.194578516045922,-0.315825664610448,
0.239370078740158));
#2807=CARTESIAN_POINT('Ctrl Pts',(0.167746292642746,-0.310459219929813,
0.239370078740158));
#2808=CARTESIAN_POINT('',(0.103483820722839,-0.338929935337367,0.239370078740158));
#2809=CARTESIAN_POINT('Ctrl Pts',(0.167746292642746,-0.310459219929813,
0.239370078740158));
#2810=CARTESIAN_POINT('Ctrl Pts',(0.15418880911534,-0.308290022565428,0.239370078740158));
#2811=CARTESIAN_POINT('Ctrl Pts',(0.143207247458141,-0.307205423883236,
0.239370078740158));
#2812=CARTESIAN_POINT('Ctrl Pts',(0.134801607671149,-0.307205423883236,
0.239370078740158));
#2813=CARTESIAN_POINT('Ctrl Pts',(0.126395967884157,-0.307205423883236,
0.239370078740158));
#2814=CARTESIAN_POINT('Ctrl Pts',(0.119888375791001,-0.308425597400702,
0.239370078740158));
#2815=CARTESIAN_POINT('Ctrl Pts',(0.115278831391683,-0.310865944435635,
0.239370078740158));
#2816=CARTESIAN_POINT('Ctrl Pts',(0.110669286992365,-0.313306291470568,
0.239370078740158));
#2817=CARTESIAN_POINT('Ctrl Pts',(0.107551065781062,-0.316831237187694,
0.239370078740158));
#2818=CARTESIAN_POINT('Ctrl Pts',(0.105924167757773,-0.321440781587012,
0.239370078740158));
#2819=CARTESIAN_POINT('Ctrl Pts',(0.104297269734484,-0.326050325986331,
0.239370078740158));
#2820=CARTESIAN_POINT('Ctrl Pts',(0.103483820722839,-0.331880043903116,
0.239370078740158));
#2821=CARTESIAN_POINT('Ctrl Pts',(0.103483820722839,-0.338929935337367,
0.239370078740158));
#2822=CARTESIAN_POINT('',(0.103483820722839,-0.38773687603603,0.239370078740158));
#2823=CARTESIAN_POINT('',(0.103483820722839,-0.193868438017994,0.239370078740158));
#2824=CARTESIAN_POINT('',(-0.311375175215801,-0.315339913999679,0.239370078740158));
#2825=CARTESIAN_POINT('',(-0.232480183074908,-0.32910786360858,0.239370078740158));
#2826=CARTESIAN_POINT('',(-0.351234176786376,-0.347877874465455,0.239370078740158));
#2827=CARTESIAN_POINT('Ctrl Pts',(-0.311375175215801,-0.315339913999679,
0.239370078740158));
#2828=CARTESIAN_POINT('Ctrl Pts',(-0.325474958084304,-0.312628417294197,
0.239370078740158));
#2829=CARTESIAN_POINT('Ctrl Pts',(-0.335643070729858,-0.313848590811664,
0.239370078740158));
#2830=CARTESIAN_POINT('Ctrl Pts',(-0.341879513152465,-0.319000434552079,
0.239370078740158));
#2831=CARTESIAN_POINT('Ctrl Pts',(-0.348115955575072,-0.324152278292493,
0.239370078740158));
#2832=CARTESIAN_POINT('Ctrl Pts',(-0.351234176786376,-0.333778091596952,
0.239370078740158));
#2833=CARTESIAN_POINT('Ctrl Pts',(-0.351234176786376,-0.347877874465455,
0.239370078740158));
#2834=CARTESIAN_POINT('',(-0.351234176786376,-0.53415769813202,0.239370078740158));
#2835=CARTESIAN_POINT('',(-0.351234176786376,-0.267078849065988,0.239370078740158));
#2836=CARTESIAN_POINT('',(-0.286971704866469,-0.585404985865617,0.239370078740158));
#2837=CARTESIAN_POINT('Ctrl Pts',(-0.351234176786376,-0.53415769813202,
0.239370078740158));
#2838=CARTESIAN_POINT('Ctrl Pts',(-0.351234176786376,-0.541207589566272,
0.239370078740158));
#2839=CARTESIAN_POINT('Ctrl Pts',(-0.350420727774732,-0.547308457153605,
0.239370078740158));
#2840=CARTESIAN_POINT('Ctrl Pts',(-0.348793829751443,-0.552460300894019,
0.239370078740158));
#2841=CARTESIAN_POINT('Ctrl Pts',(-0.347166931728154,-0.557612144634434,
0.239370078740158));
#2842=CARTESIAN_POINT('Ctrl Pts',(-0.344048710516851,-0.562221689033752,
0.239370078740158));
#2843=CARTESIAN_POINT('Ctrl Pts',(-0.339439166117533,-0.566288934091974,
0.239370078740158));
#2844=CARTESIAN_POINT('Ctrl Pts',(-0.334829621718214,-0.570356179150196,
0.239370078740158));
#2845=CARTESIAN_POINT('Ctrl Pts',(-0.328322029625059,-0.573881124867322,
0.239370078740158));
#2846=CARTESIAN_POINT('Ctrl Pts',(-0.319916389838067,-0.576863771243351,
0.239370078740158));
#2847=CARTESIAN_POINT('Ctrl Pts',(-0.311510750051075,-0.57984641761938,
0.239370078740158));
#2848=CARTESIAN_POINT('Ctrl Pts',(-0.300529188393876,-0.582693489160136,
0.239370078740158));
#2849=CARTESIAN_POINT('Ctrl Pts',(-0.286971704866469,-0.585404985865617,
0.239370078740158));
#2850=CARTESIAN_POINT('',(-0.221895783934918,-0.556934270458064,0.239370078740158));
#2851=CARTESIAN_POINT('Ctrl Pts',(-0.286971704866469,-0.585404985865617,
0.239370078740158));
#2852=CARTESIAN_POINT('Ctrl Pts',(-0.273414221339063,-0.587574183230002,
0.239370078740158));
#2853=CARTESIAN_POINT('Ctrl Pts',(-0.262432659681863,-0.588658781912195,
0.239370078740158));
#2854=CARTESIAN_POINT('Ctrl Pts',(-0.254027019894871,-0.588658781912195,
0.239370078740158));
#2855=CARTESIAN_POINT('Ctrl Pts',(-0.245621380107879,-0.588658781912195,
0.239370078740158));
#2856=CARTESIAN_POINT('Ctrl Pts',(-0.23897821317945,-0.587438608394728,
0.239370078740158));
#2857=CARTESIAN_POINT('Ctrl Pts',(-0.234097519109584,-0.584998261359795,
0.239370078740158));
#2858=CARTESIAN_POINT('Ctrl Pts',(-0.229216825039717,-0.582557914324862,
0.239370078740158));
#2859=CARTESIAN_POINT('Ctrl Pts',(-0.22596302899314,-0.579032968607736,
0.239370078740158));
#2860=CARTESIAN_POINT('Ctrl Pts',(-0.224336130969851,-0.574423424208418,
0.239370078740158));
#2861=CARTESIAN_POINT('Ctrl Pts',(-0.222709232946562,-0.5698138798091,0.239370078740158));
#2862=CARTESIAN_POINT('Ctrl Pts',(-0.221895783934918,-0.563984161892315,
0.239370078740158));
#2863=CARTESIAN_POINT('Ctrl Pts',(-0.221895783934918,-0.556934270458064,
0.239370078740158));
#2864=CARTESIAN_POINT('',(-0.221895783934918,-0.488604553479935,0.239370078740158));
#2865=CARTESIAN_POINT('',(-0.221895783934917,-0.244302276739946,0.239370078740158));
#2866=CARTESIAN_POINT('',(-0.138110535735545,-0.503246635689534,0.239370078740158));
#2867=CARTESIAN_POINT('',(-0.159257445959173,-0.499551059145599,0.239370078740158));
#2868=CARTESIAN_POINT('',(0.103483820722839,-0.687899561332811,0.239370078740158));
#2869=CARTESIAN_POINT('Ctrl Pts',(-0.138110535735545,-0.503246635689534,
0.239370078740158));
#2870=CARTESIAN_POINT('Ctrl Pts',(-0.111830301306336,-0.507470244794228,
0.239370078740158));
#2871=CARTESIAN_POINT('Ctrl Pts',(-0.0863525597854838,-0.514607079674798,
0.239370078740158));
#2872=CARTESIAN_POINT('Ctrl Pts',(-0.0451561342086197,-0.531151964331062,
0.239370078740158));
#2873=CARTESIAN_POINT('Ctrl Pts',(-0.0192688680249982,-0.542904134422369,
0.239370078740158));
#2874=CARTESIAN_POINT('Ctrl Pts',(0.0271020613972651,-0.572970301507121,
0.239370078740158));
#2875=CARTESIAN_POINT('Ctrl Pts',(0.0533774434426779,-0.592244151877109,
0.239370078740158));
#2876=CARTESIAN_POINT('Ctrl Pts',(0.0888029804058757,-0.636707535854888,
0.239370078740158));
#2877=CARTESIAN_POINT('Ctrl Pts',(0.0947294860222301,-0.649686583481597,
0.239370078740158));
#2878=CARTESIAN_POINT('Ctrl Pts',(0.101328110870368,-0.667019560793947,
0.239370078740158));
#2879=CARTESIAN_POINT('Ctrl Pts',(0.103483820722839,-0.677301927319842,
0.239370078740158));
#2880=CARTESIAN_POINT('Ctrl Pts',(0.103483820722839,-0.687899561332811,
0.239370078740158));
#2881=CARTESIAN_POINT('',(0.0400347978145761,-0.748094788194496,0.239370078740158));
#2882=CARTESIAN_POINT('Ctrl Pts',(0.103483820722839,-0.687899561332811,
0.239370078740158));
#2883=CARTESIAN_POINT('Ctrl Pts',(0.103483820722839,-0.710133834317758,
0.239370078740158));
#2884=CARTESIAN_POINT('Ctrl Pts',(0.0980608273118762,-0.725724940374275,
0.239370078740158));
#2885=CARTESIAN_POINT('Ctrl Pts',(0.087214840489951,-0.734672879502364,
0.239370078740158));
#2886=CARTESIAN_POINT('Ctrl Pts',(0.0763688536680258,-0.743620818630452,
0.239370078740158));
#2887=CARTESIAN_POINT('Ctrl Pts',(0.0606421727762341,-0.748094788194496,
0.239370078740158));
#2888=CARTESIAN_POINT('Ctrl Pts',(0.0400347978145761,-0.748094788194496,
0.239370078740158));
#2889=CARTESIAN_POINT('',(0.00342959229057881,-0.744027543136274,0.239370078740158));
#2890=CARTESIAN_POINT('Ctrl Pts',(0.0400347978145761,-0.748094788194496,
0.239370078740158));
#2891=CARTESIAN_POINT('Ctrl Pts',(0.029188810992651,-0.748094788194496,
0.239370078740158));
#2892=CARTESIAN_POINT('Ctrl Pts',(0.0169870758179852,-0.746739039841756,
0.239370078740158));
#2893=CARTESIAN_POINT('Ctrl Pts',(0.00342959229057881,-0.744027543136274,
0.239370078740158));
#2894=CARTESIAN_POINT('',(-0.311375175215801,-0.689526459356099,0.239370078740158));
#2895=CARTESIAN_POINT('',(-0.263679842389454,-0.697783790879007,0.239370078740158));
#2896=CARTESIAN_POINT('',(-0.351234176786376,-0.722064419821875,0.239370078740158));
#2897=CARTESIAN_POINT('Ctrl Pts',(-0.311375175215801,-0.689526459356099,
0.239370078740158));
#2898=CARTESIAN_POINT('Ctrl Pts',(-0.325474958084304,-0.686814962650618,
0.239370078740158));
#2899=CARTESIAN_POINT('Ctrl Pts',(-0.335643070729859,-0.688035136168085,
0.239370078740158));
#2900=CARTESIAN_POINT('Ctrl Pts',(-0.341879513152466,-0.693186979908499,
0.239370078740158));
#2901=CARTESIAN_POINT('Ctrl Pts',(-0.348115955575073,-0.698338823648914,
0.239370078740158));
#2902=CARTESIAN_POINT('Ctrl Pts',(-0.351234176786376,-0.707964636953372,
0.239370078740158));
#2903=CARTESIAN_POINT('Ctrl Pts',(-0.351234176786376,-0.722064419821875,
0.239370078740158));
#2904=CARTESIAN_POINT('',(-0.351234176786377,-0.888821467208976,0.239370078740158));
#2905=CARTESIAN_POINT('',(-0.351234176786376,-0.444410733604466,0.239370078740158));
#2906=CARTESIAN_POINT('',(-0.28697170486647,-0.940068754942573,0.239370078740158));
#2907=CARTESIAN_POINT('Ctrl Pts',(-0.351234176786377,-0.888821467208976,
0.239370078740158));
#2908=CARTESIAN_POINT('Ctrl Pts',(-0.351234176786377,-0.895871358643227,
0.239370078740158));
#2909=CARTESIAN_POINT('Ctrl Pts',(-0.350420727774732,-0.90197222623056,
0.239370078740158));
#2910=CARTESIAN_POINT('Ctrl Pts',(-0.348793829751444,-0.907124069970975,
0.239370078740158));
#2911=CARTESIAN_POINT('Ctrl Pts',(-0.347166931728155,-0.912275913711389,
0.239370078740158));
#2912=CARTESIAN_POINT('Ctrl Pts',(-0.344048710516851,-0.916885458110707,
0.239370078740158));
#2913=CARTESIAN_POINT('Ctrl Pts',(-0.339439166117533,-0.920952703168929,
0.239370078740158));
#2914=CARTESIAN_POINT('Ctrl Pts',(-0.334829621718215,-0.925019948227151,
0.239370078740158));
#2915=CARTESIAN_POINT('Ctrl Pts',(-0.32832202962506,-0.928544893944277,
0.239370078740158));
#2916=CARTESIAN_POINT('Ctrl Pts',(-0.319916389838068,-0.931527540320306,
0.239370078740158));
#2917=CARTESIAN_POINT('Ctrl Pts',(-0.311510750051076,-0.934510186696336,
0.239370078740158));
#2918=CARTESIAN_POINT('Ctrl Pts',(-0.300529188393876,-0.937357258237091,
0.239370078740158));
#2919=CARTESIAN_POINT('Ctrl Pts',(-0.28697170486647,-0.940068754942573,
0.239370078740158));
#2920=CARTESIAN_POINT('',(-0.221895783934918,-0.911598039535019,0.239370078740158));
#2921=CARTESIAN_POINT('Ctrl Pts',(-0.28697170486647,-0.940068754942573,
0.239370078740158));
#2922=CARTESIAN_POINT('Ctrl Pts',(-0.278451453287586,-0.941431995195194,
0.239370078740158));
#2923=CARTESIAN_POINT('Ctrl Pts',(-0.26880926493288,-0.942709157956066,
0.239370078740158));
#2924=CARTESIAN_POINT('Ctrl Pts',(-0.253378984580389,-0.94350336945662,
0.239370078740158));
#2925=CARTESIAN_POINT('Ctrl Pts',(-0.246912357191644,-0.943364965398098,
0.239370078740158));
#2926=CARTESIAN_POINT('Ctrl Pts',(-0.238205059864708,-0.941430114905199,
0.239370078740158));
#2927=CARTESIAN_POINT('Ctrl Pts',(-0.234998796689507,-0.940362885918486,
0.239370078740158));
#2928=CARTESIAN_POINT('Ctrl Pts',(-0.230063452986247,-0.9372703667956,0.239370078740158));
#2929=CARTESIAN_POINT('Ctrl Pts',(-0.228308748904919,-0.935741388118859,
0.239370078740158));
#2930=CARTESIAN_POINT('Ctrl Pts',(-0.225468729355882,-0.931985003440187,
0.239370078740158));
#2931=CARTESIAN_POINT('Ctrl Pts',(-0.224462870962192,-0.929854031547503,
0.239370078740158));
#2932=CARTESIAN_POINT('Ctrl Pts',(-0.222304447014403,-0.922006293652469,
0.239370078740158));
#2933=CARTESIAN_POINT('Ctrl Pts',(-0.221895783934918,-0.916594931533464,
0.239370078740158));
#2934=CARTESIAN_POINT('Ctrl Pts',(-0.221895783934918,-0.911598039535019,
0.239370078740158));
#2935=CARTESIAN_POINT('',(-0.221895783934918,-0.862791098836355,0.239370078740158));
#2936=CARTESIAN_POINT('',(-0.221895783934917,-0.431395549418156,0.239370078740158));
#2937=CARTESIAN_POINT('',(0.0278330626399104,-0.906717345465153,0.239370078740158));
#2938=CARTESIAN_POINT('',(-0.108484758714841,-0.882739617930441,0.239370078740158));
#2939=CARTESIAN_POINT('Ctrl Pts',(0.0278330626399104,-0.906717345465153,
0.239370078740158));
#2940=CARTESIAN_POINT('Ctrl Pts',(0.0365098520974506,-0.908344243488442,
0.239370078740158));
#2941=CARTESIAN_POINT('Ctrl Pts',(0.0446443422138945,-0.909428842170634,
0.239370078740158));
#2942=CARTESIAN_POINT('Ctrl Pts',(0.0522365329892422,-0.90997114151173,
0.239370078740158));
#2943=CARTESIAN_POINT('Ctrl Pts',(0.0598287237645899,-0.910513440852827,
0.239370078740158));
#2944=CARTESIAN_POINT('Ctrl Pts',(0.0674209145399376,-0.910784590523375,
0.239370078740158));
#2945=CARTESIAN_POINT('Ctrl Pts',(0.0750131053152852,-0.910784590523375,
0.239370078740158));
#2946=CARTESIAN_POINT('Ctrl Pts',(-0.286971704866469,-0.585404985865617,
-4.36345880336398));
#2947=CARTESIAN_POINT('Ctrl Pts',(-0.286971704866469,-0.585404985865617,
4.76345880336398));
#2948=CARTESIAN_POINT('Ctrl Pts',(-0.266635479575359,-0.588658781912195,
-4.36345880336398));
#2949=CARTESIAN_POINT('Ctrl Pts',(-0.266635479575359,-0.588658781912195,
4.76345880336398));
#2950=CARTESIAN_POINT('Ctrl Pts',(-0.241418560214383,-0.588658781912195,
-4.36345880336398));
#2951=CARTESIAN_POINT('Ctrl Pts',(-0.241418560214383,-0.588658781912195,
4.76345880336398));
#2952=CARTESIAN_POINT('Ctrl Pts',(-0.226776478004784,-0.581337740807395,
-4.36345880336398));
#2953=CARTESIAN_POINT('Ctrl Pts',(-0.226776478004784,-0.581337740807395,
4.76345880336398));
#2954=CARTESIAN_POINT('Ctrl Pts',(-0.221895783934918,-0.567509107609441,
-4.36345880336398));
#2955=CARTESIAN_POINT('Ctrl Pts',(-0.221895783934918,-0.567509107609441,
4.76345880336398));
#2956=CARTESIAN_POINT('Ctrl Pts',(-0.221895783934918,-0.556934270458064,
-4.36345880336398));
#2957=CARTESIAN_POINT('Ctrl Pts',(-0.221895783934918,-0.556934270458064,
4.76345880336398));
#2958=CARTESIAN_POINT('',(-0.286971704866469,-0.585404985865617,0.2));
#2959=CARTESIAN_POINT('',(-0.286971704866469,-0.585404985865617,-4.36345880336398));
#2960=CARTESIAN_POINT('',(-0.221895783934918,-0.556934270458064,0.2));
#2961=CARTESIAN_POINT('Ctrl Pts',(-0.221895783934918,-0.556934270458064,
0.199999999999998));
#2962=CARTESIAN_POINT('Ctrl Pts',(-0.221895783934918,-0.567509107609441,
0.199999999999998));
#2963=CARTESIAN_POINT('Ctrl Pts',(-0.226776478004784,-0.581337740807395,
0.199999999999998));
#2964=CARTESIAN_POINT('Ctrl Pts',(-0.241418560214383,-0.588658781912195,
0.199999999999998));
#2965=CARTESIAN_POINT('Ctrl Pts',(-0.266635479575359,-0.588658781912195,
0.199999999999998));
#2966=CARTESIAN_POINT('Ctrl Pts',(-0.286971704866469,-0.585404985865617,
0.199999999999998));
#2967=CARTESIAN_POINT('',(-0.221895783934918,-0.556934270458064,-4.36345880336398));
#2968=CARTESIAN_POINT('Ctrl Pts',(-0.351234176786376,-0.53415769813202,
-4.36345880336398));
#2969=CARTESIAN_POINT('Ctrl Pts',(-0.351234176786376,-0.53415769813202,
4.76345880336398));
#2970=CARTESIAN_POINT('Ctrl Pts',(-0.351234176786376,-0.544732535283397,
-4.36345880336398));
#2971=CARTESIAN_POINT('Ctrl Pts',(-0.351234176786376,-0.544732535283397,
4.76345880336398));
#2972=CARTESIAN_POINT('Ctrl Pts',(-0.34635348271651,-0.560188066504641,
-4.36345880336398));
#2973=CARTESIAN_POINT('Ctrl Pts',(-0.34635348271651,-0.560188066504641,
4.76345880336398));
#2974=CARTESIAN_POINT('Ctrl Pts',(-0.332524849518555,-0.572389801679307,
-4.36345880336398));
#2975=CARTESIAN_POINT('Ctrl Pts',(-0.332524849518555,-0.572389801679307,
4.76345880336398));
#2976=CARTESIAN_POINT('Ctrl Pts',(-0.307307930157579,-0.581337740807395,
-4.36345880336398));
#2977=CARTESIAN_POINT('Ctrl Pts',(-0.307307930157579,-0.581337740807395,
4.76345880336398));
#2978=CARTESIAN_POINT('Ctrl Pts',(-0.286971704866469,-0.585404985865617,
-4.36345880336398));
#2979=CARTESIAN_POINT('Ctrl Pts',(-0.286971704866469,-0.585404985865617,
4.76345880336398));
#2980=CARTESIAN_POINT('',(-0.351234176786376,-0.53415769813202,0.2));
#2981=CARTESIAN_POINT('',(-0.351234176786376,-0.53415769813202,-4.36345880336398));
#2982=CARTESIAN_POINT('Ctrl Pts',(-0.286971704866469,-0.585404985865617,
0.199999999999998));
#2983=CARTESIAN_POINT('Ctrl Pts',(-0.307307930157579,-0.581337740807395,
0.199999999999998));
#2984=CARTESIAN_POINT('Ctrl Pts',(-0.332524849518555,-0.572389801679307,
0.199999999999998));
#2985=CARTESIAN_POINT('Ctrl Pts',(-0.34635348271651,-0.560188066504641,
0.199999999999998));
#2986=CARTESIAN_POINT('Ctrl Pts',(-0.351234176786376,-0.544732535283397,
0.199999999999998));
#2987=CARTESIAN_POINT('Ctrl Pts',(-0.351234176786376,-0.53415769813202,
0.199999999999998));
#2988=CARTESIAN_POINT('Origin',(-0.351234176786376,-0.53415769813202,-4.36345880336398));
#2989=CARTESIAN_POINT('',(-0.351234176786376,-0.347877874465455,0.2));
#2990=CARTESIAN_POINT('',(-0.351234176786376,-0.347877874465455,-4.36345880336398));
#2991=CARTESIAN_POINT('',(-0.351234176786376,-0.267078849065988,0.2));
#2992=CARTESIAN_POINT('Ctrl Pts',(-0.311375175215801,-0.315339913999679,
-4.36345880336398));
#2993=CARTESIAN_POINT('Ctrl Pts',(-0.311375175215801,-0.315339913999679,
4.76345880336398));
#2994=CARTESIAN_POINT('Ctrl Pts',(-0.332524849518555,-0.311272668941457,
-4.36345880336398));
#2995=CARTESIAN_POINT('Ctrl Pts',(-0.332524849518555,-0.311272668941457,
4.76345880336398));
#2996=CARTESIAN_POINT('Ctrl Pts',(-0.351234176786376,-0.3267282001627,-4.36345880336398));
#2997=CARTESIAN_POINT('Ctrl Pts',(-0.351234176786376,-0.3267282001627,4.76345880336398));
#2998=CARTESIAN_POINT('Ctrl Pts',(-0.351234176786376,-0.347877874465455,
-4.36345880336398));
#2999=CARTESIAN_POINT('Ctrl Pts',(-0.351234176786376,-0.347877874465455,
4.76345880336398));
#3000=CARTESIAN_POINT('',(-0.311375175215801,-0.315339913999679,0.2));
#3001=CARTESIAN_POINT('',(-0.311375175215801,-0.315339913999679,-4.36345880336398));
#3002=CARTESIAN_POINT('Ctrl Pts',(-0.351234176786376,-0.347877874465455,
0.199999999999998));
#3003=CARTESIAN_POINT('Ctrl Pts',(-0.351234176786376,-0.3267282001627,0.199999999999998));
#3004=CARTESIAN_POINT('Ctrl Pts',(-0.332524849518555,-0.311272668941457,
0.199999999999998));
#3005=CARTESIAN_POINT('Ctrl Pts',(-0.311375175215801,-0.315339913999679,
0.199999999999998));
#3006=CARTESIAN_POINT('Origin',(-0.311375175215801,-0.315339913999679,-4.36345880336398));
#3007=CARTESIAN_POINT('',(0.103483820722839,-0.38773687603603,0.2));
#3008=CARTESIAN_POINT('',(0.103483820722839,-0.38773687603603,-4.36345880336398));
#3009=CARTESIAN_POINT('',(-0.232480183074908,-0.32910786360858,0.2));
#3010=CARTESIAN_POINT('Origin',(0.103483820722839,-0.38773687603603,-4.36345880336398));
#3011=CARTESIAN_POINT('',(0.103483820722839,-0.338929935337367,0.2));
#3012=CARTESIAN_POINT('',(0.103483820722839,-0.338929935337367,-4.36345880336398));
#3013=CARTESIAN_POINT('',(0.103483820722839,-0.193868438017994,0.2));
#3014=CARTESIAN_POINT('Ctrl Pts',(0.167746292642746,-0.310459219929813,
-4.36345880336398));
#3015=CARTESIAN_POINT('Ctrl Pts',(0.167746292642746,-0.310459219929813,
4.76345880336398));
#3016=CARTESIAN_POINT('Ctrl Pts',(0.147410067351637,-0.307205423883236,
-4.36345880336398));
#3017=CARTESIAN_POINT('Ctrl Pts',(0.147410067351637,-0.307205423883236,
4.76345880336398));
#3018=CARTESIAN_POINT('Ctrl Pts',(0.122193147990661,-0.307205423883236,
-4.36345880336398));
#3019=CARTESIAN_POINT('Ctrl Pts',(0.122193147990661,-0.307205423883236,
4.76345880336398));
#3020=CARTESIAN_POINT('Ctrl Pts',(0.108364514792706,-0.314526464988035,
-4.36345880336398));
#3021=CARTESIAN_POINT('Ctrl Pts',(0.108364514792706,-0.314526464988035,
4.76345880336398));
#3022=CARTESIAN_POINT('Ctrl Pts',(0.103483820722839,-0.32835509818599,-4.36345880336398));
#3023=CARTESIAN_POINT('Ctrl Pts',(0.103483820722839,-0.32835509818599,4.76345880336398));
#3024=CARTESIAN_POINT('Ctrl Pts',(0.103483820722839,-0.338929935337367,
-4.36345880336398));
#3025=CARTESIAN_POINT('Ctrl Pts',(0.103483820722839,-0.338929935337367,
4.76345880336398));
#3026=CARTESIAN_POINT('',(0.167746292642746,-0.310459219929813,0.2));
#3027=CARTESIAN_POINT('',(0.167746292642746,-0.310459219929813,-4.36345880336398));
#3028=CARTESIAN_POINT('Ctrl Pts',(0.103483820722839,-0.338929935337367,
0.199999999999998));
#3029=CARTESIAN_POINT('Ctrl Pts',(0.103483820722839,-0.32835509818599,0.199999999999998));
#3030=CARTESIAN_POINT('Ctrl Pts',(0.108364514792706,-0.314526464988035,
0.199999999999998));
#3031=CARTESIAN_POINT('Ctrl Pts',(0.122193147990661,-0.307205423883236,
0.199999999999998));
#3032=CARTESIAN_POINT('Ctrl Pts',(0.147410067351637,-0.307205423883236,
0.199999999999998));
#3033=CARTESIAN_POINT('Ctrl Pts',(0.167746292642746,-0.310459219929813,
0.199999999999998));
#3034=CARTESIAN_POINT('Ctrl Pts',(0.232822213574298,-0.36170650766341,-4.36345880336398));
#3035=CARTESIAN_POINT('Ctrl Pts',(0.232822213574298,-0.36170650766341,4.76345880336398));
#3036=CARTESIAN_POINT('Ctrl Pts',(0.232822213574298,-0.351131670512033,
-4.36345880336398));
#3037=CARTESIAN_POINT('Ctrl Pts',(0.232822213574298,-0.351131670512033,
4.76345880336398));
#3038=CARTESIAN_POINT('Ctrl Pts',(0.227941519504432,-0.335676139290789,
-4.36345880336398));
#3039=CARTESIAN_POINT('Ctrl Pts',(0.227941519504432,-0.335676139290789,
4.76345880336398));
#3040=CARTESIAN_POINT('Ctrl Pts',(0.213299437294833,-0.323474404116123,
-4.36345880336398));
#3041=CARTESIAN_POINT('Ctrl Pts',(0.213299437294833,-0.323474404116123,
4.76345880336398));
#3042=CARTESIAN_POINT('Ctrl Pts',(0.188082517933856,-0.314526464988035,
-4.36345880336398));
#3043=CARTESIAN_POINT('Ctrl Pts',(0.188082517933856,-0.314526464988035,
4.76345880336398));
#3044=CARTESIAN_POINT('Ctrl Pts',(0.167746292642746,-0.310459219929813,
-4.36345880336398));
#3045=CARTESIAN_POINT('Ctrl Pts',(0.167746292642746,-0.310459219929813,
4.76345880336398));
#3046=CARTESIAN_POINT('',(0.232822213574298,-0.36170650766341,0.2));
#3047=CARTESIAN_POINT('',(0.232822213574298,-0.36170650766341,-4.36345880336398));
#3048=CARTESIAN_POINT('Ctrl Pts',(0.167746292642746,-0.310459219929813,
0.199999999999998));
#3049=CARTESIAN_POINT('Ctrl Pts',(0.188082517933856,-0.314526464988035,
0.199999999999998));
#3050=CARTESIAN_POINT('Ctrl Pts',(0.213299437294833,-0.323474404116123,
0.199999999999998));
#3051=CARTESIAN_POINT('Ctrl Pts',(0.227941519504432,-0.335676139290789,
0.199999999999998));
#3052=CARTESIAN_POINT('Ctrl Pts',(0.232822213574298,-0.351131670512033,
0.199999999999998));
#3053=CARTESIAN_POINT('Ctrl Pts',(0.232822213574298,-0.36170650766341,0.199999999999998));
#3054=CARTESIAN_POINT('Origin',(0.232822213574298,-0.36170650766341,-4.36345880336398));
#3055=CARTESIAN_POINT('',(0.232822213574298,-0.503246635689534,0.2));
#3056=CARTESIAN_POINT('',(0.232822213574298,-0.503246635689534,-4.36345880336398));
#3057=CARTESIAN_POINT('',(0.232822213574298,-0.180853253831684,0.2));
#3058=CARTESIAN_POINT('Ctrl Pts',(0.192963212003722,-0.536598045166954,
-4.36345880336398));
#3059=CARTESIAN_POINT('Ctrl Pts',(0.192963212003722,-0.536598045166954,
4.76345880336398));
#3060=CARTESIAN_POINT('Ctrl Pts',(0.214112886306477,-0.539851841213532,
-4.36345880336398));
#3061=CARTESIAN_POINT('Ctrl Pts',(0.214112886306477,-0.539851841213532,
4.76345880336398));
#3062=CARTESIAN_POINT('Ctrl Pts',(0.232822213574298,-0.525209759003933,
-4.36345880336398));
#3063=CARTESIAN_POINT('Ctrl Pts',(0.232822213574298,-0.525209759003933,
4.76345880336398));
#3064=CARTESIAN_POINT('Ctrl Pts',(0.232822213574298,-0.503246635689534,
-4.36345880336398));
#3065=CARTESIAN_POINT('Ctrl Pts',(0.232822213574298,-0.503246635689534,
4.76345880336398));
#3066=CARTESIAN_POINT('',(0.192963212003722,-0.536598045166954,0.2));
#3067=CARTESIAN_POINT('',(0.192963212003722,-0.536598045166954,-4.36345880336398));
#3068=CARTESIAN_POINT('Ctrl Pts',(0.232822213574298,-0.503246635689534,
0.199999999999998));
#3069=CARTESIAN_POINT('Ctrl Pts',(0.232822213574298,-0.525209759003933,
0.199999999999998));
#3070=CARTESIAN_POINT('Ctrl Pts',(0.214112886306477,-0.539851841213532,
0.199999999999998));
#3071=CARTESIAN_POINT('Ctrl Pts',(0.192963212003722,-0.536598045166954,
0.199999999999998));
#3072=CARTESIAN_POINT('Origin',(0.192963212003722,-0.536598045166954,-4.36345880336398));
#3073=CARTESIAN_POINT('',(0.101043473687906,-0.520329064934066,0.2));
#3074=CARTESIAN_POINT('',(0.101043473687906,-0.520329064934066,-4.36345880336398));
#3075=CARTESIAN_POINT('',(0.007916792907639,-0.503846466565878,0.2));
#3076=CARTESIAN_POINT('Ctrl Pts',(0.246650846772252,-0.748094788194497,
-4.36345880336398));
#3077=CARTESIAN_POINT('Ctrl Pts',(0.246650846772252,-0.748094788194497,
4.76345880336398));
#3078=CARTESIAN_POINT('Ctrl Pts',(0.246650846772252,-0.688713010344456,
-4.36345880336398));
#3079=CARTESIAN_POINT('Ctrl Pts',(0.246650846772252,-0.688713010344456,
4.76345880336398));
#3080=CARTESIAN_POINT('Ctrl Pts',(0.178321129794123,-0.57645704673753,-4.36345880336398));
#3081=CARTESIAN_POINT('Ctrl Pts',(0.178321129794123,-0.57645704673753,4.76345880336398));
#3082=CARTESIAN_POINT('Ctrl Pts',(0.101043473687906,-0.520329064934066,
-4.36345880336398));
#3083=CARTESIAN_POINT('Ctrl Pts',(0.101043473687906,-0.520329064934066,
4.76345880336398));
#3084=CARTESIAN_POINT('',(0.246650846772252,-0.748094788194497,0.2));
#3085=CARTESIAN_POINT('',(0.246650846772252,-0.748094788194497,-4.36345880336398));
#3086=CARTESIAN_POINT('Ctrl Pts',(0.101043473687906,-0.520329064934066,
0.199999999999998));
#3087=CARTESIAN_POINT('Ctrl Pts',(0.178321129794123,-0.57645704673753,0.199999999999998));
#3088=CARTESIAN_POINT('Ctrl Pts',(0.246650846772252,-0.688713010344456,
0.199999999999998));
#3089=CARTESIAN_POINT('Ctrl Pts',(0.246650846772252,-0.748094788194497,
0.199999999999998));
#3090=CARTESIAN_POINT('Ctrl Pts',(0.0750131053152852,-0.910784590523375,
-4.36345880336398));
#3091=CARTESIAN_POINT('Ctrl Pts',(0.0750131053152852,-0.910784590523375,
4.76345880336398));
#3092=CARTESIAN_POINT('Ctrl Pts',(0.113245208862572,-0.910784590523375,
-4.36345880336398));
#3093=CARTESIAN_POINT('Ctrl Pts',(0.113245208862572,-0.910784590523375,
4.76345880336398));
#3094=CARTESIAN_POINT('Ctrl Pts',(0.176694231770834,-0.888008018197332,
-4.36345880336398));
#3095=CARTESIAN_POINT('Ctrl Pts',(0.176694231770834,-0.888008018197332,
4.76345880336398));
#3096=CARTESIAN_POINT('Ctrl Pts',(0.221433927411276,-0.846522118603468,
-4.36345880336398));
#3097=CARTESIAN_POINT('Ctrl Pts',(0.221433927411276,-0.846522118603468,
4.76345880336398));
#3098=CARTESIAN_POINT('Ctrl Pts',(0.246650846772252,-0.786326891741783,
-4.36345880336398));
#3099=CARTESIAN_POINT('Ctrl Pts',(0.246650846772252,-0.786326891741783,
4.76345880336398));
#3100=CARTESIAN_POINT('Ctrl Pts',(0.246650846772252,-0.748094788194497,
-4.36345880336398));
#3101=CARTESIAN_POINT('Ctrl Pts',(0.246650846772252,-0.748094788194497,
4.76345880336398));
#3102=CARTESIAN_POINT('',(0.0750131053152852,-0.910784590523375,0.2));
#3103=CARTESIAN_POINT('',(0.0750131053152852,-0.910784590523375,-4.36345880336398));
#3104=CARTESIAN_POINT('Ctrl Pts',(0.246650846772252,-0.748094788194497,
0.199999999999998));
#3105=CARTESIAN_POINT('Ctrl Pts',(0.246650846772252,-0.786326891741783,
0.199999999999998));
#3106=CARTESIAN_POINT('Ctrl Pts',(0.221433927411276,-0.846522118603468,
0.199999999999998));
#3107=CARTESIAN_POINT('Ctrl Pts',(0.176694231770834,-0.888008018197332,
0.199999999999998));
#3108=CARTESIAN_POINT('Ctrl Pts',(0.113245208862572,-0.910784590523375,
0.199999999999998));
#3109=CARTESIAN_POINT('Ctrl Pts',(0.0750131053152852,-0.910784590523375,
0.199999999999998));
#3110=CARTESIAN_POINT('Ctrl Pts',(0.0278330626399104,-0.906717345465153,
-4.36345880336398));
#3111=CARTESIAN_POINT('Ctrl Pts',(0.0278330626399104,-0.906717345465153,
4.76345880336398));
#3112=CARTESIAN_POINT('Ctrl Pts',(0.0408482468262207,-0.909157692500086,
-4.36345880336398));
#3113=CARTESIAN_POINT('Ctrl Pts',(0.0408482468262207,-0.909157692500086,
4.76345880336398));
#3114=CARTESIAN_POINT('Ctrl Pts',(0.0636248191522638,-0.910784590523375,
-4.36345880336398));
#3115=CARTESIAN_POINT('Ctrl Pts',(0.0636248191522638,-0.910784590523375,
4.76345880336398));
#3116=CARTESIAN_POINT('Ctrl Pts',(0.0750131053152852,-0.910784590523375,
-4.36345880336398));
#3117=CARTESIAN_POINT('Ctrl Pts',(0.0750131053152852,-0.910784590523375,
4.76345880336398));
#3118=CARTESIAN_POINT('',(0.0278330626399104,-0.906717345465153,0.2));
#3119=CARTESIAN_POINT('',(0.0278330626399104,-0.906717345465153,-4.36345880336398));
#3120=CARTESIAN_POINT('Ctrl Pts',(0.0750131053152852,-0.910784590523375,
0.199999999999998));
#3121=CARTESIAN_POINT('Ctrl Pts',(0.0636248191522638,-0.910784590523375,
0.199999999999998));
#3122=CARTESIAN_POINT('Ctrl Pts',(0.0408482468262207,-0.909157692500086,
0.199999999999998));
#3123=CARTESIAN_POINT('Ctrl Pts',(0.0278330626399104,-0.906717345465153,
0.199999999999998));
#3124=CARTESIAN_POINT('Origin',(0.0278330626399104,-0.906717345465153,-4.36345880336398));
#3125=CARTESIAN_POINT('',(-0.221895783934918,-0.862791098836355,0.2));
#3126=CARTESIAN_POINT('',(-0.221895783934918,-0.862791098836355,-4.36345880336398));
#3127=CARTESIAN_POINT('',(-0.108484758714841,-0.882739617930441,0.2));
#3128=CARTESIAN_POINT('Origin',(-0.221895783934918,-0.862791098836355,-4.36345880336398));
#3129=CARTESIAN_POINT('',(-0.221895783934918,-0.911598039535019,0.2));
#3130=CARTESIAN_POINT('',(-0.221895783934918,-0.911598039535019,-4.36345880336398));
#3131=CARTESIAN_POINT('',(-0.221895783934917,-0.431395549418156,0.2));
#3132=CARTESIAN_POINT('Ctrl Pts',(-0.28697170486647,-0.940068754942573,
-4.36345880336398));
#3133=CARTESIAN_POINT('Ctrl Pts',(-0.28697170486647,-0.940068754942573,
4.76345880336398));
#3134=CARTESIAN_POINT('Ctrl Pts',(-0.26663547957536,-0.94332255098915,-4.36345880336398));
#3135=CARTESIAN_POINT('Ctrl Pts',(-0.26663547957536,-0.94332255098915,4.76345880336398));
#3136=CARTESIAN_POINT('Ctrl Pts',(-0.241418560214384,-0.94332255098915,
-4.36345880336398));
#3137=CARTESIAN_POINT('Ctrl Pts',(-0.241418560214384,-0.94332255098915,
4.76345880336398));
#3138=CARTESIAN_POINT('Ctrl Pts',(-0.226776478004785,-0.936001509884351,
-4.36345880336398));
#3139=CARTESIAN_POINT('Ctrl Pts',(-0.226776478004785,-0.936001509884351,
4.76345880336398));
#3140=CARTESIAN_POINT('Ctrl Pts',(-0.221895783934918,-0.922172876686396,
-4.36345880336398));
#3141=CARTESIAN_POINT('Ctrl Pts',(-0.221895783934918,-0.922172876686396,
4.76345880336398));
#3142=CARTESIAN_POINT('Ctrl Pts',(-0.221895783934918,-0.911598039535019,
-4.36345880336398));
#3143=CARTESIAN_POINT('Ctrl Pts',(-0.221895783934918,-0.911598039535019,
4.76345880336398));
#3144=CARTESIAN_POINT('',(-0.28697170486647,-0.940068754942573,0.2));
#3145=CARTESIAN_POINT('',(-0.28697170486647,-0.940068754942573,-4.36345880336398));
#3146=CARTESIAN_POINT('Ctrl Pts',(-0.221895783934918,-0.911598039535019,
0.199999999999998));
#3147=CARTESIAN_POINT('Ctrl Pts',(-0.221895783934918,-0.922172876686396,
0.199999999999998));
#3148=CARTESIAN_POINT('Ctrl Pts',(-0.226776478004785,-0.936001509884351,
0.199999999999998));
#3149=CARTESIAN_POINT('Ctrl Pts',(-0.241418560214384,-0.94332255098915,
0.199999999999998));
#3150=CARTESIAN_POINT('Ctrl Pts',(-0.26663547957536,-0.94332255098915,0.199999999999998));
#3151=CARTESIAN_POINT('Ctrl Pts',(-0.28697170486647,-0.940068754942573,
0.199999999999998));
#3152=CARTESIAN_POINT('Ctrl Pts',(-0.351234176786377,-0.888821467208976,
-4.36345880336398));
#3153=CARTESIAN_POINT('Ctrl Pts',(-0.351234176786377,-0.888821467208976,
4.76345880336398));
#3154=CARTESIAN_POINT('Ctrl Pts',(-0.351234176786377,-0.899396304360353,
-4.36345880336398));
#3155=CARTESIAN_POINT('Ctrl Pts',(-0.351234176786377,-0.899396304360353,
4.76345880336398));
#3156=CARTESIAN_POINT('Ctrl Pts',(-0.346353482716511,-0.914851835581596,
-4.36345880336398));
#3157=CARTESIAN_POINT('Ctrl Pts',(-0.346353482716511,-0.914851835581596,
4.76345880336398));
#3158=CARTESIAN_POINT('Ctrl Pts',(-0.332524849518556,-0.927053570756262,
-4.36345880336398));
#3159=CARTESIAN_POINT('Ctrl Pts',(-0.332524849518556,-0.927053570756262,
4.76345880336398));
#3160=CARTESIAN_POINT('Ctrl Pts',(-0.30730793015758,-0.93600150988435,-4.36345880336398));
#3161=CARTESIAN_POINT('Ctrl Pts',(-0.30730793015758,-0.93600150988435,4.76345880336398));
#3162=CARTESIAN_POINT('Ctrl Pts',(-0.28697170486647,-0.940068754942573,
-4.36345880336398));
#3163=CARTESIAN_POINT('Ctrl Pts',(-0.28697170486647,-0.940068754942573,
4.76345880336398));
#3164=CARTESIAN_POINT('',(-0.351234176786377,-0.888821467208976,0.2));
#3165=CARTESIAN_POINT('',(-0.351234176786377,-0.888821467208976,-4.36345880336398));
#3166=CARTESIAN_POINT('Ctrl Pts',(-0.28697170486647,-0.940068754942573,
0.199999999999998));
#3167=CARTESIAN_POINT('Ctrl Pts',(-0.30730793015758,-0.93600150988435,0.199999999999998));
#3168=CARTESIAN_POINT('Ctrl Pts',(-0.332524849518556,-0.927053570756262,
0.199999999999998));
#3169=CARTESIAN_POINT('Ctrl Pts',(-0.346353482716511,-0.914851835581596,
0.199999999999998));
#3170=CARTESIAN_POINT('Ctrl Pts',(-0.351234176786377,-0.899396304360353,
0.199999999999998));
#3171=CARTESIAN_POINT('Ctrl Pts',(-0.351234176786377,-0.888821467208976,
0.199999999999998));
#3172=CARTESIAN_POINT('Origin',(-0.351234176786377,-0.888821467208976,-4.36345880336398));
#3173=CARTESIAN_POINT('',(-0.351234176786376,-0.722064419821875,0.2));
#3174=CARTESIAN_POINT('',(-0.351234176786376,-0.722064419821875,-4.36345880336398));
#3175=CARTESIAN_POINT('',(-0.351234176786376,-0.444410733604466,0.2));
#3176=CARTESIAN_POINT('Ctrl Pts',(-0.311375175215801,-0.689526459356099,
-4.36345880336398));
#3177=CARTESIAN_POINT('Ctrl Pts',(-0.311375175215801,-0.689526459356099,
4.76345880336398));
#3178=CARTESIAN_POINT('Ctrl Pts',(-0.332524849518555,-0.685459214297877,
-4.36345880336398));
#3179=CARTESIAN_POINT('Ctrl Pts',(-0.332524849518555,-0.685459214297877,
4.76345880336398));
#3180=CARTESIAN_POINT('Ctrl Pts',(-0.351234176786376,-0.700914745519121,
-4.36345880336398));
#3181=CARTESIAN_POINT('Ctrl Pts',(-0.351234176786376,-0.700914745519121,
4.76345880336398));
#3182=CARTESIAN_POINT('Ctrl Pts',(-0.351234176786376,-0.722064419821875,
-4.36345880336398));
#3183=CARTESIAN_POINT('Ctrl Pts',(-0.351234176786376,-0.722064419821875,
4.76345880336398));
#3184=CARTESIAN_POINT('',(-0.311375175215801,-0.689526459356099,0.2));
#3185=CARTESIAN_POINT('',(-0.311375175215801,-0.689526459356099,-4.36345880336398));
#3186=CARTESIAN_POINT('Ctrl Pts',(-0.351234176786376,-0.722064419821875,
0.199999999999998));
#3187=CARTESIAN_POINT('Ctrl Pts',(-0.351234176786376,-0.700914745519121,
0.199999999999998));
#3188=CARTESIAN_POINT('Ctrl Pts',(-0.332524849518555,-0.685459214297877,
0.199999999999998));
#3189=CARTESIAN_POINT('Ctrl Pts',(-0.311375175215801,-0.689526459356099,
0.199999999999998));
#3190=CARTESIAN_POINT('Origin',(-0.311375175215801,-0.689526459356099,-4.36345880336398));
#3191=CARTESIAN_POINT('',(0.00342959229057881,-0.744027543136274,0.2));
#3192=CARTESIAN_POINT('',(0.00342959229057881,-0.744027543136274,-4.36345880336398));
#3193=CARTESIAN_POINT('',(-0.263679842389454,-0.697783790879007,0.2));
#3194=CARTESIAN_POINT('Ctrl Pts',(0.0400347978145761,-0.748094788194496,
-4.36345880336398));
#3195=CARTESIAN_POINT('Ctrl Pts',(0.0400347978145761,-0.748094788194496,
4.76345880336398));
#3196=CARTESIAN_POINT('Ctrl Pts',(0.0237658175816884,-0.748094788194496,
-4.36345880336398));
#3197=CARTESIAN_POINT('Ctrl Pts',(0.0237658175816884,-0.748094788194496,
4.76345880336398));
#3198=CARTESIAN_POINT('Ctrl Pts',(0.00342959229057881,-0.744027543136274,
-4.36345880336398));
#3199=CARTESIAN_POINT('Ctrl Pts',(0.00342959229057881,-0.744027543136274,
4.76345880336398));
#3200=CARTESIAN_POINT('',(0.0400347978145761,-0.748094788194496,0.2));
#3201=CARTESIAN_POINT('',(0.0400347978145761,-0.748094788194496,-4.36345880336398));
#3202=CARTESIAN_POINT('Ctrl Pts',(0.00342959229057881,-0.744027543136274,
0.199999999999998));
#3203=CARTESIAN_POINT('Ctrl Pts',(0.0237658175816884,-0.748094788194496,
0.199999999999998));
#3204=CARTESIAN_POINT('Ctrl Pts',(0.0400347978145761,-0.748094788194496,
0.199999999999998));
#3205=CARTESIAN_POINT('Ctrl Pts',(0.103483820722839,-0.687899561332811,
-4.36345880336398));
#3206=CARTESIAN_POINT('Ctrl Pts',(0.103483820722839,-0.687899561332811,
4.76345880336398));
#3207=CARTESIAN_POINT('Ctrl Pts',(0.103483820722839,-0.721250970810231,
-4.36345880336398));
#3208=CARTESIAN_POINT('Ctrl Pts',(0.103483820722839,-0.721250970810231,
4.76345880336398));
#3209=CARTESIAN_POINT('Ctrl Pts',(0.0709458602570632,-0.748094788194496,
-4.36345880336398));
#3210=CARTESIAN_POINT('Ctrl Pts',(0.0709458602570632,-0.748094788194496,
4.76345880336398));
#3211=CARTESIAN_POINT('Ctrl Pts',(0.0400347978145761,-0.748094788194496,
-4.36345880336398));
#3212=CARTESIAN_POINT('Ctrl Pts',(0.0400347978145761,-0.748094788194496,
4.76345880336398));
#3213=CARTESIAN_POINT('',(0.103483820722839,-0.687899561332811,0.2));
#3214=CARTESIAN_POINT('',(0.103483820722839,-0.687899561332811,-4.36345880336398));
#3215=CARTESIAN_POINT('Ctrl Pts',(0.0400347978145761,-0.748094788194496,
0.199999999999998));
#3216=CARTESIAN_POINT('Ctrl Pts',(0.0709458602570632,-0.748094788194496,
0.199999999999998));
#3217=CARTESIAN_POINT('Ctrl Pts',(0.103483820722839,-0.721250970810231,
0.199999999999998));
#3218=CARTESIAN_POINT('Ctrl Pts',(0.103483820722839,-0.687899561332811,
0.199999999999998));
#3219=CARTESIAN_POINT('Ctrl Pts',(-0.138110535735545,-0.503246635689534,
-4.36345880336398));
#3220=CARTESIAN_POINT('Ctrl Pts',(-0.138110535735545,-0.503246635689534,
4.76345880336398));
#3221=CARTESIAN_POINT('Ctrl Pts',(-0.0925573910834593,-0.510567676794333,
-4.36345880336398));
#3222=CARTESIAN_POINT('Ctrl Pts',(-0.0925573910834593,-0.510567676794333,
4.76345880336398));
#3223=CARTESIAN_POINT('Ctrl Pts',(-0.0063317958491537,-0.54879978034162,
-4.36345880336398));
#3224=CARTESIAN_POINT('Ctrl Pts',(-0.0063317958491537,-0.54879978034162,
4.76345880336398));
#3225=CARTESIAN_POINT('Ctrl Pts',(0.0619979211289753,-0.600047068075217,
-4.36345880336398));
#3226=CARTESIAN_POINT('Ctrl Pts',(0.0619979211289753,-0.600047068075217,
4.76345880336398));
#3227=CARTESIAN_POINT('Ctrl Pts',(0.103483820722839,-0.659428845925258,
-4.36345880336398));
#3228=CARTESIAN_POINT('Ctrl Pts',(0.103483820722839,-0.659428845925258,
4.76345880336398));
#3229=CARTESIAN_POINT('Ctrl Pts',(0.103483820722839,-0.687899561332811,
-4.36345880336398));
#3230=CARTESIAN_POINT('Ctrl Pts',(0.103483820722839,-0.687899561332811,
4.76345880336398));
#3231=CARTESIAN_POINT('',(-0.138110535735545,-0.503246635689534,0.2));
#3232=CARTESIAN_POINT('',(-0.138110535735545,-0.503246635689534,-4.36345880336398));
#3233=CARTESIAN_POINT('Ctrl Pts',(0.103483820722839,-0.687899561332811,
0.199999999999998));
#3234=CARTESIAN_POINT('Ctrl Pts',(0.103483820722839,-0.659428845925258,
0.199999999999998));
#3235=CARTESIAN_POINT('Ctrl Pts',(0.0619979211289753,-0.600047068075217,
0.199999999999998));
#3236=CARTESIAN_POINT('Ctrl Pts',(-0.0063317958491537,-0.54879978034162,
0.199999999999998));
#3237=CARTESIAN_POINT('Ctrl Pts',(-0.0925573910834593,-0.510567676794333,
0.199999999999998));
#3238=CARTESIAN_POINT('Ctrl Pts',(-0.138110535735545,-0.503246635689534,
0.199999999999998));
#3239=CARTESIAN_POINT('Origin',(-0.138110535735545,-0.503246635689534,-4.36345880336398));
#3240=CARTESIAN_POINT('',(-0.221895783934918,-0.488604553479935,0.2));
#3241=CARTESIAN_POINT('',(-0.221895783934918,-0.488604553479935,-4.36345880336398));
#3242=CARTESIAN_POINT('',(-0.159257445959173,-0.499551059145599,0.2));
#3243=CARTESIAN_POINT('Origin',(-0.221895783934918,-0.488604553479935,-4.36345880336398));
#3244=CARTESIAN_POINT('',(-0.221895783934917,-0.244302276739946,0.2));
#3245=CARTESIAN_POINT('Ctrl Pts',(0.103483820722838,-1.12960237465572,-4.36345880336398));
#3246=CARTESIAN_POINT('Ctrl Pts',(0.103483820722838,-1.12960237465572,4.76345880336398));
#3247=CARTESIAN_POINT('Ctrl Pts',(0.103483820722838,-1.14993859994683,-4.36345880336398));
#3248=CARTESIAN_POINT('Ctrl Pts',(0.103483820722838,-1.14993859994683,4.76345880336398));
#3249=CARTESIAN_POINT('Ctrl Pts',(0.0750131053152848,-1.16702102919136,
-4.36345880336398));
#3250=CARTESIAN_POINT('Ctrl Pts',(0.0750131053152848,-1.16702102919136,
4.76345880336398));
#3251=CARTESIAN_POINT('Ctrl Pts',(0.0497961859543086,-1.16132688610985,
-4.36345880336398));
#3252=CARTESIAN_POINT('Ctrl Pts',(0.0497961859543086,-1.16132688610985,
4.76345880336398));
#3253=CARTESIAN_POINT('',(0.103483820722838,-1.12960237465572,0.239370078740158));
#3254=CARTESIAN_POINT('',(0.0497961859543086,-1.16132688610985,0.239370078740158));
#3255=CARTESIAN_POINT('Ctrl Pts',(0.103483820722838,-1.12960237465572,0.239370078740158));
#3256=CARTESIAN_POINT('Ctrl Pts',(0.103483820722838,-1.13402222185895,0.239370078740158));
#3257=CARTESIAN_POINT('Ctrl Pts',(0.102979503882538,-1.13851057559125,0.239370078740158));
#3258=CARTESIAN_POINT('Ctrl Pts',(0.100551176986422,-1.1461279377927,0.239370078740158));
#3259=CARTESIAN_POINT('Ctrl Pts',(0.0989443950320045,-1.149272691564,0.239370078740158));
#3260=CARTESIAN_POINT('Ctrl Pts',(0.0940480567919019,-1.15535052935156,
0.239370078740158));
#3261=CARTESIAN_POINT('Ctrl Pts',(0.0909386767450966,-1.15759466890491,
0.239370078740158));
#3262=CARTESIAN_POINT('Ctrl Pts',(0.0837753127776809,-1.16148426524192,
0.239370078740158));
#3263=CARTESIAN_POINT('Ctrl Pts',(0.0790283242792199,-1.16275413326476,
0.239370078740158));
#3264=CARTESIAN_POINT('Ctrl Pts',(0.0661568275104687,-1.16417120733055,
0.239370078740158));
#3265=CARTESIAN_POINT('Ctrl Pts',(0.0576260086122772,-1.163094910581,0.239370078740158));
#3266=CARTESIAN_POINT('Ctrl Pts',(0.0497961859543085,-1.16132688610985,
0.239370078740158));
#3267=CARTESIAN_POINT('',(0.103483820722838,-1.12960237465572,0.2));
#3268=CARTESIAN_POINT('',(0.103483820722838,-1.12960237465572,-4.36345880336398));
#3269=CARTESIAN_POINT('',(0.0497961859543086,-1.16132688610985,0.2));
#3270=CARTESIAN_POINT('Ctrl Pts',(0.0497961859543086,-1.16132688610985,
0.199999999999999));
#3271=CARTESIAN_POINT('Ctrl Pts',(0.0750131053152848,-1.16702102919136,
0.199999999999999));
#3272=CARTESIAN_POINT('Ctrl Pts',(0.103483820722838,-1.14993859994683,0.199999999999999));
#3273=CARTESIAN_POINT('Ctrl Pts',(0.103483820722838,-1.12960237465572,0.199999999999999));
#3274=CARTESIAN_POINT('',(0.0497961859543086,-1.16132688610985,-4.36345880336398));
#3275=CARTESIAN_POINT('Origin',(-0.317882767308957,-1.09706441418994,-4.36345880336398));
#3276=CARTESIAN_POINT('',(-0.317882767308957,-1.09706441418994,0.239370078740158));
#3277=CARTESIAN_POINT('',(-0.302168205599114,-1.09981098581622,0.239370078740158));
#3278=CARTESIAN_POINT('',(-0.317882767308957,-1.09706441418994,0.2));
#3279=CARTESIAN_POINT('',(-0.302168205599114,-1.09981098581622,0.2));
#3280=CARTESIAN_POINT('',(-0.317882767308957,-1.09706441418994,-4.36345880336398));
#3281=CARTESIAN_POINT('Ctrl Pts',(-0.317882767308957,-1.09706441418994,
-4.36345880336398));
#3282=CARTESIAN_POINT('Ctrl Pts',(-0.317882767308957,-1.09706441418994,
4.76345880336398));
#3283=CARTESIAN_POINT('Ctrl Pts',(-0.339032441611711,-1.09381061814336,
-4.36345880336398));
#3284=CARTESIAN_POINT('Ctrl Pts',(-0.339032441611711,-1.09381061814336,
4.76345880336398));
#3285=CARTESIAN_POINT('Ctrl Pts',(-0.357741768879532,-1.11658719046941,
-4.36345880336398));
#3286=CARTESIAN_POINT('Ctrl Pts',(-0.357741768879532,-1.11658719046941,
4.76345880336398));
#3287=CARTESIAN_POINT('Ctrl Pts',(-0.357741768879532,-1.15237894698176,
-4.36345880336398));
#3288=CARTESIAN_POINT('Ctrl Pts',(-0.357741768879532,-1.15237894698176,
4.76345880336398));
#3289=CARTESIAN_POINT('',(-0.357741768879532,-1.15237894698176,0.239370078740158));
#3290=CARTESIAN_POINT('Ctrl Pts',(-0.317882767308957,-1.09706441418994,
0.239370078740158));
#3291=CARTESIAN_POINT('Ctrl Pts',(-0.33198255017746,-1.09489521682556,0.239370078740158));
#3292=CARTESIAN_POINT('Ctrl Pts',(-0.342150662823015,-1.09760671353104,
0.239370078740158));
#3293=CARTESIAN_POINT('Ctrl Pts',(-0.348387105245622,-1.10519890430638,
0.239370078740158));
#3294=CARTESIAN_POINT('Ctrl Pts',(-0.354623547668229,-1.11279109508173,
0.239370078740158));
#3295=CARTESIAN_POINT('Ctrl Pts',(-0.357741768879532,-1.12851777597352,
0.239370078740158));
#3296=CARTESIAN_POINT('Ctrl Pts',(-0.357741768879532,-1.15237894698176,
0.239370078740158));
#3297=CARTESIAN_POINT('',(-0.357741768879532,-1.15237894698176,0.2));
#3298=CARTESIAN_POINT('Ctrl Pts',(-0.357741768879532,-1.15237894698176,
0.199999999999999));
#3299=CARTESIAN_POINT('Ctrl Pts',(-0.357741768879532,-1.11658719046941,
0.199999999999999));
#3300=CARTESIAN_POINT('Ctrl Pts',(-0.339032441611711,-1.09381061814336,
0.199999999999999));
#3301=CARTESIAN_POINT('Ctrl Pts',(-0.317882767308957,-1.09706441418994,
0.199999999999999));
#3302=CARTESIAN_POINT('',(-0.357741768879532,-1.15237894698176,-4.36345880336398));
#3303=CARTESIAN_POINT('Ctrl Pts',(-0.357741768879532,-1.15237894698176,
-4.36345880336398));
#3304=CARTESIAN_POINT('Ctrl Pts',(-0.357741768879532,-1.15237894698176,
4.76345880336398));
#3305=CARTESIAN_POINT('Ctrl Pts',(-0.357741768879532,-1.18817070349411,
-4.36345880336398));
#3306=CARTESIAN_POINT('Ctrl Pts',(-0.357741768879532,-1.18817070349411,
4.76345880336398));
#3307=CARTESIAN_POINT('Ctrl Pts',(-0.339032441611711,-1.2264028070414,-4.36345880336398));
#3308=CARTESIAN_POINT('Ctrl Pts',(-0.339032441611711,-1.2264028070414,4.76345880336398));
#3309=CARTESIAN_POINT('Ctrl Pts',(-0.317882767308957,-1.22965660308798,
-4.36345880336398));
#3310=CARTESIAN_POINT('Ctrl Pts',(-0.317882767308957,-1.22965660308798,
4.76345880336398));
#3311=CARTESIAN_POINT('',(-0.317882767308957,-1.22965660308798,0.239370078740158));
#3312=CARTESIAN_POINT('Ctrl Pts',(-0.357741768879532,-1.15237894698176,
0.239370078740158));
#3313=CARTESIAN_POINT('Ctrl Pts',(-0.357741768879532,-1.17624011798999,
0.239370078740158));
#3314=CARTESIAN_POINT('Ctrl Pts',(-0.354623547668229,-1.19454272075199,
0.239370078740158));
#3315=CARTESIAN_POINT('Ctrl Pts',(-0.348387105245622,-1.20728675526776,
0.239370078740158));
#3316=CARTESIAN_POINT('Ctrl Pts',(-0.342150662823015,-1.22003078978352,
0.239370078740158));
#3317=CARTESIAN_POINT('Ctrl Pts',(-0.33198255017746,-1.22748740572359,0.239370078740158));
#3318=CARTESIAN_POINT('Ctrl Pts',(-0.317882767308957,-1.22965660308798,
0.239370078740158));
#3319=CARTESIAN_POINT('',(-0.317882767308957,-1.22965660308798,0.2));
#3320=CARTESIAN_POINT('Ctrl Pts',(-0.317882767308957,-1.22965660308798,
0.199999999999999));
#3321=CARTESIAN_POINT('Ctrl Pts',(-0.339032441611711,-1.2264028070414,0.199999999999999));
#3322=CARTESIAN_POINT('Ctrl Pts',(-0.357741768879532,-1.18817070349411,
0.199999999999999));
#3323=CARTESIAN_POINT('Ctrl Pts',(-0.357741768879532,-1.15237894698176,
0.199999999999999));
#3324=CARTESIAN_POINT('',(-0.317882767308957,-1.22965660308798,-4.36345880336398));
#3325=CARTESIAN_POINT('Origin',(-0.258500989458917,-1.24023144023935,-4.36345880336398));
#3326=CARTESIAN_POINT('',(-0.258500989458917,-1.24023144023935,0.239370078740158));
#3327=CARTESIAN_POINT('',(-0.285694661154124,-1.2353887315813,0.239370078740158));
#3328=CARTESIAN_POINT('',(-0.258500989458917,-1.24023144023935,0.2));
#3329=CARTESIAN_POINT('',(-0.285694661154124,-1.2353887315813,0.2));
#3330=CARTESIAN_POINT('',(-0.258500989458917,-1.24023144023935,-4.36345880336398));
#3331=CARTESIAN_POINT('Ctrl Pts',(-0.258500989458917,-1.24023144023935,
-4.36345880336398));
#3332=CARTESIAN_POINT('Ctrl Pts',(-0.258500989458917,-1.24023144023935,
4.76345880336398));
#3333=CARTESIAN_POINT('Ctrl Pts',(-0.308121379169225,-1.26382146157704,
-4.36345880336398));
#3334=CARTESIAN_POINT('Ctrl Pts',(-0.308121379169225,-1.26382146157704,
4.76345880336398));
#3335=CARTESIAN_POINT('Ctrl Pts',(-0.365062809984332,-1.35818154692779,
-4.36345880336398));
#3336=CARTESIAN_POINT('Ctrl Pts',(-0.365062809984332,-1.35818154692779,
4.76345880336398));
#3337=CARTESIAN_POINT('Ctrl Pts',(-0.365062809984332,-1.41919022280112,
-4.36345880336398));
#3338=CARTESIAN_POINT('Ctrl Pts',(-0.365062809984332,-1.41919022280112,
4.76345880336398));
#3339=CARTESIAN_POINT('',(-0.365062809984332,-1.41919022280112,0.239370078740158));
#3340=CARTESIAN_POINT('Ctrl Pts',(-0.258500989458917,-1.24023144023935,
0.239370078740158));
#3341=CARTESIAN_POINT('Ctrl Pts',(-0.291581249265789,-1.25595812113115,
0.239370078740158));
#3342=CARTESIAN_POINT('Ctrl Pts',(-0.317611617638409,-1.27954814246883,
0.239370078740158));
#3343=CARTESIAN_POINT('Ctrl Pts',(-0.336592094576778,-1.31100150425242,
0.239370078740158));
#3344=CARTESIAN_POINT('Ctrl Pts',(-0.355572571515148,-1.342454866036,0.239370078740158));
#3345=CARTESIAN_POINT('Ctrl Pts',(-0.365062809984332,-1.3785177722189,0.239370078740158));
#3346=CARTESIAN_POINT('Ctrl Pts',(-0.365062809984332,-1.41919022280112,
0.239370078740158));
#3347=CARTESIAN_POINT('',(-0.365062809984332,-1.41919022280112,0.2));
#3348=CARTESIAN_POINT('Ctrl Pts',(-0.365062809984332,-1.41919022280112,
0.199999999999999));
#3349=CARTESIAN_POINT('Ctrl Pts',(-0.365062809984332,-1.35818154692779,
0.199999999999999));
#3350=CARTESIAN_POINT('Ctrl Pts',(-0.308121379169225,-1.26382146157704,
0.199999999999999));
#3351=CARTESIAN_POINT('Ctrl Pts',(-0.258500989458917,-1.24023144023935,
0.199999999999999));
#3352=CARTESIAN_POINT('',(-0.365062809984332,-1.41919022280112,-4.36345880336398));
#3353=CARTESIAN_POINT('Ctrl Pts',(-0.365062809984332,-1.41919022280112,
-4.36345880336398));
#3354=CARTESIAN_POINT('Ctrl Pts',(-0.365062809984332,-1.41919022280112,
4.76345880336398));
#3355=CARTESIAN_POINT('Ctrl Pts',(-0.365062809984332,-1.47450475559294,
-4.36345880336398));
#3356=CARTESIAN_POINT('Ctrl Pts',(-0.365062809984332,-1.47450475559294,
4.76345880336398));
#3357=CARTESIAN_POINT('Ctrl Pts',(-0.334151747541845,-1.56398414687382,
-4.36345880336398));
#3358=CARTESIAN_POINT('Ctrl Pts',(-0.334151747541845,-1.56398414687382,
4.76345880336398));
#3359=CARTESIAN_POINT('Ctrl Pts',(-0.28127756178496,-1.63638110891017,-4.36345880336398));
#3360=CARTESIAN_POINT('Ctrl Pts',(-0.28127756178496,-1.63638110891017,4.76345880336398));
#3361=CARTESIAN_POINT('Ctrl Pts',(-0.210507497771898,-1.68925529466706,
-4.36345880336398));
#3362=CARTESIAN_POINT('Ctrl Pts',(-0.210507497771898,-1.68925529466706,
4.76345880336398));
#3363=CARTESIAN_POINT('Ctrl Pts',(-0.131602943642392,-1.72423360216777,
-4.36345880336398));
#3364=CARTESIAN_POINT('Ctrl Pts',(-0.131602943642392,-1.72423360216777,
4.76345880336398));
#3365=CARTESIAN_POINT('Ctrl Pts',(-0.0470042464313752,-1.74212948042394,
-4.36345880336398));
#3366=CARTESIAN_POINT('Ctrl Pts',(-0.0470042464313752,-1.74212948042394,
4.76345880336398));
#3367=CARTESIAN_POINT('Ctrl Pts',(-0.00714524486079988,-1.74212948042394,
-4.36345880336398));
#3368=CARTESIAN_POINT('Ctrl Pts',(-0.00714524486079988,-1.74212948042394,
4.76345880336398));
#3369=CARTESIAN_POINT('',(-0.00714524486079987,-1.74212948042394,0.239370078740158));
#3370=CARTESIAN_POINT('Ctrl Pts',(-0.365062809984332,-1.41919022280112,
0.239370078740158));
#3371=CARTESIAN_POINT('Ctrl Pts',(-0.365062809984332,-1.45606657799567,
0.239370078740158));
#3372=CARTESIAN_POINT('Ctrl Pts',(-0.359910966243918,-1.48941798747309,
0.239370078740158));
#3373=CARTESIAN_POINT('Ctrl Pts',(-0.349607278763089,-1.51924445123338,
0.239370078740158));
#3374=CARTESIAN_POINT('Ctrl Pts',(-0.33930359128226,-1.54907091499367,0.239370078740158));
#3375=CARTESIAN_POINT('Ctrl Pts',(-0.325339383249031,-1.57605030721321,
0.239370078740158));
#3376=CARTESIAN_POINT('Ctrl Pts',(-0.307714654663403,-1.600182627892,0.239370078740158));
#3377=CARTESIAN_POINT('Ctrl Pts',(-0.290089926077774,-1.62431494857078,
0.239370078740158));
#3378=CARTESIAN_POINT('Ctrl Pts',(-0.269482551116116,-1.64519347320299,
0.239370078740158));
#3379=CARTESIAN_POINT('Ctrl Pts',(-0.245892529778429,-1.66281820178862,
0.239370078740158));
#3380=CARTESIAN_POINT('Ctrl Pts',(-0.222302508440742,-1.68044293037424,
0.239370078740158));
#3381=CARTESIAN_POINT('Ctrl Pts',(-0.197356738750314,-1.69508501258384,
0.239370078740158));
#3382=CARTESIAN_POINT('Ctrl Pts',(-0.171055220707145,-1.70674444841741,
0.239370078740158));
#3383=CARTESIAN_POINT('Ctrl Pts',(-0.144753702663976,-1.71840388425098,
0.239370078740158));
#3384=CARTESIAN_POINT('Ctrl Pts',(-0.117503160773889,-1.7272162485438,0.239370078740158));
#3385=CARTESIAN_POINT('Ctrl Pts',(-0.0893035950368836,-1.73318154129586,
0.239370078740158));
#3386=CARTESIAN_POINT('Ctrl Pts',(-0.061104029299878,-1.73914683404791,
0.239370078740158));
#3387=CARTESIAN_POINT('Ctrl Pts',(-0.0337179125745168,-1.74212948042394,
0.239370078740158));
#3388=CARTESIAN_POINT('Ctrl Pts',(-0.00714524486079988,-1.74212948042394,
0.239370078740158));
#3389=CARTESIAN_POINT('',(-0.00714524486079987,-1.74212948042394,0.2));
#3390=CARTESIAN_POINT('Ctrl Pts',(-0.00714524486079988,-1.74212948042394,
0.199999999999999));
#3391=CARTESIAN_POINT('Ctrl Pts',(-0.0470042464313752,-1.74212948042394,
0.199999999999999));
#3392=CARTESIAN_POINT('Ctrl Pts',(-0.131602943642392,-1.72423360216777,
0.199999999999999));
#3393=CARTESIAN_POINT('Ctrl Pts',(-0.210507497771898,-1.68925529466706,
0.199999999999999));
#3394=CARTESIAN_POINT('Ctrl Pts',(-0.28127756178496,-1.63638110891017,0.199999999999999));
#3395=CARTESIAN_POINT('Ctrl Pts',(-0.334151747541845,-1.56398414687382,
0.199999999999999));
#3396=CARTESIAN_POINT('Ctrl Pts',(-0.365062809984332,-1.47450475559294,
0.199999999999999));
#3397=CARTESIAN_POINT('Ctrl Pts',(-0.365062809984332,-1.41919022280112,
0.199999999999999));
#3398=CARTESIAN_POINT('',(-0.00714524486079987,-1.74212948042394,-4.36345880336398));
#3399=CARTESIAN_POINT('Ctrl Pts',(0.103483820722838,-1.46962406152307,-4.36345880336398));
#3400=CARTESIAN_POINT('Ctrl Pts',(0.103483820722838,-1.46962406152307,4.76345880336398));
#3401=CARTESIAN_POINT('Ctrl Pts',(0.103483820722838,-1.42732471291756,-4.36345880336398));
#3402=CARTESIAN_POINT('Ctrl Pts',(0.103483820722838,-1.42732471291756,4.76345880336398));
#3403=CARTESIAN_POINT('Ctrl Pts',(0.0668786151988405,-1.36143534297437,
-4.36345880336398));
#3404=CARTESIAN_POINT('Ctrl Pts',(0.0668786151988405,-1.36143534297437,
4.76345880336398));
#3405=CARTESIAN_POINT('Ctrl Pts',(0.00912373537208863,-1.31588219832228,
-4.36345880336398));
#3406=CARTESIAN_POINT('Ctrl Pts',(0.00912373537208863,-1.31588219832228,
4.76345880336398));
#3407=CARTESIAN_POINT('Ctrl Pts',(-0.0624597776526179,-1.29229217698459,
-4.36345880336398));
#3408=CARTESIAN_POINT('Ctrl Pts',(-0.0624597776526179,-1.29229217698459,
4.76345880336398));
#3409=CARTESIAN_POINT('Ctrl Pts',(-0.0974380851533268,-1.29229217698459,
-4.36345880336398));
#3410=CARTESIAN_POINT('Ctrl Pts',(-0.0974380851533268,-1.29229217698459,
4.76345880336398));
#3411=CARTESIAN_POINT('',(-0.0974380851533268,-1.29229217698459,0.239370078740158));
#3412=CARTESIAN_POINT('',(0.103483820722838,-1.46962406152307,0.239370078740158));
#3413=CARTESIAN_POINT('Ctrl Pts',(-0.0974380851533268,-1.29229217698459,
0.239370078740158));
#3414=CARTESIAN_POINT('Ctrl Pts',(-0.0792480350102463,-1.29229217698459,
0.239370078740158));
#3415=CARTESIAN_POINT('Ctrl Pts',(-0.0613152055272624,-1.29468458783557,
0.239370078740158));
#3416=CARTESIAN_POINT('Ctrl Pts',(-0.0279384021924139,-1.30310855046232,
0.239370078740158));
#3417=CARTESIAN_POINT('Ctrl Pts',(-0.00967704870748159,-1.30931018210592,
0.239370078740158));
#3418=CARTESIAN_POINT('Ctrl Pts',(0.0232174869596614,-1.32724722830024,
0.239370078740158));
#3419=CARTESIAN_POINT('Ctrl Pts',(0.0445122777038193,-1.34079399309188,
0.239370078740158));
#3420=CARTESIAN_POINT('Ctrl Pts',(0.0720649052822224,-1.37318022867718,
0.239370078740158));
#3421=CARTESIAN_POINT('Ctrl Pts',(0.0839545772106118,-1.38898317084676,
0.239370078740158));
#3422=CARTESIAN_POINT('Ctrl Pts',(0.100119983598259,-1.42815908541385,0.239370078740158));
#3423=CARTESIAN_POINT('Ctrl Pts',(0.103483820722838,-1.44868466792387,0.239370078740158));
#3424=CARTESIAN_POINT('Ctrl Pts',(0.103483820722838,-1.46962406152307,0.239370078740158));
#3425=CARTESIAN_POINT('',(-0.0974380851533268,-1.29229217698459,0.2));
#3426=CARTESIAN_POINT('',(-0.0974380851533268,-1.29229217698459,-4.36345880336398));
#3427=CARTESIAN_POINT('',(0.103483820722838,-1.46962406152307,0.2));
#3428=CARTESIAN_POINT('Ctrl Pts',(0.103483820722838,-1.46962406152307,0.199999999999999));
#3429=CARTESIAN_POINT('Ctrl Pts',(0.103483820722838,-1.42732471291756,0.199999999999999));
#3430=CARTESIAN_POINT('Ctrl Pts',(0.0668786151988405,-1.36143534297437,
0.199999999999999));
#3431=CARTESIAN_POINT('Ctrl Pts',(0.00912373537208863,-1.31588219832228,
0.199999999999999));
#3432=CARTESIAN_POINT('Ctrl Pts',(-0.0624597776526179,-1.29229217698459,
0.199999999999999));
#3433=CARTESIAN_POINT('Ctrl Pts',(-0.0974380851533268,-1.29229217698459,
0.199999999999999));
#3434=CARTESIAN_POINT('',(0.103483820722838,-1.46962406152307,-4.36345880336398));
#3435=CARTESIAN_POINT('Ctrl Pts',(-0.0974380851533268,-1.29229217698459,
-4.36345880336398));
#3436=CARTESIAN_POINT('Ctrl Pts',(-0.0974380851533268,-1.29229217698459,
4.76345880336398));
#3437=CARTESIAN_POINT('Ctrl Pts',(-0.127535698584169,-1.29229217698459,
-4.36345880336398));
#3438=CARTESIAN_POINT('Ctrl Pts',(-0.127535698584169,-1.29229217698459,
4.76345880336398));
#3439=CARTESIAN_POINT('Ctrl Pts',(-0.174715741259544,-1.31018805524077,
-4.36345880336398));
#3440=CARTESIAN_POINT('Ctrl Pts',(-0.174715741259544,-1.31018805524077,
4.76345880336398));
#3441=CARTESIAN_POINT('Ctrl Pts',(-0.205626803702031,-1.34272601570655,
-4.36345880336398));
#3442=CARTESIAN_POINT('Ctrl Pts',(-0.205626803702031,-1.34272601570655,
4.76345880336398));
#3443=CARTESIAN_POINT('Ctrl Pts',(-0.221895783934919,-1.38665226233534,
-4.36345880336398));
#3444=CARTESIAN_POINT('Ctrl Pts',(-0.221895783934919,-1.38665226233534,
4.76345880336398));
#3445=CARTESIAN_POINT('Ctrl Pts',(-0.221895783934919,-1.41268263070796,
-4.36345880336398));
#3446=CARTESIAN_POINT('Ctrl Pts',(-0.221895783934919,-1.41268263070796,
4.76345880336398));
#3447=CARTESIAN_POINT('',(-0.221895783934919,-1.41268263070796,0.239370078740158));
#3448=CARTESIAN_POINT('Ctrl Pts',(-0.221895783934919,-1.41268263070796,
0.239370078740158));
#3449=CARTESIAN_POINT('Ctrl Pts',(-0.221895783934919,-1.4021967085414,0.239370078740158));
#3450=CARTESIAN_POINT('Ctrl Pts',(-0.220905763336886,-1.39175359142621,
0.239370078740158));
#3451=CARTESIAN_POINT('Ctrl Pts',(-0.215953828363343,-1.36906855505093,
0.239370078740158));
#3452=CARTESIAN_POINT('Ctrl Pts',(-0.212057582926083,-1.35982048757265,
0.239370078740158));
#3453=CARTESIAN_POINT('Ctrl Pts',(-0.202098757136303,-1.3394907882973,0.239370078740158));
#3454=CARTESIAN_POINT('Ctrl Pts',(-0.193949580925349,-1.33015116874056,
0.239370078740158));
#3455=CARTESIAN_POINT('Ctrl Pts',(-0.178448599549893,-1.31476571296511,
0.239370078740158));
#3456=CARTESIAN_POINT('Ctrl Pts',(-0.166769344265098,-1.30756036019622,
0.239370078740158));
#3457=CARTESIAN_POINT('Ctrl Pts',(-0.142231269081613,-1.29758597528393,
0.239370078740158));
#3458=CARTESIAN_POINT('Ctrl Pts',(-0.124173014616805,-1.29229217698459,
0.239370078740158));
#3459=CARTESIAN_POINT('Ctrl Pts',(-0.0974380851533268,-1.29229217698459,
0.239370078740158));
#3460=CARTESIAN_POINT('',(-0.221895783934919,-1.41268263070796,0.2));
#3461=CARTESIAN_POINT('',(-0.221895783934919,-1.41268263070796,-4.36345880336398));
#3462=CARTESIAN_POINT('Ctrl Pts',(-0.0974380851533268,-1.29229217698459,
0.199999999999999));
#3463=CARTESIAN_POINT('Ctrl Pts',(-0.127535698584169,-1.29229217698459,
0.199999999999999));
#3464=CARTESIAN_POINT('Ctrl Pts',(-0.174715741259544,-1.31018805524077,
0.199999999999999));
#3465=CARTESIAN_POINT('Ctrl Pts',(-0.205626803702031,-1.34272601570655,
0.199999999999999));
#3466=CARTESIAN_POINT('Ctrl Pts',(-0.221895783934919,-1.38665226233534,
0.199999999999999));
#3467=CARTESIAN_POINT('Ctrl Pts',(-0.221895783934919,-1.41268263070796,
0.199999999999999));
#3468=CARTESIAN_POINT('Ctrl Pts',(-0.00714524486079988,-1.74212948042394,
-4.36345880336398));
#3469=CARTESIAN_POINT('Ctrl Pts',(-0.00714524486079988,-1.74212948042394,
4.76345880336398));
#3470=CARTESIAN_POINT('Ctrl Pts',(0.0457289408960855,-1.74212948042394,
-4.36345880336398));
#3471=CARTESIAN_POINT('Ctrl Pts',(0.0457289408960855,-1.74212948042394,
4.76345880336398));
#3472=CARTESIAN_POINT('Ctrl Pts',(0.138462128223546,-1.71040496896981,-4.36345880336398));
#3473=CARTESIAN_POINT('Ctrl Pts',(0.138462128223546,-1.71040496896981,4.76345880336398));
#3474=CARTESIAN_POINT('Ctrl Pts',(0.206791845201676,-1.65020974210813,-4.36345880336398));
#3475=CARTESIAN_POINT('Ctrl Pts',(0.206791845201676,-1.65020974210813,4.76345880336398));
#3476=CARTESIAN_POINT('Ctrl Pts',(0.246650846772251,-1.56317069786218,-4.36345880336398));
#3477=CARTESIAN_POINT('Ctrl Pts',(0.246650846772251,-1.56317069786218,4.76345880336398));
#3478=CARTESIAN_POINT('Ctrl Pts',(0.246650846772251,-1.50785616507036,-4.36345880336398));
#3479=CARTESIAN_POINT('Ctrl Pts',(0.246650846772251,-1.50785616507036,4.76345880336398));
#3480=CARTESIAN_POINT('',(0.246650846772251,-1.50785616507036,0.239370078740158));
#3481=CARTESIAN_POINT('Ctrl Pts',(-0.00714524486079986,-1.74212948042394,
0.239370078740158));
#3482=CARTESIAN_POINT('Ctrl Pts',(0.0159414634096652,-1.74212948042394,
0.239370078740158));
#3483=CARTESIAN_POINT('Ctrl Pts',(0.0388666639464704,-1.73986137699113,
0.239370078740158));
#3484=CARTESIAN_POINT('Ctrl Pts',(0.0826143555790921,-1.73017753492676,
0.239370078740158));
#3485=CARTESIAN_POINT('Ctrl Pts',(0.103720000662509,-1.72302188868857,0.239370078740158));
#3486=CARTESIAN_POINT('Ctrl Pts',(0.148172822349689,-1.70094905915818,0.239370078740158));
#3487=CARTESIAN_POINT('Ctrl Pts',(0.170501287953095,-1.68453843049392,0.239370078740158));
#3488=CARTESIAN_POINT('Ctrl Pts',(0.21123405643016,-1.63980439353239,0.239370078740158));
#3489=CARTESIAN_POINT('Ctrl Pts',(0.223210113812699,-1.61541628508565,0.239370078740158));
#3490=CARTESIAN_POINT('Ctrl Pts',(0.241714280954735,-1.57104348886866,0.239370078740158));
#3491=CARTESIAN_POINT('Ctrl Pts',(0.246650846772251,-1.53964487274052,0.239370078740158));
#3492=CARTESIAN_POINT('Ctrl Pts',(0.246650846772251,-1.50785616507036,0.239370078740158));
#3493=CARTESIAN_POINT('',(0.246650846772251,-1.50785616507036,0.2));
#3494=CARTESIAN_POINT('Ctrl Pts',(0.246650846772251,-1.50785616507036,0.199999999999999));
#3495=CARTESIAN_POINT('Ctrl Pts',(0.246650846772251,-1.56317069786218,0.199999999999999));
#3496=CARTESIAN_POINT('Ctrl Pts',(0.206791845201676,-1.65020974210813,0.199999999999999));
#3497=CARTESIAN_POINT('Ctrl Pts',(0.138462128223546,-1.71040496896981,0.199999999999999));
#3498=CARTESIAN_POINT('Ctrl Pts',(0.0457289408960855,-1.74212948042394,
0.199999999999999));
#3499=CARTESIAN_POINT('Ctrl Pts',(-0.00714524486079988,-1.74212948042394,
0.199999999999999));
#3500=CARTESIAN_POINT('',(0.246650846772251,-1.50785616507036,-4.36345880336398));
#3501=CARTESIAN_POINT('Ctrl Pts',(0.246650846772251,-1.50785616507036,-4.36345880336398));
#3502=CARTESIAN_POINT('Ctrl Pts',(0.246650846772251,-1.50785616507036,4.76345880336398));
#3503=CARTESIAN_POINT('Ctrl Pts',(0.246650846772251,-1.45254163227854,-4.36345880336398));
#3504=CARTESIAN_POINT('Ctrl Pts',(0.246650846772251,-1.45254163227854,4.76345880336398));
#3505=CARTESIAN_POINT('Ctrl Pts',(0.201097702120165,-1.34516636274148,-4.36345880336398));
#3506=CARTESIAN_POINT('Ctrl Pts',(0.201097702120165,-1.34516636274148,4.76345880336398));
#3507=CARTESIAN_POINT('Ctrl Pts',(0.152290761421502,-1.29879976907775,-4.36345880336398));
#3508=CARTESIAN_POINT('Ctrl Pts',(0.152290761421502,-1.29879976907775,4.76345880336398));
#3509=CARTESIAN_POINT('',(0.152290761421502,-1.29879976907775,0.239370078740158));
#3510=CARTESIAN_POINT('Ctrl Pts',(0.246650846772251,-1.50785616507036,0.239370078740158));
#3511=CARTESIAN_POINT('Ctrl Pts',(0.246650846772251,-1.47097980987581,0.239370078740158));
#3512=CARTESIAN_POINT('Ctrl Pts',(0.239058655996903,-1.43464575402236,0.239370078740158));
#3513=CARTESIAN_POINT('Ctrl Pts',(0.223874274446208,-1.39885399751001,0.239370078740158));
#3514=CARTESIAN_POINT('Ctrl Pts',(0.208689892895513,-1.36306224099766,0.239370078740158));
#3515=CARTESIAN_POINT('Ctrl Pts',(0.184828721887277,-1.32971083152024,0.239370078740158));
#3516=CARTESIAN_POINT('Ctrl Pts',(0.152290761421502,-1.29879976907775,0.239370078740158));
#3517=CARTESIAN_POINT('',(0.152290761421502,-1.29879976907775,0.2));
#3518=CARTESIAN_POINT('Ctrl Pts',(0.152290761421502,-1.29879976907775,0.199999999999999));
#3519=CARTESIAN_POINT('Ctrl Pts',(0.201097702120165,-1.34516636274148,0.199999999999999));
#3520=CARTESIAN_POINT('Ctrl Pts',(0.246650846772251,-1.45254163227854,0.199999999999999));
#3521=CARTESIAN_POINT('Ctrl Pts',(0.246650846772251,-1.50785616507036,0.199999999999999));
#3522=CARTESIAN_POINT('',(0.152290761421502,-1.29879976907775,-4.36345880336398));
#3523=CARTESIAN_POINT('Ctrl Pts',(0.152290761421502,-1.29879976907775,-4.36345880336398));
#3524=CARTESIAN_POINT('Ctrl Pts',(0.152290761421502,-1.29879976907775,4.76345880336398));
#3525=CARTESIAN_POINT('Ctrl Pts',(0.175067333747545,-1.29473252401953,-4.36345880336398));
#3526=CARTESIAN_POINT('Ctrl Pts',(0.175067333747545,-1.29473252401953,4.76345880336398));
#3527=CARTESIAN_POINT('Ctrl Pts',(0.205978396190032,-1.27520974774006,-4.36345880336398));
#3528=CARTESIAN_POINT('Ctrl Pts',(0.205978396190032,-1.27520974774006,4.76345880336398));
#3529=CARTESIAN_POINT('Ctrl Pts',(0.224687723457853,-1.24755248134415,-4.36345880336398));
#3530=CARTESIAN_POINT('Ctrl Pts',(0.224687723457853,-1.24755248134415,4.76345880336398));
#3531=CARTESIAN_POINT('Ctrl Pts',(0.232822213574297,-1.21257417384345,-4.36345880336398));
#3532=CARTESIAN_POINT('Ctrl Pts',(0.232822213574297,-1.21257417384345,4.76345880336398));
#3533=CARTESIAN_POINT('Ctrl Pts',(0.232822213574297,-1.19386484657562,-4.36345880336398));
#3534=CARTESIAN_POINT('Ctrl Pts',(0.232822213574297,-1.19386484657562,4.76345880336398));
#3535=CARTESIAN_POINT('',(0.232822213574297,-1.19386484657562,0.239370078740158));
#3536=CARTESIAN_POINT('Ctrl Pts',(0.152290761421502,-1.29879976907775,0.239370078740158));
#3537=CARTESIAN_POINT('Ctrl Pts',(0.167475142972197,-1.29608827237227,0.239370078740158));
#3538=CARTESIAN_POINT('Ctrl Pts',(0.180219177487959,-1.29147872797295,0.239370078740159));
#3539=CARTESIAN_POINT('Ctrl Pts',(0.190522864968788,-1.2849711358798,0.239370078740159));
#3540=CARTESIAN_POINT('Ctrl Pts',(0.200826552449617,-1.27846354378664,0.239370078740159));
#3541=CARTESIAN_POINT('Ctrl Pts',(0.209096617401335,-1.27060020334074,0.239370078740158));
#3542=CARTESIAN_POINT('Ctrl Pts',(0.215333059823942,-1.26138111454211,0.239370078740158));
#3543=CARTESIAN_POINT('Ctrl Pts',(0.221569502246549,-1.25216202574347,0.239370078740158));
#3544=CARTESIAN_POINT('Ctrl Pts',(0.226043471810593,-1.24172276342737,0.239370078740158));
#3545=CARTESIAN_POINT('Ctrl Pts',(0.228754968516075,-1.2300633275938,0.239370078740158));
#3546=CARTESIAN_POINT('Ctrl Pts',(0.231466465221556,-1.21840389176023,0.239370078740158));
#3547=CARTESIAN_POINT('Ctrl Pts',(0.232822213574297,-1.20633773142084,0.239370078740158));
#3548=CARTESIAN_POINT('Ctrl Pts',(0.232822213574297,-1.19386484657562,0.239370078740158));
#3549=CARTESIAN_POINT('',(0.232822213574297,-1.19386484657562,0.2));
#3550=CARTESIAN_POINT('Ctrl Pts',(0.232822213574297,-1.19386484657562,0.199999999999999));
#3551=CARTESIAN_POINT('Ctrl Pts',(0.232822213574297,-1.21257417384345,0.199999999999999));
#3552=CARTESIAN_POINT('Ctrl Pts',(0.224687723457853,-1.24755248134415,0.199999999999999));
#3553=CARTESIAN_POINT('Ctrl Pts',(0.205978396190032,-1.27520974774006,0.199999999999999));
#3554=CARTESIAN_POINT('Ctrl Pts',(0.175067333747545,-1.29473252401953,0.199999999999999));
#3555=CARTESIAN_POINT('Ctrl Pts',(0.152290761421502,-1.29879976907775,0.199999999999999));
#3556=CARTESIAN_POINT('',(0.232822213574297,-1.19386484657562,-4.36345880336398));
#3557=CARTESIAN_POINT('Origin',(0.232822213574297,-1.13366961971394,-4.36345880336398));
#3558=CARTESIAN_POINT('',(0.232822213574297,-1.13366961971394,0.239370078740158));
#3559=CARTESIAN_POINT('',(0.2328222135743,-0.566834809856949,0.239370078740158));
#3560=CARTESIAN_POINT('',(0.232822213574297,-1.13366961971394,0.2));
#3561=CARTESIAN_POINT('',(0.2328222135743,-0.566834809856949,0.2));
#3562=CARTESIAN_POINT('',(0.232822213574297,-1.13366961971394,-4.36345880336398));
#3563=CARTESIAN_POINT('Ctrl Pts',(0.232822213574297,-1.13366961971394,-4.36345880336398));
#3564=CARTESIAN_POINT('Ctrl Pts',(0.232822213574297,-1.13366961971394,4.76345880336398));
#3565=CARTESIAN_POINT('Ctrl Pts',(0.232822213574297,-1.12309478256256,-4.36345880336398));
#3566=CARTESIAN_POINT('Ctrl Pts',(0.232822213574297,-1.12309478256256,4.76345880336398));
#3567=CARTESIAN_POINT('Ctrl Pts',(0.227941519504431,-1.10763925134132,-4.36345880336398));
#3568=CARTESIAN_POINT('Ctrl Pts',(0.227941519504431,-1.10763925134132,4.76345880336398));
#3569=CARTESIAN_POINT('Ctrl Pts',(0.214112886306476,-1.09543751616665,-4.36345880336398));
#3570=CARTESIAN_POINT('Ctrl Pts',(0.214112886306476,-1.09543751616665,4.76345880336398));
#3571=CARTESIAN_POINT('Ctrl Pts',(0.1888959669455,-1.08730302605021,-4.36345880336398));
#3572=CARTESIAN_POINT('Ctrl Pts',(0.1888959669455,-1.08730302605021,4.76345880336398));
#3573=CARTESIAN_POINT('Ctrl Pts',(0.16855974165439,-1.08323578099199,-4.36345880336398));
#3574=CARTESIAN_POINT('Ctrl Pts',(0.16855974165439,-1.08323578099199,4.76345880336398));
#3575=CARTESIAN_POINT('',(0.16855974165439,-1.08323578099199,0.239370078740158));
#3576=CARTESIAN_POINT('Ctrl Pts',(0.232822213574297,-1.13366961971394,0.239370078740158));
#3577=CARTESIAN_POINT('Ctrl Pts',(0.232822213574297,-1.12661972827969,0.239370078740158));
#3578=CARTESIAN_POINT('Ctrl Pts',(0.232008764562653,-1.12051886069235,0.239370078740158));
#3579=CARTESIAN_POINT('Ctrl Pts',(0.230381866539364,-1.11536701695194,0.239370078740158));
#3580=CARTESIAN_POINT('Ctrl Pts',(0.228754968516075,-1.11021517321153,0.239370078740158));
#3581=CARTESIAN_POINT('Ctrl Pts',(0.225636747304772,-1.10560562881221,0.239370078740158));
#3582=CARTESIAN_POINT('Ctrl Pts',(0.221027202905453,-1.10153838375399,0.239370078740158));
#3583=CARTESIAN_POINT('Ctrl Pts',(0.216417658506135,-1.09747113869576,0.239370078740158));
#3584=CARTESIAN_POINT('Ctrl Pts',(0.20991006641298,-1.09408176781391,0.239370078740158));
#3585=CARTESIAN_POINT('Ctrl Pts',(0.201504426625988,-1.09137027110843,0.239370078740158));
#3586=CARTESIAN_POINT('Ctrl Pts',(0.193098786838996,-1.08865877440295,0.239370078740158));
#3587=CARTESIAN_POINT('Ctrl Pts',(0.182117225181796,-1.08594727769747,0.239370078740158));
#3588=CARTESIAN_POINT('Ctrl Pts',(0.16855974165439,-1.08323578099199,0.239370078740158));
#3589=CARTESIAN_POINT('',(0.16855974165439,-1.08323578099199,0.2));
#3590=CARTESIAN_POINT('Ctrl Pts',(0.16855974165439,-1.08323578099199,0.199999999999999));
#3591=CARTESIAN_POINT('Ctrl Pts',(0.1888959669455,-1.08730302605021,0.199999999999999));
#3592=CARTESIAN_POINT('Ctrl Pts',(0.214112886306476,-1.09543751616665,0.199999999999999));
#3593=CARTESIAN_POINT('Ctrl Pts',(0.227941519504431,-1.10763925134132,0.199999999999999));
#3594=CARTESIAN_POINT('Ctrl Pts',(0.232822213574297,-1.12309478256256,0.199999999999999));
#3595=CARTESIAN_POINT('Ctrl Pts',(0.232822213574297,-1.13366961971394,0.199999999999999));
#3596=CARTESIAN_POINT('',(0.16855974165439,-1.08323578099199,-4.36345880336398));
#3597=CARTESIAN_POINT('Ctrl Pts',(0.16855974165439,-1.08323578099199,-4.36345880336398));
#3598=CARTESIAN_POINT('Ctrl Pts',(0.16855974165439,-1.08323578099199,4.76345880336398));
#3599=CARTESIAN_POINT('Ctrl Pts',(0.14822351636328,-1.07916853593376,-4.36345880336398));
#3600=CARTESIAN_POINT('Ctrl Pts',(0.14822351636328,-1.07916853593376,4.76345880336398));
#3601=CARTESIAN_POINT('Ctrl Pts',(0.123006597002304,-1.07916853593376,-4.36345880336398));
#3602=CARTESIAN_POINT('Ctrl Pts',(0.123006597002304,-1.07916853593376,4.76345880336398));
#3603=CARTESIAN_POINT('Ctrl Pts',(0.108364514792705,-1.08648957703856,-4.36345880336398));
#3604=CARTESIAN_POINT('Ctrl Pts',(0.108364514792705,-1.08648957703856,4.76345880336398));
#3605=CARTESIAN_POINT('Ctrl Pts',(0.103483820722838,-1.10031821023652,-4.36345880336398));
#3606=CARTESIAN_POINT('Ctrl Pts',(0.103483820722838,-1.10031821023652,4.76345880336398));
#3607=CARTESIAN_POINT('Ctrl Pts',(0.103483820722838,-1.1108930473879,-4.36345880336398));
#3608=CARTESIAN_POINT('Ctrl Pts',(0.103483820722838,-1.1108930473879,4.76345880336398));
#3609=CARTESIAN_POINT('',(0.103483820722838,-1.1108930473879,0.239370078740158));
#3610=CARTESIAN_POINT('Ctrl Pts',(0.16855974165439,-1.08323578099199,0.239370078740158));
#3611=CARTESIAN_POINT('Ctrl Pts',(0.155002258126983,-1.0805242842865,0.239370078740158));
#3612=CARTESIAN_POINT('Ctrl Pts',(0.144020696469784,-1.07916853593376,0.239370078740158));
#3613=CARTESIAN_POINT('Ctrl Pts',(0.135615056682792,-1.07916853593376,0.239370078740158));
#3614=CARTESIAN_POINT('Ctrl Pts',(0.1272094168958,-1.07916853593376,0.239370078740158));
#3615=CARTESIAN_POINT('Ctrl Pts',(0.120566249967371,-1.08038870945123,0.239370078740158));
#3616=CARTESIAN_POINT('Ctrl Pts',(0.115685555897504,-1.08282905648616,0.239370078740158));
#3617=CARTESIAN_POINT('Ctrl Pts',(0.110804861827638,-1.0852694035211,0.239370078740158));
#3618=CARTESIAN_POINT('Ctrl Pts',(0.107551065781061,-1.08879434923822,0.239370078740158));
#3619=CARTESIAN_POINT('Ctrl Pts',(0.105924167757772,-1.09340389363754,0.239370078740158));
#3620=CARTESIAN_POINT('Ctrl Pts',(0.104297269734483,-1.09801343803686,0.239370078740158));
#3621=CARTESIAN_POINT('Ctrl Pts',(0.103483820722838,-1.10384315595364,0.239370078740158));
#3622=CARTESIAN_POINT('Ctrl Pts',(0.103483820722838,-1.1108930473879,0.239370078740158));
#3623=CARTESIAN_POINT('',(0.103483820722838,-1.1108930473879,0.2));
#3624=CARTESIAN_POINT('Ctrl Pts',(0.103483820722838,-1.1108930473879,0.199999999999999));
#3625=CARTESIAN_POINT('Ctrl Pts',(0.103483820722838,-1.10031821023652,0.199999999999999));
#3626=CARTESIAN_POINT('Ctrl Pts',(0.108364514792705,-1.08648957703856,0.199999999999999));
#3627=CARTESIAN_POINT('Ctrl Pts',(0.123006597002304,-1.07916853593376,0.199999999999999));
#3628=CARTESIAN_POINT('Ctrl Pts',(0.14822351636328,-1.07916853593376,0.199999999999999));
#3629=CARTESIAN_POINT('Ctrl Pts',(0.16855974165439,-1.08323578099199,0.199999999999999));
#3630=CARTESIAN_POINT('',(0.103483820722838,-1.1108930473879,-4.36345880336398));
#3631=CARTESIAN_POINT('Origin',(0.103483820722838,-1.12960237465572,-4.36345880336398));
#3632=CARTESIAN_POINT('',(0.103483820722838,-0.564801187327837,0.239370078740158));
#3633=CARTESIAN_POINT('',(0.103483820722838,-0.564801187327837,0.2));
#3634=CARTESIAN_POINT('Ctrl Pts',(-0.0144662859655991,-1.57374553501355,
-4.36345880336398));
#3635=CARTESIAN_POINT('Ctrl Pts',(-0.0144662859655991,-1.57374553501355,
4.76345880336398));
#3636=CARTESIAN_POINT('Ctrl Pts',(0.0408482468262196,-1.57374553501355,
-4.36345880336398));
#3637=CARTESIAN_POINT('Ctrl Pts',(0.0408482468262196,-1.57374553501355,
4.76345880336398));
#3638=CARTESIAN_POINT('Ctrl Pts',(0.103483820722838,-1.51924445123338,-4.36345880336398));
#3639=CARTESIAN_POINT('Ctrl Pts',(0.103483820722838,-1.51924445123338,4.76345880336398));
#3640=CARTESIAN_POINT('Ctrl Pts',(0.103483820722838,-1.46962406152307,-4.36345880336398));
#3641=CARTESIAN_POINT('Ctrl Pts',(0.103483820722838,-1.46962406152307,4.76345880336398));
#3642=CARTESIAN_POINT('',(-0.0144662859655991,-1.57374553501355,0.239370078740158));
#3643=CARTESIAN_POINT('Ctrl Pts',(0.103483820722838,-1.46962406152307,0.239370078740158));
#3644=CARTESIAN_POINT('Ctrl Pts',(0.103483820722838,-1.50270432132994,0.239370078740158));
#3645=CARTESIAN_POINT('Ctrl Pts',(0.0930445584067347,-1.52832796519674,
0.239370078740158));
#3646=CARTESIAN_POINT('Ctrl Pts',(0.0721660337745287,-1.54649499312347,
0.239370078740158));
#3647=CARTESIAN_POINT('Ctrl Pts',(0.0512875091423226,-1.56466202105019,
0.239370078740158));
#3648=CARTESIAN_POINT('Ctrl Pts',(0.0224100692289467,-1.57374553501355,
0.239370078740158));
#3649=CARTESIAN_POINT('Ctrl Pts',(-0.0144662859655991,-1.57374553501355,
0.239370078740158));
#3650=CARTESIAN_POINT('',(-0.0144662859655991,-1.57374553501355,0.2));
#3651=CARTESIAN_POINT('Ctrl Pts',(-0.0144662859655991,-1.57374553501355,
0.199999999999998));
#3652=CARTESIAN_POINT('Ctrl Pts',(0.0408482468262196,-1.57374553501355,
0.199999999999998));
#3653=CARTESIAN_POINT('Ctrl Pts',(0.103483820722838,-1.51924445123338,0.199999999999998));
#3654=CARTESIAN_POINT('Ctrl Pts',(0.103483820722838,-1.46962406152307,0.199999999999998));
#3655=CARTESIAN_POINT('',(-0.0144662859655991,-1.57374553501355,-4.36345880336398));
#3656=CARTESIAN_POINT('Ctrl Pts',(-0.221895783934919,-1.41268263070796,
-4.36345880336398));
#3657=CARTESIAN_POINT('Ctrl Pts',(-0.221895783934919,-1.41268263070796,
4.76345880336398));
#3658=CARTESIAN_POINT('Ctrl Pts',(-0.221895783934919,-1.45579542832512,
-4.36345880336398));
#3659=CARTESIAN_POINT('Ctrl Pts',(-0.221895783934919,-1.45579542832512,
4.76345880336398));
#3660=CARTESIAN_POINT('Ctrl Pts',(-0.180409884341055,-1.51680410419845,
-4.36345880336398));
#3661=CARTESIAN_POINT('Ctrl Pts',(-0.180409884341055,-1.51680410419845,
4.76345880336398));
#3662=CARTESIAN_POINT('Ctrl Pts',(-0.117774310444437,-1.55584965675738,
-4.36345880336398));
#3663=CARTESIAN_POINT('Ctrl Pts',(-0.117774310444437,-1.55584965675738,
4.76345880336398));
#3664=CARTESIAN_POINT('Ctrl Pts',(-0.0445638993964416,-1.57374553501355,
-4.36345880336398));
#3665=CARTESIAN_POINT('Ctrl Pts',(-0.0445638993964416,-1.57374553501355,
4.76345880336398));
#3666=CARTESIAN_POINT('Ctrl Pts',(-0.0144662859655991,-1.57374553501355,
-4.36345880336398));
#3667=CARTESIAN_POINT('Ctrl Pts',(-0.0144662859655991,-1.57374553501355,
4.76345880336398));
#3668=CARTESIAN_POINT('Ctrl Pts',(-0.0144662859655991,-1.57374553501355,
0.239370078740158));
#3669=CARTESIAN_POINT('Ctrl Pts',(-0.0345313615861607,-1.57374553501355,
0.239370078740158));
#3670=CARTESIAN_POINT('Ctrl Pts',(-0.0567656345711075,-1.57076288863753,
0.239370078740158));
#3671=CARTESIAN_POINT('Ctrl Pts',(-0.0811691049204393,-1.56479759588547,
0.239370078740158));
#3672=CARTESIAN_POINT('Ctrl Pts',(-0.105572575269771,-1.55883230313341,
0.239370078740158));
#3673=CARTESIAN_POINT('Ctrl Pts',(-0.12821357276054,-1.54934206466422,0.239370078740158));
#3674=CARTESIAN_POINT('Ctrl Pts',(-0.149092097392746,-1.53632688047791,
0.239370078740158));
#3675=CARTESIAN_POINT('Ctrl Pts',(-0.169970622024952,-1.5233116962916,0.239370078740158));
#3676=CARTESIAN_POINT('Ctrl Pts',(-0.187324200940033,-1.50663599155289,
0.239370078740158));
#3677=CARTESIAN_POINT('Ctrl Pts',(-0.201152834137987,-1.48629976626178,
0.239370078740158));
#3678=CARTESIAN_POINT('Ctrl Pts',(-0.214981467335942,-1.46596354097067,
0.239370078740158));
#3679=CARTESIAN_POINT('Ctrl Pts',(-0.221895783934919,-1.44142449578607,
0.239370078740158));
#3680=CARTESIAN_POINT('Ctrl Pts',(-0.221895783934919,-1.41268263070796,
0.239370078740158));
#3681=CARTESIAN_POINT('Ctrl Pts',(-0.221895783934919,-1.41268263070796,
0.199999999999999));
#3682=CARTESIAN_POINT('Ctrl Pts',(-0.221895783934919,-1.45579542832512,
0.199999999999999));
#3683=CARTESIAN_POINT('Ctrl Pts',(-0.180409884341055,-1.51680410419845,
0.199999999999999));
#3684=CARTESIAN_POINT('Ctrl Pts',(-0.117774310444437,-1.55584965675738,
0.199999999999999));
#3685=CARTESIAN_POINT('Ctrl Pts',(-0.0445638993964416,-1.57374553501355,
0.199999999999999));
#3686=CARTESIAN_POINT('Ctrl Pts',(-0.0144662859655991,-1.57374553501355,
0.199999999999999));
#3687=CARTESIAN_POINT('Origin',(-0.0937499999999765,4.30102148122502E-14,
0.239370078740157));
#3688=CARTESIAN_POINT('Origin',(-0.0937499999999765,4.30102148122502E-14,
0.239370078740157));
#3689=CARTESIAN_POINT('',(-0.00714524486079637,0.585961590902308,0.239370078740158));
#3690=CARTESIAN_POINT('',(0.246650846772254,0.820234906255893,0.239370078740158));
#3691=CARTESIAN_POINT('Ctrl Pts',(-0.00714524486079638,0.585961590902308,
0.239370078740158));
#3692=CARTESIAN_POINT('Ctrl Pts',(0.0281042123104606,0.585961590902308,
0.239370078740158));
#3693=CARTESIAN_POINT('Ctrl Pts',(0.0611844721173325,0.591249009477996,
0.239370078740158));
#3694=CARTESIAN_POINT('Ctrl Pts',(0.0920955345598195,0.601823846629373,
0.239370078740158));
#3695=CARTESIAN_POINT('Ctrl Pts',(0.123006597002306,0.61239868378075,0.239370078740158));
#3696=CARTESIAN_POINT('Ctrl Pts',(0.149850414386571,0.62771864016672,0.239370078740158));
#3697=CARTESIAN_POINT('Ctrl Pts',(0.172626986712614,0.647783715787281,0.239370078740158));
#3698=CARTESIAN_POINT('Ctrl Pts',(0.195403559038657,0.667848791407843,0.239370078740158));
#3699=CARTESIAN_POINT('Ctrl Pts',(0.213435012130108,0.692387836592449,0.239370078740158));
#3700=CARTESIAN_POINT('Ctrl Pts',(0.226721345986967,0.721400851341099,0.239370078740158));
#3701=CARTESIAN_POINT('Ctrl Pts',(0.240007679843825,0.750413866089749,0.239370078740158));
#3702=CARTESIAN_POINT('Ctrl Pts',(0.246650846772254,0.783358551061347,0.239370078740158));
#3703=CARTESIAN_POINT('Ctrl Pts',(0.246650846772254,0.820234906255893,0.239370078740158));
#3704=CARTESIAN_POINT('',(0.152290761421505,1.0292913022485,0.239370078740158));
#3705=CARTESIAN_POINT('Ctrl Pts',(0.246650846772254,0.820234906255893,0.239370078740158));
#3706=CARTESIAN_POINT('Ctrl Pts',(0.246650846772254,0.839365633519393,0.239370078740158));
#3707=CARTESIAN_POINT('Ctrl Pts',(0.244607537448097,0.858279107303607,0.239370078740158));
#3708=CARTESIAN_POINT('Ctrl Pts',(0.235164530508421,0.901975938173951,0.239370078740158));
#3709=CARTESIAN_POINT('Ctrl Pts',(0.227364454573445,0.921426635286471,0.239370078740158));
#3710=CARTESIAN_POINT('Ctrl Pts',(0.206015921821313,0.969660103146404,0.239370078740158));
#3711=CARTESIAN_POINT('Ctrl Pts',(0.181471233181942,1.00156985407609,0.239370078740158));
#3712=CARTESIAN_POINT('Ctrl Pts',(0.152290761421505,1.0292913022485,0.239370078740158));
#3713=CARTESIAN_POINT('',(0.2328222135743,1.13422622475063,0.239370078740158));
#3714=CARTESIAN_POINT('Ctrl Pts',(0.152290761421505,1.0292913022485,0.239370078740158));
#3715=CARTESIAN_POINT('Ctrl Pts',(0.167475142972201,1.03200279895398,0.239370078740158));
#3716=CARTESIAN_POINT('Ctrl Pts',(0.180219177487963,1.0366123433533,0.239370078740159));
#3717=CARTESIAN_POINT('Ctrl Pts',(0.190522864968792,1.04311993544646,0.239370078740159));
#3718=CARTESIAN_POINT('Ctrl Pts',(0.200826552449621,1.04962752753961,0.239370078740159));
#3719=CARTESIAN_POINT('Ctrl Pts',(0.209096617401339,1.05749086798551,0.239370078740158));
#3720=CARTESIAN_POINT('Ctrl Pts',(0.215333059823946,1.06670995678414,0.239370078740158));
#3721=CARTESIAN_POINT('Ctrl Pts',(0.221569502246553,1.07592904558278,0.239370078740158));
#3722=CARTESIAN_POINT('Ctrl Pts',(0.226043471810597,1.08636830789888,0.239370078740158));
#3723=CARTESIAN_POINT('Ctrl Pts',(0.228754968516078,1.09802774373245,0.239370078740158));
#3724=CARTESIAN_POINT('Ctrl Pts',(0.231466465221559,1.10968717956602,0.239370078740158));
#3725=CARTESIAN_POINT('Ctrl Pts',(0.2328222135743,1.12175333990541,0.239370078740158));
#3726=CARTESIAN_POINT('Ctrl Pts',(0.2328222135743,1.13422622475063,0.239370078740158));
#3727=CARTESIAN_POINT('',(0.2328222135743,1.19442145161231,0.239370078740158));
#3728=CARTESIAN_POINT('',(0.2328222135743,0.597210725806178,0.239370078740158));
#3729=CARTESIAN_POINT('',(0.168559741654393,1.24485529033427,0.239370078740158));
#3730=CARTESIAN_POINT('Ctrl Pts',(0.2328222135743,1.19442145161231,0.239370078740158));
#3731=CARTESIAN_POINT('Ctrl Pts',(0.2328222135743,1.20147134304656,0.239370078740158));
#3732=CARTESIAN_POINT('Ctrl Pts',(0.232008764562656,1.2075722106339,0.239370078740158));
#3733=CARTESIAN_POINT('Ctrl Pts',(0.230381866539367,1.21272405437431,0.239370078740158));
#3734=CARTESIAN_POINT('Ctrl Pts',(0.228754968516078,1.21787589811473,0.239370078740158));
#3735=CARTESIAN_POINT('Ctrl Pts',(0.225636747304775,1.22248544251404,0.239370078740158));
#3736=CARTESIAN_POINT('Ctrl Pts',(0.221027202905456,1.22655268757227,0.239370078740158));
#3737=CARTESIAN_POINT('Ctrl Pts',(0.216417658506138,1.23061993263049,0.239370078740158));
#3738=CARTESIAN_POINT('Ctrl Pts',(0.209910066412983,1.23400930351234,0.239370078740158));
#3739=CARTESIAN_POINT('Ctrl Pts',(0.201504426625991,1.23672080021782,0.239370078740158));
#3740=CARTESIAN_POINT('Ctrl Pts',(0.193098786838999,1.2394322969233,0.239370078740158));
#3741=CARTESIAN_POINT('Ctrl Pts',(0.1821172251818,1.24214379362878,0.239370078740158));
#3742=CARTESIAN_POINT('Ctrl Pts',(0.168559741654393,1.24485529033427,0.239370078740158));
#3743=CARTESIAN_POINT('',(0.103483820722842,1.21719802393836,0.239370078740158));
#3744=CARTESIAN_POINT('Ctrl Pts',(0.168559741654393,1.24485529033427,0.239370078740158));
#3745=CARTESIAN_POINT('Ctrl Pts',(0.155002258126987,1.24756678703975,0.239370078740158));
#3746=CARTESIAN_POINT('Ctrl Pts',(0.144020696469787,1.24892253539249,0.239370078740158));
#3747=CARTESIAN_POINT('Ctrl Pts',(0.135615056682795,1.24892253539249,0.239370078740158));
#3748=CARTESIAN_POINT('Ctrl Pts',(0.127209416895803,1.24892253539249,0.239370078740158));
#3749=CARTESIAN_POINT('Ctrl Pts',(0.120566249967374,1.24770236187502,0.239370078740158));
#3750=CARTESIAN_POINT('Ctrl Pts',(0.115685555897508,1.24526201484009,0.239370078740158));
#3751=CARTESIAN_POINT('Ctrl Pts',(0.110804861827641,1.24282166780515,0.239370078740158));
#3752=CARTESIAN_POINT('Ctrl Pts',(0.107551065781064,1.23929672208803,0.239370078740158));
#3753=CARTESIAN_POINT('Ctrl Pts',(0.105924167757775,1.23468717768871,0.239370078740158));
#3754=CARTESIAN_POINT('Ctrl Pts',(0.104297269734486,1.23007763328939,0.239370078740158));
#3755=CARTESIAN_POINT('Ctrl Pts',(0.103483820722842,1.22424791537261,0.239370078740158));
#3756=CARTESIAN_POINT('Ctrl Pts',(0.103483820722842,1.21719802393836,0.239370078740158));
#3757=CARTESIAN_POINT('',(0.103483820722842,1.19848869667054,0.239370078740158));
#3758=CARTESIAN_POINT('',(0.103483820722842,0.599244348335289,0.239370078740158));
#3759=CARTESIAN_POINT('',(0.0497961859543117,1.1667641852164,0.239370078740158));
#3760=CARTESIAN_POINT('Ctrl Pts',(0.103483820722842,1.19848869667054,0.239370078740158));
#3761=CARTESIAN_POINT('Ctrl Pts',(0.103483820722842,1.18493121314313,0.239370078740158));
#3762=CARTESIAN_POINT('Ctrl Pts',(0.0987387014882493,1.17530539983867,0.239370078740158));
#3763=CARTESIAN_POINT('Ctrl Pts',(0.0892484630190648,1.16961125675716,0.239370078740158));
#3764=CARTESIAN_POINT('Ctrl Pts',(0.0797582245498802,1.16391711367565,0.239370078740158));
#3765=CARTESIAN_POINT('Ctrl Pts',(0.0666074655282959,1.16296808982873,0.239370078740158));
#3766=CARTESIAN_POINT('Ctrl Pts',(0.0497961859543117,1.1667641852164,0.239370078740158));
#3767=CARTESIAN_POINT('',(-0.317882767308954,1.23102665713631,0.239370078740158));
#3768=CARTESIAN_POINT('',(-0.104748471160112,1.19377530891561,0.239370078740158));
#3769=CARTESIAN_POINT('',(-0.357741768879529,1.17571212434449,0.239370078740158));
#3770=CARTESIAN_POINT('Ctrl Pts',(-0.317882767308954,1.23102665713631,0.239370078740158));
#3771=CARTESIAN_POINT('Ctrl Pts',(-0.331982550177456,1.2331958545007,0.239370078740158));
#3772=CARTESIAN_POINT('Ctrl Pts',(-0.342150662823011,1.23048435779522,0.239370078740158));
#3773=CARTESIAN_POINT('Ctrl Pts',(-0.348387105245618,1.22289216701987,0.239370078740158));
#3774=CARTESIAN_POINT('Ctrl Pts',(-0.354623547668225,1.21529997624452,0.239370078740158));
#3775=CARTESIAN_POINT('Ctrl Pts',(-0.357741768879529,1.19957329535273,0.239370078740158));
#3776=CARTESIAN_POINT('Ctrl Pts',(-0.357741768879529,1.17571212434449,0.239370078740158));
#3777=CARTESIAN_POINT('',(-0.317882767308954,1.09843446823828,0.239370078740158));
#3778=CARTESIAN_POINT('Ctrl Pts',(-0.357741768879529,1.17571212434449,0.239370078740158));
#3779=CARTESIAN_POINT('Ctrl Pts',(-0.357741768879529,1.15185095333626,0.239370078740158));
#3780=CARTESIAN_POINT('Ctrl Pts',(-0.354623547668225,1.13354835057426,0.239370078740158));
#3781=CARTESIAN_POINT('Ctrl Pts',(-0.348387105245618,1.1208043160585,0.239370078740158));
#3782=CARTESIAN_POINT('Ctrl Pts',(-0.342150662823011,1.10806028154273,0.239370078740158));
#3783=CARTESIAN_POINT('Ctrl Pts',(-0.331982550177457,1.10060366560266,0.239370078740158));
#3784=CARTESIAN_POINT('Ctrl Pts',(-0.317882767308954,1.09843446823828,0.239370078740158));
#3785=CARTESIAN_POINT('',(-0.258500989458913,1.0878596310869,0.239370078740158));
#3786=CARTESIAN_POINT('',(-0.0847708318808755,1.05692138384697,0.239370078740158));
#3787=CARTESIAN_POINT('',(-0.365062809984329,0.908900848525132,0.239370078740158));
#3788=CARTESIAN_POINT('Ctrl Pts',(-0.258500989458913,1.0878596310869,0.239370078740158));
#3789=CARTESIAN_POINT('Ctrl Pts',(-0.291581249265785,1.07213295019511,0.239370078740158));
#3790=CARTESIAN_POINT('Ctrl Pts',(-0.317611617638406,1.04854292885742,0.239370078740158));
#3791=CARTESIAN_POINT('Ctrl Pts',(-0.336592094576775,1.01708956707384,0.239370078740158));
#3792=CARTESIAN_POINT('Ctrl Pts',(-0.355572571515144,0.985636205290253,
0.239370078740158));
#3793=CARTESIAN_POINT('Ctrl Pts',(-0.365062809984329,0.949573299107352,
0.239370078740158));
#3794=CARTESIAN_POINT('Ctrl Pts',(-0.365062809984329,0.908900848525132,
0.239370078740158));
#3795=CARTESIAN_POINT('Ctrl Pts',(-0.365062809984329,0.908900848525132,
0.239370078740158));
#3796=CARTESIAN_POINT('Ctrl Pts',(-0.365062809984329,0.872024493330586,
0.239370078740158));
#3797=CARTESIAN_POINT('Ctrl Pts',(-0.359910966243915,0.838673083853166,
0.239370078740158));
#3798=CARTESIAN_POINT('Ctrl Pts',(-0.349607278763086,0.808846620092872,
0.239370078740158));
#3799=CARTESIAN_POINT('Ctrl Pts',(-0.339303591282257,0.779020156332577,
0.239370078740158));
#3800=CARTESIAN_POINT('Ctrl Pts',(-0.325339383249028,0.752040764113039,
0.239370078740158));
#3801=CARTESIAN_POINT('Ctrl Pts',(-0.307714654663399,0.727908443434255,
0.239370078740158));
#3802=CARTESIAN_POINT('Ctrl Pts',(-0.290089926077771,0.703776122755471,
0.239370078740158));
#3803=CARTESIAN_POINT('Ctrl Pts',(-0.269482551116113,0.682897598123265,
0.239370078740158));
#3804=CARTESIAN_POINT('Ctrl Pts',(-0.245892529778426,0.665272869537636,
0.239370078740158));
#3805=CARTESIAN_POINT('Ctrl Pts',(-0.222302508440738,0.647648140952008,
0.239370078740158));
#3806=CARTESIAN_POINT('Ctrl Pts',(-0.19735673875031,0.633006058742409,0.239370078740158));
#3807=CARTESIAN_POINT('Ctrl Pts',(-0.171055220707142,0.621346622908839,
0.239370078740158));
#3808=CARTESIAN_POINT('Ctrl Pts',(-0.144753702663973,0.609687187075269,
0.239370078740158));
#3809=CARTESIAN_POINT('Ctrl Pts',(-0.117503160773886,0.600874822782455,
0.239370078740158));
#3810=CARTESIAN_POINT('Ctrl Pts',(-0.0893035950368801,0.594909530030396,
0.239370078740158));
#3811=CARTESIAN_POINT('Ctrl Pts',(-0.0611040292998745,0.588944237278337,
0.239370078740158));
#3812=CARTESIAN_POINT('Ctrl Pts',(-0.0337179125745133,0.585961590902308,
0.239370078740158));
#3813=CARTESIAN_POINT('Ctrl Pts',(-0.00714524486079638,0.585961590902308,
0.239370078740158));
#3814=CARTESIAN_POINT('',(0.103483820722841,0.858467009803179,0.239370078740158));
#3815=CARTESIAN_POINT('',(-0.0144662859655958,0.754345536312697,0.239370078740158));
#3816=CARTESIAN_POINT('Ctrl Pts',(0.103483820722841,0.858467009803179,0.239370078740158));
#3817=CARTESIAN_POINT('Ctrl Pts',(0.103483820722841,0.825386749996307,0.239370078740158));
#3818=CARTESIAN_POINT('Ctrl Pts',(0.0930445584067381,0.799763106129509,
0.239370078740158));
#3819=CARTESIAN_POINT('Ctrl Pts',(0.072166033774532,0.781596078202784,0.239370078740158));
#3820=CARTESIAN_POINT('Ctrl Pts',(0.0512875091423259,0.763429050276059,
0.239370078740158));
#3821=CARTESIAN_POINT('Ctrl Pts',(0.0224100692289499,0.754345536312697,
0.239370078740158));
#3822=CARTESIAN_POINT('Ctrl Pts',(-0.0144662859655958,0.754345536312697,
0.239370078740158));
#3823=CARTESIAN_POINT('',(-0.221895783934916,0.915408440618287,0.239370078740158));
#3824=CARTESIAN_POINT('Ctrl Pts',(-0.0144662859655958,0.754345536312697,
0.239370078740158));
#3825=CARTESIAN_POINT('Ctrl Pts',(-0.0345313615861574,0.754345536312697,
0.239370078740158));
#3826=CARTESIAN_POINT('Ctrl Pts',(-0.0567656345711041,0.757328182688727,
0.239370078740158));
#3827=CARTESIAN_POINT('Ctrl Pts',(-0.0811691049204359,0.763293475440786,
0.239370078740158));
#3828=CARTESIAN_POINT('Ctrl Pts',(-0.105572575269768,0.769258768192844,
0.239370078740158));
#3829=CARTESIAN_POINT('Ctrl Pts',(-0.128213572760537,0.778749006662029,
0.239370078740158));
#3830=CARTESIAN_POINT('Ctrl Pts',(-0.149092097392743,0.791764190848339,
0.239370078740158));
#3831=CARTESIAN_POINT('Ctrl Pts',(-0.169970622024949,0.80477937503465,0.239370078740158));
#3832=CARTESIAN_POINT('Ctrl Pts',(-0.187324200940029,0.82145507977336,0.239370078740158));
#3833=CARTESIAN_POINT('Ctrl Pts',(-0.201152834137984,0.841791305064469,
0.239370078740158));
#3834=CARTESIAN_POINT('Ctrl Pts',(-0.214981467335938,0.862127530355579,
0.239370078740158));
#3835=CARTESIAN_POINT('Ctrl Pts',(-0.221895783934916,0.886666575540185,
0.239370078740158));
#3836=CARTESIAN_POINT('Ctrl Pts',(-0.221895783934916,0.915408440618287,
0.239370078740158));
#3837=CARTESIAN_POINT('',(-0.0974380851533235,1.03579889434166,0.239370078740158));
#3838=CARTESIAN_POINT('Ctrl Pts',(-0.221895783934916,0.915408440618287,
0.239370078740158));
#3839=CARTESIAN_POINT('Ctrl Pts',(-0.221895783934916,0.932762019533367,
0.239370078740158));
#3840=CARTESIAN_POINT('Ctrl Pts',(-0.219184287229434,0.948759850095707,
0.239370078740158));
#3841=CARTESIAN_POINT('Ctrl Pts',(-0.213761293818472,0.963401932305306,
0.239370078740158));
#3842=CARTESIAN_POINT('Ctrl Pts',(-0.208338300407509,0.978044014514905,
0.239370078740158));
#3843=CARTESIAN_POINT('Ctrl Pts',(-0.200474959961613,0.990788049030667,
0.239370078740158));
#3844=CARTESIAN_POINT('Ctrl Pts',(-0.190171272480784,1.00163403585259,0.239370078740158));
#3845=CARTESIAN_POINT('Ctrl Pts',(-0.179867584999955,1.01248002267452,0.239370078740158));
#3846=CARTESIAN_POINT('Ctrl Pts',(-0.166852400813645,1.02088566246151,0.239370078740158));
#3847=CARTESIAN_POINT('Ctrl Pts',(-0.151125719921853,1.02685095521357,0.239370078740158));
#3848=CARTESIAN_POINT('Ctrl Pts',(-0.135399039030062,1.03281624796563,0.239370078740158));
#3849=CARTESIAN_POINT('Ctrl Pts',(-0.117503160773885,1.03579889434166,0.239370078740158));
#3850=CARTESIAN_POINT('Ctrl Pts',(-0.0974380851533235,1.03579889434166,
0.239370078740158));
#3851=CARTESIAN_POINT('Ctrl Pts',(-0.0974380851533235,1.03579889434166,
0.239370078740158));
#3852=CARTESIAN_POINT('Ctrl Pts',(-0.0741192134861842,1.03579889434166,
0.239370078740158));
#3853=CARTESIAN_POINT('Ctrl Pts',(-0.0505291921484968,1.03186722411871,
0.239370078740158));
#3854=CARTESIAN_POINT('Ctrl Pts',(-0.0266680211402613,1.02400388367281,
0.239370078740158));
#3855=CARTESIAN_POINT('Ctrl Pts',(-0.0028068501320258,1.01614054322692,
0.239370078740158));
#3856=CARTESIAN_POINT('Ctrl Pts',(0.0187495486765506,1.00461668222862,0.239370078740158));
#3857=CARTESIAN_POINT('Ctrl Pts',(0.0380011752854678,0.989432300677926,
0.239370078740158));
#3858=CARTESIAN_POINT('Ctrl Pts',(0.057252801894385,0.974247919127231,0.239370078740158));
#3859=CARTESIAN_POINT('Ctrl Pts',(0.0729794827861766,0.955674166694684,
0.239370078740158));
#3860=CARTESIAN_POINT('Ctrl Pts',(0.0851812179608424,0.933711043380285,
0.239370078740158));
#3861=CARTESIAN_POINT('Ctrl Pts',(0.0973829531355083,0.911747920065887,
0.239370078740158));
#3862=CARTESIAN_POINT('Ctrl Pts',(0.103483820722841,0.886666575540185,0.239370078740158));
#3863=CARTESIAN_POINT('Ctrl Pts',(0.103483820722841,0.858467009803179,0.239370078740158));
#3864=CARTESIAN_POINT('Ctrl Pts',(-0.221895783934916,0.915408440618287,
-4.36345880336398));
#3865=CARTESIAN_POINT('Ctrl Pts',(-0.221895783934916,0.915408440618287,
4.76345880336398));
#3866=CARTESIAN_POINT('Ctrl Pts',(-0.221895783934916,0.872295643001134,
-4.36345880336398));
#3867=CARTESIAN_POINT('Ctrl Pts',(-0.221895783934916,0.872295643001134,
4.76345880336398));
#3868=CARTESIAN_POINT('Ctrl Pts',(-0.180409884341052,0.811286967127805,
-4.36345880336398));
#3869=CARTESIAN_POINT('Ctrl Pts',(-0.180409884341052,0.811286967127805,
4.76345880336398));
#3870=CARTESIAN_POINT('Ctrl Pts',(-0.117774310444434,0.772241414568874,
-4.36345880336398));
#3871=CARTESIAN_POINT('Ctrl Pts',(-0.117774310444434,0.772241414568874,
4.76345880336398));
#3872=CARTESIAN_POINT('Ctrl Pts',(-0.0445638993964382,0.754345536312697,
-4.36345880336398));
#3873=CARTESIAN_POINT('Ctrl Pts',(-0.0445638993964382,0.754345536312697,
4.76345880336398));
#3874=CARTESIAN_POINT('Ctrl Pts',(-0.0144662859655958,0.754345536312697,
-4.36345880336398));
#3875=CARTESIAN_POINT('Ctrl Pts',(-0.0144662859655958,0.754345536312697,
4.76345880336398));
#3876=CARTESIAN_POINT('',(-0.0144662859655958,0.754345536312697,0.2));
#3877=CARTESIAN_POINT('',(-0.0144662859655958,0.754345536312697,-4.36345880336398));
#3878=CARTESIAN_POINT('',(-0.221895783934916,0.915408440618287,0.2));
#3879=CARTESIAN_POINT('Ctrl Pts',(-0.221895783934916,0.915408440618287,
0.2));
#3880=CARTESIAN_POINT('Ctrl Pts',(-0.221895783934916,0.872295643001134,
0.2));
#3881=CARTESIAN_POINT('Ctrl Pts',(-0.180409884341052,0.811286967127805,
0.2));
#3882=CARTESIAN_POINT('Ctrl Pts',(-0.117774310444434,0.772241414568874,
0.2));
#3883=CARTESIAN_POINT('Ctrl Pts',(-0.0445638993964382,0.754345536312697,
0.2));
#3884=CARTESIAN_POINT('Ctrl Pts',(-0.0144662859655958,0.754345536312697,
0.2));
#3885=CARTESIAN_POINT('',(-0.221895783934916,0.915408440618287,-4.36345880336398));
#3886=CARTESIAN_POINT('Ctrl Pts',(-0.0144662859655958,0.754345536312697,
-4.36345880336398));
#3887=CARTESIAN_POINT('Ctrl Pts',(-0.0144662859655958,0.754345536312697,
4.76345880336398));
#3888=CARTESIAN_POINT('Ctrl Pts',(0.0408482468262228,0.754345536312697,
-4.36345880336398));
#3889=CARTESIAN_POINT('Ctrl Pts',(0.0408482468262228,0.754345536312697,
4.76345880336398));
#3890=CARTESIAN_POINT('Ctrl Pts',(0.103483820722841,0.808846620092871,-4.36345880336398));
#3891=CARTESIAN_POINT('Ctrl Pts',(0.103483820722841,0.808846620092871,4.76345880336398));
#3892=CARTESIAN_POINT('Ctrl Pts',(0.103483820722841,0.858467009803179,-4.36345880336398));
#3893=CARTESIAN_POINT('Ctrl Pts',(0.103483820722841,0.858467009803179,4.76345880336398));
#3894=CARTESIAN_POINT('',(0.103483820722841,0.858467009803179,0.2));
#3895=CARTESIAN_POINT('',(0.103483820722841,0.858467009803179,-4.36345880336398));
#3896=CARTESIAN_POINT('Ctrl Pts',(-0.0144662859655958,0.754345536312697,
0.2));
#3897=CARTESIAN_POINT('Ctrl Pts',(0.0408482468262228,0.754345536312697,
0.2));
#3898=CARTESIAN_POINT('Ctrl Pts',(0.103483820722841,0.808846620092871,0.2));
#3899=CARTESIAN_POINT('Ctrl Pts',(0.103483820722841,0.858467009803179,0.2));
#3900=CARTESIAN_POINT('Origin',(0.103483820722842,1.19848869667054,-4.36345880336398));
#3901=CARTESIAN_POINT('',(0.103483820722842,1.21719802393836,0.2));
#3902=CARTESIAN_POINT('',(0.103483820722842,1.21719802393836,-4.36345880336398));
#3903=CARTESIAN_POINT('',(0.103483820722842,1.19848869667054,0.2));
#3904=CARTESIAN_POINT('',(0.103483820722842,0.599244348335289,0.2));
#3905=CARTESIAN_POINT('',(0.103483820722842,1.19848869667054,-4.36345880336398));
#3906=CARTESIAN_POINT('Ctrl Pts',(0.168559741654393,1.24485529033427,-4.36345880336398));
#3907=CARTESIAN_POINT('Ctrl Pts',(0.168559741654393,1.24485529033427,4.76345880336398));
#3908=CARTESIAN_POINT('Ctrl Pts',(0.148223516363284,1.24892253539249,-4.36345880336398));
#3909=CARTESIAN_POINT('Ctrl Pts',(0.148223516363284,1.24892253539249,4.76345880336398));
#3910=CARTESIAN_POINT('Ctrl Pts',(0.123006597002307,1.24892253539249,-4.36345880336398));
#3911=CARTESIAN_POINT('Ctrl Pts',(0.123006597002307,1.24892253539249,4.76345880336398));
#3912=CARTESIAN_POINT('Ctrl Pts',(0.108364514792708,1.24160149428769,-4.36345880336398));
#3913=CARTESIAN_POINT('Ctrl Pts',(0.108364514792708,1.24160149428769,4.76345880336398));
#3914=CARTESIAN_POINT('Ctrl Pts',(0.103483820722842,1.22777286108973,-4.36345880336398));
#3915=CARTESIAN_POINT('Ctrl Pts',(0.103483820722842,1.22777286108973,4.76345880336398));
#3916=CARTESIAN_POINT('Ctrl Pts',(0.103483820722842,1.21719802393836,-4.36345880336398));
#3917=CARTESIAN_POINT('Ctrl Pts',(0.103483820722842,1.21719802393836,4.76345880336398));
#3918=CARTESIAN_POINT('',(0.168559741654393,1.24485529033427,0.2));
#3919=CARTESIAN_POINT('',(0.168559741654393,1.24485529033427,-4.36345880336398));
#3920=CARTESIAN_POINT('Ctrl Pts',(0.103483820722842,1.21719802393836,0.199999999999999));
#3921=CARTESIAN_POINT('Ctrl Pts',(0.103483820722842,1.22777286108973,0.199999999999999));
#3922=CARTESIAN_POINT('Ctrl Pts',(0.108364514792708,1.24160149428769,0.199999999999999));
#3923=CARTESIAN_POINT('Ctrl Pts',(0.123006597002307,1.24892253539249,0.199999999999999));
#3924=CARTESIAN_POINT('Ctrl Pts',(0.148223516363284,1.24892253539249,0.199999999999999));
#3925=CARTESIAN_POINT('Ctrl Pts',(0.168559741654393,1.24485529033427,0.199999999999999));
#3926=CARTESIAN_POINT('Ctrl Pts',(0.2328222135743,1.19442145161231,-4.36345880336398));
#3927=CARTESIAN_POINT('Ctrl Pts',(0.2328222135743,1.19442145161231,4.76345880336398));
#3928=CARTESIAN_POINT('Ctrl Pts',(0.2328222135743,1.20499628876369,-4.36345880336398));
#3929=CARTESIAN_POINT('Ctrl Pts',(0.2328222135743,1.20499628876369,4.76345880336398));
#3930=CARTESIAN_POINT('Ctrl Pts',(0.227941519504434,1.22045181998493,-4.36345880336398));
#3931=CARTESIAN_POINT('Ctrl Pts',(0.227941519504434,1.22045181998493,4.76345880336398));
#3932=CARTESIAN_POINT('Ctrl Pts',(0.214112886306479,1.2326535551596,-4.36345880336398));
#3933=CARTESIAN_POINT('Ctrl Pts',(0.214112886306479,1.2326535551596,4.76345880336398));
#3934=CARTESIAN_POINT('Ctrl Pts',(0.188895966945503,1.24078804527604,-4.36345880336398));
#3935=CARTESIAN_POINT('Ctrl Pts',(0.188895966945503,1.24078804527604,4.76345880336398));
#3936=CARTESIAN_POINT('Ctrl Pts',(0.168559741654393,1.24485529033427,-4.36345880336398));
#3937=CARTESIAN_POINT('Ctrl Pts',(0.168559741654393,1.24485529033427,4.76345880336398));
#3938=CARTESIAN_POINT('',(0.2328222135743,1.19442145161231,0.2));
#3939=CARTESIAN_POINT('',(0.2328222135743,1.19442145161231,-4.36345880336398));
#3940=CARTESIAN_POINT('Ctrl Pts',(0.168559741654393,1.24485529033427,0.2));
#3941=CARTESIAN_POINT('Ctrl Pts',(0.188895966945503,1.24078804527604,0.2));
#3942=CARTESIAN_POINT('Ctrl Pts',(0.214112886306479,1.2326535551596,0.2));
#3943=CARTESIAN_POINT('Ctrl Pts',(0.227941519504434,1.22045181998493,0.2));
#3944=CARTESIAN_POINT('Ctrl Pts',(0.2328222135743,1.20499628876369,0.2));
#3945=CARTESIAN_POINT('Ctrl Pts',(0.2328222135743,1.19442145161231,0.2));
#3946=CARTESIAN_POINT('Origin',(0.2328222135743,1.19442145161231,-4.36345880336398));
#3947=CARTESIAN_POINT('',(0.2328222135743,1.13422622475063,0.2));
#3948=CARTESIAN_POINT('',(0.2328222135743,1.13422622475063,-4.36345880336398));
#3949=CARTESIAN_POINT('',(0.2328222135743,0.597210725806178,0.2));
#3950=CARTESIAN_POINT('Ctrl Pts',(0.152290761421505,1.0292913022485,-4.36345880336398));
#3951=CARTESIAN_POINT('Ctrl Pts',(0.152290761421505,1.0292913022485,4.76345880336398));
#3952=CARTESIAN_POINT('Ctrl Pts',(0.175067333747548,1.03335854730672,-4.36345880336398));
#3953=CARTESIAN_POINT('Ctrl Pts',(0.175067333747548,1.03335854730672,4.76345880336398));
#3954=CARTESIAN_POINT('Ctrl Pts',(0.205978396190035,1.05288132358619,-4.36345880336398));
#3955=CARTESIAN_POINT('Ctrl Pts',(0.205978396190035,1.05288132358619,4.76345880336398));
#3956=CARTESIAN_POINT('Ctrl Pts',(0.224687723457856,1.0805385899821,-4.36345880336398));
#3957=CARTESIAN_POINT('Ctrl Pts',(0.224687723457856,1.0805385899821,4.76345880336398));
#3958=CARTESIAN_POINT('Ctrl Pts',(0.2328222135743,1.11551689748281,-4.36345880336398));
#3959=CARTESIAN_POINT('Ctrl Pts',(0.2328222135743,1.11551689748281,4.76345880336398));
#3960=CARTESIAN_POINT('Ctrl Pts',(0.2328222135743,1.13422622475063,-4.36345880336398));
#3961=CARTESIAN_POINT('Ctrl Pts',(0.2328222135743,1.13422622475063,4.76345880336398));
#3962=CARTESIAN_POINT('',(0.152290761421505,1.0292913022485,0.2));
#3963=CARTESIAN_POINT('',(0.152290761421505,1.0292913022485,-4.36345880336398));
#3964=CARTESIAN_POINT('Ctrl Pts',(0.2328222135743,1.13422622475063,0.2));
#3965=CARTESIAN_POINT('Ctrl Pts',(0.2328222135743,1.11551689748281,0.2));
#3966=CARTESIAN_POINT('Ctrl Pts',(0.224687723457856,1.0805385899821,0.2));
#3967=CARTESIAN_POINT('Ctrl Pts',(0.205978396190035,1.05288132358619,0.2));
#3968=CARTESIAN_POINT('Ctrl Pts',(0.175067333747548,1.03335854730672,0.2));
#3969=CARTESIAN_POINT('Ctrl Pts',(0.152290761421505,1.0292913022485,0.2));
#3970=CARTESIAN_POINT('Ctrl Pts',(0.246650846772254,0.820234906255893,-4.36345880336398));
#3971=CARTESIAN_POINT('Ctrl Pts',(0.246650846772254,0.820234906255893,4.76345880336398));
#3972=CARTESIAN_POINT('Ctrl Pts',(0.246650846772254,0.875549439047711,-4.36345880336398));
#3973=CARTESIAN_POINT('Ctrl Pts',(0.246650846772254,0.875549439047711,4.76345880336398));
#3974=CARTESIAN_POINT('Ctrl Pts',(0.201097702120168,0.982924708584771,-4.36345880336398));
#3975=CARTESIAN_POINT('Ctrl Pts',(0.201097702120168,0.982924708584771,4.76345880336398));
#3976=CARTESIAN_POINT('Ctrl Pts',(0.152290761421505,1.0292913022485,-4.36345880336398));
#3977=CARTESIAN_POINT('Ctrl Pts',(0.152290761421505,1.0292913022485,4.76345880336398));
#3978=CARTESIAN_POINT('',(0.246650846772254,0.820234906255893,0.2));
#3979=CARTESIAN_POINT('',(0.246650846772254,0.820234906255893,-4.36345880336398));
#3980=CARTESIAN_POINT('Ctrl Pts',(0.152290761421505,1.0292913022485,0.199999999999999));
#3981=CARTESIAN_POINT('Ctrl Pts',(0.201097702120168,0.982924708584771,0.199999999999999));
#3982=CARTESIAN_POINT('Ctrl Pts',(0.246650846772254,0.875549439047711,0.199999999999999));
#3983=CARTESIAN_POINT('Ctrl Pts',(0.246650846772254,0.820234906255893,0.199999999999999));
#3984=CARTESIAN_POINT('Ctrl Pts',(-0.00714524486079638,0.585961590902308,
-4.36345880336398));
#3985=CARTESIAN_POINT('Ctrl Pts',(-0.00714524486079638,0.585961590902308,
4.76345880336398));
#3986=CARTESIAN_POINT('Ctrl Pts',(0.045728940896089,0.585961590902307,-4.36345880336398));
#3987=CARTESIAN_POINT('Ctrl Pts',(0.045728940896089,0.585961590902307,4.76345880336398));
#3988=CARTESIAN_POINT('Ctrl Pts',(0.13846212822355,0.617686102356439,-4.36345880336398));
#3989=CARTESIAN_POINT('Ctrl Pts',(0.13846212822355,0.617686102356439,4.76345880336398));
#3990=CARTESIAN_POINT('Ctrl Pts',(0.206791845201679,0.677881329218124,-4.36345880336398));
#3991=CARTESIAN_POINT('Ctrl Pts',(0.206791845201679,0.677881329218124,4.76345880336398));
#3992=CARTESIAN_POINT('Ctrl Pts',(0.246650846772254,0.764920373464074,-4.36345880336398));
#3993=CARTESIAN_POINT('Ctrl Pts',(0.246650846772254,0.764920373464074,4.76345880336398));
#3994=CARTESIAN_POINT('Ctrl Pts',(0.246650846772254,0.820234906255893,-4.36345880336398));
#3995=CARTESIAN_POINT('Ctrl Pts',(0.246650846772254,0.820234906255893,4.76345880336398));
#3996=CARTESIAN_POINT('',(-0.00714524486079637,0.585961590902308,0.2));
#3997=CARTESIAN_POINT('',(-0.00714524486079637,0.585961590902308,-4.36345880336398));
#3998=CARTESIAN_POINT('Ctrl Pts',(0.246650846772254,0.820234906255893,0.2));
#3999=CARTESIAN_POINT('Ctrl Pts',(0.246650846772254,0.764920373464074,0.2));
#4000=CARTESIAN_POINT('Ctrl Pts',(0.206791845201679,0.677881329218124,0.2));
#4001=CARTESIAN_POINT('Ctrl Pts',(0.13846212822355,0.617686102356439,0.2));
#4002=CARTESIAN_POINT('Ctrl Pts',(0.045728940896089,0.585961590902307,0.2));
#4003=CARTESIAN_POINT('Ctrl Pts',(-0.00714524486079638,0.585961590902308,
0.2));
#4004=CARTESIAN_POINT('Ctrl Pts',(-0.0974380851533235,1.03579889434166,
-4.36345880336398));
#4005=CARTESIAN_POINT('Ctrl Pts',(-0.0974380851533235,1.03579889434166,
4.76345880336398));
#4006=CARTESIAN_POINT('Ctrl Pts',(-0.127535698584166,1.03579889434166,-4.36345880336398));
#4007=CARTESIAN_POINT('Ctrl Pts',(-0.127535698584166,1.03579889434166,4.76345880336398));
#4008=CARTESIAN_POINT('Ctrl Pts',(-0.174715741259541,1.01790301608548,-4.36345880336398));
#4009=CARTESIAN_POINT('Ctrl Pts',(-0.174715741259541,1.01790301608548,4.76345880336398));
#4010=CARTESIAN_POINT('Ctrl Pts',(-0.205626803702028,0.985365055619705,
-4.36345880336398));
#4011=CARTESIAN_POINT('Ctrl Pts',(-0.205626803702028,0.985365055619705,
4.76345880336398));
#4012=CARTESIAN_POINT('Ctrl Pts',(-0.221895783934916,0.941438808990907,
-4.36345880336398));
#4013=CARTESIAN_POINT('Ctrl Pts',(-0.221895783934916,0.941438808990907,
4.76345880336398));
#4014=CARTESIAN_POINT('Ctrl Pts',(-0.221895783934916,0.915408440618287,
-4.36345880336398));
#4015=CARTESIAN_POINT('Ctrl Pts',(-0.221895783934916,0.915408440618287,
4.76345880336398));
#4016=CARTESIAN_POINT('',(-0.0974380851533235,1.03579889434166,0.2));
#4017=CARTESIAN_POINT('Ctrl Pts',(-0.0974380851533235,1.03579889434166,
0.2));
#4018=CARTESIAN_POINT('Ctrl Pts',(-0.127535698584166,1.03579889434166,0.2));
#4019=CARTESIAN_POINT('Ctrl Pts',(-0.174715741259541,1.01790301608548,0.2));
#4020=CARTESIAN_POINT('Ctrl Pts',(-0.205626803702028,0.985365055619705,
0.2));
#4021=CARTESIAN_POINT('Ctrl Pts',(-0.221895783934916,0.941438808990907,
0.2));
#4022=CARTESIAN_POINT('Ctrl Pts',(-0.221895783934916,0.915408440618287,
0.2));
#4023=CARTESIAN_POINT('',(-0.0974380851533235,1.03579889434166,-4.36345880336398));
#4024=CARTESIAN_POINT('Ctrl Pts',(0.103483820722841,0.858467009803179,-4.36345880336398));
#4025=CARTESIAN_POINT('Ctrl Pts',(0.103483820722841,0.858467009803179,4.76345880336398));
#4026=CARTESIAN_POINT('Ctrl Pts',(0.103483820722841,0.900766358408688,-4.36345880336398));
#4027=CARTESIAN_POINT('Ctrl Pts',(0.103483820722841,0.900766358408688,4.76345880336398));
#4028=CARTESIAN_POINT('Ctrl Pts',(0.0668786151988436,0.966655728351883,
-4.36345880336398));
#4029=CARTESIAN_POINT('Ctrl Pts',(0.0668786151988436,0.966655728351883,
4.76345880336398));
#4030=CARTESIAN_POINT('Ctrl Pts',(0.00912373537209195,1.01220887300397,
-4.36345880336398));
#4031=CARTESIAN_POINT('Ctrl Pts',(0.00912373537209195,1.01220887300397,
4.76345880336398));
#4032=CARTESIAN_POINT('Ctrl Pts',(-0.0624597776526146,1.03579889434166,
-4.36345880336398));
#4033=CARTESIAN_POINT('Ctrl Pts',(-0.0624597776526146,1.03579889434166,
4.76345880336398));
#4034=CARTESIAN_POINT('Ctrl Pts',(-0.0974380851533235,1.03579889434166,
-4.36345880336398));
#4035=CARTESIAN_POINT('Ctrl Pts',(-0.0974380851533235,1.03579889434166,
4.76345880336398));
#4036=CARTESIAN_POINT('Ctrl Pts',(0.103483820722841,0.858467009803179,0.199999999999999));
#4037=CARTESIAN_POINT('Ctrl Pts',(0.103483820722841,0.900766358408688,0.199999999999999));
#4038=CARTESIAN_POINT('Ctrl Pts',(0.0668786151988436,0.966655728351883,
0.199999999999999));
#4039=CARTESIAN_POINT('Ctrl Pts',(0.00912373537209195,1.01220887300397,
0.199999999999999));
#4040=CARTESIAN_POINT('Ctrl Pts',(-0.0624597776526146,1.03579889434166,
0.199999999999999));
#4041=CARTESIAN_POINT('Ctrl Pts',(-0.0974380851533235,1.03579889434166,
0.199999999999999));
#4042=CARTESIAN_POINT('Ctrl Pts',(-0.365062809984329,0.908900848525132,
-4.36345880336398));
#4043=CARTESIAN_POINT('Ctrl Pts',(-0.365062809984329,0.908900848525132,
4.76345880336398));
#4044=CARTESIAN_POINT('Ctrl Pts',(-0.365062809984329,0.853586315733313,
-4.36345880336398));
#4045=CARTESIAN_POINT('Ctrl Pts',(-0.365062809984329,0.853586315733313,
4.76345880336398));
#4046=CARTESIAN_POINT('Ctrl Pts',(-0.334151747541842,0.76410692445243,-4.36345880336398));
#4047=CARTESIAN_POINT('Ctrl Pts',(-0.334151747541842,0.76410692445243,4.76345880336398));
#4048=CARTESIAN_POINT('Ctrl Pts',(-0.281277561784957,0.691709962416079,
-4.36345880336398));
#4049=CARTESIAN_POINT('Ctrl Pts',(-0.281277561784957,0.691709962416079,
4.76345880336398));
#4050=CARTESIAN_POINT('Ctrl Pts',(-0.210507497771895,0.638835776659193,
-4.36345880336398));
#4051=CARTESIAN_POINT('Ctrl Pts',(-0.210507497771895,0.638835776659193,
4.76345880336398));
#4052=CARTESIAN_POINT('Ctrl Pts',(-0.131602943642389,0.603857469158485,
-4.36345880336398));
#4053=CARTESIAN_POINT('Ctrl Pts',(-0.131602943642389,0.603857469158485,
4.76345880336398));
#4054=CARTESIAN_POINT('Ctrl Pts',(-0.0470042464313717,0.585961590902308,
-4.36345880336398));
#4055=CARTESIAN_POINT('Ctrl Pts',(-0.0470042464313717,0.585961590902308,
4.76345880336398));
#4056=CARTESIAN_POINT('Ctrl Pts',(-0.00714524486079638,0.585961590902308,
-4.36345880336398));
#4057=CARTESIAN_POINT('Ctrl Pts',(-0.00714524486079638,0.585961590902308,
4.76345880336398));
#4058=CARTESIAN_POINT('',(-0.365062809984329,0.908900848525132,0.2));
#4059=CARTESIAN_POINT('',(-0.365062809984329,0.908900848525132,-4.36345880336398));
#4060=CARTESIAN_POINT('Ctrl Pts',(-0.00714524486079638,0.585961590902308,
0.2));
#4061=CARTESIAN_POINT('Ctrl Pts',(-0.0470042464313717,0.585961590902308,
0.2));
#4062=CARTESIAN_POINT('Ctrl Pts',(-0.131602943642389,0.603857469158485,
0.2));
#4063=CARTESIAN_POINT('Ctrl Pts',(-0.210507497771895,0.638835776659193,
0.2));
#4064=CARTESIAN_POINT('Ctrl Pts',(-0.281277561784957,0.691709962416079,
0.2));
#4065=CARTESIAN_POINT('Ctrl Pts',(-0.334151747541842,0.76410692445243,0.2));
#4066=CARTESIAN_POINT('Ctrl Pts',(-0.365062809984329,0.853586315733313,
0.2));
#4067=CARTESIAN_POINT('Ctrl Pts',(-0.365062809984329,0.908900848525132,
0.2));
#4068=CARTESIAN_POINT('Ctrl Pts',(-0.258500989458913,1.0878596310869,-4.36345880336398));
#4069=CARTESIAN_POINT('Ctrl Pts',(-0.258500989458913,1.0878596310869,4.76345880336398));
#4070=CARTESIAN_POINT('Ctrl Pts',(-0.308121379169221,1.06426960974921,-4.36345880336398));
#4071=CARTESIAN_POINT('Ctrl Pts',(-0.308121379169221,1.06426960974921,4.76345880336398));
#4072=CARTESIAN_POINT('Ctrl Pts',(-0.365062809984329,0.969909524398462,
-4.36345880336398));
#4073=CARTESIAN_POINT('Ctrl Pts',(-0.365062809984329,0.969909524398462,
4.76345880336398));
#4074=CARTESIAN_POINT('Ctrl Pts',(-0.365062809984329,0.908900848525132,
-4.36345880336398));
#4075=CARTESIAN_POINT('Ctrl Pts',(-0.365062809984329,0.908900848525132,
4.76345880336398));
#4076=CARTESIAN_POINT('',(-0.258500989458913,1.0878596310869,0.2));
#4077=CARTESIAN_POINT('',(-0.258500989458913,1.0878596310869,-4.36345880336398));
#4078=CARTESIAN_POINT('Ctrl Pts',(-0.365062809984329,0.908900848525132,
0.2));
#4079=CARTESIAN_POINT('Ctrl Pts',(-0.365062809984329,0.969909524398462,
0.2));
#4080=CARTESIAN_POINT('Ctrl Pts',(-0.308121379169221,1.06426960974921,0.2));
#4081=CARTESIAN_POINT('Ctrl Pts',(-0.258500989458913,1.0878596310869,0.2));
#4082=CARTESIAN_POINT('Origin',(-0.258500989458913,1.0878596310869,-4.36345880336398));
#4083=CARTESIAN_POINT('',(-0.317882767308954,1.09843446823828,0.2));
#4084=CARTESIAN_POINT('',(-0.317882767308954,1.09843446823828,-4.36345880336398));
#4085=CARTESIAN_POINT('',(-0.0847708318808755,1.05692138384697,0.2));
#4086=CARTESIAN_POINT('Ctrl Pts',(-0.357741768879529,1.17571212434449,-4.36345880336398));
#4087=CARTESIAN_POINT('Ctrl Pts',(-0.357741768879529,1.17571212434449,4.76345880336398));
#4088=CARTESIAN_POINT('Ctrl Pts',(-0.357741768879529,1.13992036783214,-4.36345880336398));
#4089=CARTESIAN_POINT('Ctrl Pts',(-0.357741768879529,1.13992036783214,4.76345880336398));
#4090=CARTESIAN_POINT('Ctrl Pts',(-0.339032441611708,1.10168826428485,-4.36345880336398));
#4091=CARTESIAN_POINT('Ctrl Pts',(-0.339032441611708,1.10168826428485,4.76345880336398));
#4092=CARTESIAN_POINT('Ctrl Pts',(-0.317882767308954,1.09843446823828,-4.36345880336398));
#4093=CARTESIAN_POINT('Ctrl Pts',(-0.317882767308954,1.09843446823828,4.76345880336398));
#4094=CARTESIAN_POINT('',(-0.357741768879529,1.17571212434449,0.2));
#4095=CARTESIAN_POINT('',(-0.357741768879529,1.17571212434449,-4.36345880336398));
#4096=CARTESIAN_POINT('Ctrl Pts',(-0.317882767308954,1.09843446823828,0.2));
#4097=CARTESIAN_POINT('Ctrl Pts',(-0.339032441611708,1.10168826428485,0.2));
#4098=CARTESIAN_POINT('Ctrl Pts',(-0.357741768879529,1.13992036783214,0.2));
#4099=CARTESIAN_POINT('Ctrl Pts',(-0.357741768879529,1.17571212434449,0.2));
#4100=CARTESIAN_POINT('Ctrl Pts',(-0.317882767308954,1.23102665713631,-4.36345880336398));
#4101=CARTESIAN_POINT('Ctrl Pts',(-0.317882767308954,1.23102665713631,4.76345880336398));
#4102=CARTESIAN_POINT('Ctrl Pts',(-0.339032441611708,1.23428045318289,-4.36345880336398));
#4103=CARTESIAN_POINT('Ctrl Pts',(-0.339032441611708,1.23428045318289,4.76345880336398));
#4104=CARTESIAN_POINT('Ctrl Pts',(-0.357741768879529,1.21150388085685,-4.36345880336398));
#4105=CARTESIAN_POINT('Ctrl Pts',(-0.357741768879529,1.21150388085685,4.76345880336398));
#4106=CARTESIAN_POINT('Ctrl Pts',(-0.357741768879529,1.17571212434449,-4.36345880336398));
#4107=CARTESIAN_POINT('Ctrl Pts',(-0.357741768879529,1.17571212434449,4.76345880336398));
#4108=CARTESIAN_POINT('',(-0.317882767308954,1.23102665713631,0.2));
#4109=CARTESIAN_POINT('',(-0.317882767308954,1.23102665713631,-4.36345880336398));
#4110=CARTESIAN_POINT('Ctrl Pts',(-0.357741768879529,1.17571212434449,0.2));
#4111=CARTESIAN_POINT('Ctrl Pts',(-0.357741768879529,1.21150388085685,0.2));
#4112=CARTESIAN_POINT('Ctrl Pts',(-0.339032441611708,1.23428045318289,0.2));
#4113=CARTESIAN_POINT('Ctrl Pts',(-0.317882767308954,1.23102665713631,0.2));
#4114=CARTESIAN_POINT('Origin',(-0.317882767308954,1.23102665713631,-4.36345880336398));
#4115=CARTESIAN_POINT('',(0.0497961859543117,1.1667641852164,0.2));
#4116=CARTESIAN_POINT('',(0.0497961859543117,1.1667641852164,-4.36345880336398));
#4117=CARTESIAN_POINT('',(-0.104748471160112,1.19377530891561,0.2));
#4118=CARTESIAN_POINT('Ctrl Pts',(0.103483820722842,1.19848869667054,-4.36345880336398));
#4119=CARTESIAN_POINT('Ctrl Pts',(0.103483820722842,1.19848869667054,4.76345880336398));
#4120=CARTESIAN_POINT('Ctrl Pts',(0.103483820722842,1.17815247137943,-4.36345880336398));
#4121=CARTESIAN_POINT('Ctrl Pts',(0.103483820722842,1.17815247137943,4.76345880336398));
#4122=CARTESIAN_POINT('Ctrl Pts',(0.075013105315288,1.16107004213489,-4.36345880336398));
#4123=CARTESIAN_POINT('Ctrl Pts',(0.075013105315288,1.16107004213489,4.76345880336398));
#4124=CARTESIAN_POINT('Ctrl Pts',(0.0497961859543117,1.1667641852164,-4.36345880336398));
#4125=CARTESIAN_POINT('Ctrl Pts',(0.0497961859543117,1.1667641852164,4.76345880336398));
#4126=CARTESIAN_POINT('Ctrl Pts',(0.0497961859543117,1.1667641852164,0.2));
#4127=CARTESIAN_POINT('Ctrl Pts',(0.075013105315288,1.16107004213489,0.2));
#4128=CARTESIAN_POINT('Ctrl Pts',(0.103483820722842,1.17815247137943,0.2));
#4129=CARTESIAN_POINT('Ctrl Pts',(0.103483820722842,1.19848869667054,0.2));
#4130=CARTESIAN_POINT('Ctrl Pts',(0.232822213574299,0.266276129326061,-4.36345880336398));
#4131=CARTESIAN_POINT('Ctrl Pts',(0.232822213574299,0.266276129326061,4.76345880336398));
#4132=CARTESIAN_POINT('Ctrl Pts',(0.232822213574299,0.276850966477439,-4.36345880336398));
#4133=CARTESIAN_POINT('Ctrl Pts',(0.232822213574299,0.276850966477439,4.76345880336398));
#4134=CARTESIAN_POINT('Ctrl Pts',(0.227941519504433,0.292306497698682,-4.36345880336398));
#4135=CARTESIAN_POINT('Ctrl Pts',(0.227941519504433,0.292306497698682,4.76345880336398));
#4136=CARTESIAN_POINT('Ctrl Pts',(0.214112886306478,0.304508232873348,-4.36345880336398));
#4137=CARTESIAN_POINT('Ctrl Pts',(0.214112886306478,0.304508232873348,4.76345880336398));
#4138=CARTESIAN_POINT('Ctrl Pts',(0.188895966945502,0.312642722989792,-4.36345880336398));
#4139=CARTESIAN_POINT('Ctrl Pts',(0.188895966945502,0.312642722989792,4.76345880336398));
#4140=CARTESIAN_POINT('Ctrl Pts',(0.168559741654392,0.316709968048014,-4.36345880336398));
#4141=CARTESIAN_POINT('Ctrl Pts',(0.168559741654392,0.316709968048014,4.76345880336398));
#4142=CARTESIAN_POINT('',(0.232822213574299,0.266276129326061,0.239370078740158));
#4143=CARTESIAN_POINT('',(0.168559741654392,0.316709968048014,0.239370078740158));
#4144=CARTESIAN_POINT('Ctrl Pts',(0.232822213574299,0.266276129326061,0.239370078740158));
#4145=CARTESIAN_POINT('Ctrl Pts',(0.232822213574299,0.273326020760313,0.239370078740158));
#4146=CARTESIAN_POINT('Ctrl Pts',(0.232008764562655,0.279426888347646,0.239370078740159));
#4147=CARTESIAN_POINT('Ctrl Pts',(0.230381866539366,0.28457873208806,0.239370078740159));
#4148=CARTESIAN_POINT('Ctrl Pts',(0.228754968516077,0.289730575828475,0.239370078740159));
#4149=CARTESIAN_POINT('Ctrl Pts',(0.225636747304774,0.294340120227793,0.239370078740158));
#4150=CARTESIAN_POINT('Ctrl Pts',(0.221027202905455,0.298407365286015,0.239370078740158));
#4151=CARTESIAN_POINT('Ctrl Pts',(0.216417658506137,0.302474610344237,0.239370078740158));
#4152=CARTESIAN_POINT('Ctrl Pts',(0.209910066412982,0.305863981226088,0.239370078740158));
#4153=CARTESIAN_POINT('Ctrl Pts',(0.20150442662599,0.30857547793157,0.239370078740158));
#4154=CARTESIAN_POINT('Ctrl Pts',(0.193098786838998,0.311286974637051,0.239370078740158));
#4155=CARTESIAN_POINT('Ctrl Pts',(0.182117225181799,0.313998471342532,0.239370078740158));
#4156=CARTESIAN_POINT('Ctrl Pts',(0.168559741654392,0.316709968048014,0.239370078740158));
#4157=CARTESIAN_POINT('',(0.232822213574299,0.266276129326061,0.2));
#4158=CARTESIAN_POINT('',(0.232822213574299,0.266276129326061,-4.36345880336398));
#4159=CARTESIAN_POINT('',(0.168559741654392,0.316709968048014,0.2));
#4160=CARTESIAN_POINT('Ctrl Pts',(0.168559741654392,0.316709968048014,0.2));
#4161=CARTESIAN_POINT('Ctrl Pts',(0.188895966945502,0.312642722989792,0.2));
#4162=CARTESIAN_POINT('Ctrl Pts',(0.214112886306478,0.304508232873348,0.2));
#4163=CARTESIAN_POINT('Ctrl Pts',(0.227941519504433,0.292306497698682,0.2));
#4164=CARTESIAN_POINT('Ctrl Pts',(0.232822213574299,0.276850966477439,0.2));
#4165=CARTESIAN_POINT('Ctrl Pts',(0.232822213574299,0.266276129326061,0.2));
#4166=CARTESIAN_POINT('',(0.168559741654392,0.316709968048014,-4.36345880336398));
#4167=CARTESIAN_POINT('Ctrl Pts',(0.168559741654392,0.316709968048014,-4.36345880336398));
#4168=CARTESIAN_POINT('Ctrl Pts',(0.168559741654392,0.316709968048014,4.76345880336398));
#4169=CARTESIAN_POINT('Ctrl Pts',(0.148223516363282,0.319963764094591,-4.36345880336398));
#4170=CARTESIAN_POINT('Ctrl Pts',(0.148223516363282,0.319963764094591,4.76345880336398));
#4171=CARTESIAN_POINT('Ctrl Pts',(0.123006597002306,0.319963764094591,-4.36345880336398));
#4172=CARTESIAN_POINT('Ctrl Pts',(0.123006597002306,0.319963764094591,4.76345880336398));
#4173=CARTESIAN_POINT('Ctrl Pts',(0.108364514792707,0.313456172001436,-4.36345880336398));
#4174=CARTESIAN_POINT('Ctrl Pts',(0.108364514792707,0.313456172001436,4.76345880336398));
#4175=CARTESIAN_POINT('Ctrl Pts',(0.103483820722841,0.299627538803481,-4.36345880336398));
#4176=CARTESIAN_POINT('Ctrl Pts',(0.103483820722841,0.299627538803481,4.76345880336398));
#4177=CARTESIAN_POINT('Ctrl Pts',(0.103483820722841,0.289052701652104,-4.36345880336398));
#4178=CARTESIAN_POINT('Ctrl Pts',(0.103483820722841,0.289052701652104,4.76345880336398));
#4179=CARTESIAN_POINT('',(0.103483820722841,0.289052701652104,0.239370078740158));
#4180=CARTESIAN_POINT('Ctrl Pts',(0.168559741654392,0.316709968048014,0.239370078740158));
#4181=CARTESIAN_POINT('Ctrl Pts',(0.155002258126985,0.318879165412399,0.239370078740158));
#4182=CARTESIAN_POINT('Ctrl Pts',(0.144020696469786,0.319963764094591,0.239370078740159));
#4183=CARTESIAN_POINT('Ctrl Pts',(0.135615056682794,0.319963764094591,0.239370078740159));
#4184=CARTESIAN_POINT('Ctrl Pts',(0.127209416895802,0.319963764094591,0.239370078740159));
#4185=CARTESIAN_POINT('Ctrl Pts',(0.120566249967373,0.318879165412399,0.239370078740158));
#4186=CARTESIAN_POINT('Ctrl Pts',(0.115685555897507,0.316709968048014,0.239370078740158));
#4187=CARTESIAN_POINT('Ctrl Pts',(0.11080486182764,0.314540770683629,0.239370078740158));
#4188=CARTESIAN_POINT('Ctrl Pts',(0.107551065781063,0.311151399801777,0.239370078740158));
#4189=CARTESIAN_POINT('Ctrl Pts',(0.105924167757774,0.306541855402459,0.239370078740158));
#4190=CARTESIAN_POINT('Ctrl Pts',(0.104297269734485,0.301932311003141,0.239370078740158));
#4191=CARTESIAN_POINT('Ctrl Pts',(0.103483820722841,0.296102593086356,0.239370078740158));
#4192=CARTESIAN_POINT('Ctrl Pts',(0.103483820722841,0.289052701652104,0.239370078740158));
#4193=CARTESIAN_POINT('',(0.103483820722841,0.289052701652104,0.2));
#4194=CARTESIAN_POINT('Ctrl Pts',(0.103483820722841,0.289052701652104,0.2));
#4195=CARTESIAN_POINT('Ctrl Pts',(0.103483820722841,0.299627538803481,0.2));
#4196=CARTESIAN_POINT('Ctrl Pts',(0.108364514792707,0.313456172001436,0.2));
#4197=CARTESIAN_POINT('Ctrl Pts',(0.123006597002306,0.319963764094591,0.2));
#4198=CARTESIAN_POINT('Ctrl Pts',(0.148223516363282,0.319963764094591,0.2));
#4199=CARTESIAN_POINT('Ctrl Pts',(0.168559741654392,0.316709968048014,0.2));
#4200=CARTESIAN_POINT('',(0.103483820722841,0.289052701652104,-4.36345880336398));
#4201=CARTESIAN_POINT('Origin',(0.10348382072284,0.107653572055405,-4.36345880336398));
#4202=CARTESIAN_POINT('',(0.10348382072284,0.107653572055405,0.239370078740158));
#4203=CARTESIAN_POINT('',(0.10348382072284,0.0538267860277237,0.239370078740158));
#4204=CARTESIAN_POINT('',(0.10348382072284,0.107653572055405,0.2));
#4205=CARTESIAN_POINT('',(0.10348382072284,0.0538267860277237,0.2));
#4206=CARTESIAN_POINT('',(0.10348382072284,0.107653572055405,-4.36345880336398));
#4207=CARTESIAN_POINT('Origin',(0.0497961859543103,0.115788062171849,-4.36345880336398));
#4208=CARTESIAN_POINT('',(0.0497961859543103,0.115788062171849,0.239370078740158));
#4209=CARTESIAN_POINT('',(-0.0117912315707661,0.125119489069588,0.239370078740158));
#4210=CARTESIAN_POINT('',(0.0497961859543103,0.115788062171849,0.2));
#4211=CARTESIAN_POINT('',(-0.0117912315707661,0.125119489069588,0.2));
#4212=CARTESIAN_POINT('',(0.0497961859543103,0.115788062171849,-4.36345880336398));
#4213=CARTESIAN_POINT('Ctrl Pts',(0.0497961859543103,0.115788062171849,
-4.36345880336398));
#4214=CARTESIAN_POINT('Ctrl Pts',(0.0497961859543103,0.115788062171849,
4.76345880336398));
#4215=CARTESIAN_POINT('Ctrl Pts',(-0.00226455079093083,0.124736001299937,
-4.36345880336398));
#4216=CARTESIAN_POINT('Ctrl Pts',(-0.00226455079093083,0.124736001299937,
4.76345880336398));
#4217=CARTESIAN_POINT('Ctrl Pts',(-0.091743942071814,0.172729492986957,
-4.36345880336398));
#4218=CARTESIAN_POINT('Ctrl Pts',(-0.091743942071814,0.172729492986957,
4.76345880336398));
#4219=CARTESIAN_POINT('Ctrl Pts',(-0.156819863003365,0.237805413918508,
-4.36345880336398));
#4220=CARTESIAN_POINT('Ctrl Pts',(-0.156819863003365,0.237805413918508,
4.76345880336398));
#4221=CARTESIAN_POINT('Ctrl Pts',(-0.193425068527363,0.313456172001437,
-4.36345880336398));
#4222=CARTESIAN_POINT('Ctrl Pts',(-0.193425068527363,0.313456172001437,
4.76345880336398));
#4223=CARTESIAN_POINT('Ctrl Pts',(-0.193425068527363,0.350874826537078,
-4.36345880336398));
#4224=CARTESIAN_POINT('Ctrl Pts',(-0.193425068527363,0.350874826537078,
4.76345880336398));
#4225=CARTESIAN_POINT('',(-0.193425068527363,0.350874826537078,0.239370078740158));
#4226=CARTESIAN_POINT('Ctrl Pts',(0.0497961859543103,0.115788062171849,
0.239370078740158));
#4227=CARTESIAN_POINT('Ctrl Pts',(0.0150890281241496,0.121753354923908,
0.239370078740158));
#4228=CARTESIAN_POINT('Ctrl Pts',(-0.017177782671078,0.132734916581107,
0.239370078740159));
#4229=CARTESIAN_POINT('Ctrl Pts',(-0.0470042464313724,0.148732747143447,
0.239370078740159));
#4230=CARTESIAN_POINT('Ctrl Pts',(-0.0768307101916668,0.164730577705787,
0.239370078740159));
#4231=CARTESIAN_POINT('Ctrl Pts',(-0.102589928893739,0.183575479808882,
0.239370078740158));
#4232=CARTESIAN_POINT('Ctrl Pts',(-0.12428190253759,0.205267453452732,0.239370078740158));
#4233=CARTESIAN_POINT('Ctrl Pts',(-0.14597387618144,0.226959427096583,0.239370078740158));
#4234=CARTESIAN_POINT('Ctrl Pts',(-0.162920730590698,0.250413873598996,
0.239370078740158));
#4235=CARTESIAN_POINT('Ctrl Pts',(-0.175122465765364,0.275630792959972,
0.239370078740158));
#4236=CARTESIAN_POINT('Ctrl Pts',(-0.18732420094003,0.300847712320948,0.239370078740158));
#4237=CARTESIAN_POINT('Ctrl Pts',(-0.193425068527363,0.325929056846651,
0.239370078740158));
#4238=CARTESIAN_POINT('Ctrl Pts',(-0.193425068527363,0.350874826537078,
0.239370078740158));
#4239=CARTESIAN_POINT('',(-0.193425068527363,0.350874826537078,0.2));
#4240=CARTESIAN_POINT('Ctrl Pts',(-0.193425068527363,0.350874826537078,
0.2));
#4241=CARTESIAN_POINT('Ctrl Pts',(-0.193425068527363,0.313456172001437,
0.2));
#4242=CARTESIAN_POINT('Ctrl Pts',(-0.156819863003365,0.237805413918508,
0.2));
#4243=CARTESIAN_POINT('Ctrl Pts',(-0.091743942071814,0.172729492986957,
0.2));
#4244=CARTESIAN_POINT('Ctrl Pts',(-0.00226455079093083,0.124736001299937,
0.2));
#4245=CARTESIAN_POINT('Ctrl Pts',(0.0497961859543103,0.115788062171849,
0.2));
#4246=CARTESIAN_POINT('',(-0.193425068527363,0.350874826537078,-4.36345880336398));
#4247=CARTESIAN_POINT('Ctrl Pts',(-0.193425068527363,0.350874826537078,
-4.36345880336398));
#4248=CARTESIAN_POINT('Ctrl Pts',(-0.193425068527363,0.350874826537078,
4.76345880336398));
#4249=CARTESIAN_POINT('Ctrl Pts',(-0.193425068527363,0.387480032061076,
-4.36345880336398));
#4250=CARTESIAN_POINT('Ctrl Pts',(-0.193425068527363,0.387480032061076,
4.76345880336398));
#4251=CARTESIAN_POINT('Ctrl Pts',(-0.175529190271186,0.418391094503563,
-4.36345880336398));
#4252=CARTESIAN_POINT('Ctrl Pts',(-0.175529190271186,0.418391094503563,
4.76345880336398));
#4253=CARTESIAN_POINT('',(-0.175529190271186,0.418391094503563,0.239370078740158));
#4254=CARTESIAN_POINT('Ctrl Pts',(-0.193425068527363,0.350874826537078,
0.239370078740158));
#4255=CARTESIAN_POINT('Ctrl Pts',(-0.193425068527363,0.37527829688641,0.239370078740158));
#4256=CARTESIAN_POINT('Ctrl Pts',(-0.187459775775304,0.397783719541905,
0.239370078740158));
#4257=CARTESIAN_POINT('Ctrl Pts',(-0.175529190271186,0.418391094503563,
0.239370078740158));
#4258=CARTESIAN_POINT('',(-0.175529190271186,0.418391094503563,0.2));
#4259=CARTESIAN_POINT('Ctrl Pts',(-0.175529190271186,0.418391094503563,
0.2));
#4260=CARTESIAN_POINT('Ctrl Pts',(-0.193425068527363,0.387480032061076,
0.2));
#4261=CARTESIAN_POINT('Ctrl Pts',(-0.193425068527363,0.350874826537078,
0.2));
#4262=CARTESIAN_POINT('',(-0.175529190271186,0.418391094503563,-4.36345880336398));
#4263=CARTESIAN_POINT('Ctrl Pts',(-0.175529190271186,0.418391094503563,
-4.36345880336398));
#4264=CARTESIAN_POINT('Ctrl Pts',(-0.175529190271186,0.418391094503563,
4.76345880336398));
#4265=CARTESIAN_POINT('Ctrl Pts',(-0.164954353119809,0.43628697275974,-4.36345880336398));
#4266=CARTESIAN_POINT('Ctrl Pts',(-0.164954353119809,0.43628697275974,4.76345880336398));
#4267=CARTESIAN_POINT('Ctrl Pts',(-0.189357823469141,0.47695942334196,-4.36345880336398));
#4268=CARTESIAN_POINT('Ctrl Pts',(-0.189357823469141,0.47695942334196,4.76345880336398));
#4269=CARTESIAN_POINT('Ctrl Pts',(-0.227589927016427,0.498109097644714,
-4.36345880336398));
#4270=CARTESIAN_POINT('Ctrl Pts',(-0.227589927016427,0.498109097644714,
4.76345880336398));
#4271=CARTESIAN_POINT('',(-0.227589927016427,0.498109097644714,0.239370078740158));
#4272=CARTESIAN_POINT('Ctrl Pts',(-0.175529190271186,0.418391094503563,
0.239370078740158));
#4273=CARTESIAN_POINT('Ctrl Pts',(-0.168479298836935,0.430321680007681,
0.239370078740158));
#4274=CARTESIAN_POINT('Ctrl Pts',(-0.169021598178031,0.443065714523443,
0.239370078740158));
#4275=CARTESIAN_POINT('Ctrl Pts',(-0.177156088294475,0.45662319805085,0.239370078740158));
#4276=CARTESIAN_POINT('Ctrl Pts',(-0.185290578410919,0.470180681578256,
0.239370078740158));
#4277=CARTESIAN_POINT('Ctrl Pts',(-0.202101857984903,0.484009314776211,
0.239370078740158));
#4278=CARTESIAN_POINT('Ctrl Pts',(-0.227589927016427,0.498109097644714,
0.239370078740158));
#4279=CARTESIAN_POINT('',(-0.227589927016427,0.498109097644714,0.2));
#4280=CARTESIAN_POINT('Ctrl Pts',(-0.227589927016427,0.498109097644714,
0.2));
#4281=CARTESIAN_POINT('Ctrl Pts',(-0.189357823469141,0.47695942334196,0.2));
#4282=CARTESIAN_POINT('Ctrl Pts',(-0.164954353119809,0.43628697275974,0.2));
#4283=CARTESIAN_POINT('Ctrl Pts',(-0.175529190271186,0.418391094503563,
0.2));
#4284=CARTESIAN_POINT('',(-0.227589927016427,0.498109097644714,-4.36345880336398));
#4285=CARTESIAN_POINT('Ctrl Pts',(-0.227589927016427,0.498109097644714,
-4.36345880336398));
#4286=CARTESIAN_POINT('Ctrl Pts',(-0.227589927016427,0.498109097644714,
4.76345880336398));
#4287=CARTESIAN_POINT('Ctrl Pts',(-0.26338168352878,0.518445322935824,-4.36345880336398));
#4288=CARTESIAN_POINT('Ctrl Pts',(-0.26338168352878,0.518445322935824,4.76345880336398));
#4289=CARTESIAN_POINT('Ctrl Pts',(-0.312188624227444,0.515191526889246,
-4.36345880336398));
#4290=CARTESIAN_POINT('Ctrl Pts',(-0.312188624227444,0.515191526889246,
4.76345880336398));
#4291=CARTESIAN_POINT('Ctrl Pts',(-0.329271053471976,0.492414954563203,
-4.36345880336398));
#4292=CARTESIAN_POINT('Ctrl Pts',(-0.329271053471976,0.492414954563203,
4.76345880336398));
#4293=CARTESIAN_POINT('',(-0.329271053471976,0.492414954563203,0.239370078740158));
#4294=CARTESIAN_POINT('Ctrl Pts',(-0.227589927016427,0.498109097644714,
0.239370078740158));
#4295=CARTESIAN_POINT('Ctrl Pts',(-0.251451098024663,0.51166658117212,0.239370078740158));
#4296=CARTESIAN_POINT('Ctrl Pts',(-0.271516173645224,0.517903023594728,
0.239370078740158));
#4297=CARTESIAN_POINT('Ctrl Pts',(-0.287785153878112,0.516818424912535,
0.239370078740158));
#4298=CARTESIAN_POINT('Ctrl Pts',(-0.304054134111,0.515733826230343,0.239370078740158));
#4299=CARTESIAN_POINT('Ctrl Pts',(-0.317882767308955,0.507599336113899,
0.239370078740158));
#4300=CARTESIAN_POINT('Ctrl Pts',(-0.329271053471976,0.492414954563203,
0.239370078740158));
#4301=CARTESIAN_POINT('',(-0.329271053471976,0.492414954563203,0.2));
#4302=CARTESIAN_POINT('Ctrl Pts',(-0.329271053471976,0.492414954563203,
0.2));
#4303=CARTESIAN_POINT('Ctrl Pts',(-0.312188624227444,0.515191526889246,
0.2));
#4304=CARTESIAN_POINT('Ctrl Pts',(-0.26338168352878,0.518445322935824,0.2));
#4305=CARTESIAN_POINT('Ctrl Pts',(-0.227589927016427,0.498109097644714,
0.2));
#4306=CARTESIAN_POINT('',(-0.329271053471976,0.492414954563203,-4.36345880336398));
#4307=CARTESIAN_POINT('Ctrl Pts',(-0.329271053471976,0.492414954563203,
-4.36345880336398));
#4308=CARTESIAN_POINT('Ctrl Pts',(-0.329271053471976,0.492414954563203,
4.76345880336398));
#4309=CARTESIAN_POINT('Ctrl Pts',(-0.36506280998433,0.448488707934406,-4.36345880336398));
#4310=CARTESIAN_POINT('Ctrl Pts',(-0.36506280998433,0.448488707934406,4.76345880336398));
#4311=CARTESIAN_POINT('Ctrl Pts',(-0.36506280998433,0.396427971189165,-4.36345880336398));
#4312=CARTESIAN_POINT('Ctrl Pts',(-0.36506280998433,0.396427971189165,4.76345880336398));
#4313=CARTESIAN_POINT('',(-0.36506280998433,0.396427971189165,0.239370078740158));
#4314=CARTESIAN_POINT('Ctrl Pts',(-0.329271053471976,0.492414954563203,
0.239370078740158));
#4315=CARTESIAN_POINT('Ctrl Pts',(-0.353132224480212,0.463130790144005,
0.239370078740158));
#4316=CARTESIAN_POINT('Ctrl Pts',(-0.36506280998433,0.431135129019326,0.239370078740158));
#4317=CARTESIAN_POINT('Ctrl Pts',(-0.36506280998433,0.396427971189165,0.239370078740158));
#4318=CARTESIAN_POINT('',(-0.36506280998433,0.396427971189165,0.2));
#4319=CARTESIAN_POINT('Ctrl Pts',(-0.36506280998433,0.396427971189165,0.2));
#4320=CARTESIAN_POINT('Ctrl Pts',(-0.36506280998433,0.448488707934406,0.2));
#4321=CARTESIAN_POINT('Ctrl Pts',(-0.329271053471976,0.492414954563203,
0.2));
#4322=CARTESIAN_POINT('',(-0.36506280998433,0.396427971189165,-4.36345880336398));
#4323=CARTESIAN_POINT('Ctrl Pts',(-0.36506280998433,0.396427971189165,-4.36345880336398));
#4324=CARTESIAN_POINT('Ctrl Pts',(-0.36506280998433,0.396427971189165,4.76345880336398));
#4325=CARTESIAN_POINT('Ctrl Pts',(-0.36506280998433,0.334605846304191,-4.36345880336398));
#4326=CARTESIAN_POINT('Ctrl Pts',(-0.36506280998433,0.334605846304191,4.76345880336398));
#4327=CARTESIAN_POINT('Ctrl Pts',(-0.272329622656869,0.201200208394511,
-4.36345880336398));
#4328=CARTESIAN_POINT('Ctrl Pts',(-0.272329622656869,0.201200208394511,
4.76345880336398));
#4329=CARTESIAN_POINT('Ctrl Pts',(-0.180409884341053,0.138564634497892,
-4.36345880336398));
#4330=CARTESIAN_POINT('Ctrl Pts',(-0.180409884341053,0.138564634497892,
4.76345880336398));
#4331=CARTESIAN_POINT('',(-0.180409884341053,0.138564634497892,0.239370078740158));
#4332=CARTESIAN_POINT('Ctrl Pts',(-0.36506280998433,0.396427971189165,0.239370078740158));
#4333=CARTESIAN_POINT('Ctrl Pts',(-0.36506280998433,0.355213221265849,0.239370078740158));
#4334=CARTESIAN_POINT('Ctrl Pts',(-0.349607278763086,0.312371573319244,
0.239370078740158));
#4335=CARTESIAN_POINT('Ctrl Pts',(-0.318696216320599,0.267903027349351,
0.239370078740158));
#4336=CARTESIAN_POINT('Ctrl Pts',(-0.287785153878113,0.223434481379457,
0.239370078740158));
#4337=CARTESIAN_POINT('Ctrl Pts',(-0.24168970988493,0.180321683762304,0.239370078740158));
#4338=CARTESIAN_POINT('Ctrl Pts',(-0.180409884341053,0.138564634497892,
0.239370078740158));
#4339=CARTESIAN_POINT('',(-0.180409884341053,0.138564634497892,0.2));
#4340=CARTESIAN_POINT('Ctrl Pts',(-0.180409884341053,0.138564634497892,
0.2));
#4341=CARTESIAN_POINT('Ctrl Pts',(-0.272329622656869,0.201200208394511,
0.2));
#4342=CARTESIAN_POINT('Ctrl Pts',(-0.36506280998433,0.334605846304191,0.2));
#4343=CARTESIAN_POINT('Ctrl Pts',(-0.36506280998433,0.396427971189165,0.2));
#4344=CARTESIAN_POINT('',(-0.180409884341053,0.138564634497892,-4.36345880336398));
#4345=CARTESIAN_POINT('Origin',(-0.3113751752158,0.161341206823936,-4.36345880336398));
#4346=CARTESIAN_POINT('',(-0.3113751752158,0.161341206823936,0.239370078740158));
#4347=CARTESIAN_POINT('',(-0.192139295658948,0.140604532118396,0.239370078740158));
#4348=CARTESIAN_POINT('',(-0.3113751752158,0.161341206823936,0.2));
#4349=CARTESIAN_POINT('',(-0.192139295658948,0.140604532118396,0.2));
#4350=CARTESIAN_POINT('',(-0.3113751752158,0.161341206823936,-4.36345880336398));
#4351=CARTESIAN_POINT('Ctrl Pts',(-0.3113751752158,0.161341206823936,-4.36345880336398));
#4352=CARTESIAN_POINT('Ctrl Pts',(-0.3113751752158,0.161341206823936,4.76345880336398));
#4353=CARTESIAN_POINT('Ctrl Pts',(-0.332524849518554,0.164595002870513,
-4.36345880336398));
#4354=CARTESIAN_POINT('Ctrl Pts',(-0.332524849518554,0.164595002870513,
4.76345880336398));
#4355=CARTESIAN_POINT('Ctrl Pts',(-0.351234176786375,0.149952920660914,
-4.36345880336398));
#4356=CARTESIAN_POINT('Ctrl Pts',(-0.351234176786375,0.149952920660914,
4.76345880336398));
#4357=CARTESIAN_POINT('Ctrl Pts',(-0.351234176786375,0.127989797346515,
-4.36345880336398));
#4358=CARTESIAN_POINT('Ctrl Pts',(-0.351234176786375,0.127989797346515,
4.76345880336398));
#4359=CARTESIAN_POINT('',(-0.351234176786375,0.127989797346515,0.239370078740158));
#4360=CARTESIAN_POINT('Ctrl Pts',(-0.3113751752158,0.161341206823936,0.239370078740158));
#4361=CARTESIAN_POINT('Ctrl Pts',(-0.325474958084303,0.163510404188321,
0.239370078740158));
#4362=CARTESIAN_POINT('Ctrl Pts',(-0.335643070729858,0.16215465583558,0.239370078740158));
#4363=CARTESIAN_POINT('Ctrl Pts',(-0.341879513152465,0.157273961765713,
0.239370078740158));
#4364=CARTESIAN_POINT('Ctrl Pts',(-0.348115955575072,0.152393267695847,
0.239370078740158));
#4365=CARTESIAN_POINT('Ctrl Pts',(-0.351234176786375,0.142631879556114,
0.239370078740158));
#4366=CARTESIAN_POINT('Ctrl Pts',(-0.351234176786375,0.127989797346515,
0.239370078740158));
#4367=CARTESIAN_POINT('',(-0.351234176786375,0.127989797346515,0.2));
#4368=CARTESIAN_POINT('Ctrl Pts',(-0.351234176786375,0.127989797346515,
0.2));
#4369=CARTESIAN_POINT('Ctrl Pts',(-0.351234176786375,0.149952920660914,
0.2));
#4370=CARTESIAN_POINT('Ctrl Pts',(-0.332524849518554,0.164595002870513,
0.2));
#4371=CARTESIAN_POINT('Ctrl Pts',(-0.3113751752158,0.161341206823936,0.2));
#4372=CARTESIAN_POINT('',(-0.351234176786375,0.127989797346515,-4.36345880336398));
#4373=CARTESIAN_POINT('Origin',(-0.351234176786376,-0.0452748421337405,
-4.36345880336398));
#4374=CARTESIAN_POINT('',(-0.351234176786376,-0.0452748421337405,0.239370078740158));
#4375=CARTESIAN_POINT('',(-0.351234176786375,-0.0226374210668485,0.239370078740158));
#4376=CARTESIAN_POINT('',(-0.351234176786376,-0.0452748421337405,0.2));
#4377=CARTESIAN_POINT('',(-0.351234176786375,-0.0226374210668485,0.2));
#4378=CARTESIAN_POINT('',(-0.351234176786376,-0.0452748421337405,-4.36345880336398));
#4379=CARTESIAN_POINT('Ctrl Pts',(-0.351234176786376,-0.0452748421337405,
-4.36345880336398));
#4380=CARTESIAN_POINT('Ctrl Pts',(-0.351234176786376,-0.0452748421337405,
4.76345880336398));
#4381=CARTESIAN_POINT('Ctrl Pts',(-0.351234176786376,-0.0558496792851176,
-4.36345880336398));
#4382=CARTESIAN_POINT('Ctrl Pts',(-0.351234176786376,-0.0558496792851176,
4.76345880336398));
#4383=CARTESIAN_POINT('Ctrl Pts',(-0.346353482716509,-0.071305210506361,
-4.36345880336398));
#4384=CARTESIAN_POINT('Ctrl Pts',(-0.346353482716509,-0.071305210506361,
4.76345880336398));
#4385=CARTESIAN_POINT('Ctrl Pts',(-0.33171140050691,-0.083506945681027,
-4.36345880336398));
#4386=CARTESIAN_POINT('Ctrl Pts',(-0.33171140050691,-0.083506945681027,
4.76345880336398));
#4387=CARTESIAN_POINT('Ctrl Pts',(-0.306494481145934,-0.0924548848091152,
-4.36345880336398));
#4388=CARTESIAN_POINT('Ctrl Pts',(-0.306494481145934,-0.0924548848091152,
4.76345880336398));
#4389=CARTESIAN_POINT('Ctrl Pts',(-0.286158255854824,-0.0965221298673372,
-4.36345880336398));
#4390=CARTESIAN_POINT('Ctrl Pts',(-0.286158255854824,-0.0965221298673372,
4.76345880336398));
#4391=CARTESIAN_POINT('',(-0.286158255854824,-0.0965221298673372,0.239370078740158));
#4392=CARTESIAN_POINT('Ctrl Pts',(-0.351234176786376,-0.0452748421337405,
0.239370078740158));
#4393=CARTESIAN_POINT('Ctrl Pts',(-0.351234176786376,-0.050971146106129,
0.239370078740158));
#4394=CARTESIAN_POINT('Ctrl Pts',(-0.350703106759677,-0.0569333649087916,
0.239370078740158));
#4395=CARTESIAN_POINT('Ctrl Pts',(-0.348456295337139,-0.0648254632170767,
0.239370078740158));
#4396=CARTESIAN_POINT('Ctrl Pts',(-0.347220246140639,-0.0683893198728753,
0.239370078740158));
#4397=CARTESIAN_POINT('Ctrl Pts',(-0.340332106118056,-0.0769694792628818,
0.239370078740158));
#4398=CARTESIAN_POINT('Ctrl Pts',(-0.335644550348593,-0.0801244175770435,
0.239370078740158));
#4399=CARTESIAN_POINT('Ctrl Pts',(-0.32507529649949,-0.0861897238529381,
0.239370078740158));
#4400=CARTESIAN_POINT('Ctrl Pts',(-0.312990479257999,-0.0911556851867022,
0.239370078740158));
#4401=CARTESIAN_POINT('Ctrl Pts',(-0.286158255854824,-0.0965221298673372,
0.239370078740158));
#4402=CARTESIAN_POINT('',(-0.286158255854824,-0.0965221298673372,0.2));
#4403=CARTESIAN_POINT('Ctrl Pts',(-0.286158255854824,-0.0965221298673372,
0.2));
#4404=CARTESIAN_POINT('Ctrl Pts',(-0.306494481145934,-0.0924548848091152,
0.2));
#4405=CARTESIAN_POINT('Ctrl Pts',(-0.33171140050691,-0.083506945681027,
0.2));
#4406=CARTESIAN_POINT('Ctrl Pts',(-0.346353482716509,-0.071305210506361,
0.2));
#4407=CARTESIAN_POINT('Ctrl Pts',(-0.351234176786376,-0.0558496792851176,
0.2));
#4408=CARTESIAN_POINT('Ctrl Pts',(-0.351234176786376,-0.0452748421337405,
0.2));
#4409=CARTESIAN_POINT('',(-0.286158255854824,-0.0965221298673372,-4.36345880336398));
#4410=CARTESIAN_POINT('Ctrl Pts',(-0.286158255854824,-0.0965221298673372,
-4.36345880336398));
#4411=CARTESIAN_POINT('Ctrl Pts',(-0.286158255854824,-0.0965221298673372,
4.76345880336398));
#4412=CARTESIAN_POINT('Ctrl Pts',(-0.265822030563714,-0.0997759259139146,
-4.36345880336398));
#4413=CARTESIAN_POINT('Ctrl Pts',(-0.265822030563714,-0.0997759259139146,
4.76345880336398));
#4414=CARTESIAN_POINT('Ctrl Pts',(-0.240605111202738,-0.0997759259139146,
-4.36345880336398));
#4415=CARTESIAN_POINT('Ctrl Pts',(-0.240605111202738,-0.0997759259139146,
4.76345880336398));
#4416=CARTESIAN_POINT('Ctrl Pts',(-0.226776478004784,-0.0924548848091156,
-4.36345880336398));
#4417=CARTESIAN_POINT('Ctrl Pts',(-0.226776478004784,-0.0924548848091156,
4.76345880336398));
#4418=CARTESIAN_POINT('Ctrl Pts',(-0.221895783934917,-0.0786262516111607,
-4.36345880336398));
#4419=CARTESIAN_POINT('Ctrl Pts',(-0.221895783934917,-0.0786262516111607,
4.76345880336398));
#4420=CARTESIAN_POINT('Ctrl Pts',(-0.221895783934917,-0.0680514144597836,
-4.36345880336398));
#4421=CARTESIAN_POINT('Ctrl Pts',(-0.221895783934917,-0.0680514144597836,
4.76345880336398));
#4422=CARTESIAN_POINT('',(-0.221895783934917,-0.0680514144597836,0.239370078740158));
#4423=CARTESIAN_POINT('Ctrl Pts',(-0.286158255854824,-0.0965221298673372,
0.239370078740158));
#4424=CARTESIAN_POINT('Ctrl Pts',(-0.272600772327418,-0.0986913272317221,
0.239370078740158));
#4425=CARTESIAN_POINT('Ctrl Pts',(-0.261619210670218,-0.0997759259139146,
0.239370078740158));
#4426=CARTESIAN_POINT('Ctrl Pts',(-0.253213570883226,-0.0997759259139146,
0.239370078740158));
#4427=CARTESIAN_POINT('Ctrl Pts',(-0.244807931096234,-0.0997759259139146,
0.239370078740158));
#4428=CARTESIAN_POINT('Ctrl Pts',(-0.238300339003079,-0.0985557523964481,
0.239370078740158));
#4429=CARTESIAN_POINT('Ctrl Pts',(-0.233690794603761,-0.0961154053615151,
0.239370078740158));
#4430=CARTESIAN_POINT('Ctrl Pts',(-0.229081250204443,-0.0936750583265821,
0.239370078740158));
#4431=CARTESIAN_POINT('Ctrl Pts',(-0.225963028993139,-0.0901501126094564,
0.239370078740158));
#4432=CARTESIAN_POINT('Ctrl Pts',(-0.22433613096985,-0.0855405682101381,
0.239370078740158));
#4433=CARTESIAN_POINT('Ctrl Pts',(-0.222709232946562,-0.0809310238108198,
0.239370078740158));
#4434=CARTESIAN_POINT('Ctrl Pts',(-0.221895783934917,-0.075101305894035,
0.239370078740158));
#4435=CARTESIAN_POINT('Ctrl Pts',(-0.221895783934917,-0.0680514144597836,
0.239370078740158));
#4436=CARTESIAN_POINT('',(-0.221895783934917,-0.0680514144597836,0.2));
#4437=CARTESIAN_POINT('Ctrl Pts',(-0.221895783934917,-0.0680514144597836,
0.2));
#4438=CARTESIAN_POINT('Ctrl Pts',(-0.221895783934917,-0.0786262516111607,
0.2));
#4439=CARTESIAN_POINT('Ctrl Pts',(-0.226776478004784,-0.0924548848091156,
0.2));
#4440=CARTESIAN_POINT('Ctrl Pts',(-0.240605111202738,-0.0997759259139146,
0.2));
#4441=CARTESIAN_POINT('Ctrl Pts',(-0.265822030563714,-0.0997759259139146,
0.2));
#4442=CARTESIAN_POINT('Ctrl Pts',(-0.286158255854824,-0.0965221298673372,
0.2));
#4443=CARTESIAN_POINT('',(-0.221895783934917,-0.0680514144597836,-4.36345880336398));
#4444=CARTESIAN_POINT('Origin',(-0.221895783934917,0.0059724455998559,-4.36345880336398));
#4445=CARTESIAN_POINT('',(-0.221895783934917,0.0059724455998559,0.239370078740158));
#4446=CARTESIAN_POINT('',(-0.221895783934917,0.0029862227999496,0.239370078740158));
#4447=CARTESIAN_POINT('',(-0.221895783934917,0.0059724455998559,0.2));
#4448=CARTESIAN_POINT('',(-0.221895783934917,0.0029862227999496,0.2));
#4449=CARTESIAN_POINT('',(-0.221895783934917,0.0059724455998559,-4.36345880336398));
#4450=CARTESIAN_POINT('Origin',(0.10348382072284,-0.0509689852152517,-4.36345880336398));
#4451=CARTESIAN_POINT('',(0.10348382072284,-0.0509689852152517,0.239370078740158));
#4452=CARTESIAN_POINT('',(0.00347004600580263,-0.0334665746397701,0.239370078740158));
#4453=CARTESIAN_POINT('',(0.10348382072284,-0.0509689852152517,0.2));
#4454=CARTESIAN_POINT('',(0.00347004600580263,-0.0334665746397701,0.2));
#4455=CARTESIAN_POINT('',(0.10348382072284,-0.0509689852152517,-4.36345880336398));
#4456=CARTESIAN_POINT('Origin',(0.10348382072284,-0.143702172542713,-4.36345880336398));
#4457=CARTESIAN_POINT('',(0.10348382072284,-0.143702172542713,0.239370078740158));
#4458=CARTESIAN_POINT('',(0.10348382072284,-0.0718510862713348,0.239370078740158));
#4459=CARTESIAN_POINT('',(0.10348382072284,-0.143702172542713,0.2));
#4460=CARTESIAN_POINT('',(0.10348382072284,-0.0718510862713348,0.2));
#4461=CARTESIAN_POINT('',(0.10348382072284,-0.143702172542713,-4.36345880336398));
#4462=CARTESIAN_POINT('Ctrl Pts',(0.10348382072284,-0.143702172542713,-4.36345880336398));
#4463=CARTESIAN_POINT('Ctrl Pts',(0.10348382072284,-0.143702172542713,4.76345880336398));
#4464=CARTESIAN_POINT('Ctrl Pts',(0.10348382072284,-0.15427700969409,-4.36345880336398));
#4465=CARTESIAN_POINT('Ctrl Pts',(0.10348382072284,-0.15427700969409,4.76345880336398));
#4466=CARTESIAN_POINT('Ctrl Pts',(0.108364514792706,-0.170545989926977,
-4.36345880336398));
#4467=CARTESIAN_POINT('Ctrl Pts',(0.108364514792706,-0.170545989926977,
4.76345880336398));
#4468=CARTESIAN_POINT('Ctrl Pts',(0.123006597002305,-0.182747725101643,
-4.36345880336398));
#4469=CARTESIAN_POINT('Ctrl Pts',(0.123006597002305,-0.182747725101643,
4.76345880336398));
#4470=CARTESIAN_POINT('Ctrl Pts',(0.148223516363281,-0.191695664229732,
-4.36345880336398));
#4471=CARTESIAN_POINT('Ctrl Pts',(0.148223516363281,-0.191695664229732,
4.76345880336398));
#4472=CARTESIAN_POINT('Ctrl Pts',(0.168559741654391,-0.195762909287954,
-4.36345880336398));
#4473=CARTESIAN_POINT('Ctrl Pts',(0.168559741654391,-0.195762909287954,
4.76345880336398));
#4474=CARTESIAN_POINT('',(0.168559741654391,-0.195762909287954,0.239370078740158));
#4475=CARTESIAN_POINT('Ctrl Pts',(0.10348382072284,-0.143702172542713,0.239370078740158));
#4476=CARTESIAN_POINT('Ctrl Pts',(0.10348382072284,-0.149777078940959,0.239370078740158));
#4477=CARTESIAN_POINT('Ctrl Pts',(0.104087831460369,-0.156032854317263,
0.239370078740158));
#4478=CARTESIAN_POINT('Ctrl Pts',(0.106342859440986,-0.163880234476312,
0.239370078740158));
#4479=CARTESIAN_POINT('Ctrl Pts',(0.107569478846325,-0.167677469046329,
0.239370078740158));
#4480=CARTESIAN_POINT('Ctrl Pts',(0.113424857536292,-0.17494106951706,0.239370078740158));
#4481=CARTESIAN_POINT('Ctrl Pts',(0.116995358669113,-0.178172658399442,
0.239370078740158));
#4482=CARTESIAN_POINT('Ctrl Pts',(0.129642701009725,-0.185430503273554,
0.239370078740158));
#4483=CARTESIAN_POINT('Ctrl Pts',(0.141727518251216,-0.190396464607319,
0.239370078740158));
#4484=CARTESIAN_POINT('Ctrl Pts',(0.168559741654391,-0.195762909287954,
0.239370078740158));
#4485=CARTESIAN_POINT('',(0.168559741654391,-0.195762909287954,0.2));
#4486=CARTESIAN_POINT('Ctrl Pts',(0.168559741654391,-0.195762909287954,
0.2));
#4487=CARTESIAN_POINT('Ctrl Pts',(0.148223516363281,-0.191695664229732,
0.2));
#4488=CARTESIAN_POINT('Ctrl Pts',(0.123006597002305,-0.182747725101643,
0.2));
#4489=CARTESIAN_POINT('Ctrl Pts',(0.108364514792706,-0.170545989926977,
0.2));
#4490=CARTESIAN_POINT('Ctrl Pts',(0.10348382072284,-0.15427700969409,0.2));
#4491=CARTESIAN_POINT('Ctrl Pts',(0.10348382072284,-0.143702172542713,0.2));
#4492=CARTESIAN_POINT('',(0.168559741654391,-0.195762909287954,-4.36345880336398));
#4493=CARTESIAN_POINT('Ctrl Pts',(0.168559741654391,-0.195762909287954,
-4.36345880336398));
#4494=CARTESIAN_POINT('Ctrl Pts',(0.168559741654391,-0.195762909287954,
4.76345880336398));
#4495=CARTESIAN_POINT('Ctrl Pts',(0.188895966945501,-0.199016705334531,
-4.36345880336398));
#4496=CARTESIAN_POINT('Ctrl Pts',(0.188895966945501,-0.199016705334531,
4.76345880336398));
#4497=CARTESIAN_POINT('Ctrl Pts',(0.214112886306477,-0.198203256322887,
-4.36345880336398));
#4498=CARTESIAN_POINT('Ctrl Pts',(0.214112886306477,-0.198203256322887,
4.76345880336398));
#4499=CARTESIAN_POINT('Ctrl Pts',(0.227941519504432,-0.191695664229732,
-4.36345880336398));
#4500=CARTESIAN_POINT('Ctrl Pts',(0.227941519504432,-0.191695664229732,
4.76345880336398));
#4501=CARTESIAN_POINT('Ctrl Pts',(0.232822213574298,-0.177053582020132,
-4.36345880336398));
#4502=CARTESIAN_POINT('Ctrl Pts',(0.232822213574298,-0.177053582020132,
4.76345880336398));
#4503=CARTESIAN_POINT('Ctrl Pts',(0.232822213574298,-0.166478744868755,
-4.36345880336398));
#4504=CARTESIAN_POINT('Ctrl Pts',(0.232822213574298,-0.166478744868755,
4.76345880336398));
#4505=CARTESIAN_POINT('',(0.232822213574298,-0.166478744868755,0.239370078740158));
#4506=CARTESIAN_POINT('Ctrl Pts',(0.168559741654391,-0.195762909287954,
0.239370078740158));
#4507=CARTESIAN_POINT('Ctrl Pts',(0.177653599419988,-0.197217926530449,
0.239370078740158));
#4508=CARTESIAN_POINT('Ctrl Pts',(0.188261800371928,-0.198551689235396,
0.239370078740158));
#4509=CARTESIAN_POINT('Ctrl Pts',(0.204600949914614,-0.198724032024751,
0.239370078740158));
#4510=CARTESIAN_POINT('Ctrl Pts',(0.211024522504056,-0.198083569593641,
0.239370078740158));
#4511=CARTESIAN_POINT('Ctrl Pts',(0.219807483187688,-0.195721470979569,
0.239370078740158));
#4512=CARTESIAN_POINT('Ctrl Pts',(0.222008195295694,-0.194519941775551,
0.239370078740158));
#4513=CARTESIAN_POINT('Ctrl Pts',(0.225109336642177,-0.192534356120331,
0.239370078740158));
#4514=CARTESIAN_POINT('Ctrl Pts',(0.226695708254107,-0.19103923954197,0.239370078740158));
#4515=CARTESIAN_POINT('Ctrl Pts',(0.229201327848518,-0.187474258653793,
0.239370078740158));
#4516=CARTESIAN_POINT('Ctrl Pts',(0.230210484622259,-0.185332337047732,
0.239370078740158));
#4517=CARTESIAN_POINT('Ctrl Pts',(0.232391643417366,-0.177038411853225,
0.239370078740158));
#4518=CARTESIAN_POINT('Ctrl Pts',(0.232822213574298,-0.171607821926448,
0.239370078740158));
#4519=CARTESIAN_POINT('Ctrl Pts',(0.232822213574298,-0.166478744868755,
0.239370078740158));
#4520=CARTESIAN_POINT('',(0.232822213574298,-0.166478744868755,0.2));
#4521=CARTESIAN_POINT('Ctrl Pts',(0.232822213574298,-0.166478744868755,
0.2));
#4522=CARTESIAN_POINT('Ctrl Pts',(0.232822213574298,-0.177053582020132,
0.2));
#4523=CARTESIAN_POINT('Ctrl Pts',(0.227941519504432,-0.191695664229732,
0.2));
#4524=CARTESIAN_POINT('Ctrl Pts',(0.214112886306477,-0.198203256322887,
0.2));
#4525=CARTESIAN_POINT('Ctrl Pts',(0.188895966945501,-0.199016705334531,
0.2));
#4526=CARTESIAN_POINT('Ctrl Pts',(0.168559741654391,-0.195762909287954,
0.2));
#4527=CARTESIAN_POINT('',(0.232822213574298,-0.166478744868755,-4.36345880336398));
#4528=CARTESIAN_POINT('Origin',(0.232822213574299,0.266276129326061,-4.36345880336398));
#4529=CARTESIAN_POINT('',(0.232822213574299,0.133138064663052,0.239370078740158));
#4530=CARTESIAN_POINT('',(0.232822213574299,0.133138064663052,0.2));
#4531=CARTESIAN_POINT('Origin',(-0.0937499999999765,4.30102148122502E-14,
0.239370078740157));
#4532=CARTESIAN_POINT('Origin',(-0.0937499999999765,4.30102148122502E-14,
0.2));
#4533=CARTESIAN_POINT('',(0.585999999999681,1.75000000000007,0.2));
#4534=CARTESIAN_POINT('Origin',(0.499999999999681,1.75000000000007,0.2));
#4535=CARTESIAN_POINT('',(0.58599999999969,-1.74999999999991,0.2));
#4536=CARTESIAN_POINT('Origin',(0.49999999999969,-1.74999999999991,0.2));
#4537=CARTESIAN_POINT('Origin',(-0.0937499999999765,4.30102148122502E-14,
0.2));
#4538=CARTESIAN_POINT('Origin',(0.940944881889816,-1.94094488188972,0.));
#4539=CARTESIAN_POINT('',(0.88188976377958,-1.99999999999996,0.));
#4540=CARTESIAN_POINT('',(0.88188976377958,-1.99999999999996,0.));
#4541=CARTESIAN_POINT('',(1.00000000000005,-1.88188976377948,0.));
#4542=CARTESIAN_POINT('',(1.16750738188981,-1.71438238188973,0.));
#4543=CARTESIAN_POINT('',(1.00000000000005,-1.88188976377948,0.));
#4544=CARTESIAN_POINT('Origin',(1.00000000000005,-1.99999999999996,0.));
#4545=CARTESIAN_POINT('',(1.00000000000005,1.88188976377957,0.));
#4546=CARTESIAN_POINT('',(1.00000000000005,-1.99999999999996,0.));
#4547=CARTESIAN_POINT('',(1.00000000000005,1.88188976377957,0.));
#4548=CARTESIAN_POINT('Origin',(-0.0937499999999765,4.30102148122502E-14,
0.));
#4549=CARTESIAN_POINT('',(-1.06938976377953,-1.99999999999996,0.));
#4550=CARTESIAN_POINT('',(-1.1875,-1.99999999999996,0.));
#4551=CARTESIAN_POINT('',(-1.1875,-1.88188976377948,0.));
#4552=CARTESIAN_POINT('',(-1.35500738188976,-1.71438238188973,0.));
#4553=CARTESIAN_POINT('',(-1.18750000000001,1.88188976377957,0.));
#4554=CARTESIAN_POINT('',(-1.18750000000001,2.00000000000004,0.));
#4555=CARTESIAN_POINT('',(-1.06938976377953,2.00000000000004,0.));
#4556=CARTESIAN_POINT('',(-1.35500738188976,1.71438238188981,0.));
#4557=CARTESIAN_POINT('',(0.881889763779579,2.00000000000004,0.));
#4558=CARTESIAN_POINT('',(1.00000000000005,2.00000000000004,0.));
#4559=CARTESIAN_POINT('',(1.16750738188981,1.71438238188981,0.));
#4560=CARTESIAN_POINT('',(0.58599999999969,-1.74999999999991,0.));
#4561=CARTESIAN_POINT('Origin',(0.49999999999969,-1.74999999999991,0.));
#4562=CARTESIAN_POINT('',(0.585999999999681,1.75000000000007,0.));
#4563=CARTESIAN_POINT('Origin',(0.499999999999681,1.75000000000007,0.));
#4564=CARTESIAN_POINT('Origin',(0.940944881889815,1.94094488188981,0.));
#4565=CARTESIAN_POINT('',(0.881889763779579,2.00000000000004,0.));
#4566=CARTESIAN_POINT('Origin',(1.00000000000005,2.00000000000004,0.));
#4567=CARTESIAN_POINT('',(-1.06938976377953,2.00000000000004,0.));
#4568=CARTESIAN_POINT('Origin',(-1.12844488188977,1.94094488188981,0.));
#4569=CARTESIAN_POINT('',(-1.18750000000001,1.88188976377957,0.));
#4570=CARTESIAN_POINT('Origin',(-1.18750000000001,2.00000000000004,0.));
#4571=CARTESIAN_POINT('',(-1.1875,-1.88188976377948,0.));
#4572=CARTESIAN_POINT('Origin',(-1.12844488188977,-1.94094488188972,0.));
#4573=CARTESIAN_POINT('',(-1.06938976377953,-1.99999999999996,0.));
#4574=CARTESIAN_POINT('Origin',(0.499999999999681,1.75000000000007,0.));
#4575=CARTESIAN_POINT('',(0.585999999999681,1.75000000000007,0.));
#4576=CARTESIAN_POINT('Origin',(0.49999999999969,-1.74999999999991,0.));
#4577=CARTESIAN_POINT('',(0.58599999999969,-1.74999999999991,0.));
#4578=CARTESIAN_POINT('Origin',(-1.1875,-1.99999999999996,0.));
#4579=CARTESIAN_POINT('Origin',(-0.0937499999999765,4.30102148122502E-14,
0.2));
#4580=UNCERTAINTY_MEASURE_WITH_UNIT(LENGTH_MEASURE(0.000393700787401575),
#4586,'DISTANCE_ACCURACY_VALUE',
'Maximum model space distance between geometric entities at asserted c
onnectivities');
#4581=UNCERTAINTY_MEASURE_WITH_UNIT(LENGTH_MEASURE(0.000393700787401575),
#4586,'DISTANCE_ACCURACY_VALUE',
'Maximum model space distance between geometric entities at asserted c
onnectivities');
#4582=(
GEOMETRIC_REPRESENTATION_CONTEXT(3)
GLOBAL_UNCERTAINTY_ASSIGNED_CONTEXT((#4580))
GLOBAL_UNIT_ASSIGNED_CONTEXT((#4586,#4590,#4591))
REPRESENTATION_CONTEXT('','3D')
);
#4583=(
GEOMETRIC_REPRESENTATION_CONTEXT(3)
GLOBAL_UNCERTAINTY_ASSIGNED_CONTEXT((#4581))
GLOBAL_UNIT_ASSIGNED_CONTEXT((#4586,#4590,#4591))
REPRESENTATION_CONTEXT('','3D')
);
#4584=DIMENSIONAL_EXPONENTS(1.,0.,0.,0.,0.,0.,0.);
#4585=DIMENSIONAL_EXPONENTS(0.,1.,0.,0.,0.,0.,0.);
#4586=(
CONVERSION_BASED_UNIT('inch',#4589)
LENGTH_UNIT()
NAMED_UNIT(#4584)
);
#4587=(
LENGTH_UNIT()
NAMED_UNIT(*)
SI_UNIT(.MILLI.,.METRE.)
);
#4588=(
LENGTH_UNIT()
NAMED_UNIT(*)
SI_UNIT(.CENTI.,.METRE.)
);
#4589=LENGTH_MEASURE_WITH_UNIT(LENGTH_MEASURE(25.4),#4587);
#4590=(
NAMED_UNIT(*)
PLANE_ANGLE_UNIT()
SI_UNIT($,.RADIAN.)
);
#4591=(
NAMED_UNIT(*)
SI_UNIT($,.STERADIAN.)
SOLID_ANGLE_UNIT()
);
#4592=SHAPE_DEFINITION_REPRESENTATION(#4593,#4594);
#4593=PRODUCT_DEFINITION_SHAPE('',$,#4596);
#4594=SHAPE_REPRESENTATION('',(#2187),#4582);
#4595=PRODUCT_DEFINITION_CONTEXT('part definition',#4600,'design');
#4596=PRODUCT_DEFINITION('plate','plate',#4597,#4595);
#4597=PRODUCT_DEFINITION_FORMATION('',$,#4602);
#4598=PRODUCT_RELATED_PRODUCT_CATEGORY('plate','plate',(#4602));
#4599=APPLICATION_PROTOCOL_DEFINITION('international standard',
'automotive_design',2009,#4600);
#4600=APPLICATION_CONTEXT(
'Core Data for Automotive Mechanical Design Process');
#4601=PRODUCT_CONTEXT('part definition',#4600,'mechanical');
#4602=PRODUCT('plate','plate',$,(#4601));
#4603=PRESENTATION_STYLE_ASSIGNMENT((#4605));
#4604=PRESENTATION_STYLE_ASSIGNMENT((#4606));
#4605=SURFACE_STYLE_USAGE(.BOTH.,#4611);
#4606=SURFACE_STYLE_USAGE(.BOTH.,#4612);
#4607=SURFACE_STYLE_RENDERING_WITH_PROPERTIES($,#4619,(#4609));
#4608=SURFACE_STYLE_RENDERING_WITH_PROPERTIES($,#4620,(#4610));
#4609=SURFACE_STYLE_TRANSPARENT(0.);
#4610=SURFACE_STYLE_TRANSPARENT(0.);
#4611=SURFACE_SIDE_STYLE('',(#4613,#4607));
#4612=SURFACE_SIDE_STYLE('',(#4614,#4608));
#4613=SURFACE_STYLE_FILL_AREA(#4615);
#4614=SURFACE_STYLE_FILL_AREA(#4616);
#4615=FILL_AREA_STYLE('',(#4617));
#4616=FILL_AREA_STYLE('',(#4618));
#4617=FILL_AREA_STYLE_COLOUR('',#4619);
#4618=FILL_AREA_STYLE_COLOUR('',#4620);
#4619=COLOUR_RGB('',0.0196078431372549,0.0196078431372549,0.0196078431372549);
#4620=COLOUR_RGB('',0.92156862745098,0.92156862745098,0.92156862745098);
ENDSEC;
END-ISO-10303-21;
